Date,price,volume,return_1w,return_2w,return_1m,return_3m,fed_rate,inflation,unemployment,vix,usd_index,treasury_10y,consumer_conf,oil,sector_etf,sp500,sector_return,market_return,apple,aapl_stock,apple_stock_price,ADI_return,ADI_price,ADBE_return,ADBE_price,CDNS_return,CDNS_price,ADSK_return,ADSK_price,AMAT_return,AMAT_price,ind_consumer_confidence,ind_tech_spending,ind_jet_fuel,ind_manufacturing_output,ind_interest_rate,ind_mortgage_rate,ind_vix
2020-01-02,72.33387756347656,135480400,0.030897022301361154,0.04957511623840061,0.027667597727062176,-0.1825827296136905,1.550967741935484,259.1309677419355,3.596774193548387,12.47,114.9745,1.88,99.83870967741935,61.17,44.241432189941406,296.12530517578125,-0.011243076815893205,-0.007572576883606352,55.806451612903224,34.12903225806452,39.32258064516129,-0.01760342464431186,107.4971923828125,-0.0078342109696109,334.42999267578125,-0.014277774882462069,71.44000244140625,-0.015333039741984078,187.8300018310547,-0.015916343741022687,58.6265754699707,99.83870967741935,1147.7583296703297,1.934,98.61412580645161,0.08,3.72,12.47
2020-01-03,71.63064575195312,146322800,0.043371593217941706,0.07161341227585472,0.07201687292012204,-0.18642059898781227,1.5519354838709678,259.134935483871,3.5935483870967744,14.02,114.9867,1.8,99.87741935483871,63.0,43.744022369384766,293.88287353515625,-0.011243076815893205,-0.007572576883606352,55.61290322580645,34.25806451612903,39.645161290322584,-0.01760342464431186,105.60487365722656,-0.0078342109696109,331.80999755859375,-0.014277774882462069,70.41999816894531,-0.015333039741984078,184.9499969482422,-0.015916343741022687,57.69345474243164,99.87741935483871,1146.3186593406595,1.972,98.62135161290323,0.03,3.7085714285714286,14.02
2020-01-06,72.20140838623047,118387200,0.05723836310200903,0.05593748160712497,0.07221514303831866,-0.1224387211482163,1.5548387096774194,259.1468387096774,3.5838709677419356,13.85,114.9557,1.81,99.99354838709677,63.27,43.84823989868164,295.00421142578125,0.002382440471908165,0.003815594550088175,55.03225806451613,34.645161290322584,40.61290322580645,-0.011748725350282152,104.36415100097656,0.0057261502379801765,333.7099914550781,0.006106224316339226,70.8499984741211,0.011732891077324892,187.1199951171875,-0.02156487377374483,56.449302673339844,99.99354838709677,1141.9996483516484,1.941,98.64302903225806,0.06,3.6742857142857144,13.85
2020-01-07,71.86182403564453,108872000,0.04789048773695681,0.06471443633572016,0.08988251816288084,-0.12850383471919158,1.5558064516129033,259.15080645161294,3.5806451612903225,13.79,115.1477,1.83,100.03225806451613,62.7,43.82928466796875,294.1745910644531,-0.00043229171243108766,-0.0028122322637988972,54.83870967741935,34.774193548387096,40.935483870967744,0.022750496409955634,106.73848724365234,-0.0009588469474510752,333.3900146484375,0.0031051690252821285,71.06999969482422,0.0020308085331794956,187.5,0.028885960835110636,58.07989501953125,100.03225806451613,1140.5599780219782,1.949,98.65025483870967,0.09,3.662857142857143,13.79
2020-01-08,73.01783752441406,132079200,0.026880776679065077,0.05290403082609085,0.05804770320421082,-0.12034874742361867,1.5567741935483872,259.1547741935484,3.57741935483871,13.45,115.1328,1.87,100.07096774193548,59.65,44.29827880859375,295.742431640625,0.010700474447116637,0.005329626092106521,54.645161290322584,34.903225806451616,41.25806451612903,0.009031747208287477,107.70252227783203,0.013437656414137633,337.8699951171875,0.01702545503965691,72.27999877929688,0.013066650390624934,189.9499969482422,-0.0006489857405728161,58.04220199584961,100.07096774193548,1139.1203076923077,1.892,98.65748064516129,0.12,3.6514285714285717,13.45
2020-01-09,74.56877899169922,170108400,0.01811829264512066,0.02803359853339704,0.040962344633077574,-0.13242858848569738,1.557741935483871,259.1587419354839,3.574193548387097,12.54,115.2331,1.85,100.10967741935484,59.56,44.8004264831543,297.74774169921875,0.011335602377019027,0.006780596370528746,54.45161290322581,35.03225806451613,41.58064516129032,0.0,107.70252227783203,0.007636123737323475,340.45001220703125,0.014941918224880002,73.36000061035156,0.010476470256044923,191.94000244140625,0.006333313945101171,58.4098014831543,100.10967741935484,1137.6806373626375,1.874,98.6647064516129,0.11,3.64,12.54
2020-01-10,74.73738098144531,140644800,0.027067843557835758,-0.0044470291787098715,0.03234796974840082,-0.11739573118681979,1.558709677419355,259.16270967741934,3.5709677419354837,12.56,115.0677,1.83,100.14838709677419,59.02,44.696205139160156,296.8908996582031,-0.0023263471394258106,-0.0028777448860760613,54.25806451612903,35.16129032258065,41.903225806451616,-0.017321507694563643,105.83695220947266,-0.0018799078439988293,339.80999755859375,-0.004498389153613558,73.02999877929688,0.002188174239882823,192.36000061035156,-0.008068624814921876,57.938514709472656,100.14838709677419,1136.240967032967,1.856,98.67193225806452,0.07,3.6414285714285715,12.56
2020-01-13,76.33409881591797,121532000,-0.0012304524128951,0.0023028879900508503,0.03475680749221688,-0.09221596673670651,1.5616129032258066,259.1746129032258,3.5612903225806454,12.32,115.0342,1.85,100.26451612903226,58.17,45.25519943237305,298.9327392578125,0.012506526929355166,0.0068774071618902255,53.67741935483871,35.54838709677419,42.87096774193548,0.004132491451826148,106.27432250976562,0.017127239828237162,345.6300048828125,0.004929489475133497,73.38999938964844,0.0004678536993401039,192.4499969482422,0.005531255312500427,58.25898742675781,100.26451612903226,1131.921956043956,1.821,98.69360967741935,0.08,3.645714285714286,12.32
2020-01-14,75.3033218383789,161954400,0.01605506376443655,0.037290389605758145,0.04145131632657928,-0.08818887075453818,1.5625806451612905,259.1785806451613,3.5580645161290323,12.39,115.0239,1.82,100.30322580645161,58.34,45.04202651977539,298.4770812988281,-0.004710462339608257,-0.001524282553044154,53.483870967741936,35.67741935483871,43.193548387096776,0.003947640088134641,106.69385528564453,-0.0028932673259634,344.6300048828125,-0.010628134429537694,72.61000061035156,-0.006962828574380353,191.11000061035156,0.008736371681856259,58.76795959472656,100.30322580645161,1130.4822857142858,1.822,98.70083548387096,0.05,3.6471428571428572,12.39
2020-01-15,74.9806137084961,121923600,0.025342040417958733,0.04024538813591039,0.04619134238698375,-0.07698858927463248,1.5635483870967744,259.1825483870968,3.554838709677419,12.42,114.9528,1.79,100.34193548387097,57.86,45.09415054321289,299.151611328125,0.0011572308678122756,0.0022599056060239597,53.29032258064516,35.806451612903224,43.516129032258064,-0.01689933131334609,104.89080047607422,-0.00490381689772168,342.94000244140625,-0.009227353853648035,71.94000244140625,-0.0016744666589750823,190.7899932861328,-0.006736092196716115,58.372093200683594,100.34193548387097,1129.0426153846154,1.792,98.70806129032258,0.04,3.6485714285714286,12.42
2020-01-16,75.91983795166016,108829200,0.00973885447290801,-0.01817642811526321,0.014329163051020721,-0.10077635686589193,1.5645161290322582,259.18651612903227,3.5516129032258066,12.32,115.0006,1.81,100.38064516129032,58.52,45.70051574707031,301.6399841308594,0.01344664876825541,0.008318099279782887,53.096774193548384,35.935483870967744,43.83870967741935,0.01378597576840157,106.33682250976562,0.007114954289484388,345.3800048828125,0.015568460928253591,73.05999755859375,0.008962769401132276,192.5,0.02066842183065698,59.57855224609375,100.38064516129032,1127.6029450549452,1.774,98.71528709677419,0.07,3.65,12.32
2020-01-17,76.76036071777344,137816400,-0.030684314511664423,-0.03159415230927254,0.017752074467947576,-0.12908346116849256,1.5654838709677419,259.19048387096774,3.5483870967741935,12.1,115.0656,1.84,100.41935483870968,58.55,46.008445739746094,302.57891845703125,0.0067379981963446856,0.0031127648042990064,52.903225806451616,36.064516129032256,44.16129032258065,0.0028541848127894287,106.64032745361328,0.012623734118718977,349.739990234375,0.009170624428265217,73.7300033569336,0.004415616122159127,193.35000610351562,-0.005695293171538718,59.239234924316406,100.41935483870968,1126.1632747252747,1.773,98.7225129032258,0.09,3.642857142857143,12.1
2020-01-21,76.24017333984375,110843200,0.003537693366284511,0.007202076023181236,0.01418369666941266,-0.15024519281189386,1.5693548387096774,259.2063548387097,3.535483870967742,12.85,115.1876,1.78,100.5741935483871,58.25,45.98948287963867,301.9863586425781,-0.0004121604153873859,-0.0019583645069353173,52.12903225806452,36.58064516129032,45.45161290322581,-0.0013395040808621417,106.49748229980469,0.0007434373331192123,350.0,0.011799743355168202,74.5999984741211,0.01287814924113273,195.83999633789062,0.005568860231782491,59.569129943847656,100.5741935483871,1120.4045934065934,1.736,98.75141612903225,0.04,3.6142857142857143,12.85
2020-01-22,76.51232147216797,101832400,0.02089977856381675,0.011803614514175997,-0.012298099150800712,-0.12887881018161718,1.5703225806451613,259.21032258064514,3.532258064516129,12.91,115.2273,1.77,100.61290322580645,56.76,46.15528869628906,302.02276611328125,0.0036052985654204672,0.00012055998445359428,51.935483870967744,36.70967741935484,45.774193548387096,0.009303281548220577,107.4882583618164,0.00017142159598204643,350.05999755859375,0.0026810265647136955,74.80000305175781,-0.005667895379432242,194.72999572753906,0.010917737224547919,60.21949005126953,100.61290322580645,1118.9649230769232,1.711,98.75864193548387,0.05,3.607142857142857,12.91
2020-01-23,76.88077545166016,104472000,0.014535001131794623,0.01873251511350138,-0.06372286285577222,-0.13641334944011152,1.5712903225806452,259.21429032258067,3.5290322580645164,12.98,115.5545,1.74,100.65161290322581,55.51,46.373199462890625,302.3691711425781,0.004721252379883412,0.0011469500586156478,51.74193548387097,36.83870967741935,46.096774193548384,0.003654062926028434,107.88102722167969,0.004856345251921246,351.760009765625,0.008288704437063865,75.41999816894531,0.019873724957049532,198.60000610351562,0.0,60.21949005126953,100.65161290322581,1117.5252527472528,1.702,98.76586774193548,0.04,3.6,12.98
2020-01-24,76.65921020507812,146537600,-0.027646041810229338,0.0077896064800162534,-0.092822303937668,-0.10891386398478642,1.572258064516129,259.21825806451614,3.5258064516129033,14.56,115.5556,1.7,100.69032258064516,54.09,46.15528869628906,299.68017578125,-0.004699066899102822,-0.008893087053706838,51.54838709677419,36.96774193548387,46.41935483870968,-0.027221502523800623,104.94434356689453,-0.0011087520969121911,351.3699951171875,-0.011137580990243201,74.58000183105469,0.002970777038058703,199.19000244140625,-0.02958214458243158,58.43806838989258,100.69032258064516,1116.0855824175824,1.665,98.7730935483871,0.02,3.587142857142857,14.56
2020-01-27,74.40502166748047,161940000,-0.0009386393011372451,0.04325338903235765,-0.050511488692800754,-0.08126858834452799,1.5751612903225807,259.2301612903226,3.5161290322580645,18.23,115.8004,1.61,100.80645161290323,53.09,45.05623245239258,294.8764953613281,-0.023812141033901724,-0.016029356654636673,50.96774193548387,37.354838709677416,47.38709677419355,-0.045589888671719536,100.15994262695312,-0.012721636118110502,346.8999938964844,-0.02628049123560794,72.62000274658203,-0.01666753995444803,195.8699951171875,-0.04758065195226724,55.65754699707031,100.80645161290323,1111.7665714285715,1.598,98.79477096774194,-0.02,3.5485714285714285,18.23
2020-01-28,76.5098876953125,162234000,0.0036514648937646665,0.008431535382254163,-0.13699155909114846,-0.12102634702737369,1.5761290322580646,259.23412903225807,3.5129032258064514,16.28,115.7239,1.65,100.84516129032258,53.33,45.91843032836914,297.9666748046875,0.019136040211253258,0.010479571929165932,50.774193548387096,37.483870967741936,47.70967741935484,0.018714878942706736,102.034423828125,0.02228311075910483,354.6300048828125,0.021481651054704454,74.18000030517578,0.021238595833019236,200.02999877929688,0.019305645150899053,56.732051849365234,100.84516129032258,1110.326901098901,1.641,98.80199677419355,0.0,3.5357142857142856,16.28
2020-01-29,78.11141204833984,216229200,-0.008909948107185484,0.011212399344065593,-0.15518021249594294,-0.11076955865077709,1.5770967741935484,259.23809677419354,3.509677419354839,16.39,115.7003,1.6,100.88387096774194,53.29,46.0368537902832,297.7204895019531,0.0025789962998996607,-0.000826217572470922,50.58064516129032,37.61290322580645,48.03225806451613,-0.009447985681915516,101.07040405273438,-0.008374929306065204,351.6600036621094,-0.014019963753690856,73.13999938964844,-0.0014497489771660987,199.74000549316406,-0.006147135748754695,56.3833122253418,100.88387096774194,1108.8872307692309,1.62,98.80922258064516,-0.04,3.5228571428571427,16.39
2020-01-30,77.99823760986328,126743200,0.004137377199430414,0.0054681497370978605,-0.07518703443135522,-0.09069305323041243,1.5780645161290323,259.242064516129,3.5064516129032257,15.49,115.8077,1.57,100.92258064516129,52.19,46.43478775024414,298.6866455078125,0.008643813101861575,0.0032451780778528505,50.38709677419355,37.74193548387097,48.354838709677416,-0.007595017927910952,100.30277252197266,0.014445733149530238,356.739990234375,0.00027350659868563554,73.16000366210938,-0.0037548812424843536,198.99000549316406,0.007188299594054204,56.788612365722656,100.92258064516129,1107.4475604395604,1.584,98.81644838709677,-0.07,3.51,15.49
2020-01-31,74.53988647460938,199588400,0.03644315734181425,0.05237709122902845,-0.06301353150001043,-0.06382314516587972,1.5790322580645162,259.24603225806453,3.503225806451613,18.84,115.7345,1.51,100.96129032258065,51.58,45.16047286987305,293.26312255859375,-0.02744310768093028,-0.018157902372896273,50.193548387096776,37.87096774193548,48.67741935483871,-0.02331594138079096,97.96411895751953,-0.01569763900665677,351.1400146484375,-0.014352145970457642,72.11000061035156,-0.010754305897649474,196.85000610351562,-0.03751042702679974,54.658447265625,100.96129032258065,1106.0078901098902,1.504,98.82367419354838,-0.14,3.5014285714285713,18.84
2020-02-03,74.3351821899414,173788400,0.04423354767977572,0.035952336697128384,-0.016851852783169807,-0.04796299719365005,1.5158620689655173,259.1690344827586,3.5620689655172413,17.97,116.1172,1.54,100.17931034482758,50.06,45.75736618041992,295.4416809082031,0.013217162545369865,0.007428681556011618,50.0,39.172413793103445,51.758620689655174,0.0022778968771342,98.18727111816406,0.019536324729127585,358.0,0.009984762371500588,72.83000183105469,0.012242765194800054,199.25999450683594,0.029832812967603317,56.2890625,100.17931034482758,1101.6888791208792,1.45,98.52283103448276,-0.09,3.4757142857142855,17.97
2020-02-04,76.78926086425781,136616400,0.004762679730652586,0.0173690367396786,-0.07914328595889764,-0.06455608895925868,1.4837931034482759,259.12855172413794,3.593103448275862,16.05,115.9291,1.61,99.76896551724138,49.59,46.95588684082031,299.9445495605469,0.026192955592650558,0.015241142138447517,50.0,39.758620689655174,53.13793103448276,0.022363550947418487,100.38308715820312,0.02441338054294695,366.739990234375,0.02183161194446992,74.41999816894531,0.023486942003352107,203.94000244140625,0.05509018802047194,59.390037536621094,99.76896551724138,1100.249208791209,1.451,98.36879655172413,-0.03,3.467142857142857,16.05
2020-02-05,77.41544342041016,118826800,0.020303248340371116,-0.0012129697091661784,-0.09872152322504879,-0.06254963907055455,1.4517241379310346,259.08806896551727,3.624137931034483,15.15,116.009,1.66,99.35862068965517,50.87,47.230648040771484,303.40838623046875,0.0058514750425779916,0.011548256752779151,50.0,40.3448275862069,54.51724137931035,0.03752455270078947,104.14991760253906,-0.0032448123277905028,365.54998779296875,-0.0013437043346075095,74.31999969482422,-0.00912033239229737,202.0800018310547,0.012537943014278241,60.134666442871094,99.35862068965517,1098.8095384615385,1.52,98.21476206896551,0.0,3.4585714285714286,15.15
2020-02-06,78.3209457397461,105425600,0.0013252893158692824,-0.0351065779062143,-0.1796018832843368,-0.06380218442357899,1.4196551724137931,259.04758620689654,3.6551724137931036,14.96,116.1518,1.65,98.94827586206897,50.94,47.6617431640625,304.4291687011719,0.00912744459739101,0.003364384496372219,50.0,40.93103448275862,55.89655172413793,-0.007627862233903104,103.35547637939453,0.005225013612067508,367.4599914550781,0.002960188665318997,74.54000091552734,0.019398248878790936,206.0,-0.009561314041881097,59.55970001220703,98.94827586206897,1097.369868131868,1.553,98.0607275862069,-0.02,3.45,14.96
2020-02-07,77.25635528564453,117684000,0.015373668854238298,-0.06827455068044153,-0.10839603817642351,-0.028311070007391748,1.3875862068965519,259.00710344827587,3.6862068965517243,15.47,116.5086,1.59,98.53793103448275,50.34,47.225914001464844,302.8067321777344,-0.00914421365365159,-0.005329438471219805,50.0,41.51724137931034,57.275862068965516,-0.030399625481905224,100.21350860595703,-0.0037282837561786186,366.0899963378906,-0.013281430797021931,73.55000305175781,0.004902885955514247,207.00999450683594,-0.02342130879105131,58.16473388671875,98.53793103448275,1095.9301978021979,1.522,97.90669310344828,-0.07,3.452857142857143,15.47
2020-02-10,77.623291015625,109348800,-0.00793042035572189,-0.1040894455015805,-0.14343027095881367,-0.01768692305272923,1.2913793103448277,258.8856551724138,3.779310344827586,15.04,116.5711,1.56,97.30689655172414,49.59,47.86544418334961,305.0672302246094,0.013541933394130456,0.0074651512224246375,50.0,43.275862068965516,61.41379310344828,0.005611340837605283,100.77584075927734,0.010680443883259061,370.0,0.014683809066603937,74.62999725341797,-0.004395866999021947,206.10000610351562,0.019607692679000754,59.30521011352539,97.30689655172414,1091.6111868131868,1.491,97.44458965517241,-0.1,3.4614285714285717,15.04
2020-02-11,77.15498352050781,94323200,0.012546601564068283,-0.0843532065811663,-0.22333483768881157,-0.023018913149972065,1.2593103448275862,258.84517241379314,3.810344827586207,15.18,116.3585,1.59,96.89655172413794,50.0,47.70437240600586,305.5960388183594,-0.003365095218311631,0.0017334165762761256,50.0,43.86206896551724,62.793103448275865,0.03525246744787269,104.32843780517578,-0.0019459492451435745,369.2799987792969,0.014471417269216413,75.70999908447266,-0.0014556188397545355,205.8000030517578,0.024316719417000865,60.747318267822266,96.89655172413794,1090.1715164835166,1.5,97.29055517241379,-0.06,3.4642857142857144,15.18
2020-02-12,78.98722839355469,113730400,-0.021088061891928245,-0.16405879485915886,-0.15045840757097406,-0.057203921486052245,1.227241379310345,258.8046896551724,3.841379310344828,13.74,116.2794,1.62,96.48620689655172,51.13,48.22073745727539,307.5648193359375,0.010824270925834822,0.006442428132219069,50.0,44.44827586206897,64.17241379310344,0.01651258832383129,106.0511703491211,0.013566967564412558,374.2900085449219,0.018359521945015,77.0999984741211,0.006365391346783822,207.11000061035156,0.014274379581959762,61.61444854736328,96.48620689655172,1088.7318461538462,1.56,97.13652068965517,-0.04,3.4671428571428575,13.74
2020-02-13,78.42474365234375,94747600,-0.036383648361637544,-0.1585555341965319,-0.25443994759170085,-0.04460863437234175,1.1951724137931035,258.76420689655174,3.8724137931034486,14.15,116.3999,1.61,96.07586206896552,51.41,48.092830657958984,307.23663330078125,-0.002652526818564982,-0.0010670467313681486,50.0,45.03448275862069,65.55172413793103,0.0005892662042270569,106.11366271972656,0.00146941617572649,374.8399963378906,0.027885882859006283,79.25,0.0019313113577597019,207.50999450683594,0.03059536556103959,63.49956512451172,96.07586206896552,1087.292175824176,1.576,96.98248620689655,-0.06,3.47,14.15
2020-02-14,78.4440689086914,80113600,-0.08238171039935438,-0.08044314329144608,-0.22184946615973955,-0.050490861492336836,1.1631034482758622,258.7237241379311,3.903448275862069,13.68,116.4223,1.59,95.6655172413793,52.03,48.301273345947266,307.72894287109375,0.004334173828751009,0.0016023791337100857,50.0,45.62068965517241,66.93103448275862,-0.010346528353463613,105.01575469970703,0.012885543530658516,379.6700134277344,-0.006182938344095001,78.76000213623047,0.006939436554988632,208.9499969482422,-0.0077186572413963095,63.00943374633789,95.6655172413793,1085.8525054945055,1.591,96.82845172413793,-0.07,3.472857142857143,13.68
2020-02-18,77.00770568847656,152531200,-0.09692770257136385,-0.09304056826762908,-0.22673975885996156,-0.00999192157687967,1.0348275862068965,258.5617931034483,4.027586206896552,14.83,116.6039,1.55,94.02413793103447,52.1,48.12126159667969,306.9359436035156,-0.0037268530785572462,-0.0025769407978966097,50.0,47.96551724137931,72.44827586206897,0.007819755351126556,105.83695220947266,-0.002159789541490431,378.8500061035156,-0.002285427885901248,78.58000183105469,-0.009045223341719422,207.05999755859375,-0.022208748333968464,61.61007308959961,94.02413793103447,1080.0938241758242,1.559,96.21231379310345,-0.1,3.4842857142857144,14.83
2020-02-19,78.12301635742188,93984000,-0.09569910954770333,-0.06452029055425235,-0.24361922275370274,-0.02976432995369027,1.0027586206896553,258.5213103448276,4.058620689655172,14.38,116.7829,1.56,93.61379310344827,53.31,48.6944694519043,308.4034729003906,0.011911737893093077,0.004781223338152563,50.0,48.55172413793103,73.82758620689656,0.04486802836249981,110.58564758300781,0.011693262780549718,383.2799987792969,0.0183252071577662,80.0199966430664,0.01786920212435117,210.75999450683594,0.034530430270221624,63.73749542236328,93.61379310344827,1078.6541538461538,1.584,96.05827931034483,-0.09,3.4871428571428575,14.38
2020-02-20,77.32154083251953,100566000,-0.146050658288577,-0.08548244548994055,-0.28429584765748606,-0.0006425456173346777,0.9706896551724139,258.4808275862069,4.089655172413793,15.56,117.2454,1.52,93.20344827586206,53.77,48.18757629394531,307.136474609375,-0.010409665895623865,-0.004108249103358386,50.0,49.137931034482754,75.20689655172414,0.005327264164884715,111.17476654052734,-0.011271152520291872,378.9599914550781,-0.03811541552504627,76.97000122070312,-0.01940594251513883,206.6699981689453,-0.01498312046837269,62.782508850097656,93.20344827586206,1077.2144835164836,1.583,95.90424482758621,-0.11,3.49,15.56
2020-02-21,75.57136535644531,129554000,-0.12678477863848514,-0.07672869749396538,-0.28327747092715105,0.014878413453821127,0.9386206896551725,258.4403448275862,4.120689655172414,17.08,117.0473,1.46,92.79310344827586,53.36,47.10748291015625,303.9735107421875,-0.022414353799420583,-0.010298235894028007,50.0,49.724137931034484,76.58620689655173,-0.014371565435637446,109.57701110839844,-0.01585913917976034,372.95001220703125,-0.029102219413334574,74.7300033569336,-0.02303186020713477,201.91000366210938,-0.03207832904708441,60.768550872802734,92.79310344827586,1075.7748131868132,1.582,95.7502103448276,-0.15,3.4842857142857144,17.08
2020-02-24,71.9817123413086,222195200,0.002112607311643533,-0.10735165510360756,-0.1720438945786481,0.07234948706314204,0.8424137931034483,258.31889655172415,4.2137931034482765,25.03,117.4018,1.38,91.56206896551724,51.36,45.16047286987305,293.89202880859375,-0.041331226378547026,-0.033165659431897865,50.0,51.48275862068965,80.72413793103449,-0.0439882310002494,104.75691223144531,-0.041667805433118876,357.4100036621094,-0.04469428365113626,71.38999938964844,-0.0373434124519153,194.3699951171875,-0.04963424297545693,57.752349853515625,91.56206896551724,1071.4558021978023,1.511,95.28810689655172,-0.21,3.4671428571428575,25.03
2020-02-25,69.54352569580078,230673600,0.004304344530114523,-0.009511356239884305,-0.14773660154144574,0.10242760204401247,0.810344827586207,258.2784137931035,4.244827586206897,27.85,117.2425,1.33,91.15172413793103,49.78,43.71559143066406,284.9865417480469,-0.03199438241872077,-0.03030190065599514,50.0,52.06896551724138,82.10344827586206,-0.023006332234530302,102.34683990478516,-0.026887931984762803,347.79998779296875,-0.04118227295898469,68.44999694824219,-0.039306475184311296,186.72999572753906,-0.03634581535159309,55.65329360961914,91.15172413793103,1070.0161318681319,1.466,95.1340724137931,-0.2,3.4614285714285717,27.85
2020-02-26,70.64671325683594,198054800,0.034478368121319214,-0.05884140553268613,-0.11689704946302326,0.08994076117793393,0.7782758620689656,258.23793103448276,4.275862068965518,27.56,117.405,1.33,90.74137931034483,48.67,43.91455841064453,283.9383544921875,0.004551396274623087,-0.0036780237039616415,50.0,52.6551724137931,83.48275862068965,0.0015699072778172507,102.50751495361328,0.01017828829548173,351.3399963378906,0.006281962371757599,68.87999725341797,0.021099997491325295,190.6699981689453,0.016140115374568387,56.551544189453125,90.74137931034483,1068.5764615384617,1.412,94.98003793103449,-0.21,3.455714285714286,27.56
2020-02-27,66.02867889404297,320605600,0.07092717312393493,-0.09246120318063034,-0.09425258111059076,0.16668451862849332,0.7462068965517242,258.1974482758621,4.306896551724138,39.16,117.3678,1.3,90.33103448275861,47.17,41.54591369628906,271.1860046386719,-0.05393757332605509,-0.044912389086436355,50.0,53.241379310344826,84.86206896551724,-0.05690776142808818,96.67404174804688,-0.03933513823722978,337.5199890136719,-0.04413474211305213,65.83999633789062,-0.05255155173171289,180.64999389648438,-0.046982093605190456,53.89463424682617,90.33103448275861,1067.1367912087912,1.384,94.82600344827587,-0.23,3.45,39.16
2020-02-28,65.99006652832031,426510000,0.05732387608460643,0.016864193677054606,-0.06785922804340161,0.16623010711663744,0.7141379310344829,258.1569655172414,4.337931034482759,40.11,117.6568,1.13,89.92068965517241,44.83,41.86332702636719,270.046630859375,0.007640061364361683,-0.004201447566643313,50.0,53.82758620689655,86.24137931034483,0.01234683843595663,97.86766052246094,0.022517202983221685,345.1199951171875,0.004556547212095863,66.13999938964844,0.0566289030277527,190.8800048828125,0.019648708553947847,54.95359420776367,89.92068965517241,1065.6971208791208,1.381,94.67196896551724,-0.28,3.4271428571428575,40.11
2020-03-02,72.13378143310547,341397200,-0.10923349493517465,-0.18941784520512983,-0.14899104880853675,0.08002141576074329,0.6306451612903226,258.01006451612903,4.735483870967743,33.42,116.8144,1.1,88.54193548387096,46.78,44.28407287597656,281.74151611328125,0.057824975260200695,0.043306910427615364,50.193548387096776,54.354838709677416,87.6774193548387,0.020357725580013808,99.86002349853516,0.043926761348503485,360.2799987792969,0.03356518356803284,68.36000061035156,-0.0002619606584173262,190.8300018310547,0.035100069381993615,56.882469177246094,88.54193548387096,1061.37810989011,1.438,93.89599032258064,-0.31,3.3585714285714285,33.42
2020-03-03,69.84286499023438,319475600,-0.013756488105667541,-0.1260196140803308,-0.1673232694415958,0.12061147569420938,0.6112903225806452,257.9441290322581,5.070967741935484,36.82,116.4958,1.02,87.98387096774194,47.27,42.60232925415039,273.6745300292969,-0.0379762635324018,-0.028632578525419894,50.38709677419355,53.70967741935484,86.35483870967742,-0.03657776582867878,96.20736694335938,-0.033140897307264994,348.3399963378906,-0.03115853180807948,66.2300033569336,-0.05386992967907611,180.5500030517578,-0.03523941886602455,54.87796401977539,87.98387096774194,1059.9384395604395,1.43,93.42808064516129,-0.43,3.335714285714286,36.82
2020-03-04,73.0824966430664,219178400,-0.09020949739478856,-0.18520849990745447,-0.19095592692776298,0.07683178814141534,0.5919354838709677,257.8781935483871,5.4064516129032265,31.99,116.7802,1.02,87.4258064516129,46.78,44.43093490600586,285.1778564453125,0.04292266840497505,0.04203287172826853,50.58064516129032,53.064516129032256,85.03225806451613,0.04906728674144478,100.9280014038086,0.04452549213033885,363.8500061035156,0.0609994425692546,70.2699966430664,0.06020490132072398,191.4199981689453,0.042729044471163435,57.22284698486328,87.4258064516129,1058.4987692307693,1.438,92.96017096774193,-0.44,3.3128571428571427,31.99
2020-03-05,70.71190643310547,187572800,-0.15256721503102333,-0.16434514618619855,-0.17584999748067376,0.10334761814696058,0.5725806451612904,257.81225806451613,5.741935483870968,39.62,116.7901,0.92,86.86774193548386,45.9,43.028690338134766,275.6980895996094,-0.03156009592950404,-0.033241595135985014,50.774193548387096,52.41935483870968,83.70967741935483,-0.03192253890837704,97.70612335205078,-0.03523431938756505,351.0299987792969,-0.03458090822913895,67.83999633789062,-0.03855399098008028,184.0399932861328,-0.022967441492108387,55.90858459472656,86.86774193548386,1057.0590989010989,1.379,92.49226129032259,-0.48,3.29,39.62
2020-03-06,69.77287292480469,226176800,-0.038266120081747124,-0.20686442281091755,-0.09189406108294229,0.15004412116864785,0.5532258064516129,257.7463225806452,6.07741935483871,41.94,116.7106,0.74,86.30967741935483,41.14,42.11913299560547,271.1405334472656,-0.021138392439594922,-0.016530967475917535,50.96774193548387,51.774193548387096,82.38709677419355,-0.017176540387147554,96.02787017822266,-0.040623336510309804,336.7699890136719,-0.04584305938737221,64.7300033569336,-0.05770482234628349,173.4199981689453,-0.02266203150906454,54.64158248901367,86.30967741935483,1055.6194285714287,1.275,92.02435161290323,-0.57,3.3,41.94
2020-03-09,64.25435638427734,286744800,-0.09001724898055041,-0.15704236799400428,-0.025322054389561033,0.2561999024691084,0.49516129032258066,257.5485161290323,7.083870967741936,54.46,117.1871,0.54,84.63548387096773,31.05,38.921470642089844,249.96597290039062,-0.07591947236542729,-0.0780944120661814,51.54838709677419,49.83870967741935,78.41935483870968,-0.0886914738056015,87.51101684570312,-0.09199151194999233,305.7900085449219,-0.07693500847625334,59.75,-0.0770960400089642,160.0500030517578,-0.09897903254846441,49.233211517333984,84.63548387096773,1051.3004175824176,1.039,90.62062258064516,-0.45,3.33,54.46
2020-03-10,68.88207244873047,285290000,-0.11382901344418805,-0.13478651130845387,-0.0675333950415522,0.2088077424948589,0.47580645161290325,257.4825806451613,7.419354838709678,47.3,117.9027,0.76,84.07741935483871,34.47,41.51749038696289,262.9004821777344,0.06669891198986977,0.051745080049347525,51.74193548387097,49.193548387096776,77.09677419354838,0.05055881984724997,91.93547058105469,0.08695508549941522,332.3800048828125,0.053054362660172494,62.91999816894531,0.027678804069429797,164.47999572753906,0.07874004034187942,53.10983657836914,84.07741935483871,1049.8607472527472,1.112,90.1527129032258,-0.24,3.34,47.3
2020-03-11,66.48976135253906,255598800,-0.10441854717172083,-0.10859355869789666,-0.027011986075415773,0.2845191467623551,0.45645161290322583,257.4166451612903,7.75483870967742,53.9,118.2505,0.82,83.51935483870967,33.13,39.55625534057617,250.08441162109375,-0.047238766797007004,-0.04874875257161493,51.935483870967744,48.54838709677419,75.7741935483871,-0.07838713591165469,84.72891235351562,-0.051597549926419184,315.2300109863281,-0.010966284913999536,62.22999954223633,-0.06128405941688009,154.39999389648438,-0.06551538255727718,49.63032531738281,83.51935483870967,1048.421076923077,1.057,89.68480322580645,-0.14,3.35,53.9
2020-03-12,59.923587799072266,418474000,-0.013898366176152144,0.04113126757436003,0.1007940932262048,0.3568436263198098,0.4370967741935484,257.3507096774194,8.090322580645163,75.47,120.4883,0.88,82.96129032258064,31.56,35.69538116455078,226.15707397460938,-0.09760464287591364,-0.09567704556786616,52.12903225806452,47.903225806451616,74.45161290322581,-0.046605456640386844,80.78008270263672,-0.0958982645457549,285.0,-0.08500724657625858,56.939998626708984,-0.11917094963630914,136.0,-0.1405981510637886,42.65239334106445,82.96129032258064,1046.9814065934065,0.945,89.21689354838709,-0.04,3.36,75.47
2020-03-13,67.10293579101562,370732000,-0.17530660638003226,-0.10875277249845261,0.03266534141581734,0.22213585049132978,0.41774193548387095,257.2847741935484,8.425806451612903,57.83,120.4388,0.94,82.4032258064516,31.72,39.88312911987305,245.49037170410156,0.11731904293211848,0.08548615079651567,52.32258064516129,47.25806451612903,73.12903225806451,0.10865453715699291,89.55720520019531,0.17719298245614046,335.5,0.09711982310094691,62.470001220703125,0.1619852851418888,158.02999877929688,0.12813130837489695,48.11750030517578,82.4032258064516,1045.5417362637363,0.977,88.74898387096775,0.04,3.4014285714285712,57.83
2020-03-16,58.47035598754883,322423600,-0.0736553730698366,0.05202081492841737,0.17431142262941357,0.4199179743956887,0.3596774193548387,257.0869677419355,9.43225806451613,82.69,120.9352,0.73,80.7290322580645,28.96,34.37369155883789,218.6278839111328,-0.13813955129939648,-0.10942379371744604,52.903225806451616,45.32258064516129,69.16129032258064,-0.1661487955556623,74.67738342285156,-0.1474515684670734,286.0299987792969,-0.12598051213057826,54.599998474121094,-0.06296270977093565,148.0800018310547,-0.20357644068987135,38.3219108581543,80.7290322580645,1041.2227252747252,0.836,87.34525483870968,0.0,3.525714285714286,82.69
2020-03-17,61.04129409790039,324056000,-0.02364949674748329,0.005655181300830536,0.1337892333202242,0.39615997366264866,0.3403225806451613,257.0210322580645,9.767741935483873,75.91,122.4816,1.02,80.17096774193548,26.96,36.713890075683594,230.43206787109375,0.06808109372948645,0.053992124649383966,53.096774193548384,44.67741935483871,67.83870967741936,0.14697724198962137,85.65325927734375,0.09013040201838729,311.80999755859375,0.07948718450321812,58.939998626708984,0.04619122267228515,154.9199981689453,0.10683446781405159,42.416011810302734,80.17096774193548,1039.783054945055,0.838,86.87734516129032,0.39,3.567142857142857,75.91
2020-03-18,59.5469970703125,300233600,-0.0046617887328852525,-0.02335077612344172,0.146471134193916,0.42920397635139973,0.3209677419354839,256.9550967741935,10.103225806451613,76.45,124.1623,1.18,79.61290322580645,20.48,35.33061599731445,218.76463317871094,-0.03767713188435218,-0.05063286026192193,53.29032258064516,44.03225806451613,66.51612903225806,-0.1384111902792119,73.79788970947266,-0.05516183682917064,294.6099853515625,-0.07838478180403596,54.31999969482422,-0.08455971468861367,141.82000732421875,-0.1266161488026507,37.04545974731445,79.61290322580645,1038.3433846153846,0.724,86.40943548387096,0.55,3.6085714285714285,76.45
2020-03-19,59.09074783325195,271857200,0.055805235345895765,0.0006128357225190229,0.131342386534528,0.44081235432401655,0.3016129032258065,256.8891612903226,10.438709677419356,72.0,125.0587,1.12,79.05483870967741,25.09,35.45850372314453,219.22955322265625,0.0036197423175354793,0.0021252066076216103,53.483870967741936,43.38709677419355,65.19354838709677,0.09838220162295719,81.05828857421875,0.04378678610865383,307.510009765625,0.025773224111639736,55.720001220703125,0.05224924566799749,149.22999572753906,0.025778672044624473,38.00044250488281,79.05483870967741,1036.9037142857144,0.777,85.94152580645161,0.62,3.65,72.0
2020-03-20,55.33934783935547,401693200,0.08070130595983516,0.05308826613141715,0.17069420450078931,0.5296923293902382,0.28225806451612906,256.8232258064516,10.774193548387098,66.04,124.9362,0.92,78.49677419354838,19.48,33.8336296081543,209.78201293945312,-0.04582466670553964,-0.043094282428281505,53.67741935483871,42.74193548387097,63.87096774193549,-0.058015965405151415,76.3556137084961,-0.039575991158824375,295.3399963378906,-0.011485990230212684,55.08000183105469,-0.008108232190043752,148.02000427246094,-0.054740368704266795,35.920284271240234,78.49677419354838,1035.464043956044,0.716,85.47361612903225,0.17,3.6285714285714286,66.04
2020-03-23,54.163700103759766,336752800,0.13566893394171808,0.16980856472030625,0.23055670843977216,0.6037862368842644,0.22419354838709676,256.6254193548387,11.780645161290323,61.59,126.1262,0.76,76.82258064516128,23.33,33.524566650390625,204.41824340820312,-0.009134785754383978,-0.025568300428111868,54.25806451612903,40.806451612903224,59.903225806451616,0.0009404398424752713,76.42742156982422,0.040394097730442446,307.2699890136719,0.014161197410438309,55.86000061035156,-0.026212706193890933,144.13999938964844,0.057383764959585415,37.98152542114258,76.82258064516128,1031.1450329670329,0.697,84.0698870967742,-0.04,3.564285714285714,61.59
2020-03-24,59.59769821166992,287531200,0.030014506010588526,0.05083427642991234,0.11402308070591771,0.48866706321421516,0.20483870967741935,256.5594838709677,12.116129032258065,61.67,125.5001,0.84,76.26451612903226,21.03,36.95798873901367,222.939208984375,0.10241510723847158,0.09060329091659058,54.45161290322581,40.16129032258065,58.58064516129033,0.1006341405710709,84.1186294555664,0.00888473031515824,310.0,0.13390618439861224,63.34000015258789,0.04037746183476609,149.9600067138672,0.12372420424623631,42.68075942993164,76.26451612903226,1029.7053626373627,0.687,83.60197741935484,-0.13,3.5428571428571427,61.67
2020-03-25,59.26940155029297,303602000,-0.018776519557874294,0.08369969256846743,0.15253330765718576,0.4704894434090028,0.18548387096774194,256.4935483870968,12.451612903225808,63.95,124.7916,0.88,75.70645161290322,20.75,36.91036605834961,226.2766571044922,-0.001288562562220541,0.014970216030286032,54.645161290322584,39.516129032258064,57.25806451612903,0.006721268698647309,84.68401336669922,-0.013193536573840703,305.9100036621094,-0.03141777192410522,61.349998474121094,0.00020004519841165802,149.99000549316406,-0.009082893559059002,42.293094635009766,75.70645161290322,1028.2656923076922,0.692,83.13406774193548,-0.19,3.5214285714285714,63.95
2020-03-26,62.38832092285156,252087200,-0.05227517138167537,0.036952748331307905,0.09568953899802901,0.4155225120277175,0.16612903225806452,256.4276129032258,12.78709677419355,61.0,122.4308,0.83,75.14838709677419,16.6,39.196136474609375,239.48887634277344,0.06192760084379323,0.05838966956357328,54.83870967741935,38.87096774193549,55.935483870967744,-0.01843995285279254,83.12244415283203,0.0547873870255553,322.6700134277344,0.09111661134992777,66.94000244140625,0.07260483359436076,160.8800048828125,0.09993306503425092,46.51957321166992,75.14838709677419,1026.826021978022,0.728,82.66615806451613,-0.24,3.5,61.0
2020-03-27,59.80530548095703,204216800,-0.025551037716099678,0.10297123246271966,0.12448510939364321,0.43128776964742443,0.1467741935483871,256.3616774193548,13.12258064516129,65.54,122.4007,0.72,74.59032258064516,15.48,37.42466735839844,232.35557556152344,-0.04519499306668828,-0.029785520272099464,55.03225806451613,38.225806451612904,54.612903225806456,-0.04264726331513691,79.57749938964844,-0.05218962455350773,305.8299865722656,-0.06961463238947974,62.279998779296875,-0.12002733075909244,141.57000732421875,-0.08434994608779611,42.59564971923828,74.59032258064516,1025.3863516483516,0.766,82.19824838709677,-0.22,3.4757142857142855,65.54
2020-03-30,61.51203155517578,167976400,0.030061252675192218,0.12652556494538603,0.12919446251506206,0.42364649696341283,0.08870967741935484,256.1638709677419,14.129032258064518,57.08,123.2883,0.7,72.91612903225806,14.1,39.00089645385742,239.90150451660156,0.04211738424724465,0.03247578172738996,55.61290322580645,36.29032258064516,50.645161290322584,0.02593883905690131,81.64164733886719,0.04106866111117591,318.3900146484375,0.07434176258127367,66.91000366210938,0.101292615638916,155.91000366210938,0.0499446812405373,44.72307586669922,72.91612903225806,1021.0673406593406,0.725,80.79451935483871,-0.25,3.402857142857143,57.08
2020-03-31,61.38649368286133,197002000,0.02021308466806171,0.11852628814596677,0.15537368302622512,0.4384659902395591,0.06935483870967742,256.09793548387097,14.464516129032258,53.54,122.5301,0.7,72.35806451612903,20.51,38.272300720214844,236.32566833496094,-0.018681512475093753,-0.01490543458177096,55.806451612903224,35.645161290322584,49.322580645161295,-0.014510135283518188,80.45701599121094,-0.0004711969821923345,318.239990234375,-0.013002581063595198,66.04000091552734,0.0012186674167362632,156.10000610351562,-0.031289540004056704,43.32371139526367,72.35806451612903,1019.6276703296703,0.697,80.32660967741936,-0.17,3.3785714285714286,53.54
2020-04-01,58.15652847290039,176218400,0.10443717885773296,0.19002911372851528,0.19990856249284628,0.5154853747543928,0.05,256.032,14.8,57.06,123.7933,0.62,71.8,20.28,36.448448181152344,225.68984985351562,-0.04765463546065751,-0.045004922894665955,56.0,35.0,48.0,-0.0620190557975403,75.46714782714844,-0.053513069701751625,301.2099914550781,-0.012113916424397186,65.23999786376953,-0.10813583742987654,139.22000122070312,-0.05499781589428454,40.941001892089844,71.8,1018.188,0.65,79.8587,-0.29,3.3542857142857145,57.06
2020-04-02,59.12696075439453,165934000,0.09414960652984838,0.15461563384972354,0.19691327191912045,0.4906121881229524,0.05,256.0243333333333,14.746666666666668,50.91,123.5916,0.63,71.81666666666666,25.18,37.30084991455078,230.89773559570312,0.023386502743873105,0.02307540966316246,56.03333333333333,34.766666666666666,47.766666666666666,0.04293013386064781,78.70696258544922,0.009129843225702317,303.9599914550781,0.010576371305944354,65.93000030517578,-0.015586827682218196,137.0500030517578,-0.0013856124768668598,40.884273529052734,71.81666666666666,1019.3182197802198,0.705,79.97742333333333,-0.4,3.33,50.91
2020-04-03,58.277217864990234,129880000,0.1318922541387808,0.14713553812153068,0.23259223999335465,0.5528021395267912,0.05,256.01666666666665,14.693333333333333,46.8,124.4152,0.62,71.83333333333333,28.36,36.72465515136719,227.56028747558594,-0.015447228803192048,-0.014454226289862704,56.06666666666667,34.53333333333333,47.53333333333333,-0.012998969880516076,77.68385314941406,-0.034050554002088895,293.6099853515625,-0.030335203863831817,63.93000030517578,0.014228361217224927,139.0,-0.022201587356533437,39.97657775878906,71.83333333333333,1020.4484395604395,0.808,80.09614666666667,-0.46,3.33,46.8
2020-04-06,63.36116027832031,201820400,0.09364910292437911,0.02247896837447505,0.14538835869153455,0.42377789235574204,0.05,255.99366666666666,14.533333333333333,45.24,124.16,0.67,71.88333333333333,26.21,39.85805130004883,242.84461975097656,0.08532132257653036,0.06716607912982364,56.166666666666664,33.833333333333336,46.833333333333336,0.10674690621201077,85.97636413574219,0.08691809136086714,319.1300048828125,0.08587514214863945,69.41999816894531,0.09582739082171754,152.32000732421875,0.09153261282374747,43.635738372802734,71.88333333333333,1023.8390989010989,0.765,80.45231666666666,-0.47,3.33,45.24
2020-04-07,62.62730407714844,202887200,0.09636536225164427,0.06425632555563698,0.17079761608617994,0.4740102130840429,0.05,255.986,14.48,46.7,123.0956,0.75,71.89999999999999,23.54,39.50089645385742,243.09225463867188,-0.008960670041361696,0.0010197256498796214,56.2,33.6,46.6,0.004697449502151674,86.38023376464844,-0.03196193416779092,308.92999267578125,-0.005329805919715769,69.05000305175781,-0.023765823279349174,148.6999969482422,0.030552379973261212,44.96891403198242,71.89999999999999,1024.9693186813188,0.729,80.57104,-0.42,3.33,46.7
2020-04-08,64.23023223876953,168895200,0.07749823757228635,0.03367540565532923,0.16875095396782314,0.44340507567303367,0.05,255.97833333333332,14.426666666666668,43.35,123.2216,0.77,71.91666666666666,24.97,40.562835693359375,251.25244140625,0.02688392757724989,0.0335682713532246,56.233333333333334,33.36666666666667,46.36666666666667,0.05350639417136316,91.00212860107422,0.026705079453577918,317.17999267578125,0.04040540424077199,71.83999633789062,0.07067928702973147,159.2100067138672,0.0820016845472018,48.65644073486328,71.91666666666666,1026.0995384615385,0.731,80.68976333333333,-0.42,3.33,43.35
2020-04-09,64.69374084472656,161834800,0.0552630343775804,0.05589750290640838,0.1786360294629259,0.43557031055229656,0.05,255.97066666666666,14.373333333333333,41.67,122.476,0.73,71.93333333333334,22.9,40.57236099243164,255.0758514404297,0.0002348282340089991,0.015217404506719268,56.266666666666666,33.13333333333333,46.13333333333333,-0.025739717472522905,88.65975952148438,0.00479229322892305,318.70001220703125,-0.0026446940659364815,71.6500015258789,0.03573887910728657,164.89999389648438,-0.03633878620405462,46.88832473754883,71.93333333333334,1027.2297582417582,0.69,80.80848666666667,-0.5,3.33,41.67
2020-04-13,65.96353149414062,131022800,0.01346708039304323,0.03630337919206772,0.14273687215272046,0.40144080966258056,0.05,255.94,14.16,41.17,122.5203,0.76,72.0,22.36,40.662837982177734,252.74696350097656,0.002230015397993945,-0.009130178048222692,56.4,32.2,45.2,0.008907639156368719,89.44950866699219,0.006118549152067221,320.6499938964844,-0.0013956520864131239,71.55000305175781,-0.02413581488691563,160.9199981689453,0.005847865674251329,47.16252136230469,72.0,1031.7506373626375,0.707,81.28338,-0.5,3.3185714285714285,41.17
2020-04-14,69.29487609863281,194994800,-0.06507584046802362,-0.029507241194113853,0.07466602690986224,0.35614357005876496,0.05,255.93233333333333,14.106666666666667,37.76,122.1121,0.76,72.01666666666667,20.15,42.367645263671875,260.2012023925781,0.041925437723784764,0.02949289197522953,56.43333333333333,31.966666666666665,44.96666666666667,0.03361097260516299,92.45599365234375,0.06274753001767674,340.7699890136719,0.066806409160306,76.33000183105469,0.07022124770281346,172.22000122070312,0.05192466909513027,49.611419677734375,72.01666666666667,1032.8808571428572,0.662,81.40210333333333,-0.53,3.315714285714286,37.76
2020-04-15,68.66240692138672,131154400,-0.029286803287969287,0.011602251136952235,0.09122773722157329,0.378047692377951,0.05,255.92466666666667,14.053333333333333,40.84,123.0752,0.63,72.03333333333333,19.96,41.44379806518555,254.67239379882812,-0.021805488427238173,-0.02124820539994443,56.46666666666667,31.733333333333334,44.733333333333334,-0.02494670910133956,90.14952087402344,-0.02412184607129042,332.54998779296875,-0.008253699301710049,75.69999694824219,-0.01788411223564912,169.13999938964844,-0.040022802947959235,47.625831604003906,72.03333333333333,1034.0110769230769,0.625,81.52082666666666,-0.56,3.3128571428571427,40.84
2020-04-16,69.20796203613281,157125200,-0.04067090821020225,0.024800286091428037,0.07622530846436848,0.3503615718536832,0.05,255.917,14.0,40.11,123.4615,0.61,72.05,19.82,41.948577880859375,255.90106201171875,0.01217986379722924,0.004824504904372029,56.5,31.5,44.5,0.013738399492623454,91.38803100585938,0.030521800591318815,342.70001220703125,0.03817700800733714,78.58999633789062,0.010996811026743991,171.0,0.0369266660184131,49.38449478149414,72.05,1035.1412967032968,0.653,81.63955,-0.42,3.31,40.11
2020-04-17,68.26891326904297,215250000,0.0006012420677676822,0.02217119239153864,0.11673450010801134,0.3661705004043856,0.05,255.9093333333333,13.946666666666667,38.15,122.871,0.65,72.06666666666666,18.31,42.5057373046875,262.8143310546875,0.01328196215401034,0.02701539801601971,56.53333333333333,31.266666666666666,44.266666666666666,0.009525469653239416,92.258544921875,0.004114307249220239,344.1099853515625,0.0007635219593380427,78.6500015258789,0.05812866924798987,180.94000244140625,0.018571590013138684,50.30164337158203,72.06666666666666,1036.2715164835165,0.667,81.75827333333334,-0.36,3.3128571428571427,38.15
2020-04-20,66.85186767578125,130015200,0.02253284713517112,0.058606835016127956,0.13381629798566785,0.42452999221218635,0.05,255.8863333333333,13.786666666666667,43.83,123.1033,0.63,72.11666666666666,-36.98,41.824771881103516,258.18408203125,-0.016020553147983785,-0.017617947259025324,56.63333333333333,30.566666666666666,43.56666666666667,-0.018384931104471924,90.5623779296875,0.002237713417305498,344.8800048828125,-0.01029885788014584,77.83999633789062,-0.01696699062006979,177.8699951171875,-0.04830803606841483,47.87166976928711,72.11666666666666,1039.6621758241758,0.6,82.11444333333333,-0.31,3.3214285714285716,43.83
2020-04-21,64.78545379638672,180991600,0.038044368531149564,0.10876813079906755,0.192734691003148,0.4496790283150598,0.05,255.87866666666665,13.733333333333333,45.41,123.9116,0.58,72.13333333333333,8.91,40.072349548339844,250.34469604492188,-0.04189914861329869,-0.030363552720416243,56.666666666666664,30.333333333333332,43.333333333333336,-0.04399979376913199,86.57765197753906,-0.0460740385741899,328.989990234375,-0.04175231440007121,74.58999633789062,-0.044133305561484315,170.02000427246094,-0.04542789776394185,45.69696044921875,72.13333333333333,1040.7923956043956,0.453,82.23316666666666,-0.38,3.3242857142857143,45.41
2020-04-22,66.65150451660156,116862400,0.04212269346231157,0.0888446690336906,0.15069791644965647,0.4130505602813872,0.05,255.87099999999998,13.68,41.98,123.9256,0.63,72.14999999999999,13.64,41.61524200439453,255.90106201171875,0.03850267013151987,0.02219486194267062,56.7,30.1,43.1,0.058567457291239355,91.64828491210938,0.02364813219318429,336.7699890136719,0.06984859860115833,79.80000305175781,0.03146683160972685,175.3699951171875,0.07821250596033913,49.271034240722656,72.14999999999999,1041.9226153846155,0.507,82.35189,-0.43,3.3271428571428574,41.98
2020-04-23,66.3932113647461,124814400,0.06824685591414958,0.10438848804297618,0.1626121213367837,0.35398080804238785,0.05,255.86333333333332,13.626666666666667,41.38,123.7542,0.61,72.16666666666666,15.06,41.32951354980469,255.88262939453125,-0.006865956818409735,-7.203024888835508e-05,56.733333333333334,29.866666666666667,42.86666666666667,-0.0030355818643942323,91.37007904052734,-0.00415712189968187,335.3699951171875,0.00037592453821599925,79.83000183105469,0.001026446596237962,175.5500030517578,-0.023220078868971816,48.126956939697266,72.16666666666666,1043.0528351648352,0.497,82.47061333333333,-0.44,3.33,41.38
2020-04-24,68.3099594116211,126161200,0.021556989354916567,0.09894876016960019,0.12233564374604278,0.3127284086945441,0.05,255.85566666666665,13.573333333333332,35.93,124.1615,0.6,72.18333333333334,15.99,42.20571517944336,259.4493408203125,0.021200385738457728,0.013938857179249586,56.766666666666666,29.633333333333333,42.63333333333333,0.040369206597930196,95.0586166381836,0.026030984027887172,344.1000061035156,0.008643301969001094,80.5199966430664,0.027342654333891492,180.35000610351562,0.016503076641265713,48.921199798583984,72.18333333333334,1044.183054945055,0.453,82.58933666666667,-0.51,3.315714285714286,35.93
2020-04-27,68.35823059082031,117087600,0.03527905043053181,0.11545271405213264,0.12642957192363702,0.34289145465604887,0.05,255.83266666666665,13.413333333333332,33.29,123.8843,0.67,72.23333333333333,12.17,42.567649841308594,263.190185546875,0.008575489369778921,0.014418401352398469,56.86666666666667,28.933333333333334,41.93333333333333,0.019920907084484796,96.9522705078125,0.012786962564484083,348.5,0.009811238803564493,81.30999755859375,0.011976647242698313,182.50999450683594,-0.013722748333079737,48.2498664855957,72.23333333333333,1047.5737142857142,0.407,82.94550666666667,-0.5,3.2728571428571427,33.29
2020-04-28,67.25017547607422,112004800,0.06813173349034529,0.12087379879892657,0.14549347872822582,0.34259386257936386,0.05,255.825,13.36,33.57,123.3693,0.62,72.25,12.4,42.00096893310547,261.9798889160156,-0.013312478145157236,-0.004598562930241967,56.9,28.7,41.7,-0.0038878704360055805,96.57533264160156,-0.043185043882263296,333.45001220703125,-0.034928009139885474,78.47000122070312,-0.028491573638436685,177.30999755859375,-0.011953594494423903,47.6731071472168,72.25,1048.7039340659342,0.416,83.06423,-0.52,3.2585714285714285,33.57
2020-04-29,69.45904541015625,137280800,0.044833469095804324,0.072126009541158,0.10798531568509073,0.3248150071571865,0.05,255.81733333333332,13.306666666666667,31.23,122.7782,0.63,72.26666666666667,15.04,43.724815368652344,268.8382263183594,0.041043015895476875,0.02617886980073636,56.93333333333333,28.466666666666665,41.46666666666667,0.053247736943332624,101.7177505493164,0.04714350171006432,349.1700134277344,0.044985328461617735,82.0,0.059725883952996384,187.89999389648438,0.07774689712967331,51.37954330444336,72.26666666666667,1049.8341538461539,0.485,83.18295333333333,-0.51,3.244285714285714,31.23
2020-04-30,70.9243392944336,183064000,0.03383265949132941,0.056426096913844814,0.09843855469899254,0.3131434958066177,0.05,255.80966666666666,13.253333333333332,34.15,122.327,0.64,72.28333333333333,19.23,43.529571533203125,266.3350830078125,-0.004465286675382818,-0.009310964980042136,56.96666666666667,28.233333333333334,41.233333333333334,-0.032998086083705136,98.36125946044922,0.012801790098817545,353.6400146484375,-0.010609789592463836,81.12999725341797,-0.0040978660919811505,187.1300048828125,-0.08575624075690558,46.973426818847656,72.28333333333333,1050.9643736263736,0.517,83.30167666666667,-0.43,3.23,34.15
2020-05-01,69.78251647949219,240616800,0.07575864256340159,0.06736420593855552,0.12158058998086041,0.47435061193671824,0.05,255.802,13.2,37.19,123.1492,0.64,72.3,19.72,42.33430480957031,259.2843322753906,-0.027458729354160938,-0.02647323308966787,57.0,28.0,41.0,-0.054379760117718945,93.01239776611328,-0.02771184793748327,343.8399963378906,-0.06520400708265128,75.83999633789062,-0.06535569212423731,174.89999389648438,-0.05615966539010453,44.33541488647461,72.3,1052.0945934065935,0.48,83.4204,-0.42,3.2342857142857144,37.19
2020-05-04,70.76984405517578,133568000,0.07744159759463853,0.07727029429346555,0.11202103936580055,0.49041332176937225,0.05290322580645162,255.922,12.987096774193548,35.97,123.2117,0.64,72.86129032258064,20.47,42.89622497558594,259.99945068359375,0.01327340010762601,0.0027580471289085917,57.096774193548384,28.483870967741936,41.193548387096776,-0.002315499690312528,92.79702758789062,0.015326864442184007,349.1099853515625,0.02373421860067393,77.63999938964844,0.01658095629774481,177.8000030517578,0.014715464621648966,44.987831115722656,72.86129032258064,1055.4852527472528,0.503,84.05485161290322,-0.43,3.247142857142857,35.97
2020-05-05,71.83204650878906,147751200,0.049377865720958924,0.055207818871034764,0.0861421514428311,0.478180425844674,0.053870967741935484,255.962,12.916129032258064,33.61,122.803,0.66,73.04838709677419,24.56,43.48671340942383,262.4017028808594,0.01376551046564023,0.009239451048644876,57.12903225806452,28.64516129032258,41.25806451612903,0.024564724167177143,95.0765609741211,0.020108332118259797,356.1300048828125,0.026146300814725798,79.66999816894531,0.015129372301659672,180.49000549316406,0.026691788296565155,46.188636779785156,73.04838709677419,1056.6154725274725,0.574,84.26633548387098,-0.44,3.2514285714285713,33.61
2020-05-06,72.57313537597656,142333600,0.026121426287169403,0.0647446581302158,0.10566922468642193,0.468388842831591,0.054838709677419356,256.002,12.84516129032258,34.12,123.609,0.72,73.23548387096774,23.88,43.824806213378906,260.6229553222656,0.007774623038810935,-0.006778719570281755,57.16129032258065,28.806451612903224,41.32258064516129,-0.006513064847785799,94.45732116699219,0.01794284121879053,362.5199890136719,0.01656834097102755,80.98999786376953,0.004099895904779105,181.22999572753906,0.033776717915665166,47.74873733520508,73.23548387096774,1057.7456923076923,0.504,84.47781935483872,-0.38,3.2557142857142853,34.12
2020-05-07,73.32389831542969,115215200,0.0218540565681411,0.0459856763964368,0.10081867000460942,0.5040604700381137,0.05580645161290323,256.042,12.774193548387096,31.44,123.1249,0.63,73.42258064516129,23.68,44.48197555541992,263.7677917480469,0.014995373598261308,0.012066613326107811,57.193548387096776,28.967741935483872,41.38709677419355,0.010451500762072685,95.44454193115234,0.011751103097005666,366.7799987792969,0.004691997689044269,81.37000274658203,0.015284469115285804,184.0,0.014851588374093172,48.457881927490234,73.42258064516129,1058.8759120879122,0.518,84.68930322580646,-0.45,3.26,31.44
2020-05-08,75.06914520263672,133838400,-0.007803271377716414,0.028246053671831417,0.10917984040389195,0.43569217141219996,0.0567741935483871,256.082,12.703225806451613,27.98,122.5379,0.69,73.60967741935484,24.73,45.134361267089844,268.13226318359375,0.01466629356102045,0.016546642812689694,57.225806451612904,29.129032258064516,41.45161290322581,0.032721862410929115,98.56766510009766,0.001990323869234256,367.510009765625,0.01339555488630495,82.45999908447266,0.0015760504681130438,184.2899932861328,0.04995149549202882,50.87842559814453,73.60967741935484,1060.006131868132,0.579,84.9007870967742,-0.43,3.2628571428571425,27.98
2020-05-11,76.25037384033203,145946400,-0.000158990799645653,0.005460018216403295,0.12009118407522545,0.433995654918524,0.05967741935483871,256.202,12.490322580645161,27.57,123.2333,0.73,74.17096774193548,24.02,45.43437576293945,268.187255859375,0.006647141721453087,0.00020509533290891113,57.32258064516129,29.612903225806452,41.645161290322584,-0.012837764671451812,97.30227661132812,0.010639175963133463,371.4200134277344,0.006548640814004303,83.0,0.0005968886774050386,184.39999389648438,0.0037164458577387816,51.06751251220703,74.17096774193548,1063.3967912087912,0.555,85.53523870967742,-0.4,3.2714285714285714,27.57
2020-05-12,75.37895965576172,162301200,0.00555562809214627,0.02151492636034691,0.07864234983736451,0.4074333069063978,0.06064516129032258,256.24199999999996,12.419354838709676,33.04,123.0592,0.69,74.35806451612903,25.76,44.49626159667969,262.8418273925781,-0.020647673716362114,-0.019931702010478003,57.354838709677416,29.774193548387096,41.70967741935484,-0.016786784347389228,95.66888427734375,-0.017015796391511406,365.1000061035156,-0.02349393913544806,81.05000305175781,-0.018600828575443096,180.97000122070312,-0.03110507907572113,49.47905349731445,74.35806451612903,1064.527010989011,0.629,85.74672258064516,-0.4,3.274285714285714,33.04
2020-05-13,74.4688491821289,200622400,0.03764002081390827,0.03445451752272688,0.1012511191471257,0.47198087939889244,0.061612903225806454,256.282,12.348387096774193,35.28,123.5408,0.64,74.54516129032258,25.37,43.72956848144531,258.1932067871094,-0.017230506288006597,-0.01768600017578481,57.38709677419355,29.93548387096774,41.774193548387096,-0.02626649266733827,93.15599822998047,-0.017912923680060477,358.55999755859375,-0.0006169407757564693,81.0,-0.02271094978520327,176.86000061035156,-0.016052102915223077,48.684810638427734,74.54516129032258,1065.6572307692309,0.637,85.95820645161291,-0.43,3.277142857142857,35.28
2020-05-14,74.92632293701172,158929200,0.023615524813142885,0.02713705062845051,0.10806331048475659,0.4888850059511791,0.06258064516129032,256.322,12.27741935483871,32.61,123.6429,0.63,74.73225806451613,27.4,44.2867317199707,261.2830810546875,0.012741109914263138,0.011967294980482768,57.41935483870968,30.096774193548388,41.83870967741935,0.01628129989959981,94.67269897460938,-0.008840871630244385,355.3900146484375,0.01049380832248259,81.8499984741211,0.005710700573054339,177.8699951171875,0.05709852613502875,51.46464157104492,74.73225806451613,1066.7874505494506,0.703,86.16969032258065,-0.43,3.28,32.61
2020-05-15,74.48336029052734,166348400,0.03633284006046278,0.04595212197302723,0.14419396799015183,0.49640472808550684,0.0635483870967742,256.36199999999997,12.206451612903226,31.89,123.5991,0.64,74.91935483870968,29.44,44.510536193847656,262.4842529296875,0.005053533308623681,0.004597204955450573,57.45161290322581,30.258064516129032,41.903225806451616,-0.034979297184126956,91.36111450195312,0.02788478217187529,365.29998779296875,0.00268785858038445,82.06999969482422,0.01602297285519083,180.72000122070312,-0.04390975800649122,49.20484161376953,74.91935483870968,1067.9176703296703,0.725,86.38117419354839,-0.45,3.274285714285714,31.89
2020-05-18,76.23825073242188,135178400,0.0056199025288461435,0.02660692305382928,0.11630059943758941,0.45814294434937497,0.0664516129032258,256.48199999999997,11.993548387096775,29.3,122.7968,0.73,75.48064516129031,31.83,45.601043701171875,270.4794006347656,0.024499985858964957,0.030459532775171105,57.54838709677419,30.741935483870968,42.096774193548384,0.0642433780569398,97.23046112060547,0.0073090980480612355,367.9700012207031,0.01584017371258506,83.37000274658203,0.051903523790691075,190.10000610351562,0.0445812828122778,51.39845657348633,75.48064516129031,1071.3083296703296,0.822,87.01562580645161,-0.44,3.257142857142857,29.3
2020-05-19,75.79773712158203,101729600,0.015871124204715148,0.03825732179522401,0.12323510882428224,0.47883801456291564,0.06741935483870969,256.522,11.92258064516129,30.53,122.5655,0.7,75.66774193548386,32.3,45.43437576293945,267.701171875,-0.003654914991082503,-0.010271498506894128,57.58064516129032,30.903225806451612,42.16129032258065,-0.018552844978547478,95.42655944824219,0.011495532169186307,372.20001220703125,0.024829070728429103,85.44000244140625,0.02425039696127773,194.7100067138672,0.020419114225930457,52.447967529296875,75.66774193548386,1072.4385494505495,0.773,87.22710967741935,-0.45,3.2514285714285713,30.53
2020-05-20,77.27185821533203,111504800,-0.00306995029806445,0.009679530679608028,0.09551106778643392,0.45244627932548975,0.06838709677419355,256.56199999999995,11.851612903225806,27.99,122.1007,0.68,75.85483870967741,33.56,46.42963790893555,272.24896240234375,0.02190548740427345,0.016988310120163774,57.61290322580645,31.064516129032256,42.225806451612904,0.077494833203414,102.82162475585938,0.03070927539202617,383.6300048828125,0.0310158452804552,88.08999633789062,0.00991213912604616,196.63999938964844,0.029502317272920298,53.995304107666016,75.85483870967741,1073.5687692307692,0.824,87.43859354838709,-0.48,3.245714285714286,27.99
2020-05-21,76.69574737548828,102688800,0.0034402817561314247,0.04623639602035867,0.1326181664265147,0.4958278227713746,0.06935483870967742,256.602,11.780645161290323,29.53,122.0914,0.68,76.04193548387096,34.3,45.78200149536133,270.3694152832031,-0.013948771576561825,-0.006903780651927427,57.645161290322584,31.225806451612904,42.29032258064516,-0.03107263347816236,99.6266860961914,-0.003805728010049969,382.1700134277344,-0.022476964579999592,86.11000061035156,-0.00961146966799642,194.75,-0.032700521281326944,52.22962951660156,76.04193548387096,1074.698989010989,0.823,87.65007741935484,-0.46,3.24,29.53
2020-05-22,77.1895523071289,81803200,0.009282039071543124,0.045689653723900436,0.14939299062238298,0.5628493675591597,0.0703225806451613,256.642,11.709677419354838,28.16,122.3211,0.66,76.2290322580645,33.49,45.948673248291016,270.8828430175781,0.0036405519087359117,0.0018989859997189384,57.67741935483871,31.387096774193548,42.354838709677416,0.0004502128115142501,99.67153930664062,0.008085397151325502,385.260009765625,-0.0006967548271801238,86.05000305175781,0.0052888255676348805,195.77999877929688,-0.011450235047785196,51.631587982177734,76.2290322580645,1075.8292087912089,0.813,87.86156129032258,-0.46,3.2271428571428573,28.16
2020-05-26,76.66670227050781,125522000,0.02086973465044495,0.08606709339509022,0.1368042020297231,0.5923270087008892,0.07419354838709678,256.80199999999996,11.425806451612903,28.01,121.3864,0.69,76.9774193548387,34.7,45.90104293823242,274.2202453613281,-0.0010365981581494932,0.01232046410386145,57.806451612903224,32.03225806451613,42.61290322580645,0.014766825972883924,101.14337158203125,-0.0224004689406061,376.6300048828125,-0.012086006724506437,85.01000213623047,0.019154152739715657,199.52999877929688,0.013789303823275922,52.34355163574219,76.9774193548387,1080.350087912088,0.813,88.70749677419354,-0.44,3.1757142857142857,28.01
2020-05-27,77.000732421875,112945200,0.02203645428748069,0.10917609267743633,0.1468991264921764,0.5724128671982751,0.07516129032258065,256.842,11.35483870967742,27.62,121.5677,0.68,77.16451612903225,32.8,46.16294860839844,278.30029296875,0.0057058762372448335,0.014878724953534261,57.83870967741935,32.193548387096776,42.67741935483871,0.017568671313648254,102.92032623291016,-0.003876460813397986,375.1700134277344,0.0022349700886636903,85.19999694824219,0.0014032916404043139,199.80999755859375,0.022851211831201645,53.53966522216797,77.16451612903225,1081.4803076923076,0.786,88.91898064516128,-0.46,3.162857142857143,27.62
2020-05-28,77.03463745117188,133560800,0.012788741779309776,0.05545947721144051,0.11117031412237433,0.5930948974971388,0.07612903225806451,256.88199999999995,11.283870967741935,28.59,121.0138,0.7,77.3516129032258,33.67,46.07248306274414,277.78692626953125,-0.001959700330707137,-0.001844650229226974,57.87096774193548,32.354838709677416,42.74193548387097,-0.02717848286279001,100.12310791015625,0.012420963770412907,379.8299865722656,0.03356808348348861,88.05999755859375,0.014113444565714506,202.6300048828125,-0.030673877539329597,51.897396087646484,77.3516129032258,1082.6105274725276,0.8,89.13046451612902,-0.48,3.15,28.59
2020-05-29,76.95960235595703,153532400,0.04264938835157128,0.0656097613928237,0.13788774322910036,0.5755852760252076,0.07709677419354839,256.92199999999997,11.212903225806452,27.51,120.9458,0.65,77.53870967741935,35.57,46.653446197509766,279.0248107910156,0.012609763922956763,0.004456237513076111,57.903225806451616,32.516129032258064,42.806451612903224,0.01793431182437155,101.91874694824219,0.017823815313649405,386.6000061035156,0.036679575817435195,91.29000091552734,0.03824705035407794,210.3800048828125,0.02762016145873103,53.330810546875,77.53870967741935,1083.7407472527473,0.856,89.34194838709678,-0.5,3.1542857142857144,27.51
2020-06-01,77.9060287475586,80791200,0.036072785646566574,0.0656827304733707,0.1334473704080157,0.5539234528339636,0.08,257.042,11.0,28.23,120.2686,0.66,78.1,35.49,46.63916778564453,280.1524353027344,-0.00030605267196737174,0.004041305533088568,58.0,33.0,43.0,-0.0015051621064154919,101.76534271240234,0.00796685598458291,389.67999267578125,0.0042720931727158185,91.68000030517578,0.042351878489039096,219.2899932861328,-0.008721883397499575,52.865665435791016,78.1,1087.1314065934066,0.856,89.9764,-0.52,3.1671428571428573,28.23
2020-06-02,78.26671600341797,87642800,0.0638645230940944,0.08888446982158826,0.12609002712365025,0.5992158754992774,0.08033333333333334,257.0856666666666,10.973333333333333,26.84,119.6854,0.68,77.91333333333333,36.88,47.077266693115234,282.47216796875,0.009393368884372588,0.008280251654813942,58.06666666666667,33.3,43.13333333333333,0.03564478006553462,105.39274597167969,0.0019503433070975351,390.44000244140625,0.007635219741624066,92.37999725341797,-0.0009120204038732815,219.08999633789062,0.001795659634141522,52.960594177246094,77.91333333333333,1088.2616263736263,0.913,90.08671,-0.5,3.1714285714285717,26.84
2020-06-03,78.69755554199219,104491200,0.08526079282632382,0.08141611777591695,0.11992510745953044,0.6538130804263984,0.08066666666666666,257.1293333333333,10.946666666666667,25.66,119.2556,0.77,77.72666666666666,37.33,47.443939208984375,286.2313232421875,0.007788738421442121,0.013308055446557665,58.13333333333333,33.6,43.266666666666666,0.04126700679410322,109.74198913574219,-0.001331802608391608,389.9200134277344,0.00627843524895999,92.95999908447266,0.033319654816641675,226.38999938964844,0.036207164549182824,54.87814712524414,77.72666666666666,1089.3918461538462,0.878,90.19702,-0.44,3.1757142857142857,25.66
2020-06-04,78.01981353759766,87560400,0.04213192117160092,0.09124433453517944,0.15987189001441693,0.6336176451634636,0.081,257.173,10.92,25.81,119.3014,0.82,77.53999999999999,37.42,47.05345916748047,285.4795837402344,-0.008230346130912336,-0.002626335557681325,58.2,33.9,43.4,0.0062489128622698065,110.4277572631836,-0.010566335383883074,385.79998779296875,-0.01817988874839105,91.2699966430664,-0.005256426717675344,225.1999969482422,0.005535320958736323,55.181915283203125,77.53999999999999,1090.522065934066,0.896,90.30733,-0.4,3.18,25.81
2020-06-05,80.24188232421875,137250400,0.02202118305325307,0.05496248905629719,0.12425352727615713,0.46121203742651273,0.08133333333333334,257.21666666666664,10.893333333333333,24.52,118.8138,0.91,77.35333333333332,39.49,48.29159164428711,292.7962646484375,0.026313314657689046,0.025629436656530835,58.266666666666666,34.2,43.53333333333333,0.018058673121649216,112.42193603515625,0.018403334183944242,392.8999938964844,0.0014243988999025348,91.4000015258789,0.03778867620313897,233.7100067138672,0.035437915917533536,57.137447357177734,77.35333333333332,1091.6522857142857,0.962,90.41764,-0.36,3.1842857142857146,24.52
2020-06-08,80.71631622314453,95654400,0.028579019965596197,0.07620120478477133,0.14367565502409385,0.45358480229353537,0.08233333333333333,257.34766666666667,10.813333333333333,25.81,118.6621,0.88,76.79333333333332,38.17,48.53444290161133,296.3354797363281,0.005028851795009004,0.01208763742987018,58.46666666666667,35.1,43.93333333333333,-0.007063277958175185,111.62786865234375,0.012420475842761736,397.7799987792969,0.007986824019170058,92.12999725341797,-0.0008558136206642253,233.50999450683594,-0.00481818990870686,56.86214828491211,76.79333333333332,1095.042945054945,0.938,90.74857,-0.4,3.197142857142857,25.81
2020-06-09,83.26518249511719,147712400,0.023517982021551864,0.06552496148430964,0.11343349581362339,0.31426393569790134,0.08266666666666667,257.3913333333333,10.786666666666667,27.57,118.5893,0.84,76.60666666666667,38.98,48.76301956176758,294.1257629394531,0.004709576261535009,-0.007456808070505638,58.53333333333333,35.4,44.06666666666667,-0.0025866485575295473,111.33912658691406,-0.0015586382399570553,397.1600036621094,0.004667321371919719,92.55999755859375,0.002740779430020046,234.14999389648438,-0.0018362316937843293,56.75773620605469,76.60666666666667,1096.173164835165,0.97,90.85888,-0.42,3.2014285714285715,27.57
2020-06-10,85.4073715209961,166651600,-0.0035426277958446883,0.020462610483795052,0.08740512652848298,0.3324060935199069,0.083,257.43499999999995,10.76,27.57,118.5231,0.75,76.42,39.54,49.57733154296875,292.4845275878906,0.016699375644071646,-0.005580046219549772,58.6,35.7,44.2,-0.004133089369869003,110.87895202636719,0.024322700103326156,406.82000732421875,0.006806448783813757,93.19000244140625,0.010420681208665572,236.58999633789062,0.0011706667921256297,56.824180603027344,76.42,1097.3033846153846,0.981,90.96919,-0.52,3.2057142857142855,27.57
2020-06-11,81.30693817138672,201662400,0.04712686788095377,0.08615666436428127,0.1369753561558189,0.3539102658959603,0.08333333333333333,257.47866666666664,10.733333333333333,40.79,119.2347,0.66,76.23333333333333,36.43,46.734405517578125,275.623046875,-0.05734326428857217,-0.05764913738154509,58.666666666666664,36.0,44.333333333333336,-0.058837995349383165,104.35505676269531,-0.047072399468354176,387.6700134277344,-0.051293042752116325,88.41000366210938,-0.07392531596896568,219.10000610351562,-0.07434024086006841,52.599857330322266,76.23333333333333,1098.4336043956043,0.921,91.0795,-0.55,3.21,40.79
2020-06-12,82.00890350341797,200146000,0.03223152958985942,0.043772061790270156,0.1458975384942569,0.3246982925315127,0.08366666666666667,257.52233333333334,10.706666666666667,36.09,119.6645,0.71,76.04666666666667,36.24,47.33918762207031,278.92388916015625,0.0129408323010487,0.011975929888959014,58.733333333333334,36.3,44.46666666666667,0.023865139604208885,106.84550476074219,0.04867540553457084,406.5400085449219,0.011876432291262118,89.45999908447266,0.01761752853867038,222.9600067138672,0.020574110594755668,53.68205261230469,76.04666666666667,1099.5638241758243,0.964,91.18981,-0.5,3.1985714285714284,36.09
2020-06-15,83.02310943603516,138808800,0.046299004641148445,0.05478328671968069,0.13968354177378162,0.3477714814503394,0.08466666666666667,257.6533333333333,10.626666666666667,34.4,119.9539,0.71,75.48666666666666,37.07,47.79633331298828,281.52777099609375,0.00965681317912681,0.009335456506711637,58.93333333333333,37.2,44.86666666666667,0.0007601153175982311,106.92671966552734,-0.012790899044950121,401.3399963378906,0.015537663803639523,90.8499984741211,0.027090030069312654,229.0,0.008841686736645649,54.15669250488281,75.48666666666666,1102.9544835164836,1.001,91.52074,-0.52,3.164285714285714,34.4
2020-06-16,85.2234115600586,165428800,0.04104176008690108,0.0361282399569649,0.09659741013820189,0.3150231016732341,0.08499999999999999,257.697,10.6,33.67,119.567,0.75,75.3,38.26,48.815406799316406,286.9466247558594,0.02132116452646793,0.01924802565868644,59.0,37.5,45.0,0.03535865140874139,110.70750427246094,0.02573881792022248,411.6700134277344,0.012878351002709065,92.0199966430664,0.05209603788550754,240.92999267578125,0.02611705749978932,55.57110595703125,75.3,1104.0847032967033,1.049,91.63105,-0.52,3.1528571428571426,33.67
2020-06-17,85.10480499267578,114406400,0.024090582245922088,0.035609779668175134,0.09590728056845554,0.27799083394793844,0.08533333333333333,257.74066666666664,10.573333333333332,33.47,119.9105,0.74,75.11333333333333,37.91,48.805870056152344,285.7546691894531,-0.00019536338605696812,-0.004153927816437641,59.06666666666667,37.8,45.13333333333333,-0.00130428304609842,110.5631103515625,0.004420960349982073,413.489990234375,0.011410596501439052,93.06999969482422,-0.016145766437984377,237.0399932861328,0.02494049822236044,56.95707702636719,75.11333333333333,1105.214923076923,1.039,91.74136,-0.52,3.1414285714285715,33.47
2020-06-18,85.13867950439453,96820400,0.037273226082252364,0.03519773691837402,0.11855728904786744,0.25708904422921974,0.08566666666666667,257.7843333333333,10.546666666666667,32.94,120.2173,0.71,74.92666666666666,38.79,49.02493667602539,285.8646545410156,0.0044885301628883045,0.00038489432867172546,59.13333333333333,38.1,45.266666666666666,0.002285303726374144,110.81578063964844,0.016856517413522898,420.4599914550781,0.007091475924288382,93.7300033569336,0.004345317529783177,238.07000732421875,0.006333218047122946,57.31779861450195,74.92666666666666,1106.345142857143,1.059,91.85167,-0.57,3.13,32.94
2020-06-19,84.65217590332031,264476000,0.011180177963558302,0.06899778559473946,0.10945894427756042,0.22420947895233478,0.086,257.828,10.52,35.12,120.2186,0.7,74.74,39.72,48.68682861328125,284.2310485839844,-0.006896654757118426,-0.005714613300669025,59.2,38.4,45.4,-0.021415304506498756,108.442626953125,0.01795656772103027,428.010009765625,-0.01952418399139333,91.9000015258789,-0.001050111279492394,237.82000732421875,0.009440340721720286,57.8588981628418,74.74,1107.4753626373627,1.063,91.96198,-0.6,3.13,35.12
2020-06-22,86.86699676513672,135445200,0.008108850377280374,0.038509705615690226,0.08420860980634615,0.22917466454578506,0.087,257.95899999999995,10.44,31.77,119.7532,0.71,74.17999999999999,40.6,49.6041259765625,286.0543518066406,0.01884077047957522,0.006414862949490452,59.4,39.3,45.8,0.0026625547918528447,108.73136138916016,0.024835879162343533,438.6400146484375,0.02785633858638037,94.45999908447266,0.012866863444428667,240.8800048828125,0.005250088627799077,58.162662506103516,74.17999999999999,1110.866021978022,1.08,92.29291,-0.63,3.13,31.77
2020-06-23,88.72113037109375,212155600,-0.004719810787922718,0.04048816151820955,0.013232514015136143,0.22240055255650248,0.08733333333333333,258.00266666666664,10.413333333333332,31.37,119.3285,0.72,73.99333333333333,40.4,49.96227264404297,287.3712463378906,0.007220098337176406,0.004603651449218926,59.46666666666667,39.6,45.93333333333333,0.022821799348383687,111.21280670166016,0.004354306676881858,440.54998779296875,0.0009528262561666612,94.55000305175781,0.0030720284763154915,241.6199951171875,-0.007017842796937068,57.754486083984375,73.99333333333333,1111.9962417582417,1.05,92.40322,-0.66,3.13,31.37
2020-06-24,87.155029296875,192623200,0.011248221223742139,0.06373945339746268,0.028884105023432305,0.19216981290635227,0.08766666666666667,258.04633333333334,10.386666666666667,33.84,119.9744,0.69,73.80666666666667,37.91,48.8353385925293,280.04083251953125,-0.022555700369007115,-0.02550851524560771,59.53333333333333,39.9,46.06666666666667,-0.030669378265658298,107.8019790649414,-0.02013391297914613,431.67999267578125,-0.027075675360760165,91.98999786376953,-0.033854783714459935,233.44000244140625,-0.014299809405447506,56.92860794067383,73.80666666666667,1113.1264615384616,1.001,92.51353,-0.64,3.13,33.84
2020-06-25,88.31207275390625,137522400,-0.0020009088364474348,0.051638929300817926,0.03946924642599203,0.18863202836399062,0.088,258.09,10.36,32.22,120.2997,0.68,73.62,38.66,49.46088790893555,283.0430603027344,0.012809357617558303,0.010720678681719553,59.6,40.2,46.2,0.005273032121213772,108.37042236328125,0.012208162575670034,436.95001220703125,0.0072834635710294915,92.66000366210938,0.004412263401836647,234.47000122070312,0.00016651597585104483,56.938087463378906,73.62,1114.2566813186813,1.007,92.62384,-0.65,3.13,32.22
2020-06-26,85.59860229492188,205256800,0.05717834357435847,0.0799707297421115,0.05480312097244289,0.2723180368605598,0.08833333333333333,258.1336666666666,10.333333333333332,34.73,120.533,0.64,73.43333333333334,38.53,48.48676300048828,276.3203125,-0.01969485283484529,-0.023751678615769323,59.666666666666664,40.5,46.333333333333336,-0.01856750984629474,106.3582534790039,-0.022954568026295363,426.9200134277344,0.012734649569885237,93.83999633789062,-0.007378324384920587,232.74000549316406,-0.026675571945771304,55.41923141479492,73.43333333333334,1115.386901098901,0.971,92.73415,-0.68,3.1214285714285714,34.73
2020-06-29,87.5713882446289,130646000,0.030156322134293756,0.07311077902140561,0.050804236255001634,0.27334031064394737,0.08933333333333333,258.26466666666664,10.253333333333332,31.78,120.6658,0.64,72.87333333333333,39.67,49.01679611206055,280.3815002441406,0.01093150127524356,0.014697391253640113,59.86666666666667,41.4,46.733333333333334,0.00958653899056916,107.37786102294922,-0.006371219748786849,424.20001220703125,0.0020247490283578085,94.02999877929688,-0.0024491162274011824,232.1699981689453,0.011647928708362842,56.06475067138672,72.87333333333333,1118.7775604395604,1.006,93.06508000000001,-0.7,3.0957142857142856,31.78
2020-06-30,88.30238342285156,140223200,0.045422357237836275,0.07154606414220877,0.054714847195906025,0.25324214595337646,0.08966666666666666,258.3083333333333,10.226666666666667,30.43,120.4649,0.66,72.68666666666667,39.27,49.895416259765625,283.97314453125,0.017924879171955732,0.012809847596870538,59.93333333333333,41.7,46.86666666666667,0.03058838525529395,110.6623764038086,0.02619044090489142,435.30999755859375,0.02052536775743019,95.95999908447266,0.030236483300278172,239.19000244140625,0.023535490620627098,57.38426208496094,72.68666666666667,1119.9077802197803,1.02,93.17539000000001,-0.68,3.087142857142857,30.43
2020-07-01,88.13536834716797,110737200,0.05190736663071638,0.0603662769272959,0.16733948928153963,0.2745467720572201,0.09,258.352,10.2,28.62,120.0808,0.69,72.5,39.88,49.976593017578125,285.9622802734375,0.0016269381818536655,0.00700466146357237,60.0,42.0,47.0,-0.018509398893699514,108.61408233642578,0.010337460718196079,439.80999755859375,0.011567326187388094,97.06999969482422,0.008486971690190748,241.22000122070312,-0.012738002012904426,56.65330123901367,72.5,1121.038,1.025,93.2857,-0.68,3.0785714285714283,28.62
2020-07-02,88.13536834716797,114041600,0.053747381748341594,0.05822415168732831,0.19675358868304138,0.2853320168603417,0.09032258064516129,258.3830967741935,10.141935483870967,27.68,119.8555,0.68,72.5516129032258,40.57,50.267860412597656,287.53704833984375,0.005828076253959313,0.005506908340849881,60.16129032258065,43.096774193548384,48.064516129032256,0.007227738455275912,109.39911651611328,0.007139479925121872,442.95001220703125,0.007726383046851915,97.81999969482422,-0.004435815101583307,240.14999389648438,0.02211809681871446,57.90636444091797,72.5516129032258,1121.4785108695653,1.04,93.32888064516129,-0.73,3.07,27.68
2020-07-06,90.49298858642578,118655600,0.021559641574468102,0.05237424497919552,0.1733585856350386,0.21143550212935613,0.09161290322580645,258.5074838709677,9.909677419354837,27.94,119.2852,0.69,72.75806451612902,40.51,51.1464958190918,291.9757385253906,0.01747906911657493,0.015436933122791041,60.806451612903224,47.483870967741936,52.32258064516129,0.019630506973176365,111.54667663574219,0.02176314226254883,452.5899963378906,0.009405010957017845,98.73999786376953,0.017530738375458377,244.36000061035156,0.0403277881153421,60.241600036621094,72.75806451612902,1123.240554347826,1.072,93.50160322580646,-0.76,3.047142857142857,27.94
2020-07-07,90.21221923828125,112424400,0.041697027882251936,0.041079739546439065,0.1812765850922542,0.2526234119984818,0.09193548387096774,258.5385806451613,9.851612903225806,29.43,119.5717,0.65,72.80967741935484,40.59,50.6116943359375,288.9645080566406,-0.010456268305182093,-0.010313290014978937,60.96774193548387,48.58064516129032,53.38709677419355,-0.00808958783353353,110.6443099975586,-0.007136726424498141,449.3599853515625,0.0003038158795412027,98.7699966430664,-0.0221803820404628,238.94000244140625,-0.020170182651009894,59.02651596069336,72.80967741935484,1123.6810652173913,1.063,93.54478387096775,-0.78,3.0414285714285714,29.43
2020-07-08,92.31328582763672,117092000,0.024988662929875893,0.020242589746329864,0.19466635789834896,0.1890187737914213,0.09225806451612903,258.56967741935483,9.793548387096774,28.08,119.5525,0.67,72.86129032258064,40.91,51.437782287597656,291.1745910644531,0.0163220765970995,0.0076482853298347475,61.12903225806452,49.67741935483871,54.45161290322581,0.001957541977101629,110.86090087890625,0.018515238551357616,457.67999267578125,0.008403380168718,99.5999984741211,0.02075831340252221,243.89999389648438,0.009488577432035683,59.58659362792969,72.86129032258064,1124.1215760869566,1.067,93.58796451612903,-0.75,3.0357142857142856,28.08
2020-07-09,92.71024322509766,125642800,0.008041497345601556,-0.0303645978588869,0.16250567718125764,0.20401536671731235,0.09258064516129032,258.6007741935484,9.735483870967741,29.26,119.5129,0.62,72.91290322580645,39.64,51.624019622802734,289.5169677734375,0.0036206330623624883,-0.005692884413285526,61.29032258064516,50.774193548387096,55.516129032258064,0.010825242451186323,112.06099700927734,0.006904395456822865,460.8399963378906,0.019377513401039437,101.52999877929688,0.01763018925528481,248.1999969482422,0.011470609851252256,60.27008819580078,72.91290322580645,1124.5620869565219,1.071,93.63114516129033,-0.77,3.03,29.26
2020-07-10,92.8724136352539,90257200,0.0042484280545105335,-0.0344557570282954,0.17734320120483305,0.20076426687219295,0.0929032258064516,258.6318709677419,9.67741935483871,27.29,119.3509,0.65,72.96451612903226,40.56,51.60968780517578,292.47314453125,-0.0002776191728515176,0.010210720223230219,61.45161290322581,51.87096774193548,56.58064516129032,0.002496177336978267,112.3407211303711,0.011630969342362851,466.20001220703125,-0.0055155871695720116,100.97000122070312,-0.015954840869332965,244.24000549316406,-0.014175563921814405,59.41572570800781,72.96451612903226,1125.002597826087,1.091,93.67432580645162,-0.76,3.0228571428571427,27.29
2020-07-13,92.44398498535156,191649200,0.03016427250124587,-0.006991274441854323,0.14762316311097523,0.22731421731348944,0.09387096774193548,258.72516129032255,9.503225806451612,32.19,119.1891,0.64,73.11935483870967,40.06,50.540061950683594,289.9405212402344,-0.020725292091089087,-0.008659336210422586,61.935483870967744,55.16129032258064,59.774193548387096,-0.05823287813291966,105.79879760742188,-0.05090092313380301,442.4700012207031,-0.027334872762827644,98.20999908447266,-0.05068786687019211,231.86000061035156,-0.017255331394045337,58.39048767089844,73.11935483870967,1126.3241304347825,1.066,93.80386774193549,-0.78,3.0014285714285713,32.19
2020-07-14,93.97380065917969,170989200,-0.000592579530602988,-0.03920377575212297,0.16646045321170955,0.28402501710191497,0.09419354838709677,258.7562580645161,9.44516129032258,29.52,119.3901,0.63,73.17096774193548,40.3,51.12263107299805,293.6978759765625,0.0115268778831914,0.01295905353365523,62.096774193548384,56.25806451612903,60.83870967741935,0.006481669774706766,106.48455047607422,-0.0196397550510361,433.7799987792969,0.008349452219411191,99.02999877929688,0.011817499723761005,234.60000610351562,0.016745459966723164,59.368263244628906,73.17096774193548,1126.7646413043478,1.073,93.84704838709678,-0.78,2.994285714285714,29.52
2020-07-15,94.62007141113281,153198000,-0.00463036651544968,-0.02747499161831579,0.1789959266385326,0.24142596840101005,0.09451612903225806,258.78735483870963,9.387096774193548,27.76,119.0331,0.64,73.22258064516129,41.2,51.399574279785156,296.3962097167969,0.005417233052650738,0.009187447240679658,62.25806451612903,57.354838709677416,61.903225806451616,-0.0009319242483938339,106.38531494140625,-0.001775068043336936,433.010009765625,0.0008078545091469991,99.11000061035156,0.0041773047827911025,235.5800018310547,-0.0070356461342948595,58.95056915283203,73.22258064516129,1127.2051521739131,1.101,93.89022903225808,-0.77,2.987142857142857,27.76
2020-07-16,93.45577239990234,110577600,-0.03809971643590093,-0.0034448119443876157,0.19262031269197322,0.25782625892541167,0.09483870967741935,258.8184516129032,9.329032258064515,28.0,118.9275,0.62,73.27419354838709,40.74,50.764495849609375,295.42010498046875,-0.01235571381815026,-0.003293242977907118,62.41935483870968,58.45161290322581,62.96774193548387,-0.01628512515942182,104.65281677246094,-0.01551927454134483,426.2900085449219,-0.0043386167140319065,98.68000030517578,-0.00657951880342289,234.02999877929688,0.0038648107637229145,59.178401947021484,73.27419354838709,1127.6456630434782,1.068,93.93340967741936,-0.79,2.98,28.0
2020-07-17,93.26697540283203,92186800,-0.038540448759064594,0.10311174378342058,0.19191457549554025,0.2553803209226837,0.09516129032258065,258.8495483870968,9.270967741935484,25.68,119.124,0.64,73.3258064516129,40.55,51.01280212402344,296.2765197753906,0.0048913373462760035,0.0028989726172445884,62.58064516129032,59.54838709677419,64.03225806451613,0.0066391077850973534,105.34761810302734,0.014379893405750632,432.4200134277344,0.0157073677235946,100.2300033569336,0.01568174246074472,237.6999969482422,-0.0006414511247568866,59.14044189453125,73.3258064516129,1128.0861739130435,1.061,93.97659032258065,-0.82,2.9842857142857144,25.68
2020-07-20,95.23249053955078,90318000,-0.03606759420309358,0.10756652232643105,0.17704130636685678,0.21225721546960097,0.09612903225806452,258.9428387096774,9.096774193548386,24.46,119.0483,0.62,73.48064516129033,40.83,52.31641387939453,298.6708984375,0.025554600043371956,0.008081567394961242,63.064516129032256,62.83870967741935,67.2258064516129,0.0026551762321351813,105.62733459472656,0.052842086111623,455.2699890136719,0.03462030804240768,103.69999694824219,0.03508622820767893,246.0399932861328,0.022953417953531563,60.49791717529297,73.48064516129033,1129.407706521739,1.077,94.10613225806452,-0.84,2.997142857142857,24.46
2020-07-21,93.9181137084961,103433200,-0.03863408999243301,0.1305670536273862,0.1950114682858335,0.19782575760345122,0.0964516129032258,258.97393548387095,9.038709677419355,24.84,118.4042,0.61,73.53225806451613,41.76,51.79114532470703,299.30633544921875,-0.01004022477340294,0.0021275491353294207,63.225806451612904,63.935483870967744,68.29032258064515,-0.021185665130540876,103.3895492553711,-0.024139500734903452,444.2799987792969,-0.001157137133257491,103.58000183105469,-0.025808775069107615,239.69000244140625,0.0012552362463449374,60.573856353759766,73.53225806451613,1129.8482173913044,1.119,94.1493129032258,-0.87,3.0014285714285713,24.84
2020-07-22,94.18194580078125,89001600,-0.022950896163963286,0.13148630949719298,0.21810641983517343,0.21022776245125807,0.0967741935483871,259.0050322580645,8.980645161290322,24.32,118.1337,0.6,73.58387096774193,41.88,52.20657730102539,301.00994873046875,0.008021293480068525,0.005691871769747614,63.38709677419355,65.03225806451613,69.35483870967742,-0.006109150479929326,102.75792694091797,0.0017331165386411662,445.04998779296875,0.0008688582380740328,103.66999816894531,0.004380671037852224,240.74000549316406,0.006425312107325221,60.96306228637695,73.58387096774193,1130.2887282608697,1.114,94.1924935483871,-0.88,3.0057142857142853,24.32
2020-07-23,89.89513397216797,197004400,0.03602754368998373,0.22680252080692642,0.341959655377126,0.261033961979116,0.0970967741935484,259.03612903225803,8.92258064516129,26.08,118.0613,0.59,73.63548387096773,40.99,50.85043716430664,297.4183654785156,-0.025976423026148332,-0.01193177590010197,63.54838709677419,66.12903225806451,70.41935483870968,-0.017035365065651953,101.00740814208984,-0.02990674738493726,431.739990234375,-0.007041533138154699,102.94000244140625,-0.014123158086286502,237.33999633789062,-0.009187101689677069,60.40298843383789,73.63548387096773,1130.7292391304347,1.11,94.23567419354839,-0.9,3.01,26.08
2020-07-24,89.67242431640625,185438800,0.14733037116294456,0.20188770297707648,0.3613824051707297,0.2520508707841651,0.09741935483870968,259.0672258064516,8.864516129032259,25.84,118.1329,0.59,73.68709677419355,41.23,50.23444747924805,295.5029296875,-0.012113753969670404,-0.006440206837711182,63.70967741935484,67.2258064516129,71.48387096774194,0.0024119959124551116,101.25103759765625,-0.003312161736523378,430.30999755859375,-0.0034000980689198324,102.58999633789062,-0.018791571264409335,232.8800048828125,-0.04730476868510791,57.54563903808594,73.68709677419355,1131.16975,1.112,94.27885483870968,-0.92,3.007142857142857,25.84
2020-07-27,91.79768371582031,121214000,0.14900849443979292,0.1911270562277294,0.31895422131420714,0.21556201383199247,0.09838709677419355,259.16051612903226,8.690322580645162,24.74,117.3869,0.62,73.84193548387097,41.46,51.02712631225586,297.6579895019531,0.015779586972371362,0.007292854310216645,64.19354838709677,70.51612903225806,74.6774193548387,0.031993321466010194,104.49039459228516,0.015779341831344107,437.1000061035156,0.026123407747758565,105.2699966430664,0.029242517244108646,239.69000244140625,0.039425878693112315,59.81442642211914,73.84193548387097,1132.4912826086957,1.134,94.40839677419355,-0.9,2.9985714285714287,24.74
2020-07-28,90.2896728515625,103625600,0.1760007733356046,0.17500545864074102,0.35921954281264323,0.235971546792888,0.09870967741935484,259.1916129032258,8.63225806451613,25.44,117.3189,0.59,73.89354838709677,40.89,50.43023681640625,295.77008056640625,-0.011697493842725892,-0.0063425441349844736,64.35483870967742,71.61290322580645,75.74193548387096,-0.003194929235424193,104.15655517578125,-0.011072972478395227,432.260009765625,-0.011589186189918554,104.05000305175781,-0.021319206301066873,234.5800018310547,-0.011267925948691415,59.14044189453125,73.89354838709677,1132.931793478261,1.101,94.45157741935485,-0.92,2.995714285714286,25.44
2020-07-29,92.0203857421875,90329200,0.15806493763190943,0.19122215390452246,0.3177125410072019,0.22906385847756328,0.09903225806451613,259.22270967741935,8.574193548387097,24.1,117.2126,0.58,73.94516129032257,41.13,51.16082763671875,299.40765380859375,0.014487158229540942,0.012298651828546836,64.51612903225806,72.70967741935483,76.80645161290323,0.018192854853293472,106.05146026611328,0.009346175764753939,436.29998779296875,0.018452648847979702,105.97000122070312,0.01717963487015095,238.61000061035156,0.015248806190574005,60.04226303100586,73.94516129032257,1133.372304347826,1.117,94.49475806451613,-0.95,2.992857142857143,24.1
2020-07-30,93.13383483886719,158130000,0.184140835134041,0.19781043017265665,0.29984989233436754,0.15812970960343353,0.09935483870967743,259.2538064516129,8.516129032258064,24.76,117.4008,0.55,73.99677419354838,39.85,51.44733428955078,298.3393249511719,0.005600117630356838,-0.003568141441383621,64.6774193548387,73.80645161290322,77.87096774193549,-0.010465615428991604,104.94156646728516,0.005913401700730736,438.8800048828125,0.015853546152904574,107.6500015258789,-0.010519234317151405,236.10000610351562,0.018497916004726722,61.15291976928711,73.99677419354838,1133.8128152173913,1.083,94.53793870967742,-0.97,2.99,24.76
2020-07-31,102.88389587402344,374336800,0.04755154503478565,0.08333040419577076,0.21656915975575597,0.08721911239271374,0.09967741935483872,259.28490322580643,8.458064516129033,24.46,117.2082,0.55,74.04838709677419,40.1,52.731842041015625,300.6969909667969,0.024967430659001755,0.007902632400240472,64.83870967741936,74.90322580645162,78.93548387096774,-0.01246777421371481,103.6331787109375,0.012395193175544161,444.32000732421875,0.014862967500622437,109.25,0.0013976559243329412,236.42999267578125,-0.001397179229999379,61.06747817993164,74.04838709677419,1134.2533260869566,1.087,94.58111935483872,-1.0,2.9742857142857146,24.46
2020-08-03,105.476318359375,308151200,0.03665644074152086,0.053945275339038146,0.23393619323613346,0.0010903442114107431,0.09935483870967743,259.35993548387097,8.361290322580645,24.28,117.8074,0.56,74.50645161290322,40.83,54.03068923950195,302.787353515625,0.02463117441404883,0.0069517241995247225,65.7741935483871,77.54838709677419,81.29032258064517,0.014976138536072936,105.1852035522461,0.008214786271870445,447.9700012207031,0.023066330828983128,111.7699966430664,0.01290023747511726,239.47999572753906,0.010570464778245858,61.712989807128906,74.50645161290322,1135.5748586956522,1.095,94.62270000000001,-1.02,2.927142857142857,24.28
2020-08-04,106.18072509765625,173071600,-0.000846355476485372,0.05567724245759953,0.20035480969037134,-0.006373066078814049,0.09903225806451614,259.3819032258064,8.341935483870968,23.76,117.7833,0.52,74.70967741935483,41.67,54.169158935546875,303.9569091796875,0.002562797143510931,0.003862630491276997,66.16129032258064,78.3225806451613,81.93548387096774,0.005232818119604632,105.7356185913086,-0.002343879702005891,446.9200134277344,-0.0235304404796286,109.13999938964844,0.0017537922851107446,239.89999389648438,-0.0024609817594477557,61.56111526489258,74.70967741935483,1136.0153695652175,1.111,94.62190000000001,-1.05,2.9114285714285715,23.76
2020-08-05,106.56558227539062,121776800,0.028631569090084907,0.05318453261380984,0.10026522498518742,0.005239063317507453,0.09870967741935484,259.4038709677419,8.32258064516129,22.99,116.8736,0.55,74.91290322580645,42.25,54.36972427368164,305.8447570800781,0.0037025743444421,0.006210906360001767,66.54838709677419,79.09677419354838,82.58064516129032,-0.00861924965756855,104.82425689697266,0.005795212252917903,449.510009765625,0.004672916795698923,109.6500015258789,0.013755744625745026,243.1999969482422,0.0003083429127634929,61.58009719848633,74.91290322580645,1136.4558804347826,1.127,94.6211,-1.06,2.8957142857142855,22.99
2020-08-06,110.28357696533203,202428800,0.011543892950088397,0.04026035398329264,0.06387563577090383,0.011016120343499747,0.09838709677419355,259.4258387096774,8.303225806451612,22.65,117.0422,0.55,75.11612903225806,41.93,55.13373565673828,307.8892517089844,0.014052147463739617,0.006684746367487726,66.93548387096774,79.87096774193549,83.2258064516129,0.00490664706385413,105.33859252929688,0.03247975633189992,464.1099853515625,0.007934291884001299,110.5199966430664,0.0015214242624159713,243.57000732421875,-0.019423456312214427,60.38399887084961,75.11612903225806,1136.8963913043478,1.127,94.6203,-1.08,2.88,22.65
2020-08-07,107.77618408203125,198045600,0.03415474811771402,0.11931633164477384,0.01536742448911399,0.07125680638575616,0.09806451612903226,259.4478064516129,8.283870967741935,22.21,117.6239,0.57,75.31935483870967,41.16,54.312408447265625,308.1103210449219,-0.014896999082126827,0.0007180157628445816,67.3225806451613,80.64516129032258,83.87096774193549,-0.0035977559111577406,104.95960998535156,-0.03132873346030196,449.57000732421875,-0.0180057720250969,108.52999877929688,-0.030094024759368843,236.24000549316406,-0.0006288337521873633,60.34602737426758,75.31935483870967,1137.3369021739131,1.094,94.6195,-1.04,2.8914285714285715,22.21
2020-08-10,109.34270477294922,212403600,0.016677496919954127,0.11647558880911202,0.04073977758639247,0.05470958326352915,0.0970967741935484,259.51370967741934,8.225806451612904,22.13,117.5821,0.59,75.92903225806451,41.94,54.15961456298828,309.0310974121094,-0.002813240816335716,0.0029884632363654795,68.48387096774194,82.96774193548387,85.80645161290323,0.0037826556526565636,105.35663604736328,-0.013968900676169627,443.2900085449219,-0.012346782944461232,107.19000244140625,-0.018455809807698786,231.8800048828125,0.02627036043012887,61.931339263916016,75.92903225806451,1138.6584347826088,1.115,94.61710000000001,-1.02,2.9257142857142857,22.13
2020-08-11,106.09085845947266,187902400,0.05657147751389169,0.1412570715515491,0.03762284401592142,0.065331798309753,0.0967741935483871,259.53567741935484,8.206451612903226,24.03,117.3781,0.64,76.13225806451612,41.53,53.18548583984375,306.48028564453125,-0.01798625656782704,-0.008254223568240016,68.87096774193549,83.74193548387096,86.45161290322581,-0.001712903002721755,105.1761703491211,-0.01818222248015533,435.2300109863281,-0.018751768732622298,105.18000030517578,-0.013325907933464665,228.7899932861328,-0.011955950038340157,61.19089126586914,76.13225806451612,1139.098945652174,1.122,94.61630000000001,-0.99,2.9371428571428573,24.03
2020-08-12,109.6167221069336,165598000,0.02386954110833317,0.11956903559189058,-0.008937209987163519,0.027962755024592445,0.0964516129032258,259.55764516129034,8.187096774193549,22.28,117.2559,0.69,76.33548387096774,42.6,54.39360427856445,310.7532653808594,0.02271519042542325,0.013942103086147961,69.25806451612904,84.51612903225806,87.09677419354838,0.02282090269077619,107.57638549804688,0.023274990486702896,445.3599853515625,0.019965758395398714,107.27999877929688,0.012150942434834278,231.57000732421875,0.03164756176817596,63.12743377685547,76.33548387096774,1139.539456521739,1.119,94.61550000000001,-0.98,2.9485714285714284,22.28
2020-08-13,111.55667877197266,210082000,0.02838874440678496,0.08694896312443001,0.0030432998811307233,0.040745435101471106,0.09612903225806452,259.5796129032258,8.167741935483871,22.13,117.1193,0.71,76.53870967741935,42.26,54.41747283935547,310.1914367675781,0.00043881189907502005,-0.0018079572312543757,69.64516129032258,85.29032258064517,87.74193548387096,-0.009310542818667389,106.57479095458984,0.010463453869639538,450.0199890136719,0.012863580336643476,108.66000366210938,0.02858744616231279,238.19000244140625,-0.021503850686449888,61.76995086669922,76.53870967741935,1139.9799673913044,1.097,94.6147,-0.96,2.96,22.13
2020-08-14,111.4572525024414,165565200,0.08234897502725214,0.08615637358669437,0.005504374894114372,0.03923307156412936,0.09580645161290323,259.6015806451613,8.148387096774194,22.05,116.9395,0.71,76.74193548387096,42.05,54.379276275634766,310.2007141113281,-0.0007019172653141004,2.990844572203777e-05,70.03225806451613,86.06451612903226,88.38709677419355,-0.007874023075858605,105.7356185913086,-0.005377500931592505,447.6000061035156,-0.006074025767215385,108.0,-0.016121568069739856,234.35000610351562,0.03918871199488261,64.19063568115234,76.74193548387096,1140.4204782608697,1.097,94.6139,-0.94,2.9642857142857144,22.05
2020-08-17,111.16626739501953,119561600,0.09816101191528115,0.1259294540410829,-0.021617229270763372,0.04239023498047634,0.09483870967741935,259.6674838709677,8.09032258064516,21.35,116.749,0.69,77.35161290322581,42.89,54.742183685302734,311.18609619140625,0.006673634415958141,0.0031765951374453927,71.19354838709677,88.38709677419355,90.3225806451613,0.002218850320792054,105.97023010253906,0.008891823982302594,451.5799865722656,0.014074042991355507,109.5199966430664,0.019842089931204843,239.0,-0.010056402762433914,63.545108795166016,77.35161290322581,1141.7420108695653,1.108,94.6115,-0.97,2.9771428571428573,21.35
2020-08-18,112.09257507324219,105633600,0.08015131568469203,0.1611031923201689,-0.04519187666814728,0.04279107863915255,0.09451612903225806,259.6894516129032,8.070967741935483,21.51,116.5593,0.67,77.55483870967743,42.89,54.947509765625,311.8583679199219,0.003750783518294165,0.0021603527173723602,71.58064516129032,89.16129032258064,90.96774193548387,0.0037465091114081694,106.36724853515625,0.026418405483189522,463.510009765625,-0.0033783338981769884,109.1500015258789,0.015439340759021869,242.69000244140625,-0.007618575829982599,63.06098556518555,77.55483870967743,1142.1825217391304,1.123,94.61070000000001,-1.01,2.9814285714285718,21.51
2020-08-19,112.23322296142578,145538000,0.09346844557946632,0.13562224004908563,-0.07663708285020776,0.033606235707192234,0.09419354838709677,259.7114193548387,8.051612903225806,22.54,116.567,0.68,77.75806451612904,42.91,54.88065719604492,310.55987548828125,-0.0012166624086374922,-0.0041637248354164935,71.96774193548387,89.93548387096774,91.61290322580645,0.002290599011545824,106.61089324951172,-0.003236176066097163,462.010009765625,-0.005680281611677551,108.52999877929688,-0.005233030861119037,241.4199981689453,-0.005135363681177396,62.737144470214844,77.75806451612904,1142.6230326086957,1.094,94.60990000000001,-0.99,2.9857142857142858,22.54
2020-08-20,114.7236328125,126907200,0.05694365971636994,0.02202485646126484,-0.06928756533193736,-0.00034966950977632916,0.09387096774193548,259.7333870967742,8.03225806451613,22.72,116.8126,0.65,77.96129032258065,42.62,55.61125946044922,311.5268249511719,0.013312564056848553,0.0031135685554044557,72.35483870967742,90.70967741935483,92.25806451612902,-0.005924771694374775,105.979248046875,0.03564858092372991,478.4800109863281,0.02515436642070945,111.26000213623047,0.032018870790188725,249.14999389648438,-0.031577086112349884,60.75608825683594,77.96129032258065,1143.063543478261,1.107,94.60910000000001,-0.97,2.99,22.72
2020-08-21,120.6356430053711,338054800,0.0035177180810341824,-0.02741836793742458,-0.10098909337902873,-0.04442670118906866,0.0935483870967742,259.75535483870965,8.012903225806452,22.54,117.0572,0.64,78.16451612903226,42.32,56.31797409057617,312.6319580078125,0.012708121286653551,0.00354747318088533,72.74193548387096,91.48387096774194,92.90322580645162,-0.01217537048683337,104.68891143798828,-0.010993165116306769,473.2200012207031,-0.006201711559931322,110.56999969482422,-0.003531967271044989,248.27000427246094,-0.023828449628815362,59.30836486816406,78.16451612903226,1143.504054347826,1.076,94.6083,-1.0,2.9785714285714286,22.54
2020-08-24,122.07846069335938,345937600,0.025286312138664835,-0.10358939790768962,-0.14887856235596275,-0.06606721501339785,0.09258064516129032,259.82125806451614,7.95483870967742,22.37,116.912,0.65,78.7741935483871,42.44,56.805049896240234,315.7998352050781,0.008648674131649381,0.01013292824397194,73.90322580645162,93.80645161290323,94.83870967741936,0.010429328254305092,105.78074645996094,0.0065085722588238415,476.29998779296875,0.006421263330309124,111.27999877929688,0.014218386106051417,251.8000030517578,0.023607008585138534,60.708457946777344,78.7741935483871,1144.8255869565219,1.11,94.6059,-1.02,2.9442857142857144,22.37
2020-08-25,121.07694244384766,211495600,0.07494494100964233,-0.06012408350276943,-0.13302602421442444,-0.08634930868995994,0.09225806451612903,259.84322580645164,7.935483870967742,22.03,116.8206,0.69,78.97741935483872,43.17,57.0915412902832,316.90496826171875,0.00504341417825116,0.003499473189791047,74.29032258064517,94.58064516129032,95.48387096774194,0.02277565194512121,108.18997192382812,0.017069084801963896,484.42999267578125,-0.0001796966506628639,111.26000213623047,0.0017474282608163083,252.24000549316406,0.00486334415752121,61.00370407104492,78.97741935483872,1145.266097826087,1.149,94.60510000000001,-1.01,2.932857142857143,22.03
2020-08-26,122.7234878540039,163022400,0.03855053581110024,-0.10300546208590244,-0.1125688526759907,-0.0881566652138156,0.09193548387096774,259.8651935483871,7.916129032258064,23.27,116.6243,0.69,79.18064516129033,43.21,58.25190734863281,320.08209228515625,0.020324658121414263,0.010025478744825733,74.6774193548387,95.35483870967742,96.12903225806451,0.005087557179925595,108.74039459228516,0.09095224949889125,528.489990234375,0.012672982254560816,112.66999816894531,-0.01597684225948881,248.2100067138672,-0.004527770716847512,60.72749328613281,79.18064516129033,1145.7066086956522,1.16,94.60430000000001,-1.03,2.9214285714285717,23.27
2020-08-27,121.25641632080078,155552400,-0.033037525637341636,-0.10407170408248845,-0.08039358168126098,-0.07023302429995593,0.09161290322580645,259.8871612903226,7.896774193548387,24.47,116.649,0.74,79.38387096774194,42.88,58.299652099609375,320.7820129394531,0.0008196255393118079,0.0021866910744676726,75.06451612903226,96.12903225806451,96.7741935483871,-0.007089824533683564,107.96944427490234,-0.03438094050201068,510.32000732421875,-0.029377807867099648,109.36000061035156,-0.020547141394645085,243.11000061035156,-0.027132957957825887,59.079776763916016,79.38387096774194,1146.1471195652175,1.105,94.60350000000001,-0.99,2.91,24.47
2020-08-28,121.06000518798828,187630000,-0.030827643061067223,-0.0756965603507076,-0.08587259415851578,-0.06422997033510536,0.09129032258064516,259.9091290322581,7.877419354838709,22.96,115.9374,0.74,79.58709677419355,42.96,58.81059646606445,322.85400390625,0.008764106612198841,0.006459186872139089,75.45161290322581,96.90322580645162,97.41935483870968,0.004536322697703321,108.459228515625,0.011992465569352628,516.4400024414062,0.01371616671203646,110.86000061035156,0.01760519422710516,247.38999938964844,0.016766393913920652,60.07033157348633,79.58709677419355,1146.5876304347826,1.117,94.60270000000001,-1.03,2.912857142857143,22.96
2020-08-31,125.16537475585938,225702700,-0.12569728915772804,-0.10461854787330926,-0.10252616228675981,-0.07582601289943802,0.09032258064516129,259.9750322580645,7.819354838709677,26.41,115.7586,0.72,80.19677419354839,42.61,58.996826171875,321.6844787597656,0.0031666012079643036,-0.0036224582391239935,76.61290322580645,99.2258064516129,99.35483870967742,-0.022579046323120577,106.01032257080078,-0.005905793080610122,513.3900146484375,0.00045104682917651573,110.91000366210938,-0.006831328855555041,245.6999969482422,-0.023307690690786642,58.670230865478516,80.19677419354839,1147.9091630434782,1.104,94.6003,-1.08,2.9214285714285717,26.41
2020-09-01,130.1510467529297,151948100,-0.12565203980173,-0.16433126418079957,-0.12960200028629787,-0.08382957705180993,0.09,259.997,7.8,26.12,115.5687,0.68,80.4,42.76,60.1237678527832,324.7143249511719,0.019101734008963422,0.009418689403628111,77.0,100.0,100.0,0.016084939998135983,107.71549224853516,0.028360500093801422,527.9500122070312,0.027680097317254404,113.9800033569336,0.03178672224501078,253.50999450683594,0.004707852361198528,58.946441650390625,80.4,1148.3496739130435,1.104,94.5995,-1.08,2.9242857142857144,26.12
2020-09-02,127.45454406738281,200119000,-0.1363015019644167,-0.16027394685485608,-0.1398783003811508,-0.061702152112910746,0.09,260.00773333333336,7.77,26.57,116.0304,0.66,80.44666666666667,42.76,60.6585807800293,329.4109802246094,0.00889519979113107,0.014463960818925203,76.86666666666666,98.96666666666667,99.0,0.025850507331346195,110.49999237060547,0.011080548253957545,533.7999877929688,0.02728542629725972,117.08999633789062,0.030925848158102065,261.3500061035156,0.05154306862287772,61.98472213745117,80.44666666666667,1148.7901847826088,1.071,94.63187333333335,-1.07,2.9271428571428575,26.57
2020-09-03,117.25040435791016,257599600,-0.07346115317656632,-0.11614807025785967,-0.03623413083276583,0.018796420801464375,0.09,260.01846666666665,7.74,33.6,116.0685,0.63,80.49333333333334,41.39,57.20137405395508,318.0744934082031,-0.0569945205050435,-0.03441441693496816,76.73333333333333,97.93333333333334,98.0,-0.03866052678728937,106.2280044555664,-0.04870738215543746,507.79998779296875,-0.07712015596309951,108.05999755859375,-0.07369431534658732,242.08999633789062,-0.05562368656679584,58.536903381347656,80.49333333333334,1149.230695652174,1.049,94.66424666666667,-1.02,2.93,33.6
2020-09-04,117.32801055908203,332607200,-0.046296117474249776,-0.08994696918414946,-0.06448401028532391,0.012408234215524283,0.09,260.0292,7.71,30.75,116.0347,0.72,80.54,39.69,56.4039306640625,315.4775085449219,-0.013940983115901973,-0.0081647064354462,76.6,96.9,97.0,0.0027320683416409697,106.51822662353516,-0.03123274071055837,491.94000244140625,-0.020173980699876637,105.87999725341797,-0.03391297277570793,233.8800048828125,-0.008135562249260264,58.060672760009766,80.54,1149.6712065217391,1.041,94.69662000000001,-0.98,2.92,30.75
2020-09-08,109.43242645263672,231366600,0.024109202708650468,-0.008952261183738153,0.020031823414143446,0.0987724288454297,0.09,260.07213333333334,7.59,31.46,116.4618,0.69,80.72666666666667,36.87,53.8540153503418,306.8577575683594,-0.04520811375554312,-0.02732287007184575,76.06666666666666,92.76666666666667,93.0,-0.03840252201097627,102.42765808105469,-0.06059681548695428,462.1300048828125,-0.051378871865583764,100.44000244140625,-0.04070465227342124,224.36000061035156,-0.08743433175931259,52.98417663574219,80.72666666666667,1151.43325,0.978,94.82611333333334,-0.99,2.88,31.46
2020-09-09,113.79730224609375,176940500,-0.04423779334979927,-0.0869414922859495,-0.020030585345315433,0.062006323563722265,0.09,260.0828666666667,7.56,28.81,116.1291,0.71,80.77333333333334,38.05,55.61125946044922,312.9174499511719,0.032629769547838805,0.019747561315808015,75.93333333333334,91.73333333333333,92.0,0.02240335817232375,104.72238159179688,0.0375002410342522,479.4599914550781,0.03882909002077661,104.33999633789062,0.037528963032801954,232.77999877929688,-0.007729660799494109,52.57462692260742,80.77333333333334,1151.8737608695653,1.005,94.85848666666668,-1.0,2.87,28.81
2020-09-10,110.0822982788086,182274400,-0.027755570890725,-0.046435623094986944,0.030663593071784012,0.07489756358625899,0.09,260.09360000000004,7.53,29.71,115.8806,0.68,80.82000000000001,37.25,54.355403900146484,307.48394775390625,-0.022582757025956246,-0.017364011492850495,75.8,90.7,91.0,-0.010306588027601538,103.64305114746094,-0.0066741370426794955,476.260009765625,-0.020318144446950015,102.22000122070312,-0.01967523779994984,228.1999969482422,-0.0014491961797177266,52.498435974121094,80.82000000000001,1152.3142717391304,0.959,94.89086,-1.01,2.86,29.71
2020-09-11,108.63705444335938,180860300,-0.04607137329173194,0.002499986656624875,0.11071412619574206,0.1022554798432167,0.09,260.10433333333333,7.5,26.87,116.0866,0.67,80.86666666666667,37.33,53.93995666503906,307.6405334472656,-0.007643163426227506,0.0005092483510218404,75.66666666666667,89.66666666666667,90.0,-0.0041129352708657585,103.2167739868164,-0.010309502291669714,471.3500061035156,-0.00694579413024754,101.51000213623047,-0.003155132472970279,227.47999572753906,-0.0021773487427473315,52.38412857055664,80.86666666666667,1152.7547826086957,0.994,94.92323333333334,-0.98,2.861428571428571,26.87
2020-09-14,111.89617919921875,140150100,-0.04576981651190992,-0.003467504351426176,0.04975714651174079,0.06294363137215964,0.09,260.1365333333334,7.41,25.85,115.6428,0.68,81.00666666666667,37.23,55.07166290283203,311.692626953125,0.020980851816784662,0.01317152021696777,75.26666666666667,86.56666666666666,87.0,0.007205427757273064,103.96049499511719,0.030889991238052916,485.9100036621094,0.016944155103009617,103.2300033569336,0.010330605537421933,229.8300018310547,0.02654573907939639,53.77470397949219,81.00666666666667,1154.0763152173913,0.988,95.02035333333333,-0.97,2.8657142857142857,25.85
2020-09-15,112.07075500488281,184642000,-0.03228314305246427,-0.012549986936102875,0.048900978383096705,0.055825796914741765,0.09,260.14726666666667,7.38,25.59,115.5908,0.68,81.05333333333334,38.29,55.61602783203125,313.2673645019531,0.009884664825895895,0.005052213022237906,75.13333333333334,85.53333333333333,86.0,0.012563269146232514,105.2665786743164,0.024202032633603876,497.6700134277344,0.019374212292570636,105.2300033569336,0.026280264708750778,235.8699951171875,0.013106669666892667,54.47951126098633,81.05333333333334,1154.5168260869566,0.991,95.05272666666667,-0.99,2.867142857142857,25.59
2020-09-16,108.7631607055664,154679000,-0.044680254815494425,0.03281891131367187,0.07651823239725841,0.1424294874964971,0.09,260.158,7.3500000000000005,26.04,115.3537,0.69,81.10000000000001,40.17,54.756500244140625,312.0240783691406,-0.01545467415412205,-0.003968770046599457,75.0,84.5,85.0,-0.004308026504219908,104.8130874633789,-0.043542935766775925,476.0,-0.025468024514694654,102.55000305175781,-0.021664479230657396,230.75999450683594,-0.012762195394776077,53.78423309326172,81.10000000000001,1154.9573369565219,1.004,95.08510000000001,-0.99,2.8685714285714288,26.04
2020-09-17,107.02690124511719,178011000,-0.019213329122775957,0.05845548583107063,0.07866594716510922,0.16032706906003114,0.09,260.16873333333336,7.32,26.46,115.4392,0.69,81.14666666666666,40.99,54.30286407470703,309.27984619140625,-0.008284608537999727,-0.00879493721150526,74.86666666666666,83.46666666666667,84.0,-0.0006057623415706148,104.74959564208984,-0.003571454216452219,474.29998779296875,-0.013651891606208055,101.1500015258789,-0.016423961589323688,226.97000122070312,-0.0023022559981003,53.66040802001953,81.14666666666666,1155.397847826087,1.041,95.11747333333334,-0.97,2.87,26.46
2020-09-18,103.63199615478516,287104900,0.050917184565435036,0.05784336049692951,0.0855482850831093,0.20668303829723267,0.09,260.17946666666666,7.29,25.83,115.2395,0.7,81.19333333333333,41.09,53.3669548034668,305.71917724609375,-0.017234989114987775,-0.011512773913851748,74.73333333333333,82.43333333333334,83.0,-0.00502201826269244,104.22354125976562,-0.014231499417508675,467.54998779296875,-0.013741961133760472,99.76000213623047,-0.008106782076902852,225.1300048828125,-0.003372277641309429,53.47945022583008,81.19333333333333,1155.8383586956522,1.031,95.14984666666668,-0.97,2.8742857142857146,25.83
2020-09-21,106.77471160888672,195713800,0.044331349911665985,0.058321171403715955,0.06749626210461823,0.1526026648469918,0.09,260.2116666666667,7.2,27.78,116.378,0.68,81.33333333333333,39.26,53.81056594848633,302.316650390625,0.008312468767483594,-0.011129582665106552,74.33333333333333,79.33333333333333,80.0,-0.008528424568187476,103.33467864990234,0.017303020140492453,475.6400146484375,0.023456257896778743,102.0999984741211,0.01114908920355795,227.63999938964844,0.020836963740815673,54.59379959106445,81.33333333333333,1157.1598913043479,0.986,95.24696666666667,-0.94,2.887142857142857,27.78
2020-09-22,108.4527587890625,183055400,0.020391456421050336,0.012074115448902356,0.045255263409665236,0.14883490255446308,0.09,260.2224,7.17,26.86,116.5438,0.68,81.38,39.55,54.662437438964844,305.39556884765625,0.015830933487932963,0.010184415754319165,74.2,78.3,79.0,0.006758423461766139,104.0330581665039,0.023421040677356286,486.7799987792969,0.007149886070944689,102.83000183105469,0.008434362036958465,229.55999755859375,0.009944074798358793,55.13668441772461,81.38,1157.6004021739132,0.956,95.27934,-0.94,2.8914285714285715,26.86
2020-09-23,103.90359497070312,150718700,0.08112379809986914,0.07430890650695088,0.08056354529735699,0.23326665125665502,0.09,260.23313333333334,7.140000000000001,28.58,117.2526,0.68,81.42666666666666,39.92,52.95872116088867,298.31317138671875,-0.031167952947186328,-0.023190897915321362,74.06666666666666,77.26666666666667,78.0,-0.019180509923091504,102.03765106201172,-0.03367020866091608,470.3900146484375,-0.030244097587989516,99.72000122070312,-0.033498878389922604,221.8699951171875,-0.011055400082649824,54.52712631225586,81.42666666666666,1158.0409130434782,0.953,95.31171333333333,-0.92,2.8957142857142855,28.58
2020-09-24,104.9705581665039,167743300,0.07919032472614962,0.06237289406899671,0.06301975746111488,0.2122149467453358,0.09,260.2438666666667,7.11,28.51,117.5473,0.67,81.47333333333333,40.11,53.255428314208984,299.1082458496094,0.0056026117477216975,0.0026652341872626106,73.93333333333334,76.23333333333333,77.0,0.0015999367143455512,102.2009048461914,-0.0057824382661184615,467.6700134277344,0.024067403695344547,102.12000274658203,-0.004101448701252619,220.9600067138672,0.009432446252294335,55.04145050048828,81.47333333333333,1158.4814239130435,0.981,95.34408666666667,-0.91,2.9,28.51
2020-09-25,108.90864562988281,149981400,0.006590601079911496,0.04177052631077505,0.02467041040082041,0.1773928092114858,0.09,260.25460000000004,7.08,26.38,117.8679,0.66,81.52,40.06,54.528438568115234,303.94390869140625,0.023903859084475787,0.016166932570051085,73.8,75.2,76.0,0.0071001264064518566,102.92654418945312,0.02589429513088448,479.7799987792969,0.015667826391383866,103.72000122070312,0.030955811595118732,227.8000030517578,0.007613738259060643,55.46052169799805,81.52,1158.9219347826088,0.99,95.37646000000001,-0.92,2.8971428571428572,26.38
2020-09-28,111.5081787109375,137672400,0.013395960480582447,0.08211534251074193,0.01426578450422844,0.19107364733572352,0.09,260.2868,6.99,26.19,117.6178,0.67,81.66,40.47,55.571720123291016,308.99224853515625,0.019132797171012905,0.016609445688466007,73.4,72.1,73.0,0.03154708234982273,106.17357635498047,0.018195862704864396,488.510009765625,0.014751241431642859,105.25,0.019095657534904387,232.14999389648438,0.019405937679328078,56.53678512573242,81.66,1160.2434673913044,1.005,95.47358,-0.94,2.8885714285714283,26.19
2020-09-29,110.66426849365234,99382200,-0.008151127608732045,0.061443005774496795,-0.02533073624953952,0.18417658699039174,0.09,260.2975333333334,6.96,26.27,117.526,0.66,81.70666666666666,39.03,55.38507843017578,307.3094482421875,-0.003358573258145592,-0.005446092259422164,73.26666666666667,71.06666666666666,72.0,-0.0035025624115117004,105.80169677734375,0.00167852611051722,489.3299865722656,0.005035617855552177,105.77999877929688,0.003316839511976477,232.9199981689453,0.004885168316726141,56.8129768371582,81.70666666666666,1160.6839782608697,0.968,95.50595333333334,-0.98,2.8857142857142857,26.27
2020-09-30,112.33264923095703,142675200,-0.0063035256507126824,0.04645555301618187,-0.0042312834474297345,0.15664177363448561,0.09,260.30826666666667,6.930000000000001,26.37,116.946,0.69,81.75333333333333,40.05,55.84928894042969,309.63946533203125,0.008381508583383823,0.007581989760391261,73.13333333333334,70.03333333333333,71.0,0.0007717246770178043,105.88334655761719,0.002247984251325219,490.42999267578125,0.00803553113944111,106.62999725341797,-0.008200256212967938,231.00999450683594,-0.0033529438741125572,56.62248611450195,81.75333333333333,1161.1244891304348,1.038,95.53832666666666,-0.94,2.8828571428571426,26.37
2020-10-01,113.28321075439453,116120400,-0.015583377900853956,0.033564680352717424,-0.06789961946375256,0.13810220283767993,0.09,260.319,6.9,26.7,116.7227,0.68,81.8,38.51,56.437931060791016,311.6272888183594,0.01053983195720165,0.006419800151109767,73.0,69.0,70.0,0.01927362793048326,107.92410278320312,0.01851440006819982,499.510009765625,0.01875644801196774,108.62999725341797,0.01277006310194051,233.9600067138672,0.020185208827315115,57.76542282104492,81.8,1161.565,1.003,95.5707,-0.95,2.88,26.7
2020-10-02,109.62641906738281,144712000,0.03494958644867263,0.053088067509994064,-0.037603989824172346,0.14699406790501235,0.09,260.33809677419356,6.893548387096774,27.63,116.7321,0.7,81.64193548387097,36.9,55.00700378417969,308.668701171875,-0.0253539995126687,-0.009493994116185567,72.93548387096774,68.41935483870968,69.64516129032258,-0.04185219840082888,103.40724182128906,-0.041080296951162554,478.989990234375,-0.030470382419986675,105.31999969482422,-0.035903611361862486,225.55999755859375,-0.04023110827354337,55.44145584106445,81.64193548387097,1161.8096847826087,0.96,95.5875935483871,-0.94,2.8785714285714286,27.63
2020-10-05,113.00193786621094,106243800,0.06781098870531399,-0.004463659386458652,-0.05201726509125748,0.12648934367402376,0.09,260.3953870967742,6.8741935483870975,27.96,116.1767,0.78,81.16774193548387,39.12,56.21300506591797,314.14227294921875,0.021924504131692668,0.017732837040370653,72.74193548387096,66.6774193548387,68.58064516129032,0.02271710784448988,105.75635528564453,0.015616215659680188,486.4700012207031,0.02031902198869462,107.45999908447266,0.014940570817802312,228.92999267578125,0.04105845436571487,57.717796325683594,81.16774193548387,1162.543739130435,1.028,95.63827419354838,-0.9,2.874285714285714,27.96
2020-10-06,109.7622299194336,161498200,0.07016606594051256,0.03844105220391958,0.015818230031720226,0.12069997716649783,0.09,260.41448387096773,6.867741935483871,29.48,116.2681,0.76,81.00967741935484,40.52,55.342002868652344,309.67645263671875,-0.01549467416382111,-0.014215916471776113,72.6774193548387,66.09677419354838,68.2258064516129,-0.009090950408164322,104.79492950439453,-0.015396612772792362,478.9800109863281,-0.0180532519815233,105.5199966430664,-0.004018687801419896,228.00999450683594,-0.003300182797860818,57.52731704711914,81.00967741935484,1162.7884239130435,1.067,95.65516774193549,-0.9,2.8728571428571428,29.48
2020-10-07,111.62455749511719,96849000,0.053093756523030056,0.015554457723383708,0.03432410712320699,0.13960620480526975,0.09,260.4335806451613,6.861290322580645,28.06,116.3447,0.81,80.8516129032258,39.82,56.35657501220703,315.0669250488281,0.01833276880062784,0.01740678816943486,72.61290322580645,65.51612903225806,67.87096774193549,0.02709024765499435,107.63385009765625,0.029583662334837335,493.1499938964844,0.02767253498137512,108.44000244140625,0.021928863297481893,233.00999450683594,0.011920274745280901,58.21305847167969,80.8516129032258,1163.0331086956521,1.058,95.67206129032257,-0.9,2.8714285714285714,28.06
2020-10-08,111.51787567138672,83477200,0.04992607514973613,0.006784215308460961,0.03413733349634129,0.15054200040487453,0.09,260.45267741935487,6.85483870967742,26.36,116.1657,0.78,80.69354838709677,41.04,56.64850997924805,317.859130859375,0.005180140329283267,0.008862262549819144,72.54838709677419,64.93548387096774,67.51612903225806,0.01407272750986266,109.14855194091797,-0.00468416827980056,490.8399963378906,0.008115061173052496,109.31999969482422,0.005579172921355902,234.30999755859375,0.02421494496403853,59.622684478759766,80.69354838709677,1163.277793478261,1.087,95.68895483870968,-0.94,2.87,26.36
2020-10-09,113.45781707763672,100506900,0.017525956142039556,-0.016499874959174265,-0.0038415339022696005,0.10457851155086062,0.09,260.4717741935484,6.848387096774194,25.0,115.2757,0.79,80.53548387096774,40.44,57.51472091674805,320.6976318359375,0.015290974781460687,0.008930059579815186,72.48387096774194,64.35483870967742,67.16129032258064,0.024846293445574652,111.86048889160156,0.02306252018718169,502.1600036621094,0.023874868437958163,111.93000030517578,0.013614452966773438,237.5,0.011022136084381184,60.27985382080078,80.53548387096774,1163.5224782608695,1.095,95.70584838709678,-0.94,2.8614285714285717,25.0
2020-10-12,120.66471099853516,240226800,-0.06768487012800206,-0.07516070199576186,-0.06615690104146088,0.037156090773984074,0.09,260.52906451612904,6.829032258064516,25.07,115.75195000000001,0.7525,80.06129032258065,39.22,59.08443832397461,325.85693359375,0.027292445867879822,0.016087745108301466,72.29032258064517,62.61290322580645,66.09677419354838,0.022541195208384712,114.3819580078125,0.01738491899526573,510.8900146484375,0.03243095902368287,115.55999755859375,0.019452611019736832,242.1199951171875,0.021962407041841825,61.60374450683594,80.06129032258065,1164.2565326086958,1.062,95.75652903225806,-0.955,2.835714285714286,25.07
2020-10-13,117.46381378173828,262330500,-0.02964494459905309,-0.0371593879197728,-0.011592587971447799,0.08270713513585837,0.09,260.5481612903226,6.822580645161291,26.07,115.9107,0.74,79.90322580645162,40.03,58.706356048583984,323.7303771972656,-0.006399016155785531,-0.006526043110488433,72.2258064516129,62.03225806451613,65.74193548387096,-0.019982695084507562,112.09629821777344,0.006694166674033886,514.3099975585938,0.010470743423641293,116.7699966430664,0.008136466464695014,244.08999633789062,0.00015468400250373548,61.61327362060547,79.90322580645162,1164.5012173913044,1.064,95.77342258064516,-0.96,2.8271428571428574,26.07
2020-10-14,117.5511245727539,150712000,-0.03564668251722314,-0.08243275861274468,-0.0146409633493364,0.06553687805047104,0.09,260.5672580645161,6.816129032258065,26.4,115.6872,0.73,79.74516129032259,40.86,58.39528274536133,321.69622802734375,-0.005298801086635607,-0.0062834670861992015,72.16129032258064,61.45161290322581,65.38709677419355,-0.0044500372498261775,111.59746551513672,-0.015554821096178673,506.30999755859375,0.0017128079419928,116.97000122070312,0.010692779915234985,246.6999969482422,-0.010975479133581656,60.93703842163086,79.74516129032259,1164.745902173913,1.092,95.79031612903226,-0.96,2.8185714285714285,26.4
2020-10-15,117.08552551269531,112559200,-0.04109037851557551,-0.044652723196500266,-0.010307797788101314,0.055085304047780115,0.09,260.58635483870967,6.809677419354839,26.97,116.0964,0.74,79.58709677419355,40.84,58.132083892822266,321.2987365722656,-0.004507193734924919,-0.001235611177400342,72.09677419354838,60.87096774193548,65.03225806451613,0.007639685866902557,112.45003509521484,-0.010191392006854927,501.1499938964844,-0.00863471082918743,115.95999908447266,0.02160519617749701,252.02999877929688,-0.007346121850006493,60.48938751220703,79.58709677419355,1164.9905869565218,1.088,95.80720967741935,-0.95,2.81,26.97
2020-10-16,115.44627380371094,115393800,-0.03343976720773123,-0.08536395005635167,0.012498138024001682,0.07587418368791399,0.09,260.6054516129032,6.803225806451613,27.41,115.7679,0.76,79.42903225806452,40.7,57.964576721191406,321.1046142578125,-0.002881492635627758,-0.0006041801362933752,72.03225806451613,60.29032258064516,64.6774193548387,-0.0027423746617064593,112.14165496826172,0.0033323624624832515,502.82000732421875,-0.002328360169007282,115.69000244140625,0.03150419584915887,259.9700012207031,-0.008030053736757359,60.00365447998047,79.42903225806452,1165.2352717391304,1.076,95.82410322580645,-0.95,2.8085714285714287,27.41
2020-10-19,112.4975357055664,120639300,-0.008018567572518287,-0.062165871824584884,0.03117777984096204,0.14034995748130052,0.09,260.6627419354839,6.783870967741936,29.18,115.4031,0.78,78.95483870967742,40.69,56.90214920043945,316.22265625,-0.018328910187030423,-0.01520363704239025,71.83870967741936,58.54838709677419,63.61290322580645,-0.008330639771826354,111.20744323730469,-0.01515451852788774,495.20001220703125,-0.01841131331889534,113.55999755859375,-0.00011539323443476857,259.94000244140625,-0.015079533501110465,59.09882736206055,78.95483870967742,1165.9693260869565,1.077,95.87478387096773,-0.93,2.8042857142857143,29.18
2020-10-20,113.98160552978516,124423700,-0.007744014192428428,-0.060165141467451,0.006158115803046149,0.16676136897977933,0.09,260.68183870967744,6.77741935483871,29.35,115.2485,0.81,78.79677419354839,41.37,57.09835433959961,317.4893798828125,0.0034481147358602637,0.0040057965733202305,71.7741935483871,57.96774193548387,63.25806451612903,0.008237616681789461,112.12352752685547,-0.001252071121731757,494.5799865722656,-0.00836559500410361,112.61000061035156,-0.010002331611509874,257.3399963378906,0.0033844975501864383,59.29884719848633,78.79677419354839,1166.2140108695653,1.082,95.89167741935483,-0.91,2.802857142857143,29.35
2020-10-21,113.3608169555664,89946000,-0.04851549245212938,-0.016428452833068707,0.016896335406657137,0.19200758034378995,0.09,260.700935483871,6.770967741935484,28.65,114.9108,0.83,78.63870967741936,39.88,57.01222229003906,316.8883361816406,-0.0015084856745304354,-0.0018931143504508086,71.70967741935483,57.387096774193544,62.903225806451616,0.009221669057865478,113.1574935913086,0.002790256217961362,495.9599914550781,-0.012254659852040883,111.2300033569336,-0.012940086572016396,254.00999450683594,-0.0024090957016789094,59.15599060058594,78.63870967741936,1166.458695652174,1.038,95.90857096774194,-0.91,2.801428571428571,28.65
2020-10-22,112.2744369506836,101988000,-0.0037149952415851395,0.028337116621426794,0.015485625034188821,0.23686033636098314,0.09,260.7200322580645,6.764516129032258,28.11,115.1158,0.87,78.48064516129033,40.46,56.74421691894531,318.62664794921875,-0.0047008406325633745,0.005485565636539347,71.64516129032258,56.806451612903224,62.54838709677419,-8.030054924634822e-05,113.14840698242188,-0.02492133552002851,483.6000061035156,-0.017171658765308462,109.31999969482422,-0.004921066206181712,252.75999450683594,-0.006601305132753477,58.76548385620117,78.48064516129033,1166.7033804347827,1.054,95.92546451612903,-0.89,2.8,28.11
2020-10-23,111.58577728271484,82572600,-0.05372058676428071,0.033508045490388216,-0.008636809642377119,0.24658344507103247,0.09,260.73912903225806,6.758064516129033,27.55,115.0126,0.85,78.3225806451613,39.73,56.682010650634766,319.7084045410156,-0.001096257410678536,0.003395060013841933,71.58064516129032,56.225806451612904,62.193548387096776,-0.004408726073436897,112.64956665039062,0.010132328028621851,488.5,0.02497258840609784,112.05000305175781,0.00656750948799556,254.4199981689453,-0.012155713667084789,58.0511474609375,78.3225806451613,1166.9480652173913,1.049,95.94235806451613,-0.9,2.801428571428571,27.55
2020-10-26,111.59546661376953,111850700,-0.054584997744930086,0.012782763102940686,0.0027700749591117457,0.23689746955655622,0.09,260.7964193548387,6.738709677419355,32.46,115.2797,0.81,77.8483870967742,38.39,55.45207595825195,313.80023193359375,-0.021698854332526052,-0.018479878925622417,71.38709677419355,54.483870967741936,61.12903225806451,-0.02471811429086923,109.86508178710938,-0.027226177672402763,475.20001220703125,-0.019366405526445862,109.87999725341797,-0.02079236429606468,249.1300048828125,-0.023625816151654377,56.67964172363281,77.8483870967742,1167.6821195652174,1.024,95.99303870967742,-0.91,2.8057142857142856,32.46
2020-10-27,113.09893035888672,92276800,-0.05283024544554227,-0.0036872382767443312,-0.0031717264781552235,0.17775746701166328,0.09,260.8155161290323,6.732258064516129,33.35,115.0131,0.79,77.69032258064516,39.34,55.72964096069336,312.7184143066406,0.005005493439963926,-0.0034474723625509407,71.3225806451613,53.90322580645161,60.774193548387096,-0.0069346780149992515,109.10320281982422,0.007070676063237746,478.55999755859375,-0.00036404183224625353,109.83999633789062,0.005900538642041875,250.60000610351562,-0.011426732716714239,56.031978607177734,77.69032258064516,1167.9268043478262,1.054,96.00993225806451,-0.92,2.807142857142857,33.35
2020-10-28,107.8610610961914,143937800,0.03372313407577621,0.07640424641725785,0.05028008712957277,0.1887379474471027,0.09,260.83461290322583,6.725806451612903,40.28,115.8023,0.79,77.53225806451613,37.27,53.36550521850586,302.0299987792969,-0.04242151396336735,-0.03417904107451464,71.25806451612904,53.32258064516129,60.41935483870968,-0.03175650988173384,105.63846588134766,-0.04511450277506157,456.9700012207031,-0.020029106168890753,107.63999938964844,-0.05179573292175599,237.6199951171875,-0.02566711102950503,54.59379959106445,77.53225806451613,1168.1714891304348,1.009,96.02682580645161,-0.91,2.8085714285714287,40.28
2020-10-29,111.85733795166016,146129200,0.032171629312823136,0.035515997316757364,0.034126017597952085,0.1652052861380915,0.09,260.8537096774194,6.719354838709678,37.59,116.3069,0.85,77.3741935483871,35.94,54.25564193725586,305.0997314453125,0.016680001718438087,0.010163668107215917,71.19354838709677,52.74193548387097,60.064516129032256,0.01725745861061978,107.46151733398438,0.009059640938793079,461.1099853515625,0.02387587987176598,110.20999908447266,0.02196785341287777,242.83999633789062,0.038032169655639825,56.67012023925781,77.3741935483871,1168.4161739130436,0.986,96.0437193548387,-0.86,2.81,37.59
2020-10-30,105.59132385253906,190272600,0.0921806297744534,0.09742569146707836,0.12926455697537853,0.2421725445528944,0.09,260.8728064516129,6.712903225806452,38.02,116.1354,0.88,77.21612903225807,35.64,53.05443572998047,301.9190368652344,-0.022139747395571008,-0.01042509793440527,71.12903225806451,52.16129032258064,59.70967741935484,0.0004220743538108085,107.50687408447266,-0.03038316170352562,447.1000061035156,-0.007621779737488232,109.37000274658203,-0.03006095849878243,235.5399932861328,-0.004537911696306907,56.41295623779297,77.21612903225807,1168.6608586956522,0.987,96.0606129032258,-0.82,2.8057142857142856,38.02
2020-11-02,105.5040283203125,122866900,0.07125734274068041,0.10791160422034762,0.13351429614399812,0.2335299593075928,0.09,260.9488,6.7,37.13,116.2361,0.87,77.02666666666667,36.6,53.18842697143555,305.30316162109375,0.0025255426735104614,0.011208716055125523,71.0,51.1,59.2,-0.00042189628221023234,107.46151733398438,-0.0048311420993567555,444.94000244140625,0.010423327795738402,110.51000213623047,0.02207698206356956,240.74000549316406,0.01857175373156017,57.46064376831055,77.02666666666667,1169.3949130434783,1.016,96.11976999999999,-0.84,2.7928571428571427,37.13
2020-11-03,107.12388610839844,107624400,0.05188405450289579,0.08290469400129985,0.11510417178562515,0.2461700931461721,0.09,260.9866,6.7,35.55,115.4802,0.9,77.15333333333334,37.44,54.12642288208008,310.69354248046875,0.017635338438346304,0.017655830456367427,71.0,51.2,59.4,0.010719126663200074,108.61341094970703,0.020407215630069864,454.0199890136719,0.027870727917128413,113.58999633789062,0.03144467846099075,248.30999755859375,0.024863169351209358,58.88929748535156,77.15333333333334,1169.639597826087,1.037,96.14514,-0.82,2.7885714285714283,35.55
2020-11-04,111.49847412109375,138235500,0.04128872706292075,0.028565801999243412,0.06534053430304843,0.19356770971610882,0.09,261.0244,6.7,29.57,115.1677,0.78,77.28,38.97,56.232147216796875,317.6373291015625,0.038903814857751406,0.022349311046689246,71.0,51.3,59.6,0.05169105441720756,114.22775268554688,0.0731466075861611,487.2300109863281,0.0651465953380832,120.98999786376953,-0.00974587488517964,245.88999938964844,0.049005355538690454,61.77518844604492,77.28,1169.8842826086957,1.07,96.17051,-0.86,2.7842857142857143,29.57
2020-11-05,115.45597076416016,126387100,0.003240127813007865,-0.0015570560980953108,0.04144750775537909,0.1539204436384085,0.09,261.0622,6.7,27.58,114.4556,0.79,77.40666666666667,38.56,57.97893142700195,323.8320007324219,0.031063800631168315,0.019502341391614886,71.0,51.4,59.8,0.03541369724673826,118.27297973632812,0.018964329015098924,496.4700012207031,0.025456664893263925,124.06999969482422,0.040790592558434646,255.9199981689453,0.07847631174395198,66.62307739257812,77.40666666666667,1170.1289673913043,1.074,96.19587999999999,-0.87,2.78,27.58
2020-11-06,115.32479858398438,114457900,0.004802375678195414,-0.011374152115276037,0.047939871335072715,0.1476386511325991,0.09,261.1,6.7,24.86,113.9919,0.83,77.53333333333333,36.97,58.18472671508789,323.75811767578125,0.0035494839766931907,-0.00022815242617624243,71.0,51.5,60.0,0.02377296082201097,121.08467864990234,-0.0037061581432241697,494.6300048828125,0.011525754079899642,125.5,0.013637095647602182,259.4100036621094,0.00829208856193353,67.17552185058594,77.53333333333333,1170.3736521739131,1.053,96.22125,-0.82,2.7885714285714283,24.86
2020-11-09,113.02196502685547,154515300,0.03421611224235965,-0.021234216382256976,0.04693980666281217,0.16568384735670927,0.09,261.2134,6.7,25.75,114.0895,0.96,77.91333333333334,40.05,57.76357650756836,327.826416015625,-0.007238157353247843,0.012565857403204372,71.0,51.8,60.6,0.01737819195250956,123.18891143798828,-0.0474900228503935,471.1400146484375,-0.055219125937655655,118.56999969482422,0.012335614063755385,262.6099853515625,0.010917416917759937,67.90890502929688,77.91333333333334,1171.1077065217391,1.123,96.29736,-0.77,2.814285714285714,25.75
2020-11-10,112.6819076538086,138023400,0.029490550185271136,-0.006898296706246865,0.0626886877182844,0.1669566685757886,0.09,261.2512,6.7,24.8,114.0757,0.98,78.04,41.18,56.686790466308594,327.34552001953125,-0.018641263342111136,-0.0014669226535753976,71.0,51.9,60.8,-0.007656959968766253,122.24565887451172,-0.040624897171427254,452.0,-0.0521211126008424,112.38999938964844,-0.05860395639661764,247.22000122070312,-0.02678802142151926,66.08975982666016,78.04,1171.352391304348,1.154,96.32272999999999,-0.78,2.8228571428571425,24.8
2020-11-11,116.10210418701172,112295000,-0.012218441180635642,-0.02895634600024244,0.02443734235088213,0.13459105445061303,0.09,261.289,6.7,23.45,114.18,0.9299999999999999,78.16666666666667,41.23,58.031578063964844,329.77728271484375,0.023723121146813186,0.007428733697554257,71.0,52.0,61.0,0.019290665165156762,124.6038589477539,0.03484513274336276,467.75,0.0381706641055688,116.68000030517578,-0.0017393735638178143,246.7899932861328,0.025507597849447228,67.77555084228516,78.16666666666667,1171.5970760869566,1.145,96.3481,-0.8049999999999999,2.8314285714285714,23.45
2020-11-12,115.83006286621094,103162300,-0.004781690622324586,-0.02197821668417199,0.0215585771592004,0.11894116207280714,0.09,261.3268,6.7,25.35,114.2843,0.88,78.29333333333334,40.9,57.51472091674805,326.578125,-0.008906480996382582,-0.009700964507036836,71.0,52.1,61.2,-0.013830451570856495,122.88053131103516,-0.0110529415878875,462.5799865722656,-0.018169375565968315,114.55999755859375,-0.004376135992732344,245.7100067138672,-0.01911166089584071,66.4802474975586,78.29333333333334,1171.8417608695652,1.126,96.37347,-0.83,2.84,25.35
2020-11-13,115.87863159179688,81581900,-0.01609921332297104,-0.0017608782045086535,0.07227916171004756,0.09873782989225233,0.09,261.3646,6.7,23.1,114.2397,0.89,78.42,39.93,58.00286865234375,331.0994567871094,0.008487352938777004,0.013844564105784496,71.0,52.2,61.4,0.005831357954953598,123.59709167480469,0.014613709978498868,469.3399963378906,0.01099862223361181,115.81999969482422,0.021529417368390202,251.0,0.04312301813500796,69.34707641601562,78.42,1172.086445652174,1.103,96.39883999999999,-0.83,2.822857142857143,23.1
2020-11-16,116.8891372680664,91183000,-0.053615804248486,0.02011651670695702,0.062427301071810826,0.07983248757105743,0.09,261.478,6.7,22.45,113.8312,0.91,78.8,41.14,58.562782287597656,335.23248291015625,0.00965320592348462,0.012482733022737502,71.0,52.5,62.0,0.012768734153664862,125.1752700805664,-0.017876132859597993,460.95001220703125,-0.008288715998982621,114.86000061035156,-0.008804807624968825,248.7899932861328,0.022936786123708197,70.93767547607422,78.8,1172.8205,1.107,96.47495,-0.81,2.7714285714285714,22.45
2020-11-17,116.00495910644531,74271000,-0.035346460329304774,0.030907000209536406,0.0779795359448161,0.08940498659585838,0.09,261.5158,6.7,22.71,113.682,0.87,78.92666666666668,41.24,58.23735809326172,333.42950439453125,-0.005556843128419087,-0.005378292998259981,71.0,52.6,62.2,-0.015506272851183445,123.23426818847656,0.015186028451293465,467.95001220703125,-0.012014602525551421,113.4800033569336,0.01575631469721528,252.7100067138672,-0.0014773160041957611,70.83287811279297,78.92666666666668,1173.0651847826086,1.106,96.50032,-0.83,2.7542857142857144,22.71
2020-11-18,114.68351745605469,76322100,-0.01694494564123339,0.041599481312880826,0.073116868654036,0.06912020770901783,0.09,261.5536,6.7,23.84,113.46,0.88,79.05333333333334,41.64,57.61521911621094,329.4166564941406,-0.010682815934996315,-0.012035071424400412,71.0,52.7,62.4,-0.01943023032507163,120.83979797363281,-0.01812161719225769,459.4700012207031,-0.021589747137481297,111.02999877929688,-0.001939003126690042,252.22000122070312,0.021038307310468296,72.32308197021484,79.05333333333334,1173.3098695652175,1.132,96.52569,-0.82,2.737142857142857,23.84
2020-11-19,115.27619934082031,74113000,-0.017279149609496836,0.03042817748484028,0.08083294979933786,0.06244158469496175,0.09,261.5914,6.7,23.11,113.694,0.86,79.18,41.57,58.07942581176758,330.8035888671875,0.008057015189343097,0.0042102678953988,71.0,52.8,62.6,0.02206713247047709,123.50638580322266,0.015104364643977464,466.4100036621094,0.014140319842252946,112.5999984741211,0.018475948138750864,256.8800048828125,0.020340774242945114,73.794189453125,79.18,1173.554554347826,1.151,96.55106,-0.84,2.72,23.11
2020-11-20,114.01307678222656,73604300,0.014572948118974471,0.05462756028839011,0.12391352149723489,0.06985957233984497,0.09,261.6292,6.7,23.7,113.489,0.83,79.30666666666667,41.99,57.48122024536133,328.5382995605469,-0.010299784442515003,-0.006847837758949149,71.0,52.9,62.8,-0.00947348842174145,122.33634948730469,-0.007482665909763209,462.9200134277344,0.001687410692549074,112.79000091552734,-0.007746829084933626,254.88999938964844,-0.006860585718964751,73.28791809082031,79.30666666666667,1173.799239130435,1.185,96.57643,-0.86,2.72,23.7
2020-11-23,110.62203216552734,127959300,0.07790950153905829,0.0924899156526684,0.15028513838213597,0.06430195184631482,0.09,261.74260000000004,6.7,22.66,113.7548,0.86,79.68666666666667,42.91,57.466861724853516,330.5076904296875,-0.000249794984283902,0.0059944026975695675,71.0,53.2,63.4,0.016236614328647425,124.32267761230469,-0.00499012358326667,460.6099853515625,-0.01365370070952221,111.25,0.009258898411089955,257.25,0.04926986212983264,76.8988037109375,79.68666666666667,1174.533293478261,1.189,96.65254,-0.85,2.72,22.66
2020-11-24,111.90459442138672,113874200,0.0686810941070699,0.05739353085267962,0.1458712386975911,0.05445180073930511,0.09,261.7804,6.7,21.64,113.4316,0.88,79.81333333333333,44.71,58.26607131958008,335.8334655761719,0.013907312331637556,0.016113922007564785,71.0,53.3,63.6,-0.0013132683924158561,124.15940856933594,0.004537519641206966,462.70001220703125,-0.004584288864992958,110.73999786376953,0.006686107757835291,258.9700012207031,0.03043501123096104,79.23921966552734,79.81333333333333,1174.7779782608695,1.246,96.67791,-0.86,2.72,21.64
2020-11-25,112.7402114868164,76499200,0.05955355877021762,0.06213911607059175,0.17805751269617787,0.10299873080516209,0.09,261.8182,6.7,21.25,113.1823,0.88,79.94,45.58,58.390506744384766,335.31561279296875,0.002135641240031072,-0.001541992791917468,71.0,53.4,63.8,-0.006866795028236172,123.30683135986328,0.015949803696854614,470.0799865722656,0.02076939765329633,113.04000091552734,0.04737996275952816,271.239990234375,-0.021820533575684253,77.51017761230469,79.94,1175.0226630434784,1.264,96.70328,-0.87,2.72,21.25
2020-11-27,113.2843246459961,46691300,0.048546163516709484,0.0499187016947209,0.15678878058468637,0.07476608763918913,0.09,261.8938,6.7,20.84,113.19962,0.84,80.19333333333334,45.428,58.701576232910156,336.24945068359375,0.005327398336978817,0.0027849520123643945,71.0,53.6,64.2,0.013240009496306548,124.93941497802734,0.014784743885204454,477.0299987792969,0.03131635604083827,116.58000183105469,0.00578825903533664,272.80999755859375,0.018733068659275043,78.9621810913086,80.19333333333334,1175.5120326086958,1.254,96.75402000000001,-0.91,2.7175000000000002,20.84
2020-11-30,115.6745834350586,169410200,0.03947928263184752,0.02293166484837883,0.12322543799345964,0.026815662281648,0.09,262.0072,6.7,20.57,113.2256,0.84,80.57333333333334,45.2,59.09400939941406,334.7608642578125,0.00668522366327684,-0.0044270300598409085,71.0,53.9,64.8,0.009655375569909808,126.145751953125,0.003018683196216454,478.4700012207031,-0.0024017736738642936,116.30000305175781,0.02719846594383224,280.2300109863281,-0.002177544517823704,78.79023742675781,80.57333333333334,1176.2460869565218,1.239,96.83013000000001,-0.93,2.71375,20.57
2020-12-01,119.24053955078125,127728200,0.013526566091858427,0.04204696164128752,0.08124193491421394,-0.019642338878717025,0.09,262.045,6.7,20.77,112.8063,0.92,80.7,44.54,59.85013961791992,338.4222717285156,0.012795378519592449,0.010937382058744172,71.0,54.0,65.0,0.011863488086736318,127.64228057861328,0.0014211814200397743,479.1499938964844,-0.005589006954622611,115.6500015258789,-0.0039968083033771196,279.1099853515625,0.02170192600235854,80.50013732910156,80.7,1176.4907717391304,1.231,96.8555,-0.89,2.7125,20.77
2020-12-02,119.59032440185547,89004200,-0.010562143670953095,0.038430251389111936,0.051429979681584914,-0.012012930445743919,0.09,262.06570967741936,6.690322580645161,21.17,112.6115,0.95,80.64516129032258,45.23,59.759220123291016,339.13421630859375,-0.001519119173477801,0.0021037166863806522,70.61290322580645,54.193548387096776,65.16129032258064,-0.0004970015831726737,127.57884216308594,0.004403664606111857,481.260009765625,0.006744477034203333,116.43000030517578,-0.007344731111596059,277.05999755859375,0.012104274406012472,81.47453308105469,80.64516129032258,1176.7354565217393,1.251,96.88596129032258,-0.9,2.71125,21.17
2020-12-03,119.45429229736328,78967600,0.0024402327555532732,0.04685206014672061,0.06564173101388482,-0.052107754475553714,0.09,262.0864193548387,6.680645161290323,21.28,112.0236,0.92,80.59032258064516,45.65,59.720947265625,339.041748046875,-0.0006404510900084315,-0.00027265978268209423,70.2258064516129,54.38709677419355,65.3225806451613,-0.0020713414066032554,127.31458282470703,0.006275171326083351,484.2799987792969,0.0021472129120048145,116.68000030517578,0.0008301847554859076,277.2900085449219,0.009496929964612821,82.248291015625,80.59032258064516,1176.9801413043479,1.295,96.91642258064516,-0.94,2.71,21.28
2020-12-04,118.78384399414062,78260400,0.0013089916550819147,0.036073703295396164,0.03558299199780901,-0.008008485451694636,0.09,262.10712903225806,6.670967741935484,20.79,111.7778,0.97,80.53548387096774,46.23,60.31914138793945,341.9634704589844,0.010016487509044714,0.008617588922133157,69.83870967741936,54.58064516129032,65.48387096774194,0.030197016583253244,131.1591033935547,0.0035516668560309217,486.0,0.014226911453318003,118.33999633789062,0.002560465336647999,278.0,0.031823260035204415,84.8656997680664,80.53548387096774,1177.2248260869565,1.282,96.94688387096775,-0.92,2.71,20.79
2020-12-07,120.2413330078125,86712000,-0.015919141497050315,0.03620204016783468,0.05793935536137962,-0.029015869776866765,0.09,262.16925806451616,6.641935483870968,21.3,111.8385,0.94,80.37096774193549,45.72,60.49142837524414,341.26080322265625,0.0028562572898149785,-0.002054802038899073,68.6774193548387,55.16129032258065,65.96774193548387,-0.0018059149268996322,130.9222412109375,0.012860082304526843,492.25,0.005746157902812632,119.0199966430664,0.01007189853585877,280.79998779296875,0.0033773490884223545,85.1523208618164,80.37096774193549,1177.9588804347827,1.286,97.03826774193548,-0.94,2.71,21.3
2020-12-08,120.85345458984375,82225500,0.02813976120961814,0.060299344010771305,0.061665967193973215,-0.017991409869281938,0.09,262.1899677419355,6.6322580645161295,20.68,111.8639,0.92,80.31612903225806,45.64,60.687644958496094,342.2594299316406,0.0032437088778061174,0.002926285994623301,68.29032258064517,55.354838709677416,66.12903225806451,0.016839624620634597,133.12692260742188,0.0061554063571291895,495.2799987792969,-0.0051251302147685696,118.41000366210938,0.012749349164798529,284.3800048828125,0.006842614315722972,85.7349853515625,80.31612903225806,1178.2035652173913,1.295,97.06872903225808,-0.97,2.71,20.68
2020-12-09,118.32719421386719,115089200,0.0495153836561637,0.07538153357754673,0.0591231165755024,-0.0046736227143028275,0.09,262.21067741935485,6.622580645161291,22.27,112.0305,0.95,80.26129032258065,45.48,59.52471160888672,339.189697265625,-0.019162604685100226,-0.008969022903558055,67.90322580645162,55.54838709677419,66.29032258064517,-0.029767991815332406,129.16400146484375,-0.023299968852697917,483.739990234375,-0.02466012759084335,115.48999786376953,-0.017441421231854992,279.4200134277344,-0.021503977412681285,83.89134216308594,80.26129032258065,1178.4482500000001,1.281,97.09919032258065,-0.96,2.71,22.27
2020-12-10,119.74578857421875,81312200,0.04430371601216154,0.07083729417431428,0.045115168088321944,0.007588886368675496,0.09,262.2313870967742,6.612903225806452,22.52,111.9788,0.92,80.20645161290322,46.76,59.61085891723633,339.0787658691406,0.001447252847114111,-0.0003270482487488513,67.51612903225806,55.74193548387097,66.45161290322581,-0.0035268022320898984,128.70846557617188,-0.014201834158591997,476.8699951171875,0.01697115872133481,117.44999694824219,0.006227149634093765,281.1600036621094,0.0007973949340320807,83.95823669433594,80.20645161290322,1178.6929347826087,1.306,97.12965161290323,-0.96,2.71,22.52
2020-12-11,118.9393310546875,86939800,0.034719264412927275,0.11665713895711094,0.06927547157030678,0.02734769092452316,0.09,262.25209677419355,6.603225806451613,23.31,112.1417,0.9,80.15161290322581,46.59,59.48643112182617,338.68121337890625,-0.002087334382866568,-0.0011724487943541861,67.12903225806451,55.935483870967744,66.61290322580645,-0.0009202092509837945,128.59002685546875,-0.0020131093692363766,475.9100036621094,0.00911025732334192,118.5199966430664,-0.0052639456787985095,279.67999267578125,0.004664787569241602,84.34988403320312,80.15161290322581,1178.9376195652173,1.314,97.16011290322581,-0.97,2.704285714285714,23.31
2020-12-14,118.32719421386719,79184500,0.0529643283014114,0.10748874455474766,0.058548367691246606,0.02600103601806958,0.09,262.31422580645165,6.574193548387097,24.72,112.1708,0.9,79.98709677419355,47.02,59.70178985595703,337.1648254394531,0.0036203001267602897,-0.004477331128953543,65.96774193548387,56.516129032258064,67.09677419354838,0.008359996753399379,129.6650390625,0.02208402783036889,486.4200134277344,0.023540339137282373,121.30999755859375,0.030928182648058966,288.3299865722656,0.002264852420986063,84.54092407226562,79.98709677419355,1179.6716739130436,1.338,97.25149677419355,-0.98,2.6871428571428573,24.72
2020-12-15,124.25424194335938,157243700,0.031279388284056964,0.04566759743125681,-0.005786721217380109,-0.05606741194966158,0.09,262.334935483871,6.564516129032258,22.89,111.8601,0.92,79.93225806451613,47.58,60.697227478027344,341.7229919433594,0.01667349713420685,0.013519104485366196,65.58064516129032,56.70967741935484,67.25806451612904,0.012155013669536086,131.24111938476562,-0.00777105932105826,482.6400146484375,0.012447466545377983,122.81999969482422,-0.002774556342471368,287.5299987792969,-0.00033905041337622954,84.51226043701172,79.93225806451613,1179.9163586956522,1.346,97.28195806451613,-0.99,2.6814285714285715,22.89
2020-12-16,124.18621063232422,98208600,0.024645803505303432,0.03818186453740746,0.00015665955145616195,-0.05978165344634123,0.09,262.35564516129034,6.554838709677419,22.5,111.7157,0.92,79.87741935483871,47.86,61.108795166015625,342.2594299316406,0.006780667010486852,0.0015698036155851192,65.19354838709677,56.903225806451616,67.41935483870968,-0.00874675532593927,130.0931854248047,0.015042224075297872,489.8999938964844,0.021006365717841646,125.4000015258789,0.016137497541601098,292.1700134277344,0.0009042906274705498,84.58868408203125,79.87741935483871,1180.1610434782608,1.35,97.31241935483871,-1.0,2.6757142857142857,22.5
2020-12-17,125.05097198486328,94359800,0.025407913191648257,0.005516793353491645,0.025874153734063876,-0.03982604505572407,0.09,262.3763548387097,6.545161290322581,21.93,111.2226,0.94,79.8225806451613,48.34,61.592140197753906,344.17327880859375,0.007909582089209444,0.005591807586821984,64.80645161290323,57.096774193548384,67.58064516129032,0.0068628268569224105,130.98599243164062,0.011145114356200247,495.3599853515625,0.01515152713524337,127.30000305175781,0.017729378230878723,297.3500061035156,-0.011857719274320444,83.58565521240234,79.8225806451613,1180.4057282608696,1.373,97.3428806451613,-1.0,2.67,21.93
2020-12-18,123.06881713867188,192541500,0.0791885078032959,0.03434388808146571,0.08060950936576528,-0.031082316918188413,0.09,262.39706451612903,6.5354838709677425,21.57,111.6071,0.95,79.76774193548387,49.04,61.376792907714844,342.7989807128906,-0.0034963436787168733,-0.003993041239170214,64.41935483870968,57.29032258064516,67.74193548387096,0.005425137850526562,131.6966094970703,0.015322244589623057,502.95001220703125,0.03707777774980925,132.02000427246094,0.02572723638627128,305.0,-0.016114294069984658,82.23873138427734,79.76774193548387,1180.6504130434782,1.388,97.37334193548388,-1.0,2.6685714285714286,21.57
2020-12-21,124.59431457519531,121251600,0.05178182658978803,-0.012711543188323682,0.08453546685268698,-0.06208020341408327,0.09,262.45919354838713,6.506451612903226,25.16,111.9415,0.95,79.60322580645162,47.79,61.43819808959961,341.5733947753906,0.001000462536012492,-0.0035752321519487706,63.25806451612903,57.87096774193548,68.2258064516129,-0.013627480616378307,129.90191650390625,-0.009066502530905018,498.3900146484375,-0.002196701526560818,131.72999572753906,-0.013508180712090145,300.8800048828125,0.003717253468371151,82.54443359375,79.60322580645162,1181.3844673913043,1.35,97.46472580645163,-1.0,2.664285714285714,25.16
2020-12-22,128.14083862304688,168904800,0.01395180521462791,-0.007279492650370201,0.08371226022697753,-0.08424186082179719,0.09,262.4799032258065,6.496774193548387,24.23,112.1947,0.93,79.54838709677419,47.02,61.97063446044922,340.9976806640625,0.008666210719154188,-0.0016854770310981149,62.87096774193549,58.064516129032256,68.38709677419355,0.01185211009846765,131.4415283203125,0.011597340655739474,504.1700134277344,0.02004098895675077,134.3699951171875,0.00990421570190625,303.8599853515625,-0.008911234627420161,81.8088607788086,79.54838709677419,1181.629152173913,1.324,97.4951870967742,-1.01,2.662857142857143,24.23
2020-12-23,127.24687957763672,88223700,0.013210478182604346,0.008323348924061058,0.09315830083791088,-0.07306698928554922,0.09,262.50061290322583,6.487096774193549,23.31,111.9807,0.96,79.49354838709678,47.94,61.50056457519531,341.3040771484375,-0.007585365057927729,0.0008985295260024451,62.483870967741936,58.25806451612903,68.54838709677419,-0.007346979714311974,130.475830078125,-0.01439992378020638,496.9100036621094,-0.009749182155222025,133.05999755859375,-0.012110816998571083,300.17999267578125,-0.01879957112152353,80.27088928222656,79.49354838709678,1181.8738369565217,1.363,97.52564838709678,-1.01,2.6614285714285715,23.31
2020-12-24,128.22825622558594,54930100,-0.01939825076660895,-0.022656391030142276,0.07645658087809615,-0.07879523064432048,0.09,262.5213225806452,6.47741935483871,21.53,111.9796,0.94,79.43870967741935,48.18,61.90827560424805,342.6319274902344,0.006629386768543188,0.0038905200104579762,62.096774193548384,58.45161290322581,68.70967741935483,0.00872788995357654,131.61460876464844,0.005936651843819751,499.8599853515625,0.007064500666267515,134.0,0.00403098808108493,301.3900146484375,0.01547085683414906,81.51274871826172,79.43870967741935,1182.1185217391305,1.36,97.55610967741936,-1.03,2.66,21.53
2020-12-28,132.814453125,124486200,-0.0415540189666328,-0.05772197973191573,0.0029263126645195925,-0.12152193763694652,0.09,262.60416129032257,6.4387096774193555,21.7,111.9752,0.94,79.21935483870968,47.5,62.6086311340332,345.5753479003906,0.011312793369697705,0.008590619186357396,60.54838709677419,59.225806451612904,69.35483870967742,0.001453365864799716,131.80589294433594,-0.0018204560700958439,498.95001220703125,0.005671600797283016,134.75999450683594,-0.005773319179080305,299.6499938964844,-0.005391125959012366,81.07330322265625,79.21935483870968,1183.0972608695652,1.343,97.67795483870968,-1.03,2.665714285714286,21.7
2020-12-29,131.04603576660156,121047300,-0.06131820131102639,-0.029509679115599208,-0.021576382475883005,-0.09295951798233704,0.09,262.62487096774197,6.429032258064517,23.08,111.5172,0.94,79.16451612903226,47.85,62.311214447021484,344.9161376953125,-0.004750410312836961,-0.0019075730056651308,60.16129032258065,59.41935483870968,69.51612903225806,-0.007049523207314223,130.87672424316406,0.006333245950939315,502.1099853515625,-0.005788058853455236,133.97999572753906,-0.005139357838444991,298.1099853515625,-0.00706972419737939,80.50013732910156,79.16451612903226,1183.341945652174,1.353,97.70841612903226,-1.02,2.6671428571428573,23.08
2020-12-30,129.9286346435547,96452100,-0.020939158800061475,-0.035970333774397956,0.0031411615474474797,-0.07879298457088035,0.09,262.6455806451613,6.419354838709678,22.77,111.3084,0.93,79.10967741935484,48.24,62.27762985229492,345.40826416015625,-0.0005389815464937886,0.001426800346693291,59.774193548387096,59.61290322580645,69.6774193548387,0.017541051285528075,133.1724395751953,-0.00928078166234525,497.45001220703125,0.009479058911478155,135.25,0.004360868050138356,299.4100036621094,0.03215893300114092,83.08893585205078,79.10967741935484,1183.5866304347826,1.355,97.73887741935485,-1.03,2.6685714285714286,22.77
2020-12-31,128.92787170410156,99116600,-0.0048234097098059925,-0.04182690947789647,0.017333503601490996,-0.049754142800621626,0.09,262.66629032258066,6.409677419354839,22.75,111.3169,0.93,79.05483870967743,48.35,62.3687858581543,347.1631774902344,0.0014637038383698009,0.005080692942727172,59.38709677419355,59.806451612903224,69.83870967741936,0.010603501150203032,134.58453369140625,0.005367339118779624,500.1199951171875,0.008724529950323578,136.42999267578125,0.01980559301042395,305.3399963378906,-0.007817911043370929,82.4393539428711,79.05483870967743,1183.8313152173914,1.34,97.76933870967743,-1.06,2.67,22.75
2021-01-04,125.74085235595703,143301900,-0.0033225927509108466,-0.012209132822101454,0.0350047524119288,-0.023270284365034977,0.08903225806451613,262.7733225806452,6.380645161290323,26.97,111.2075,0.93,78.78709677419354,47.47,61.351837158203125,342.4369201660156,-0.01630541120784401,-0.013613936127634618,58.41935483870968,60.0,69.61290322580645,-0.011575223590758021,133.0266876220703,-0.02955290514996034,485.3399963378906,-0.004910930183347095,135.75999450683594,-0.027837820468805785,296.8399963378906,0.006604790101625291,82.98384857177734,78.78709677419354,1184.9128333333333,1.312,97.4069741935484,-1.08,2.6585714285714284,26.97
2021-01-05,127.29547882080078,97664900,-0.01686893271528045,0.007785675084251542,0.04869854268594076,-0.02227982196807854,0.08870967741935483,262.80209677419356,6.3741935483870975,25.34,110.9574,0.96,78.71612903225807,49.78,61.749977111816406,344.79547119140625,0.00648945446550564,0.006887548878337091,58.225806451612904,60.0,69.48387096774194,0.017874436642101976,135.4044647216797,0.0007211565215241578,485.69000244140625,0.0027990932394548196,136.13999938964844,0.01637251020448227,301.70001220703125,0.03142626009953786,85.59172058105469,78.71612903225807,1185.1917777777778,1.376,97.27603225806452,-1.07,2.6557142857142857,25.34
2021-01-06,123.01052856445312,155088000,0.033886373678336135,0.08112155649151331,0.0818665682248898,0.03123870419064767,0.08838709677419354,262.83087096774193,6.367741935483871,25.07,110.8502,1.04,78.64516129032258,50.45,60.68508529663086,346.85675048828125,-0.01724521797404477,0.005978266738111415,58.03225806451613,60.0,69.35483870967742,0.004507617704885503,136.0148162841797,-0.03990200495253249,466.30999755859375,-0.04039958883985573,130.63999938964844,0.0038779677256142175,302.8699951171875,0.013727464145062429,86.76667785644531,78.64516129032258,1185.4707222222223,1.371,97.14509032258064,-1.02,2.6528571428571426,25.07
2021-01-07,127.20803833007812,109578200,-0.015352646476917808,0.06225168549784521,0.047315930296690345,0.017405675574981183,0.08806451612903225,262.85964516129036,6.361290322580645,22.37,111.3042,1.08,78.5741935483871,50.63,62.32081604003906,352.0102233886719,0.026954411210146523,0.014857640490306023,57.83870967741935,60.0,69.2258064516129,0.042263812103097376,141.76332092285156,0.02451157542326765,477.739990234375,0.04906616420741727,137.0500030517578,0.040710592956139324,315.20001220703125,0.041066126706083894,90.32984924316406,78.5741935483871,1185.7496666666666,1.38,97.01414838709678,-1.01,2.65,22.37
2021-01-08,128.30599975585938,105158200,-0.037182847877581526,0.0823172580845799,0.03152772700341622,-0.004648896578314132,0.08774193548387096,262.88841935483873,6.35483870967742,21.56,111.2847,1.13,78.50322580645161,52.14,62.72373962402344,354.01593017578125,0.006465313030007636,0.0056978651580092965,57.645161290322584,60.0,69.09677419354838,0.007261640016614557,142.79275512695312,0.015405902833317109,485.1000061035156,-0.00627508640059482,136.19000244140625,0.014752518135786596,319.8500061035156,0.010574833142084294,91.28507232666016,78.50322580645161,1186.028611111111,1.424,96.8832064516129,-0.93,2.67,21.56
2021-01-11,125.32306671142578,100384500,-0.008916164855906739,0.10993918610622133,0.05126599983136848,0.04381175483651423,0.0867741935483871,262.9747419354839,6.335483870967742,24.08,111.8257,1.15,78.29032258064517,52.15,62.205692291259766,351.6295471191406,-0.008259190792336946,-0.006740891731780829,57.064516129032256,60.0,68.70967741935483,0.009953124929873436,144.2139892578125,-0.022387169104308824,474.239990234375,-0.011014024327118621,134.69000244140625,-0.006378016276359366,317.80999755859375,0.02511534346623545,93.57772827148438,78.29032258064517,1186.8654444444444,1.412,96.4903806451613,-0.91,2.73,24.08
2021-01-12,125.14813995361328,91951100,0.02507764083544295,0.1029500743656031,0.05071400672189208,0.026609272933803885,0.08645161290322581,263.0035161290323,6.329032258064516,23.33,111.5501,1.15,78.21935483870968,53.08,61.90827560424805,351.7037353515625,-0.004781181207969776,0.00021098406840303063,56.87096774193548,60.0,68.58064516129032,0.0049901557557510134,144.9336395263672,-0.005461362160982253,471.6499938964844,-0.007201731406346279,133.72000122070312,0.007299982197038979,320.1300048828125,0.02092680071289843,95.5360107421875,78.21935483870968,1187.144388888889,1.463,96.35943870967742,-0.93,2.75,23.33
2021-01-13,127.17890930175781,88636800,0.04568701553259191,0.047367920298478694,0.035772436929177864,0.02911576610684108,0.08612903225806451,263.03229032258065,6.322580645161291,22.21,111.3622,1.1,78.14838709677419,52.81,62.30162811279297,352.65087890625,0.006353795267363793,0.0026930153407120905,56.67741935483871,60.0,68.45161290322581,-0.0038342364180131705,144.3779296875,0.0008480735750251434,472.04998779296875,0.0029912794857382963,134.1199951171875,-0.018117696629749047,314.3299865722656,-0.019597837294970444,93.66371154785156,78.14838709677419,1187.4233333333334,1.462,96.22849677419354,-0.96,2.77,22.21
2021-01-14,125.25505828857422,90221800,0.07881434068460536,0.023659548196060642,0.03474483918951754,0.04228109745063047,0.08580645161290322,263.061064516129,6.316129032258065,23.25,111.1567,1.15,78.07741935483871,53.47,61.754798889160156,351.416015625,-0.008777125738075653,-0.003501659445965144,56.483870967741936,60.0,68.3225806451613,0.006184241898500531,145.2707977294922,-0.01859972250046449,463.2699890136719,0.009543683461802122,135.39999389648438,-0.010244015392285366,311.1099853515625,0.07904141914473684,101.06702423095703,78.07741935483871,1187.702277777778,1.473,96.09755483870968,-0.94,2.79,23.25
2021-01-15,123.53521728515625,111598500,0.12411505725540639,0.05505753208619946,0.03063918940751509,0.06214794360279474,0.08548387096774193,263.08983870967745,6.309677419354839,24.34,111.5106,1.11,78.00645161290322,52.25,61.1215934753418,348.8531494140625,-0.0102535418333215,-0.007292969292760909,56.29032258064516,60.0,68.19354838709677,-0.010723843693801971,143.7129364013672,-0.01120297572578799,458.0799865722656,-0.005612958206017149,134.63999938964844,-0.008357094623624661,308.510009765625,-0.025141810743322113,98.52601623535156,78.00645161290322,1187.9812222222222,1.433,95.96661290322581,-0.99,2.7871428571428574,24.34
2021-01-19,124.2056655883789,90757300,0.1199246186321341,0.05601175929682545,0.016223271847436216,0.042860929300176265,0.08419354838709678,263.204935483871,6.283870967741936,23.24,111.4527,1.1,77.72258064516129,52.87,61.917877197265625,351.59234619140625,0.01302786260382871,0.007852005297772191,55.516129032258064,60.0,67.6774193548387,0.017686179489000864,146.25466918945312,-0.0034491499707035578,456.5,0.022133064030362526,137.6199951171875,0.00797378165119178,310.9700012207031,0.05894896098049229,104.33402252197266,77.72258064516129,1189.097,1.443,95.44284516129032,-1.0,2.775714285714286,23.24
2021-01-20,128.28656005859375,104319500,0.07596735157221235,0.01446620519952213,-0.01488993965783425,0.012644830951063613,0.08387096774193549,263.23370967741937,6.27741935483871,21.58,111.32499999999999,1.1,77.65161290322581,53.16,63.14585876464844,356.4578857421875,0.01983242357406012,0.013838582106484365,55.32258064516129,60.0,67.54838709677419,-0.004422560127099295,145.60784912109375,0.028981404132153665,469.7300109863281,0.01802071700566721,140.10000610351562,-0.007685675914254064,308.5799865722656,-0.012635363882055994,103.0157241821289,77.65161290322581,1189.3759444444445,1.442,95.31190322580646,-1.02,2.7728571428571427,21.58
2021-01-21,132.9893341064453,120150900,0.0016074645098569373,0.0037991695110910495,-0.0780428609013114,-0.034578844872102166,0.08354838709677419,263.26248387096774,6.270967741935484,21.32,111.1973,1.12,77.58064516129032,53.0,63.96135330200195,356.78289794921875,0.012914457943995261,0.0009117829062879057,55.12903225806452,60.0,67.41935483870968,-0.0033786545240079846,145.1158905029297,0.004875094147242853,472.0199890136719,-0.010563960898292812,138.6199951171875,-0.006870164007512614,306.4599914550781,0.0012057047014411015,103.13993072509766,77.58064516129032,1189.654888888889,1.444,95.18096129032259,-0.98,2.77,21.32
2021-01-22,135.126953125,114459400,-0.051125379417503836,-0.015141129760786298,-0.09363583598323333,-0.032712112452121134,0.0832258064516129,263.2912580645161,6.264516129032258,21.91,111.5516,1.1,77.50967741935483,52.28,63.716697692871094,355.5201110839844,-0.003825053669138101,-0.003539370503723327,54.935483870967744,60.0,67.29032258064517,-0.023291131786907115,141.73597717285156,0.0008898212734846922,472.44000244140625,-0.00865673777601661,137.4199981689453,-0.02378769898390587,299.1700134277344,-0.01518941423386777,101.57329559326172,77.50967741935483,1189.9338333333333,1.421,95.05001935483871,-0.99,2.7642857142857142,21.91
2021-01-25,138.8677978515625,157611700,-0.06143279081930897,-0.0406198768465329,-0.1216251466897561,-0.05596604269495997,0.08225806451612903,263.3775806451613,6.245161290322581,23.19,111.8676,1.05,77.29677419354839,52.78,64.2491455078125,356.92218017578125,0.008356487925785583,0.003943712459815396,54.354838709677416,60.0,66.90322580645162,-0.01195513870508047,140.04150390625,0.0021166708890703045,473.44000244140625,-0.011061012172276619,135.89999389648438,-0.01848446880065624,293.6400146484375,0.01683452367405347,103.28323364257812,77.29677419354839,1190.7706666666668,1.464,94.6571935483871,-1.03,2.7471428571428573,23.19
2021-01-26,139.10098266601562,98390600,-0.05706889398803572,-0.048524361565147944,-0.15359875613775242,-0.05985725070375325,0.08193548387096775,263.40635483870966,6.238709677419355,23.02,111.6572,1.05,77.2258064516129,52.61,64.29232025146484,356.36505126953125,0.0006719893830664514,-0.0015609254263089234,54.16129032258065,60.0,66.7741935483871,0.00793657711685647,141.1529541015625,0.00599864042591558,476.2799987792969,-0.015231730378195696,133.8300018310547,-0.006436502363958541,291.75,-0.023954869200755846,100.80909729003906,77.2258064516129,1191.049611111111,1.409,94.52625161290322,-1.03,2.7414285714285715,23.02
2021-01-27,138.0321502685547,140843800,-0.05715893357063695,-0.04552759069541212,-0.14514118001453669,-0.05828759987066212,0.08161290322580646,263.4351290322581,6.232258064516129,37.21,112.0782,1.04,77.15483870967742,52.81,63.07870864868164,347.6552734375,-0.018876462974682484,-0.02444060606112508,53.96774193548387,60.0,66.64516129032258,-0.048147579616457326,134.35678100585938,-0.03418157138872602,460.0,-0.040349765234930945,128.42999267578125,-0.0626563797062446,273.4700012207031,-0.06585813482678371,94.16999816894531,77.15483870967742,1191.3285555555556,1.424,94.39530967741936,-1.04,2.7357142857142858,37.21
2021-01-28,133.20310974121094,142621100,0.0021881875673785967,-0.01282407130041141,-0.06644589287549174,-0.024878233238433967,0.08129032258064517,263.46390322580646,6.225806451612903,30.21,112.0059,1.07,77.08387096774193,52.26,63.3377571105957,350.6451721191406,0.004106749606382021,0.008600182163432946,53.774193548387096,60.0,66.51612903225806,0.011730560307163795,135.932861328125,0.012326116147248545,465.6700134277344,0.03519430452566952,132.9499969482422,0.03930961331047156,284.2200012207031,0.026070055618343968,96.62501525878906,77.08387096774193,1191.6075,1.418,94.26436774193549,-1.06,2.73,30.21
2021-01-29,128.21853637695312,177523800,0.03792308159177815,0.027374142114714672,-0.05041693790142243,-0.002299971557540026,0.08096774193548387,263.49267741935483,6.219354838709678,33.09,111.9511,1.11,77.01290322580645,52.16,61.84591293334961,343.62542724609375,-0.023553789166249506,-0.020019510979212174,53.58064516129032,60.0,66.38709677419355,-0.012599769927493898,134.2201385498047,-0.014817411933554347,458.7699890136719,-0.019255341236227075,130.38999938964844,-0.023889974371118505,277.42999267578125,-0.044191578034106116,92.3550033569336,77.01290322580645,1191.8864444444446,1.417,94.13342580645161,-1.02,2.73,33.09
2021-02-01,130.33676147460938,106239800,0.02217519829074832,-0.005598852694120082,-0.08869552492170807,-0.010451488278163112,0.08,263.579,6.2,30.24,112.4189,1.09,76.8,53.55,63.39530563354492,349.3452453613281,0.0250524671188066,0.016645503102242776,53.0,60.0,66.0,0.03088327061153673,138.36529541015625,0.02447852138382456,470.0,0.03075385018488075,134.39999389648438,0.032044172883740174,286.32000732421875,0.04685549255668353,96.68234252929688,76.8,1192.7232777777779,1.454,93.7406,-1.02,2.73,30.24
2021-02-02,131.1626434326172,83305400,0.009061672022917966,-0.029294981604548687,-0.10875251210609738,-0.05147736559687055,0.07964285714285714,263.62835714285717,6.196428571428571,25.56,112.2862,1.12,77.08928571428571,54.77,64.25395202636719,354.2851257324219,0.013544321369560963,0.014140396747018613,52.964285714285715,59.92857142857143,65.75,-6.605713247198608e-05,138.3561553955078,0.031765941863364455,484.92999267578125,0.009821483513127394,135.72000122070312,0.02895354084689039,294.6099853515625,0.023515610524584618,98.95588684082031,77.08928571428571,1193.0022222222221,1.484,93.84551428571429,-1.03,2.73,25.56
2021-02-03,130.1423797607422,89880900,0.012336483092822759,-0.03013385725496187,-0.09211976628943264,-0.042172005640513266,0.07928571428571429,263.6777142857143,6.192857142857143,22.91,112.2567,1.15,77.37857142857143,55.67,64.03327941894531,354.56365966796875,-0.0034343818623221445,0.0007861858015378864,52.92857142857143,59.857142857142854,65.5,-0.028247851705506033,134.44789123535156,-0.006207038734474257,481.9200134277344,-0.006631254703725165,134.82000732421875,-0.005973929383101706,292.8500061035156,-0.035910915560772194,95.40229034423828,77.37857142857143,1193.2811666666666,1.505,93.95042857142857,-1.04,2.73,22.91
2021-02-04,133.4945831298828,84183100,-0.014979480953800972,-0.053322030321987235,-0.15180230756543167,-0.05426954241549686,0.07892857142857143,263.72707142857143,6.189285714285714,21.77,112.7469,1.15,77.66785714285714,56.19,65.05501556396484,358.5935363769531,0.015956330119135442,0.011365735317483416,52.892857142857146,59.785714285714285,65.25,0.019921629085421833,137.12631225585938,0.015479729513654616,489.3800048828125,0.016911427499138654,137.10000610351562,0.026088386449132583,300.489990234375,0.03374398589827443,98.62154388427734,77.66785714285714,1193.5601111111112,1.521,94.05534285714286,-1.02,2.73,21.77
2021-02-05,133.0809783935547,75693800,-0.010163507936335026,-0.07867775332379001,-0.11457995928497022,-0.046276684482597474,0.07857142857142857,263.7764285714286,6.185714285714286,20.87,112.2379,1.19,77.95714285714286,56.8,64.91111755371094,360.00494384765625,-0.0022119433683390755,0.003935953461301267,52.857142857142854,59.714285714285715,65.0,-0.011693378333116344,135.52284240722656,0.0055989010728607624,492.1199951171875,-0.009482151669462868,135.8000030517578,0.017870795339967938,305.8599853515625,-0.02450620325357411,96.20470428466797,77.95714285714286,1193.8390555555557,1.527,94.16025714285715,-1.02,2.73,20.87
2021-02-08,133.2270050048828,71297200,-0.027171517203030793,-0.0807101915952797,-0.12365795400728308,-0.07190529557052239,0.0775,263.9245,6.175,21.24,112.0428,1.19,78.825,57.95,65.59226989746094,362.6048278808594,0.010493616030972985,0.007221800915887755,52.75,59.5,64.25,0.02984701560806724,139.5677947998047,0.003332550322502126,493.760009765625,0.0131075017621205,137.5800018310547,-0.009971843127707714,302.80999755859375,0.05441363872364402,101.4395523071289,78.825,1194.675888888889,1.567,94.47500000000001,-1.03,2.73,21.24
2021-02-09,132.3511962890625,76774200,-0.03801219954234425,-0.07837643340241518,-0.10330141410284432,-0.07268669164312447,0.07714285714285715,263.9738571428571,6.171428571428572,21.63,111.7675,1.18,79.11428571428571,58.34,65.5155258178711,362.3634033203125,-0.0011700171332661435,-0.0006658062496238681,52.714285714285715,59.42857142857143,64.0,-0.002284536032881701,139.2489471435547,0.004637836159373743,496.04998779296875,0.013882858240217288,139.49000549316406,0.0055810655362500405,304.5,-0.0076278487667424955,100.66578674316406,79.11428571428571,1194.9548333333335,1.569,94.57991428571428,-1.04,2.73,21.63
2021-02-10,131.7478790283203,73046600,-0.04195279045760769,-0.10635946764905124,-0.10606395776623478,-0.09167193735537937,0.07678571428571429,264.0232142857143,6.167857142857143,21.99,111.5834,1.15,79.40357142857142,58.69,65.41957092285156,362.2054748535156,-0.0014646130641808863,-0.00043582896437610597,52.67857142857143,59.357142857142854,63.75,0.002486133025430437,139.5951385498047,-0.006813777740974469,492.6700134277344,-0.011685460023100891,137.86000061035156,-0.009162589638495477,301.7099914550781,0.0047447164591578606,101.14341735839844,79.40357142857142,1195.2337777777777,1.569,94.68482857142857,-1.06,2.73,21.99
2021-02-11,131.49490356445312,64280000,-0.03892563517896408,-0.10264201957610253,-0.08243952817763545,-0.07361624108660714,0.07642857142857143,264.07257142857145,6.164285714285715,21.25,111.5272,1.16,79.69285714285715,58.22,66.13911437988281,362.7904968261719,0.010998902115695541,0.0016151660128629342,52.642857142857146,59.285714285714285,63.5,0.036350412149217304,144.6694793701172,0.00801749970933141,496.6199951171875,0.0443203291984664,143.97000122070312,-0.004971661670088667,300.2099914550781,0.06724600533903802,107.94490814208984,79.69285714285715,1195.5127222222222,1.554,94.78974285714285,-1.04,2.73,21.25
2021-02-12,131.72840881347656,60145100,-0.06921774044177009,-0.05599474478779165,-0.07239411589522149,-0.056907120888993634,0.07607142857142858,264.12192857142855,6.160714285714286,19.97,111.4889,1.2,79.98214285714286,59.5,66.47970581054688,364.5827331542969,0.005149621881959332,0.004940141331716719,52.607142857142854,59.214285714285715,63.25,0.012468438388580916,146.47328186035156,0.004470221180239209,498.8399963378906,0.011877415021041449,145.67999267578125,0.01642191577123797,305.1400146484375,0.0327434851120838,111.47940063476562,79.98214285714286,1195.7916666666667,1.581,94.89465714285714,-1.01,2.7414285714285715,19.97
2021-02-16,129.60702514648438,80576300,-0.05503403255455719,-0.060589885054331716,-0.06329287540296447,-0.050345270255474306,0.07464285714285715,264.31935714285714,6.146428571428571,21.46,111.7879,1.3,81.13928571428572,60.07,66.26382446289062,364.2669372558594,-0.0032473270605538618,-0.0008661844616317804,52.464285714285715,58.92857142857143,62.25,-0.0018036782577180999,146.20909118652344,0.005613058958989781,501.6400146484375,0.0021280397650262906,145.99000549316406,0.010093682979645191,308.2200012207031,0.014138751154201934,113.05558013916016,81.13928571428572,1196.9074444444445,1.632,95.31431428571429,-0.94,2.7871428571428574,21.46
2021-02-17,127.32023620605469,97918500,-0.04195919515909463,-0.06710451112582017,-0.07879822038650497,-0.04416004249250871,0.07428571428571429,264.3687142857143,6.142857142857142,21.5,112.0204,1.29,81.42857142857143,61.09,65.67861938476562,364.3505554199219,-0.008831441331200729,0.00022955189041429236,52.42857142857143,58.857142857142854,62.0,-0.004610748177903967,145.5349578857422,-0.020751940351897535,491.2300109863281,-0.028837636519332244,141.77999877929688,-0.018493323549595764,302.5199890136719,-0.022306762643604205,110.53367614746094,81.42857142857143,1197.1863888888888,1.659,95.41922857142858,-0.92,2.7985714285714285,21.5
2021-02-18,126.22068786621094,96856700,-0.06722703907483552,-0.07385723813554623,-0.0749364814961897,-0.03706897208280613,0.07392857142857143,264.41807142857147,6.139285714285714,22.49,112.1603,1.29,81.71785714285714,60.4,65.35722351074219,362.79986572265625,-0.004893462698120965,-0.004256037692816017,52.392857142857146,58.785714285714285,61.75,-0.010391308081262984,144.0226593017578,-0.00582215215922588,488.3699951171875,-0.01586965735203938,139.52999877929688,-0.00594997969832467,300.7200012207031,-0.01970455284317152,108.35565948486328,81.71785714285714,1197.4653333333333,1.624,95.52414285714286,-0.87,2.81,22.49
2021-02-19,126.37638092041016,87668800,-0.06629703874060067,-0.06506505968671983,-0.04989614779401974,-0.018047071416087634,0.07357142857142858,264.46742857142857,6.135714285714285,22.05,111.7058,1.34,82.00714285714287,59.12,65.26129150390625,362.15911865234375,-0.0014678103151087862,-0.0017661171650000806,52.357142857142854,58.714285714285715,61.5,0.036118651898906506,149.2245635986328,-0.01894055755366464,479.1199951171875,0.0009317342790071681,139.66000366210938,0.015562625222079962,305.3999938964844,0.053160759598752216,114.11592864990234,82.00714285714287,1197.7442777777778,1.618,95.62905714285715,-0.8,2.8328571428571427,22.05
2021-02-22,122.61046600341797,103916400,0.014206325398009145,-0.07650789484704523,-0.02746024015358539,-0.00283271541134944,0.07250000000000001,264.6155,6.125,23.45,111.918,1.37,82.875,61.67,63.822227478027344,359.3735656738281,-0.022050805197331602,-0.0076915168914734044,52.25,58.5,60.75,-0.027838718243654803,145.07034301757812,-0.02460763204432359,467.3299865722656,-0.04654159981068007,133.16000366210938,-0.025212776173345497,297.70001220703125,-0.035409355487713956,110.07515716552734,82.875,1198.581111111111,1.671,95.94380000000001,-0.79,2.9014285714285717,23.45
2021-02-23,122.47422790527344,158273000,-0.005879420731726315,-0.037899096626649476,-0.04584436921282098,0.011567661553876007,0.07214285714285715,264.66485714285716,6.121428571428571,23.11,111.8981,1.37,83.16428571428571,61.66,63.64475631713867,359.8099670410156,-0.002780710857354096,0.001214339085762406,52.214285714285715,58.42857142857143,60.5,-0.009671169508158495,143.66734313964844,0.0010057159484895273,467.79998779296875,-0.004205448657201405,132.60000610351562,-0.025025233125789192,290.25,0.007897200475388777,110.94444274902344,83.16428571428571,1198.8600555555556,1.717,96.04871428571428,-0.79,2.9242857142857144,23.11
2021-02-24,121.97798156738281,111039900,-0.026246602273794828,-0.04284015322089241,-0.03797378492157,0.014084778374242823,0.07178571428571429,264.7142142857143,6.117857142857143,21.34,111.7212,1.38,83.45357142857144,63.21,64.61852264404297,363.7748718261719,0.01530002443645273,0.011019441228275584,52.17857142857143,58.357142857142854,60.25,0.02574520866543617,147.3660888671875,0.01885422735009179,476.6199951171875,0.05143281863882865,139.4199981689453,0.029836360592969458,298.9100036621094,0.05943757646109016,117.53871154785156,83.45357142857144,1199.1390000000001,1.754,96.15362857142857,-0.79,2.9471428571428575,21.34
2021-02-25,117.73524475097656,148199500,-0.007108052375504714,0.008017019926523039,0.0018183887109950447,0.050214641278907735,0.07142857142857144,264.7635714285714,6.114285714285714,28.89,111.9253,1.54,83.74285714285715,63.43,62.35919189453125,355.0093688964844,-0.03496413500440809,-0.02409595496710404,52.142857142857146,58.285714285714285,60.0,-0.045880711351589554,140.60482788085938,-0.03663293951984792,459.1600036621094,-0.010041557272062906,138.02000427246094,-0.04978088622163679,284.0299987792969,-0.07230679875170987,109.03986358642578,83.74285714285715,1199.4179444444444,1.729,96.25854285714286,-0.6,2.97,28.89
2021-02-26,117.99800109863281,164560400,0.0013194550140649408,-0.0018968418556191136,0.0010718834332907878,0.03490681700535503,0.07107142857142858,264.8129285714286,6.110714285714286,27.95,112.8306,1.44,84.03214285714286,61.55,62.690189361572266,353.18011474609375,0.005307917838333065,-0.00515269260661122,52.107142857142854,58.214285714285715,59.75,0.01392539164146589,142.56280517578125,0.0011107451902545584,459.6700134277344,0.022243094989109702,141.08999633789062,-0.028271657267923023,276.0,0.03739149667091679,113.11702728271484,84.03214285714286,1199.696888888889,1.682,96.36345714285714,-0.71,2.9771428571428573,27.95
2021-03-01,124.35231018066406,116307900,-0.08944355598399079,-0.029736354865107284,-0.061741729883835306,-0.023228206504086746,0.07,264.961,6.1,23.35,112.5263,1.45,84.9,60.54,64.70965576171875,361.74127197265625,0.032213435957243686,0.02424020172459951,52.0,58.0,59.0,0.01777663182131306,145.0970916748047,0.02153717581588732,469.57000732421875,0.045006777718728186,147.44000244140625,0.02996372831040528,284.2699890136719,0.03435132086352288,117.00274658203125,84.9,1200.5337222222222,1.645,96.6782,-0.71,2.9985714285714287,23.35
2021-03-02,121.754150390625,102260900,-0.03220904643025435,0.0035965651036182766,-0.023737104099618045,-0.005026393358799286,0.07,265.01432258064517,6.1,24.1,112.5342,1.42,85.00967741935484,59.7,63.68311309814453,358.91851806640625,-0.015863825135374987,-0.007803239842821608,52.03225806451613,57.83870967741935,58.96774193548387,-0.027113655438700035,141.16297912597656,-0.006346254956336117,466.5899963378906,-0.035879058988921075,142.14999389648438,-0.022337833156324094,277.9200134277344,-0.03885481172661276,112.45662689208984,85.00967741935484,1200.8126666666667,1.636,96.68515806451613,-0.78,3.005714285714286,24.1
2021-03-03,118.77647399902344,112966300,-0.017040814425751893,0.022120119961948292,0.007700984117053444,0.026318210051598623,0.07,265.06764516129033,6.1,26.67,112.7617,1.47,85.11935483870968,61.33,62.08098602294922,354.1644287109375,-0.02515780082431296,-0.013245595075674466,52.064516129032256,57.67741935483871,58.935483870967744,-0.028193790314116285,137.1830596923828,-0.03887778193539093,448.45001220703125,-0.059162777097581776,133.74000549316406,-0.03101621048606862,269.29998779296875,-0.017531783595767014,110.48506164550781,85.11935483870968,1201.0916111111112,1.655,96.69211612903226,-0.74,3.012857142857143,26.67
2021-03-04,116.89837646484375,178155000,0.01523335176422247,0.003329829898034875,0.04803145834279676,0.030132741560819687,0.07,265.1209677419355,6.1,28.57,112.7037,1.54,85.22903225806452,63.81,60.70907211303711,349.7817077636719,-0.022098777706348938,-0.012374819693828476,52.096774193548384,57.516129032258064,58.903225806451616,-0.036147774483286654,132.2241973876953,-0.020938821257301066,439.05999755859375,-0.03686262697830012,128.80999755859375,-0.014333403366248776,265.44000244140625,-0.06236999791043718,103.59410858154297,85.22903225806452,1201.3705555555555,1.719,96.69907419354838,-0.66,3.02,28.57
2021-03-05,118.15369415283203,153766600,-0.0032120587027232306,-0.01177737638523424,0.03944974252324962,0.03857537602892713,0.07,265.17429032258065,6.1,24.66,113.7487,1.56,85.33870967741936,66.08,61.85551452636719,356.21649169921875,0.018884202532291505,0.018396570754621866,52.12903225806452,57.354838709677416,58.87096774193548,0.030168906501627957,136.2132568359375,0.004031314680257747,440.8299865722656,-0.01645831191187741,126.69000244140625,0.007346338867901814,267.3900146484375,0.04813368578819999,108.58047485351562,85.33870967741936,1201.6495,1.769,96.70603225806452,-0.66,3.0242857142857145,24.66
2021-03-08,113.22979736328125,154376600,0.0655722130256362,0.06041597827030265,0.09917496201130138,0.08382491347093524,0.07,265.3342580645161,6.1,25.47,114.2678,1.59,85.66774193548387,65.03,60.35889434814453,354.4429931640625,-0.02419542040321543,-0.00497870979161108,52.225806451612904,56.87096774193548,58.774193548387096,-0.0323751701603876,131.80332946777344,-0.04452958048037958,421.20001220703125,-0.05533192833801215,119.68000030517578,-0.053442566147095194,253.10000610351562,-0.0684885882800983,101.14395141601562,85.66774193548387,1202.4863333333333,1.71,96.7269064516129,-0.62,3.037142857142857,25.47
2021-03-09,117.83256530761719,129525800,0.03699725793240982,0.011974515282089815,0.07655483649572181,0.04843734521238874,0.07,265.3875806451613,6.1,24.03,113.928,1.55,85.77741935483871,64.02,62.41194534301758,359.50360107421875,0.034014059022208665,0.01427763563607476,52.25806451612903,56.70967741935484,58.74193548387097,0.03727577063910359,136.71640014648438,0.04268751174658636,439.17999267578125,0.063669808883285,127.30000305175781,0.042947431272450265,263.9700012207031,0.08081034069188386,109.31742858886719,85.77741935483871,1202.7652777777778,1.702,96.73386451612903,-0.66,3.0414285714285714,24.03
2021-03-10,116.75242614746094,111943300,0.03983983766815524,0.0009168806011170538,0.10851812203301137,0.06139303379852823,0.07,265.44090322580644,6.1,22.56,113.5881,1.53,85.88709677419355,64.45,62.162513732910156,361.74127197265625,-0.00399653637995967,0.006224335143657056,52.29032258064516,56.54838709677419,58.70967741935484,-0.0155252668405238,134.59384155273438,-0.004940987627726989,437.010009765625,-0.0032993384781702106,126.87999725341797,-0.001250091187406266,263.6400146484375,-0.01348289215291476,107.84351348876953,85.88709677419355,1203.0442222222223,1.722,96.74082258064516,-0.73,3.0457142857142854,22.56
2021-03-11,118.67913055419922,103026500,-0.011724912154926992,-0.011232932174327193,0.07609078223145471,0.03578423106769035,0.07,265.4942258064516,6.1,21.91,112.9214,1.54,85.99677419354839,66.02,63.491241455078125,365.4089660644531,0.02137506420472368,0.010138998162405155,52.32258064516129,56.38709677419355,58.67741935483871,0.026646511143846974,138.1802978515625,0.03215026539209931,451.05999755859375,0.02561481478363592,130.1300048828125,0.04066139473334518,274.3599853515625,0.040025072044988175,112.15995788574219,85.99677419354839,1203.3231666666668,1.76,96.7477806451613,-0.74,3.05,21.91
2021-03-12,117.77417755126953,88105100,-0.008592918641615599,0.001487215986477164,0.11071622749053778,0.05400567225395103,0.07,265.54754838709675,6.1,20.69,113.0269,1.64,86.10645161290323,65.59,63.035552978515625,365.901123046875,-0.0071771864294842835,0.0013468661913869084,52.354838709677416,56.225806451612904,58.645161290322584,-0.009865407567141604,136.8170928955078,-0.01498694143177004,444.29998779296875,-0.03373554794681177,125.73999786376953,-0.022780289888087335,268.1099853515625,-0.024746157242043543,109.38442993164062,86.10645161290323,1203.602111111111,1.76,96.75473870967743,-0.62,3.0557142857142856,20.69
2021-03-15,120.65452575683594,92403800,-0.0048389350738534676,-0.020969329909456103,0.06484394315824216,0.05413049980302809,0.07,265.70751612903223,6.1,20.03,113.1928,1.62,86.43548387096774,65.36,63.70709991455078,368.0832214355469,0.010653463074465908,0.005963628563097734,52.45161290322581,55.74193548387097,58.54838709677419,0.009763289687273025,138.1528778076172,0.0074049260304165365,447.5899963378906,0.02902816596063107,129.38999938964844,0.018313393496594665,273.0199890136719,0.0051621525934286705,109.94908905029297,86.43548387096774,1204.4389444444446,1.748,96.7756129032258,-0.65,3.0728571428571425,20.03
2021-03-16,122.19204711914062,115227900,-0.024129998858638202,-0.04515403264094886,0.07111570486332508,0.03416586559053991,0.07,265.7608387096774,6.1,19.79,112.9839,1.62,86.54516129032258,64.82,64.18678283691406,367.6189880371094,0.007529504921848229,-0.0012612185815668031,52.483870967741936,55.58064516129032,58.516129032258064,0.013774705000128673,140.05589294433594,0.006590880562943324,450.5400085449219,0.0,129.38999938964844,0.007288919610400679,275.010009765625,0.03151115236592639,113.41371154785156,86.54516129032258,1204.7178888888889,1.728,96.78257096774193,-0.68,3.0785714285714283,19.79
2021-03-17,121.40382385253906,111932600,-0.03743168482015746,-0.02091997042351612,0.0753448735917015,0.0449752467252138,0.07,265.8141612903226,6.1,19.23,113.1589,1.63,86.65483870967742,64.55,64.1340103149414,368.87255859375,-0.0008221711642214524,0.0034099722741036675,52.516129032258064,55.41935483870968,58.483870967741936,0.007055245169170332,141.0440216064453,0.0010431953029454988,451.010009765625,-0.00695566814073556,128.49000549316406,-0.007890670705345437,272.8399963378906,0.01181431034104663,114.75361633300781,86.65483870967742,1204.9968333333334,1.686,96.78952903225807,-0.67,3.084285714285714,19.23
2021-03-18,117.28762817382812,121229700,0.0004978168393099391,0.020492711826171517,0.11872564093023641,0.09527783682743984,0.07,265.86748387096776,6.1,21.58,112.7744,1.71,86.76451612903226,59.95,62.35439682006836,363.5055847167969,-0.02774835826005484,-0.014549669667523135,52.54838709677419,55.25806451612903,58.45161290322581,-0.030552841625014704,136.73472595214844,-0.02623005439722148,439.17999267578125,-0.03471092320954461,124.02999877929688,-0.03445240442256581,263.44000244140625,-0.04687245902628989,109.37483215332031,86.76451612903226,1205.2757777777779,1.579,96.7964870967742,-0.56,3.09,21.58
2021-03-19,116.76215362548828,185549500,0.010167503155496194,0.04925416464408028,0.10934264072676814,0.08910388219637566,0.07,265.9208064516129,6.1,20.95,112.9756,1.74,86.8741935483871,61.43,62.16731643676758,362.8330078125,-0.003000275727798707,-0.0018502519151689656,52.58064516129032,55.096774193548384,58.41935483870968,0.016460688131643586,138.9854736328125,0.005282588831252655,441.5,0.011690757009656272,125.4800033569336,-0.00736411487787525,261.5,0.005075412364611509,109.9299545288086,86.8741935483871,1205.5547222222222,1.622,96.80344516129033,-0.57,3.1014285714285714,20.95
2021-03-22,120.07068634033203,111912300,-0.01620882830338599,0.02285437610660379,0.0819353656029822,0.0740313910904915,0.07,266.0807741935484,6.1,18.88,113.0023,1.69,87.20322580645161,61.48,63.38971710205078,365.73016357421875,0.019663075959319265,0.00798481863374434,52.67741935483871,54.61290322580645,58.32258064516129,0.017049361962252707,141.35508728027344,0.02471122007272797,452.4100036621094,0.01984378225338923,127.97000122070312,0.017055416654218503,265.9599914550781,0.038916937838904486,114.20809173583984,87.20322580645161,1206.3915555555557,1.633,96.8243193548387,-0.64,3.1357142857142857,18.88
2021-03-23,119.2435531616211,95467100,-0.0215438877696017,0.043740771852391,0.0767099197280321,0.09521416916264269,0.07,266.13409677419355,6.1,20.3,113.2916,1.63,87.31290322580645,57.75,62.99556350708008,362.85150146484375,-0.006217942167751844,-0.00787099997780416,52.70967741935484,54.45161290322581,58.29032258064516,-0.025954660088837844,137.68626403808594,0.01721891311391066,460.20001220703125,0.0021880032556533813,128.25,0.011430322765051404,269.0,-0.02472122784734787,111.38472747802734,87.31290322580645,1206.6705,1.54,96.83127741935485,-0.66,3.1471428571428572,20.3
2021-03-24,116.8594741821289,88530500,0.017153810421815407,0.0855193296600738,0.11849437928629003,0.1152224602655676,0.07,266.1874193548387,6.1,21.2,113.6565,1.62,87.42258064516129,61.12,62.23125076293945,361.0070495605469,-0.012132802717999769,-0.005083214198785879,52.74193548387097,54.29032258064516,58.25806451612903,-0.0003322470104695219,137.64051818847656,-0.018883099111037915,451.510009765625,-0.009980497304459046,126.97000122070312,-0.021635714959921004,263.17999267578125,0.04055647693925346,115.902099609375,87.42258064516129,1206.9494444444445,1.645,96.83823548387097,-0.69,3.1585714285714284,21.2
2021-03-25,117.34601593017578,98844700,0.01998494614413815,0.10291073071275925,0.11717398932446654,0.10818978781111,0.07,266.24074193548387,6.1,19.81,114.0016,1.63,87.53225806451613,58.47,62.19279098510742,363.03790283203125,-0.0006180138975278027,0.005625522476518263,52.774193548387096,54.12903225806452,58.225806451612904,-0.003589748535792525,137.14642333984375,-0.0011517342251613494,450.989990234375,-0.010238662985425306,125.66999816894531,-0.0037616470169699046,262.19000244140625,-0.0113955680537563,114.58132934570312,87.53225806451613,1207.228388888889,1.573,96.8451935483871,-0.69,3.17,19.81
2021-03-26,117.94933319091797,94071200,0.03869324776978833,0.08274896498059015,0.10873691894264215,0.10004214140430157,0.07,266.294064516129,6.1,18.86,113.7406,1.67,87.64193548387097,60.93,63.7742805480957,368.8882141113281,0.025428824433477937,0.016114877354840962,52.806451612903224,53.96774193548387,58.193548387096776,0.048098982335168516,143.74302673339844,0.040133941984187294,469.0899963378906,0.05498530884690456,132.5800018310547,0.026011698618229717,269.010009765625,0.07450725123654944,123.11846923828125,87.64193548387097,1207.5073333333335,1.604,96.85215161290323,-0.67,3.1714285714285713,18.86
2021-03-29,118.12448120117188,80819200,0.039706805197918804,0.1074223467933344,0.10042038875108728,0.11219163547293598,0.07,266.4540322580645,6.1,20.74,113.9314,1.73,87.97096774193548,61.49,63.44261932373047,368.7019348144531,-0.005200548269848504,-0.0005049749212610033,52.903225806451616,53.483870967741936,58.096774193548384,-0.02074977524703714,140.76039123535156,0.0004903344520748032,469.32000732421875,0.0012822308538051885,132.75,0.006579639974044094,270.7799987792969,-0.022776678053890276,120.31423950195312,87.97096774193548,1208.3441666666668,1.61,96.87302580645162,-0.63,3.1757142857142857,20.74
2021-03-30,116.6745834350586,85671900,0.06672211334361844,0.1011673423998829,0.11326089954528196,0.13896193175193683,0.07,266.50735483870966,6.1,19.61,114.203,1.73,88.08064516129032,60.55,62.84171676635742,367.7237854003906,-0.009471591239113342,-0.0026529543832058966,52.935483870967744,53.32258064516129,58.064516129032256,-0.008059948359180669,139.62586975097656,-0.008224699158146054,465.4599914550781,-0.014161995350753243,130.8699951171875,-0.008678654679480369,268.42999267578125,0.008352405619135528,121.31915283203125,88.08064516129032,1208.6231111111113,1.588,96.87998387096775,-0.62,3.177142857142857,19.61
2021-03-31,118.86405944824219,118323800,0.06721256759575733,0.10110508833582044,0.07621797525634233,0.12314908775814759,0.07,266.5606774193548,6.1,19.4,113.8234,1.74,88.19032258064516,59.19,63.841583251953125,369.2143249511719,0.01591087158412874,0.0040534216440699655,52.96774193548387,53.16129032258065,58.03225806451613,0.01618508935174301,141.88572692871094,0.02129077438241178,475.3699951171875,0.04676404526871414,136.99000549316406,0.03248519710401898,277.1499938964844,0.05396004312537195,127.86553955078125,88.19032258064516,1208.9020555555555,1.571,96.88694193548388,-0.63,3.178571428571429,19.4
2021-04-01,119.69116973876953,75089100,0.08130098868822166,0.09073192198881697,0.07756109846144499,0.11791203570641584,0.07,266.614,6.1,17.33,113.7389,1.69,88.3,61.41,65.12504577636719,373.2014465332031,0.020103864268980143,0.010798935232425144,53.0,53.0,58.0,0.03417592045617934,146.73480224609375,0.0167658903644905,483.3399963378906,0.03284911175673,141.49000549316406,0.024355042932171722,283.8999938964844,0.05928199206758733,135.44566345214844,88.3,1209.181,1.624,96.8939,-0.66,3.18,17.33
2021-04-05,122.51317596435547,88651200,0.04241456012677003,0.07100869738393478,0.015488620751950677,0.11356418373915589,0.06866666666666667,266.8498666666666,6.06,17.91,113.394,1.73,87.58,58.73,66.47101593017578,378.5580749511719,0.020667473439182293,0.014353182356950489,53.266666666666666,51.13333333333333,56.93333333333333,0.019391640042044855,149.58023071289062,0.017130795800123666,491.6199951171875,0.030956176789710188,145.8699951171875,0.015568909907571093,288.32000732421875,0.010810823598808028,136.90994262695312,87.58,1208.2997252747252,1.582,97.03539333333333,-0.62,3.1514285714285712,17.91
2021-04-06,122.81482696533203,80171300,0.0651294588598228,0.0546709956804079,0.014975289771726574,0.1271790147404097,0.06833333333333334,266.9088333333333,6.05,18.12,113.1464,1.67,87.4,59.34,66.18739318847656,378.33447265625,-0.004266863349841832,-0.0005906684065600798,53.333333333333336,50.666666666666664,56.666666666666664,-0.010887605593860594,147.95166015625,-0.0005695431066227163,491.3399963378906,-0.01652148134634679,143.4600067138672,-0.009780824266723998,285.5,-0.02453689204717069,133.55059814453125,87.4,1208.0794065934067,1.596,97.07076666666667,-0.65,3.144285714285714,18.12
2021-04-07,124.45935821533203,83466700,0.03229072372775388,0.04378428256931821,0.014386503343900126,0.13225629135585626,0.068,266.96779999999995,6.04,17.16,113.2436,1.68,87.22,59.77,66.5383071899414,378.7723388671875,0.005301825386377912,0.001157352138342782,53.4,50.2,56.4,-0.013975738849193897,145.88392639160156,0.004212983554457539,493.4100036621094,-0.006273589245457956,142.55999755859375,0.0021716116188703616,286.1199951171875,-0.0028664229536861097,133.16778564453125,87.22,1207.859087912088,1.604,97.10614,-0.66,3.137142857142857,17.16
2021-04-08,126.85321807861328,88844600,0.031757985024873925,0.012120295388708735,0.0005456216896650989,0.10066930676514962,0.06766666666666667,267.0267666666666,6.029999999999999,16.95,113.0917,1.64,87.03999999999999,59.61,67.49969482421875,380.57037353515625,0.014448633800270061,0.004747006271224041,53.46666666666667,49.733333333333334,56.13333333333333,0.01674520213010644,148.3267822265625,0.013031743637254234,499.8399963378906,0.0203423765778441,145.4600067138672,0.025548712719639655,293.42999267578125,0.001509518883538119,133.36880493164062,87.03999999999999,1207.6387692307692,1.61,97.14151333333334,-0.69,3.13,16.95
2021-04-09,129.42218017578125,106686700,0.008721839154180788,0.009924766075928071,-0.04462065417153782,0.09290573759474974,0.06733333333333334,267.08573333333334,6.02,16.69,113.2028,1.67,86.86,59.29,68.1486587524414,383.33709716796875,0.0096143238856512,0.007269939609623632,53.53333333333333,49.266666666666666,55.86666666666667,-0.005428082459531858,147.5216522216797,0.008402713343875767,504.0400085449219,-0.0007562258027936641,145.35000610351562,0.01410903708473965,297.57000732421875,-0.0031580724945992067,132.94761657714844,86.86,1207.4184505494507,1.805,97.17688666666668,-0.64,3.117142857142857,16.69
2021-04-12,127.70951843261719,91420000,0.027430677151791816,0.02651641284840056,-0.038982941897499845,0.10290670812159908,0.06633333333333334,267.2626333333333,5.989999999999999,16.91,113.1815,1.69,86.32,59.7,67.82176971435547,383.47686767578125,-0.004796705380122002,0.0003646151359864014,53.733333333333334,47.86666666666667,55.06666666666667,-0.009365038960055694,146.14010620117188,0.003948079915560232,506.0299987792969,-0.0038528571989462357,144.7899932861328,-0.010316924584653497,294.5,-0.02814726057073136,129.20550537109375,86.32,1206.7574945054946,1.623,97.28300666666667,-0.64,3.0785714285714287,16.91
2021-04-13,130.81369018554688,91266500,-0.00981895965079227,-0.0002974452601572919,-0.0851852314112459,0.0852294982646693,0.066,267.3216,5.9799999999999995,16.65,113.0391,1.64,86.14,60.2,68.46110534667969,384.6133117675781,0.009426702296576828,0.0029635271057801837,53.8,47.4,54.8,-0.003568490863631757,145.6186065673828,0.017449531833223952,514.8599853515625,0.009392918526240468,146.14999389648438,0.002886268602769526,295.3500061035156,0.0007407046992706778,129.30120849609375,86.14,1206.5371758241758,1.632,97.31838,-0.69,3.065714285714286,16.65
2021-04-14,128.47824096679688,87222800,0.011134032862427867,0.011740093468488588,-0.05186479729689608,0.13158652961122086,0.06566666666666666,267.38056666666665,5.97,16.99,112.7849,1.64,85.96000000000001,63.15,67.73524475097656,383.2998962402344,-0.010602525215265612,-0.0034148987753638282,53.86666666666667,46.93333333333333,54.53333333333333,-0.004398182130825101,144.9781494140625,-0.008215787960024978,510.6300048828125,-0.01053707389973324,144.61000061035156,-0.003385813371710289,294.3500061035156,-0.00710571445160213,128.38243103027344,85.96000000000001,1206.316857142857,1.696,97.35375333333333,-0.69,3.052857142857143,16.99
2021-04-15,130.88182067871094,89347100,-0.019033232522733146,-0.007583703867958258,-0.05080687535988171,0.10581592173264132,0.06533333333333334,267.4395333333333,5.96,16.57,112.6181,1.56,85.78,63.42,68.8985366821289,387.4174499511719,0.017174100948909254,0.010742381491167352,53.93333333333333,46.46666666666667,54.266666666666666,0.014199338026591679,147.0367431640625,0.024714558479742577,523.25,0.020607120634544396,147.58999633789062,0.015321824883743451,298.8599853515625,0.0020127956037263584,128.64083862304688,85.78,1206.0965384615386,1.71,97.38912666666667,-0.77,3.04,16.57
2021-04-16,130.5509796142578,84922400,0.001192525902637298,-0.020125028796292188,-0.057211789584806216,0.09301316336810084,0.065,267.4985,5.95,16.25,112.4814,1.59,85.6,63.16,68.88411712646484,388.71234130859375,-0.00020928682027876455,0.0033423671483694406,54.0,46.0,54.0,-0.007466947551939551,145.93882751464844,0.003497404853977537,525.0800170898438,-0.0022359363049185843,147.25999450683594,0.004349924293202356,300.1600036621094,-0.0050596006977434715,127.9899673461914,85.6,1205.8762197802198,1.699,97.42450000000001,-0.77,3.0300000000000002,16.25
2021-04-19,131.21267700195312,94264200,-0.0008898549787572652,-0.017057259353652654,-0.0725151567235568,0.058231774893204635,0.064,267.67539999999997,5.92,17.29,112.1835,1.61,85.06,63.33,68.31206512451172,386.8025207519531,-0.008304555909497857,-0.004913197636615463,54.2,44.6,53.2,-0.01629987180381265,143.56004333496094,-0.016968907384953713,516.1699829101562,-0.03612652630638746,141.94000244140625,-0.03318227389912387,290.20001220703125,-0.021236415260199704,125.27191925048828,85.06,1205.2152637362638,1.701,97.53062,-0.73,3.0,17.29
2021-04-20,129.52923583984375,94812300,0.009615932847266917,-0.039516173492972206,-0.06166499073841525,0.09982873960928407,0.06366666666666666,267.73436666666663,5.91,18.68,112.2354,1.58,84.88,62.61,67.7064208984375,383.9705810546875,-0.008865845659479343,-0.007321409622047637,54.266666666666666,44.13333333333333,52.93333333333333,-0.015550227664762883,141.32765197753906,-0.003797123045493178,514.2100219726562,-0.00704523025785353,140.94000244140625,-0.013232345602829376,286.3599853515625,-0.017572186870589923,123.07061767578125,84.88,1204.994945054945,1.682,97.56599333333334,-0.74,2.99,18.68
2021-04-21,129.90872192382812,68847100,0.000599387011378516,-0.040449226646282255,-0.04474730017437778,0.09098854575297355,0.06333333333333334,267.7933333333333,5.8999999999999995,17.5,112.1771,1.57,84.7,61.34,68.38899993896484,387.60369873046875,0.010081452120342282,0.009461968846159685,54.333333333333336,43.666666666666664,52.666666666666664,0.024729517194305384,144.82261657714844,-0.0036366368551388195,512.3400268554688,0.003973304589848903,141.5,0.008765225220079165,288.8699951171875,0.050237206213681995,129.2533416748047,84.7,1204.7746263736265,1.644,97.60136666666666,-0.76,2.98,17.5
2021-04-22,128.39071655273438,84566500,0.011671678424152176,-0.016674284728199207,-0.047725967036255534,0.11451645988561743,0.063,267.85229999999996,5.89,18.71,112.2297,1.57,84.52000000000001,61.45,67.58623504638672,384.0638122558594,-0.01173821657422347,-0.00913274689122856,54.4,43.2,52.4,-0.018447081185047676,142.15106201171875,-0.009856770983797225,507.2900085449219,-0.01017669569898405,140.05999755859375,-0.0030117185304571192,288.0,-0.024435212148350094,126.09500885009766,84.52000000000001,1204.5543076923077,1.661,97.63674,-0.76,2.97,18.71
2021-04-23,130.7066650390625,78657500,-0.021292163242739415,-0.02895210502181178,-0.05214498215734964,0.1078941002980156,0.06266666666666666,267.9112666666666,5.88,17.33,112.0889,1.58,84.34,62.18,68.5956802368164,388.2278137207031,0.014935662413165574,0.010841952123491705,54.46666666666667,42.733333333333334,52.13333333333333,0.023492348442659905,145.4905242919922,0.01685430062987292,515.8400268554688,0.014422421160016574,142.0800018310547,0.025243017408582924,295.2699890136719,0.023604925722393366,129.07147216796875,84.34,1204.333989010989,1.67,97.67211333333333,-0.76,2.9714285714285715,17.33
2021-04-26,131.09591674804688,66905100,-0.016181803833602126,-0.056818237369903435,-0.05644647466764252,0.10780175573491113,0.06166666666666667,268.08816666666667,5.85,17.64,111.8109,1.58,83.80000000000001,62.02,68.94660949707031,389.0384216308594,0.005115909034539401,0.0020879696959048566,54.666666666666664,41.333333333333336,51.333333333333336,0.010187347133420843,146.97268676757812,-0.0002714303682306296,515.7000122070312,0.0151322766665003,144.22999572753906,0.013784019628321653,299.3399963378906,0.018093050242894204,131.40676879882812,83.80000000000001,1203.6730329670331,1.673,97.77823333333333,-0.78,2.975714285714286,17.64
2021-04-27,130.7747802734375,66015800,-0.04866415509279787,-0.06150845415926531,-0.05450211750693312,0.09397504636859466,0.06133333333333333,268.14713333333333,5.84,17.56,111.9097,1.63,83.62,63.03,68.77836608886719,388.95452880859375,-0.002440198429340845,-0.00021564148320862842,54.733333333333334,40.86666666666667,51.06666666666667,-0.006785505235567868,145.97540283203125,0.003141351713866536,517.3200073242188,-0.07959506390907489,132.75,-0.004910807906350789,297.8699951171875,-0.0037873289832155432,130.90908813476562,83.62,1203.4527142857144,1.703,97.81360666666667,-0.76,2.9771428571428573,17.56
2021-04-28,129.98658752441406,107760100,-0.04102402439028685,-0.07936427908105848,-0.06054202933018393,0.08718539146530135,0.061,268.2061,5.83,17.28,111.7909,1.63,83.44,63.81,68.1390380859375,388.84283447265625,-0.009295481112529203,-0.00028716553649510423,54.8,40.4,50.8,-0.02187371036279806,142.78237915039062,-0.003556844563167183,515.47998046875,0.003917169660722752,133.27000427246094,0.0045658035097009275,299.2300109863281,-0.007968987527825822,129.86587524414062,83.44,1203.2323956043956,1.724,97.84898,-0.78,2.9785714285714286,17.28
2021-04-29,129.88925170898438,151101000,-0.028018935151476243,-0.06216456373990853,-0.0648662037666835,0.09295321590024552,0.06066666666666667,268.26506666666666,5.819999999999999,17.61,111.7464,1.65,83.26,65.0,68.08136749267578,391.3207092285156,-0.0008463664131710402,0.006372432603058753,54.86666666666667,39.93333333333333,50.53333333333333,0.012495476835090447,144.56651306152344,0.00118345311133905,516.0900268554688,0.0014256954702109859,133.4600067138672,-0.009858677601579324,296.2799987792969,-0.002210814615157708,129.57876586914062,83.26,1203.012076923077,1.729,97.88435333333334,-0.77,2.98,17.61
2021-04-30,127.92363739013672,109839500,-0.007826586741608188,-0.02885716148193318,-0.053011870134364036,0.11142338732980384,0.06033333333333333,268.3240333333333,5.81,18.61,112.0839,1.65,83.08000000000001,63.5,67.15360260009766,388.7496032714844,-0.013627295201993905,-0.0065703293906937965,54.93333333333333,39.46666666666667,50.266666666666666,-0.030694896969288843,140.12905883789062,-0.015016818993381809,508.3399963378906,-0.01266298783447195,131.77000427246094,-0.014749544806238357,291.9100036621094,-0.019794516628093395,127.0138168334961,83.08000000000001,1202.7917582417583,1.689,97.91972666666666,-0.76,2.9771428571428573,18.61
2021-05-03,128.97454833984375,75135100,-0.04130482003143221,-0.0456882693307854,-0.054833222833167494,0.09979797635627707,0.06129032258064516,268.52951612903223,5.806451612903226,18.31,112.005,1.63,83.06774193548388,64.46,66.96612548828125,389.5880126953125,-0.0027917655130558217,0.0021566823908567567,55.193548387096776,38.87096774193548,49.61290322580645,-0.012013287311653964,138.44564819335938,-0.009599883774576656,503.4599914550781,-0.01631637766989713,129.6199951171875,-0.015107408471050632,287.5,0.001054604003915216,127.14776611328125,83.06774193548388,1202.1308021978023,1.722,97.9561,-0.79,2.9685714285714284,18.31
2021-05-04,124.41073608398438,137564700,-0.013501329877589452,-0.021806533779479498,-0.032070311436407595,0.1545581943787253,0.06193548387096774,268.6027741935484,5.809677419354839,19.48,112.2896,1.61,83.15161290322581,65.72,65.7643814086914,387.18450927734375,-0.017945551886530242,-0.006169346436869172,55.29032258064516,38.806451612903224,49.41935483870968,0.0038991867674973424,138.9854736328125,-0.025344574473869397,490.70001220703125,-0.025227563387192342,126.3499984741211,-0.027026048743206577,279.7300109863281,-0.031087553745723473,123.19505310058594,83.15161290322581,1201.9104835164835,1.762,97.95660000000001,-0.81,2.9657142857142857,19.48
2021-05-05,124.65401458740234,84000900,-0.03998041209154901,-0.024966687886288752,-0.015583110258001076,0.14909902904468675,0.06258064516129032,268.6760322580645,5.812903225806451,19.15,112.1514,1.59,83.23548387096774,65.63,65.6057357788086,387.3055725097656,-0.0024123336445136534,0.0003126758161060561,55.38709677419355,38.74193548387097,49.225806451612904,0.013297283695586248,140.83360290527344,-0.00817201888296093,486.69000244140625,0.004273849798565266,126.88999938964844,0.0048259948268598585,281.0799865722656,0.012196807639015095,124.69763946533203,83.23548387096774,1201.690164835165,1.755,97.9571,-0.88,2.9628571428571426,19.15
2021-05-06,126.24989318847656,78128300,-0.03512993187141322,-0.017063268613049187,-0.02794947203336562,0.13542286461073494,0.0632258064516129,268.74929032258063,5.816129032258065,18.39,111.8401,1.58,83.31935483870969,64.73,66.2643051147461,390.39849853515625,0.010038289002014755,0.007985751419346432,55.483870967741936,38.67741935483871,49.03225806451613,0.009679651636553377,142.1968231201172,-0.0063284987864827835,483.6099853515625,7.882525241220684e-05,126.9000015258789,0.011633768633361186,284.3500061035156,0.01105230798448087,126.07583618164062,83.31935483870969,1201.4698461538462,1.749,97.9576,-0.87,2.96,18.39
2021-05-07,126.92243194580078,78973300,-0.021196470757323116,-0.0367097165378385,-0.026649111140271464,0.12402247250041287,0.06387096774193549,268.82254838709673,5.819354838709677,16.69,111.0249,1.6,83.40322580645162,64.96,66.83154296875,393.23980712890625,0.008560232436175985,0.007277970085466823,55.58064516129032,38.61290322580645,48.83870967741935,0.011838488011227888,143.88021850585938,0.010587096606459845,488.7300109863281,0.016942486209824414,129.0500030517578,0.0049586904583924785,285.760009765625,0.00926147587668913,127.24348449707031,83.40322580645162,1201.2495274725275,1.75,97.9581,-0.89,2.9571428571428573,16.69
2021-05-10,123.64727783203125,88071200,-0.004572307643704754,0.001970852047820326,0.0022073592297899847,0.153400668464442,0.06580645161290323,269.04232258064513,5.829032258064516,19.66,110.7905,1.63,83.65483870967742,64.92,65.14429473876953,389.3458251953125,-0.025246285736204133,-0.009902308624409661,55.87096774193548,38.41935483870968,48.25806451612903,-0.04114193006632283,137.96070861816406,-0.019131229704200003,479.3800048828125,-0.038047295978289375,124.13999938964844,-0.03397963900064338,276.04998779296875,-0.062128456442590574,119.33804321289062,83.65483870967742,1200.5885714285714,1.749,97.95960000000001,-0.91,2.9485714285714284,19.66
2021-05-11,122.73102569580078,126142800,-0.008418869840807308,0.007862630520891312,0.0015884026712666977,0.1581142591899929,0.0664516129032258,269.1155806451613,5.832258064516129,21.84,110.8921,1.64,83.73870967741937,65.31,64.94719696044922,385.8709716796875,-0.0030255570209284377,-0.008924851098331077,55.96774193548387,38.354838709677416,48.064516129032256,0.00033202848277924524,138.0065155029297,0.012119816219731572,485.19000244140625,0.013613681728011695,125.83000183105469,0.00496296212768943,277.4200134277344,-0.009142829159366817,118.24695587158203,83.73870967741937,1200.3682527472529,1.77,97.9601,-0.89,2.9457142857142857,21.84
2021-05-12,119.67029571533203,112172300,0.015638976948345373,0.03323282601523392,0.03730546032383564,0.18985504058704183,0.06709677419354838,269.1888387096774,5.835483870967742,27.59,111.5636,1.69,83.8225806451613,65.96,63.120540618896484,377.673095703125,-0.028125252929162015,-0.021245122277214423,56.064516129032256,38.29032258064516,47.87096774193548,-0.03175557900777226,133.62403869628906,-0.02699974450750897,472.0899963378906,-0.03218630686499979,121.77999877929688,-0.02840460133156608,269.5400085449219,-0.07017404177660747,109.94908905029297,83.8225806451613,1200.1479340659341,1.81,97.9606,-0.85,2.9428571428571426,27.59
2021-05-13,121.81474304199219,105861300,0.018724451980778323,0.0024807562733528687,0.04409049646566299,0.19319084418114874,0.06774193548387096,269.26209677419354,5.838709677419355,23.13,111.5955,1.66,83.90645161290323,63.82,63.95694351196289,382.2098388671875,0.01325088291173504,0.01201235464129713,56.16129032258065,38.225806451612904,47.67741935483871,0.003970910743577916,134.15464782714844,0.00438477269223303,474.1600036621094,0.002381350947891825,122.06999969482422,0.0006677772133083515,269.7200012207031,0.043871914762129816,114.77276611328125,83.90645161290323,1199.9276153846154,1.736,97.9611,-0.85,2.94,23.13
2021-05-14,124.23212432861328,81918000,-0.01584919273076002,-0.022283248419413426,0.017183315991491366,0.17162343652440626,0.06838709677419355,269.3353548387097,5.841935483870968,18.81,111.1353,1.63,83.99032258064517,65.32,65.36540222167969,388.078857421875,0.022021982796181394,0.01535548789660246,56.25806451612903,38.16129032258065,47.483870967741936,0.02032368440298682,136.88116455078125,0.026151496964557763,486.55999755859375,0.01810435889241968,124.27999877929688,0.029326722624611223,277.6300048828125,0.04094394015859071,119.47201538085938,83.99032258064517,1199.7072967032968,1.775,97.9616,-0.88,2.9485714285714284,18.81
2021-05-17,123.08192443847656,74244600,0.006573214450199316,-0.015759895773736043,0.03072804038829724,0.19859372894402472,0.0703225806451613,269.55512903225804,5.851612903225806,19.72,111.079,1.64,84.24193548387098,66.24,64.88469696044922,387.09136962890625,-0.0073541238161467515,-0.0025445544741317105,56.54838709677419,37.96774193548387,46.903225806451616,-0.010093032339707153,135.49961853027344,-0.007851050935930526,482.739990234375,-0.019633106415935297,121.83999633789062,-0.010265483029179845,274.7799987792969,-0.010093850123337744,118.26608276367188,84.24193548387098,1199.0463406593408,1.777,97.9631,-0.9,2.974285714285714,19.72
2021-05-18,121.69776916503906,63342900,0.016419735981749284,0.0016819455876904144,0.05558664348759379,0.20476591999207572,0.07096774193548387,269.6283870967742,5.854838709677419,21.34,110.8317,1.64,84.3258064516129,65.49,64.36554718017578,383.75634765625,-0.008001112813856404,-0.008615593718489412,56.645161290322584,37.903225806451616,46.70967741935484,-0.014922462048019058,133.47763061523438,-0.004391587935688168,480.6199951171875,-0.005745214783993702,121.13999938964844,-0.007387723954855097,272.75,-0.014242868308689038,116.58163452148438,84.3258064516129,1198.826021978022,1.772,97.9636,-0.88,2.9828571428571427,21.34
2021-05-19,121.54181671142578,92612000,0.01732293606902724,-0.009222930099432314,0.04627459295804992,0.17554946794964632,0.07161290322580645,269.7016451612903,5.858064516129033,22.18,110.8807,1.68,84.40967741935484,63.28,64.59148406982422,382.7501220703125,0.0035102146963186254,-0.0026220428458914036,56.74193548387097,37.83870967741935,46.516129032258064,0.04955764959263065,140.09246826171875,-0.00031208417878625383,480.4700012207031,0.009740798341762336,122.31999969482422,0.00447296506215622,273.9700012207031,0.024546503053416435,119.44330596923828,84.40967741935484,1198.6057032967033,1.738,97.9641,-0.8,2.9914285714285715,22.18
2021-05-20,124.09565734863281,76857100,-0.0159451318517404,-0.011153815082826424,0.039195802936110136,0.15403173816231264,0.07225806451612903,269.77490322580644,5.861290322580645,20.67,110.8605,1.63,84.49354838709678,61.95,65.82687377929688,386.8678283691406,0.019126201035065016,0.010758210282351577,56.83870967741935,37.774193548387096,46.32258064516129,0.041470956639182655,145.90223693847656,0.02331053380768,491.6700134277344,0.023953566975848828,125.25,0.02624375810990398,281.1600036621094,0.04415076886186875,124.7168197631836,84.49354838709678,1198.3853846153847,1.672,97.9646,-0.78,3.0,20.67
2021-05-21,122.26314544677734,79295400,-0.006537672520440352,0.003747080783325085,0.06816513289163528,0.18322574807608616,0.07290322580645162,269.8481612903226,5.864516129032258,20.15,111.0576,1.63,84.57741935483871,63.61,65.46633911132812,386.551025390625,-0.005477013372646944,-0.000818892022764306,56.935483870967744,37.70967741935484,46.12903225806452,-0.00068982473996404,145.8015899658203,-0.007321996471612691,488.07000732421875,-0.01429142447526821,123.45999908447266,0.0018494416236272126,281.67999267578125,-0.012662352816741884,123.13761138916016,84.57741935483871,1198.165065934066,1.699,97.9651,-0.8,2.992857142857143,20.15
2021-05-24,123.8909683227539,63092900,-0.022187268549694217,-0.0028323805747982878,0.0519274493296451,0.17965627287561148,0.07483870967741936,270.06793548387094,5.874193548387097,18.4,110.9118,1.61,84.82903225806452,66.13,66.62963104248047,390.49163818359375,0.017769313924429486,0.010194288810866814,57.225806451612904,37.516129032258064,45.54838709677419,0.019766718892738844,148.68360900878906,0.01999708874051631,497.8299865722656,0.023246418012836223,126.33000183105469,0.020590806806867645,287.4800109863281,0.04601275857281095,128.8035125732422,84.82903225806452,1197.50410989011,1.765,97.9666,-0.83,2.9714285714285715,18.4
2021-05-25,123.69601440429688,72009500,-0.01449970900045916,0.0018124867545248335,0.051300295489741465,0.18080520646164544,0.07548387096774194,270.1411935483871,5.87741935483871,18.84,110.842,1.56,84.91290322580646,66.27,66.64885711669922,389.6252136230469,0.00028855141350692115,-0.0022188043886858244,57.32258064516129,37.45161290322581,45.354838709677416,0.007445714234694645,149.79066467285156,0.014563204699497456,505.0799865722656,0.009182268787315762,127.48999786376953,0.006922186441928435,289.4700012207031,0.021697216780371953,131.5981903076172,84.91290322580646,1197.2837912087912,1.75,97.9671,-0.86,2.9642857142857144,18.84
2021-05-26,123.64727783203125,56575900,-0.026093844174037706,-0.005833576442724642,0.049349725570221104,0.17132276683662107,0.07612903225806451,270.21445161290325,5.880645161290323,17.36,110.8677,1.58,84.99677419354839,66.41,66.64405822753906,390.39849853515625,-7.200257240347341e-05,0.0019846890937029738,57.41935483870968,37.38709677419355,45.16129032258065,0.0009771123254387337,149.93702697753906,0.00376182874906017,506.9800109863281,-0.005176845586114864,126.83000183105469,0.010501981317933007,292.510009765625,-0.0026230172722360168,131.2530059814453,84.99677419354839,1197.0634725274726,1.763,97.9676,-0.82,2.9571428571428573,17.36
2021-05-27,122.11693572998047,94625600,0.0048689528643153235,0.016522814317606604,0.07582997518885137,0.17944602533369913,0.0767741935483871,270.28770967741934,5.883870967741935,16.74,110.8688,1.61,85.08064516129032,66.87,66.29314422607422,390.6033935546875,-0.005265495691554989,0.0005248355726266141,57.516129032258064,37.32258064516129,44.96774193548387,0.0001227321895087563,149.95542907714844,-0.017160463960118277,498.2799987792969,0.0023653348421683873,127.12999725341797,-0.01996511621113395,286.6700134277344,0.006720572457127316,132.13510131835938,85.08064516129032,1196.8431538461539,1.773,97.9681,-0.81,2.95,16.74
2021-05-28,121.46382904052734,71311100,0.010352434127882892,0.04710691688399127,0.09405334892915151,0.19430769384417212,0.07741935483870968,270.3609677419355,5.887096774193549,16.76,110.7576,1.58,85.16451612903226,66.31,66.5286865234375,391.3022155761719,0.003553041571840776,0.0017890833336720036,57.61290322580645,37.25806451612903,44.774193548387096,0.008516527992580736,151.23252868652344,0.012643469150683595,504.5799865722656,-0.0011012301791319956,126.98999786376953,-0.002825646346774513,285.8599853515625,0.0022492940209981604,132.43231201171875,85.16451612903226,1196.6228351648351,1.759,97.96860000000001,-0.84,2.955714285714286,16.76
2021-06-01,121.14216613769531,67637100,0.01979406419283225,0.04312848454114815,0.10202800719923855,0.23390257398346148,0.08,270.654,5.9,17.9,110.5046,1.62,85.5,67.8,66.20179748535156,390.9574279785156,-0.0049135050632749255,-0.0008811286620203918,58.0,37.0,44.0,-0.005528708755520917,150.3964080810547,-0.01718257390479072,495.9100036621094,-0.009764531731859316,125.75,-0.015951856825941135,281.29998779296875,0.0005787477111640627,132.5089569091797,85.5,1195.7415604395605,1.797,97.9706,-0.84,2.9785714285714286,17.9
2021-06-02,121.90245819091797,59278900,0.016552197806496194,0.04070084120045325,0.09763331440939504,0.21587653122271444,0.08066666666666666,270.6956333333333,5.883333333333334,17.48,110.5799,1.59,85.35666666666667,68.79,66.65848541259766,391.572265625,0.0068984218645595785,0.001572646028656921,57.8,37.333333333333336,44.2,0.00494867334139637,151.1406707763672,-0.000282338826407047,495.7699890136719,-0.00970179897179424,124.52999877929688,-0.005794434539520887,279.6700134277344,0.005788620522524601,133.2760009765625,85.35666666666667,1195.5212417582418,1.823,97.99987,-0.85,2.9842857142857144,17.48
2021-06-03,120.42084503173828,76229200,0.02080310059661805,0.06677992202258509,0.132912534819718,0.23634845624320788,0.08133333333333334,270.73726666666664,5.866666666666667,18.04,111.1782,1.63,85.21333333333334,68.81,66.03839111328125,390.1189880371094,-0.00930255608836883,-0.003711390503030154,57.6,37.666666666666664,44.4,-0.01477210603973389,148.9080047607422,-0.0053048276892812,493.1400146484375,-0.004737784820316837,123.94000244140625,-0.018593384908514365,274.4700012207031,-0.018919496939449387,130.75448608398438,85.21333333333334,1195.300923076923,1.818,98.02914,-0.79,2.99,18.04
2021-06-04,122.71151733398438,75169300,0.011597394287158114,0.036301380423978014,0.12812797577524648,0.2223387352086328,0.082,270.7789,5.8500000000000005,16.42,110.7521,1.56,85.07000000000001,69.57,67.30741119384766,393.68695068359375,0.019216399115319804,0.009145831799771242,57.4,38.0,44.6,0.021657093290336382,152.13291931152344,0.023036024281382073,504.5,0.022672240626445017,126.75,0.037563294759864974,284.7799987792969,0.02544401844482147,134.08140563964844,85.07000000000001,1195.0806043956045,1.828,98.05841000000001,-0.84,2.9857142857142858,16.42
2021-06-07,122.72127532958984,71057600,0.03637788311742329,0.05083398076619283,0.1482922661857644,0.22741197052741802,0.084,270.9038,5.800000000000001,16.42,110.5155,1.57,84.64,69.21,67.29302978515625,393.3050537109375,-0.00021366753580798203,-0.0009700524032943969,56.8,39.0,45.2,-0.006643107754391253,151.12228393554688,0.00985134037800428,509.4700012207031,-0.01435897195127589,124.93000030517578,-0.02068257657176298,278.8900146484375,-0.006292477466266377,133.23770141601562,84.64,1194.4196483516484,1.829,98.14622,-0.82,2.972857142857143,16.42
2021-06-08,123.5400619506836,74403800,0.02288150242057463,0.057124522537796985,0.13018757963107075,0.23816254085265753,0.08466666666666667,270.9454333333333,5.783333333333334,17.07,110.649,1.53,84.49666666666667,70.11,67.29778289794922,393.388916015625,7.063306271315462e-05,0.0002132245794865817,56.6,39.333333333333336,45.4,0.002614411421705487,151.5173797607422,-0.0005299409445599368,509.20001220703125,0.0023213072506118593,125.22000122070312,-0.0008247372593029878,278.6600036621094,-0.02237952346039207,130.2559051513672,84.49666666666667,1194.1993296703297,1.854,98.17549,-0.83,2.9685714285714284,17.07
2021-06-09,123.92021179199219,56877900,0.02375543867404395,0.05167920888879585,0.14142996724020418,0.22191747929963856,0.08533333333333333,270.9870666666667,5.766666666666667,17.89,110.5707,1.5,84.35333333333334,69.9,67.34589385986328,392.8018798828125,0.0007148966851853178,-0.0014922538712025535,56.4,39.666666666666664,45.6,0.008852909356170002,152.85874938964844,0.010761940961073524,514.6799926757812,-0.00023956859131479824,125.19000244140625,-0.011339997202975183,275.5,-0.008906277327662249,129.09580993652344,84.35333333333334,1193.9790109890112,1.819,98.20476000000001,-0.82,2.9642857142857144,17.89
2021-06-10,122.92597198486328,71186400,0.04503985283655143,0.057885932438700216,0.14582526618261382,0.22354175757889094,0.08600000000000001,271.0287,5.75,16.1,110.5456,1.45,84.21000000000001,70.34,67.84101867675781,394.6278381347656,0.007351967410586413,0.004648547640601519,56.2,40.0,45.8,0.0058304503675525865,153.74998474121094,0.0404912317401791,535.52001953125,0.026519626173691968,128.50999450683594,0.007259528130671544,277.5,0.01864126651823428,131.5023193359375,84.21000000000001,1193.7586923076924,1.841,98.23403,-0.9,2.96,16.1
2021-06-11,124.13465118408203,53522400,0.024420768851651564,0.04522980346671179,0.14362004494370417,0.17152083789038342,0.08666666666666667,271.07033333333334,5.733333333333333,15.65,111.0933,1.47,84.06666666666666,71.0,68.24478149414062,395.280029296875,0.005951603104703107,0.0016526739856772554,56.0,40.333333333333336,46.0,0.0015538659125962084,153.9888916015625,0.010718535302189691,541.260009765625,0.005991785116915338,129.27999877929688,3.607122747739666e-05,277.510009765625,-0.002478726258207109,131.17636108398438,84.06666666666666,1193.5383736263736,1.822,98.2633,-0.85,2.9557142857142855,15.65
2021-06-14,127.18561553955078,96906500,0.01394867440174008,0.032955333660898534,0.14308718174943214,0.147870129419843,0.08866666666666667,271.19523333333336,5.683333333333334,16.39,110.9659,1.51,83.63666666666667,70.94,68.93700408935547,396.1650390625,0.010143231175474998,0.0022389437867611495,55.4,41.333333333333336,46.6,0.005012081076388952,154.7606964111328,0.028987921069949962,556.9500122070312,0.012995111002734205,130.9600067138672,0.010846380822763901,280.5199890136719,0.01615233807472438,133.295166015625,83.63666666666667,1192.8774175824176,1.847,98.35111,-0.85,2.942857142857143,16.39
2021-06-15,126.3668441772461,62746300,0.03347701570141681,0.05160423844370232,0.14532575466449482,0.14426001567937985,0.08933333333333333,271.2368666666667,5.666666666666667,17.02,111.3507,1.51,83.49333333333334,72.06,68.51396179199219,395.4383544921875,-0.006136650452853165,-0.001834297574647592,55.2,41.666666666666664,46.8,-0.004868572981317931,154.00723266601562,-0.01524372034885435,548.4600219726562,-0.011453878459836475,129.4600067138672,-0.013403605430284071,276.760009765625,-0.0028049487432620923,132.92127990722656,83.49333333333334,1192.657098901099,1.855,98.38038,-0.87,2.9385714285714286,17.02
2021-06-16,126.8639907836914,91815000,0.027275821118878163,0.05232429716128206,0.12477889373891538,0.14677859461062726,0.09,271.2785,5.65,18.15,111.1165,1.57,83.35000000000001,72.03,68.14383697509766,393.2304992675781,-0.005402180916325161,-0.0055833107727869535,55.0,42.0,47.0,-0.009545410500605422,152.53717041015625,-0.009353470950100085,543.3300170898438,-0.009732810909008238,128.1999969482422,-0.011020444438955557,273.7099914550781,-0.011973419289279308,131.3297576904297,83.35000000000001,1192.4367802197803,1.834,98.40965,-0.75,2.9342857142857146,18.15
2021-06-17,128.46253967285156,96721700,0.012292430348259664,0.04158145681614078,0.0808864936492455,0.1306845615964327,0.09066666666666667,271.32013333333333,5.633333333333334,17.75,112.5772,1.52,83.20666666666666,71.06,68.93217468261719,393.1000061035156,0.011568730827523188,-0.00033184904097105505,54.8,42.333333333333336,47.2,0.0012049005089291853,152.72096252441406,0.014779172895192705,551.3599853515625,0.021138898427285335,130.91000366210938,0.009608728087824092,276.3399963378906,0.0024818670109205687,131.65570068359375,83.20666666666666,1192.2164615384615,1.826,98.43892,-0.75,2.93,17.75
2021-06-18,127.1661148071289,108953300,0.0203129761205314,0.07281947708282921,0.12026679758484526,0.12125420350965266,0.09133333333333334,271.36176666666665,5.616666666666667,20.7,113.0408,1.45,83.06333333333333,71.64,68.3024673461914,387.7969970703125,-0.009135172933758873,-0.013490228824383887,54.6,42.666666666666664,47.4,-0.02424505588676118,149.0182342529297,0.0258089848410612,565.5900268554688,-0.003361106325700969,130.47000122070312,0.0059347711882871135,277.9800109863281,-0.044348940936381975,125.81690979003906,83.06333333333333,1191.996142857143,1.863,98.46818999999999,-0.79,2.942857142857143,20.7
2021-06-21,128.95968627929688,79663300,0.018745188725033834,0.0734695442301263,0.099017310769139,0.08204222160747277,0.09333333333333334,271.4866666666667,5.566666666666667,17.89,112.8391,1.5,82.63333333333334,73.64,69.03446960449219,393.34869384765625,0.010717069042185834,0.014315987022295529,54.0,43.666666666666664,48.0,0.012084506145211726,150.8190460205078,0.0031117039673658198,567.3499755859375,0.0127232593437423,132.1300048828125,0.018850241122670974,283.2200012207031,0.013868835953316339,127.56184387207031,82.63333333333334,1191.335186813187,1.899,98.556,-0.75,2.9814285714285713,17.89
2021-06-22,130.59722900390625,74783600,0.01754003472441301,0.07904197073895691,0.095686087568146,0.07213716376790269,0.094,271.5283,5.550000000000001,16.66,112.9174,1.48,82.49000000000001,73.15,69.6605224609375,395.4516296386719,0.009068699448725459,0.005346238144189996,53.8,44.0,48.2,-0.0029241981825920416,150.37802124023438,0.014788076160173746,575.739990234375,0.014455372229905672,134.0399932861328,0.010062870175947536,286.07000732421875,0.0029313772317420828,127.93577575683594,82.49000000000001,1191.1148681318682,1.933,98.58527,-0.83,2.994285714285714,16.66
2021-06-23,130.32431030273438,60214200,0.02438339881797469,0.07135378870741782,0.11114451885472953,0.09250978874207427,0.09466666666666668,271.5699333333333,5.533333333333334,16.32,112.3819,1.5,82.34666666666666,73.11,69.58345794677734,394.97491455078125,-0.0011062867667031018,-0.0012054953176604544,53.6,44.333333333333336,48.4,-0.000244237189520935,150.34129333496094,-0.002622728647023953,574.22998046875,-0.007758828246975158,133.0,-0.008389533453482034,283.6700134277344,0.015437242430852871,129.91075134277344,82.34666666666666,1190.8945494505494,1.939,98.61453999999999,-0.84,3.007142857142857,16.32
2021-06-24,130.04165649414062,68711000,0.028933365092737917,0.08769948875963496,0.11678281143479374,0.10224091542181135,0.09533333333333334,271.6115666666667,5.516666666666667,15.97,112.326,1.49,82.20333333333333,73.31,70.02172088623047,397.3115234375,0.006298378269564253,0.005915841236085129,53.4,44.666666666666664,48.6,0.020839526602019598,153.47433471679688,0.007018145053285574,578.260009765625,0.015188002048578397,135.02000427246094,0.011597905564952882,286.9599914550781,0.020369208644146264,132.5569305419922,82.20333333333333,1190.674230769231,1.903,98.64381,-0.81,3.02,15.97
2021-06-25,129.74923706054688,70783700,0.051461171416186335,0.08556849937071087,0.10262186934260153,0.10540245454500541,0.096,271.6532,5.5,15.62,111.9655,1.54,82.06,74.21,69.93981170654297,398.7228088378906,-0.0011697681612335975,0.003552087762721534,53.2,45.0,48.8,0.0037118364572850115,154.04400634765625,0.002420992901573271,579.6599731445312,-0.0019257129121423855,134.75999450683594,0.00620295104648938,288.739990234375,-0.014971709692743973,130.57232666015625,82.06,1190.4539120879122,1.882,98.67308,-0.8,3.0142857142857142,15.62
2021-06-28,131.37705993652344,62111300,0.053717412470512205,0.08057582834326005,0.07567880656827874,0.08018883319219783,0.098,271.7781,5.45,15.76,112.0248,1.49,81.63000000000001,72.98,70.67183685302734,399.5266418457031,0.010466501533573425,0.0020160196256524543,52.6,46.0,49.4,0.01735637161693382,156.7176513671875,0.01576788992149125,588.7999877929688,0.017364289789734144,137.10000610351562,0.01600053776214838,293.3599853515625,0.03524498935865372,135.17434692382812,81.63000000000001,1189.792956043956,1.876,98.76088999999999,-0.84,2.9971428571428573,15.76
2021-06-29,132.88790893554688,64556100,0.060441785006720705,0.09403668091945039,0.06829038475626548,0.042489891424239534,0.09866666666666667,271.8197333333334,5.433333333333334,16.02,112.2613,1.49,81.48666666666666,73.14,71.18714141845703,399.74163818359375,0.007291512268194467,0.000538127662519372,52.4,46.333333333333336,49.6,0.004866489436693877,157.48031616210938,0.0033118414528854334,590.75,0.009117432125102853,138.35000610351562,0.014930478257160651,297.739990234375,0.006595711872936061,136.06591796875,81.48666666666666,1189.5726373626374,1.884,98.79016,-0.83,2.9914285714285715,16.02
2021-06-30,133.50205993652344,63261400,0.045852353663327294,0.08411211962340293,0.064982236643365,0.04442159280783797,0.09933333333333334,271.8613666666667,5.416666666666667,15.83,112.5533,1.45,81.34333333333333,73.52,71.11007690429688,400.0780334472656,-0.0010825622805550328,0.0008415317083314555,52.2,46.666666666666664,49.8,0.004434031643417047,158.1785888671875,-0.008649996363203516,585.6400146484375,-0.011058899254056453,136.82000732421875,-0.019614417039825582,291.8999938964844,0.0033825579642794423,136.5261688232422,81.34333333333333,1189.3523186813188,1.883,98.81943,-0.87,2.9857142857142858,15.83
2021-07-01,133.80419921875,52485800,0.057113634041404016,0.06643842302513225,0.06010086450073171,0.03235981969193258,0.1,271.903,5.4,15.48,112.74,1.48,81.2,75.33,71.23047637939453,402.2930603027344,0.001693142242831458,0.005536487060744166,52.0,47.0,50.0,-0.017367759197221222,155.43138122558594,-0.0015539139350541076,584.72998046875,0.0008038689202951588,136.92999267578125,0.006166558232903574,293.70001220703125,-0.031249821875210637,132.25975036621094,81.2,1189.132,1.897,98.8487,-0.87,2.98,15.48
2021-07-02,136.42628479003906,78852600,0.03243802898454762,0.017790847899742612,0.0528721428976473,0.020746724606085287,0.09967741935483872,271.927935483871,5.390322580645162,15.07,112.5425,1.44,80.84838709677419,75.37,72.1695556640625,405.3680419921875,0.013183672669352386,0.007643635928343162,52.096774193548384,46.61290322580645,49.903225806451616,0.008866865082501008,156.8095703125,0.014263039580735937,593.0700073242188,0.007376103261879763,137.94000244140625,0.013755457471673393,297.739990234375,0.001522074580846855,132.4610595703125,80.84838709677419,1189.281445652174,1.934,98.82997741935483,-0.89,2.9685714285714284,15.07
2021-07-06,138.43429565429688,108181800,0.025489201900703584,0.029080081080812947,0.03471330172842335,-0.018810947011991264,0.09838709677419355,272.02767741935486,5.351612903225806,16.44,112.9516,1.37,79.44193548387096,73.62,72.44404602050781,404.6296081542969,0.003803409261974977,-0.00182163802124502,52.483870967741936,45.064516129032256,49.516129032258064,-0.01376924358391507,154.65042114257812,0.006457951072460721,596.9000244140625,0.0052921249428652395,138.6699981689453,-0.007187425945620607,295.6000061035156,-0.009988402215052483,131.1379852294922,79.44193548387096,1189.8792282608697,1.87,98.75508709677419,-0.94,2.9228571428571426,16.44
2021-07-07,140.91989135742188,104911600,0.031680094454705765,0.005741107568915327,0.01722343098662682,-0.022470349178794535,0.09806451612903226,272.0526129032258,5.341935483870968,16.2,113.1048,1.33,79.09032258064516,72.22,72.83894348144531,406.0596923828125,0.005451068550557103,0.003534304459426263,52.58064516129032,44.67741935483871,49.41935483870968,-0.01716961826984653,151.99513244628906,0.014860101783199964,605.77001953125,0.0031009442579383872,139.10000610351562,0.001725234227053063,296.1099853515625,-0.013964089283322711,129.3067626953125,79.09032258064516,1190.0286739130436,1.837,98.73636451612903,-0.95,2.9114285714285715,16.2
2021-07-08,139.62344360351562,105575500,0.03658237783379503,0.024853442956683125,0.021774439087764996,-0.007171410267703071,0.09774193548387097,272.0775483870968,5.332258064516129,19.0,113.0776,1.3,78.73870967741935,72.98,72.15029907226562,402.7510986328125,-0.009454343737908655,-0.008148047718267049,52.67741935483871,44.29032258064516,49.32258064516129,-0.009188092984818153,150.5985870361328,0.0002971303794805369,605.9500122070312,-0.012868500836655472,137.30999755859375,-0.005538429002697298,294.4700012207031,-0.01735009407324406,127.06327819824219,78.73870967741935,1190.1781195652175,1.878,98.71764193548387,-0.92,2.9,19.0
2021-07-09,141.4462432861328,99890800,0.008820990178774801,0.023775108494543673,0.008261863956164905,-0.011062888916625213,0.09741935483870968,272.1024838709678,5.322580645161291,16.18,112.8375,1.37,78.38709677419355,74.56,72.81486511230469,407.05035400390625,0.009210856345494012,0.010674720405948301,52.774193548387096,43.903225806451616,49.225806451612904,0.014397805631802374,152.76687622070312,-0.002392956808021096,604.5,0.008666538945195423,138.5,0.0030903102466703913,295.3800048828125,0.017882921056837864,129.33554077148438,78.38709677419355,1190.3275652173913,1.902,98.69891935483871,-0.91,2.8971428571428572,16.18
2021-07-12,140.8516845703125,76299700,-0.01418698330902357,0.031072416252620583,0.009122122585381032,-0.009591418174002553,0.0964516129032258,272.17729032258063,5.2935483870967746,16.17,112.7611,1.38,77.33225806451613,74.21,72.8726577758789,408.5083312988281,0.0007936932037857503,0.0035818106545804085,53.064516129032256,42.74193548387097,48.935483870967744,0.007698369812210171,153.94293212890625,-0.0071132965971361095,600.2000122070312,-0.005559597635097058,137.72999572753906,-0.011679911131425413,291.92999267578125,0.014084487102256738,131.15716552734375,77.33225806451613,1190.7759021739132,1.923,98.64275161290323,-0.95,2.8885714285714283,16.17
2021-07-13,141.96287536621094,100827100,0.0035016255397462004,0.007758866143167564,0.0030108519436236048,-0.0179622491274688,0.09612903225806452,272.2022258064516,5.283870967741936,17.12,113.0063,1.42,76.98064516129033,75.24,73.17125701904297,407.11578369140625,0.0040975484122236505,-0.003408859748329607,53.16129032258065,42.354838709677416,48.83870967741935,-0.0017307304215643526,153.67649841308594,0.008013991104243168,605.010009765625,-7.25659416682678e-05,137.72000122070312,0.015380470882071284,296.4200134277344,-0.003727990268414416,130.668212890625,76.98064516129033,1190.925347826087,1.954,98.62402903225806,-0.94,2.8857142857142857,17.12
2021-07-14,145.38424682617188,127050800,-0.025142471028774205,-0.02795851594611276,-0.00024769356359877204,-0.049801939608530854,0.09580645161290323,272.2271612903226,5.274193548387097,16.33,112.8801,1.37,76.62903225806451,73.06,73.71060180664062,407.7233581542969,0.007370992512227836,0.0014923873925536402,53.25806451612903,41.96774193548387,48.74193548387097,-0.006576282825438429,152.66587829589844,0.0063139572280772605,608.8300170898438,0.008059835902649581,138.8300018310547,0.0022940174245253964,297.1000061035156,-0.004695875691541951,130.0546112060547,76.62903225806451,1191.074793478261,1.904,98.6053064516129,-0.97,2.8828571428571426,16.33
2021-07-15,144.731201171875,106820300,-0.011315005085869356,-0.019127360121723447,0.005679958806988239,-0.04956150190867703,0.09548387096774194,272.25209677419355,5.264516129032258,17.01,113.0041,1.31,76.27741935483871,71.67,73.10383605957031,406.33074951171875,-0.008231729658943698,-0.003415572384379062,53.354838709677416,41.58064516129032,48.645161290322584,-0.01504600998429706,150.36886596679688,-0.004369091708720685,606.1699829101562,-0.00921990032712483,137.5500030517578,-0.007775151501642541,294.7900085449219,-0.018061283835208997,127.70565795898438,76.27741935483871,1191.2242391304349,1.864,98.58658387096774,-1.01,2.88,17.01
2021-07-16,142.69393920898438,93251400,0.014823361588778061,-0.003620453847955285,0.03385766484629893,-0.01649441431884846,0.09516129032258065,272.27703225806454,5.254838709677419,18.45,113.0428,1.31,75.9258064516129,71.76,72.38146209716797,403.1435546875,-0.009881478200592708,-0.007843843538911988,53.45161290322581,41.193548387096776,48.54838709677419,-0.019675026033596166,147.4103546142578,-0.00011549124204834893,606.0999755859375,0.0008723745149052942,137.6699981689453,-0.004952752570763441,293.3299865722656,-0.03768771840190566,122.8927230834961,75.9258064516129,1191.3736847826087,1.865,98.56786129032258,-1.02,2.8657142857142857,18.45
2021-07-19,138.85342407226562,121434600,0.045910734384055685,0.021551670139599466,0.05591436299615671,0.018300974362569722,0.09419354838709677,272.3518387096774,5.225806451612903,22.5,113.5472,1.19,74.87096774193549,66.45,71.38458251953125,397.1900634765625,-0.013772581386909066,-0.014767670577177872,53.74193548387097,40.03225806451613,48.25806451612903,-0.00909997582987132,146.0689239501953,-0.00668204579459597,602.0499877929688,0.00036320950405221986,137.72000122070312,-0.02052292397384603,287.30999755859375,0.0034328100152751784,123.31459045410156,74.87096774193549,1191.8220217391306,1.747,98.51169354838709,-1.05,2.8228571428571425,22.5
2021-07-20,142.45997619628906,96350000,0.004242385358500744,0.008279227960412916,0.002937258475211202,0.004239493407261596,0.09387096774193548,272.3767741935484,5.216129032258064,19.73,113.7502,1.23,74.51935483870967,67.32,72.44404602050781,402.8818664550781,0.014841629152719138,0.014330174649123562,53.83870967741935,39.645161290322584,48.16129032258065,0.012140264895030839,147.8422393798828,0.011078785890533016,608.719970703125,0.015030438912881028,139.7899932861328,0.030663734758471284,296.1199951171875,0.026045452942475622,126.52637481689453,74.51935483870967,1191.9714673913045,1.846,98.49297096774193,-1.03,2.8085714285714283,19.73
2021-07-21,141.7289276123047,74993500,-0.0028886733021494804,0.010660346776450114,0.010452344211515863,0.02464152125238206,0.0935483870967742,272.4017096774194,5.2064516129032254,17.91,113.3926,1.3,74.16774193548387,70.26,73.14232635498047,406.143798828125,0.009638891983959397,0.008096498365012916,53.935483870967744,39.25806451612903,48.064516129032256,0.024423394432587342,151.4530487060547,0.005815546117882375,612.260009765625,0.0069389889640931735,140.75999450683594,0.01911388543644099,301.7799987792969,0.04569271767808436,132.30770874023438,74.16774193548387,1192.1209130434784,1.839,98.47424838709676,-0.98,2.794285714285714,17.91
2021-07-22,143.09356689453125,77338200,-0.00790176353038774,0.0017712081110881073,0.010981170383608907,0.018280979080336657,0.09322580645161291,272.4266451612903,5.196774193548387,17.69,113.4695,1.27,73.81612903225806,72.15,73.68172454833984,406.9942321777344,0.007374638191592675,0.0020939217884483607,54.03225806451613,38.87096774193549,47.96774193548387,-0.01710743311228602,148.86207580566406,0.01865217836867683,623.6799926757812,0.016055767645793972,143.02000427246094,0.022301050478994888,308.510009765625,-0.005942392720124867,131.521484375,73.81612903225806,1192.2703586956522,1.886,98.4555258064516,-1.01,2.78,17.69
2021-07-23,144.80914306640625,71447400,-0.01817440959169303,-0.014815896631181658,0.00925089976915161,0.007700249478093779,0.0929032258064516,272.4515806451613,5.187096774193548,17.2,113.4398,1.3,73.46451612903226,72.24,74.41370391845703,411.1815185546875,0.009934340904805605,0.010288318717805556,54.12903225806452,38.483870967741936,47.87096774193548,0.009443076315944543,150.26779174804688,0.0035114200665800066,625.8699951171875,0.018528833850654847,145.6699981689453,0.0134192862461886,312.6499938964844,0.009112127630347855,132.7199249267578,73.46451612903226,1192.4198043478261,1.89,98.43680322580644,-1.05,2.7828571428571425,17.2
2021-07-26,145.22828674316406,72434100,-0.023289811877494127,-0.017995349917695247,0.005733119233561235,-0.0005184035901182327,0.09193548387096774,272.5263870967742,5.158064516129032,17.58,113.2238,1.29,72.40967741935484,72.15,74.37519073486328,412.1908264160156,-0.0005175549873979168,0.0024546527890549896,54.41935483870968,37.32258064516129,47.58064516129032,0.0021402423854710584,150.5894012451172,-0.00810073555814006,620.7999877929688,-0.004805361138470965,144.97000122070312,0.003102514759761199,313.6199951171875,0.0003610053101121835,132.76783752441406,72.40967741935484,1192.868141304348,1.913,98.38063548387096,-1.11,2.7914285714285714,17.58
2021-07-27,143.06434631347656,104818600,0.00401978910745826,-0.006485161635753078,0.012347767379329744,0.014257991129351888,0.09161290322580645,272.55132258064515,5.148387096774194,19.36,113.2227,1.25,72.05806451612904,71.68,73.67208099365234,410.312255859375,-0.0094535521087592,-0.004557526359756037,54.516129032258064,36.935483870967744,47.483870967741936,-0.00799288521553343,149.38575744628906,-0.004059211574814259,618.280029296875,-0.011726542967010811,143.27000427246094,-0.017122617182558586,308.25,-0.02585186907407855,129.33554077148438,72.05806451612904,1193.0175869565219,1.899,98.3619129032258,-1.13,2.794285714285714,19.36
2021-07-28,141.31951904296875,118931200,0.013588272157603498,0.007577053259963051,0.019182172767395755,0.03147843182476828,0.09129032258064516,272.57625806451614,5.138709677419355,18.31,113.1807,1.26,71.70645161290322,72.37,73.58057403564453,410.14398193359375,-0.0012420846102568772,-0.00041011186816442,54.61290322580645,36.54838709677419,47.38709677419355,0.00891794758913167,150.7179718017578,0.0042698348453587,620.9199829101562,0.00921331769432654,144.58999633789062,0.015831321598742898,313.1300048828125,0.017123726453593058,131.5502471923828,71.70645161290322,1193.1670326086958,1.901,98.34319032258064,-1.15,2.797142857142857,18.31
2021-07-29,141.96287536621094,56699500,0.009750013946095981,0.023846802969019087,0.021852968057044952,0.02357196545581597,0.09096774193548388,272.6011935483871,5.129032258064516,17.7,112.4834,1.28,71.35483870967742,73.62,73.92250061035156,411.8451232910156,0.004646968023671372,0.004147668702590757,54.70967741935484,36.16129032258065,47.29032258064516,0.015240264873950915,153.01495361328125,0.0012562476942989953,621.7000122070312,0.008368536859490128,145.8000030517578,0.02353653435398395,320.5,0.002113723987757332,131.82830810546875,71.35483870967742,1193.3164782608696,1.94,98.32446774193548,-1.15,2.8,17.7
2021-07-30,142.1773223876953,70440600,0.0034206818332314093,0.023744616850472022,0.05134650241641392,0.047570261993985063,0.09064516129032257,272.62612903225806,5.119354838709677,18.24,112.6714,1.24,71.00322580645161,73.93,73.87434387207031,409.84490966796875,-0.0006514489889226649,-0.004856713142706082,54.806451612903224,35.774193548387096,47.193548387096776,0.00528401110970611,153.823486328125,-0.0001126062776969361,621.6300048828125,0.012688551481510046,147.64999389648438,0.001965693862129525,321.1300048828125,0.01767220325250296,134.1580047607422,71.00322580645161,1193.4659239130435,1.936,98.30574516129032,-1.16,2.7957142857142854,18.24
2021-08-02,141.845947265625,62880000,0.005420709258675993,0.040038334701661515,0.04492472904521683,0.030953797842000252,0.08967741935483871,272.7158064516129,5.087096774193548,19.46,112.6691,1.2,70.38064516129032,71.31,73.6094970703125,408.98504638671875,-0.0035850985318590656,-0.0020980211318144537,55.38709677419355,35.0,46.903225806451616,0.001194527196572981,154.00723266601562,-0.004632988852195763,618.75,-0.002438202676824708,147.2899932861328,0.002927171012093055,322.07000732421875,0.014865029476765601,136.1522674560547,70.38064516129032,1193.9142608695654,1.887,98.22949677419355,-1.17,2.782857142857143,19.46
2021-08-03,143.63943481445312,64786600,-0.010462892123421219,0.020731702394228613,0.03649896734007152,0.012372266627460826,0.08935483870967742,272.7556129032258,5.074193548387097,18.04,112.8228,1.19,70.46129032258064,70.64,74.08143615722656,412.3122863769531,0.006411388553072994,0.00813535854092895,55.774193548387096,35.0,46.806451612903224,0.006323876564968023,154.9811553955078,0.004088936237373719,621.280029296875,0.01738076538851896,149.85000610351562,0.01720116093196733,327.6099853515625,0.0010563859742516168,136.2960968017578,70.46129032258064,1194.0637065217393,1.858,98.19069354838709,-1.19,2.7785714285714285,18.04
2021-08-04,143.23980712890625,56368300,-0.005930631857889002,-0.0025229659785217518,0.047160310391713756,0.022420990599703927,0.08903225806451613,272.7954193548387,5.0612903225806445,17.97,112.8953,1.19,70.54193548387096,68.19,74.23070526123047,410.2842102050781,0.002014932643680245,-0.004918786654882434,56.16129032258065,35.0,46.70967741935484,0.023120762402104145,158.56443786621094,0.007082093695955249,625.6799926757812,0.008208179362297674,151.0800018310547,0.004517600355617768,329.0899963378906,0.004220413082810293,136.87132263183594,70.54193548387096,1194.2131521739132,1.789,98.15189032258064,-1.16,2.7742857142857145,17.97
2021-08-05,143.34701538085938,46397700,0.013960672273559016,-0.0009535478088519289,0.05080361790387666,0.031667197125092805,0.08870967741935483,272.8352258064516,5.048387096774193,17.28,112.7674,1.23,70.62258064516129,69.1,74.64006805419922,412.8824768066406,0.0055147366784153995,0.006332845712643476,56.54838709677419,35.0,46.61290322580645,-0.015355073997185609,156.12966918945312,0.010228910128150526,632.0800170898438,0.004500878127746244,151.75999450683594,-0.0008204108805381916,328.82000732421875,-0.003432330371497261,136.4015350341797,70.62258064516129,1194.362597826087,1.821,98.1130870967742,-1.1,2.77,17.28
2021-08-06,142.66366577148438,54126800,0.02025465030291107,0.01402764993519523,0.07219084953954202,0.032982352411427884,0.08838709677419354,272.8750322580645,5.035483870967742,16.15,113.3088,1.31,70.70322580645161,68.26,74.57746887207031,413.5647277832031,-0.0008386806679148151,0.0016524096198977656,56.935483870967744,35.0,46.516129032258064,0.007061688327553828,157.23220825195312,-0.0011074740350979217,631.3800048828125,-0.004546568315710542,151.07000732421875,0.012012595345387345,332.7699890136719,0.0026708173685574543,136.76583862304688,70.70322580645161,1194.512043478261,1.804,98.07428387096773,-1.06,2.7842857142857143,16.15
2021-08-09,142.61485290527344,48908700,0.034430985083358845,0.024779361737617522,0.06174265683058744,0.037037441232764534,0.08741935483870968,272.9944516129032,4.9967741935483865,16.72,113.4521,1.33,70.94516129032257,66.56,74.336669921875,413.228271484375,-0.003228843159163497,-0.0008135517277587656,58.096774193548384,35.0,46.225806451612904,0.0010518838124018437,157.39759826660156,-0.0034211317478899383,629.219970703125,-0.005163262065725038,150.2899932861328,0.0,332.7699890136719,-0.004556354809046814,136.14268493652344,70.94516129032257,1194.9603804347828,1.791,97.95787419354838,-1.04,2.8271428571428574,16.72
2021-08-10,142.1365509033203,69023100,0.03152443124097637,0.02760969573897576,0.058172995324453636,0.034749638247135506,0.08709677419354839,273.0342580645161,4.983870967741935,16.79,113.4973,1.36,71.0258064516129,68.33,73.80209350585938,413.7422790527344,-0.007191288183576727,0.0012438828701457627,58.483870967741936,35.0,46.12903225806452,-0.0018097548968711852,157.1127471923828,-0.011887703532981408,621.739990234375,-0.008250650673822468,149.0500030517578,-0.004477537889733707,331.2799987792969,-0.027746485834790224,132.36520385742188,71.0258064516129,1195.1098260869567,1.816,97.91907096774193,-1.04,2.8414285714285716,16.79
2021-08-11,142.3903045654297,48493500,0.0034279960620213767,0.01713998031010666,0.021321859028551104,0.03544588006611016,0.0867741935483871,273.07406451612906,4.970967741935484,16.06,113.282,1.35,71.10645161290323,69.3,73.81175231933594,414.77044677734375,0.00013087451883464496,0.0024850438948693654,58.87096774193548,35.0,46.03225806451613,-0.0031578566044655476,156.61660766601562,0.006900053285751717,626.030029296875,0.00992952497307309,150.52999877929688,-0.007969041718749126,328.6400146484375,-0.02346816933777196,129.2588348388672,71.10645161290323,1195.2592717391306,1.843,97.88026774193548,-1.07,2.855714285714286,16.06
2021-08-12,145.34823608398438,72282600,-0.014708874308674513,-0.009067200585541446,0.004433028587769616,-0.005064698680662949,0.08645161290322581,273.11387096774195,4.958064516129032,15.59,113.2691,1.36,71.18709677419355,69.12,74.23553466796875,416.0134582519531,0.005741393955794205,0.0029968660599308805,59.25806451612903,35.0,45.935483870967744,-0.011028908149687044,154.88929748535156,0.013290011500577847,634.3499755859375,0.011492697412929243,152.25999450683594,0.01037601324409354,332.04998779296875,-0.04153695614988695,123.88981628417969,71.18709677419355,1195.4087173913044,1.838,97.84146451612902,-1.05,2.87,15.59
2021-08-13,145.5532684326172,59375000,-0.006103378569132012,-0.003353293890258069,-0.006573135342891501,-0.0068024051630682925,0.08612903225806451,273.15367741935484,4.945161290322581,15.45,113.0615,1.29,71.26774193548387,68.36,74.64006805419922,416.7705383300781,0.00544932272717924,0.0018198451591113773,59.645161290322584,35.0,45.83870967741935,0.008897897461536353,156.26748657226562,0.004666228559277785,637.3099975585938,0.002692786528972091,152.6699981689453,0.0021984972539232928,332.7799987792969,0.005262374829771765,124.5417709350586,71.26774193548387,1195.5581630434783,1.806,97.80266129032258,-1.08,2.8685714285714288,15.45
2021-08-16,147.5252227783203,103296000,-0.009330369531577398,0.01323440019370703,-0.01383027039226381,-0.006029242425668491,0.08516129032258064,273.27309677419356,4.906451612903226,16.12,113.1698,1.26,71.50967741935483,67.44,74.97716522216797,417.75189208984375,0.004516303062906735,0.0023546620250503025,60.806451612903224,35.0,45.54838709677419,0.005820735296616197,157.1770782470703,-0.0005805575286829123,636.9400024414062,-0.005240080312783668,151.8699951171875,-0.007812987899071366,330.17999267578125,0.013779701088076912,126.25791931152344,71.50967741935483,1196.0065000000002,1.795,97.68625161290322,-1.1,2.8642857142857143,16.12
2021-08-17,146.61732482910156,92229700,-0.003795097220616328,0.010919672592989205,-0.009321643803910096,0.00019222137241481363,0.08483870967741935,273.31290322580645,4.893548387096774,17.91,113.6174,1.26,71.59032258064516,66.5,74.35591125488281,415.013427734375,-0.008285908989014046,-0.006555241058919692,61.193548387096776,35.0,45.45161290322581,-0.027883484679815274,152.79443359375,-0.003030101215787284,635.010009765625,-0.01501283237375206,149.58999633789062,-0.01659694890759489,324.70001220703125,-0.021945415272262014,123.48713684082031,71.59032258064516,1196.155945652174,1.782,97.64744838709677,-1.07,2.862857142857143,17.91
2021-08-18,142.87841796875,86326000,0.013665140201288395,0.04201969738393463,-0.0020498351075645127,0.03320852485347636,0.08451612903225807,273.35270967741934,4.880645161290323,21.57,113.6959,1.27,71.67096774193548,65.36,73.33016967773438,410.4711608886719,-0.013795023957575148,-0.01094486718297305,61.58064516129032,35.0,45.354838709677416,-0.003126667742543665,152.3166961669922,-0.012976158025314155,626.77001953125,-0.01049530118232922,148.02000427246094,-0.003634195100082005,323.5199890136719,-0.011102265171503811,122.11614990234375,71.67096774193548,1196.305391304348,1.742,97.60864516129033,-1.05,2.861428571428571,21.57
2021-08-19,143.2103271484375,86960300,0.0057258951958738535,0.0473758693259938,-0.02563014680624187,0.04781218381849661,0.08419354838709678,273.3925161290323,4.867741935483871,21.67,114.1106,1.24,71.7516129032258,63.69,74.04772186279297,411.10662841796875,0.009785224665537218,0.0015481417206535397,61.96774193548387,35.0,45.25806451612903,0.006092327894366756,153.24465942382812,0.017374720031161806,637.6599731445312,0.03546817895192267,153.27000427246094,0.0211115767859249,330.3500061035156,0.014367355058175546,123.87063598632812,71.7516129032258,1196.4548369565218,1.71,97.56984193548386,-1.04,2.86,21.67
2021-08-20,144.66490173339844,60549600,0.0027669725598973294,0.04123087613554999,-0.032120846020872396,0.06687618575685761,0.08387096774193549,273.4323225806452,4.854838709677419,18.56,114.5009,1.26,71.83225806451613,62.25,75.00125885009766,414.37786865234375,0.012877330501423812,0.007957157604010057,62.354838709677416,35.0,45.16129032258065,-0.0008991299648054563,153.10687255859375,0.015180588587365262,647.3400268554688,0.02218303517784448,156.6699981689453,0.012199178764458862,334.3800048828125,-0.015479824675726173,121.95314025878906,71.83225806451613,1196.6042826086957,1.645,97.53103870967742,-1.01,2.861428571428571,18.56
2021-08-23,146.1487579345703,60131800,0.022777290260341365,0.04662317465902355,-0.025783135423295356,0.07397156297162089,0.08290322580645161,273.5517419354839,4.816129032258065,17.15,113.9418,1.25,72.0741935483871,65.65,75.96922302246094,418.0229797363281,0.01290597234238322,0.00879658726910093,63.516129032258064,35.0,44.87096774193548,0.01794267337930222,155.85401916503906,0.014706271976318464,656.8599853515625,0.010531749374849353,158.32000732421875,0.0071176650758366655,336.760009765625,0.03372656078253122,126.06620025634766,72.0741935483871,1197.0526195652174,1.769,97.41462903225806,-1.02,2.8657142857142857,17.15
2021-08-24,146.06089782714844,48606400,0.014770826536339987,0.03669274309365389,-0.018647450279960398,0.07776397746527008,0.08258064516129032,273.5915483870968,4.803225806451613,17.22,113.6795,1.29,72.15483870967742,67.5,75.88252258300781,418.6864318847656,-0.0011412574198302883,0.0015871188441745065,63.903225806451616,35.0,44.774193548387096,-0.022283915027233592,152.3809814453125,0.0005785173268075816,657.239990234375,0.0016422087847904887,158.5800018310547,0.012798424496998306,341.07000732421875,-0.0003802405858379654,126.01826477050781,72.15483870967742,1197.2020652173915,1.842,97.37582580645162,-1.01,2.867142857142857,17.22
2021-08-25,144.83087158203125,58991300,0.027972311622569634,0.038487569476958416,-0.009706124423650486,0.08954957817598563,0.08225806451612903,273.6313548387097,4.790322580645161,16.79,113.6322,1.35,72.23548387096774,68.54,75.83919525146484,419.5650939941406,-0.000570979061688015,0.0020986161539069403,64.29032258064517,35.0,44.67741935483871,-0.011154625672411767,150.6812286376953,-0.0006694699773964752,656.7999877929688,0.0003153175128038921,158.6300048828125,0.0035182855826794146,342.2699890136719,0.012347293464990416,127.57424926757812,72.23548387096774,1197.3515108695653,1.88,97.33702258064515,-1.0,2.8685714285714288,16.79
2021-08-26,144.03033447265625,48597200,0.04141284849984728,0.009692375560059752,-0.014707328142765097,0.09920287499793412,0.08193548387096775,273.6711612903226,4.77741935483871,18.84,113.7883,1.34,72.31612903225806,67.42,75.36244201660156,417.08831787109375,-0.006286369907835709,-0.005903198713383628,64.6774193548387,35.0,44.58064516129032,0.02479958319177289,154.41806030273438,-0.006714331952639041,652.3900146484375,0.004664881873524873,159.3699951171875,-0.09372713823000178,310.19000244140625,-0.00248447918154282,127.25729370117188,72.31612903225806,1197.5009565217392,1.842,97.29821935483871,-0.99,2.87,18.84
2021-08-27,145.065185546875,55802400,0.038357768682249826,0.006392873792257392,-0.0450203387149164,0.056789045367872326,0.08161290322580646,273.7109677419355,4.764516129032258,16.39,113.3404,1.31,72.39677419354838,68.84,76.08960723876953,420.8174743652344,0.00964890736963886,0.008940927698898538,65.06451612903226,35.0,44.483870967741936,-0.0052581329023426715,153.60610961914062,0.009396227325943807,658.52001953125,0.019451629531870962,162.47000122070312,0.017569915742402964,315.6400146484375,0.030644127399569454,131.156982421875,72.39677419354838,1197.650402173913,1.879,97.25941612903226,-1.08,2.87,16.39
2021-08-30,149.47763061523438,90956700,0.0233148356203845,-0.03265440785711471,-0.06720200535597298,0.04802685050457489,0.08064516129032258,273.8303870967742,4.725806451612903,16.19,113.246,1.29,72.63870967741936,69.28,76.90829467773438,422.6680603027344,0.010759517214956826,0.004397597652738838,66.2258064516129,35.0,44.193548387096776,0.0030032592510178535,154.0674285888672,0.01134357419906884,665.989990234375,0.008740063755008798,163.88999938964844,-0.007128373766254192,313.3900146484375,-0.003662147094574131,130.67666625976562,72.63870967741936,1198.0987391304348,1.918,97.1430064516129,-1.08,2.87,16.19
2021-08-31,148.2183380126953,86453100,0.021602824976885593,-0.018441908010356944,-0.06803651402662048,0.09030654532385762,0.08032258064516129,273.87019354838714,4.712903225806452,16.48,113.1076,1.3,72.71935483870968,68.43,76.50376892089844,422.0418395996094,-0.005259845619136505,-0.001481589838315367,66.61290322580645,35.0,44.096774193548384,-0.0241344847950814,150.34909057617188,-0.0034384571253659457,663.7000122070312,-0.002501700308965127,163.47999572753906,-0.010530068465164244,310.0899963378906,-0.0067617730259109665,129.79306030273438,72.71935483870968,1198.2481847826089,1.921,97.10420322580644,-1.03,2.87,16.48
2021-09-01,148.8821258544922,80313700,0.01022912556641864,-0.02439188372739176,-0.0646514311213564,0.08196511292910769,0.08,273.91,4.7,16.11,112.8732,1.31,72.8,68.63,76.52302551269531,422.2662048339844,0.00025170775333682727,0.000531618463676109,67.0,35.0,44.0,-0.011291775183852493,148.65138244628906,0.003299687209773694,665.8900146484375,0.004098349562364545,164.14999389648438,-0.022090380806904508,303.239990234375,-0.012358516540682873,128.1890106201172,72.8,1198.3976304347827,1.907,97.0654,-1.03,2.87,16.11
2021-09-02,149.9950408935547,71115500,-0.030459075846318573,-0.04939830062334216,-0.09443529169411224,0.0673543182529126,0.08,273.99800000000005,4.693333333333333,16.41,112.7863,1.29,72.76333333333334,70.07,76.44115447998047,423.5653381347656,-0.0010698875556254261,0.003076574175032487,67.06666666666666,34.9,43.93333333333333,0.00937249442286947,150.04461669921875,-0.0018771868814700943,664.6400146484375,0.006335720886945229,165.19000244140625,-0.052004977976299216,287.4700012207031,0.0074180498857576715,129.13992309570312,72.76333333333334,1198.5470760869566,1.942,97.11099666666667,-1.03,2.87,16.41
2021-09-03,150.6295623779297,57808700,-0.030784086038628367,-0.0736225795481793,-0.08548249083563364,0.05039649363901244,0.08,274.086,4.6866666666666665,16.41,112.5476,1.33,72.72666666666666,69.34,76.74454498291016,423.4624938964844,0.003968941926552727,-0.00024280607741444804,67.13333333333334,34.8,43.86666666666667,-0.0011069502032069467,149.87852478027344,0.0029339374158245946,666.5900268554688,0.003147916125525674,165.7100067138672,0.004452634270920575,288.75,0.010263709936793042,130.4653778076172,72.72666666666666,1198.6965217391305,1.949,97.15659333333333,-1.01,2.8714285714285714,16.41
2021-09-07,152.96267700195312,82278300,-0.05469406044872582,-0.08462544298693553,-0.09375182676310445,0.05661693747816621,0.08,274.43800000000005,4.66,18.14,112.9795,1.38,72.58,68.49,76.76382446289062,421.9483947753906,0.000251216291460965,-0.0035755211923534924,67.4,34.4,43.6,0.005109525241134172,150.6443328857422,-0.0078009151015376865,661.3900146484375,-0.004405352463648371,164.97999572753906,-0.004467562060335495,287.4599914550781,0.004859196515067055,131.09933471679688,72.58,1199.2943043478263,1.907,97.33897999999999,-0.98,2.8771428571428572,18.14
2021-09-08,151.42027282714844,74420200,-0.03919794660723319,-0.05969932520641197,-0.0762040207874678,0.10521451196702292,0.08,274.526,4.653333333333333,17.96,113.2319,1.35,72.54333333333334,69.36,76.4700698852539,421.434326171875,-0.0038267319234299713,-0.0012183210313888582,67.46666666666667,34.3,43.53333333333333,0.0024499051772137737,151.01339721679688,0.002766833508456079,663.219970703125,0.0035155888354643228,165.55999755859375,0.0073053856743183765,289.55999755859375,-0.021466583082374813,128.2850799560547,72.54333333333334,1199.4437500000001,1.916,97.38457666666666,-1.03,2.8785714285714286,17.96
2021-09-09,150.40505981445312,57305700,-0.03427045253164618,-0.04699193847668437,-0.07249983919968717,0.13802510432744586,0.08,274.61400000000003,4.6466666666666665,18.8,113.043,1.3,72.50666666666666,68.26,76.18112182617188,419.6305236816406,-0.003778577154638474,-0.004280150852018494,67.53333333333333,34.2,43.46666666666667,0.03140475308518487,155.7559356689453,-0.00232197173693538,661.6799926757812,0.0021140741041130173,165.91000366210938,-0.006492626394058676,287.67999267578125,0.01078123738074499,129.66815185546875,72.50666666666666,1199.593195652174,1.893,97.43017333333333,-1.08,2.88,18.8
2021-09-10,145.42633056640625,140893200,-0.01953421903624719,-0.013760956743814168,-0.04135033670280963,0.17348997865835103,0.08,274.702,4.640000000000001,20.95,112.9425,1.35,72.47,69.82,75.42985534667969,416.3218688964844,-0.009861583309397903,-0.007884685689991455,67.6,34.1,43.4,0.006694018126260692,156.79856872558594,-0.00414095977618234,658.9400024414062,0.005786218033200896,166.8699951171875,-0.01129727503734601,284.42999267578125,0.013629786635148466,131.4355010986328,72.47,1199.742641304348,1.922,97.47577,-1.05,2.8771428571428572,20.95
2021-09-13,145.99256896972656,102404300,-0.044199123118461525,-0.02795029854922293,-0.05376122688580798,0.20168411256584484,0.08,274.966,4.62,19.37,113.0341,1.33,72.36,70.54,75.45390319824219,417.38739013671875,0.00031881078721385236,0.002559368891811298,67.8,33.8,43.2,0.01688816927990411,159.4466094970703,-0.02092751688507477,645.1500244140625,-0.013423565050157293,164.6300048828125,-0.011074759967648728,281.2799987792969,0.01900007162960371,133.9327850341797,72.36,1200.1909782608695,1.955,97.61256,-1.04,2.8685714285714283,19.37
2021-09-14,144.59652709960938,109296300,-0.031663169864792895,-0.04192511025953438,-0.048676284085376165,0.18820279438826093,0.08,275.05400000000003,4.613333333333333,19.46,113.0061,1.28,72.32333333333334,70.53,75.35762023925781,415.13494873046875,-0.0012760500769776195,-0.005396524809990533,67.86666666666666,33.7,43.13333333333333,0.0038193240571575693,160.0555877685547,-0.00021702649482913117,645.010009765625,0.0018221939140576904,164.92999267578125,-0.006861464320808697,279.3500061035156,0.005020382415377389,134.6051788330078,72.32333333333334,1200.3404239130437,1.965,97.65815666666667,-1.05,2.8657142857142857,19.46
2021-09-15,145.4849090576172,83281300,-0.0213377755873696,-0.04160208103225982,-0.035361899980271616,0.17147204063894694,0.08,275.142,4.6066666666666665,18.18,112.9773,1.31,72.28666666666666,72.59,76.01737213134766,418.6024169921875,0.008754945949661863,0.008352629120536914,67.93333333333334,33.6,43.06666666666667,0.003516406033784669,160.618408203125,0.02491435339128767,661.0800170898438,0.01582489981359725,167.5399932861328,0.02602466030008932,286.6199951171875,0.007777828789597319,135.65211486816406,72.28666666666666,1200.4898695652175,2.015,97.70375333333334,-1.04,2.8628571428571425,18.18
2021-09-16,145.2506103515625,68034100,-0.013172928154044139,-0.04899484659545017,-0.02654745006483772,0.20681313361789666,0.08,275.23,4.6000000000000005,18.69,113.3036,1.34,72.25,72.69,76.06072235107422,417.93878173828125,0.0005702672759018146,-0.0015853593456882642,68.0,33.5,43.0,-0.0049979631946228675,159.81564331054688,0.006096037026590562,665.1099853515625,0.00041785440506258986,167.61000061035156,0.014165088367033674,290.67999267578125,0.020250735171955858,138.399169921875,72.25,1200.6393152173914,2.022,97.74934999999999,-1.01,2.86,18.69
2021-09-17,142.58554077148438,129868800,0.005888285348172095,-0.02334638844768988,0.0033551337120094615,0.18110006264657041,0.08,275.31800000000004,4.593333333333334,20.81,113.5989,1.37,72.21333333333334,72.09,74.87603759765625,413.86767578125,-0.015575512785032553,-0.009740914542792134,68.06666666666666,33.4,42.93333333333333,-0.009756839956317154,158.25634765625,-0.015982326407554592,654.47998046875,-0.023745574327581398,163.6300048828125,-0.008703725206566926,288.1499938964844,-0.022832864100705064,135.23912048339844,72.21333333333334,1200.7887608695653,2.021,97.79494666666666,-0.96,2.8628571428571425,20.81
2021-09-20,139.53982543945312,123478900,0.017000219357669044,-0.02658459671759572,0.04071610765453282,0.1990324205386138,0.08,275.582,4.573333333333333,25.71,113.9422,1.31,72.10333333333334,70.41,73.51221466064453,406.9667663574219,-0.018214411189066526,-0.01667419281006044,68.26666666666667,33.1,42.733333333333334,-0.011893568213162897,156.37411499023438,-0.02015340856103698,641.2899780273438,-0.01650071580065604,160.92999267578125,-0.015790344922246624,283.6000061035156,-0.0374289563017437,130.17726135253906,72.10333333333334,1201.237097826087,1.972,97.93173666666667,-0.98,2.8714285714285714,25.71
2021-09-21,140.0181427001953,75834000,-0.010597490537779697,-0.01617483609007575,0.04064698036633563,0.18523120990114794,0.08,275.67,4.566666666666666,24.36,113.8179,1.33,72.06666666666666,70.51,73.54116821289062,406.5823059082031,0.0003938604268658441,-0.0009446974077511605,68.33333333333333,33.0,42.666666666666664,0.006431414733648166,157.37982177734375,0.007173099188675591,645.8900146484375,-0.00037281775507580495,160.8699951171875,-0.001445711048256193,283.19000244140625,-0.0025827256980972546,129.84104919433594,72.06666666666666,1201.386543478261,1.989,97.97733333333333,-0.96,2.874285714285714,24.36
2021-09-22,142.38058471679688,76404300,-0.02070612816087014,-0.026397125126486287,0.024888399531285632,0.1878123307399142,0.08,275.75800000000004,4.5600000000000005,20.87,113.6223,1.32,72.03,72.37,74.54944610595703,410.5484924316406,0.013710387223488052,0.009754941289385588,68.4,32.9,42.6,0.019229702723781328,160.40618896484375,-0.030670852791208514,626.0800170898438,0.008454035255989423,162.22999572753906,0.01140580867432428,286.4200134277344,0.021600930656391792,132.64573669433594,72.03,1201.535989130435,2.015,98.02293,-0.96,2.8771428571428572,20.87
2021-09-23,143.3372344970703,64838200,-0.036300097011321086,-0.024109543484715168,0.012667785779671092,0.1979594089644081,0.08,275.846,4.553333333333334,18.63,113.513,1.41,71.99333333333334,73.43,75.54805755615234,415.5366516113281,0.013395290003576754,0.012149987812994034,68.46666666666667,32.8,42.53333333333333,0.019442124428530994,163.5248260498047,0.007602877644539152,630.8400268554688,0.005362820679831071,163.10000610351562,0.02004046493009204,292.1600036621094,0.021795749741374548,135.53684997558594,71.99333333333334,1201.6854347826088,2.053,98.06852666666667,-0.9,2.88,18.63
2021-09-24,143.4251251220703,53477900,-0.029063539382748638,-0.02736206752927206,0.011706675316763837,0.201587763786385,0.08,275.934,4.546666666666667,17.75,113.7597,1.47,71.95666666666666,74.18,75.60111999511719,416.2210998535156,0.0007023666879244495,0.0016471428922897324,68.53333333333333,32.7,42.46666666666667,0.007335144016901385,164.72430419921875,-0.012887585658345024,622.7100219726562,0.002759024717366332,163.5500030517578,0.008591216231390364,294.6700134277344,0.005740022874080042,136.31483459472656,71.95666666666666,1201.8348804347827,2.08,98.11412333333334,-0.87,2.8985714285714286,17.75
2021-09-27,141.9120330810547,74150700,-0.042856250417323105,-0.017610418191923327,0.027171781870074296,0.24229977655672408,0.08,276.19800000000004,4.526666666666666,18.76,113.7432,1.48,71.84666666666666,75.54,74.8678207397461,415.0303039550781,-0.009699581903263588,-0.0028609695636684362,68.73333333333333,32.4,42.266666666666666,-0.009074166226045732,163.2295684814453,-0.030608143254567177,603.6500244140625,-0.03295627813557844,158.16000366210938,-0.002070166088651626,294.05999755859375,0.005778343586280377,137.10250854492188,71.84666666666666,1202.2832173913043,2.115,98.25091333333333,-0.87,2.954285714285714,18.76
2021-09-28,138.5343017578125,108972300,-0.005637084501966316,-0.0028185973232247585,0.04890426065295417,0.2652500544113747,0.08,276.286,4.5200000000000005,23.25,114.2469,1.54,71.81,75.44,72.64865112304688,406.66668701171875,-0.029641167523941303,-0.020151822321544555,68.8,32.3,42.2,-0.031767587172711775,158.04415893554688,-0.04121594280885266,578.77001953125,-0.03597624120926479,152.47000122070312,-0.021118110272175805,287.8500061035156,-0.06900686132117995,127.64149475097656,71.81,1202.4326630434784,2.105,98.29651,-0.84,2.972857142857143,23.25
2021-09-29,139.43243408203125,74602000,-0.005811327048262149,-0.013442558222705459,0.06819289101455439,0.25773136420363496,0.08,276.374,4.513333333333334,22.56,114.7092,1.55,71.77333333333334,75.06,72.55699920654297,407.35125732421875,-0.0012615776767647136,0.0016833695366846868,68.86666666666666,32.2,42.13333333333333,-0.014303338366039475,155.78359985351562,-0.0018487607998171063,577.7000122070312,-0.0014429147959713617,152.25,0.00048630928570836396,287.989990234375,-0.03476545983299928,123.2039794921875,71.77333333333334,1202.5821086956523,2.124,98.34210666666667,-0.82,2.991428571428571,22.56
2021-09-30,138.1340789794922,89056700,0.01264974032766819,0.01597149155146682,0.05865706075111943,0.2612017004768161,0.08,276.462,4.506666666666667,23.14,114.6403,1.52,71.73666666666666,75.22,72.0359878540039,402.3724670410156,-0.007180718031846056,-0.012222351579095347,68.93333333333334,32.1,42.06666666666667,-0.008054902945648146,154.52877807617188,-0.0034274562265314,575.719970703125,-0.005320181008825919,151.44000244140625,-0.00979192646364424,285.1700134277344,0.0035859473073565074,123.64578247070312,71.73666666666666,1202.7315543478262,2.201,98.38770333333333,-0.85,3.01,23.14
2021-10-01,139.25668334960938,94639600,0.0017524028837014871,0.015352180055807851,0.04423412006101901,0.2466119443903274,0.08,276.55,4.5,21.15,114.3798,1.48,71.7,76.01,73.1214370727539,407.1542663574219,0.015068152059632967,0.011884012222731943,69.0,32.0,42.0,-0.0006566475741858202,154.42730712890625,0.003039672217489242,577.469970703125,0.01036708954120047,153.00999450683594,-0.0038924705153893235,284.05999755859375,0.0031076419954956247,124.030029296875,71.7,1202.881,2.168,98.4333,-0.9,3.007142857142857,21.15
2021-10-04,135.83021545410156,98322000,0.026376218030371268,0.05325559447790651,0.07819445775328471,0.310015683399558,0.08,276.7792580645161,4.461290322580645,22.96,114.2739,1.49,71.28387096774193,77.68,71.42813110351562,401.903564453125,-0.023157449265575614,-0.012896099434919206,69.48387096774194,32.29032258064516,42.96774193548387,-0.01858160249820462,151.55780029296875,-0.03286747611419527,558.489990234375,-0.03241612726714094,148.0500030517578,-0.03918188051281912,272.92999267578125,-0.030434529070305305,120.25523376464844,71.28387096774193,1204.8300217391304,2.284,98.48955483870968,-0.89,2.9985714285714287,22.96
2021-10-05,137.7533721923828,80861100,0.002834465299150768,0.054212624220394634,0.07355929819042384,0.27533270822752587,0.08,276.85567741935483,4.448387096774193,21.3,114.3654,1.54,71.14516129032259,79.17,72.44603729248047,406.0854187011719,0.014250774495130791,0.010405118585442796,69.64516129032258,32.38709677419355,43.29032258064516,0.006757417977281133,152.58193969726562,0.014700392336863377,566.7000122070312,0.014589690088383511,150.2100067138672,0.011175093952279669,275.9800109863281,0.02292347704562614,123.01190185546875,71.14516129032259,1205.479695652174,2.278,98.50830645161291,-0.91,2.995714285714286,21.3
2021-10-06,138.6221466064453,83221100,-0.007675837979310596,0.051126829042236865,0.06309888196042124,0.2336288948688796,0.08,276.93209677419355,4.435483870967742,21.0,114.7185,1.53,71.00645161290323,77.66,72.91883087158203,407.7730712890625,0.0065261482445588825,0.004155905408493643,69.80645161290323,32.483870967741936,43.61290322580645,0.004111860362554065,153.20933532714844,0.006370187530971183,570.3099975585938,-0.0011318382273840522,150.0399932861328,0.005217778042184262,277.4200134277344,-0.012102956346223381,121.5230941772461,71.00645161290323,1206.1293695652175,2.22,98.52705806451613,-0.9,2.992857142857143,21.0
2021-10-07,139.88143920898438,61732700,0.003280256826732497,0.043199229432535624,0.057302119387778516,0.2021150244293013,0.08,277.0085161290323,4.422580645161291,19.54,114.5044,1.58,70.86774193548388,78.46,73.5845718383789,411.298583984375,0.009129890850407607,0.0086457712476391,69.96774193548387,32.58064516129032,43.935483870967744,0.005600789663935624,154.0674285888672,0.015167232647318007,578.9600219726562,0.014729450898152363,152.25,0.020185910586426603,283.0199890136719,0.010749312150876378,122.82938385009766,70.86774193548388,1206.779043478261,2.257,98.54580967741936,-0.88,2.99,19.54
2021-10-08,139.50071716308594,58773200,0.013575986574084764,0.04051794736105796,0.05430099299750979,0.20658697208005972,0.08,277.084935483871,4.409677419354838,18.77,114.5986,1.61,70.72903225806452,79.55,73.3095932006836,410.5484924316406,-0.003736906131617812,-0.0018237153784192994,70.12903225806451,32.67741935483871,44.25806451612903,0.009821567138554421,155.5806121826172,-0.0036272567040784853,576.8599853515625,-0.013990179854269313,150.1199951171875,-0.01441589545135813,278.94000244140625,-0.012981029899512997,121.23493194580078,70.72903225806452,1207.4287173913044,2.263,98.56456129032259,-0.89,2.9985714285714287,18.77
2021-10-11,139.41290283203125,64452200,0.026188619704300198,0.040823005234790655,0.05755960336949428,0.20748730047750996,0.08,277.3141935483871,4.370967741935484,20.0,114.7153,1.5950000000000002,70.31290322580645,80.64,72.90435028076172,407.5762634277344,-0.0055278293362306385,-0.007239653923223566,70.61290322580645,32.96774193548387,45.225806451612904,-0.004269658755855499,154.9163360595703,-0.0065700137357143085,573.0700073242188,-0.003996741701584705,149.52000427246094,-0.008603978903988563,276.5400085449219,0.010141150328450754,122.46439361572266,70.31290322580645,1209.377739130435,2.309,98.62081612903226,-0.8975,3.0242857142857145,20.0
2021-10-12,138.14382934570312,73035900,0.051232940928009896,0.05519035181723009,0.04682266120308021,0.23903278704097053,0.08,277.3906129032258,4.358064516129033,19.85,114.7542,1.59,70.1741935483871,80.75,72.52806091308594,406.5729064941406,-0.005161411715853048,-0.0024617648858044072,70.7741935483871,33.064516129032256,45.54838709677419,-0.023109456624743396,151.3363037109375,0.013296796237455943,580.6900024414062,0.004280359626543495,150.16000366210938,-0.002278169029238941,275.9100036621094,-0.005804075131701336,121.75360107421875,70.1741935483871,1210.0274130434784,2.299,98.63956774193548,-0.9,3.032857142857143,19.85
2021-10-13,137.55810546875,78762700,0.05925751812976765,0.056347925592522996,0.05092430311764562,0.24750649139745629,0.08,277.46703225806453,4.34516129032258,18.64,114.4705,1.56,70.03548387096775,80.67,72.97187805175781,408.0356140136719,0.006119247269049666,0.0035976512358979473,70.93548387096774,33.16129032258065,45.87096774193548,0.0020123057365737385,151.64083862304688,0.017961378070795453,591.1199951171875,0.02224291593256944,153.5,0.027327782410367707,283.45001220703125,0.011439241612363205,123.14636993408203,70.03548387096775,1210.6770869565219,2.314,98.65831935483871,-0.96,3.0414285714285714,18.64
2021-10-14,140.3402862548828,69907100,0.03978845625056193,0.061282820763088,0.04485861728949714,0.19950809695976268,0.08,277.5434516129032,4.332258064516129,16.86,114.2053,1.52,69.8967741935484,81.43,74.6169662475586,414.89910888671875,0.0225441394647119,0.016820823078489644,71.09677419354838,33.25806451612903,46.193548387096776,0.023425693911833134,155.19313049316406,0.027727051671104785,607.510009765625,0.02495115199384168,157.3300018310547,0.02017992935038304,289.1700134277344,0.030106608365594312,126.85388946533203,69.8967741935484,1211.3267608695653,2.361,98.67707096774194,-1.0,3.05,16.86
2021-10-15,141.3945770263672,67940300,0.02658109618208071,0.034244884899100825,0.03713671978490107,0.1966488730563587,0.08,277.6198709677419,4.319354838709677,16.3,114.0905,1.59,69.75806451612904,82.39,75.21517181396484,418.05889892578125,0.008017018065590742,0.007615803387818865,71.25806451612904,33.354838709677416,46.516129032258064,0.022829614019121758,158.7361297607422,0.004246871736054425,610.0900268554688,-0.009851922924543288,155.77999877929688,0.006985471936483023,291.19000244140625,-0.0036344515210898765,126.3928451538086,69.75806451612904,1211.9764347826087,2.36,98.69582258064516,-0.97,3.0557142857142856,16.3
2021-10-18,143.06393432617188,85589200,0.014260911931285536,0.016444716728253983,0.03186872469426194,0.16033990775011264,0.08,277.8491290322581,4.280645161290322,16.31,113.9899,1.59,69.34193548387097,82.62,75.85197448730469,419.2964782714844,0.008466412533297163,0.0029602990126107454,71.74193548387096,33.645161290322584,47.483870967741936,0.007498559780892533,159.92642211914062,0.02088214800041821,622.8300170898438,0.011297949163097787,157.5399932861328,0.005082629808438988,292.6700134277344,0.012842796662168254,128.01608276367188,69.34193548387097,1213.9254565217393,2.305,98.75207741935485,-0.95,3.0728571428571425,16.31
2021-10-19,145.22134399414062,76378900,0.0037645423151662083,0.00847011513649032,0.0333021407708507,0.11906830834951276,0.08,277.9255483870968,4.267741935483871,15.7,113.647,1.65,69.20322580645161,83.19,76.60457611083984,422.5313415527344,0.009921978018662125,0.007714978419531393,71.90322580645162,33.74193548387097,47.806451612903224,0.01903875397411947,162.97122192382812,0.021257790843540958,636.0700073242188,0.00818845118635303,158.8300018310547,0.013735568487492023,296.69000244140625,0.009904332260346038,129.28399658203125,69.20322580645161,1214.5751304347827,2.322,98.77082903225806,-0.89,3.0785714285714283,15.7
2021-10-20,145.70945739746094,58418800,-0.002746822644583924,0.014940390388110458,0.05922800984164667,0.10377910645011124,0.08,278.00196774193546,4.254838709677419,15.49,113.5083,1.65,69.06451612903226,84.4,76.39230346679688,424.1909484863281,-0.002771017801023179,0.0039277723813220256,72.06451612903226,33.83870967741935,48.12903225806451,0.0016417798372769798,163.23878479003906,-0.005816988954716273,632.3699951171875,0.007932975459990166,160.08999633789062,0.006572557858320005,298.6400146484375,-0.00460641142032181,128.68846130371094,69.06451612903226,1215.2248043478262,2.353,98.7895806451613,-0.92,3.084285714285714,15.49
2021-10-21,145.92420959472656,61421000,0.020671862996088475,0.009901300692680026,0.07562419163532552,0.08808559481994105,0.08,278.0783870967742,4.241935483870967,15.01,113.6188,1.68,68.92580645161291,82.64,76.68656158447266,425.29730224609375,0.0038519340865756924,0.002608150324078018,72.2258064516129,33.935483870967744,48.45161290322581,0.010683194838819299,164.98269653320312,0.009946673744661405,638.6599731445312,0.0334811714220955,165.4499969482422,0.023573458619171594,305.67999267578125,-0.004776773068419171,128.07374572753906,68.92580645161291,1215.8744782608696,2.314,98.80833225806452,-0.96,3.09,15.01
2021-10-22,145.1529998779297,58883400,0.007465351491004579,0.018903792984297896,0.08450513821086592,0.08854603197162714,0.08,278.1548064516129,4.229032258064516,15.43,113.67,1.66,68.78709677419356,84.53,76.4212417602539,424.8567199707031,-0.0034597955461399543,-0.0010359395017645046,72.38709677419355,34.03225806451613,48.774193548387096,-0.00218140330101646,164.622802734375,0.007703698606768672,643.5800170898438,0.007917785329446536,166.75999450683594,0.009487025536408789,308.5799865722656,0.019424095552706078,130.56146240234375,68.78709677419356,1216.524152173913,2.312,98.82708387096774,-0.98,3.097142857142857,15.43
2021-10-25,145.10415649414062,50720600,0.002153099632727029,0.01358739944052001,0.08749755245939195,0.07651532470635303,0.08,278.384064516129,4.190322580645161,15.24,113.605,1.64,68.37096774193549,84.64,76.67211151123047,427.13507080078125,0.003282722777046443,0.005362633384344839,72.87096774193549,34.32258064516129,49.74193548387097,0.011769700205399802,166.56036376953125,0.005267338207003425,646.969970703125,0.0036579553276883114,167.3699951171875,0.010402560478122602,311.7900085449219,-0.0012507485558307385,130.39816284179688,68.37096774193549,1218.4731739130436,2.326,98.88333870967742,-1.02,3.1185714285714288,15.24
2021-10-26,145.76803588867188,60893400,0.004687924929556608,0.011452567943193825,0.08609927254676886,0.07100881037624207,0.08,278.4604838709677,4.177419354838709,15.98,113.674,1.63,68.23225806451613,85.64,76.88919830322266,427.5194091796875,0.0028313657692913274,0.0008998052493927045,73.03225806451613,34.41935483870968,50.064516129032256,-0.003545168885183747,165.96987915039062,-0.006909085282995497,642.5,0.03321979877397263,172.92999267578125,0.003239293179278846,312.79998779296875,-0.02769602846974417,126.78665161132812,68.23225806451613,1219.122847826087,2.339,98.90209032258065,-1.06,3.125714285714286,15.98
2021-10-27,145.30921936035156,56094900,0.017735930488182117,-0.004797550347921398,0.05501426285980715,0.07122861161705085,0.08,278.53690322580644,4.164516129032258,16.98,113.6218,1.54,68.09354838709677,82.66,76.82164764404297,425.62548828125,-0.000878545500153205,-0.0044300231937340895,73.19354838709677,34.516129032258064,50.38709677419355,-0.052368198516466236,157.27833557128906,-0.0037665103660019517,640.0800170898438,-0.04527836063085777,165.10000610351562,-0.013714764049745254,308.510009765625,0.0012122266096528111,126.94034576416016,68.09354838709677,1219.7725217391305,2.271,98.92084193548388,-1.11,3.132857142857143,16.98
2021-10-28,148.94073486328125,100077900,-0.010552424039389496,-0.029391413567080305,0.05180473681945874,0.11803486944958386,0.08,278.61332258064516,4.151612903225806,16.53,113.4389,1.57,67.95483870967742,82.78,77.59353637695312,429.7322998046875,0.010047802365379388,0.009648885314696543,73.35483870967742,34.61290322580645,50.70967741935484,0.01173293770791517,159.12367248535156,-0.0012498246650566314,639.280029296875,0.02313744351429392,168.9199981689453,0.027843493131443076,317.1000061035156,0.02920708665084981,130.6479034423828,67.95483870967742,1220.422195652174,2.278,98.9395935483871,-1.0,3.14,16.53
2021-10-29,146.2366180419922,124953200,0.011353682264471754,0.002729408062365435,0.10508179302847953,0.16845846459266567,0.08,278.6897419354839,4.138709677419355,16.26,114.1349,1.55,67.81612903225808,83.5,77.92642211914062,430.60430908203125,0.004290122060816026,0.002029191842782385,73.51612903225806,34.70967741935484,51.03225806451613,0.005972481305489996,160.07403564453125,0.017331928962138976,650.3599853515625,0.02480465597220527,173.11000061035156,0.0016082599754994042,317.6099853515625,0.004631435058123801,131.25299072265625,67.81612903225808,1221.0718695652174,2.285,98.95834516129032,-0.96,3.132857142857143,16.26
2021-11-01,145.4165802001953,74588300,0.01140973351475294,0.008451083161306716,0.1077503396897026,0.17390465351545403,0.08,278.919,4.1,16.41,114.2067,1.58,67.4,84.08,77.81063842773438,431.34503173828125,-0.0014858078718054113,0.001720193320473351,74.0,35.0,52.0,0.008646111399411183,161.4580535888672,-0.01562207603999366,640.2000122070312,0.004216947172117402,173.83999633789062,-0.008186063744373695,315.010009765625,0.020929466357956006,134.0000457763672,67.4,1223.020891304348,2.301,99.0146,-0.92,3.111428571428571,16.41
2021-11-02,146.45138549804688,69122000,0.006733078845464924,0.0080013853119838,0.09318088094422938,0.1738209167522935,0.08,278.9832,4.093333333333333,16.03,114.2847,1.56,67.50666666666667,83.91,78.49568939208984,433.0889892578125,0.008804078442200325,0.0040430685210475215,73.96666666666667,35.36666666666667,52.2,0.01685801811967602,164.17991638183594,0.00031242143582876913,640.4000244140625,0.009836670213357879,175.5500030517578,-0.0002856935814756767,314.9200134277344,0.012185505362380722,135.63290405273438,67.50666666666667,1223.6705652173914,2.3,99.01068000000001,-0.95,3.104285714285714,16.03
2021-11-03,147.88641357421875,54511500,-0.022140793265788106,0.01468094335425385,0.06988032460974569,0.1429952112509807,0.08,279.0474,4.086666666666666,15.1,114.3593,1.6,67.61333333333334,80.82,78.95398712158203,435.7330627441406,0.0058385082421910095,0.006105150562380368,73.93333333333334,35.733333333333334,52.4,0.004833222503054291,164.9734344482422,0.023079274981667508,655.1799926757812,-0.014696677790965507,172.97000122070312,-0.020798990319013,308.3699951171875,0.010905699935132018,137.11207580566406,67.61333333333334,1224.3202391304349,2.221,99.00676,-0.93,3.097142857142857,15.1
2021-11-04,147.36904907226562,60394600,-0.019039906696826203,0.04729954862187502,0.09672252307884732,0.14508150670875408,0.08,279.1116,4.08,15.44,114.3558,1.53,67.72,78.88,80.18901062011719,437.7864685058594,0.01564231957827955,0.0047125314493852155,73.9,36.1,52.6,0.010794140680387088,166.75418090820312,0.028847071988376882,674.0800170898438,0.03809907088733877,179.55999755859375,0.0343743109620227,318.9700012207031,0.05169903504171103,144.2006378173828,67.72,1224.9699130434783,2.212,99.00284,-1.03,3.09,15.44
2021-11-05,147.89694213867188,65463900,-0.008527456174180381,0.06127691158200088,0.1315439015477209,0.13616279844755375,0.08,279.1758,4.073333333333333,16.48,114.0732,1.45,67.82666666666667,81.25,80.60389709472656,439.3055114746094,0.0051738570085972935,0.0034698262235797195,73.86666666666666,36.46666666666667,52.8,0.019089067184753894,169.93736267089844,-0.016852667485623862,662.719970703125,-0.00868789028627992,178.0,0.017399717126152403,324.5199890136719,0.021048358825027647,147.23582458496094,67.82666666666667,1225.6195869565217,2.253,98.99892,-1.09,3.0716666666666663,16.48
2021-11-08,147.07574462890625,55020900,-0.002925273759393887,0.07032722894946186,0.16378628113420435,0.163605137426448,0.08,279.3684,4.053333333333333,17.22,113.8256,1.51,68.14666666666668,81.96,81.0380630493164,439.6804504394531,0.005386413935787759,0.000853481131127154,73.76666666666667,37.56666666666667,53.4,0.0015202457750125298,170.19570922851562,0.004979552411290333,666.02001953125,0.006966322995303642,179.24000549316406,0.014020764404608643,329.07000732421875,-0.00215291410822005,146.91883850097656,68.14666666666668,1227.5686086956523,2.273,98.98716,-1.11,3.0166666666666666,17.22
2021-11-09,147.4374542236328,56787900,0.0012598239723813354,0.07028716597148499,0.15748296422619457,0.1703772982887073,0.08,279.4326,4.046666666666666,17.78,113.762,1.46,68.25333333333333,84.12,80.7051773071289,438.2271728515625,-0.004107770221320806,-0.0033053040826311886,73.73333333333333,37.93333333333333,53.6,0.00292766344753681,170.69398498535156,0.002852712115535949,667.9199829101562,0.01746256152699588,182.3699951171875,0.0010027853189928937,329.3999938964844,0.02177043026448744,150.11732482910156,68.25333333333333,1228.2182826086957,2.319,98.98324000000001,-1.17,2.998333333333333,17.78
2021-11-10,144.61209106445312,65187100,0.03765545833844208,0.09478091751467566,0.21315547954701852,0.16508418327671026,0.08,279.4968,4.04,18.73,114.1484,1.56,68.36,81.23,79.37370300292969,434.7016906738281,-0.016498003580764142,-0.008044873517983664,73.7,38.3,53.8,-0.02237837927713704,166.87413024902344,-0.030572498851113128,647.5,-0.02681361803243021,177.47999572753906,-0.026927733095146733,320.5299987792969,-0.03768628236642302,144.4599609375,68.36,1228.8679565217392,2.258,98.97932,-1.14,2.98,18.73
2021-11-11,144.5631561279297,41000000,0.06762706839104671,0.06045899284691281,0.1884770792258592,0.14191461745512046,0.08,279.561,4.033333333333333,17.66,114.3314,1.57,68.46666666666667,81.47,79.74517822265625,434.84234619140625,0.004680079241267787,0.0003235679101227795,73.66666666666667,38.666666666666664,54.0,0.01238521787561253,168.94090270996094,-0.006687285080839822,643.1699829101562,-0.0014086094546891248,177.22999572753906,0.014600794601455247,325.2099914550781,0.023271191195657348,147.82171630859375,68.46666666666667,1229.5176304347826,2.245,98.97540000000001,-1.145,2.995,17.66
2021-11-12,146.63575744628906,63804000,0.07040474110036898,0.06833812681706752,0.1622779209111085,0.1273764893592777,0.08,279.6252,4.026666666666666,16.29,114.5144,1.58,68.57333333333334,80.87,80.71484375,438.1240539550781,0.012159550570397526,0.007546890942004447,73.63333333333334,39.03333333333333,54.2,0.009229829066166984,170.5001983642578,0.022435737144463452,657.5999755859375,0.023754481833534236,181.44000244140625,0.012638036890414428,329.32000732421875,0.018973343776877094,150.6263885498047,68.57333333333334,1230.167304347826,2.214,98.97148,-1.15,3.01,16.29
2021-11-15,146.6455078125,59222800,0.07346741501015552,0.10200050777478098,0.1953338827289981,0.1534013626677322,0.08,279.8178,4.006666666666667,16.49,114.5876,1.63,68.89333333333333,80.85,80.63282775878906,438.2740478515625,-0.001016120299569323,0.00034235485390565756,73.53333333333333,40.13333333333333,54.8,0.0014610832868484636,170.7493133544922,0.003239058640345238,659.72998046875,0.004960283754267492,182.33999633789062,-0.008897098902638678,326.3900146484375,-0.0035071845061075413,150.09811401367188,68.89333333333333,1232.1163260869566,2.21,98.95972,-1.13,3.055,16.49
2021-11-16,147.62319946289062,59256200,0.06894048911824457,0.0911920802378674,0.14079488691768605,0.14417113867046538,0.08,279.882,4.0,16.37,115.136,1.63,69.0,80.76,81.48190307617188,440.00860595703125,0.01053014437150579,0.003957702067853619,73.5,40.5,55.0,0.014103645976082602,173.15750122070312,0.01712829363931001,671.030029296875,0.02511792214017361,186.9199981689453,0.022212689342868464,333.6400146484375,0.010174924238804506,151.62535095214844,69.0,1232.766,2.239,98.9558,-1.1,3.0700000000000003,16.37
2021-11-17,150.05752563476562,88807000,0.055052434521672966,0.06690986631306961,0.11499089399512119,0.10166887495335142,0.08,279.94620000000003,3.993333333333333,17.11,115.0263,1.6,69.10666666666667,78.32,81.2358627319336,438.939697265625,-0.0030195704193147765,-0.0024292904205392984,73.46666666666667,40.86666666666667,55.2,-0.003356964412388086,172.5762176513672,-0.0005365577857908699,670.6699829101562,0.004386942714805775,187.74000549316406,-0.009261559524641472,330.54998779296875,-0.011909425849199295,149.819580078125,69.10666666666667,1233.4156739130435,2.175,98.95188,-1.1,3.085,17.11
2021-11-18,154.33953857421875,137827700,-0.006714025670908286,0.025147318838659727,0.07525183898914034,0.06108299168861131,0.08,280.0104,3.9866666666666664,17.59,115.0678,1.59,69.21333333333334,78.92,82.04635620117188,440.4306640625,0.009977040213295929,0.003396746309716203,73.43333333333334,41.233333333333334,55.4,0.005613638604220705,173.5449981689453,0.00043246167249266776,670.9600219726562,-0.009001823756033644,186.0500030517578,-0.025321420137004558,322.17999267578125,0.017694622926990533,152.4705810546875,69.21333333333334,1234.065347826087,2.187,98.94796000000001,-1.14,3.1,17.59
2021-11-19,156.95960998535156,117305600,-0.0019306849119307135,0.029710479895746822,0.07748365455516715,0.024786066793337502,0.08,280.07460000000003,3.98,17.91,115.2187,1.54,69.32,76.11,82.64456176757812,439.6429748535156,0.00729106805108426,-0.0017884522428996963,73.4,41.6,55.6,0.0037751974006117184,174.20016479492188,0.025947854677459192,688.3699951171875,0.011125998556709593,188.1199951171875,0.001055299353218242,322.5199890136719,-0.05486938358209792,144.1046142578125,69.32,1234.7150217391304,2.09,98.94404,-1.11,3.1,17.91
2021-11-22,157.41917419433594,117467900,0.02658030636575548,0.06309719760041643,0.090795893191018,-0.004633686817866689,0.08,280.2672,3.96,19.17,115.6481,1.63,69.64,76.74,81.7231216430664,438.4053955078125,-0.011149434455265061,-0.002814964451815616,73.3,42.7,56.2,-0.01747918035678908,171.15528869628906,-0.021500047791085386,673.5700073242188,-0.01918988254333487,184.50999450683594,-0.0373309513750274,310.4800109863281,-0.016530319651335668,141.72251892089844,69.64,1236.664043478261,2.123,98.93228,-0.98,3.1,19.17
2021-11-23,157.8004150390625,96041900,0.02081649198074409,0.08469127818420508,0.09212561528149199,0.009524437592297152,0.08,280.33140000000003,3.953333333333333,19.38,116.0118,1.67,69.74666666666667,78.32,81.53496551513672,438.98663330078125,-0.0023023609982921744,0.0013257998166182894,73.26666666666667,43.06666666666666,56.4,-0.016441985005928195,168.34115600585938,-0.012485761076412305,665.1599731445312,-0.01587985888576182,181.5800018310547,-0.02087094420585245,304.0,0.009284956697011015,143.0384063720703,69.74666666666667,1237.3137173913044,2.195,98.92836,-0.95,3.1,19.38
2021-11-24,158.3185577392578,69463600,0.011238713265253608,0.07793011754058687,0.11356046634568817,0.019266517052324295,0.08,280.3956,3.9466666666666663,18.58,116.2711,1.64,69.85333333333332,78.32,82.12837219238281,440.15869140625,0.007277941107805219,0.0026699175249504936,73.23333333333333,43.43333333333333,56.6,0.00010958624981705078,168.35960388183594,0.004750788242335879,668.3200073242188,0.010408631845961303,183.47000122070312,-0.15493423060366984,256.8999938964844,0.0022195043505208734,143.3558807373047,69.85333333333332,1237.9633913043479,2.198,98.92444,-0.97,3.1,18.58
2021-11-26,153.3032989501953,76959800,0.03207670835288745,0.14437818288952253,0.14335786664224792,0.05433514965086195,0.08,280.524,3.933333333333333,28.62,116.5103,1.48,70.06666666666666,74.94399999999999,80.07803344726562,430.341796875,-0.024965047892515635,-0.02230308005480086,73.16666666666667,44.166666666666664,57.0,-0.024497229602446713,164.23526000976562,-0.009306966228924796,662.0999755859375,-0.027851968040293107,178.36000061035156,-0.010626686618914749,254.1699981689453,-0.03838681354098916,137.8529052734375,70.06666666666666,1239.262739130435,2.1048,98.9166,-1.07,3.1025,28.62
2021-11-29,156.6565704345703,88748200,0.031702372099161824,0.09673023660601876,0.1194458364928368,0.01977004172249064,0.08,280.7166,3.913333333333333,22.96,116.581,1.52,70.38666666666666,69.88,82.08010864257812,435.6205749511719,0.025001552974336372,0.012266477749790061,73.06666666666666,45.266666666666666,57.6,0.029213564362378097,169.0331573486328,0.03834770515731889,687.489990234375,0.04670330680953838,186.69000244140625,0.027461918313818945,261.1499938964844,0.05534235639883778,145.4820098876953,70.38666666666666,1241.2117608695653,1.965,98.90484000000001,-1.02,3.10625,22.96
2021-11-30,161.60342407226562,174048100,0.035571392718350525,0.054628045626589516,0.078039876338444,0.008906374016343532,0.08,280.7808,3.9066666666666667,27.19,116.2071,1.43,70.49333333333333,66.14,81.39507293701172,427.1444091796875,-0.00834594053169968,-0.019457680052037185,73.03333333333333,45.63333333333333,57.8,-0.01610253772492032,166.31129455566406,-0.02565857670512961,669.8499755859375,-0.0494402250084921,177.4600067138672,-0.02665131770149287,254.19000244140625,-0.026649859995097724,141.6049346923828,70.49333333333333,1241.8614347826087,1.882,98.90092,-1.07,3.1075,27.19
2021-12-01,161.08526611328125,152052500,0.06257225143328271,0.08818359659914798,0.07768419166109997,0.010145986258824014,0.08,280.845,3.9,31.12,115.889,1.43,70.6,65.44,80.28065490722656,422.4000244140625,-0.013691467917813172,-0.011107214945728527,73.0,46.0,58.0,0.0032731228583064986,166.85565185546875,-0.01857132625932334,657.4099731445312,-0.013580545311232983,175.0500030517578,-0.017742671711349467,249.67999267578125,0.030436990670803965,145.9149627685547,70.6,1242.5111086956522,1.88,98.897,-1.01,3.1087499999999997,31.12
2021-12-02,160.0978546142578,136739200,0.06595020878897051,0.05190535840383115,0.11144345408715628,-0.002333358399637553,0.08,280.8997741935484,3.903225806451613,27.95,116.018,1.44,70.49032258064516,66.6,81.01878356933594,428.86962890625,0.009194352773558734,0.015316297628443332,72.80645161290323,45.806451612903224,57.83870967741935,0.0026645506578295564,167.3002471923828,0.02201066659982054,671.8800048828125,0.05489860292953064,184.66000366210938,0.03196095490394568,257.6600036621094,-0.03415328104047788,140.93148803710938,70.49032258064516,1243.1607826086956,1.93,98.86656451612903,-1.03,3.11,27.95
2021-12-03,158.22076416015625,118023100,0.10881117035947763,0.057464079043656024,0.11035604054949122,-0.014440326676539494,0.08,280.9545483870968,3.9064516129032256,30.67,116.2377,1.35,70.38064516129032,66.39,79.66315460205078,425.137939453125,-0.01673227994252724,-0.008701221074203791,72.61290322580645,45.61290322580645,57.67741935483871,0.0008856104176970803,167.4484100341797,-0.08238074534691875,616.530029296875,-0.03677032606013708,177.8699951171875,0.005278216767185873,259.0199890136719,-0.004505371647687162,140.29653930664062,70.38064516129032,1243.8104565217393,1.935,98.83612903225807,-1.08,3.1085714285714285,30.67
2021-12-06,161.62295532226562,107497000,0.06302967431832829,0.026796424739065516,0.05806928960976854,-0.046451787469970585,0.08,281.11887096774194,3.9161290322580644,27.18,116.1538,1.43,70.0516129032258,69.62,80.42057037353516,430.1730041503906,0.009507730082595423,0.011843367128660631,72.03225806451613,45.03225806451613,57.193548387096776,0.0014935439081404933,167.69850158691406,0.008937032210341256,622.0399780273438,-0.0037105100435038674,177.2100067138672,0.02524904958040386,265.55999755859375,0.010628666740479131,141.78770446777344,70.0516129032258,1245.7594782608696,2.035,98.74482258064516,-1.01,3.104285714285714,27.18
2021-12-07,167.3518829345703,120405400,0.018402065798878153,0.010573715807498996,0.004790485552273127,-0.04686497185840477,0.08,281.1736451612903,3.9193548387096775,21.89,115.8555,1.48,69.94193548387096,71.94,83.22827911376953,439.071044921875,0.034912818041369365,0.02068479585105143,71.83870967741936,44.83870967741935,57.03225806451613,0.0308182978627769,172.86668395996094,0.0448846455719043,649.9600219726562,0.0313751895939558,182.77000427246094,0.04194914426439378,276.70001220703125,0.06452724484269012,150.93687438964844,69.94193548387096,1246.409152173913,2.088,98.7143870967742,-0.99,3.1028571428571428,21.89
2021-12-08,171.16473388671875,116998900,0.024103156403076254,0.0031984090504688645,-0.016621332545037837,-0.09343191305833087,0.08,281.2284193548387,3.92258064516129,19.9,115.4418,1.52,69.83225806451613,72.43,83.60940551757812,440.233642578125,0.00457928973020838,0.0026478577207404985,71.64516129032258,44.645161290322584,56.87096774193548,-0.0020356623109684113,172.51478576660156,0.004830994995278948,653.0999755859375,0.007878767892676608,184.2100067138672,-0.0014817623564201687,276.2900085449219,0.002549586783961111,151.3217010498047,69.83225806451613,1247.0588260869565,2.127,98.68395161290323,-1.0,3.1014285714285714,19.9
2021-12-09,170.65634155273438,108923700,-0.013175897212962528,0.009853333302336953,-0.013577179958680796,-0.11247057662220428,0.08,281.28319354838715,3.925806451612903,21.58,115.7784,1.49,69.72258064516129,70.87,82.707275390625,437.2613830566406,-0.010789816305576516,-0.00675155016340423,71.45161290322581,44.45161290322581,56.70967741935484,-0.013851670216573964,170.1251678466797,-0.031434648643647534,632.5700073242188,-0.024917276094611585,179.6199951171875,-0.031199083754727908,267.6700134277344,-0.02949959055236251,146.85777282714844,69.72258064516129,1247.7085000000002,2.103,98.65351612903227,-0.98,3.1,21.58
2021-12-10,175.43695068359375,115402700,-0.04630823776709869,0.004903962935736361,-0.02435186418954627,-0.15958801597156091,0.08,281.33796774193553,3.9290322580645163,18.69,115.5732,1.48,69.61290322580645,71.71,84.36681365966797,441.3775939941406,0.020065202984924868,0.009413616424862381,71.25806451612904,44.25806451612903,56.54838709677419,-0.0013613382624219073,169.89356994628906,0.03458906465604539,654.4500122070312,0.025164260078684553,184.13999938964844,0.00496875445715439,269.0,0.0005240807520745516,146.9347381591797,69.61290322580645,1248.3581739130436,2.125,98.6230806451613,-0.96,3.1028571428571428,18.69
2021-12-13,171.80999755859375,153237000,-0.03408489005962834,0.020199844756628504,-0.001195320673479161,-0.11637906381497265,0.08,281.5022903225807,3.9387096774193546,20.31,115.842,1.42,69.28387096774193,71.19,83.11251831054688,437.4677429199219,-0.014867165117564696,-0.008858290786438627,70.6774193548387,43.67741935483871,56.064516129032256,-0.02704006459409325,165.2996368408203,0.005882764938691221,658.2999877929688,-5.42766746446377e-05,184.1300048828125,-0.00044607850255573567,268.8800048828125,-0.0368623964966045,141.51837158203125,69.28387096774193,1250.307195652174,2.103,98.53177419354839,-0.98,3.1114285714285717,20.31
2021-12-14,170.43150329589844,139380400,-0.007686895239394698,0.02896789701934721,-0.012275861933126353,-0.08338631290725673,0.08,281.55706451612906,3.9419354838709677,21.89,116.2397,1.44,69.1741935483871,70.57,81.74723815917969,434.4578552246094,-0.01642688946406201,-0.006880250587672387,70.48387096774194,43.483870967741936,55.903225806451616,-0.012271028812958718,163.271240234375,-0.06598815623108878,614.8599853515625,-0.043827769023059626,176.05999755859375,-0.021050295891567705,263.2200012207031,0.004282688493282949,142.12445068359375,69.1741935483871,1250.9568695652174,2.076,98.50133870967743,-0.93,3.1142857142857143,21.89
2021-12-15,175.29034423828125,131063300,-0.02041273598455684,-0.006135015252665688,-0.034746254905627105,-0.10304193273088702,0.08,281.61183870967744,3.945161290322581,19.29,116.4219,1.47,69.06451612903226,70.89,83.91334533691406,441.2463073730469,0.026497619081839785,0.015625110852070856,70.29032258064517,43.29032258064516,55.74193548387097,0.018436667768209514,166.2814178466797,0.025160251287837276,630.3300170898438,0.04663186883854675,184.27000427246094,0.03233040698335676,271.7300109863281,0.040140567138502004,147.82940673828125,69.06451612903226,1251.6065434782608,2.098,98.47090322580645,-0.92,3.1171428571428574,19.29
2021-12-16,168.4077911376953,150185800,0.02333671264236381,0.03082549582201244,-0.014280804724351892,-0.04685427524875252,0.08,281.6666129032258,3.9483870967741934,20.57,115.7146,1.44,68.95483870967742,72.34,81.53496551513672,437.35516357421875,-0.028343284518429046,-0.008818529999704672,70.09677419354838,43.096774193548384,55.58064516129032,-0.03860069985379111,159.8628387451172,-0.10191485173268944,566.0900268554688,-0.025234759035431265,179.6199951171875,-0.007801956166234025,269.6099853515625,-0.045294725059939256,141.13351440429688,68.95483870967742,1252.2562173913045,2.112,98.44046774193549,-0.98,3.12,20.57
2021-12-17,167.31277465820312,195432700,0.05369890223538332,0.0635154003507521,-0.0286898051164568,-0.032425232626326794,0.08,281.7213870967742,3.9516129032258065,21.57,115.791,1.41,68.84516129032258,70.93,80.98983001708984,432.7005310058594,-0.006685910696137776,-0.010642683466499214,69.90322580645162,42.903225806451616,55.41935483870968,-0.0144263914902788,157.5565948486328,-0.0166934794091399,556.6400146484375,-0.00261664198574596,179.14999389648438,0.029820885656137497,277.6499938964844,-0.003749029929315917,140.60440063476562,68.84516129032258,1252.905891304348,2.075,98.41003225806452,-0.97,3.11,21.57
2021-12-20,165.95387268066406,107499100,0.05620031642284595,0.05861573693817901,-0.030868927072413843,-0.004211401060670306,0.08,281.88570967741936,3.9612903225806453,22.87,116.0092,1.43,68.51612903225806,68.69,80.02655029296875,428.099365234375,-0.011893835607727943,-0.010633603247004242,69.3225806451613,42.32258064516129,54.935483870967744,-0.010522748783633462,155.89866638183594,-0.012341899497696818,549.77001953125,-0.010214829107518808,177.32000732421875,-0.009112187411897232,275.1199951171875,-0.007800296267356899,139.5076446533203,68.51612903225806,1254.8549130434783,2.02,98.31872580645162,-0.96,3.08,22.87
2021-12-21,169.1214141845703,91185900,0.036938736456155974,0.011156903736811108,-0.06115951571794609,-0.014816564489633754,0.08,281.94048387096774,3.964516129032258,21.01,116.1089,1.48,68.40645161290323,71.1,82.05171203613281,435.70196533203125,0.025306123227230914,0.01775896138854116,69.12903225806451,42.12903225806452,54.774193548387096,0.02233851017546784,159.38121032714844,0.014096803617279496,557.52001953125,0.03220161977907976,183.02999877929688,0.019264387920221226,280.4200134277344,0.044203984939798824,145.6744384765625,68.40645161290323,1255.5045869565217,2.094,98.28829032258065,-0.96,3.07,21.01
2021-12-22,171.71218872070312,92135300,0.014575241284135343,-0.02072426561737728,-0.0798223281464242,-0.00767603900356606,0.08,281.9952580645161,3.967741935483871,18.63,115.7485,1.46,68.29677419354839,72.82,83.12474060058594,440.0584411621094,0.013077467097585949,0.009998751845790244,68.93548387096774,41.935483870967744,54.61290322580645,0.0012202726092456206,159.57569885253906,0.011586957797374398,563.97998046875,0.019286449231491476,186.55999755859375,0.007809613504609958,282.6099853515625,0.005943697024799688,146.540283203125,68.29677419354839,1256.1542608695652,2.142,98.25785483870968,-1.01,3.06,18.63
2021-12-23,172.33787536621094,68356600,0.0073180049998518015,-0.02331540546654587,-0.0936011726232664,-0.007586723786747962,0.08,282.0500322580645,3.9709677419354836,17.96,115.5337,1.5,68.18709677419355,73.89,83.5887451171875,442.7965393066406,0.005582026641515858,0.006222123900862853,68.74193548387096,41.74193548387097,54.45161290322581,0.0021473609606010857,159.91836547851562,0.010000380942156495,569.6199951171875,0.004931379615055853,187.47999572753906,-0.0057322642551792535,280.989990234375,0.020811536097056216,149.5900115966797,68.18709677419355,1256.8039347826088,2.172,98.22741935483872,-0.97,3.05,17.96
2021-12-27,176.2972869873047,74919600,0.009316226954914297,-0.04513953351701283,-0.11445687352381062,-0.02498888030009816,0.08,282.2691290322581,3.9838709677419355,17.68,115.4684,1.48,67.7483870967742,75.49,85.38191223144531,449.06304931640625,0.021452255465061354,0.014152120564397741,67.96774193548387,40.96774193548387,53.806451612903224,0.01627493580880901,162.52102661132812,0.014149779901837078,577.6799926757812,0.02224236325994733,191.64999389648438,0.011779770360619946,284.29998779296875,0.04649804238901267,156.545654296875,67.7483870967742,1259.4026304347826,2.192,98.10567741935485,-1.02,3.084285714285714,17.68
2021-12-28,175.28053283691406,79144300,0.002286896223922641,-0.023481209713258733,-0.11194135029600372,-0.0005688077627373778,0.08,282.3239032258065,3.9870967741935486,17.54,115.4192,1.49,67.63870967741936,76.01,84.937255859375,448.696044921875,-0.005207852113512934,-0.0008172669630465146,67.7741935483871,40.774193548387096,53.645161290322584,-0.006211823928281568,161.511474609375,-0.014402450196831174,569.3599853515625,-0.00819197555663731,190.0800018310547,-0.005381635050969669,282.7699890136719,-0.018928344179996892,153.58250427246094,67.63870967741936,1260.052304347826,2.205,98.07524193548387,-1.01,3.0928571428571425,17.54
2021-12-29,175.36854553222656,62348900,-0.024863409778148382,-0.02146289121690481,-0.0504515245124556,-0.0077128132343358136,0.08,282.37867741935486,3.990322580645161,16.95,115.3678,1.55,67.52903225806452,76.58,85.00975799560547,449.2701110839844,0.0008535964047449163,0.0012794099003241577,67.58064516129032,40.58064516129032,53.483870967741936,0.0065372888862686995,162.56732177734375,-0.0001229579282350235,569.2899780273438,-0.000789189571908655,189.92999267578125,-0.0007072238823881971,282.57000732421875,0.008394084836808258,154.87168884277344,67.52903225806452,1260.7019782608697,2.209,98.04480645161291,-0.98,3.1014285714285714,16.95
2021-12-30,174.21493530273438,59773000,-0.034792399287050024,-0.03372630251328024,-0.019191931577817956,-0.018897555036851754,0.08,282.43345161290324,3.9935483870967743,17.33,115.283,1.52,67.41935483870968,76.83,84.44908142089844,448.02801513671875,-0.006595437840630214,-0.002764697487372847,67.38709677419355,40.38709677419355,53.32258064516129,-0.004215970471968644,161.88194274902344,0.002178241875657516,570.530029296875,-0.008845325859876518,188.25,-0.0030435497287362168,281.7099914550781,-0.018635973520718108,151.98550415039062,67.41935483870968,1261.3516521739132,2.213,98.01437096774194,-1.06,3.11,17.33
2021-12-31,173.5990447998047,64062300,-0.03041086361441747,-0.025342210551879907,-0.016669703498826238,-0.017108220304725696,0.08,282.4882258064516,3.996774193548387,17.22,115.314775,1.52,67.30967741935484,75.33,84.03826141357422,446.89892578125,-0.0048647066422981,-0.002520131146540483,67.19354838709677,40.193548387096776,53.16129032258065,0.005664290874952016,162.79888916015625,-0.006082119362862848,567.0599975585938,-0.010092929064990042,186.35000610351562,-0.0018458309234473669,281.19000244140625,-0.003924191924881026,151.3890838623047,67.30967741935484,1262.0013260869566,2.161,97.98393548387098,-1.04,3.1257142857142854,17.22
2022-01-03,177.93971252441406,104487900,-0.05395312095221039,-0.06708407019808926,-0.0338991945860625,-0.01836511509668126,0.08,282.66925806451616,3.9935483870967743,16.6,115.4101,1.63,66.91612903225807,75.99,84.83577728271484,449.4864501953125,0.009489913947836603,0.0057899544277022486,66.48387096774194,39.67741935483871,52.74193548387097,0.007851112943177974,164.07704162597656,-0.004743770417570792,564.3699951171875,-0.01711833827166198,183.16000366210938,0.008997470597568835,283.7200012207031,0.016331508496502778,153.8614959716797,66.91612903225807,1263.3073111111112,2.195,97.99019677419355,-0.97,3.172857142857143,16.6
2022-01-04,175.68138122558594,99310400,-0.025709311409998103,-0.07495829879041527,-0.037840769777621075,-0.02457950285122923,0.08,282.7323870967742,3.990322580645161,16.91,115.3103,1.66,66.7741935483871,77.0,83.93675231933594,449.3358459472656,-0.010597238478559645,-0.00033505848281178974,66.2258064516129,39.516129032258064,52.61290322580645,-0.009031751556990875,162.5951385498047,-0.0183744621558668,554.0,-0.02653418056988699,178.3000030517578,-0.01949104312527883,278.19000244140625,-0.009816663256794533,152.35108947753906,66.7741935483871,1263.6354666666666,2.247,98.00854516129033,-0.91,3.1885714285714286,16.91
2022-01-05,171.00828552246094,94537600,0.0034872228109807946,-0.05951308618683404,-0.013208206617906892,-0.016413557035973025,0.08,282.79551612903225,3.9870967741935486,19.73,115.137,1.71,66.63225806451614,77.83,81.355712890625,440.70770263671875,-0.030749812893539397,-0.01920199198075878,65.96774193548387,39.354838709677416,52.483870967741936,-0.01543736366037951,160.08509826660156,-0.07142600600039484,514.4299926757812,-0.03185646571706169,172.6199951171875,-0.049857992722469824,264.32000732421875,-0.02917377478108274,147.90643310546875,66.63225806451614,1263.9636222222223,2.263,98.02689354838711,-0.82,3.2042857142857146,19.73
2022-01-06,168.15357971191406,96904000,0.0011045258791810841,-0.05575587110585889,-0.0007051651829704797,0.0020889077997656713,0.08,282.8586451612903,3.9838709677419355,19.61,115.4046,1.73,66.49032258064517,79.47,80.94488525390625,440.2936706542969,-0.005049769980764229,-0.0009394707193560725,65.70967741935483,39.193548387096776,52.354838709677416,0.0031821492341728153,160.59451293945312,-0.0006026039752878853,514.1199951171875,0.002896535825183788,173.1199951171875,-0.0007945746324024006,264.1099853515625,0.016911450052180976,150.40774536132812,66.49032258064517,1264.291777777778,2.315,98.04524193548387,-0.73,3.22,19.61
2022-01-07,168.3197479248047,86709100,0.005227629799393618,-0.06127638619987685,0.016743989644459445,-0.010822406629750758,0.08,282.9217741935484,3.9806451612903224,18.76,115.0451,1.76,66.34838709677419,79.0,80.20053100585938,438.552978515625,-0.009195815717225386,-0.003953479812882854,65.45161290322581,39.03225806451613,52.225806451612904,-0.026241643247204016,156.3802490234375,-0.006652110290666147,510.70001220703125,-0.04101196306019117,166.02000427246094,-0.006777396261489543,262.32000732421875,-0.03537158209059399,145.08758544921875,66.34838709677419,1264.6199333333334,2.329,98.06359032258065,-0.72,3.252857142857143,18.76
2022-01-10,168.3393096923828,106765600,-0.013879808217427292,-0.07207147023486071,0.02505736572251349,-0.03617410173866975,0.08,283.11116129032257,3.9709677419354836,19.4,115.2216,1.78,65.92258064516129,78.11,80.21504211425781,438.00726318359375,0.00018093531571983235,-0.00124435440816828,64.6774193548387,38.54838709677419,51.83870967741935,0.009239758732369152,157.82516479492188,0.0296260123774561,525.8300170898438,-0.0008432681968775224,165.8800048828125,0.00026687756276344565,262.3900146484375,-0.008089743239178548,143.9138641357422,65.92258064516129,1265.6044000000002,2.351,98.11863548387097,-0.7,3.3514285714285714,19.4
2022-01-11,171.16473388671875,76138300,-0.05054855594657326,-0.08790293909882563,-0.01565435715704422,-0.04116077340914848,0.08,283.17429032258065,3.967741935483871,18.41,114.8332,1.75,65.78064516129032,81.17,81.17687225341797,441.99676513671875,0.011990645567325542,0.009108300908363676,64.41935483870968,38.38709677419355,51.70967741935484,0.018955394011348492,160.81680297851562,0.007721121705952516,529.8900146484375,0.020195266132848166,169.22999572753906,0.031403596838146974,270.6300048828125,0.01911893700487277,146.66534423828125,65.78064516129032,1265.9325555555556,2.429,98.13698387096774,-0.79,3.3842857142857143,18.41
2022-01-12,171.60462951660156,74805200,-0.06278137635010184,-0.09291845010808464,-0.03802839356405907,-0.027988808033517887,0.08,283.2374193548387,3.964516129032258,17.62,114.355,1.74,65.63870967741936,82.51,81.5587387084961,443.1916809082031,0.004704128706585431,0.0027034491329698263,64.16129032258064,38.225806451612904,51.58064516129032,0.00069103326694675,160.9279327392578,0.0046801796602931045,532.3699951171875,0.005613643988809702,170.17999267578125,-0.003805929722178747,269.6000061035156,0.04657277571666674,153.49595642089844,65.63870967741936,1266.260711111111,2.444,98.15533225806452,-0.74,3.4171428571428573,17.62
2022-01-13,168.3393096923828,84505800,-0.056797662496935186,-0.01080184204813417,-0.017973248515606666,-0.03884888760578609,0.08,283.3005483870968,3.9612903225806453,20.31,114.177,1.7,65.49677419354839,81.97,79.44652557373047,437.08514404296875,-0.02589806032085673,-0.01377854578118587,63.903225806451616,38.064516129032256,51.45161290322581,-0.02284874906758816,157.2509307861328,-0.02905868257980937,516.9000244140625,-0.041250377928068294,163.16000366210938,-0.03497771684827233,260.1700134277344,-0.014854300571866763,151.21588134765625,65.49677419354839,1266.5888666666667,2.444,98.1736806451613,-0.73,3.45,20.31
2022-01-14,169.1996612548828,80440800,-0.06615816560129983,0.009880356244739597,-0.0003459387235744682,-0.04500882838147657,0.08,283.3636774193548,3.958064516129032,19.19,114.3825,1.78,65.35483870967742,83.82,80.1183853149414,437.2638854980469,0.008456754230081742,0.00040893967116972796,63.645161290322584,37.903225806451616,51.32258064516129,0.013075710218437564,159.30709838867188,0.007157962849912991,520.5999755859375,-0.008641846227396388,161.75,-0.004112723484622327,259.1000061035156,0.062476059738746814,160.6632537841797,65.35483870967742,1266.9170222222224,2.486,98.19202903225806,-0.66,3.4657142857142857,19.19
2022-01-18,166.00279235839844,90956700,-0.05901071948668091,0.02832728154814168,0.017490138713847303,-0.01287829325777845,0.08,283.6161935483871,3.945161290322581,22.79,114.7373,1.87,64.78709677419354,85.42,78.19467163085938,429.5201416015625,-0.02401088934231521,-0.017709543717895238,62.61290322580645,37.25806451612903,50.806451612903224,-0.0319768015440095,154.2129669189453,-0.01394534973286854,513.3400268554688,-0.05081917292552163,153.52999877929688,-0.027286789493143226,252.02999877929688,-0.08766455505233195,146.5787811279297,64.78709677419354,1268.2296444444446,2.558,98.26542258064516,-0.59,3.5285714285714285,22.79
2022-01-19,162.51260375976562,94815000,-0.039343121110836266,0.057811490357287054,0.01723621195997227,0.0072977362595636475,0.08,283.6793225806452,3.9419354838709677,23.85,114.6109,1.83,64.64516129032258,86.84,77.1023178100586,425.06024169921875,-0.01396967079748801,-0.010383447643954491,62.354838709677416,37.096774193548384,50.67741935483871,-0.020660661884860043,151.02682495117188,0.006311586988885232,516.5800170898438,-0.002344822596325735,153.1699981689453,0.009205282448342178,254.35000610351562,-0.06097393273730778,137.64129638671875,64.64516129032258,1268.5578,2.54,98.28377096774194,-0.57,3.5442857142857145,23.85
2022-01-20,160.8310546875,91420500,-0.032155863101201665,0.05100014952243903,0.018255209756453006,0.012899251477008544,0.08,283.7424516129032,3.9387096774193546,25.59,114.4642,1.83,64.50322580645161,86.29,76.10665130615234,420.3555908203125,-0.01291357422430639,-0.011068197910251376,62.096774193548384,36.935483870967744,50.54838709677419,-0.02716784333805433,146.9237518310547,-0.011092204105393355,510.8500061035156,-0.018672067928061198,150.30999755859375,-0.007627294652458927,252.41000366210938,-0.027399489604743033,133.8699951171875,64.50322580645161,1268.8859555555555,2.484,98.30211935483871,-0.5,3.56,25.59
2022-01-21,158.7780303955078,122848900,0.048765592089779375,0.06280177637649142,0.013049607440246414,-0.002548128295737029,0.08,283.8055806451613,3.935483870967742,28.85,114.6125,1.75,64.36129032258064,85.16,74.59378814697266,412.1037292480469,-0.01987819899070231,-0.019630669253529742,61.83870967741935,36.774193548387096,50.41935483870968,0.005610670909495852,147.7480926513672,-0.02141529276832277,499.9100036621094,-0.013372327453151645,148.3000030517578,-0.052375108073767884,239.19000244140625,-0.02939257547669616,129.93521118164062,64.36129032258064,1269.2141111111112,2.519,98.32046774193549,-0.59,3.5585714285714287,28.85
2022-01-24,158.00572204589844,162294600,0.08142548239445757,0.0634741671779302,-0.008328679410255613,0.009080099271245423,0.08,283.9949677419355,3.925806451612903,29.9,115.2034,1.75,63.935483870967744,84.48,74.98048400878906,413.8538513183594,0.005184022308325487,0.004246799885810004,61.064516129032256,36.29032258064516,50.03225806451613,0.012035957710249567,149.52638244628906,0.0395070499444754,519.6599731445312,0.022656780453193193,151.66000366210938,0.02575360006369154,245.35000610351562,0.03131936669346502,134.00469970703125,63.935483870967744,1270.1985777777777,2.467,98.37551290322581,-0.63,3.5542857142857143,29.9
2022-01-25,156.20684814453125,115798400,0.09281508604134037,0.09558635920154512,0.019823248061085597,-0.017400215606419467,0.08,284.05809677419353,3.92258064516129,31.16,115.1654,1.78,63.79354838709677,86.61,73.24526977539062,408.8011169433594,-0.02314221168797792,-0.01220898237120227,60.806451612903224,36.12903225806452,49.903225806451616,-0.03512147373690999,144.27479553222656,-0.03259818496568456,502.7200012207031,-0.06112359256639621,142.38999938964844,-0.0471571511570994,233.77999877929688,-0.04522905144217826,127.94379425048828,63.79354838709677,1270.5267333333334,2.459,98.39386129032258,-0.63,3.552857142857143,31.16
2022-01-26,156.1188507080078,108275300,0.10113351978540575,0.1052954115295015,0.033627932820565754,-0.01828869055618465,0.08,284.1212258064516,3.9193548387096775,31.96,115.0922,1.85,63.651612903225804,88.33,73.67544555664062,407.7754821777344,0.005873086174290165,-0.0025088844504480567,60.54838709677419,35.96774193548387,49.774193548387096,0.025679010465465835,147.97962951660156,-0.003799338911265715,500.80999755859375,-0.006320625748593156,141.49000549316406,-0.0021387629506834926,233.27999877929688,0.019474772849773503,130.4354705810547,63.651612903225804,1270.854888888889,2.564,98.41220967741936,-0.53,3.551428571428571,31.96
2022-01-27,155.65939331054688,121954600,0.08591880598676993,0.08239699787105437,0.038376504000374956,0.02906974350508862,0.08,284.1843548387097,3.9161290322580644,30.49,115.978,1.81,63.50967741935484,87.61,73.1679458618164,405.761962890625,-0.006888315245193288,-0.0049378135153103075,60.29032258064516,35.806451612903224,49.645161290322584,-0.03242175984247464,143.18186950683594,-0.015494917840008005,493.04998779296875,-0.017739837926193824,138.97999572753906,-0.01980450592148031,228.66000366210938,-0.04005027246026338,125.21149444580078,63.50967741935484,1271.1830444444445,2.653,98.43055806451613,-0.59,3.55,30.49
2022-01-28,166.52093505859375,179935700,0.013383528590734217,-0.008660496232240189,-0.04063908053391896,-0.07326450117454997,0.08,284.24748387096776,3.9129032258064513,27.66,116.0393,1.78,63.36774193548387,87.67,76.36766052246094,415.8392333984375,0.0437310986792967,0.024835424286748342,60.03225806451613,35.645161290322584,49.516129032258064,0.02613377194408062,146.9237518310547,0.05092786933017046,518.1599731445312,0.04633762152383025,145.4199981689453,0.04758151600531235,239.5399932861328,0.017672186847436766,127.42425537109375,63.36774193548387,1271.5112,2.593,98.4489064516129,-0.66,3.55,27.66
2022-01-31,170.8714141845703,115541600,-0.016599678395574857,-0.03252567883725188,-0.045816262553659115,-0.09508378512352267,0.08,284.4368709677419,3.903225806451613,24.83,115.566,1.79,62.941935483870964,89.16,78.28650665283203,423.32891845703125,0.025126422850242136,0.018011011124141607,59.25806451612903,35.16129032258065,49.12903225806452,0.03366340232604381,151.8697052001953,0.031148709828915155,534.2999877929688,0.04621098408278068,152.13999938964844,0.04279034936665571,249.7899932861328,0.043261449457518086,132.9368133544922,62.941935483870964,1272.4956666666667,2.58,98.50395161290322,-0.65,3.55,24.83
2022-02-01,170.7052001953125,86213900,0.002535903096143821,-0.009162413643426848,-0.04677985894050196,-0.08548657160203288,0.08,284.5,3.9,21.96,115.3685,1.81,62.8,88.22,78.4895248413086,426.1893005371094,0.002593271780242601,0.006756878529593058,59.0,35.0,49.0,0.008537985737470555,153.16636657714844,0.003144287318292527,535.97998046875,-0.003483625485888764,151.61000061035156,-8.002327638867435e-05,249.77000427246094,0.003112091657773819,133.35052490234375,62.8,1272.8238222222221,2.578,98.5223,-0.62,3.55,21.96
2022-02-02,171.90769958496094,84914300,0.0037796431307501877,-0.017459923950903122,-0.07087181478168703,-0.05464319066427614,0.08428571428571428,284.6133571428571,3.892857142857143,22.09,115.1538,1.78,62.67857142857142,88.16,79.12751007080078,430.3293151855469,0.008128285026340443,0.009714027647385715,59.0,34.92857142857143,48.892857142857146,0.021406744889449714,156.44515991210938,-0.0053919058893837635,533.0900268554688,0.010025752037080116,153.1300048828125,-0.007086536582391778,248.0,0.01551092426589884,135.41891479492188,62.67857142857142,1273.1519777777778,2.595,98.53830357142857,-0.63,3.55,22.09
2022-02-03,169.03346252441406,89418100,-0.0032431597061396422,-0.022006039659400956,-0.07748440864985817,-0.09213581389118053,0.08857142857142858,284.7267142857143,3.8857142857142857,24.35,114.9065,1.82,62.55714285714286,90.17,76.8316421508789,420.2144775390625,-0.029014787876777692,-0.023504877054734474,59.0,34.857142857142854,48.785714285714285,-0.04079114075290724,150.06358337402344,-0.04175662488849796,510.8299865722656,-0.04381901978650249,146.4199981689453,-0.041290344730500306,237.75999450683594,-0.030193308840050004,131.33016967773438,62.55714285714286,1273.4801333333335,2.652,98.55430714285714,-0.56,3.55,24.35
2022-02-04,168.74957275390625,82465400,-0.021752894339648554,-0.02952608025266268,-0.08672195350610334,-0.08630962607327208,0.09285714285714286,284.84007142857143,3.8785714285714286,23.22,115.1362,1.93,62.43571428571428,92.27,77.14100646972656,422.1904296875,0.004026522278934852,0.004702246719364478,59.0,34.785714285714285,48.67857142857143,-0.0061101825835341295,149.14666748046875,0.00530507512541023,513.5399780273438,0.00744431328726658,147.50999450683594,0.014636654890350265,241.24000549316406,-0.006885907440744354,130.42584228515625,62.43571428571428,1273.808288888889,2.681,98.57031071428571,-0.48,3.57,23.22
2022-02-07,168.03500366210938,77251200,-0.016194829401411592,-0.04275884276024122,-0.05073979722024613,-0.11287771484031284,0.10571428571428572,285.18014285714287,3.857142857142857,22.86,115.0098,1.92,62.07142857142857,91.25,76.62864685058594,420.83551025390625,-0.006641858106190224,-0.003209261362453586,59.0,34.57142857142857,48.357142857142854,-0.0013042131363358855,148.9521484375,-0.012540351675376704,507.1000061035156,-0.0053555237987362725,146.72000122070312,-0.0031504300626726822,240.47999572753906,0.004130755951269549,130.964599609375,62.07142857142857,1274.7927555555557,2.732,98.61832142857143,-0.48,3.63,22.86
2022-02-08,171.13809204101562,74829200,-0.011668725981226702,-0.08442509102859863,-0.0932907834780976,-0.1149290111563196,0.11,285.2935,3.85,21.44,115.0892,1.96,61.949999999999996,89.32,77.57598876953125,424.298095703125,0.012362764551910876,0.008227883258068225,59.0,34.5,48.25,0.014363952775574118,151.09169006347656,0.008302093086977269,511.30999755859375,0.011245868884654397,148.3699951171875,0.002578220172122059,241.10000610351562,0.019246417526205706,133.48519897460938,61.949999999999996,1275.1209111111111,2.684,98.634325,-0.46,3.65,21.44
2022-02-09,172.5574493408203,71285000,-0.021159591377454157,-0.07680963150134079,-0.12224870619809036,-0.16771483964814782,0.1142857142857143,285.4068571428571,3.842857142857143,19.96,114.8232,1.94,61.82857142857143,89.57,79.29670715332031,430.5081787109375,0.022181069311292934,0.01463613216910975,59.0,34.42857142857143,48.142857142857146,0.031140750630305414,155.7967987060547,0.0204181465084885,521.75,0.04064163225545836,154.39999389648438,0.04247196173847656,251.33999633789062,0.03927922062037337,138.7283935546875,61.82857142857143,1275.4490666666666,2.707,98.65032857142857,-0.48,3.67,19.96
2022-02-10,168.48526000976562,90865900,-0.01882392896117946,-0.042237849635704205,-0.12491267314806853,-0.17052359885345303,0.11857142857142858,285.5202142857143,3.835714285714286,23.91,114.5527,2.03,61.707142857142856,89.83,77.22318267822266,422.7737731933594,-0.026148935429165965,-0.017965757446785635,59.0,34.357142857142854,48.035714285714285,-0.038880252184583464,149.7393798828125,-0.051231453735176125,495.0199890136719,-0.03581605568588553,148.8699951171875,-0.05100657377345963,238.52000427246094,-0.0307213037292019,134.4664764404297,61.707142857142856,1275.7772222222222,2.687,98.66633214285714,-0.42,3.69,23.91
2022-02-11,165.0787811279297,98670700,-0.007946035176630506,-0.020873212558035426,-0.08034872894402356,-0.12638683571252218,0.12285714285714286,285.63357142857143,3.8285714285714287,27.36,114.8413,1.92,61.58571428571428,93.1,74.86446380615234,414.43719482421875,-0.030544181038208884,-0.019718768991206614,59.0,34.285714285714285,47.92857142857143,-0.04806059519102612,142.54281616210938,-0.04252351068673188,473.9700012207031,-0.04278897915038671,142.5,-0.047752805574486135,227.1300048828125,-0.05208544328755127,127.46273040771484,61.58571428571428,1276.105377777778,2.8,98.68233571428571,-0.51,3.722857142857143,27.36
2022-02-14,165.31370544433594,86185500,-0.027001294720444435,-0.03363319490799288,-0.05500969678878498,-0.13693844719756754,0.13571428571428573,285.97364285714286,3.8071428571428574,28.33,115.1946,1.98,61.22142857142857,95.52,74.84028625488281,413.082275390625,-0.00032295097086565416,-0.003269299789002811,59.0,34.07142857142857,47.607142857142854,0.0005198205120575672,142.61691284179688,8.441155520144683e-05,474.010009765625,-0.0029473555715460176,142.0800018310547,-0.0010126842838170669,226.89999389648438,-0.004755310638575483,126.85660552978516,61.22142857142857,1277.0898444444445,2.789,98.73034642857142,-0.5,3.821428571428571,28.33
2022-02-15,169.14112854003906,62527400,-0.07361536254087009,-0.036055121443868354,-0.07043254508209551,-0.13502368506589135,0.14,286.087,3.8000000000000003,25.7,114.93,2.05,61.1,92.07,76.80748748779297,419.7439880371094,0.026285324807690857,0.016126842141035436,59.0,34.0,47.5,0.052344385763205326,150.0821075439453,0.011582013293536919,479.5,0.028082808570825568,146.07000732421875,0.02855888567932019,233.3800048828125,0.06051878745072359,134.5338134765625,61.1,1277.4180000000001,2.685,98.74635,-0.43,3.854285714285714,25.7
2022-02-16,168.9062042236328,61177400,-0.05685302694256267,-0.036627246715438155,-0.049666843941566285,-0.18268959839601595,0.1442857142857143,286.2003571428571,3.7928571428571427,24.29,114.6886,2.03,60.97857142857143,93.83,76.73013305664062,420.2144775390625,-0.001007120968052,0.0011208963448250397,59.0,33.92857142857143,47.392857142857146,0.038879271508790225,155.9171905517578,-0.003753884865419721,477.70001220703125,-0.0015061354807411886,145.85000610351562,0.0015425512161264532,233.74000549316406,0.008009247791264107,135.611328125,60.97857142857143,1277.7461555555556,2.61,98.76235357142858,-0.43,3.887142857142857,24.29
2022-02-17,165.31370544433594,69589300,-0.02386311831854515,-0.033810968599867874,-0.02072475731260448,-0.18550573984730845,0.14857142857142858,286.3137142857143,3.7857142857142856,28.11,114.6755,1.97,60.857142857142854,91.78,74.43429565429688,411.2380676269531,-0.029920936024560363,-0.021361496073811326,59.0,33.857142857142854,47.285714285714285,-0.04698836555088182,148.5908966064453,-0.04184638945181696,457.7099914550781,-0.05231405254379751,138.22000122070312,-0.044279994268325296,223.38999938964844,-0.03185298687223659,131.2917022705078,60.857142857142854,1278.074311111111,2.584,98.77835714285715,-0.46,3.92,28.11
2022-02-18,163.76705932617188,82772700,-0.013030719940428481,-0.04781825307068033,0.009085557530217558,-0.17637686093577365,0.15285714285714286,286.4270714285714,3.7785714285714285,27.75,114.7982,1.92,60.73571428571428,91.26,73.6802978515625,408.5752868652344,-0.010129709646696239,-0.00647503470941857,59.0,33.785714285714285,47.17857142857143,-0.0004363295209011131,148.52606201171875,-0.033099548140345214,442.55999755859375,-0.023657967324421825,134.9499969482422,-0.029320932314131687,216.83999633789062,-0.02286220210212697,128.2900848388672,60.73571428571428,1278.4024666666667,2.599,98.79436071428572,-0.49,3.9157142857142855,27.75
2022-02-22,160.8500213623047,91162800,-0.00681593937542091,-0.041869694227568144,0.035844536628535595,-0.12779767749593107,0.17,286.8805,3.75,28.81,114.7002,1.94,60.25,92.11,72.998779296875,404.1905822753906,-0.009249671548023586,-0.010731693107248641,59.0,33.5,46.75,0.0032428226415901484,149.00770568847656,-0.009399863713526413,438.3999938964844,0.0019267119044450443,135.2100067138672,-0.0054879287101256,215.64999389648438,-0.021410817973554708,125.54328918457031,60.25,1279.7150888888889,2.627,98.858375,-0.51,3.8985714285714286,28.81
2022-02-23,156.6897430419922,90009200,0.040544974061768935,0.017992234550048947,0.08746185905117221,-0.12184507293389824,0.1742857142857143,286.9938571428571,3.742857142857143,31.02,114.6668,1.99,60.128571428571426,92.14,71.1717529296875,397.0208435058594,-0.025028176974812966,-0.017738510207658043,59.0,33.42857142857143,46.642857142857146,-0.027287345721395684,144.94168090820312,-0.02041510450286732,429.45001220703125,0.04193475251387446,140.8800048828125,-0.030744214290151728,209.02000427246094,-0.018424620530518854,123.2302017211914,60.128571428571426,1280.0432444444446,2.671,98.87437857142857,-0.54,3.8942857142857146,31.02
2022-02-24,159.30337524414062,141147500,0.021444992991450418,-0.025930962769918242,0.07361438667385167,-0.1352683583863995,0.17857142857142858,287.1072142857143,3.7357142857142858,30.32,115.9419,1.96,60.00714285714285,92.77,73.60293579101562,402.99560546875,0.034159378703654486,0.015048988134050978,59.0,33.357142857142854,46.535714285714285,0.026070603137332338,148.72039794921875,0.08003258619216957,463.82000732421875,0.05792155111087616,149.0399932861328,0.04382350117733291,218.17999267578125,0.0434851249957513,128.58888244628906,60.00714285714285,1280.3714,2.721,98.89038214285713,-0.59,3.89,30.32
2022-02-25,161.36880493164062,91974200,-0.010191040281345543,-0.061389067867080316,0.06521093254897714,-0.12653172919283173,0.18285714285714286,287.2205714285714,3.7285714285714286,27.59,115.2577,1.97,59.885714285714286,91.68,74.60346984863281,411.8873596191406,0.013593670508715183,0.02206414667983303,59.0,33.285714285714285,46.42857142857143,0.01458189265113563,150.88902282714844,0.0037083377032953724,465.5400085449219,0.026100372818591566,152.92999267578125,0.006600066411891925,219.6199951171875,0.017238582537665748,130.80557250976562,59.885714285714286,1280.6995555555554,2.692,98.90638571428572,-0.57,3.8714285714285714,27.59
2022-02-28,161.633056640625,95056600,-0.03524682463080531,-0.08781459151815052,0.08381809730095502,-0.09241829154639614,0.19571428571428573,287.56064285714285,3.7071428571428573,30.15,115.2224,1.83,59.52142857142857,96.13,74.4681396484375,410.83355712890625,-0.0018139933768481775,-0.002558472518333188,59.0,33.07142857142857,46.107142857142854,-0.011288179200767634,149.18576049804688,0.004596778132019308,467.67999267578125,-0.009808409545798313,151.42999267578125,0.002777527656468992,220.22999572753906,-0.011199567359434393,129.34060668945312,59.52142857142857,1281.6840222222222,2.856,98.95439642857143,-0.79,3.815714285714286,30.15
2022-03-01,159.75367736816406,83474400,-0.035294318789311996,-0.049693794911504385,0.08927671375180202,-0.08665054318605925,0.2,287.674,3.7,33.32,115.7962,1.72,59.4,103.66,72.97944641113281,404.57635498046875,-0.01999100883052507,-0.015230504032255121,59.0,33.0,46.0,-0.020837087878762484,146.07716369628906,-0.0021382141970166524,466.67999267578125,-0.005943300138773089,150.52999877929688,-0.02828858851383076,214.0,-0.03420257923526149,124.91682434082031,59.4,1282.0121777777777,3.04,98.9704,-0.9,3.797142857142857,33.32
2022-03-02,163.042724609375,79724800,-0.021673969000768123,-0.041847166090416166,0.04833073284388223,-0.10585692241806588,0.20419354838709677,287.70261290322577,3.7,30.74,115.7623,1.86,59.58709677419355,110.74,74.5599594116211,412.0190124511719,0.02165696066786249,0.018396175107817214,58.96774193548387,32.903225806451616,45.774193548387096,0.01828614608129908,148.74835205078125,0.009642581791858174,471.17999267578125,0.0460373878347724,157.4600067138672,0.011728946293625864,216.50999450683594,0.027544206966818363,128.35755920410156,59.58709677419355,1282.3403333333333,3.383,98.9687870967742,-0.85,3.7785714285714285,30.74
2022-03-03,162.71963500976562,76678400,-0.046381308916715436,-0.033748518613195055,0.048607773035131085,-0.08901993005622466,0.20838709677419356,287.7312258064516,3.7,30.48,115.9495,1.86,59.774193548387096,107.69,73.67060852050781,409.9678649902344,-0.011927995912705214,-0.004978283523216276,58.935483870967744,32.806451612903224,45.54838709677419,-0.003378923167888903,148.24574279785156,-0.025680220492387607,459.0799865722656,-0.02235490996045375,153.94000244140625,-0.030067870638786576,210.0,-0.019071768670647193,125.90955352783203,59.774193548387096,1282.668488888889,3.317,98.96717419354839,-0.83,3.76,30.48
2022-03-04,159.7242889404297,83737200,-0.051725160782831625,0.004964036481397871,0.09358338911609065,-0.1077184070488898,0.21258064516129033,287.7598387096774,3.7,31.98,116.6503,1.74,59.961290322580645,115.77,72.38011169433594,406.63702392578125,-0.017517119134595416,-0.008124639389803123,58.903225806451616,32.70967741935484,45.32258064516129,-0.015256036452518384,145.98410034179688,-0.0151389341568674,452.1300048828125,0.004872027985613814,154.69000244140625,-0.011142839704241125,207.66000366210938,-0.037507899217467666,121.18695068359375,59.961290322580645,1282.9966444444444,3.588,98.96556129032258,-0.93,3.7728571428571427,31.98
2022-03-07,155.93600463867188,96418800,-0.05448830667722693,0.03816703136439625,0.09893299249213894,-0.0812634021767572,0.22516129032258064,287.84567741935484,3.7,36.45,117.3278,1.78,60.52258064516129,119.26,69.73139953613281,394.6496887207031,-0.0365944745897705,-0.029479202580594444,58.806451612903224,32.41935483870968,44.645161290322584,-0.06738973331212206,136.14627075195312,-0.03131843387783895,437.9700012207031,-0.027732939926398026,150.39999389648438,-0.04126941718715993,199.08999633789062,-0.05185285820842522,114.90306091308594,60.52258064516129,1283.9811111111112,3.712,98.96072258064515,-0.99,3.8114285714285714,36.45
2022-03-08,154.1152801513672,131148300,-0.014926289336371856,0.0722815687252174,0.0914000941970965,-0.05406184632447664,0.22935483870967743,287.87429032258063,3.7,35.13,117.6176,1.86,60.70967741935484,123.64,69.39307403564453,391.6575012207031,-0.004851838665778874,-0.007581882326322065,58.774193548387096,32.32258064516129,44.41935483870968,0.01531345201929235,138.23114013671875,-0.014704209017642245,431.5299987792969,-0.030585046751348877,145.8000030517578,-0.015771758739295483,195.9499969482422,0.04135207595673318,119.654541015625,60.70967741935484,1284.3092666666666,4.1,98.95910967741935,-1.04,3.8242857142857143,35.13
2022-03-09,159.50894165039062,91454900,-0.020620116863336202,0.044553453372615515,0.05639743636102401,-0.0906575719815742,0.2335483870967742,287.9029032258064,3.7,32.45,116.5961,1.94,60.89677419354839,108.81,72.13844299316406,402.1582336425781,0.03956257876844216,0.02681100805971215,58.74193548387097,32.225806451612904,44.193548387096776,0.034338891344365186,142.97784423828125,0.044817269697585704,450.8699951171875,0.034910810914617896,150.88999938964844,0.045572891419483286,204.8800048828125,0.03600465716530121,123.96266174316406,60.89677419354839,1284.637422222222,3.198,98.95749677419354,-0.9,3.837142857142857,32.45
2022-03-10,155.1724853515625,105342000,0.013247213400536362,0.09809492885704785,0.07298741005354903,-0.09885446355452798,0.237741935483871,287.9315161290322,3.7,30.23,116.7401,1.98,61.08387096774194,105.93,70.87689971923828,400.3421630859375,-0.017487808463586108,-0.00451581095379161,58.70967741935484,32.12903225806452,43.96774193548387,-0.01991922047308292,140.1298370361328,-0.02643773823773321,438.95001220703125,-0.009477054023232734,149.4600067138672,-0.024843867021533295,199.7899932861328,-0.028378079464875583,120.44483947753906,61.08387096774194,1284.9655777777778,3.117,98.95588387096774,-0.88,3.85,30.23
2022-03-11,151.4625244140625,96970100,0.05978139977965502,0.12919282290750744,0.07122066666075644,-0.11244439993842592,0.24193548387096775,287.96012903225807,3.7,30.75,117.0192,2.0,61.270967741935486,109.31,69.62989044189453,395.2518615722656,-0.017594015571836152,-0.012714877379975564,58.67741935483871,32.03225806451613,43.74193548387097,-0.019660155349527697,137.37486267089844,-0.051418172221336156,416.3800048828125,-0.030442946924715053,144.91000366210938,-0.03743929115021516,192.30999755859375,-0.01064246371654154,119.16300964355469,61.270967741935486,1285.2937333333334,3.246,98.95427096774193,-0.94,3.8942857142857146,30.75
2022-03-14,147.43931579589844,108732100,0.09799491502427449,0.1658478897412834,0.11313227529326264,-0.1231324998708937,0.25451612903225806,288.04596774193544,3.7,31.77,117.1506,2.14,61.83225806451613,103.22,68.33938598632812,392.3632507324219,-0.018533771163166235,-0.007308278899315512,58.58064516129032,31.741935483870968,43.064516129032256,-0.013346552632072961,135.5413818359375,-0.01172007499300054,411.5,-0.03967980025317941,139.16000366210938,-0.018771778150803886,188.6999969482422,-0.028389005293190994,115.78009033203125,61.83225806451613,1286.2782,3.07,98.94943225806452,-0.79,4.027142857142858,31.77
2022-03-15,151.81491088867188,92964300,0.08852927158399027,0.15391058021726467,0.09871698047971411,-0.14272320722315102,0.25870967741935486,288.0745806451613,3.7,29.83,117.246,2.15,62.01935483870968,96.42,70.63524627685547,400.99151611328125,0.03359497978203452,0.021990503353086943,58.54838709677419,31.64516129032258,42.83870967741935,0.03632464392018764,140.46487426757812,0.02469016685810299,421.6600036621094,0.02400112280824862,142.5,0.019766803327305515,192.42999267578125,0.03562815079646642,119.90512084960938,62.01935483870968,1286.6063555555556,2.826,98.94781935483871,-0.69,4.071428571428571,29.83
2022-03-16,156.2198486328125,102300200,0.0665457514067167,0.11391709962781871,0.03571675549891262,-0.15014108191190023,0.26290322580645165,288.1031935483871,3.7,26.67,116.8073,2.19,62.20645161290323,94.85,72.93110656738281,409.8831481933594,0.032503040784040094,0.022174115218852153,58.516129032258064,31.548387096774192,42.61290322580645,0.05068912018524574,147.5849151611328,0.049091641392767116,442.3599853515625,0.05621048776726978,150.50999450683594,0.06272414791677039,204.5,0.048790280401043384,125.75532531738281,62.20645161290323,1286.934511111111,2.954,98.94620645161291,-0.61,4.115714285714286,26.67
2022-03-17,157.22808837890625,75615400,0.08373841480575694,0.08710028047088048,0.027705573509573922,-0.18907269921681658,0.2670967741935484,288.1318064516129,3.7,25.67,116.0467,2.2,62.39354838709677,102.97,73.44828033447266,415.0111999511719,0.007091264501958738,0.012511009004433138,58.483870967741936,31.451612903225808,42.38709677419355,0.008892048024606858,148.89724731445312,0.00452120459858163,444.3599853515625,0.018669941664606116,153.32000732421875,0.034963295337332,211.64999389648438,0.011572588536966855,127.21063995361328,62.39354838709677,1287.2626666666665,3.29,98.94459354838709,-0.71,4.16,25.67
2022-03-18,160.5171661376953,123511700,0.06549598166403392,0.06299580413916694,0.02085629630559116,-0.19652834556425003,0.27129032258064517,288.16041935483867,3.7,23.87,116.1378,2.14,62.58064516129032,104.69,74.95147705078125,419.556640625,0.020466057332632737,0.01095257350732437,58.45161290322581,31.35483870967742,42.16129032258065,0.02169032386328129,152.1268768310547,0.020186338816278404,453.3299865722656,0.03619871854840473,158.8699951171875,0.007795932921597082,213.3000030517578,0.023865592827241766,130.24659729003906,62.58064516129032,1287.5908222222222,3.372,98.94298064516128,-0.72,4.1971428571428575,23.87
2022-03-21,161.8876190185547,95811400,0.06179716662486445,0.07896965983305293,0.01118651860644837,-0.17723029818557334,0.2838709677419355,288.2462580645161,3.7,23.53,115.9398,2.32,63.14193548387097,112.14,74.80912017822266,419.4339904785156,-0.0018993204425062915,-0.0002923327498801642,58.354838709677416,31.06451612903226,41.483870967741936,0.004710832839257328,152.84352111816406,0.0005735551878909284,453.5899963378906,-0.010511727955385575,157.1999969482422,-0.004313165287306964,212.3800048828125,-0.006955963683016098,129.34060668945312,63.14193548387097,1288.5752888888887,3.626,98.93814193548387,-0.58,4.308571428571429,23.53
2022-03-22,165.25497436523438,81532000,0.06006389569858217,0.03696255361190759,-0.014216331260416548,-0.1970803728480215,0.2880645161290323,288.2748709677419,3.7,22.94,116.0824,2.38,63.329032258064515,111.03,75.88410949707031,424.3420715332031,0.014369762888357007,0.01170167694107982,58.32258064516129,30.967741935483872,41.25806451612903,0.0033491891034949095,153.3554229736328,0.028351630267350325,466.45001220703125,0.019083969836130033,160.1999969482422,0.02015255052686582,216.66000366210938,0.009537937154469711,130.57424926757812,63.329032258064515,1288.9034444444444,3.588,98.93652903225806,-0.53,4.345714285714286,22.94
2022-03-23,166.61561584472656,98062700,0.044415673831733615,0.009517807929632305,-0.04946818579653445,-0.18645683188542583,0.292258064516129,288.30348387096774,3.7,23.57,116.005,2.32,63.516129032258064,114.89,74.71710205078125,418.8771667480469,-0.015378811901773926,-0.012878536331339618,58.29032258064516,30.870967741935484,41.03225806451613,-0.0341687278818813,148.11546325683594,-0.09336481331512425,422.8999938964844,-0.018164817213133566,157.2899932861328,-0.043016741284439886,207.33999633789062,-0.029967171942036908,126.66130828857422,63.516129032258064,1289.2316,3.842,98.93491612903226,-0.62,4.382857142857143,23.57
2022-03-24,170.3941192626953,90131400,0.003102100672260688,-0.0110877196627297,-0.06428443436071929,-0.18499377045601262,0.2964516129032258,288.33209677419353,3.7,21.67,115.9599,2.34,63.70322580645161,114.2,76.65887451171875,425.1914367675781,0.025988326737000245,0.015074275994922504,58.25806451612903,30.774193548387096,40.806451612903224,0.03657163284448828,153.53228759765625,0.021849186297729917,432.1400146484375,0.030707623098872094,162.1199951171875,0.027539340285132052,213.0500030517578,0.05455779935501992,133.57167053222656,63.70322580645161,1289.5597555555555,3.962,98.93330322580645,-0.58,4.42,21.67
2022-03-25,171.0303955078125,80546200,-0.0023464917445886746,-0.026499806221053634,-0.10256410942693539,-0.18802579936491892,0.3006451612903226,288.3607096774193,3.7,20.81,115.7921,2.48,63.89032258064516,116.2,76.61528778076172,427.26788330078125,-0.0005685803663915134,0.004883556802057987,58.225806451612904,30.677419354838708,40.58064516129032,0.004061264024698419,154.15582275390625,-0.001203358896706308,431.6199951171875,-0.020231920047406482,158.83999633789062,-0.004271314945197613,212.13999938964844,-0.011039950521793296,132.0970458984375,63.89032258064516,1289.887911111111,3.825,98.93169032258065,-0.47,4.4557142857142855,20.81
2022-03-28,171.89181518554688,90371900,0.016173044860135377,-0.05609358885520965,-0.10837149987634376,-0.21616217944586746,0.3132258064516129,288.44654838709675,3.7,19.63,116.1911,2.46,64.45161290322581,107.55,77.52565002441406,430.3070983886719,0.011882253138008059,0.007113137230001287,58.12903225806452,30.387096774193548,39.903225806451616,0.009840978045990711,155.67286682128906,0.042606957176403615,450.010009765625,0.02285321686290276,162.47000122070312,0.015414369198968325,215.41000366210938,0.0043777878812241156,132.6753387451172,64.45161290322581,1290.8723777777777,3.481,98.92685161290322,-0.49,4.562857142857143,19.63
2022-03-29,175.1808319091797,100589400,-0.021792405326144015,-0.0631425866007076,-0.0856055984978552,-0.22086177865697687,0.3174193548387097,288.47516129032255,3.7,18.9,115.5679,2.41,64.63870967741936,104.25,79.17205810546875,435.6302795410156,0.021236946488500275,0.012370656148311232,58.096774193548384,30.29032258064516,39.67741935483871,0.017458234649330162,158.39064025878906,0.03626580843199556,466.3299865722656,0.021542438442192946,165.97000122070312,0.035235115402515005,223.0,0.027458964686761123,136.31846618652344,64.63870967741936,1291.2005333333332,4.011,98.92523870967742,-0.45,4.598571428571429,18.9
2022-03-30,174.01596069335938,92633200,-0.03341377075859919,-0.04145792248720004,-0.1131798416563562,-0.2297863702407248,0.32161290322580643,288.50377419354834,3.7,19.33,115.0818,2.35,64.8258064516129,107.81,78.11641693115234,432.9403991699219,-0.01333350678985934,-0.006174686419703979,58.064516129032256,30.193548387096776,39.45161290322581,-0.02174178387518888,154.9469451904297,-0.01344539101969211,460.05999755859375,-0.01602701477703894,163.30999755859375,-0.008968609865470878,221.0,-0.03987567618452548,130.88267517089844,64.8258064516129,1291.5286888888888,4.0,98.92362580645161,-0.51,4.634285714285714,19.33
2022-03-31,170.92269897460938,103049300,-0.014145938210557651,-0.053376083216757575,-0.09535530223834299,-0.2031718711361512,0.3258064516129032,288.5323870967742,3.7,20.56,115.2218,2.32,65.01290322580645,100.53,76.95909881591797,426.2768859863281,-0.014815299532419335,-0.015391294497740904,58.03225806451613,30.096774193548388,39.225806451612904,-0.007808872488663465,153.7369842529297,-0.009650920455958056,455.6199951171875,0.007041878467120899,164.4600067138672,-0.030090470119838786,214.35000610351562,-0.0294549349713501,127.02753448486328,65.01290322580645,1291.8568444444445,3.835,98.9220129032258,-0.52,4.67,20.56
2022-04-01,170.6290740966797,78751300,-0.02421012333099659,-0.053009086554012375,-0.08507856177240791,-0.18669059366517604,0.33,288.561,3.7,19.63,115.4814,2.39,65.2,99.32,76.73150634765625,427.4850769042969,-0.002957317221269795,0.002834286722286583,58.0,30.0,39.0,0.0010898923476971856,153.904541015625,0.005640681602566033,458.19000244140625,0.007114180476600174,165.6300048828125,-0.006111559505858732,213.0399932861328,-0.033308121748112374,122.7964859008789,65.2,1292.185,3.625,98.9204,-0.41,4.677142857142857,19.63
2022-04-04,174.6718292236328,76468400,-0.07111646395353033,-0.06186956165095103,-0.06960318042003466,-0.19788163018103933,0.374,288.8347,3.6900000000000004,18.57,115.4112,2.42,64.52,103.29,78.18904113769531,431.1470642089844,0.018995258394058467,0.008566351207406786,58.0,30.6,39.8,-0.005200823137312738,153.10411071777344,0.023178146752657725,468.80999755859375,0.008935553244632244,167.11000061035156,0.02689640990850095,218.77000427246094,0.015932843501418326,124.75298309326172,64.52,1293.1233736263737,3.811,98.87635,-0.38,4.698571428571428,18.57
2022-04-05,171.36322021484375,73401800,-0.04227137623926358,-0.0447274644137462,-0.10447862331551871,-0.1627726736037527,0.38866666666666666,288.9259333333333,3.686666666666667,21.03,115.73,2.54,64.29333333333334,101.98,76.54265594482422,425.70111083984375,-0.021056469921043264,-0.01263131265692874,58.0,30.8,40.06666666666667,-0.027477142080627015,148.89724731445312,-0.02182123043365669,458.5799865722656,-0.021901763202331392,163.4499969482422,-0.033002701831605696,211.5500030517578,-0.059718720276268566,117.30289459228516,64.29333333333334,1293.4361648351648,3.629,98.86166666666666,-0.3,4.7057142857142855,21.03
2022-04-06,168.20143127441406,89058800,-0.008322228773023244,-0.03148472832283844,-0.08333205573057456,-0.14301328038584626,0.4033333333333333,289.01716666666664,3.6833333333333336,22.1,115.9995,2.61,64.06666666666666,96.39,74.73162078857422,421.4444274902344,-0.023660469236336468,-0.009999230072976761,58.0,31.0,40.333333333333336,0.0018753593157705417,149.17648315429688,-0.031074186439129292,444.3299865722656,-0.009788870447230535,161.85000610351562,-0.03597258567984851,203.94000244140625,-0.01955470280729421,115.00907135009766,64.06666666666666,1293.748956043956,3.591,98.84698333333334,-0.22,4.712857142857143,22.1
2022-04-07,168.5048370361328,77594700,-0.03979305510492359,-0.06012523800990177,-0.11535123229974686,-0.157180847138217,0.41800000000000004,289.10839999999996,3.68,21.55,116.3512,2.66,63.84,96.05,74.84783172607422,423.568115234375,0.0015550437187596966,0.005039069461156398,58.0,31.2,40.6,0.006052004668370747,150.0792999267578,0.018882395746371516,452.7200012207031,0.007908549465720949,163.1300048828125,0.004069833387852162,204.77000427246094,0.0257268763496743,117.9678955078125,63.84,1294.0617472527472,3.367,98.8323,-0.16,4.72,21.55
2022-04-08,166.4981231689453,76575500,-0.029513488417532097,-0.042389027258186496,-0.09026385722158059,-0.14119377863289062,0.4326666666666667,289.19963333333334,3.6766666666666667,21.16,116.4176,2.72,63.61333333333334,98.35,73.8019027709961,422.4354553222656,-0.013974071538985666,-0.0026740915365705,58.0,31.4,40.86666666666667,-0.015566213215120528,147.74313354492188,-0.016301477431775124,445.3399963378906,-0.02997608804806484,158.24000549316406,-0.012306510816437188,202.25,-0.019934565958155792,115.61625671386719,63.61333333333334,1294.3745384615384,3.406,98.81761666666667,-0.15,4.76,21.16
2022-04-11,162.24978637695312,72246700,0.0099548564957197,-0.053996811120488486,-0.11484010178683712,-0.12094249690732861,0.4766666666666667,289.4733333333333,3.666666666666667,24.37,116.5401,2.79,62.93333333333334,94.22,71.94245147705078,415.2151184082031,-0.025195167389045592,-0.017092165970193696,58.0,32.0,41.666666666666664,-0.024253358690436544,144.1598663330078,-0.024475667997747697,434.44000244140625,-0.028437814988539034,153.74000549316406,-0.015920896023253972,199.02999877929688,-0.031010315787445397,112.03096008300781,62.93333333333334,1295.312912087912,3.343,98.77356666666667,-0.12,4.88,24.37
2022-04-12,164.1194610595703,79265200,-0.002564492815134045,-0.06614584054847772,-0.14845840818101375,-0.11315658356338898,0.49133333333333334,289.5645666666667,3.6633333333333336,24.26,116.3866,2.72,62.70666666666667,100.52,71.62284088134766,413.6766052246094,-0.004442586944720328,-0.0037053399921753716,58.0,32.2,41.93333333333333,0.003938329285947173,144.7276153564453,-0.017654942879641533,426.7699890136719,-0.002406728000234226,153.3699951171875,-0.014520421079101453,196.13999938964844,-0.014452958099912316,110.41178131103516,62.70666666666667,1295.6257032967033,3.502,98.75888333333333,-0.14,4.92,24.26
2022-04-13,166.80162048339844,70618900,-0.02335688085572063,-0.03967136839545782,-0.1354101002139595,-0.11742585265659977,0.506,289.6558,3.66,21.82,116.2796,2.7,62.480000000000004,104.26,72.77530670166016,418.4146423339844,0.016090758285079776,0.011453480930599058,58.0,32.4,42.2,0.016848624899300058,147.16607666015625,0.011481651803556314,431.6700134277344,0.01577882405940123,155.7899932861328,0.028551066182022078,201.74000549316406,0.020076986473020586,112.6285171508789,62.480000000000004,1295.9384945054944,3.724,98.7442,-0.1,4.96,21.82
2022-04-14,161.7995147705078,75329400,-0.02117479259348609,-0.04622172671351388,-0.11819325587792862,-0.1089233722628522,0.5206666666666667,289.7470333333333,3.6566666666666667,22.7,116.7558,2.83,62.25333333333334,106.84,71.00786590576172,413.20465087890625,-0.02428627065968958,-0.012451742668506904,58.0,32.6,42.46666666666667,-0.010245134206685602,145.65834045410156,-0.02601526776704899,420.44000244140625,-0.03844913340084333,149.8000030517578,-0.024833992412054195,196.72999572753906,-0.02995045874853386,109.25524139404297,62.25333333333334,1296.2512857142856,3.848,98.72951666666667,-0.06,5.0,22.7
2022-04-18,161.5841827392578,69023900,-0.013267097158990548,-0.0430727145861578,-0.09457059726914596,-0.08389283768640143,0.5793333333333334,290.11196666666666,3.6433333333333335,22.17,116.8441,2.85,61.346666666666664,108.24,71.24031066894531,413.3745422363281,0.003273507240621587,0.00041115548206072106,58.0,33.4,43.53333333333333,0.02453669730296837,149.23231506347656,0.011963654148246405,425.4700012207031,0.005407193204888472,150.61000061035156,-0.0009658031084868179,196.5399932861328,0.01332045837298268,110.7105712890625,61.346666666666664,1297.5024505494505,3.848,98.67078333333333,-0.07,5.062857142857143,22.17
2022-04-19,163.86495971679688,67723800,-0.06332131303185551,-0.047311895442559426,-0.15754534803531117,-0.08443937426890669,0.594,290.2032,3.64,21.37,117.1324,2.93,61.12,102.54,72.57679748535156,420.0474853515625,0.01876026092329841,0.01614260781308441,58.0,33.6,43.8,0.01234896737647273,151.07518005371094,0.025689220495974663,436.3999938964844,0.033264686850360325,155.6199951171875,0.03693909643649729,203.8000030517578,0.019064842696493,112.82125091552734,61.12,1297.8152417582417,3.799,98.6561,0.0,5.078571428571429,21.37
2022-04-20,163.69857788085938,67929800,-0.06374482086846289,-0.007235637085611257,-0.17746955439661083,-0.06967520029082364,0.6086666666666667,290.2944333333333,3.6366666666666667,20.32,116.7306,2.85,60.89333333333333,102.56,72.50900268554688,419.73602294921875,-0.0009341112056973078,-0.0007414933149357816,58.0,33.8,44.06666666666667,-0.005791212341792806,150.2002716064453,-0.018996353485028483,428.1099853515625,0.0097031860493757,157.1300048828125,-0.00922475394828648,201.9199981689453,0.007090484008102083,113.62120819091797,60.89333333333333,1298.1280329670328,3.903,98.64141666666667,-0.07,5.094285714285714,20.32
2022-04-21,162.90565490722656,87227800,-0.01670465620444006,-0.057985881660911676,-0.17202174746878218,-0.07272944408512971,0.6233333333333333,290.3856666666667,3.6333333333333333,22.68,117.1432,2.9,60.666666666666664,103.89,71.27906036376953,413.45947265625,-0.016962615347383747,-0.014953565931433266,58.0,34.0,44.333333333333336,-0.016544886105333223,147.71522521972656,-0.024830008009519067,417.4800109863281,-0.033539133893563555,151.86000061035156,-0.03362714613562778,195.1300048828125,-0.018661399964908676,111.5008773803711,60.666666666666664,1298.4408241758242,3.865,98.62673333333333,-0.12,5.11,22.68
2022-04-22,158.37344360351562,84882400,-0.025588771039511626,-0.026447510887680492,-0.11415854189384456,-0.053250060072287164,0.638,290.4769,3.6300000000000003,28.21,118.0186,2.9,60.44,102.86,69.28401184082031,402.1145324707031,-0.02798926518906919,-0.027439062195532382,58.0,34.2,44.6,-0.021800671751372458,144.49493408203125,-0.021102800916813824,408.6700134277344,-0.0249571531074686,148.07000732421875,-0.04007588340355517,187.30999755859375,-0.024980562303164033,108.71552276611328,60.44,1298.7536153846154,3.881,98.61205,-0.08,5.1085714285714285,28.21
2022-04-25,159.4404296875,96046400,-0.03020636824955436,-0.06505773518224744,-0.13699511383194396,-0.06788602029191448,0.682,290.7506,3.62,27.02,118.6271,2.81,59.76,99.6,70.32508850097656,404.4458312988281,0.015026217918040263,0.005797599041747814,58.0,34.8,45.4,0.023639385740927388,147.91070556640625,0.012919956458294246,413.95001220703125,0.020463285131487208,151.10000610351562,0.020500754833918666,191.14999389648438,0.014804947324342121,110.3250503540039,59.76,1299.691989010989,4.227,98.568,-0.1,5.104285714285714,27.02
2022-04-26,153.4888153076172,95623200,0.017091685560942427,-0.013157017024382989,-0.10251004991230284,0.0014054020844727066,0.6966666666666667,290.84183333333334,3.6166666666666667,33.52,118.9624,2.77,59.53333333333333,102.62,67.70541381835938,392.732666015625,-0.03725092621221249,-0.02896102364459474,58.0,35.0,45.666666666666664,-0.038447198920181,142.2239532470703,-0.035825623028190035,399.1199951171875,0.002911893877196592,151.5399932861328,-0.029087092524861524,185.58999633789062,-0.04848427010775891,104.97602081298828,59.53333333333333,1300.00478021978,4.52,98.55331666666667,-0.08,5.102857142857142,33.52
2022-04-27,153.26364135742188,88063200,0.06035660474024729,-0.06294145746148605,-0.080339408893773,0.006458497896216775,0.7113333333333334,290.93306666666666,3.6133333333333333,31.6,119.4708,2.82,59.306666666666665,101.96,68.707763671875,393.8369445800781,0.01480457465638918,0.0028117818047994625,58.0,35.2,45.93333333333333,-0.007133087123847526,141.20945739746094,-0.003056727890430322,397.8999938964844,0.012340045260828658,153.41000366210938,-0.027587667537133265,180.47000122070312,-0.0010099265106944255,104.87000274658203,59.306666666666665,1300.3175714285715,4.789,98.53863333333334,-0.06,5.101428571428571,31.6
2022-04-28,160.1843719482422,130216800,-0.04198252917289769,-0.12753943833985704,-0.08421025157263262,-0.005446356932562235,0.726,291.0243,3.6100000000000003,29.99,120.0675,2.85,59.08,105.47,71.45821380615234,403.78515625,0.04003114040230682,0.025259721838764904,58.0,35.4,46.2,0.05754004380448752,149.33465576171875,0.03174165638740445,410.5299987792969,0.03650342683688823,159.00999450683594,0.08516648203703947,195.83999633789062,0.053487532411466976,110.47924041748047,59.08,1300.6303626373626,5.066,98.52395,-0.12,5.1,29.99
2022-04-29,154.32086181640625,131747600,-0.0008812910018339837,-0.0654860617000601,-0.05449637378366412,0.025990026075851436,0.7406666666666667,291.11553333333336,3.606666666666667,33.4,119.4933,2.89,58.85333333333333,104.59,68.48017883300781,388.86297607421875,-0.0416751946980255,-0.036955742292176574,58.0,35.6,46.46666666666667,-0.03783076708659294,143.68521118164062,-0.03551503328774741,395.95001220703125,-0.051317456041856,150.85000610351562,-0.03349672018618466,189.27999877929688,-0.03733733128877781,106.35424041748047,58.85333333333333,1300.9431538461538,4.529,98.50926666666666,0.01,5.124285714285714,33.4
2022-05-02,154.6243133544922,123055300,-0.035936889861596155,-0.0772738114399042,-0.05717593568000823,0.014466136390347994,0.7841935483870968,291.4160322580645,3.6,32.34,119.8825,2.99,58.12903225806451,105.18,69.52128601074219,391.2036437988281,0.015203044084816986,0.006019260944406968,58.096774193548384,35.806451612903224,46.806451612903224,0.024419867395227612,147.19398498535156,0.028639969663547538,407.2900085449219,-0.0023864805819399093,150.49000549316406,0.019125079990139238,192.89999389648438,0.02374250388968835,108.87935638427734,58.12903225806451,1301.8815274725273,4.466,98.46242903225807,0.18,5.197142857142857,32.34
2022-05-03,156.11219787597656,88966500,-0.029740389204580775,-0.0628338332371059,-0.050462766527784364,0.043228652144288615,0.7983870967741936,291.53406451612904,3.6,29.25,119.7043,2.97,57.85806451612903,102.53,69.64234161376953,392.9969787597656,0.0017412739316795545,0.004584146874305972,58.193548387096776,35.61290322580645,46.61290322580645,0.004553047969186874,147.86416625976562,0.0007119694106412222,407.5799865722656,0.015682108606599465,152.85000610351562,0.001658928638382795,193.22000122070312,0.007347399820685663,109.67933654785156,57.85806451612903,1302.1943186813187,4.203,98.44495806451613,0.14,5.221428571428571,29.25
2022-05-04,162.5141143798828,108256500,-0.1162798078029017,-0.15054271972508393,-0.12303590668065656,0.0002024313355444285,0.8125806451612904,291.6520967741935,3.6,25.42,119.5592,2.93,57.58709677419355,107.84,72.08770751953125,404.96490478515625,0.035113206263561736,0.030452972089402452,58.29032258064516,35.41935483870968,46.41935483870968,0.0371371702337957,153.3554229736328,0.03869183976346657,423.3500061035156,0.035917500916924805,158.33999633789062,0.05449745736865563,203.75,0.04402419606716523,114.50788116455078,57.58709677419355,1302.5071098901099,4.326,98.4274870967742,0.07,5.2457142857142856,25.42
2022-05-05,153.4594268798828,130525300,-0.08930620972193126,-0.12258851120057568,-0.06643653444620357,0.05774686721850797,0.8267741935483871,291.77012903225807,3.6,31.2,120.0068,3.05,57.31612903225806,108.17,68.62060546875,390.5713195800781,-0.048095607005422925,-0.03554279651150083,58.38709677419355,35.225806451612904,46.225806451612904,-0.03963085284709378,147.27781677246094,-0.05395062243675952,400.510009765625,-0.05646079732330345,149.39999389648438,-0.026306751461848132,198.38999938964844,-0.0449457007722881,109.36124420166016,57.31612903225806,1302.819901098901,4.18,98.41001612903226,0.18,5.27,31.2
2022-05-06,154.1848602294922,116124600,-0.06466175652241213,-0.12519076596251288,-0.05448872643797287,0.04971409722980269,0.8409677419354838,291.88816129032256,3.6,30.19,119.8577,3.12,57.04516129032258,109.72,68.06859588623047,388.2400207519531,-0.00804437061941865,-0.005968945263649883,58.483870967741936,35.03225806451613,46.03225806451613,-0.013334439839871481,145.31394958496094,-0.023719756731072295,391.010009765625,-0.020281117155843353,146.3699951171875,-0.02328743954534518,193.77000427246094,-0.008548368632020353,108.42638397216797,57.04516129032258,1303.1326923076922,4.155,98.39254516129033,0.26,5.274285714285714,30.19
2022-05-09,149.06759643554688,131577900,-0.0428778169640508,-0.05885809148542365,-0.02696325855276749,0.08607848223218584,0.8835483870967742,292.24225806451614,3.6,34.75,120.4972,3.05,56.23225806451613,103.08,65.43435668945312,375.8096618652344,-0.03869977281711823,-0.03201720127317975,58.774193548387096,34.45161290322581,45.45161290322581,-0.02485106257865577,141.70274353027344,-0.03606047352078612,376.9100036621094,-0.06278610881997027,137.17999267578125,-0.038447627517036675,186.32000732421875,-0.060000085844985174,101.92079162597656,56.23225806451613,1304.071065934066,3.961,98.34013225806451,0.3,5.2871428571428565,34.75
2022-05-10,151.4693603515625,115366700,-0.034107823992998276,-0.09157951447289214,-0.07682324511599836,0.09685528800317855,0.8977419354838709,292.3602903225806,3.6,32.99,120.7742,2.99,55.961290322580645,99.74,66.431884765625,376.677978515625,0.015244714346410948,0.0023105224226567245,58.87096774193548,34.25806451612903,45.25806451612903,0.019507504928321096,144.46701049804688,0.04276881738495497,393.0299987792969,0.029085914172588323,141.1699981689453,0.00048302025736846055,186.41000366210938,0.013522457807724875,103.29901123046875,55.961290322580645,1304.383857142857,4.123,98.32266129032259,0.34,5.291428571428571,32.99
2022-05-11,143.61700439453125,142689800,-0.03877122218628737,-0.04081922770769997,-0.06395894894265708,0.15169998482801472,0.9119354838709678,292.47832258064517,3.6,32.56,120.3925,2.91,55.69032258064516,105.5,64.33515930175781,370.69403076171875,-0.03156203487624265,-0.015886109874241106,58.96774193548387,34.064516129032256,45.064516129032256,-0.02080929129184317,141.46075439453125,-0.034857421188158155,379.3299865722656,-0.03888932184155658,135.67999267578125,-0.03073875260854808,180.67999267578125,-0.03041602090695683,100.15706634521484,55.69032258064516,1304.6966483516483,4.094,98.30519032258064,0.21,5.295714285714285,32.56
2022-05-12,139.75454711914062,182602000,-0.036546094674129836,0.008557745786254678,-0.07491565084833918,0.20888793632984726,0.9261290322580645,292.59635483870966,3.6,31.77,121.2796,2.84,55.41935483870968,106.15,63.6717529296875,370.30706787109375,-0.010311723469256795,-0.001043887569027846,59.064516129032256,33.87096774193548,44.87096774193548,0.005921405466556617,142.29840087890625,0.02414785012089804,388.489990234375,0.0010319476414777373,135.82000732421875,0.024186465315051642,185.0500030517578,0.027328749316240408,102.89423370361328,55.41935483870968,1305.0094395604394,4.009,98.28771935483871,0.25,5.3,31.77
2022-05-13,144.21499633789062,113990900,-0.06471349788398895,0.0171979989152784,-0.09754600279285097,0.1789177839939886,0.9403225806451613,292.7143870967742,3.6,28.87,120.8442,2.93,55.148387096774194,110.52,65.78783416748047,379.1602783203125,0.033234223033403065,0.02390775444853399,59.16129032258065,33.67741935483871,44.67741935483871,0.03826278181895382,147.74313354492188,0.04365626502351927,405.45001220703125,0.048740942130747866,142.44000244140625,0.0649554394716707,197.07000732421875,0.04777047181737237,107.80953979492188,55.148387096774194,1305.3222307692306,4.021,98.27024838709677,0.24,5.292857142857143,28.87
2022-05-16,142.6759033203125,86643800,-0.01669616983558364,0.022673983851827728,-0.06946563187403154,0.19053435957019205,0.9829032258064516,293.0684838709677,3.6,27.47,120.6881,2.88,54.33548387096774,114.07,65.20677185058594,377.621826171875,-0.008832367325169566,-0.004057524578399585,59.45161290322581,33.096774193548384,44.096774193548384,-0.008189418965816042,146.533203125,-0.006388030034504499,402.8599853515625,-0.021482712062241838,139.3800048828125,-0.022783809439744562,192.5800018310547,-0.012336658360467934,106.47953033447266,54.33548387096774,1306.2606043956043,3.827,98.21783548387097,0.2,5.271428571428571,27.47
2022-05-17,146.30307006835938,78336300,-0.05950114506308746,-0.0035511661412593876,-0.12851760898228415,0.17121754237901543,0.9970967741935484,293.18651612903227,3.6,26.1,119.8871,2.98,54.064516129032256,112.31,67.09528350830078,385.3896179199219,0.028961894663980026,0.020570293372055737,59.54838709677419,32.903225806451616,43.903225806451616,0.04065040819726762,152.48983764648438,0.016854512217182593,409.6499938964844,0.025039389525845612,142.8699951171875,0.015889487638899302,195.63999938964844,0.057566930355315016,112.6092300415039,54.064516129032256,1306.5733956043955,3.645,98.20036451612903,0.27,5.264285714285714,26.1
2022-05-18,138.04879760742188,109742900,-0.0021306119507479293,0.07378222086341735,-0.06575794011074854,0.23840283244498894,1.011290322580645,293.30454838709676,3.6,30.96,120.0274,2.89,53.79354838709677,109.67,64.02522277832031,369.85394287109375,-0.045756729377269156,-0.04031160759513819,59.645161290322584,32.70967741935484,43.70967741935484,-0.023925874767125377,148.8413848876953,-0.02873181786656165,397.8800048828125,-0.045985807307130644,136.3000030517578,-0.03915356617259669,187.97999572753906,-0.047072893431582274,107.30838775634766,53.79354838709677,1306.8861868131867,3.472,98.1828935483871,0.17,5.257142857142857,30.96
2022-05-19,134.64706420898438,136095600,0.04681473624327559,0.0584637979744409,-0.010775104456706153,0.2505153424151456,1.0254838709677419,293.4225806451613,3.6,29.35,119.4278,2.84,53.52258064516129,112.21,63.323116302490234,367.5887145996094,-0.010966091883210405,-0.006124656273500562,59.74193548387097,32.516129032258064,43.516129032258064,0.006378409731990553,149.79075622558594,-0.008796621989161868,394.3800048828125,0.05524577117168139,143.8300018310547,0.030535193231325142,193.72000122070312,-0.0053890029416731045,106.7301025390625,53.52258064516129,1307.1989780219778,3.564,98.16542258064516,0.25,5.25,29.35
2022-05-20,134.88233947753906,137426100,0.08757904301403818,0.06214138140552872,-0.01627994505211694,0.2195854156652599,1.0396774193548388,293.5406129032258,3.6,29.43,119.3677,2.78,53.251612903225805,112.63,63.46352767944336,367.74920654296875,0.0022173794524322776,0.0004366073739074938,59.83870967741935,32.32258064516129,43.32258064516129,0.009320150474391165,151.18682861328125,0.011942774473258755,399.0899963378906,0.019258876709983275,146.60000610351562,-0.011924414330154787,191.41000366210938,-0.03864917600044837,102.60507202148438,53.251612903225805,1307.5117692307692,3.504,98.14795161290323,0.23,5.228571428571429,29.43
2022-05-23,140.29376220703125,117726300,0.04003864571627691,0.03913047355902988,-0.0338202223727504,0.17016459777435822,1.082258064516129,293.89470967741937,3.6,28.48,118.7169,2.86,52.438709677419354,110.32,64.92108154296875,374.62994384765625,0.022966795525259043,0.018710406935666724,60.12903225806452,31.741935483870968,42.74193548387097,-0.00547880640036813,150.35850524902344,0.019218756416135685,406.760009765625,0.007025912253847855,147.6300048828125,-0.0412727078215781,183.50999450683594,0.03259464219908437,105.94944763183594,52.438709677419354,1308.4501428571427,3.517,98.09553870967741,0.26,5.164285714285714,28.48
2022-05-24,137.59786987304688,104132700,0.05948968319114134,0.05414603020266773,0.00926176259041478,0.1952313549903555,1.0964516129032258,294.01274193548386,3.6,29.45,118.6245,2.76,52.16774193548387,112.55,63.95744323730469,371.7700500488281,-0.014843226310490065,-0.007633916737822544,60.225806451612904,31.548387096774192,42.54838709677419,0.0018568292030713973,150.6376953125,-0.02052809003600653,398.4100036621094,-0.024588530534114472,144.0,-0.021579159575042195,179.5500030517578,-0.030383150983012475,102.7303695678711,52.16774193548387,1308.762934065934,3.636,98.07806774193548,0.21,5.142857142857142,29.45
2022-05-25,137.75466918945312,92482700,0.0760749189456229,0.01508713553222285,0.00811296991877386,0.2116867839550549,1.1106451612903225,294.1307741935484,3.6,28.37,118.9598,2.75,51.89677419354839,112.88,64.70317840576172,375.0545654296875,0.011659865227727995,0.008834803611608821,60.32258064516129,31.35483870967742,42.354838709677416,0.0029042182323844035,151.07518005371094,0.010265797294988,402.5,0.007361094156901116,145.05999755859375,0.03887494073462627,186.52999877929688,0.020690638559384134,104.85592651367188,51.89677419354839,1309.075725274725,3.741,98.06059677419354,0.19,5.121428571428571,28.37
2022-05-26,140.95053100585938,90601500,0.011128102545604701,-0.04625111531097614,-0.044095081979281026,0.13956938224816806,1.1248387096774193,294.2488064516129,3.6,27.5,118.7687,2.75,51.6258064516129,116.19,66.25756072998047,382.5486755371094,0.02402327617464195,0.01998138617199907,60.41935483870968,31.161290322580644,42.16129032258065,0.010349501856555365,152.63873291015625,0.015155294667119623,408.6000061035156,0.02488625859030069,148.6699981689453,0.02734147931641795,191.6300048828125,0.06025949680420295,111.17449188232422,51.6258064516129,1309.3885164835165,3.823,98.04312580645161,0.13,5.1,27.5
2022-05-27,146.69520568847656,90978500,-0.023389253196727133,-0.11868459738728121,-0.06956685362327986,0.07995315492275346,1.139032258064516,294.36683870967744,3.6,25.72,118.2834,2.74,51.354838709677416,114.96,68.49955749511719,391.9399108886719,0.033837598916047096,0.02454912525413122,60.516129032258064,30.967741935483872,41.96774193548387,0.026402902552869367,156.66883850097656,0.04801760847800107,428.2200012207031,0.05091819074092108,156.24000549316406,0.10306319207202286,211.3800048828125,0.038324543677085154,115.4352035522461,51.354838709677416,1309.7013076923076,3.852,98.02565483870967,0.11,5.098571428571428,25.72
2022-05-31,145.9109344482422,103718400,-0.0008732100109815066,-0.10803532035147179,-0.08142960478933203,0.06913972290902537,1.1958064516129032,294.8389677419355,3.6,26.19,118.0704,2.85,50.270967741935486,114.38,68.0104751586914,389.74072265625,-0.007139934246445989,-0.005611034169588636,60.903225806451616,30.193548387096776,41.193548387096776,0.005073119915180557,157.46363830566406,-0.02741579141774897,416.4800109863281,-0.01606509010097812,153.72999572753906,-0.01717288673933448,207.75,-0.01832928484077967,113.3193588256836,50.270967741935486,1310.9524725274725,3.815,97.95577096774193,0.21,5.0928571428571425,26.19
2022-06-01,145.7835235595703,74286600,-0.005043610214663485,-0.08930153215347303,-0.06576538226801587,0.05869394495685554,1.21,294.957,3.6,25.69,118.6954,2.94,50.0,115.26,67.80709838867188,386.58831787109375,-0.0029903741966952335,-0.008088466516075754,61.0,30.0,41.0,-0.021555908952116787,154.06936645507812,0.0040337894531903284,418.1600036621094,-0.0033174690757151737,153.22000122070312,-0.0017809632596269553,207.3800048828125,-0.024128265040148422,110.58515930175781,50.0,1311.2652637362637,3.933,97.9383,0.29,5.091428571428572,25.69
2022-06-02,148.23434448242188,72348100,-0.05667614990335246,-0.13987173646168283,-0.06381863500271645,0.04609093901748351,1.2256666666666667,294.95553333333334,3.5966666666666667,24.72,118.0658,2.92,50.05,116.88,69.44865417480469,393.9503479003906,0.024209202651960915,0.01904359156489499,61.0,29.933333333333334,40.93333333333333,0.027129004495354492,158.24911499023438,0.055289829047996175,441.2799987792969,0.053452567394312256,161.41000366210938,0.032356019370670897,214.08999633789062,0.02507427239545046,113.35800170898438,50.05,1311.5780549450549,4.052,97.94107,0.26,5.09,24.72
2022-06-03,142.51904296875,88570300,-0.05674772337167111,-0.09506133106527015,-0.016920967250127594,0.07323175870823184,1.2413333333333334,294.9540666666667,3.5933333333333333,24.79,118.2153,2.96,50.1,118.97,67.7877426147461,387.4849548339844,-0.023915676693719967,-0.016411695283084282,61.0,29.866666666666667,40.86666666666667,-0.023634911687516746,154.5089111328125,-0.026105848997324488,429.760009765625,-0.01765693599438689,158.55999755859375,-0.02671774169062735,208.3699951171875,-0.020199541528301834,111.06822204589844,50.1,1311.890846153846,4.104,97.94384,0.22,5.11,24.79
2022-06-06,143.2641143798828,71598400,-0.09757761165590595,-0.07027500498724193,0.001436900818695852,0.058879277005954966,1.2883333333333333,294.94966666666664,3.5833333333333335,25.07,118.3081,3.04,50.25,118.41,67.79256439208984,388.664794921875,7.113051943852255e-05,0.0030448668346261254,61.0,29.666666666666668,40.666666666666664,0.0001813172878726288,154.53692626953125,-0.000698106626324968,429.4599914550781,0.010910669489003766,160.2899932861328,0.0011038584811540186,208.60000610351562,0.0003479889385402668,111.10687255859375,50.25,1312.8292197802198,4.152,97.95215,0.28,5.17,25.07
2022-06-07,145.7835235595703,67808200,-0.10725576715010121,-0.08983910415551744,-0.01122987493600891,0.05020949712630296,1.304,294.9482,3.58,24.02,118.4414,2.98,50.3,119.55,68.60124969482422,392.3929443359375,0.011928820070254309,0.009592197345303477,61.0,29.6,40.6,0.010165158398741214,156.10781860351562,0.009220933384828323,433.4200134277344,0.012352679950479617,162.27000427246094,-0.006855263148269897,207.1699981689453,0.005826066057817769,111.75418853759766,50.3,1313.142010989011,4.086,97.95492,0.25,5.19,24.02
2022-06-08,145.04824829101562,53950200,-0.08468504027295942,-0.06549029327315448,-0.020883701270434485,0.045381270249304606,1.3196666666666665,294.9467333333333,3.5766666666666667,23.96,118.3951,3.03,50.35,121.94,67.82646942138672,388.12677001953125,-0.011293967338556476,-0.01087219935523065,61.0,29.533333333333335,40.53333333333333,-0.011620339680189495,154.29379272460938,-0.010567156448596737,428.8399963378906,-0.014420481512717909,159.92999267578125,-0.016604732692042434,203.72999572753906,-0.027751317685297705,108.65286254882812,50.35,1313.454802197802,4.08,97.95769,0.28,5.21,23.96
2022-06-09,139.83299255371094,69473000,-0.08819408790502503,-0.006870509308338657,0.022574296752707168,0.1047991100048613,1.3353333333333333,294.94526666666667,3.5733333333333333,26.09,118.9226,3.04,50.4,121.52,66.01544952392578,378.89599609375,-0.026700783822456997,-0.023782883941029787,61.0,29.466666666666665,40.46666666666667,-0.020604743093167066,151.11460876464844,-0.005643090501869841,426.4200134277344,-0.02576124120470502,155.80999755859375,-0.042556316451997755,195.05999755859375,-0.04641653304167559,103.60957336425781,50.4,1313.7675934065933,4.213,97.96046,0.29,5.23,26.09
2022-06-10,134.43141174316406,91437900,-0.040618622019712114,0.03303436954212868,0.06096402797835254,0.19344429465419055,1.351,294.9438,3.5700000000000003,27.75,119.9981,3.15,50.45,120.73,63.478050231933594,367.9096984863281,-0.03843644647261801,-0.028995549492963124,61.0,29.4,40.4,-0.02902040067463374,146.7292022705078,-0.07640358347149934,393.8399963378906,-0.043001072159843834,149.11000061035156,-0.04091046768900919,187.0800018310547,-0.049981244910832,98.43103790283203,50.45,1314.0803846153844,4.172,97.96323,0.39,5.308571428571429,27.75
2022-06-13,129.2847442626953,122207100,0.030254797555236967,0.042159355726940406,0.1257961206471765,0.1681352279439925,1.398,294.9394,3.56,34.02,121.1523,3.43,50.6,120.92,60.66466522216797,353.9408264160156,-0.04432059585141934,-0.037968208307049056,61.0,29.2,40.2,-0.05831004326622846,138.1734161376953,-0.056342683952212425,371.6499938964844,-0.04996309380824315,141.66000366210938,-0.07472736578313643,173.10000610351562,-0.05457412762634084,93.05924987792969,50.6,1315.0187582417582,4.079,97.97154,0.69,5.5442857142857145,34.02
2022-06-14,130.14739990234375,84784300,0.019509129663022096,0.04873460314631606,0.13113898613491792,0.17148032555860127,1.4136666666666666,294.9379333333333,3.5566666666666666,32.69,121.6669,3.49,50.65,118.92,61.04721450805664,352.8742370605469,0.0063059654988235625,-0.0030134680033071515,61.0,29.133333333333333,40.13333333333333,-0.004060480161248603,137.61236572265625,-0.002233247910389591,370.82000732421875,0.012212308928534865,143.38999938964844,-0.008723337448769297,171.58999633789062,0.0031149102985523758,93.34912109375,50.65,1315.3315494505493,4.201,97.97431,0.89,5.622857142857143,32.69
2022-06-15,132.76483154296875,91533000,0.020970647093464967,0.009525362733591392,0.08594847231474168,0.12664598369175706,1.4293333333333333,294.93646666666666,3.5533333333333332,29.62,121.6403,3.33,50.7,115.32,62.335269927978516,357.9049377441406,0.02109933156330812,0.014256355820984945,61.0,29.066666666666666,40.06666666666667,0.019773214449661847,140.33340454101562,0.016450045798586554,376.9200134277344,0.030197376731192493,147.72000122070312,0.02983862978756857,176.7100067138672,0.008279544301413866,94.12200927734375,50.7,1315.6443406593405,4.319,97.97708,0.63,5.701428571428572,29.62
2022-06-16,127.50054931640625,108123900,0.08918957150632689,0.06819943235155712,0.16100226954062036,0.16030551434702955,1.4449999999999998,294.935,3.5500000000000003,32.95,120.6714,3.28,50.75,117.56,59.797882080078125,346.0597229003906,-0.0407054922651664,-0.033095980509265654,61.0,29.0,40.0,-0.044109911067763075,134.143310546875,-0.0314125714572564,365.0799865722656,-0.04494990072284022,141.0800018310547,-0.07017151651944542,164.30999755859375,-0.08037353405594339,86.55709075927734,50.75,1315.9571318681317,4.401,97.97985,0.66,5.78,32.95
2022-06-17,128.9709930419922,134520300,0.07677133750177312,0.07601118425014519,0.1632716901300637,0.17584823342159006,1.4606666666666666,294.93353333333334,3.546666666666667,31.13,121.2369,3.25,50.8,109.56,60.34507751464844,346.8056945800781,0.009150749416802606,0.0021556154337620814,61.0,28.933333333333334,39.93333333333333,0.008155640812374632,135.23733520507812,-0.011750789375288284,360.7900085449219,0.014247196489570069,143.08999633789062,0.021057797853312854,167.77000427246094,0.0026789276990970556,86.78897094726562,50.8,1316.269923076923,4.21,97.98262,0.67,5.784285714285715,31.13
2022-06-21,133.19622802734375,81000500,0.011554965043552912,0.05188776728267186,0.14337206792690416,0.15638410529870717,1.5233333333333332,294.92766666666665,3.533333333333333,30.19,120.6427,3.31,51.0,110.49,61.88068771362305,355.5361022949219,0.02544714933213643,0.025173772666607253,61.0,28.666666666666668,39.666666666666664,0.025720773100133876,138.7157440185547,0.006097679085753205,362.989990234375,0.03529249549935565,148.13999938964844,-0.00530487791013623,166.8800048828125,0.05944563471091291,91.94819641113281,51.0,1317.5210879120878,4.21,97.9937,0.7,5.801428571428572,30.19
2022-06-22,132.68646240234375,73409200,0.028666220471173176,0.08127059916694845,0.13845538160064574,0.13729952827476444,1.539,294.9262,3.5300000000000002,28.95,120.5197,3.16,51.05,106.22,61.6185188293457,354.8915710449219,-0.0042366834300651135,-0.0018128433254447351,61.0,28.6,39.6,-0.0047186876950788825,138.06118774414062,0.0064464486648232455,365.3299865722656,-0.014715759988949917,145.9600067138672,0.013602522454777777,169.14999389648438,-0.012924257005199391,90.75983428955078,51.05,1317.833879120879,4.192,97.99647,0.62,5.805714285714285,28.95
2022-06-23,135.5489959716797,72433800,-0.011210199228015472,0.06342648862100164,0.106168637716066,0.10618473526677308,1.5546666666666666,294.92473333333334,3.526666666666667,29.05,120.7622,3.09,51.1,105.75,62.540950775146484,358.3703918457031,0.014970044125135251,0.00980248922378868,61.0,28.533333333333335,39.53333333333333,-0.014290485675363063,136.08822631835938,0.030958389652842477,376.6400146484375,0.03494101541612249,151.05999755859375,0.08430393307818718,183.41000366210938,-0.007025932002939106,90.12216186523438,51.1,1318.1466703296703,4.066,97.99924,0.59,5.81,29.05
2022-06-24,138.8722686767578,89116800,-0.019271336876408696,0.022659925967459138,0.07016796699927363,0.06338386660210338,1.5703333333333334,294.9232666666667,3.5233333333333334,27.23,120.4853,3.13,51.15,109.07,64.78878021240234,369.7642822265625,0.03594172153438291,0.031793615321226154,61.0,28.466666666666665,39.46666666666667,0.028514539935178718,139.96871948242188,0.02941797509913524,387.7200012207031,0.043426437605026624,157.6199951171875,0.04945200307688258,192.47999572753906,0.04373937353777668,94.06404876708984,51.15,1318.4594615384615,4.253,98.00201,0.57,5.794285714285714,27.23
2022-06-27,138.8722686767578,70207900,-0.0007059560606355042,0.029648506400247188,0.10680505383230865,0.06578719374829478,1.6173333333333333,294.9188666666667,3.513333333333333,26.95,120.1736,3.2,51.3,111.44,64.35183715820312,368.3519592285156,-0.006744116076375484,-0.0038195225064532323,61.0,28.266666666666666,39.266666666666666,0.006012543347371002,140.81028747558594,-0.017151536870802175,381.07000732421875,-0.02011164996286463,154.4499969482422,-0.03434123419094526,185.8699951171875,0.0025678142141523086,94.30558776855469,51.3,1319.397835164835,4.133,98.01032,0.65,5.747142857142857,26.95
2022-06-28,134.7353057861328,67083400,0.03987208172853207,0.05857103494638127,0.1448632068831608,0.10572441965827228,1.633,294.9174,3.5100000000000002,28.36,120.62,3.2,51.35,113.66,62.424434661865234,360.8254699707031,-0.029951009659592853,-0.020432874236847143,61.0,28.2,39.2,-0.013944950788040478,138.84669494628906,-0.04051749585285447,365.6300048828125,-0.028034975180386112,150.1199951171875,-0.04874373377414465,176.80999755859375,-0.026534157679804826,91.80326843261719,51.35,1319.7106263736262,4.04,98.01309,0.72,5.731428571428571,28.36
2022-06-29,136.49008178710938,66242400,0.05113843309803645,0.06636512810376827,0.16720532801849175,0.07769982249329077,1.6486666666666665,294.9159333333333,3.506666666666667,28.16,120.9616,3.1,51.4,111.65,62.55065155029297,360.5316162109375,0.0020219148016544786,-0.0008143930631878682,61.0,28.133333333333333,39.13333333333333,-0.008216424342683326,137.70587158203125,0.007849451847113498,368.5,0.005329090579394791,150.9199981689453,0.00022627987938639293,176.85000610351562,-0.03241438137869057,88.82752227783203,51.4,1320.0234175824176,3.872,98.01586,0.74,5.715714285714286,28.16
2022-06-30,134.0294647216797,98964500,0.07548286581308328,0.09837637775643793,0.18131983417114883,0.043577604338918885,1.6643333333333332,294.91446666666667,3.5033333333333334,28.71,120.9652,2.98,51.45,107.76,61.71561813354492,357.6025085449219,-0.01334971572720789,-0.00812441276801057,61.0,28.066666666666666,39.06666666666667,-0.00801224019611968,136.6025390625,-0.006621444888483707,366.05999755859375,-0.005897160087771414,150.02999877929688,-0.027650546909148366,171.9600067138672,-0.010441387772581523,87.90003967285156,51.45,1320.3362087912087,3.753,98.01863,0.65,5.7,28.71
2022-07-01,136.19601440429688,71051600,0.04275521295596496,0.05859019899970219,0.15173069084900725,-0.00387306735955395,1.68,294.913,3.5,26.7,121.5058,2.88,51.5,110.3,61.85641098022461,361.384765625,0.0022813163172898943,0.010576707348804781,61.0,28.0,39.0,-0.021767609611026528,133.6290283203125,0.006610974823456406,368.4800109863281,-0.0025994760569327813,149.63999938964844,0.01104904525646977,173.86000061035156,-0.05176980174172319,83.34947204589844,51.5,1320.649,3.779,98.0214,0.54,5.642857142857143,26.7
2022-07-05,138.77423095703125,73353800,0.030375906516185047,0.06668526356206272,0.17356599024399677,0.007684908630381626,1.7638709677419355,294.9367419354839,3.5129032258064514,27.54,122.6203,2.82,52.36451612903226,101.55,62.63319396972656,362.0672607421875,0.01255784125190007,0.0018885553075462802,61.516129032258064,28.387096774193548,39.38709677419355,0.0011196102271968655,133.7786407470703,0.021737893533508634,376.489990234375,0.01336541037261152,151.63999938964844,0.017485294348674962,176.89999389648438,-0.003129673434215885,83.08861541748047,52.36451612903226,1321.8197391304348,3.411,98.01888387096774,0.52,5.414285714285715,27.54
2022-07-06,140.10748291015625,74064300,0.01798197446244232,0.07080865302473827,0.16015939300925575,0.023669898903124764,1.7848387096774194,294.9426774193548,3.5161290322580645,26.73,123.0073,2.93,52.58064516129032,100.31,63.172088623046875,363.2900695800781,0.00860397848432859,0.0033772974540255962,61.645161290322584,28.483870967741936,39.483870967741936,0.011393109203191809,135.30279541015625,0.016839747409868266,382.8299865722656,0.029016050607981736,156.0399932861328,-0.0009609845947466944,176.72999572753906,0.0065116759962797754,83.6296615600586,52.58064516129032,1322.1124239130434,3.246,98.01825483870968,0.64,5.357142857142857,26.73
2022-07-07,143.469970703125,66253700,0.014485908350676313,0.06149632521232773,0.1313951430521072,0.0017312512656277868,1.805806451612903,294.9486129032258,3.5193548387096776,26.08,122.7257,3.01,52.79677419354839,104.62,64.47805786132812,368.7311096191406,0.02067320024946584,0.014977122951232102,61.774193548387096,28.580645161290324,39.58064516129032,0.02674518371292689,138.92149353027344,0.02105380549820235,390.8900146484375,0.026595804497783426,160.19000244140625,0.03123411082389782,182.25,0.04840566173975902,87.67781066894531,52.79677419354839,1322.405108695652,3.5,98.01762580645162,0.68,5.3,26.08
2022-07-08,144.14639282226562,64547800,0.021286728660290244,0.04794587106842152,0.12281700702609921,-0.009575751647810549,1.826774193548387,294.9545483870968,3.52258064516129,24.64,122.4662,3.09,53.012903225806454,106.78,64.50719451904297,368.42779541015625,0.0004518848532550912,-0.0008225891471367319,61.903225806451616,28.677419354838708,39.67741935483871,0.009220967670541036,140.20248413085938,-0.00370951457620472,389.44000244140625,0.001435768300354301,160.4199981689453,-0.013278453601894724,179.8300018310547,0.004848371569144971,88.1029052734375,53.012903225806454,1322.6977934782608,3.524,98.01699677419354,0.72,5.33,24.64
2022-07-11,142.01910400390625,63141600,0.0151857174598522,0.05577379374009661,0.1399812019815707,-0.031652141250734345,1.8896774193548387,294.9723548387097,3.532258064516129,26.17,123.2974,2.99,53.66129032258065,106.09,63.618743896484375,364.21905517578125,-0.013772891987983038,-0.011423514422112424,62.29032258064516,28.967741935483872,39.96774193548387,-0.015872777474856603,137.97708129882812,-0.013557926114925234,384.1600036621094,-0.01589579279930109,157.8699951171875,-0.017294114322888854,176.72000122070312,-0.02818271217157453,85.61992645263672,53.66129032258065,1323.5758478260868,3.607,98.01510967741936,0.67,5.42,26.17
2022-07-12,142.9896240234375,77588800,0.03523894223094137,0.03935271148082031,0.16190227092868104,-0.03595893188409138,1.9106451612903226,294.9782903225806,3.535483870967742,27.29,123.4524,2.96,53.87741935483871,97.69,62.74971008300781,360.99609375,-0.013660027851077783,-0.008848964325125053,62.41935483870968,29.06451612903226,40.064516129032256,0.0033205543708982876,138.43524169921875,-0.022438554339377026,375.5400085449219,-0.023120250898690187,154.22000122070312,-0.024841553640359226,172.3300018310547,0.0012411811225341296,85.7261962890625,53.87741935483871,1323.8685326086957,3.518,98.0144806451613,0.64,5.45,27.29
2022-07-13,142.62689208984375,71185600,0.05189353042345535,0.07766863987874006,0.1596950572128797,-0.04341868941231142,1.9316129032258065,294.9842258064516,3.5387096774193547,26.82,123.2834,2.91,54.093548387096774,98.44,62.584651947021484,359.10028076171875,-0.0026304206946611286,-0.0052516163501595825,62.54838709677419,29.161290322580644,40.16129032258065,0.0076999792339305095,139.50119018554688,-0.009586211912451903,371.94000244140625,-0.005706165710329225,153.33999633789062,-0.008007920084428521,170.9499969482422,0.003944535498505486,86.06434631347656,54.093548387096774,1324.1612173913043,3.582,98.01385161290322,0.6,5.4799999999999995,26.82
2022-07-14,145.5482635498047,78140700,0.04633915215055051,0.05980992490447545,0.16076675831834075,-0.06693525111674592,1.9525806451612904,294.9901612903226,3.541935483870968,26.4,124.0622,2.96,54.30967741935484,97.79,63.157527923583984,358.2281799316406,0.009153617680057513,-0.0024285718413481483,62.67741935483871,29.258064516129032,40.25806451612903,0.027615766187030655,143.35362243652344,0.0027423482469663973,372.9599914550781,0.004434641651300808,154.02000427246094,5.855376311014737e-05,170.9600067138672,0.02907507083383498,88.5666732788086,54.30967741935484,1324.4539021739129,3.538,98.01322258064516,0.62,5.51,26.4
2022-07-15,147.2147979736328,76259900,0.026103484614063532,0.0821734830769365,0.15489493068365667,-0.04648985180043386,1.9735483870967743,294.9960967741935,3.545161290322581,24.23,123.4765,2.93,54.5258064516129,99.59,64.2693099975586,365.0721435546875,0.017603318409165514,0.01910503976642164,62.806451612903224,29.35483870967742,40.354838709677416,0.030396208635330435,147.71102905273438,0.01850062755944548,379.8599853515625,0.019348108329275693,157.0,0.03070893655723128,176.2100067138672,0.03054456730439159,91.27190399169922,54.5258064516129,1324.7465869565217,3.542,98.0125935483871,0.57,5.514285714285714,24.23
2022-07-18,144.17576599121094,81420900,0.039980937066177225,0.09818501015430381,0.17814921264855088,-0.05778052289293034,2.036451612903226,295.0139032258065,3.554838709677419,25.3,122.7727,2.96,55.174193548387095,104.48,63.64787673950195,362.05780029296875,-0.009669206936876229,-0.008256842695167688,63.193548387096776,29.64516129032258,40.645161290322584,-0.017218624456246112,145.1676483154297,-0.012188634085660066,375.2300109863281,-0.012356703448447415,155.05999755859375,0.005731765894975371,177.22000122070312,-0.014078768783345463,89.98690795898438,55.174193548387095,1325.6246413043477,3.465,98.0107064516129,0.59,5.527142857142857,25.3
2022-07-19,148.02842712402344,82982400,0.003973738894533563,0.059668962295454264,0.15756632355759215,-0.055577093575417735,2.05741935483871,295.0198387096774,3.5580645161290323,24.5,122.4819,3.01,55.39032258064516,106.12,65.58985137939453,371.8402404785156,0.030511224244615276,0.027019001324184,63.32258064516129,29.741935483870968,40.74193548387097,0.039935852554635165,150.9650421142578,0.033579338584398544,387.8299865722656,0.04204826760684788,161.5800018310547,0.04254594986004312,184.75999450683594,0.05464891031308472,94.90459442138672,55.39032258064516,1325.9173260869563,3.445,98.01007741935484,0.62,5.531428571428571,24.5
2022-07-20,150.02830505371094,64823400,0.024503534540143646,0.08553327797133004,0.13951845227773285,-0.05939837809332649,2.0783870967741938,295.0257741935484,3.5612903225806454,23.88,122.5997,3.04,55.60645161290323,104.45,66.61421966552734,374.2101135253906,0.015617786358555819,0.0063733635816964895,63.45161290322581,29.838709677419356,40.83870967741935,0.010343306233445704,152.52651977539062,0.03522162838113618,401.489990234375,0.015100893760092049,164.02000427246094,0.06289245898167972,196.3800048828125,0.04072066553396936,98.76917266845703,55.60645161290323,1326.2100108695652,3.404,98.00944838709678,0.66,5.535714285714286,23.88
2022-07-21,152.2928466796875,65086600,0.012874193540630241,0.06733189294820474,0.10562132940253277,-0.0726755253959055,2.0993548387096777,295.03170967741937,3.564516129032258,23.11,122.9032,2.91,55.822580645161295,98.44,67.55120849609375,378.0207824707031,0.01406589817115722,0.010183233449819529,63.58064516129032,29.93548387096774,40.935483870967744,0.012690204000048722,154.4621124267578,0.01848119158189432,408.9100036621094,0.028837919792282563,168.75,0.013850703498689887,199.10000610351562,0.01574872548185824,100.32466125488281,55.822580645161295,1326.5026956521738,3.379,98.0088193548387,0.58,5.54,23.11
2022-07-22,151.0576171875,66675400,0.054643609834306384,0.07456499744639045,0.08899198279707532,-0.06814723499027042,2.1203225806451615,295.0376451612903,3.567741935483871,23.03,122.451,2.77,56.038709677419355,97.71,66.61907196044922,374.513427734375,-0.01379896165289829,-0.00927820611714636,63.70967741935484,30.032258064516128,41.03225806451613,-0.011622936631647152,152.66680908203125,-0.017143160360091114,401.8999938964844,-0.006162923177083335,167.7100067138672,-0.015821240877489928,195.9499969482422,-0.02089742515335269,98.22813415527344,56.038709677419355,1326.7953804347826,3.334,98.00819032258065,0.43,5.505714285714285,23.03
2022-07-25,149.94004821777344,53623900,0.055966480743697256,0.0794315680573423,0.09488289336018996,-0.03579860969416182,2.183225806451613,295.0554516129032,3.57741935483871,23.36,122.4594,2.81,56.68709677419355,99.83,66.19670867919922,374.9684143066406,-0.006339975457790081,0.0012148738565078698,64.09677419354838,30.322580645161292,41.32258064516129,-0.0014089712800539056,152.4517059326172,-0.024732526977759628,391.9599914550781,-0.00029815186784365455,167.66000366210938,-0.001224752427214315,195.7100067138672,-0.006590002080006818,97.580810546875,56.68709677419355,1327.6734347826086,3.343,98.00630322580646,0.45,5.402857142857143,23.36
2022-07-26,148.6166534423828,55138700,0.05547478110557558,0.08937393715089548,0.10661412865085418,-0.01281276370696105,2.2041935483870967,295.0613870967742,3.5806451612903225,24.69,122.7581,2.81,56.903225806451616,97.74,65.12377166748047,370.5321960449219,-0.016208313572180555,-0.011830911864728177,64.2258064516129,30.419354838709676,41.41935483870968,-0.007727897148204765,151.27357482910156,-0.032401219426265504,379.260009765625,0.01843013402360416,170.75,-0.013489342900632417,193.07000732421875,-0.020692938419929363,95.56157684326172,56.903225806451616,1327.9661195652172,3.436,98.00567419354839,0.45,5.368571428571428,24.69
2022-07-27,153.70452880859375,78620700,0.05957006625514483,0.08090483839264273,0.0859505141375414,-0.02703237706464101,2.2251612903225806,295.06732258064517,3.5838709677419356,23.24,122.8169,2.78,57.11935483870968,100.03,67.92505645751953,380.1535949707031,0.04301478121295421,0.025966431604272255,64.35483870967742,30.516129032258064,41.516129032258064,0.04048703507663265,157.398193359375,0.03564833798856615,392.7799987792969,0.03437771664531475,176.6199951171875,0.053555684185202734,203.41000366210938,0.04600139220580313,99.9575424194336,57.11935483870968,1328.258804347826,3.585,98.00504516129033,0.36,5.3342857142857145,23.24
2022-07-28,154.2534942626953,81378700,0.05376551180281397,0.07228495907225496,0.04129187033102766,-0.04952381291535979,2.2461290322580645,295.0732580645161,3.5870967741935487,22.33,122.1161,2.68,57.33548387096774,99.11,68.95913696289062,384.9215393066406,0.015223844620840365,0.01254215243263701,64.48387096774194,30.612903225806452,41.61290322580645,0.007960545398423724,158.6511688232422,0.027292635200415916,403.5,0.039633111728689,183.6199951171875,0.043016566749268126,212.16000366210938,0.016431460653574925,101.59999084472656,57.33548387096774,1328.5514891304347,3.521,98.00441612903226,0.2,5.3,22.33
2022-07-29,159.31195068359375,101786900,0.018889212835807134,0.06048281585047999,-0.005573972853078035,-0.10774032849239146,2.2670967741935484,295.0791935483871,3.5903225806451613,21.33,121.7678,2.67,57.55161290322581,101.31,70.01750946044922,390.5332336425781,0.015347821103505632,0.014578800516193091,64.61290322580645,30.70967741935484,41.70967741935484,0.013496883777165403,160.79246520996094,0.016406431517193232,410.1199951171875,0.01339727033701954,186.0800018310547,0.019607860059875692,216.32000732421875,0.007797527264950421,102.39221954345703,57.55161290322581,1328.8441739130435,3.402,98.0037870967742,0.14,5.255714285714285,21.33
2022-08-01,158.3316650390625,67829400,0.02222143196924109,0.07380683364519425,-0.014731664781624243,-0.034386123774433286,2.33,295.097,3.6,22.84,121.4109,2.6,58.2,96.59,69.86701202392578,389.3768615722656,-0.0021494257319799592,-0.0029610081055760906,65.0,31.0,42.0,-0.0029076567503614204,160.32493591308594,0.0023651644207836053,411.0899963378906,-0.005589039846775834,185.0399932861328,0.00841342457381633,218.13999938964844,0.003963190440953612,102.79801940917969,58.2,1329.7222282608695,3.245,98.0019,0.09,5.122857142857143,22.84
2022-08-02,156.8611297607422,59907000,0.03211744766635882,0.08287225423298006,-0.016071515598512054,-0.040353690852311885,2.3374193548387097,295.13738709677415,3.596774193548387,23.93,121.9486,2.75,58.21290322580646,97.14,69.37181854248047,386.8079528808594,-0.007087657924683133,-0.006597486766504956,65.41935483870968,30.903225806451612,41.806451612903224,-0.004024248469242764,159.67974853515625,-0.0027488017049281943,409.9599914550781,-0.008592717226442836,183.4499969482422,-0.008985086271895315,216.17999267578125,-0.01325194957793352,101.43574523925781,58.21290322580646,1330.0149130434781,3.18,98.00163225806452,0.27,5.078571428571428,23.93
2022-08-03,162.8607177734375,82507500,0.020135310364987502,0.052142742035220735,-0.047857539041565644,-0.0919203540817971,2.3448387096774193,295.1777741935484,3.5935483870967744,21.95,122.3888,2.73,58.225806451612904,93.25,71.21668243408203,392.86517333984375,0.02659385223513855,0.015659503414734655,65.83870967741936,30.806451612903224,41.61290322580645,0.032734110212816914,164.90672302246094,0.035564487739631945,424.5400085449219,-0.008176615017460032,181.9499969482422,0.01045429661483288,218.44000244140625,0.03828937347136829,105.31965637207031,58.225806451612904,1330.307597826087,3.19,98.00136451612904,0.23,5.034285714285715,21.95
2022-08-04,162.54701232910156,55474100,0.017574542971858342,0.05175739327968243,-0.059004770723914524,-0.12410941433428824,2.3522580645161293,295.21816129032254,3.5903225806451613,21.44,121.8333,2.68,58.23870967741936,91.29,71.5419692993164,392.5997009277344,0.004567565549482788,-0.0006757341452603427,66.25806451612904,30.70967741935484,41.41935483870968,0.0034019512873071367,165.4677276611328,0.014250689384269322,430.5899963378906,0.01995056303213394,185.5800018310547,0.01602270628493896,221.94000244140625,0.018805664083298312,107.30026245117188,58.23870967741936,1330.6002826086956,3.063,98.00109677419356,0.22,4.99,21.44
2022-08-05,162.32122802734375,56697000,0.04082249815846839,0.037314845696756915,-0.06543707376391772,-0.16008474993711153,2.359677419354839,295.25854838709677,3.5870967741935487,21.15,122.321,2.83,58.25161290322581,91.77,71.37689208984375,391.9361572265625,-0.002307417744988327,-0.0016901278824306143,66.6774193548387,30.612903225806452,41.225806451612904,0.001638864587384159,165.73890686035156,0.006595592935378036,433.42999267578125,0.005226862868479731,186.5500030517578,-0.0010813980829229575,221.6999969482422,-0.012966028301927057,105.90900421142578,58.25161290322581,1330.8929673913042,2.968,98.00082903225807,0.37,5.022857142857143,21.15
2022-08-08,161.8500213623047,60276900,0.05046401891278807,0.016376350605350032,-0.054042503806211784,-0.15927977016693595,2.3819354838709677,295.3797096774193,3.57741935483871,21.29,121.8783,2.77,58.29032258064517,93.52,70.77002716064453,391.4811706542969,-0.008502260485583224,-0.0011608690953271994,67.93548387096774,30.322580645161292,40.645161290322584,-0.007841931381028955,164.43919372558594,0.0020995401275565317,434.3399963378906,-0.011900301176018702,184.3300018310547,-0.004555681194130634,220.69000244140625,-0.016329046035771566,104.17961120605469,58.29032258064517,1331.7710217391304,2.941,98.00002580645162,0.29,5.121428571428571,21.29
2022-08-09,161.89910888671875,63135500,0.04917541766334721,0.014006778370288187,-0.06342460382536841,-0.15625500696498285,2.3893548387096777,295.42009677419355,3.574193548387097,21.77,121.8614,2.8,58.303225806451614,93.18,70.06121063232422,389.9266052246094,-0.010015773015196627,-0.003970983909875714,68.35483870967742,30.225806451612904,40.45161290322581,-0.031218221332771412,159.30569458007812,-0.01788918607354617,426.57000732421875,0.0015190081729261617,184.61000061035156,-0.01155468314626007,218.13999938964844,-0.07576746444350546,96.28618621826172,58.303225806451614,1332.063706521739,3.078,97.99975806451613,0.33,5.154285714285714,21.77
2022-08-10,166.1399688720703,70170500,0.03137567276127462,-0.01010401308799136,-0.0701372657556395,-0.1743593883588478,2.3967741935483873,295.4604838709677,3.5709677419354837,19.74,120.7543,2.78,58.31612903225807,94.68,71.97404479980469,398.11669921875,0.02730232821009726,0.021004193826227535,68.7741935483871,30.129032258064516,40.25806451612903,0.027645868521640082,163.7098388671875,0.027732813768301723,438.3999938964844,0.009371083483123321,186.33999633789062,0.03749889042567989,226.32000732421875,0.05408384489172824,101.49371337890625,58.31612903225807,1332.3563913043479,3.213,97.99949032258066,0.35,5.187142857142857,19.74
2022-08-11,165.40370178222656,57149200,0.033592477862105063,0.009140123748408335,-0.030031373914346182,-0.198209263427503,2.404193548387097,295.50087096774195,3.567741935483871,20.2,120.7163,2.87,58.329032258064515,97.02,71.69245910644531,398.11669921875,-0.0039123227566632,0.0,69.19354838709677,30.032258064516128,40.064516129032256,-0.0030272475581812897,163.21424865722656,-0.008006339637120607,434.8900146484375,5.371775153872882e-05,186.35000610351562,0.00415335433102304,227.25999450683594,0.004569275585086796,101.95746612548828,58.329032258064515,1332.6490760869565,3.267,97.99922258064517,0.4,5.22,20.2
2022-08-12,168.9475860595703,68039400,-0.0033700774799905187,-0.04927372274343489,-0.10610108299662513,-0.14518518491758015,2.4116129032258065,295.5412580645161,3.564516129032258,19.53,121.018,2.84,58.34193548387097,94.86,73.11981201171875,404.85638427734375,0.019909386887596803,0.016928918258941383,69.61290322580645,29.93548387096774,39.87096774193548,0.026983541859702642,167.61834716796875,0.024787873752427636,445.6700134277344,0.013308267487587067,188.8300018310547,0.025301417490912748,233.00999450683594,0.045958366984643284,106.64326477050781,58.34193548387097,1332.941760869565,3.259,97.99895483870968,0.37,5.207142857142857,19.53
2022-08-15,170.0176239013672,54091700,-0.03245010556641259,-0.06819101126116522,-0.10323932949061121,-0.13419754942325512,2.4338709677419357,295.6624193548387,3.554838709677419,19.95,121.4315,2.79,58.380645161290325,92.24,73.58100128173828,406.524658203125,0.006307309295948693,0.004120656090823571,70.87096774193549,29.64516129032258,39.29032258064516,0.003514599314922595,168.20745849609375,0.012004342730599804,451.0199890136719,0.022559945271023896,193.08999633789062,0.004420406006518496,234.0399932861328,-0.005435705646595013,106.06358337402344,58.380645161290325,1333.8198152173914,3.21,97.99815161290323,0.35,5.168571428571428,19.95
2022-08-16,169.86056518554688,56377100,-0.03352026620237081,-0.08160451570978111,-0.11940146866928103,-0.14161745859811847,2.4412903225806453,295.7028064516129,3.5516129032258066,19.69,121.6807,2.82,58.39354838709678,89.23,73.38197326660156,407.3209228515625,-0.002704883212646836,0.001958711808422775,71.29032258064517,29.548387096774192,39.096774193548384,-0.004725025590449072,167.4126739501953,-0.0076714813963006945,447.55999755859375,-0.002382264559543379,192.6300048828125,-0.0017090835240084479,233.63999938964844,-0.011750640161254933,104.81726837158203,58.39354838709678,1334.1125,3.211,97.99788387096774,0.38,5.155714285714286,19.69
2022-08-17,171.35272216796875,79542000,-0.04021782454710565,-0.09928402820644977,-0.13663705727952447,-0.138992314358653,2.448709677419355,295.74319354838707,3.5483870967741935,19.9,122.0711,2.89,58.406451612903226,90.85,72.85762023925781,404.42974853515625,-0.00714552912659816,-0.0070980255474375475,71.70967741935483,29.451612903225808,38.903225806451616,-0.04976549818772302,159.081298828125,-0.02176242355774849,437.82000732421875,-0.00846184312669318,191.0,-0.023283694810894873,228.1999969482422,-0.02295145017956335,102.41156005859375,58.406451612903226,1334.4051847826086,3.319,97.99761612903227,0.43,5.142857142857142,19.9
2022-08-18,170.96002197265625,62290100,-0.023657635516344255,-0.09296569557612988,-0.11294867313885815,-0.14420428495588555,2.4561290322580644,295.7835806451613,3.545161290322581,19.56,122.3627,2.88,58.41935483870968,93.2,73.23632049560547,405.6051940917969,0.005197812598106255,0.0029064270393017733,72.12903225806451,29.35483870967742,38.70967741935484,0.0,159.081298828125,0.002763673278599388,439.0299987792969,-0.0014136349343504273,190.72999572753906,0.0028922159111994805,228.86000061035156,0.021414946919115385,104.60469818115234,58.41935483870968,1334.6978695652174,3.367,97.99734838709678,0.36,5.13,19.56
2022-08-19,168.3782196044922,70346300,-0.046058867214598176,-0.09159294180656075,-0.08523797591898741,-0.11981103478212407,2.463548387096774,295.82396774193546,3.541935483870968,20.6,123.0501,2.98,58.432258064516134,93.55,71.90607452392578,400.1546936035156,-0.018163746658456326,-0.013437945489050307,72.54838709677419,29.258064516129032,38.516129032258064,-0.012519624860151235,157.08966064453125,-0.03182015183369269,425.05999755859375,-0.01410371992693249,188.0399932861328,-0.027396680309968224,222.58999633789062,-0.03361968534610116,101.08792114257812,58.432258064516134,1334.990554347826,3.416,97.99708064516129,0.43,5.1899999999999995,20.6
2022-08-22,164.5005340576172,69026800,-0.03693959960139903,-0.0778181801991279,-0.08265190770883579,-0.09565569308209565,2.4858064516129033,295.945129032258,3.532258064516129,23.8,123.605,3.03,58.47096774193549,93.42,69.90098571777344,391.8224792480469,-0.027884831975985236,-0.02082248312629953,73.80645161290323,28.967741935483872,37.935483870967744,-0.024762147320046113,153.1997833251953,-0.03225425006781124,411.3500061035156,-0.01669857212167858,184.89999389648438,-0.027808987570177468,216.39999389648438,-0.03650954324126954,97.39724731445312,58.47096774193549,1335.868608695652,3.489,97.99627741935484,0.46,5.37,23.8
2022-08-23,164.1667938232422,54147100,-0.049751948050137385,-0.06739214794166837,-0.08664702079732611,-0.11346358597376016,2.493225806451613,295.98551612903225,3.5290322580645164,24.11,123.0547,3.05,58.483870967741936,96.46,69.71649932861328,390.8744812011719,-0.0026392530415096926,-0.0024194580379724995,74.2258064516129,28.870967741935484,37.74193548387097,0.0034791482675322616,153.7327880859375,-0.0022851645252429664,410.4100036621094,-0.008923709848298378,183.25,-0.012800319278183148,213.6300048828125,0.011110169377345436,98.4793472290039,58.483870967741936,1336.1612934782609,3.554,97.99600967741935,0.47,5.43,24.11
2022-08-24,164.46128845214844,53841500,-0.06154125922527409,-0.07801572349947372,-0.10207118392931613,-0.10207656519425667,2.5006451612903224,296.0259032258064,3.5258064516129033,22.82,123.109,3.11,58.49677419354839,95.52,69.76020050048828,392.1257629394531,0.0006268411681000785,0.0032012367101479366,74.64516129032258,28.774193548387096,37.54838709677419,-0.004622714845967768,153.02212524414062,-0.011598181630932958,405.6499938964844,-0.0014187967630883147,182.99000549316406,0.0037447351714829935,214.42999267578125,-0.0018688576788529199,98.29530334472656,58.49677419354839,1336.4539782608695,3.766,97.99574193548388,0.49,5.49,22.82
2022-08-25,166.91551208496094,51218200,-0.07098745540601381,-0.07445770741774249,-0.11327423273204296,-0.11003599514579743,2.5080645161290325,296.06629032258064,3.52258064516129,21.78,123.0586,3.03,58.50967741935484,93.33,70.93993377685547,397.66162109375,0.016911265562645994,0.014117557879387954,75.06451612903226,28.677419354838708,37.354838709677416,0.020898227823260562,156.2200164794922,-0.0042401115409409496,403.92999267578125,0.009891237249355589,184.8000030517578,0.026675378520167214,220.14999389648438,0.034686685457244515,101.70484161376953,58.50967741935484,1336.7466630434783,3.691,97.99547419354839,0.43,5.55,21.78
2022-08-26,160.62290954589844,78961000,-0.04773258330837271,-0.0011611555240670368,-0.07248524996192973,-0.09329133679941537,2.515483870967742,296.1066774193548,3.5193548387096776,25.56,123.0656,3.04,58.52258064516129,93.63,67.91048431396484,384.2011413574219,-0.0427044303765477,-0.033849079273241656,75.48387096774194,28.580645161290324,37.16129032258065,-0.050278202799658334,148.3655548095703,-0.05671775821930192,381.0199890136719,-0.0377164561991431,177.8300018310547,-0.056234340073816114,207.77000427246094,-0.059047652340015966,95.69940948486328,58.52258064516129,1337.039347826087,3.753,97.9952064516129,0.47,5.565714285714286,25.56
2022-08-29,158.4239501953125,73314000,-0.04244653874337445,-0.046722013794017414,-0.07150821114663253,-0.1048504633578593,2.537741935483871,296.2278387096774,3.509677419354839,26.21,123.4686,3.12,58.561290322580646,97.4,67.01232147216797,381.6607666015625,-0.013225687474771597,-0.006612095807118079,76.74193548387098,28.29032258064516,36.58064516129032,-0.01722524846283946,145.80992126464844,-0.015117262647971419,375.260009765625,-0.01687004425074523,174.8300018310547,-0.009914797690875332,205.7100067138672,-0.022874532836215766,93.51033020019531,58.561290322580646,1337.917402173913,3.651,97.99440322580645,0.54,5.612857142857143,26.21
2022-08-30,155.99917602539062,77906200,-0.018563784324876154,-0.02265433515246451,-0.10339175328520533,-0.11016170293680416,2.545161290322581,296.2682258064516,3.5064516129032257,26.21,123.6848,3.11,58.5741935483871,92.08,66.31322479248047,377.4709167480469,-0.010432360263445739,-0.010977942246522931,77.16129032258064,28.193548387096776,36.38709677419355,-0.015851421738778737,143.49862670898438,-0.0005063221138988938,375.07000732421875,-0.003431940154616231,174.22999572753906,-0.014097559966089634,202.80999755859375,-0.02092417904953303,91.55370330810547,58.5741935483871,1338.2100869565218,3.547,97.99413548387096,0.56,5.628571428571429,26.21
2022-08-31,154.3401336669922,87991100,-0.017554809346865263,-0.03084855066839942,-0.12097705993226782,-0.05689109115472468,2.5525806451612905,296.3086129032258,3.503225806451613,25.87,123.535,3.15,58.58709677419355,90.09,65.66751098632812,374.5987854003906,-0.009737330798992638,-0.007608881162024295,77.58064516129032,28.096774193548388,36.193548387096776,-0.007856703393736009,142.37120056152344,-0.004345868373856643,373.44000244140625,-0.0026401392777249955,173.77000427246094,-0.0052758349110504366,201.74000549316406,-0.004760616283477681,91.11785125732422,58.58709677419355,1338.5027717391304,3.422,97.99386774193549,0.67,5.644285714285714,25.87
2022-09-01,155.0666046142578,74229900,-0.003735419970292586,-0.045960986750727795,-0.0981894612959775,-0.05953390153649052,2.56,296.349,3.5,25.56,124.4006,3.26,58.6,87.09,65.34708404541016,375.774169921875,-0.004879535345639674,0.0031377157836431913,78.0,28.0,36.0,-0.005543576245447879,141.5819549560547,-0.00779242620791798,370.5299987792969,-0.021465217785686996,170.0399932861328,0.0010409014045815734,201.9499969482422,-0.024024870135214815,88.92875671386719,58.6,1338.7954565217392,3.27,97.9936,0.81,5.66,25.56
2022-09-02,152.95596313476562,76957800,0.04890582935842169,-0.008536109197394004,-0.06231957272666877,-0.04977104229178375,2.5773333333333333,296.4042666666667,3.5033333333333334,25.47,123.7743,3.2,58.64333333333334,87.29,64.49749755859375,371.8118591308594,-0.013001138447524596,-0.01054439370284388,77.76666666666667,28.066666666666666,35.93333333333333,-0.013670535198031186,139.64645385742188,-0.0064501771482285974,368.1400146484375,-0.010997384092110485,168.1699981689453,-0.01614258260014456,198.69000244140625,-0.006208439036484825,88.37664794921875,58.64333333333334,1339.0881413043478,3.354,98.00178,0.73,5.692857142857143,25.47
2022-09-06,151.69940185546875,73714800,-0.00446499879498341,0.01533690372299823,-0.052610942998893906,-0.04954861165595026,2.6466666666666665,296.62533333333334,3.5166666666666666,26.91,124.767,3.33,58.81666666666667,87.35,64.07025146484375,370.408935546875,-0.006624227449473663,-0.003773208275991591,76.83333333333333,28.333333333333332,35.666666666666664,-0.002691253262994353,139.2706298828125,0.000434544298815176,368.29998779296875,-0.002081172911561513,167.82000732421875,-0.002566861741196025,198.17999267578125,-0.010411781930891872,87.45648956298828,58.81666666666667,1340.2588804347827,3.306,98.03450000000001,0.85,5.824285714285714,26.91
2022-09-07,153.10324096679688,87449600,-0.004167923255995243,-0.014362791109307382,-0.06751756617201066,-0.08215522892981242,2.664,296.68059999999997,3.52,24.64,124.8408,3.27,58.86,82.5,65.09464263916016,377.06329345703125,0.01598856178796959,0.017964895745108622,76.6,28.4,35.6,0.016663197198715007,141.59132385253906,0.031007368466582363,379.7200012207031,0.018293361526904528,170.88999938964844,0.04041785276846399,206.19000244140625,0.01827429358750088,89.05469512939453,58.86,1340.5515652173913,3.318,98.04268,0.82,5.857142857142857,24.64
2022-09-08,151.63072204589844,84923800,-0.013531280368624388,-0.011135552205429389,-0.09303409356552717,-0.08601757967554668,2.6813333333333333,296.73586666666665,3.5233333333333334,23.61,124.578,3.29,58.903333333333336,84.04,65.31796264648438,379.5279235839844,0.0034306971859749957,0.00653638306809623,76.36666666666666,28.466666666666665,35.53333333333333,0.009489048184410764,142.9348907470703,0.01029707060344398,383.6300048828125,0.005559113766956614,171.83999633789062,0.01760514496256449,209.82000732421875,0.02012186340685518,90.84664154052734,58.903333333333336,1340.84425,3.309,98.05086,0.88,5.89,23.61
2022-09-09,154.48736572265625,68028800,-0.04238388840359664,-0.04409963016386809,-0.10770781009679109,-0.09203372734847526,2.6986666666666665,296.79113333333333,3.526666666666667,22.79,123.7874,3.33,58.946666666666665,87.27,66.6093521118164,385.42401123046875,0.019770816679040015,0.01553531974882394,76.13333333333334,28.533333333333335,35.46666666666667,0.013475378016544859,144.86099243164062,0.029064446874770278,394.7799987792969,0.016526980903248667,174.67999267578125,0.00886467108300315,211.67999267578125,0.029000917156828843,93.48127746582031,58.946666666666665,1341.1369347826087,3.349,98.05904,0.91,5.908571428571428,22.79
2022-09-12,160.4364013671875,104956000,-0.05476367558272688,-0.07746443910994105,-0.1496055870257439,-0.1287045526308781,2.7506666666666666,296.9569333333333,3.5366666666666666,23.87,123.3332,3.37,59.07666666666667,88.18,67.67744445800781,389.5663757324219,0.016035170923122122,0.010747551738482963,75.43333333333334,28.733333333333334,35.266666666666666,0.009534307813360732,146.2421417236328,0.00400219508878652,396.3599853515625,0.0019464827738502333,175.02000427246094,0.016439961766524958,215.16000366210938,-0.0021759147190947292,93.27787017822266,59.07666666666667,1342.0149891304347,3.38,98.08358,0.95,5.9642857142857135,23.87
2022-09-13,151.02206420898438,122656600,0.01989071453440916,-0.01352084824047406,-0.10075421965121689,-0.05921949865125953,2.7680000000000002,297.0122,3.54,27.27,124.4242,3.42,59.12,87.84,64.08480834960938,372.6271057128906,-0.05308468925163956,-0.043482371874841164,75.2,28.8,35.2,-0.04754257691755903,139.28941345214844,-0.07056708985978055,368.3900146484375,-0.046280458837756666,166.9199981689453,-0.03169737501459147,208.33999633789062,-0.06137075246376267,87.55333709716797,59.12,1342.3076739130436,3.328,98.09176000000001,0.98,5.982857142857142,27.27
2022-09-14,152.46511840820312,87965400,-0.010237537122368634,-0.03521973780103471,-0.07932512499557143,-0.061803427037394276,2.7853333333333334,297.0674666666667,3.5433333333333334,26.16,124.4509,3.41,59.163333333333334,88.88,64.31784057617188,374.0489501953125,0.0036363099549461264,0.003815730151196739,74.96666666666667,28.866666666666667,35.13333333333333,0.013490649200725846,141.16851806640625,0.008496360489633092,371.5199890136719,0.0018571624849887947,167.22999572753906,0.000864010452790609,208.52000427246094,0.0027657352769843158,87.79548645019531,59.163333333333334,1342.6003586956522,3.145,98.09994,0.95,6.001428571428571,26.16
2022-09-15,149.57896423339844,90481100,0.002428590096693828,-0.06490763308917535,-0.0918160481992556,-0.05855751316944213,2.8026666666666666,297.1227333333333,3.546666666666667,26.27,124.8843,3.45,59.20666666666666,85.72,62.83709716796875,369.80224609375,-0.02302228114218907,-0.01135333784346959,74.73333333333333,28.933333333333334,35.06666666666667,-0.015840144753027086,138.93238830566406,-0.1679317021312774,309.1300048828125,-0.024995472000080343,163.0500030517578,-0.03462498116616752,201.3000030517578,-0.01897618342076879,86.12946319580078,59.20666666666666,1342.8930434782608,2.968,98.10812,1.02,6.02,26.27
2022-09-16,147.93959045410156,162278800,-0.0017916801309986186,-0.08294650776056078,-0.055009974349609636,-0.0927245780949647,2.82,297.178,3.55,26.3,124.8794,3.45,59.25,85.57,62.487552642822266,366.9810791015625,-0.005562709623777251,-0.007628853047778161,74.5,29.0,35.0,0.009738307424882908,140.2853546142578,-0.031151957851723644,299.5,0.007482374718606133,164.27000427246094,-0.031445612196176365,194.97000122070312,-0.0005623092805567831,86.0810317993164,59.25,1343.1857282608696,2.942,98.11630000000001,1.07,6.058571428571428,26.3
2022-09-19,151.6503143310547,81474200,-0.024015966103724362,-0.07787399677317275,-0.06945878953228113,-0.12782803938801968,2.872,297.3438,3.56,25.76,125.0104,3.49,59.38,86.15,62.99711227416992,369.8269958496094,0.00815457814871201,0.007754941358323553,73.8,29.2,34.8,0.0020094105326655676,140.56724548339844,-0.011485817834411494,296.05999755859375,0.017775601710596778,167.19000244140625,0.009847659419009336,196.88999938964844,0.009564636053083664,86.90436553955078,59.38,1344.0637826086956,3.056,98.14084,1.15,6.174285714285714,25.76
2022-09-20,154.0260009765625,107689800,-0.03275994407904381,-0.06883375562003236,-0.0831101038928308,-0.154942299812725,2.8893333333333335,297.39906666666667,3.5633333333333335,27.16,125.1248,3.57,59.42333333333333,84.69,62.627220153808594,365.5818786621094,-0.005871572632591748,-0.011478656872377924,73.56666666666666,29.266666666666666,34.733333333333334,0.0011358831725052365,140.72691345214844,-0.016888468692939362,291.05999755859375,-0.0011962255237856212,166.99000549316406,-0.009751628700783388,194.97000122070312,-0.01783345034369621,85.35456085205078,59.42333333333333,1344.3564673913042,3.192,98.14902000000001,1.17,6.212857142857143,27.16
2022-09-21,150.9042510986328,101696800,-0.025240602281514035,-0.04761892242818033,-0.06720018006683948,-0.13791655750384169,2.9066666666666667,297.45433333333335,3.566666666666667,27.99,125.7399,3.51,59.46666666666667,83.38,61.64897537231445,359.2048645019531,-0.01562012139596225,-0.01744346350944337,73.33333333333333,29.333333333333332,34.666666666666664,-0.00894620749567454,139.4679412841797,-0.016354050043124735,286.29998779296875,-0.005689036324213692,166.0399932861328,-0.013078950791364341,192.4199981689453,-0.01168857322571526,84.35688781738281,59.46666666666667,1344.649152173913,3.2,98.1572,1.13,6.251428571428572,27.99
2022-09-22,149.94223022460938,86652500,-0.06717308729130911,-0.04785941525738169,-0.03581264105825266,-0.11172810899054342,2.924,297.5096,3.57,27.35,126.1667,3.7,59.51,84.02,61.021156311035156,356.1875,-0.010183771222274651,-0.008400121490940271,73.1,29.4,34.6,-0.020883854361149257,136.55531311035156,0.0026545923787275605,287.05999755859375,-0.022404156301689904,162.32000732421875,-0.02738802786929584,187.14999389648438,-0.023538852831725854,82.37122344970703,59.51,1344.9418369565217,3.25,98.16538,1.29,6.29,27.35
2022-09-23,147.67453002929688,96029900,-0.08130049210590873,-0.06873653001374869,-0.006514777126426341,-0.11952854298998616,2.9413333333333336,297.56486666666666,3.5733333333333333,29.92,127.2853,3.69,59.553333333333335,79.07,60.22298812866211,350.2196044921875,-0.013080187768069296,-0.016754926851201946,72.86666666666666,29.466666666666665,34.53333333333333,-0.023531143088573847,133.34201049804688,-0.008708980774967512,284.55999755859375,-0.008316942105720315,160.97000122070312,-0.013839147327587953,184.55999755859375,-0.008819475016164868,81.6447525024414,59.553333333333335,1345.2345217391305,3.112,98.17356000000001,1.32,6.348571428571429,29.92
2022-09-26,148.00828552246094,93339400,-0.05518331120073661,-0.0686476139734229,0.010413231268745715,-0.12397206107174008,2.993333333333333,297.73066666666665,3.5833333333333335,32.26,128.4539,3.88,59.68333333333333,77.17,59.80442810058594,346.75506591796875,-0.006950170376500586,-0.009892474692392739,72.16666666666667,29.666666666666668,34.333333333333336,-0.007750807843087015,132.30850219726562,-0.026707921593760564,276.9599914550781,0.00875941884460918,162.3800048828125,-0.0030883835769922596,183.99000549316406,-0.016015936694289024,80.3371353149414,59.68333333333333,1346.1125760869566,3.052,98.19810000000001,1.56,6.524285714285714,32.26
2022-09-27,148.98011779785156,84442700,-0.03729561376223289,-0.08421189768773918,-0.015880271552561664,-0.14176497693822976,3.010666666666667,297.78593333333333,3.586666666666667,32.6,128.4386,3.97,59.72666666666667,78.91,59.88229751586914,345.86993408203125,0.0013020677190029861,-0.0025526140003010456,71.93333333333334,29.733333333333334,34.266666666666666,0.007030355312035441,133.23867797851562,0.002202541478773634,277.57000732421875,0.004618795279266452,163.1300048828125,0.02157726562408646,187.9600067138672,0.014588769613224084,81.5091552734375,59.72666666666667,1346.4052608695652,3.244,98.20628,1.64,6.582857142857143,32.6
2022-09-28,147.0953369140625,146691400,-0.02295778855689401,-0.07674874793050657,-0.03363606375077277,-0.15744073676042836,3.028,297.8412,3.59,30.18,128.0884,3.72,59.769999999999996,82.61,60.51499557495117,352.6753845214844,0.010565694459441222,0.01967632849474299,71.7,29.8,34.2,0.019533367766347176,135.84127807617188,0.013798272404092815,281.3999938964844,0.02353948521395033,166.97000122070312,0.016067189326446574,190.97999572753906,0.021984602896710115,83.30110168457031,59.769999999999996,1346.697945652174,3.443,98.21446,1.39,6.6414285714285715,30.18
2022-09-29,139.87014770507812,128138200,0.020704454139134354,0.0035794351843063676,0.09306564206957257,-0.08881948785418259,3.0453333333333332,297.8964666666667,3.5933333333333333,31.84,127.5437,3.76,59.81333333333333,81.78,58.9381217956543,345.3082580566406,-0.026057570761016224,-0.020889256206070628,71.46666666666667,29.866666666666667,34.13333333333333,-0.01791419348330925,133.4077911376953,-0.011194008403721312,278.25,-0.013655140220566575,164.69000244140625,-0.00795889123298732,189.4600067138672,-0.018372126719178428,81.77068328857422,59.81333333333333,1346.9906304347826,3.752,98.22264,1.57,6.7,31.84
2022-09-30,135.66851806640625,124925300,0.013675812367593299,0.0013024154745853167,0.10955147420385081,-0.058281292949905805,3.062666666666667,297.9517333333333,3.5966666666666667,31.62,127.5148,3.83,59.85666666666666,79.91,57.808998107910156,339.9685974121094,-0.019157781981226862,-0.015463460603526546,71.23333333333333,29.933333333333334,34.06666666666667,-0.0186634744795644,130.91793823242188,-0.010961321807614555,275.20001220703125,-0.007650796933306836,163.42999267578125,-0.014039921713539516,186.8000030517578,-0.029495476097018414,79.35881805419922,59.85666666666666,1347.2833152173914,3.522,98.23082000000001,1.68,6.694285714285715,31.62
2022-10-03,139.8406982421875,114311700,-0.014250703795037456,-0.00028075420640294446,0.057564105361936235,-0.12055141522816049,3.1251612903225805,298.05725806451613,3.6,30.1,127.0813,3.67,59.693548387096776,84.05,59.60002517700195,348.9441833496094,0.030981804350743936,0.026401220600442032,71.06451612903226,29.741935483870968,33.87096774193548,0.04155323212396311,136.35800170898438,0.036482476678782794,285.239990234375,0.04191400850824811,170.27999877929688,0.03029980497666873,192.4600067138672,0.052728015436679154,83.54325103759766,59.693548387096776,1348.0508695652175,3.322,98.18845161290324,1.43,6.677142857142857,30.1
2022-10-04,143.42381286621094,87830100,-0.04873384249224655,-0.016084817121221118,-0.007323853815282111,-0.13367815237169345,3.147741935483871,298.0823870967742,3.6,29.07,126.1819,3.62,59.59032258064516,86.87,61.60030746459961,359.75677490234375,0.03356176917135789,0.03098659346873589,71.09677419354838,29.612903225806452,33.806451612903224,0.03941292414650355,141.73226928710938,0.03411166498194462,294.9700012207031,0.006166332272052433,171.3300018310547,0.039125005282223846,199.99000549316406,0.03663765923138618,86.60408020019531,59.59032258064516,1348.2883043478262,3.44,98.16317741935484,1.38,6.671428571428572,29.07
2022-10-05,143.71835327148438,79471000,-0.05505489808281927,-0.017349692516801074,-0.05136628881655547,-0.14462184163760572,3.1703225806451614,298.10751612903226,3.6,28.55,126.8616,3.76,59.487096774193546,88.22,61.80472183227539,358.919189453125,0.0033183984965212687,-0.0023281992380715932,71.12903225806451,29.483870967741936,33.74193548387097,0.006894498031235319,142.70944213867188,0.008170334787048983,297.3800048828125,-0.009513832168284275,169.6999969482422,0.022701100862202894,204.52999877929688,-0.0021250298422128555,86.4200439453125,59.487096774193546,1348.5257391304349,3.641,98.13790322580645,1.54,6.6657142857142855,28.55
2022-10-06,142.76608276367188,68402200,-0.016777646933334278,-0.01402731288098591,-0.046898363223652706,-0.107233422378333,3.1929032258064516,298.1326451612903,3.6,30.52,127.2493,3.83,59.383870967741935,88.9,61.29856872558594,355.2167053222656,-0.00818955399658694,-0.01031564831209153,71.16129032258064,29.35483870967742,33.67741935483871,-0.006057349149531155,141.84500122070312,0.003463577787292005,298.4100036621094,-0.0076016105440841475,168.41000366210938,0.0065515882554547655,205.8699951171875,-0.012329120012204209,85.35456085205078,59.383870967741935,1348.7631739130436,3.803,98.11262903225807,1.61,6.66,30.52
2022-10-07,137.52389526367188,85925600,-0.01220646358731603,0.051252967180108744,-0.006706709127919264,-0.06941309693383801,3.215483870967742,298.1577741935484,3.6,31.36,127.3111,3.89,59.28064516129032,93.07,58.77751159667969,345.3082580566406,-0.04112750397472109,-0.027894091457876913,71.19354838709677,29.225806451612904,33.61290322580645,-0.040074208628829266,136.16067504882812,-0.03230459612658598,288.7699890136719,-0.05646938755909936,158.89999389648438,-0.054063194676270854,194.74000549316406,-0.06264162452102073,80.0078125,59.28064516129032,1349.000608695652,3.928,98.08735483870969,1.62,6.6971428571428575,31.36
2022-10-10,137.84786987304688,74899000,0.014171909269849348,0.06430707644610956,-0.00490369822973169,-0.06746293280118065,3.283225806451613,298.2331612903226,3.6,32.45,127.57585,3.92,58.97096774193548,91.6,57.7895393371582,342.6717834472656,-0.01680867788859053,-0.007635133385493931,71.29032258064517,28.838709677419356,33.41935483870968,-0.02773934585214244,132.3836669921875,-0.010561997122299105,285.7200012207031,-0.02636870574926997,154.7100067138672,-0.019051076354197893,191.02999877929688,-0.04128339059906261,76.70481872558594,58.97096774193548,1349.7129130434782,3.70225,98.01153225806452,1.62,6.808571428571429,32.45
2022-10-11,136.43421936035156,77033700,0.03432165132055509,0.09612918760728939,-0.027962658447776345,-0.037908356822507705,3.305806451612903,298.25829032258065,3.6,33.63,127.6641,3.93,58.86774193548387,89.75,56.90375518798828,340.5016174316406,-0.015327759302631638,-0.006333074739312328,71.3225806451613,28.70967741935484,33.354838709677416,-0.014904166670508756,130.4105987548828,-0.003114988956443465,284.8299865722656,-0.043113005870851095,148.0399932861328,0.0,191.02999877929688,-0.03649456218480995,73.90550994873047,58.86774193548387,1349.950347826087,3.627,97.98625806451614,1.62,6.845714285714286,33.63
2022-10-12,135.8059539794922,70433700,0.03990200646526332,0.079586489215554,0.06342097164562643,-0.034036955885943465,3.3283870967741933,298.2834193548387,3.6,33.57,128.1481,3.91,58.76451612903226,87.83,56.72854995727539,339.3785095214844,-0.0030789748432960007,-0.0032983922914308073,71.35483870967742,28.580645161290324,33.29032258064516,-0.0015130012686932481,130.21328735351562,0.004634369225319679,286.1499938964844,-0.000472791600945377,147.97000122070312,0.01366277876265376,193.63999938964844,-0.0038007862748856702,73.6246109008789,58.76451612903226,1350.1877826086957,3.623,97.96098387096775,1.62,6.882857142857143,33.57
2022-10-13,140.3708038330078,113224000,0.0027972655867414264,0.012658080616861467,0.048663050972890254,-0.055993141247835054,3.350967741935484,298.3085483870968,3.6,31.94,127.7286,3.97,58.66129032258065,89.59,58.4903678894043,348.33502197265625,0.03105698864955664,0.026390923997516413,71.38709677419355,28.451612903225808,33.225806451612904,0.030016553276449587,134.12184143066406,0.03001920853088702,294.739990234375,0.017435978980675282,150.5500030517578,0.0010845213516272878,193.85000610351562,0.0448623204362637,76.92758178710938,58.66129032258065,1350.4252173913044,3.81,97.93570967741935,1.63,6.92,31.94
2022-10-14,135.84521484375,88598000,0.06424361815312829,0.12545188274367303,0.07331968811441669,-0.016002804526061176,3.373548387096774,298.33367741935484,3.6,32.02,128.3325,4.0,58.55806451612903,86.1,56.84535598754883,340.39697265625,-0.028124492308988613,-0.022788547851009255,71.41935483870968,28.322580645161292,33.16129032258065,-0.04217167858823778,128.4656982421875,-0.023071140728346484,287.94000244140625,-0.02059120584972607,147.4499969482422,-0.020840899756095488,189.80999755859375,-0.05791986394595605,72.4719467163086,58.55806451612903,1350.662652173913,3.647,97.91043548387097,1.59,6.922857142857143,32.02
2022-10-17,139.8014373779297,85250900,0.049434584726720354,0.07675004668726682,0.055325420892123445,-0.04898348367670169,3.4412903225806453,298.40906451612904,3.6,31.37,127.6448,4.02,58.248387096774195,86.0,58.577972412109375,349.1440734863281,0.030479471796078572,0.025696764462448396,71.51612903225806,27.935483870967744,32.96774193548387,0.017479838767150202,130.7112579345703,0.019309569741790877,293.5,0.04489664640888602,154.07000732421875,0.04683630738103828,198.6999969482422,-0.005479604629645363,72.0748291015625,58.248387096774195,1351.3749565217393,3.711,97.8346129032258,1.57,6.9314285714285715,31.37
2022-10-18,141.1168670654297,99136600,0.05975659139284417,0.048000185981433185,0.036777936546811274,-0.05743020154656542,3.4638709677419355,298.4341935483871,3.6,30.5,127.9153,4.01,58.145161290322584,83.29,59.07439422607422,353.2464294433594,0.008474547573487312,0.01174975108718801,71.54838709677419,27.806451612903224,32.903225806451616,0.014232410682193608,132.57159423828125,-0.0017716831811648293,292.9800109863281,0.009670864954523628,155.55999755859375,0.010065425418808394,200.6999969482422,0.011020015683298912,72.86909484863281,58.145161290322584,1351.612391304348,3.504,97.80933870967742,1.6,6.934285714285714,30.5
2022-10-19,141.22488403320312,61758300,0.03816175226469887,0.00813251716797514,0.049423066575591035,-0.04004812802677471,3.4864516129032257,298.45932258064516,3.6,30.76,128.3968,4.14,58.04193548387097,86.0,58.90406036376953,350.7431640625,-0.002883378907836631,-0.007086456287198617,71.58064516129032,27.677419354838708,32.83870967741935,0.0016299095832374988,132.7876739501953,0.023380351317746184,299.8299865722656,-0.011828210123219884,153.72000122070312,-0.01833578839929062,197.02000427246094,0.02698391326316618,74.83538818359375,58.04193548387097,1351.8498260869565,3.407,97.78406451612904,1.72,6.937142857142858,30.76
2022-10-20,140.76345825195312,64522000,0.009833308654217943,-0.03145264742591769,0.05684474726164801,-0.01426806982794937,3.509032258064516,298.48445161290323,3.6,29.98,128.0052,4.24,57.938709677419354,86.02,58.9381217956543,347.8020935058594,0.0005782526989550618,-0.00838525410609725,71.61290322580645,27.548387096774192,32.774193548387096,0.005306943290065869,133.49237060546875,0.008504880848307916,302.3800048828125,-0.004358562084470496,153.0500030517578,0.004111245259509788,197.8300018310547,0.018120724767821228,76.19145965576172,57.938709677419354,1352.0872608695652,3.282,97.75879032258065,1.73,6.94,29.98
2022-10-21,144.57240295410156,86548600,0.05751339594289928,-0.05880662991122565,0.006691717951508025,-0.03058039745228791,3.5316129032258066,298.5095806451613,3.6,29.69,127.6735,4.21,57.83548387096774,85.47,60.51499557495117,356.2541809082031,0.026754734139036396,0.024301427622664296,71.64516129032258,27.419354838709676,32.70967741935484,0.03174226695239768,137.72972106933594,0.0131952846416592,306.3699951171875,0.034563823460649346,158.33999633789062,0.017995235938146337,201.38999938964844,0.047800510425654696,79.83345031738281,57.83548387096774,1352.324695652174,3.389,97.73351612903225,1.69,6.96,29.69
2022-10-24,146.71246337890625,75981900,0.026028741913112885,-0.0689164413577692,0.006551465488944919,-0.04921160260045088,3.599354838709677,298.5849677419355,3.6,29.85,128.0304,4.25,57.52580645161291,86.12,61.35209274291992,360.6134338378906,0.013832888195983717,0.012236355847317748,71.74193548387096,27.032258064516128,32.516129032258064,-0.014052561112000483,135.7942657470703,0.03215068792800024,316.2200012207031,0.011873215399100134,160.22000122070312,0.028303277052073694,207.08999633789062,0.030575128082852343,82.27436828613281,57.52580645161291,1353.037,3.749,97.6576935483871,1.66,7.0200000000000005,29.85
2022-10-25,149.54953002929688,74732300,-0.011093495909244022,-0.08276605422493777,-0.0066916453811587395,-0.05344092641496001,3.6219354838709674,298.61009677419355,3.6,28.46,127.3771,4.1,57.42258064516129,86.93,62.525028228759766,366.3719482421875,0.01911810067758779,0.015968663016823648,71.7741935483871,26.903225806451612,32.45161290322581,0.01273072729628355,137.5230255126953,0.023939052858757526,323.7900085449219,-0.05554858212879821,151.32000732421875,0.041672727004792964,215.72000122070312,0.030492033191065193,84.7830810546875,57.42258064516129,1353.2744347826088,3.764,97.63241935483872,1.59,7.04,28.46
2022-10-26,146.61427307128906,88194300,-0.02892539147316553,-0.0954553529770944,-0.006657533793210213,-0.021278214433388398,3.644516129032258,298.6352258064516,3.6,27.28,126.4723,4.04,57.31935483870968,89.39,61.133094787597656,363.6116638183594,-0.022262020195647936,-0.007534104172198908,71.80645161290323,26.774193548387096,32.38709677419355,-0.034091525644509346,132.83465576171875,-0.01022266738083899,320.4800109863281,-0.015001349210862935,149.0500030517578,-0.005377357943376682,214.55999755859375,0.00696906095086991,85.37393951416016,57.31935483870968,1353.5118695652175,4.013,97.60714516129032,1.6,7.0600000000000005,27.28
2022-10-27,142.1476287841797,109180200,-0.040883931760140046,0.015978252830383566,-0.0023532096644116596,-0.010792646933640682,3.6670967741935483,298.6603548387097,3.6,27.39,126.7028,3.96,57.21612903225807,89.06,60.43711853027344,361.6699523925781,-0.01138460697503274,-0.0053400691424222435,71.83870967741936,26.64516129032258,32.32258064516129,-0.004951150152800787,132.17697143554688,-0.005710237852936895,318.6499938964844,-0.003153312385642315,148.5800018310547,-0.0205537085770382,210.14999389648438,-0.018152956716421476,83.82415008544922,57.21612903225807,1353.7493043478262,4.099,97.58187096774193,1.51,7.08,27.39
2022-10-28,152.8872528076172,164762400,-0.10999390296177924,-0.037188040782788256,-0.09204960787431138,-0.07198327601079446,3.6896774193548385,298.68548387096774,3.6,25.75,127.2135,4.02,57.112903225806456,87.85,63.06525802612305,370.2743835449219,0.04348551949135615,0.023790837738723702,71.87096774193549,26.516129032258064,32.25806451612903,0.02985506242532332,136.1231231689453,0.02206181990883893,325.67999267578125,0.019518063405207453,151.47999572753906,0.029693103375666885,216.38999938964844,0.036746157890794384,86.90436553955078,57.112903225806456,1353.986739130435,4.365,97.55659677419355,1.51,7.061428571428571,25.75
2022-10-31,150.5312042236328,97943200,-0.09253657270248494,-0.031394557826577074,-0.03302736595753175,-0.05001138850220466,3.7574193548387096,298.76087096774194,3.6,25.88,127.6219,4.1,56.803225806451614,86.54,62.23301315307617,367.5997009277344,-0.013196566526408882,-0.007223515144581971,71.96774193548387,26.129032258064516,32.064516129032256,-0.015599097182872002,133.99972534179688,-0.02204615830647305,318.5,-0.0005941136812050996,151.38999938964844,-0.009658470094670246,214.3000030517578,-0.015938400430736244,85.51924896240234,56.803225806451614,1354.6990434782608,4.183,97.48077419354838,1.58,7.005714285714286,25.88
2022-11-01,147.8905029296875,80379300,-0.07247657692533094,-0.0023969908849964527,-0.013899596291927718,0.0027890606750697877,3.78,298.786,3.6,25.81,127.3987,4.07,56.7,88.36,61.712249755859375,365.9911804199219,-0.008367960521787121,-0.004375739435459214,72.0,26.0,32.0,0.014584129961422443,135.95399475097656,-0.0077865337090364806,316.0199890136719,-0.0030385541695077123,150.92999267578125,-0.0011665888774607946,214.0500030517578,0.01698929065188448,86.97216033935547,56.7,1354.9364782608695,3.309,97.4555,1.56,6.9871428571428575,25.81
2022-11-02,142.37339782714844,93604600,-0.06851168892661907,0.027627748448301626,0.020859146743563706,0.06706429812585135,3.7906666666666666,298.78753333333333,3.5966666666666667,25.86,127.3115,4.1,56.803333333333335,90.06,59.58054733276367,356.80621337890625,-0.03454261401146386,-0.025096143110544866,71.86666666666666,25.866666666666667,31.933333333333334,-0.02391154270186102,132.703125,-0.046832441957741056,301.2200012207031,-0.038693411656328336,145.08999633789062,-0.068535379396365,199.3800048828125,-0.02260821966355886,85.00587463378906,56.803333333333335,1355.1739130434783,3.371,97.3988,1.57,6.968571428571429,25.86
2022-11-03,136.33607482910156,97918500,0.059286030620751884,0.0870538195021533,0.05755506959714585,0.09433827114979532,3.801333333333333,298.78906666666666,3.5933333333333333,25.3,128.1743,4.14,56.906666666666666,88.14,57.828468322753906,353.1322021484375,-0.029406896855515896,-0.01029693736461701,71.73333333333333,25.733333333333334,31.866666666666667,-0.02279807175762394,129.67774963378906,-0.05076026984582249,285.92999267578125,-0.01536974142824965,142.86000061035156,-0.02588024644267717,194.22000122070312,-0.01663640549314349,83.59168243408203,56.906666666666666,1355.411347826087,3.605,97.3421,1.74,6.95,25.3
2022-11-04,136.07058715820312,140814800,0.08180377912159909,0.09329374236475108,0.03273611211724514,0.11757470292756222,3.812,298.7906,3.5900000000000003,24.55,127.1468,4.17,57.010000000000005,92.58,58.88458251953125,358.2148742675781,0.01826287687377315,0.014393114216766145,71.6,25.6,31.8,0.045428161308720405,135.5687713623047,-0.0006294991095436853,285.75,-0.003149915625924926,142.41000366210938,-0.002728857872339341,193.69000244140625,0.06257246250158244,88.82221984863281,57.010000000000005,1355.6487826086957,3.596,97.2854,1.69,6.968571428571429,24.55
2022-11-07,136.6015625,83374600,0.06737683639548186,0.06543320614097792,0.014540476658564394,0.09357920628395777,3.844,298.7952,3.58,24.35,126.3062,4.22,57.32,91.8,59.867698669433594,361.6414489746094,0.01669564608998053,0.009565696326924833,71.2,25.2,31.6,0.03215753939244559,139.92832946777344,0.04825899753253493,299.5400085449219,0.02520887750560319,146.0,0.006143850619064528,194.8800048828125,0.036423306917150455,92.05741882324219,57.32,1356.3610869565218,3.449,97.1153,1.69,7.024285714285714,24.35
2022-11-08,137.17190551757812,89908500,0.07555559708457382,0.07655896783184479,0.022580513828162063,0.08150518515749927,3.8546666666666662,298.79673333333335,3.5766666666666667,25.54,125.633,4.14,57.42333333333333,88.8,60.441993713378906,363.5926208496094,0.009592736261942347,0.005395321472503545,71.06666666666666,25.066666666666666,31.533333333333335,0.014167627099662461,141.91078186035156,0.008780145582516052,302.1700134277344,0.021232918517230415,149.10000610351562,0.02119247496174337,199.00999450683594,0.025462720088843538,94.40145111083984,57.42333333333333,1356.5985217391305,3.368,97.0586,1.64,7.042857142857143,25.54
2022-11-09,132.61915588378906,74917800,0.10321056768188153,0.12011569231817143,0.05405214783607892,0.12138028602990403,3.865333333333333,298.7982666666667,3.5733333333333333,26.09,125.9861,4.12,57.52666666666667,85.79,58.8699836730957,356.1018981933594,-0.026008573571179805,-0.020601965570000824,70.93333333333334,24.933333333333334,31.466666666666665,-0.01860430858690587,139.2706298828125,-0.01092106484396771,298.8699951171875,-0.008987334284542903,147.75999450683594,-0.022109411677478485,194.61000061035156,-0.03160266465439088,91.4181137084961,57.52666666666667,1356.8359565217393,3.179,97.00189999999999,1.7,7.061428571428571,26.09
2022-11-10,144.4188995361328,118854000,0.02621368363097276,0.00844269040640433,-0.016204847581581805,0.04912454645645692,3.876,298.7998,3.5700000000000003,23.53,124.7044,3.82,57.63,86.52,63.70768356323242,375.671142578125,0.0821760018993789,0.05495405804924891,70.8,24.8,31.4,0.08189967613429694,150.67684936523438,0.10399176095832985,329.95001220703125,0.09650792024742039,162.02000427246094,0.14567599822517874,222.9600067138672,0.11029876848082032,101.50141906738281,57.63,1357.073391304348,3.096,96.9452,1.43,7.08,23.53
2022-11-11,147.20167541503906,93979700,0.010621115829787309,-0.03660657930349187,-0.028256633740053494,0.02494244589177841,3.8866666666666663,298.80133333333333,3.566666666666667,22.52,124.385225,3.835,57.733333333333334,89.14,64.79785919189453,379.3070983886719,0.017112153003963293,0.00967856031100589,70.66666666666667,24.666666666666668,31.333333333333332,0.023009171465265377,154.143798828125,0.03394448030032371,341.1499938964844,0.03011967346832689,166.89999389648438,0.026193021896457447,228.8000030517578,0.0547762574156303,107.06128692626953,57.733333333333334,1357.3108260869565,3.10725,96.8885,1.45,7.012857142857143,22.52
2022-11-14,145.8053436279297,73374100,-0.0018209410099880863,-0.04794956286427321,-0.03419183027490247,0.04914479086858781,3.9186666666666663,298.8059333333333,3.5566666666666666,23.73,123.4277,3.88,58.04333333333334,85.85,64.2430419921875,376.0804443359375,-0.008562276695962656,-0.008506706218896154,70.26666666666667,24.266666666666666,31.133333333333333,-0.017066773523733203,151.5130615234375,-0.0022863807511412926,340.3699951171875,0.006171353007572433,167.92999267578125,-0.023994778933294603,223.30999755859375,-0.026418082231570383,104.2329330444336,58.04333333333334,1358.0231304347826,3.141,96.7184,1.51,6.811428571428571,23.73
2022-11-15,147.5360107421875,89868300,0.0009328859893349417,-0.013396428970350316,-0.09024275720556174,0.026024209529089015,3.929333333333333,298.80746666666664,3.5533333333333332,24.54,123.039,3.8,58.14666666666667,86.87,65.0217514038086,379.28802490234375,0.012121303529116778,0.008528974624218977,70.13333333333334,24.133333333333333,31.066666666666666,0.02424659300109977,155.18673706054688,0.016423293527874083,345.9599914550781,0.004823514873526502,168.74000549316406,0.04025796243540425,232.3000030517578,0.026484592065052714,106.99349975585938,58.14666666666667,1358.2605652173913,3.242,96.6617,1.45,6.744285714285715,24.54
2022-11-16,146.30685424804688,64218300,0.015323570251698726,-0.0032258885403414483,-0.09597432972416786,0.026835959328210812,3.9399999999999995,298.80899999999997,3.5500000000000003,24.11,123.2817,3.67,58.25,85.62,64.13109588623047,376.3945007324219,-0.013697808784737808,-0.007628830809163767,70.0,24.0,31.0,-0.023611946057143895,151.52247619628906,-0.02182329743163114,338.4100036621094,0.0007111242934763062,168.86000061035156,-0.048041341005160776,221.13999938964844,-0.05649118373468287,100.94931030273438,58.25,1358.498,3.232,96.60499999999999,1.38,6.677142857142857,24.11
2022-11-17,148.20465087890625,80389400,-0.017317049565828024,-0.01930752805078695,-0.12174916655856127,-0.013357919598383172,3.9506666666666663,298.81053333333335,3.546666666666667,23.93,123.977,3.77,58.35333333333333,81.69,64.21383666992188,375.2428283691406,0.0012901819709769669,-0.00305974811279186,69.86666666666666,23.866666666666667,30.933333333333334,0.0012402598664655873,151.7104034423828,-0.0017139478253216378,337.8299865722656,-0.0222669341066285,165.10000610351562,-0.029212294165220976,214.67999267578125,0.0022069846582748465,101.17210388183594,58.35333333333333,1358.7354347826088,3.137,96.5483,1.49,6.61,23.93
2022-11-18,148.76512145996094,74829600,-0.04673135598844291,-0.030801671188108615,-0.1255204513147431,-0.014228464293088328,3.961333333333333,298.8120666666667,3.5433333333333334,23.12,123.8524,3.82,58.45666666666666,80.07,64.28683471679688,376.9466247558594,0.0011367962211981109,0.004540516854442567,69.73333333333333,23.733333333333334,30.866666666666667,0.002353333313888095,152.0674285888672,-0.020631683088357722,330.8599853515625,-0.00048456588792933353,165.02000427246094,-0.020076382083275446,210.3699951171875,0.0023935153380294505,101.41426086425781,58.45666666666666,1358.9728695652175,3.145,96.49159999999999,1.57,6.605,23.12
2022-11-21,145.5398406982422,58724100,-0.046212772587074236,-0.03445676124770769,-0.08485904790881282,0.010932681659101995,3.993333333333333,298.81666666666666,3.533333333333333,22.36,124.7009,3.83,58.766666666666666,79.74,63.59572982788086,375.575927734375,-0.010750333127467648,-0.0036363159435958137,69.33333333333333,23.333333333333332,30.666666666666668,-0.01612610452994112,149.61517333984375,-0.028320121900601625,321.489990234375,-0.01914921573321471,161.86000061035156,-0.0183961363645595,206.5,0.004202573317274139,101.84046173095703,58.766666666666666,1359.6851739130436,3.125,96.3215,1.52,6.59,22.36
2022-11-22,147.67364501953125,51804100,-0.014315959801362688,-0.06152641987861052,-0.11952326631493893,-0.021613690516783524,4.004,298.8182,3.5300000000000002,21.29,124.2365,3.76,58.87,80.83,64.82705688476562,380.6300354003906,0.019361788287001414,0.013456953155927875,69.2,23.2,30.6,0.05771174012103808,158.24972534179688,0.02920779785893779,330.8800048828125,0.020635094064598736,165.1999969482422,0.011622246472079212,208.89999389648438,0.01807096008947262,103.68081665039062,58.87,1359.9226086956521,3.035,96.2648,1.44,6.585,21.29
2022-11-23,148.54879760742188,58301400,-0.018269504752501553,-0.05573575898170102,-0.12715959066053883,-0.019356272137235897,4.014666666666666,298.8197333333333,3.526666666666667,20.35,123.7574,3.71,58.97333333333333,77.93,65.40138244628906,383.02862548828125,0.008859349616076706,0.006301631150488429,69.06666666666666,23.066666666666666,30.533333333333335,0.004571377219711792,158.97314453125,0.014808975532443647,335.7799987792969,0.013983036327279708,167.50999450683594,-0.05662990386743483,197.07000732421875,0.00833501843902984,104.54499816894531,58.97333333333333,1360.1600434782608,2.873,96.2081,1.39,6.58,20.35
2022-11-25,145.63818359375,35195900,-0.002025555123429723,-0.0401726892348131,-0.12207120633526336,-0.0032065439689942243,4.036,298.8228,3.52,20.5,123.3386,3.68,59.18,76.45,65.0217514038086,382.9429931640625,-0.005804633301019879,-0.0002235663825637113,68.8,22.8,30.4,-0.012470360314149942,156.99069213867188,-0.004407680599525232,334.29998779296875,-0.0011939403904286383,167.30999755859375,0.018216857991913304,200.66000366210938,-0.017182393652974137,102.74866485595703,59.18,1360.6349130434783,2.799,96.09469999999999,1.36,6.5575,20.5
2022-11-28,141.81312561035156,69246000,0.016710593493664883,0.0018720951939801278,-0.1260573507362115,0.009096215621810622,4.068,298.8274,3.5100000000000002,22.21,123.6032,3.69,59.489999999999995,77.1,63.629817962646484,376.83233642578125,-0.021407196993475264,-0.015957092432458464,68.4,22.4,30.2,-0.018433224066150444,154.0968475341797,-0.01594372350251616,328.9700012207031,-0.014105556420948906,164.9499969482422,-0.026462660528678295,195.35000610351562,-0.02220735842574173,100.46688842773438,59.489999999999995,1361.3472173913044,2.72,95.9246,1.43,6.52375,22.21
2022-11-29,138.8140411376953,83763800,0.012325612045837264,0.030459529991095247,-0.08188716519386985,0.035154540618953956,4.078666666666666,298.82893333333334,3.506666666666667,21.89,123.6615,3.75,59.593333333333334,77.96,63.00685119628906,376.1850891113281,-0.009790484812059796,-0.001717600247877371,68.26666666666667,22.266666666666666,30.133333333333333,-0.0007316644966264274,153.98410034179688,-0.0066571493852930486,326.7799987792969,-0.008669249483102104,163.52000427246094,-0.0008703016248911011,195.17999267578125,-0.002126227066682973,100.2532730102539,59.593333333333334,1361.5846521739131,2.85,95.86789999999999,1.5,6.5125,21.89
2022-11-30,145.55955505371094,111380900,-0.047896139281847216,-0.03256098843207078,-0.12227279498240506,0.021823720193458795,4.089333333333333,298.83046666666667,3.5033333333333334,20.58,123.5175,3.68,59.696666666666665,80.48,66.17032623291016,388.0351257324219,0.05020842934629011,0.03150054843770489,68.13333333333334,22.133333333333333,30.066666666666666,0.04893533192581234,161.5193634033203,0.05554193636172533,344.92999267578125,0.05210364965179215,172.0399932861328,0.03468595412700304,201.9499969482422,0.06150118599917498,106.4189682006836,59.696666666666665,1361.8220869565218,2.935,95.8112,1.34,6.501250000000001,20.58
2022-12-01,145.8348846435547,71250400,-0.03816348214766829,-0.0796306749666621,-0.1566989992607849,0.03880287964291673,4.1,298.832,3.5,19.84,122.0045,3.53,59.8,81.06,66.26280212402344,387.7496643066406,0.0013975432248554132,-0.000735658724818844,68.0,22.0,30.0,-0.0025012911733622856,161.1153564453125,-0.002377315228106358,344.1099853515625,0.027551765160096275,176.77999877929688,0.02465954841690543,206.92999267578125,-0.02363149366023576,103.90412902832031,59.8,1362.0595217391306,2.851,95.7545,1.17,6.49,19.84
2022-12-02,145.3431854248047,65447400,-0.03822456006486363,-0.08998036893880879,-0.1451186225690958,0.027207481283091806,4.10741935483871,298.8832258064516,3.5,19.06,122.0102,3.51,59.964516129032255,79.86,65.8783187866211,387.3023986816406,-0.005802400820338227,-0.00115349068270576,67.70967741935483,22.032258064516128,30.64516129032258,-0.012242330040299843,159.14292907714844,-0.007497563808355534,341.5299987792969,-0.02460689067515176,172.42999267578125,-0.028125415703022183,201.11000061035156,-0.002803232150092372,103.61286163330078,59.964516129032255,1362.2969565217393,2.8,95.80865161290322,1.08,6.467142857142857,19.06
2022-12-05,144.1829071044922,68826400,-0.014594613643884702,-0.09725181182560882,-0.14737784933725928,0.04414778820279586,4.129677419354838,299.03690322580644,3.5,20.75,122.6384,3.6,60.45806451612903,76.83,64.78326416015625,380.3350524902344,-0.01662238269940841,-0.017989421741571365,66.83870967741936,22.129032258064516,32.58064516129032,-0.0046847474651690035,158.3973846435547,-0.02178433071179242,334.0899963378906,-0.0346226655193298,166.4600067138672,-0.013524942630640746,198.38999938964844,-0.002624009213043954,103.34098052978516,60.45806451612903,1363.0092608695652,2.628,95.9711064516129,1.21,6.398571428571429,20.75
2022-12-06,140.52500915527344,64727200,0.017913127682910757,-0.07424267711188304,-0.09299570321649064,0.05534870877697662,4.137096774193548,299.08812903225805,3.5,22.17,123.0191,3.51,60.622580645161285,74.21,63.39620590209961,374.85260009765625,-0.021410749767525994,-0.014414796523964601,66.54838709677419,22.161290322580644,33.225806451612904,-0.007924393763791726,157.14218139648438,-0.008800031349734838,331.1499938964844,-0.016820875518591127,163.66000366210938,-0.019053373612208935,194.61000061035156,-0.016161110257584488,101.6708755493164,60.622580645161285,1363.246695652174,2.56,96.02525806451612,1.2,6.3757142857142854,22.17
2022-12-07,138.5878143310547,69721100,0.016106594545483244,-0.038952529652933277,-0.07655708109151993,0.05524882986396573,4.144516129032258,299.13935483870966,3.5,22.68,122.7608,3.42,60.78709677419355,71.93,63.074989318847656,374.21484375,-0.005066810839563396,-0.0017013523381993467,66.25806451612904,22.193548387096776,33.87096774193548,-0.0030027761405334585,156.67031860351562,-0.013498418550780378,326.67999267578125,-0.01875844589712372,160.58999633789062,-0.00652589419083216,193.33999633789062,0.013370423162483158,103.03025817871094,60.78709677419355,1363.4841304347826,2.438,96.07940967741935,1.16,6.352857142857143,22.68
2022-12-08,140.26931762695312,62128300,-0.0431125165756705,-0.07304597457327511,-0.08356117741379288,0.056430163532110944,4.151935483870967,299.1905806451613,3.5,22.29,122.4152,3.48,60.95161290322581,71.3,64.10678100585938,377.1464538574219,0.01635817458162303,0.007834029452290725,65.96774193548387,22.225806451612904,34.516129032258064,0.021926368773999227,160.10552978515625,0.018060469048497563,332.5799865722656,0.021607829253585953,164.05999755859375,0.017016699116783274,196.6300048828125,0.023560426534142698,105.45769500732422,60.95161290322581,1363.7215652173913,2.648,96.13356129032258,1.2,6.33,22.29
2022-12-09,139.78750610351562,76097000,-0.05381277866425416,-0.0724536339139541,-0.06098745196271982,0.07500692601358305,4.159354838709677,299.2418064516129,3.5,22.83,122.4201,3.57,61.116129032258065,71.05,63.71255874633789,374.3290710449219,-0.0061494627141776,-0.007470261972992276,65.6774193548387,22.258064516129032,35.16129032258065,-0.00571760721478487,159.1901092529297,-0.005833098809770343,330.6400146484375,-0.0023771753959044295,163.6699981689453,-0.01179884690335753,194.30999755859375,-0.011693282954788886,104.22454833984375,61.116129032258065,1363.959,2.588,96.1877129032258,1.31,6.327142857142857,22.83
2022-12-12,142.07861328125,70462700,-0.08388141502592994,-0.10007599397890554,-0.07668346639081436,0.060444317763946875,4.1816129032258065,299.3954838709677,3.5,25.0,122.7714,3.61,61.60967741935484,72.96,65.10447692871094,379.72589111328125,0.02184684165510853,0.01441731483289388,64.80645161290323,22.35483870967742,37.096774193548384,0.0212235912851948,162.56869506835938,0.02277400933248619,338.1700134277344,0.0147858385533024,166.08999633789062,0.028665572508893344,199.8800048828125,0.01891204984730166,106.19564819335938,61.60967741935484,1364.6713043478262,2.733,96.35016774193548,1.33,6.3185714285714285,25.0
2022-12-13,143.04225158691406,93886200,-0.09053405667787129,-0.13356691941482868,-0.0736233517241659,0.0729908857265471,4.189032258064516,299.44670967741934,3.5,22.55,121.8493,3.51,61.774193548387096,75.44,65.87345123291016,382.600341796875,0.01181138902384915,0.007569804300587624,64.51612903225806,22.387096774193548,37.74193548387097,0.018750806027575173,165.6169891357422,0.012685861717483427,342.4599914550781,0.012884577258312824,168.22999572753906,0.01570942221804228,203.02000427246094,0.02285808543490342,108.62307739257812,61.774193548387096,1364.908739130435,2.874,96.4043193548387,1.27,6.315714285714286,22.55
2022-12-14,140.8199920654297,82291200,-0.0541863663654748,-0.0949654878505597,-0.050764678621083026,0.08397893155746816,4.196451612903226,299.49793548387095,3.5,21.14,121.8226,3.49,61.938709677419354,77.14,65.31863403320312,380.1541748046875,-0.00842247049946343,-0.006393530598271635,64.2258064516129,22.419354838709676,38.38709677419355,-0.021710587232670386,162.02134704589844,-0.007416860628161714,339.9200134277344,-0.016406078445760364,165.47000122070312,-0.014579877113462869,200.05999755859375,-0.019933774629772083,106.45780944824219,61.938709677419354,1365.1461739130436,3.05,96.45847096774193,1.3,6.312857142857142,21.14
2022-12-15,134.22195434570312,98931900,-0.03128210841517576,-0.04813201354649699,-0.009450602919158668,0.15487422652753358,4.203870967741936,299.54916129032256,3.5,22.83,122.5519,3.44,62.10322580645161,75.89,62.87544250488281,370.8550109863281,-0.03740420424405044,-0.024461559111213282,63.935483870967744,22.451612903225808,39.03225806451613,-0.03256079096414455,156.7458038330078,-0.0329784111844873,328.7099914550781,-0.01958062167922847,162.22999572753906,-0.02974106278542543,194.11000061035156,-0.04633343648444943,101.52525329589844,62.10322580645161,1365.3836086956521,3.035,96.51262258064516,1.28,6.31,22.83
2022-12-16,132.26515197753906,160156900,-0.01970102198525192,-0.07018060068095433,0.005650354303679661,0.18595812314283733,4.211290322580645,299.60038709677417,3.5,22.62,122.6505,3.48,62.26774193548387,74.19,62.0432014465332,366.47662353515625,-0.01323634514834593,-0.011806197358711912,63.645161290322584,22.483870967741936,39.67741935483871,0.004395330325364988,157.43475341796875,0.029904832056761865,338.5400085449219,0.005979173064469601,163.1999969482422,-0.008809472507806504,192.39999389648438,0.0016258216091569189,101.69031524658203,62.26774193548387,1365.6210434782608,2.883,96.56677419354838,1.35,6.304285714285714,22.62
2022-12-19,130.16085815429688,79592600,-0.017677382839508704,-0.04540286290321638,0.04155038403455391,0.19416024577086044,4.233548387096774,299.75406451612906,3.5,22.42,122.5275,3.57,62.76129032258065,75.05,61.21589660644531,363.3689880371094,-0.013334335121324092,-0.008479764597451256,62.774193548387096,22.580645161290324,41.61290322580645,-0.01007070994114545,155.84927368164062,-0.02888875327123752,328.760009765625,-0.013786764963687914,160.9499969482422,-0.020062373871115202,188.5399932861328,-0.007065702245363847,100.9718017578125,62.76129032258065,1366.333347826087,2.802,96.72922903225806,1.42,6.2871428571428565,22.42
2022-12-20,130.09205627441406,77432800,-0.04731662911946488,-0.055026541475182156,0.06659114610121164,0.20311919953205093,4.240967741935484,299.8052903225807,3.5,21.48,122.1357,3.69,62.92580645161291,75.92,61.30862808227539,363.86627197265625,0.0015148267193771936,0.0013685370846674427,62.483870967741936,22.612903225806452,42.25806451612903,-0.0049048644090928795,155.08485412597656,0.028774763274347803,338.2200012207031,0.008760507541747842,162.36000061035156,-0.0032884010781022432,187.9199981689453,-0.0047121267806388145,100.49600982666016,62.92580645161291,1366.5707826086957,2.756,96.78338064516129,1.45,6.281428571428571,21.48
2022-12-21,133.18946838378906,85928000,-0.04311538767778267,-0.043041550837151665,0.05227029668203942,0.18489982190943555,4.248387096774193,299.8565161290323,3.5,20.07,122.2828,3.68,63.090322580645164,78.17,62.323848724365234,369.3069152832031,0.016559180556567465,0.014952315533536709,62.193548387096776,22.64516129032258,42.903225806451616,0.018742889482223912,157.99159240722656,0.009343041957022846,341.3800048828125,0.018785433852501088,165.41000366210938,0.022935278845197526,192.22999572753906,0.02318843462370368,102.82635498046875,63.090322580645164,1366.8082173913044,2.916,96.83753225806451,1.41,6.275714285714285,20.07
2022-12-22,130.02320861816406,77852100,-0.0173940269687336,-0.01573005964769525,0.07282776218986031,0.1988330048780682,4.255806451612903,299.9077419354839,3.5,21.97,122.2419,3.67,63.25483870967742,77.68,60.75221633911133,364.038330078125,-0.025217190809326273,-0.014266142839588825,61.903225806451616,22.677419354838708,43.54838709677419,-0.021862855397798975,154.53744506835938,-0.014236381157733402,336.5199890136719,-0.022066435369468174,161.75999450683594,-0.021484626311271238,188.10000610351562,-0.07837586891963999,94.76725006103516,63.25483870967742,1367.0456521739131,2.935,96.89168387096774,1.48,6.27,21.97
2022-12-23,129.65939331054688,63814900,-0.05149406439036697,-0.008569722494921383,0.09176405183823011,0.19741159546296627,4.263225806451612,299.9589677419355,3.5,20.87,121.9743,3.75,63.41935483870968,79.57,60.815650939941406,366.13238525390625,0.0010441528663909239,0.005752293104223094,61.61290322580645,22.70967741935484,44.193548387096776,0.0005497757353398747,154.62240600585938,0.005735240866422853,338.45001220703125,-0.0019164043590558233,161.4499969482422,0.0003189662766982515,188.16000366210938,-0.003893382457422212,94.39828491210938,63.41935483870968,1367.2830869565219,3.049,96.94583548387097,1.55,6.291428571428571,20.87
2022-12-27,127.85995483398438,69007800,-0.02822441383244445,0.026609327842108677,0.12227931971506423,0.23829460953788018,4.292903225806452,300.16387096774196,3.5,21.65,121.7539,3.84,64.07741935483871,79.45,60.23971176147461,364.6885070800781,-0.009470246056160203,-0.003943595901320873,60.45161290322581,22.838709677419356,46.774193548387096,-0.010009637499366009,153.07469177246094,-0.009927657698192927,335.0899963378906,-0.008671377658391544,160.0500030517578,-0.009938405291140762,186.2899932861328,-0.019337714495757385,92.57283782958984,64.07741935483871,1368.2328260869565,3.29,97.16244193548387,1.58,6.377142857142857,21.65
2022-12-28,123.93653869628906,85438400,-0.008092838178324957,0.0584734259548243,0.134560324932393,0.29012934136307367,4.300322580645162,300.21509677419357,3.5,22.14,122.0075,3.88,64.24193548387098,78.89,59.26842498779297,360.1562194824219,-0.016123695570250285,-0.012427832272380979,60.16129032258065,22.870967741935484,47.41935483870968,-0.011837435031020527,151.26268005371094,-0.020173714045490287,328.3299865722656,-0.010684202944464816,158.33999633789062,-0.023565406344213002,181.89999389648438,-0.011642361233875187,91.49507141113281,64.24193548387098,1368.4702608695652,3.308,97.2165935483871,1.6,6.398571428571429,22.14
2022-12-29,127.44695281982422,75703700,7.716378723210404e-05,0.039734561360984744,0.11326261123572978,0.27422076397896245,4.307741935483871,300.2663225806452,3.5,21.44,121.6577,3.83,64.40645161290323,78.43,60.82054138183594,366.63916015625,0.02618791362116757,0.018000357409195145,59.87096774193548,22.903225806451612,48.064516129032256,0.023084688208623083,154.75453186035156,0.028172876003709435,337.5799865722656,0.022672706965520817,161.92999267578125,0.03419462028263065,188.1199951171875,0.030881867095959192,94.32061004638672,64.40645161290323,1368.707695652174,3.355,97.27074516129032,1.56,6.42,21.44
2022-12-30,127.76158142089844,77034200,0.0016934227622342757,0.046255916200952596,0.11929523802926623,0.28087242025930315,4.315161290322581,300.3175483870968,3.5,21.67,121.4256,3.88,64.57096774193549,80.16,60.737571716308594,365.6734924316406,-0.001364171768982736,-0.0026338368334627438,59.58064516129032,22.93548387096774,48.70967741935484,0.0003047724446270106,154.80169677734375,-0.003110337800620755,336.5299987792969,-0.007966364135615467,160.63999938964844,-0.006644695048079963,186.8699951171875,0.002470720406096083,94.55364990234375,64.57096774193549,1368.9451304347826,3.333,97.32489677419355,1.58,6.428571428571429,21.67
2023-01-03,122.98270416259766,112117500,0.0452546898062971,0.08107458571059101,0.20588483986781547,0.3263206648755126,4.345483870967742,300.48645161290324,3.5064516129032257,22.9,122.0905,3.79,65.02903225806452,76.87,60.161624908447266,364.13397216796875,-0.00948254583754915,-0.004210095332408237,58.935483870967744,23.322580645161292,49.74193548387097,-0.00963205430334535,153.31063842773438,0.0011589298126533087,336.9200134277344,-0.006225099625245867,159.63999938964844,-0.00920426641861094,185.14999389648438,-0.006675200285056415,93.9224853515625,65.02903225806452,1370.357888888889,3.107,97.43635483870968,1.53,6.4628571428571435,22.9
2023-01-04,124.25118255615234,89113600,0.056426342105180716,0.07051292560640521,0.22269717437547487,0.2979587004695057,4.353225806451613,300.5196774193549,3.509677419354839,22.01,121.5008,3.69,65.09354838709677,72.82,60.317813873291016,366.9451599121094,0.0025961560227376612,0.007720201791125092,58.903225806451616,23.483870967741936,49.61290322580645,0.021298816028001877,156.5759735107422,0.01332657620630795,341.4100036621094,-0.002568301576528098,159.22999572753906,0.015176953335217958,187.9600067138672,0.02667236256730776,96.42761993408203,65.09354838709677,1370.8268333333333,3.078,97.43793225806452,1.47,6.4714285714285715,22.01
2023-01-05,122.93354034423828,80962700,0.06710936939995271,0.10278359687075356,0.21364587732562446,0.31908029127771154,4.360967741935484,300.55290322580646,3.5129032258064514,22.46,122.1017,3.71,65.15806451612904,73.61,59.14640808105469,362.757080078125,-0.019420561141308745,-0.011413367149978204,58.87096774193548,23.64516129032258,49.483870967741936,-0.03749034119541428,150.7058868408203,-0.03798951724197108,328.44000244140625,-0.015260897701330434,156.8000030517578,-0.03133645019823195,182.07000732421875,-0.013996720141790098,95.07794952392578,65.15806451612904,1371.2957777777779,3.091,97.43950967741935,1.49,6.48,22.46
2023-01-06,127.456787109375,87754700,0.03965433769487592,0.0886437556386872,0.19310277207923177,0.2519470830148851,4.368709677419355,300.5861290322581,3.5161290322580645,21.13,121.0852,3.55,65.2225806451613,73.77,60.87911605834961,371.07586669921875,0.029295235898693983,0.022932113742072824,58.83870967741935,23.806451612903224,49.354838709677416,0.036508390841803795,156.20791625976562,0.013122632829606795,332.75,0.018239799455919137,159.66000366210938,0.028121024392942173,187.19000244140625,0.06484908550811475,101.24366760253906,65.2225806451613,1371.7647222222222,3.191,97.4410870967742,1.34,6.458571428571429,21.13
2023-01-09,127.97793579101562,70790800,0.0444871578729491,0.09512097178998102,0.1672686183955907,0.23738399234449026,4.391935483870967,300.6858064516129,3.5258064516129033,21.97,120.1508,3.53,65.41612903225807,74.69,61.58684158325195,370.8654479980469,0.011625095282658648,-0.0005670503529199289,58.74193548387097,24.29032258064516,48.96774193548387,0.009545735072004735,157.69903564453125,0.027738575466049964,341.9800109863281,0.03920828237035523,165.9199981689453,0.028206628080736262,192.47000122070312,0.021290770831810413,103.39922332763672,65.41612903225807,1373.1715555555556,3.4,97.4458193548387,1.31,6.394285714285714,21.97
2023-01-10,128.54824829101562,63896200,0.03426906021434051,0.0851373689572057,0.15405794359287128,0.22653147270509066,4.3996774193548385,300.71903225806454,3.5290322580645164,20.58,120.2483,3.61,65.48064516129033,75.11,61.967552185058594,373.46630859375,0.006181687386777268,0.00701294933173946,58.70967741935484,24.451612903225808,48.83870967741935,0.012686933403928569,159.6997528076172,-0.009591200286346524,338.70001220703125,-0.009643146470489916,164.32000732421875,0.004987745877225391,193.42999267578125,0.014555429849145707,104.90424346923828,65.48064516129033,1373.6405,3.315,97.44739677419355,1.37,6.372857142857143,20.58
2023-01-11,131.26222229003906,69458900,0.01333418425855748,0.07843263758571584,0.1329726433352736,0.24213611990419892,4.4074193548387095,300.7522580645161,3.532258064516129,21.09,120.1614,3.54,65.54516129032258,77.46,63.04133987426758,378.1898193359375,0.017328225036261635,0.012647755991627152,58.67741935483871,24.612903225806452,48.70967741935484,0.003368213303869272,160.23765563964844,0.012488870139645725,342.92999267578125,0.025255560561752155,168.47000122070312,0.03360388898372668,199.92999267578125,0.018696787762102485,106.86561584472656,65.54516129032258,1374.1094444444445,3.471,97.44897419354838,1.31,6.351428571428571,21.09
2023-01-12,131.18353271484375,71379600,0.03343071337744985,0.09384600460333559,0.15497280291218907,0.2402538534441967,4.4151612903225805,300.78548387096777,3.535483870967742,18.83,119.4218,3.43,65.60967741935484,78.32,63.50990295410156,379.5667419433594,0.007432631996218797,0.0036408240968506256,58.645161290322584,24.774193548387096,48.58064516129032,-0.0065962089581943495,159.18069458007812,0.004694882056183403,344.5400085449219,-0.002433689435143105,168.05999755859375,0.00015012273888603822,199.9600067138672,0.0012719272882519839,107.00154113769531,65.60967741935484,1374.5783888888889,3.503,97.45055161290323,1.22,6.33,18.83
2023-01-13,132.51100158691406,57809700,0.04712087101221618,0.06114570058569302,0.13857146525528252,0.227977666672309,4.422903225806452,300.81870967741935,3.5387096774193547,18.35,119.1673,3.49,65.67419354838711,79.9,63.69049835205078,381.0392761230469,0.002843578553091808,0.003879513184290584,58.61290322580645,24.93548387096774,48.45161290322581,0.0018377951213115473,159.47323608398438,-0.0004643979164715706,344.3800048828125,0.007140288978189524,169.25999450683594,0.0031505781299803193,200.58999633789062,-0.0020870728117535764,106.7782211303711,65.67419354838711,1375.0473333333334,3.817,97.45212903225807,1.31,6.304285714285714,18.35
2023-01-17,133.6713104248047,63646600,0.04847720102193054,0.06142392888448933,0.14438106622811153,0.22645409971344543,4.453870967741936,300.9516129032258,3.5516129032258066,19.36,119.2121,3.53,65.93225806451613,80.25,63.97846984863281,380.34124755859375,0.004521420055315861,-0.0018319071239987217,58.483870967741936,25.580645161290324,47.935483870967744,-0.012249936323333155,157.5196990966797,0.0,344.3800048828125,0.021918981651138703,172.97000122070312,0.0005483853250900506,200.6999969482422,-0.005092230541879683,106.23448181152344,65.93225806451613,1376.9231111111112,3.567,97.45843870967742,1.36,6.201428571428572,19.36
2023-01-18,132.95347595214844,69672800,0.049182858406615404,0.07558624295741234,0.13856006933816456,0.24166833940857124,4.461612903225807,300.98483870967743,3.554838709677419,20.34,119.0755,3.37,65.99677419354839,79.53,63.15359878540039,374.3364562988281,-0.012892947661674148,-0.015787904410342835,58.45161290322581,25.741935483870968,47.806451612903224,-0.005451985821078309,156.66090393066406,-0.008914592254748999,341.30999755859375,-0.0029484563984317758,172.4600067138672,-0.013353227287155267,198.02000427246094,0.0026505336041870997,106.51605987548828,65.99677419354839,1377.3920555555555,3.558,97.46001612903225,1.25,6.175714285714286,20.34
2023-01-19,133.0124969482422,58280400,0.06424184078502182,0.11495522539760028,0.12946634703462978,0.23386153227211737,4.469354838709678,301.018064516129,3.5580645161290323,20.52,119.6107,3.39,66.06129032258065,80.31,62.41659164428711,371.61126708984375,-0.01167007352372229,-0.00728005291263667,58.41935483870968,25.903225806451612,47.67741935483871,-0.017289298484483573,153.9523468017578,0.0035744667001549324,342.5299987792969,-0.002957263978721536,171.9499969482422,-0.009948496001406792,196.0500030517578,-0.032269765085175206,103.07881164550781,66.06129032258065,1377.861,3.603,97.4615935483871,1.19,6.15,20.52
2023-01-20,135.569091796875,80223600,0.0584609015813331,0.12062098971530233,0.07860090475084225,0.19875198319439713,4.477096774193549,301.05129032258066,3.5612903225806454,19.85,119.3486,3.48,66.1258064516129,81.27,64.10535430908203,378.5340576171875,0.027056310194238042,0.018629119029563768,58.38709677419355,26.064516129032256,47.54838709677419,0.012505474793846005,155.87759399414062,0.040434432466861514,356.3800048828125,0.03669670061403418,178.25999450683594,0.05024223765059643,205.89999389648438,0.03287472061128227,106.46749877929688,66.1258064516129,1378.3299444444444,3.916,97.46317096774193,1.25,6.147142857142858,19.85
2023-01-23,138.75503540039062,81760300,0.013393706459044807,0.07526032473923538,0.05688721002479813,0.1734281268385487,4.500322580645162,301.15096774193546,3.5709677419354837,19.81,119.1434,3.52,66.31935483870969,81.62,65.56475830078125,383.0759582519531,0.02276571134234362,0.011998657831097548,58.29032258064516,26.548387096774192,47.16129032258065,0.02718402865266567,160.11497497558594,0.024131561775873278,364.9800109863281,0.028890437080519193,183.41000366210938,0.02617775400400557,211.2899932861328,0.04113104866044259,110.84661865234375,66.31935483870969,1379.736777777778,3.839,97.46790322580645,1.24,6.138571428571429,19.81
2023-01-24,140.1513214111328,66435100,0.012348125309677549,0.08503469314009848,0.04980088638411706,0.15077577390944774,4.508064516129033,301.1841935483871,3.574193548387097,19.2,119.0958,3.46,66.38387096774194,79.86,65.53546142578125,382.6648254394531,-0.0004468387554423803,-0.001073240968647804,58.25806451612903,26.70967741935484,47.03225806451613,-0.004715296768079025,159.3599853515625,-0.010027956468680377,361.32000732421875,-0.00561582661104143,182.3800048828125,-0.02300156545402532,206.42999267578125,-0.010248822896838372,109.7105712890625,66.38387096774194,1380.2057222222222,3.735,97.4694806451613,1.19,6.135714285714286,19.2
2023-01-25,139.4925079345703,65799300,0.025165665202437015,0.0709150656748394,0.03576797562750622,0.15614025319573943,4.515806451612903,301.2174193548387,3.57741935483871,19.08,118.9686,3.46,66.4483870967742,79.78,65.3988037109375,382.8082275390625,-0.0020852483811152345,0.00037474596585851394,58.225806451612904,26.870967741935484,46.903225806451616,-0.002427943962245216,158.9730682373047,-0.008718016806796514,358.1700134277344,0.0005482555217104501,182.47999572753906,-0.019037895728425958,202.5,0.008496184696728415,110.64269256591797,66.4483870967742,1380.6746666666668,3.796,97.47105806451613,1.17,6.132857142857143,19.08
2023-01-26,141.55746459960938,54105100,0.04765212442236866,0.04799932306504928,0.029076404181905824,0.17162489180358964,4.523548387096774,301.2506451612903,3.5806451612903225,18.73,119.021,3.49,66.51290322580645,80.64,66.44330596923828,387.01544189453125,0.015971274687492487,0.010990396895373511,58.193548387096776,27.032258064516128,46.774193548387096,0.013594620855157169,161.13424682617188,0.021358554903222915,365.82000732421875,0.017262216292336596,185.6300048828125,0.029432131920331894,208.4600067138672,0.01430476662130098,112.22541046142578,66.51290322580645,1381.143611111111,3.992,97.47263548387097,1.16,6.13,18.73
2023-01-27,143.4945831298828,70555800,0.058726862788320844,0.03639108678686798,0.011684101155873039,0.1645246665243878,4.531290322580645,301.2838709677419,3.5838709677419356,18.51,118.9223,3.52,66.57741935483871,79.73,66.72151947021484,387.9047546386719,0.004187231458732121,0.0022978740584282953,58.16129032258065,27.193548387096776,46.645161290322584,0.0005268892492813482,161.21914672851562,0.013367186137868803,370.7099914550781,-0.003232268963707652,185.02999877929688,0.011608932605797095,210.8800048828125,-0.02664822701949454,109.23480224609375,66.57741935483871,1381.6125555555557,3.788,97.4742129032258,1.19,6.1242857142857146,18.51
2023-01-30,140.6134796142578,64015300,0.061048946609666865,0.07751698408452512,0.01770533501822258,0.18775474770339806,4.554516129032258,301.38354838709677,3.5935483870967744,19.94,118.8953,3.55,66.7709677419355,77.97,65.4476089477539,383.0377197265625,-0.01909294831077135,-0.012546984417973861,58.064516129032256,27.677419354838708,46.25806451612903,-0.01112216579412284,159.42604064941406,-0.019664908406514137,363.4200134277344,-0.023185393257500353,180.74000549316406,-0.00834602487136249,209.1199951171875,-0.03822226369403192,105.05960083007812,66.7709677419355,1383.019388888889,3.63,97.47894516129033,1.26,6.107142857142857,19.94
2023-01-31,141.88192749023438,65874500,0.07179997276943251,0.0633718325376027,0.012771587806642337,0.16984797557078268,4.562258064516129,301.41677419354835,3.596774193548387,19.4,118.9802,3.52,66.83548387096775,78.95,66.36033630371094,388.669677734375,0.013945923627028955,0.014703403131767212,58.03225806451613,27.838709677419356,46.12903225806452,0.015036066210796228,161.82318115234375,0.019041281862514303,370.3399963378906,0.011563551368651837,182.8300018310547,0.02888297956174468,215.16000366210938,0.030406585965869315,108.25410461425781,66.83548387096775,1383.4883333333335,3.437,97.48052258064516,1.28,6.101428571428571,19.4
2023-02-01,143.0029296875,77663600,0.04462634872127569,0.06970477515621276,0.04009202035032611,0.15317098883463642,4.57,301.45,3.6,17.87,118.6259,3.39,66.9,76.34,67.9222183227539,392.80035400390625,0.023536378898001864,0.010627729679376419,58.0,28.0,46.0,0.029859190415609582,166.65509033203125,0.03666905336752668,383.9200134277344,0.03314553135646481,188.88999938964844,0.03267335313089559,222.19000244140625,0.06745002953679458,115.55584716796875,66.9,1383.9572777777778,2.965,97.4821,1.14,6.095714285714285,17.87
2023-02-02,148.302978515625,118339000,0.00033140642259676945,0.02071799443245448,0.021514872030409027,0.10093573699191216,4.572857142857143,301.46325,3.5964285714285715,18.73,118.3421,3.4,66.72500000000001,75.87,69.77694702148438,398.518310546875,0.027306656710137656,0.014556902723442677,57.857142857142854,27.857142857142858,45.535714285714285,0.015346311285537206,169.21263122558594,0.021645127286801236,392.2300109863281,0.0017470582461802664,189.22000122070312,0.027138929353434982,228.22000122070312,0.04411402353709226,120.65348052978516,66.72500000000001,1384.4262222222223,2.753,97.45971071428572,1.18,6.09,18.73
2023-02-03,151.92156982421875,154357300,-0.021096825618109105,-0.01111383188105819,-0.01727182259490745,0.1251457866210166,4.575714285714286,301.4765,3.592857142857143,18.33,119.5095,3.53,66.55000000000001,73.4,69.19612121582031,394.28240966796875,-0.008324035809208263,-0.010629124852741256,57.714285714285715,27.714285714285715,45.07142857142857,-0.002676851899527821,168.75967407226562,-0.03288892754948358,379.3299865722656,-0.017809930744354996,185.85000610351562,-0.01998070955307696,223.66000366210938,-0.034443778169533146,116.49771881103516,66.55000000000001,1384.8951666666667,2.577,97.43732142857144,1.31,6.094285714285714,18.33
2023-02-06,149.19778442382812,69858300,0.015520525728316192,-0.01992549264018406,0.009051603086412063,0.1452245110518433,4.5842857142857145,301.51625,3.5821428571428573,19.43,120.541,3.63,66.025,74.11,68.35172271728516,391.87286376953125,-0.01220297443987517,-0.006111218353531456,57.285714285714285,27.285714285714285,43.67857142857143,-0.007102276580281397,167.56109619140625,-0.010808466852267773,375.2300109863281,0.00032282785377102385,185.91000366210938,-0.023786136265364077,218.33999633789062,-0.01908663029502633,114.274169921875,66.025,1386.3020000000001,2.69,97.37015357142857,1.38,6.107142857142857,19.43
2023-02-07,152.0690460205078,83322600,-0.007863538389586089,-0.035645806435623095,-0.024766112211352276,0.11239768585119991,4.587142857142857,301.5295,3.5785714285714287,18.66,120.3475,3.67,65.85000000000001,77.17,70.06002807617188,396.99798583984375,0.024992864714654894,0.013078532718526548,57.142857142857146,27.142857142857142,43.214285714285715,0.01954370727503263,170.8358612060547,0.022892615426231444,383.82000732421875,0.01301704115580371,188.3300018310547,0.024319857321863703,223.64999389648438,0.024046036678509797,117.02201080322266,65.85000000000001,1386.7709444444445,2.879,97.34776428571429,1.36,6.111428571428571,18.66
2023-02-08,149.38462829589844,64120100,0.024007078191772058,-0.015086203154195732,-0.021019561553741517,0.14418761620829912,4.590000000000001,301.54275,3.575,19.63,120.1436,3.63,65.675,78.47,69.21564483642578,392.6568603515625,-0.012052282348902987,-0.010934880385092272,57.0,27.0,42.75,-0.018009004904385062,167.75927734375,-0.014225475140601684,378.3599853515625,-0.015292331836730177,185.4499969482422,-0.01041800418444927,221.32000732421875,-0.03791884750789676,112.58467102050781,65.675,1387.239888888889,2.886,97.325375,1.29,6.115714285714286,19.63
2023-02-09,148.3521270751953,56007100,0.020379834001977848,-0.026088298111424102,-0.0011283216446958955,0.1534122472783226,4.592857142857143,301.556,3.5714285714285716,20.71,119.9781,3.67,65.5,78.04,68.83493041992188,389.25286865234375,-0.005500409877039147,-0.00866912575058798,56.857142857142854,26.857142857142858,42.285714285714285,0.004275499096256574,168.47653198242188,-0.006739581064840627,375.80999755859375,0.004421716568955292,186.27000427246094,0.015046025944628783,224.64999389648438,0.0011211180170522805,112.71089172363281,65.5,1387.7088333333334,2.802,97.30298571428571,1.34,6.12,20.71
2023-02-10,148.7165069580078,57450700,0.010198142163911683,-0.02046215558030573,0.010463063618599389,0.1443531560999909,4.595714285714286,301.56925,3.567857142857143,20.53,120.1419,3.74,65.325,79.74,68.5176773071289,390.1612854003906,-0.004608897123271505,0.0023337445172644244,56.714285714285715,26.714285714285715,41.82142857142857,-0.00033601182761633375,168.419921875,-0.012825649545066264,370.989990234375,-0.013260327288607376,183.8000030517578,-0.008234991742661735,222.8000030517578,-0.011285403704887509,111.43890380859375,65.325,1388.177777777778,2.796,97.28059642857143,1.41,6.148571428571429,20.53
2023-02-13,151.51341247558594,62199000,-0.03490428550725644,-0.0418591596444684,-0.005589962841339835,0.11997392035496346,4.604285714285715,301.609,3.5571428571428574,20.34,119.9828,3.72,64.8,80.14,69.70372772216797,394.7414245605469,0.017310137495213374,0.011739091835972548,56.285714285714285,26.285714285714285,40.42857142857143,0.011150825979056256,170.29794311523438,0.010808943290064654,375.0,0.010337289798354021,185.6999969482422,0.005385982638265174,224.0,0.015335001081708821,113.14781951904297,64.8,1389.5846111111111,2.807,97.21342857142857,1.41,6.234285714285715,20.34
2023-02-14,150.8732452392578,61707600,-0.02800246651649252,-0.051501224408804225,0.017297877984701948,0.12472605919983448,4.607142857142858,301.62225,3.553571428571429,18.91,119.9229,3.77,64.625,79.08,70.00146484375,394.5597229003906,0.004271466266033697,-0.00046030552876108466,56.142857142857146,26.142857142857142,39.964285714285715,0.011582125264075316,172.27035522460938,0.007733317057291744,377.8999938964844,0.07210554447871353,199.08999633789062,0.01803568431309288,228.0399932861328,0.016390804066023,115.00240325927734,64.625,1390.0535555555557,2.843,97.19103928571428,1.46,6.262857142857143,18.91
2023-02-15,152.97091674804688,65573800,-0.03817676867527131,-0.06064506874842768,-0.002124666661745711,0.11329989460456358,4.61,301.6355,3.55,18.23,120.4557,3.81,64.45,78.57,70.32848358154297,395.841064453125,0.004671598494730089,0.0032475224366930178,56.0,26.0,39.5,0.07472335917646822,185.14297485351562,-0.005186534762461559,375.94000244140625,0.015922438230222546,202.25999450683594,0.0054376667675488655,229.27999877929688,0.008611880576597786,115.99279022216797,64.45,1390.5225,2.693,97.16865,1.46,6.291428571428572,18.23
2023-02-16,151.37551879882812,68167900,-0.04554003378443083,-0.01743553227816297,0.024006239172722932,0.14040819930677206,4.612857142857143,301.64875,3.5464285714285713,20.17,120.4651,3.86,64.275,78.45,69.10826110839844,390.3907775878906,-0.017350331060810298,-0.013768876841426803,55.857142857142854,25.857142857142858,39.035714285714285,-0.011978871771034516,182.9251708984375,-0.02867478509679755,365.1600036621094,-0.03777316126343622,194.6199951171875,-0.03118455135446374,222.1300048828125,-0.03407006074362151,112.04090881347656,64.275,1390.9914444444444,2.628,97.14626071428572,1.49,6.32,20.17
2023-02-17,150.23313903808594,59144100,-0.030350776213605934,0.008390685903938211,0.04411671353494251,0.1498019588085291,4.615714285714286,301.66200000000003,3.5428571428571427,20.02,120.5526,3.82,64.10000000000001,76.31,68.24434661865234,389.4154052734375,-0.012500885941711282,-0.0024984512197743225,55.714285714285715,25.714285714285715,38.57142857142857,-0.005778106175213904,181.8682098388672,-0.022757140637678308,356.8500061035156,-0.0009248416416456351,194.44000244140625,-0.009679057795040746,219.97999572753906,0.0004334909998524594,112.0894775390625,64.10000000000001,1391.460388888889,2.541,97.12387142857143,1.46,6.345714285714286,20.02
2023-02-21,146.22494506835938,58867200,-0.007206408683378629,0.021013257020402243,0.06297131649197873,0.17484486587600245,4.627142857142857,301.71500000000003,3.5285714285714285,22.87,120.6256,3.95,63.4,76.28,66.62390899658203,381.6034240722656,-0.02374464263135634,-0.02006079136927441,55.142857142857146,25.142857142857142,36.714285714285715,-0.03497482782619055,175.5074005126953,-0.028443305934931273,346.70001220703125,-0.009205968537576492,192.64999389648438,-0.02013816147750136,215.5500030517578,-0.03603617584566943,108.05020141601562,63.4,1393.3361666666667,2.6,97.03431428571429,1.53,6.448571428571428,22.87
2023-02-22,146.64842224121094,51011300,-0.024175738191531515,0.026593135125444478,0.06728901830876688,0.15369881084214954,4.630000000000001,301.72825,3.525,22.29,120.8389,3.93,63.225,73.95,66.52629089355469,381.0776062011719,-0.0014652112807183038,-0.0013779170676261332,55.0,25.0,36.25,-0.011883965410348862,173.4216766357422,0.005826330956301362,348.7200012207031,0.006955679414138549,193.99000549316406,0.005335160659720506,216.6999969482422,-0.005494424797681918,107.45652770996094,63.225,1393.805111111111,2.78,97.01192499999999,1.52,6.474285714285714,22.29
2023-02-23,147.1309814453125,48394200,-0.02336011373130442,0.007965049278310765,0.07262369772761401,0.15179173680843805,4.6328571428571435,301.74150000000003,3.5214285714285714,21.14,121.0896,3.88,63.050000000000004,75.26,67.62936401367188,383.1046142578125,0.016581010384032258,0.005319147658260803,54.857142857142854,24.857142857142858,35.785714285714285,0.01028546118588558,175.2053985595703,-0.004875006311884311,347.0199890136719,0.013557345994900327,196.6199951171875,0.020581480280004172,221.16000366210938,0.022642766800652803,109.88964080810547,63.050000000000004,1394.2740555555556,2.766,96.98953571428571,1.49,6.5,21.14
2023-02-24,144.48187255859375,55469600,0.0294454482126707,0.012200536416368646,0.07886277448672296,0.18075981194588864,4.635714285714286,301.75475,3.517857142857143,21.67,121.5681,3.95,62.875,76.19,66.42376708984375,379.0122375488281,-0.01782653055238559,-0.010682138916317974,54.714285714285715,24.714285714285715,35.32142857142857,-0.010011442868264386,173.4513397216797,-0.07630678723728146,320.5400085449219,-0.014647491076921981,193.74000549316406,-0.12945380904656578,192.52999877929688,-0.014170419527814726,108.33245849609375,62.875,1394.743,2.957,96.96714642857143,1.57,6.521428571428571,21.67
2023-02-27,145.67344665527344,44998500,0.03995410006750921,0.0172391850509932,0.06577873027295378,0.1876192735722917,4.644285714285715,301.7945,3.507142857142857,20.95,121.3941,3.92,62.35,75.57,66.78008270263672,380.30303955078125,0.005364278908045472,0.003405700064728956,54.285714285714285,24.285714285714285,33.92857142857143,0.0012573778468374375,173.66943359375,0.005553125138347381,322.32000732421875,-0.0028905378419769034,193.17999267578125,0.021555050759864303,196.67999267578125,0.006827635514634833,109.07211303710938,62.35,1396.1498333333334,3.069,96.89997857142856,1.56,6.585714285714286,20.95
2023-02-28,145.1711883544922,50547000,0.028424504298377284,0.03514022950956486,0.09063165109635452,0.20443151884829192,4.647142857142858,301.80775,3.5035714285714286,20.7,121.3341,3.92,62.175,76.88,66.63365936279297,378.8974609375,-0.00219261992375408,-0.003695943674132951,54.142857142857146,24.142857142857142,33.464285714285715,0.00163764321360782,173.95384216308594,0.00505710115963387,323.95001220703125,-0.0012423141291747486,192.94000244140625,0.01021969615861451,198.69000244140625,0.03640592321090064,113.04298400878906,62.175,1396.6187777777777,2.973,96.87758928571428,1.49,6.607142857142858,20.7
2023-03-01,143.10308837890625,55479000,0.0520266561346685,0.05285259624132199,0.117335529584778,0.2214932306179176,4.65,301.821,3.5,20.58,120.6347,4.01,62.0,77.57,66.14558410644531,377.44403076171875,-0.007324755401625027,-0.003835945936890295,54.0,24.0,33.0,-0.0019621518461148124,173.61251831054688,-0.0017595533345881043,323.3800048828125,-0.007826317749133338,191.42999267578125,-0.011626138860584945,196.3800048828125,0.009556603767217897,114.123291015625,62.0,1397.0877222222223,3.016,96.8552,1.57,6.628571428571429,20.58
2023-03-02,143.69398498535156,52238100,0.03207442523087445,0.06812426589887433,0.13014858350140468,0.2359612998823739,4.655806451612904,301.85403225806454,3.496774193548387,19.59,121.1302,4.08,62.05483870967742,78.05,66.96067810058594,380.37945556640625,0.012322727286358637,0.0077771128046812965,54.12903225806452,23.967741935483872,32.96774193548387,0.008082620033450949,175.01576232910156,0.031294436775257006,333.5,0.006320883665897226,192.63999938964844,0.024187798563476415,201.1300048828125,0.010148299600598154,115.28144836425781,62.05483870967742,1397.5566666666666,2.911,96.8848322580645,1.6,6.65,19.59
2023-03-03,148.7362060546875,70732300,-0.01675165189786676,0.026286124878636574,0.1002451276091616,0.1997635104358253,4.661612903225807,301.88706451612904,3.4935483870967743,18.49,120.7742,3.97,62.10967741935484,79.62,68.40052795410156,386.47998046875,0.021502916254114712,0.0160379978809837,54.25806451612903,23.93548387096774,32.935483870967744,0.00899298185073838,176.5896759033203,0.03160422352300407,344.0400085449219,0.020037378647121074,196.5,0.031472190510524856,207.4600067138672,0.00430570933351504,115.77781677246094,62.10967741935484,1398.0256111111112,2.987,96.91446451612903,1.45,6.661428571428572,18.49
2023-03-06,151.4936981201172,87558000,-0.021842228435890898,0.023207418074268737,0.07670816659181323,0.1690072339741049,4.679032258064517,301.9861612903226,3.4838709677419355,18.61,120.485,3.98,62.274193548387096,80.39,68.72754669189453,386.74774169921875,0.004780938796443257,0.0006928204409035743,54.645161290322584,23.838709677419356,32.83870967741935,-0.0039197333858925765,175.89749145507812,0.008661726528125246,347.0199890136719,0.004580121610607613,197.39999389648438,0.004193555813325478,208.3300018310547,-0.0035306219411501694,115.36904907226562,62.274193548387096,1399.4324444444444,2.929,97.00336129032257,1.49,6.695714285714286,18.61
2023-03-07,149.297607421875,56182000,0.00653011006944948,0.0506593783062943,0.08021090375995676,0.18375882836786195,4.68483870967742,302.01919354838714,3.4806451612903224,19.59,121.4623,3.97,62.329032258064515,77.45,67.87340545654297,380.8193359375,-0.012427931396717495,-0.015328869758027941,54.774193548387096,23.806451612903224,32.806451612903224,-0.0031262312821260796,175.34759521484375,-0.0063973295227545135,344.79998779296875,-0.010384943547889658,195.35000610351562,-0.013680248060607414,205.47999572753906,-0.01830606867556539,113.25709533691406,62.329032258064515,1399.901388888889,2.832,97.0329935483871,1.59,6.707142857142857,19.59
2023-03-08,150.5482635498047,47204800,0.0007850942766869373,0.03244579976082296,0.07712441433396067,0.16481962747854295,4.690645161290323,302.05222580645164,3.47741935483871,19.11,121.4511,3.98,62.383870967741935,76.56,68.4347152709961,381.44085693359375,0.008269952136297443,0.0016320626014529882,54.903225806451616,23.774193548387096,32.774193548387096,0.008813670530945172,176.89305114746094,0.0030162661883454955,345.8399963378906,0.020220101483636954,199.3000030517578,-0.0047206601171498885,204.50999450683594,0.019592674461701653,115.47610473632812,62.383870967741935,1400.3703333333333,2.8,97.0626258064516,1.66,6.718571428571429,19.11
2023-03-09,148.30288696289062,53833600,0.03492949712413962,0.055382358466940396,0.07596794708359078,0.20074238788506604,4.696451612903226,302.08525806451615,3.4741935483870967,22.61,121.4458,3.93,62.438709677419354,75.6,67.45365142822266,374.4034118652344,-0.01433576276146542,-0.018449636268472847,55.03225806451613,23.741935483870968,32.74193548387097,-0.016133374473587758,174.03916931152344,-0.02159958738087897,338.3699951171875,-0.014550973963208147,196.39999389648438,-0.019656687309419052,200.49000549316406,-0.013569390058619124,113.90916442871094,62.438709677419354,1400.8392777777779,2.729,97.09225806451613,1.63,6.73,22.61
2023-03-10,146.24462890625,68572400,0.04377101355885804,0.07912460476980665,0.08282847927775117,0.22027165711214014,4.702258064516129,302.11829032258066,3.4709677419354836,24.8,121.2421,3.7,62.49354838709677,76.55,66.2676010131836,369.0009460449219,-0.017583190678730487,-0.014429531486900848,55.16129032258065,23.70967741935484,32.70967741935484,-0.009805861580800213,172.3325653076172,-0.02680499883294185,329.29998779296875,-0.003716882638620689,195.6699981689453,-0.03227094141071152,194.02000427246094,-0.022641805905868506,111.3300552368164,62.49354838709677,1401.3082222222222,2.778,97.12189032258064,1.44,6.711428571428572,24.8
2023-03-13,148.1847381591797,84457100,0.04605560352306326,0.05190396681849796,0.06399939864705884,0.2231288166990768,4.719677419354839,302.21738709677425,3.4612903225806453,26.52,120.8897,3.55,62.65806451612903,74.68,66.6287841796875,368.4750671386719,0.005450373349595861,-0.0014251424336076957,55.54838709677419,23.612903225806452,32.61290322580645,0.004346117982958475,173.08154296875,-0.015274822246453379,324.2699890136719,0.0030664185063136173,196.27000427246094,0.019843267497922756,197.8699951171875,0.012675904125291737,112.74126434326172,62.65806451612903,1402.7150555555556,2.773,97.21078709677418,1.31,6.655714285714286,26.52
2023-03-14,150.2725372314453,73695900,0.04384296882464822,0.033160575252829005,0.08499896580726274,0.2029852783146182,4.725483870967742,302.25041935483875,3.458064516129032,23.73,121.0141,3.64,62.71290322580645,71.18,68.16625213623047,374.56591796875,0.023075131498672574,0.01652988593604321,55.67741935483871,23.580645161290324,32.58064516129032,0.02207638283526725,176.90255737304688,0.02793967331405356,333.3299865722656,0.036938909880164905,203.52000427246094,0.006822692357757898,199.22000122070312,0.0388466764019193,117.12088775634766,62.71290322580645,1403.184,2.644,97.2404193548387,1.33,6.637142857142857,23.73
2023-03-15,150.6664581298828,77167900,0.03163586834496024,0.05085295567373027,0.07987460498839538,0.2040291968555643,4.731290322580645,302.28345161290326,3.454838709677419,26.14,122.1079,3.51,62.76774193548387,67.38,68.20531463623047,372.2232666015625,0.0005730474945568886,-0.0062543100020726605,55.806451612903224,23.548387096774192,32.54838709677419,-0.01956279586657539,173.4418487548828,0.0008400047717764814,333.6099853515625,-0.0028498517043966665,202.94000244140625,-0.017217186595488654,195.7899932861328,-0.015456116364060857,115.31065368652344,62.76774193548387,1403.6529444444445,2.529,97.27005161290322,1.22,6.618571428571428,26.14
2023-03-16,153.4830322265625,76161100,0.019762564889333145,0.04177095487034865,0.06018592528789113,0.19517015380969083,4.737096774193549,302.3164838709678,3.4516129032258065,22.99,121.7221,3.56,62.82258064516129,68.15,70.11859893798828,378.7540283203125,0.028051836018383902,0.017545280762206295,55.935483870967744,23.516129032258064,32.516129032258064,0.020226389664181,176.949951171875,0.058991109551533194,353.2900085449219,0.024046539982778725,207.82000732421875,0.02451607955644075,200.58999633789062,0.03671503727868686,119.5442886352539,62.82258064516129,1404.1218888888889,2.566,97.29968387096774,1.34,6.6,22.99
2023-03-17,152.64590454101562,98944600,0.03387102223734528,0.06387101623962566,0.07400016513721486,0.19468258168244423,4.742903225806452,302.3495161290323,3.4483870967741934,25.51,121.5643,3.39,62.877419354838715,66.61,70.02098083496094,374.3253173828125,-0.0013921855899270419,-0.011692841808548682,56.064516129032256,23.483870967741936,32.483870967741936,-0.004179503771452819,176.21038818359375,0.013728115673271146,358.1400146484375,-0.004523156617638691,206.8800048828125,-0.007378213044313742,199.11000061035156,-0.0018726255925030078,119.32042694091797,62.877419354838715,1404.5908333333334,2.5,97.32931612903225,1.29,6.574285714285714,25.51
2023-03-20,155.0094757080078,73641400,0.00559087229755062,0.05571795055292994,0.06499374280235237,0.177038875344397,4.760322580645162,302.4486129032258,3.4387096774193546,24.15,121.0141,3.47,63.04193548387097,67.56,70.20980834960938,377.9247741699219,0.0026967276435829746,0.00961585182716429,56.45161290322581,23.387096774193548,32.38709677419355,0.006510581285756878,177.3576202392578,0.013235019937741122,362.8800048828125,0.0009184185852755267,207.07000732421875,0.0065792655043850345,200.4199981689453,0.011745593723918368,120.72191619873047,63.04193548387097,1405.9976666666666,2.497,97.41821290322581,1.33,6.497142857142857,24.15
2023-03-21,156.86093139648438,73938300,-0.010233717034898171,0.039866973254379046,0.04627074335717429,0.1565448493478332,4.766129032258065,302.4816451612904,3.435483870967742,21.38,120.8958,3.59,63.09677419354839,69.4,70.77723693847656,382.88702392578125,0.008081899127849512,0.0131302579111372,56.58064516129032,23.35483870967742,32.354838709677416,0.0071635366486428875,178.6281280517578,0.031249989487717178,374.2200012207031,0.003911708745562015,207.8800048828125,0.03357946207476736,207.14999389648438,-0.029345337936935056,117.17929077148438,63.09677419354839,1406.4666111111112,2.502,97.44784516129032,1.36,6.4714285714285715,21.38
2023-03-22,155.43292236328125,75701800,0.018627781292249734,0.0375723559095944,0.04555531209492769,0.1864580523228303,4.771935483870968,302.5146774193549,3.432258064516129,22.26,120.6217,3.48,63.15161290322581,70.71,70.07283782958984,376.3601989746094,-0.009952339754362272,-0.017046346685378966,56.70967741935484,23.322580645161292,32.32258064516129,-0.009500901758354052,176.93099975585938,-0.033429559416432664,361.7099914550781,-0.018664637250705107,204.0,-0.04233641936795984,198.3800048828125,-0.012790674659240442,115.68048858642578,63.15161290322581,1406.9355555555555,2.507,97.47747741935483,1.2,6.445714285714286,22.26
2023-03-23,156.51625061035156,67622100,0.02158187674147838,0.03605350609103697,0.040269369118969056,0.17622978188826477,4.7777419354838715,302.5477096774194,3.4290322580645163,22.61,119.7587,3.38,63.20645161290323,69.77,71.21260070800781,377.3775939941406,0.016265402026242493,0.002703248171042283,56.83870967741935,23.29032258064516,32.29032258064516,0.015218859284109598,179.62368774414062,0.020154291330454654,369.0,0.014705882352941124,207.0,0.013912664779226702,201.13999938964844,0.032980042239811436,119.49563598632812,63.20645161290323,1407.4045,2.477,97.50710967741935,1.19,6.42,22.61
2023-03-24,157.81617736816406,59196500,0.029017153355704872,0.011107704502167248,0.0219658595904082,0.1577302161024443,4.783548387096775,302.5807419354839,3.425806451612903,21.74,120.4598,3.38,63.26129032258065,69.22,71.39849090576172,379.85394287109375,0.0026103554133083406,0.006561992329071842,56.96774193548387,23.258064516129032,32.25806451612903,-0.009289983926017209,177.95498657226562,0.016151738360645318,374.9599914550781,-0.012173933683386151,204.47999572753906,-0.004573919517435687,200.22000122070312,-0.026470241210041934,116.33255767822266,63.26129032258065,1407.8734444444444,2.528,97.53674193548386,1.16,6.405714285714286,21.74
2023-03-27,155.87611389160156,52390300,0.04984838231561328,0.015921202854839,0.03462229982545151,0.18979096171238652,4.800967741935484,302.6798387096774,3.4161290322580644,20.6,120.2541,3.53,63.42580645161291,72.87,70.8457260131836,380.56427001953125,-0.007741968850682235,0.0018700007246694739,57.354838709677416,23.161290322580644,32.16129032258065,-0.015557698042728219,175.18641662597656,-0.004827175164928477,373.1499938964844,0.0038635003982223637,205.27000427246094,-0.007341929935774649,198.75,-0.005521532382634531,115.69022369384766,63.42580645161291,1409.2802777777779,2.726,97.62563870967742,1.29,6.362857142857143,20.6
2023-03-28,155.2556610107422,45992200,0.05061870782179767,0.015540890835084697,0.06825250728881604,0.20210460415328613,4.806774193548387,302.71287096774194,3.4129032258064513,19.97,119.7138,3.55,63.480645161290326,73.12,70.51309967041016,379.71002197265625,-0.004695079879787567,-0.0022446879914164164,57.483870967741936,23.129032258064516,32.12903225806452,-0.006332191651662877,174.0771026611328,0.0006699718721403514,373.3999938964844,-0.009694575202145339,203.27999877929688,-0.00744651938384433,197.27000427246094,-0.02077916219794984,113.2862777709961,63.480645161290326,1409.7492222222222,2.695,97.65527096774193,1.24,6.348571428571429,19.97
2023-03-29,158.3282928466797,51305700,0.018598132669532363,0.029794135677569056,0.05542085096060667,0.18089343471788277,4.81258064516129,302.7459032258065,3.4096774193548387,19.12,119.7258,3.57,63.535483870967745,72.95,71.9903564453125,385.22906494140625,0.020950104048854445,0.014534888860919803,57.61290322580645,23.096774193548388,32.096774193548384,0.030337603697372817,179.35818481445312,0.015425843223826563,379.1600036621094,0.013380564920488114,206.0,0.009580774312946572,199.16000366210938,0.029639242169949398,116.64399719238281,63.535483870967745,1410.2181666666668,2.577,97.68490322580645,1.24,6.3342857142857145,19.12
2023-03-30,159.8941650390625,49501700,0.014165902586015466,0.01755359189160921,0.04453047403029187,0.19634312018218836,4.8183870967741935,302.778935483871,3.4064516129032256,19.02,119.4078,3.55,63.590322580645164,74.32,72.82683563232422,387.4847106933594,0.011619322758141148,0.005855336362785124,57.74193548387097,23.06451612903226,32.064516129032256,0.02664308858167197,184.1368408203125,0.007226474859982179,381.8999938964844,0.004902885955514247,207.00999450683594,0.012301651452059525,201.61000061035156,0.01885698789738499,118.84355163574219,63.590322580645164,1410.687111111111,2.566,97.71453548387096,1.21,6.32,19.02
2023-03-31,162.3955535888672,68749800,-0.017404422069285608,0.0020012675289433624,0.022074077623698063,0.16874606246221013,4.824193548387097,302.8119677419355,3.403225806451613,18.7,119.3602,3.48,63.645161290322584,75.68,73.86875915527344,392.94610595703125,0.014306862489666727,0.014094479376745905,57.87096774193548,23.032258064516128,32.03225806451613,0.015498369517298993,186.99066162109375,0.00908615154794612,385.3699951171875,0.014878517524683943,210.08999633789062,0.032488482872518265,208.16000366210938,0.005896298031040859,119.5442886352539,63.645161290322584,1411.1560555555557,2.541,97.74416774193548,1.16,6.314285714285715,18.7
2023-04-03,163.6462860107422,56976200,-0.032316265883976625,0.0018053613132944513,0.007702856288223092,0.15300376522545145,4.8453333333333335,302.87760000000003,3.413333333333333,18.55,119.3204,3.43,63.38666666666667,80.4,73.75135040283203,394.4434509277344,-0.001589423645178778,0.0038105606545109083,58.0,23.466666666666665,32.333333333333336,-0.004766039257031229,186.09945678710938,-0.013727089840798956,380.0799865722656,0.0061878388996066125,211.38999938964844,-0.002786326964118291,207.5800018310547,-0.004152171666834015,119.04792022705078,63.38666666666667,1411.6165604395605,2.573,97.76191999999999,1.14,6.297142857142857,18.55
2023-04-04,163.114501953125,46278300,-0.03338777115385483,0.012075074425587085,0.0009658675052424126,0.1596649613765253,4.853,302.89390000000003,3.42,19.0,119.142,3.35,63.230000000000004,80.7,73.34535217285156,392.25506591796875,-0.005504959946670773,-0.005548032308860806,58.0,23.7,32.5,-0.00590986678324934,184.9996337890625,0.013339316731571182,385.1499938964844,0.0005676480322340804,211.50999450683594,-0.02052218166132913,203.32000732421875,-0.017985370148096202,116.90679931640625,63.230000000000004,1411.6123406593406,2.581,97.75598,1.1,6.291428571428572,19.0
2023-04-05,161.2729034423828,51511700,0.010991580142302393,0.017647725022402305,0.059904736232637035,0.16599734643583064,4.860666666666667,302.91020000000003,3.4266666666666667,19.08,119.2953,3.3,63.07333333333334,80.69,72.50888061523438,391.22802734375,-0.011404561200359264,-0.002618292696399571,58.0,23.933333333333334,32.666666666666664,-0.02434425017997155,180.49595642089844,-0.008126716688080071,382.0199890136719,-0.01867522599795879,207.55999755859375,-0.028378930083648668,197.5500030517578,-0.023310197185863468,114.18167877197266,63.07333333333334,1411.6081208791209,2.588,97.75004,1.07,6.285714285714286,19.08
2023-04-06,162.15921020507812,45390100,0.003340369950276978,0.002186169048558728,0.05368643261587702,0.14703574748199588,4.868333333333333,302.92650000000003,3.433333333333333,18.4,119.3072,3.3,62.91666666666667,80.7,72.9197769165039,392.754150390625,0.005666841051511051,0.0039008530580915135,58.0,24.166666666666668,32.833333333333336,-0.016809390967930216,177.46192932128906,-0.0037170382466699126,380.6000061035156,0.004625201026976278,208.52000427246094,-0.001063055988980044,197.33999633789062,-0.02446301525301886,111.3884506225586,62.91666666666667,1411.6039010989011,2.517,97.7441,1.06,6.28,18.4
2023-04-10,159.56915283203125,47716900,0.01974941678355213,0.020366771331340017,0.06011250846758753,0.16237830293289313,4.899,302.99170000000004,3.46,18.97,119.7948,3.41,62.29,79.79,72.88064575195312,393.1572265625,-0.0005366330809759567,0.0010262811264352134,58.0,25.1,33.5,0.020195706932286672,181.0458984375,-0.011429337976238796,376.25,0.024410110462302903,213.61000061035156,0.004053932637092084,198.13999938964844,0.017911689437473788,113.38360595703125,62.29,1411.587021978022,2.53,97.72034,1.14,6.274285714285714,18.97
2023-04-11,158.35784912109375,47644200,0.035261135425037615,0.018470169028361516,0.07935314035077567,0.18179394380881342,4.906666666666666,303.00800000000004,3.466666666666667,19.1,119.5248,3.43,62.13333333333333,81.54,72.19580841064453,393.2628479003906,-0.009396696945296212,0.00026864910716284385,58.0,25.333333333333332,33.666666666666664,-0.008065049004536307,179.58575439453125,-0.013661168500830545,371.1099853515625,0.0013107943377970166,213.88999938964844,-0.001816900229436258,197.77999877929688,-0.0010299153189708976,113.26683044433594,62.13333333333333,1411.5828021978023,2.506,97.7144,1.14,6.272857142857142,19.1
2023-04-12,157.66847229003906,50133100,0.047033178582595925,0.022860823727100188,0.08525920111379492,0.1917774585619747,4.914333333333333,303.02430000000004,3.473333333333333,19.09,119.003,3.41,61.97666666666667,83.26,71.784912109375,391.65997314453125,-0.0056914149216583665,-0.0040758357022969705,58.0,25.566666666666666,33.833333333333336,-0.011192733793217835,177.57569885253906,-0.0032873561781672223,369.8900146484375,-0.00799479507572498,212.17999267578125,-0.02335926355396012,193.16000366210938,-0.027668123164923286,110.13294982910156,61.97666666666667,1411.5785824175823,2.533,97.70846,1.14,6.271428571428571,19.09
2023-04-13,163.04554748535156,68445600,0.006583778748348257,0.017214218379121293,0.04378320491611265,0.15338089438879554,4.922,303.04060000000004,3.48,17.8,118.3915,3.45,61.82,82.16,73.12033081054688,396.8622131347656,0.01860305546013863,0.013282541865248687,58.0,25.8,34.0,0.009664277027541912,179.29183959960938,0.02408816889258225,378.79998779296875,0.02276370062108124,217.00999450683594,0.016307692259079687,196.30999755859375,0.002739456331701362,110.43465423583984,61.82,1411.5743626373626,2.506,97.70251999999999,1.16,6.27,17.8
2023-04-14,162.7008819580078,49386500,-0.001150358279489394,0.027056396722613618,0.04296343396858138,0.17582662658325487,4.929666666666667,303.05690000000004,3.486666666666667,17.07,118.8567,3.52,61.663333333333334,82.58,72.7143325805664,395.8927917480469,-0.005552467083777324,-0.0024427152664936447,58.0,26.033333333333335,34.166666666666664,-0.0031199814128767267,178.73245239257812,0.0015311961682553665,379.3800048828125,-0.011335844050263888,214.5500030517578,-0.008405042621387082,194.66000366210938,-0.005023112091137705,109.87992858886719,61.663333333333334,1411.5701428571429,2.413,97.69658,1.22,6.2871428571428565,17.07
2023-04-17,162.72055053710938,41516200,0.0006053982847422645,0.026387432021630852,0.04283736747769651,0.17410855196344666,4.9526666666666666,303.1058,3.506666666666667,16.95,119.2787,3.6,61.193333333333335,80.93,72.97847747802734,397.3133239746094,0.0036326386846536884,0.0035881740111767257,58.0,26.733333333333334,34.666666666666664,0.005622956935683154,179.73745727539062,-0.0038483616328939263,377.9200134277344,-0.006478673362279586,213.16000366210938,0.01248326636220165,197.08999633789062,-0.00983177410200764,108.79961395263672,61.193333333333335,1411.5574835164834,2.363,97.67876,1.28,6.338571428571428,16.95
2023-04-18,163.9417266845703,49923000,-0.016219063791844568,0.012434655906017111,0.03879902290423054,0.17360389460805647,4.960333333333333,303.1221,3.513333333333333,16.83,119.1049,3.58,61.03666666666667,80.85,73.2034912109375,397.5724792480469,0.0030832889460856716,0.0006522692741461888,58.0,26.966666666666665,34.833333333333336,5.2719717700711044e-05,179.74693298339844,-0.000979110980150244,377.54998779296875,0.0028617029455417775,213.77000427246094,0.0018265798216079432,197.4499969482422,-0.004651633106444564,108.29351806640625,61.03666666666667,1411.5532637362637,2.31,97.67282,1.3,6.355714285714285,16.83
2023-04-19,165.08412170410156,47720200,-0.023086522327992354,-0.0010739486528872355,0.04570858196721983,0.15371413481507878,4.968,303.1384,3.52,16.46,119.303,3.6,60.88,79.18,72.99314880371094,397.5053405761719,-0.0028733931093594123,-0.00016887152753120027,58.0,27.2,35.0,-0.005432815827305815,178.77040100097656,0.0067805526191608845,380.1099853515625,-0.00046782102969022965,213.6699981689453,-0.004507467224128314,196.55999755859375,-0.00835810393054992,107.38838958740234,60.88,1411.549043956044,2.288,97.66688,1.32,6.372857142857143,16.46
2023-04-20,164.11900329589844,52456400,0.010560908942911507,-0.00516061107302801,0.05251892879526321,0.15334822837707596,4.975666666666666,303.1547,3.526666666666667,17.17,119.1199,3.54,60.723333333333336,77.27,72.51378631591797,395.33612060546875,-0.006567225769120388,-0.00545708384083321,58.0,27.433333333333334,35.166666666666664,-0.008327061939858327,177.28176879882812,0.0003946868533952763,380.260009765625,0.0002807954280334979,213.72999572753906,-0.009768000573834756,194.63999938964844,0.03670476542723433,111.3300552368164,60.723333333333336,1411.5448241758243,2.233,97.66094,1.28,6.39,17.17
2023-04-21,162.5137176513672,58337300,0.02823924024592661,0.05181222025371768,0.05709000113515805,0.16965618230657542,4.983333333333333,303.171,3.533333333333333,16.77,119.3117,3.57,60.56666666666667,77.86,72.27896881103516,395.6432189941406,-0.0032382463640747705,0.0007768032635153688,58.0,27.666666666666668,35.333333333333336,-0.0034226926433023053,176.67498779296875,-0.006811119421910816,377.6700134277344,-0.0034155043378639727,213.0,-0.0028257452398402494,194.08999633789062,-0.008129998842536512,110.42494201660156,60.56666666666667,1411.5406043956043,2.246,97.655,1.29,6.395714285714285,16.77
2023-04-24,162.81906127929688,41949600,0.025766434781467895,0.04941619472733727,0.0391173430323386,0.17273195001925878,5.006333333333333,303.2199,3.5533333333333332,16.89,119.2039,3.52,60.096666666666664,78.64,71.96102142333984,396.05596923828125,-0.0043988921386876045,0.0010432385147152168,58.0,28.366666666666667,35.833333333333336,0.00332726695485408,177.26283264160156,-0.0008738239153500693,377.3399963378906,-9.391677211711968e-05,212.97999572753906,0.00901643584429479,195.83999633789062,0.0013218533196053261,110.57090759277344,60.096666666666664,1411.5279450549451,2.274,97.63718,1.24,6.412857142857143,16.89
2023-04-25,161.28274536132812,48714100,0.02912611806476284,0.048849053901171224,0.050727703559169335,0.18928381602497524,5.013999999999999,303.2362,3.56,18.76,119.613,3.4,59.94,77.05,70.425048828125,389.7690124511719,-0.02134450796881915,-0.01587390994055926,58.0,28.6,36.0,-0.03112980807511545,171.7446746826172,-0.020538506586140537,369.5899963378906,-0.04263312054278823,203.89999389648438,-0.028747905072004754,190.2100067138672,-0.02640589260147319,107.65118408203125,59.94,1411.5237252747252,2.201,97.63124,1.15,6.418571428571428,18.76
2023-04-26,161.2729034423828,45498800,0.022532777137604043,0.059843520514976545,0.05782425336457009,0.18152929730316858,5.0216666666666665,303.2525,3.566666666666667,18.84,119.3228,3.43,59.78333333333333,74.33,71.47183990478516,388.1181945800781,0.01486390274595184,-0.00423537484601999,58.0,28.833333333333332,36.166666666666664,-0.0026497364523294653,171.2895965576172,-0.017668223826401763,363.05999755859375,-0.001422232931895251,203.61000061035156,-0.0016298449421179306,189.89999389648438,-0.0027123917863969282,107.35919189453125,59.78333333333333,1411.5195054945054,2.142,97.62530000000001,1.18,6.424285714285714,18.84
2023-04-27,165.8522491455078,64902300,-0.015557221615058126,0.03170841010542258,0.04312479201729125,0.16442541387006493,5.029333333333333,303.2688,3.5733333333333333,17.03,119.4298,3.53,59.626666666666665,74.77,72.9882583618164,395.8448181152344,0.021217006013157347,0.019907913731063376,58.0,29.066666666666666,36.333333333333336,-0.016827199530360604,168.4072723388672,0.023026540862000067,371.4200134277344,0.02087323799057006,207.86000061035156,0.0011058805719692533,190.11000061035156,0.012419605076371187,108.69255065917969,59.626666666666665,1411.5152857142857,2.142,97.61936,1.26,6.43,17.03
2023-04-28,167.1029815673828,55275900,0.022925579072583524,0.01843906377539528,0.04635329210033445,0.15936904435023513,5.037,303.2851,3.58,15.78,119.2248,3.44,59.47,76.78,73.78070068359375,399.2234191894531,0.010857120577518975,0.008535165599250494,58.0,29.3,36.5,0.01272386707704154,170.55006408691406,0.016531107395627798,377.55999755859375,0.0076493617493593735,209.4499969482422,0.02461728820554443,194.7899932861328,0.012088259964693204,110.00645446777344,59.47,1411.511065934066,2.159,97.61342,1.26,6.424285714285714,15.78
2023-05-01,167.0143280029297,52472900,0.023055696836978168,0.016027023463903056,0.04661352008245245,0.15502431101285818,5.06,303.334,3.6,16.08,119.4435,3.59,59.0,75.65,73.82474517822266,398.8203125,0.000596964981639081,-0.001009727060280019,58.0,30.0,37.0,0.014787465412753553,173.0720672607422,-0.009031686842248643,374.1499938964844,0.005729276513375847,210.64999389648438,0.008624713755713831,196.47000122070312,-0.0007078969171148142,109.92858123779297,59.0,1411.4984065934066,2.169,97.5956,1.36,6.407142857142857,16.08
2023-05-02,165.98028564453125,48425700,0.019164741318096867,0.02235678109421091,0.07000782519514259,0.14421737200676166,5.0606451612903225,303.35593548387095,3.6,17.78,119.6105,3.44,59.16774193548387,71.71,73.13499450683594,394.3378601074219,-0.009343082319100082,-0.011239278071068948,58.193548387096776,30.129032258064516,37.25806451612903,0.006135710879421108,174.1339874267578,-0.014673233526482199,368.6600036621094,-0.00797527996419889,208.97000122070312,-0.020613849578024257,192.4199981689453,-0.006994314976258242,109.15970611572266,59.16774193548387,1411.4941868131868,2.102,97.57386129032258,1.24,6.401428571428571,17.78
2023-05-03,164.90682983398438,65136000,0.03648855490169911,0.032719540267747815,0.08211571882575286,0.14323338207184122,5.0612903225806445,303.37787096774196,3.6,18.34,119.1233,3.38,59.33548387096774,68.62,72.5186538696289,391.63116455078125,-0.008427438073430382,-0.006863899793703054,58.38709677419355,30.258064516129032,37.516129032258064,-0.006914974485291658,172.9298553466797,-0.06350025343016463,345.25,-0.0072737917575814715,207.4499969482422,0.0066521088840933995,193.6999969482422,0.010074867654180641,110.25947570800781,59.33548387096774,1411.4899670329671,2.044,97.55212258064516,1.18,6.395714285714285,18.34
2023-05-04,163.2720489501953,81235400,0.0480125739741053,0.05731436533364764,0.08467573073654622,0.09923237861882361,5.061935483870967,303.3998064516129,3.6,20.09,119.0465,3.37,59.50322580645161,68.52,72.17134857177734,388.8572082519531,-0.004789185669054619,-0.007083083650939681,58.58064516129032,30.387096774193548,37.774193548387096,-0.005811633166509789,171.9248504638672,-0.02728461528670345,335.8299865722656,-0.011665452902123175,205.02999877929688,-0.003458947751683983,193.02999877929688,-0.007414580613108401,109.44194793701172,59.50322580645161,1411.4857472527472,2.05,97.53038387096774,1.18,6.39,20.09
2023-05-05,170.9339141845703,113453200,-0.004385964520758012,0.010556380037179736,0.03392215455273795,0.03184517499715467,5.06258064516129,303.42174193548385,3.6,17.19,118.5548,3.44,59.670967741935485,71.32,73.98125457763672,396.05596923828125,0.025077901988478812,0.01851260779937447,58.774193548387096,30.516129032258064,38.03225806451613,0.011360518926195606,173.8780059814453,0.03742967521309737,348.3999938964844,0.0010242731069478594,205.24000549316406,0.009894854034026013,194.94000244140625,0.03210311768570784,112.95537567138672,59.670967741935485,1411.4815274725274,2.15,97.50864516129033,1.23,6.384285714285714,17.19
2023-05-08,170.86495971679688,55962800,-0.0068702744091119206,0.005423383830725381,0.02631676240863623,0.037744626045495,5.064516129032258,303.48754838709675,3.6,16.98,118.5759,3.52,60.174193548387095,73.13,73.94213104248047,396.16156005859375,-0.0005288303825017326,0.0002666058045168729,59.354838709677416,30.903225806451612,38.806451612903224,0.006161679904177708,174.9493865966797,-0.012456935746044007,344.05999755859375,0.0015591115614170814,205.55999755859375,-0.015132845548870288,191.99000549316406,-0.0026710052969590725,112.65367126464844,60.174193548387095,1411.468868131868,2.213,97.44342903225807,1.29,6.3671428571428565,16.98
2023-05-09,169.1612548828125,45326900,0.0031320155090783786,0.0001587566181664446,0.05268527799366263,0.038810400579028626,5.06516129032258,303.50948387096776,3.6,17.71,118.8239,3.53,60.34193548387097,73.68,73.37471008300781,394.42425537109375,-0.007673851855130698,-0.0043853439168682895,59.54838709677419,31.032258064516128,39.064516129032256,-0.026555357502165422,170.3035430908203,-0.004098133093398237,342.6499938964844,-0.007443076461706832,204.02999877929688,0.003854316439411365,192.72999572753906,-0.016501033270119425,110.79476928710938,60.34193548387097,1411.4646483516483,2.233,97.42169032258064,1.3,6.361428571428571,17.71
2023-05-10,170.92404174804688,53724500,-0.0036363301998146857,-0.008540595435790999,0.0440788424734222,0.026827409250649747,5.065806451612903,303.5314193548387,3.6,16.94,118.5864,3.43,60.50967741935484,72.53,74.2698745727539,396.26715087890625,0.01219990496362322,0.004672368604914157,59.74193548387097,31.161290322580644,39.32258064516129,0.01007677349717273,172.0196533203125,0.0039982347631424275,344.0199890136719,0.0007842163557647552,204.19000244140625,0.01862715548312921,196.32000732421875,0.01379140140415025,112.32278442382812,60.50967741935484,1411.4604285714286,2.254,97.39995161290322,1.26,6.355714285714285,16.94
2023-05-11,171.1111602783203,49514700,0.008875648623441146,-0.002996716319445536,0.059247235204822335,0.026050877207219214,5.066451612903226,303.5533548387097,3.6,16.93,119.0303,3.39,60.67741935483871,70.81,73.93724060058594,395.5760498046875,-0.00447871999355709,-0.001744028170606371,59.935483870967744,31.29032258064516,39.58064516129032,-0.00462989245556833,171.2232208251953,-0.007092618217917845,341.5799865722656,-0.013369879498985049,201.4600067138672,-0.01640179859704949,193.10000610351562,0.00043321823412689753,112.37144470214844,60.67741935483871,1411.4562087912088,2.215,97.37821290322582,1.23,6.35,16.93
2023-05-12,170.1842041015625,45533100,0.015008169858458542,0.016572565055815502,0.06223518791750382,0.04132978254117736,5.067096774193548,303.57529032258066,3.6,17.03,119.3671,3.46,60.84516129032258,70.02,73.83939361572266,395.0577087402344,-0.0013233789098494597,-0.0013103449127140898,60.12903225806452,31.419354838709676,39.83870967741935,-0.00011068251096024717,171.2042694091797,-0.01794594123253035,335.45001220703125,-0.0014891444542831644,201.16000366210938,0.006991148638301192,194.4499969482422,0.005456335398455359,112.98458099365234,60.84516129032258,1411.451989010989,2.153,97.3564741935484,1.28,6.355714285714285,17.03
2023-05-15,169.69107055664062,37266700,0.012378703328533414,0.030394553521602807,0.06904160590255759,0.03265885397136947,5.0690322580645155,303.64109677419356,3.6,17.12,119.1608,3.5,61.348387096774196,71.07,74.45085906982422,396.42071533203125,0.008281019441787052,0.0034501455398585623,60.70967741935484,31.806451612903224,40.61290322580645,0.021044304375660516,174.80714416503906,0.030466540017281663,345.6700134277344,0.005716811868904381,202.30999755859375,0.01265110183839191,196.91000366210938,0.043242421981326995,117.87030792236328,61.348387096774196,1411.4393296703297,2.218,97.29125806451613,1.31,6.372857142857143,17.12
2023-05-16,169.69107055664062,42110300,-0.0029639756731349998,0.03010401880283875,0.08101350667222729,0.027537763668574966,5.069677419354838,303.6630322580645,3.6,17.99,119.1743,3.54,61.516129032258064,70.85,74.52911376953125,393.77154541015625,0.0010510919643471617,-0.006682723226651088,60.903225806451616,31.93548387096774,40.87096774193548,-0.00856971196546552,173.30909729003906,-0.0016201233963528683,345.1099853515625,0.0007414816721056372,202.4600067138672,-0.018587190056579384,193.25,-0.0015690478466710012,117.68536376953125,61.516129032258064,1411.43510989011,2.183,97.2695193548387,1.35,6.378571428571428,17.99
2023-05-17,170.30250549316406,57951600,-0.004922163849028882,0.04285138937607891,0.07082043679993055,0.00894637506053475,5.070322580645161,303.6849677419355,3.6,16.87,119.607,3.57,61.68387096774194,72.78,75.52213287353516,398.5516052246094,0.013323908655007655,0.01213917021219535,61.096774193548384,32.064516129032256,41.12903225806451,0.028283890144246593,178.21095275878906,0.0333807192495883,356.6300048828125,0.008347264282202671,204.14999389648438,0.026959931248989433,198.4600067138672,0.03953036500658391,122.33750915527344,61.68387096774194,1411.43089010989,2.251,97.2477806451613,1.35,6.384285714285714,16.87
2023-05-18,172.6298828125,65496700,-0.011767917046155207,0.033704418944069614,0.05689800620004193,-0.0018530120550084295,5.070967741935484,303.70690322580646,3.6,16.05,120.0886,3.65,61.851612903225806,71.82,77.0678939819336,402.3908386230469,0.020467656958085056,0.009632964334126415,61.29032258064516,32.193548387096776,41.38709677419355,0.022877187226250317,182.2879180908203,0.010655266637526584,360.42999267578125,0.06216019015822649,216.83999633789062,0.03214748265740952,204.83999633789062,0.03357207741903934,126.44463348388672,61.851612903225806,1411.4266703296703,2.238,97.22604193548388,1.42,6.39,16.05
2023-05-19,172.7383575439453,55809500,0.0015412636506906274,0.02523395221499669,0.05023982426343676,0.00523780537412355,5.071612903225806,303.7288387096774,3.6,16.81,119.7751,3.7,62.01935483870968,71.57,77.03364562988281,401.80535888671875,-0.0004443919546940345,-0.0014550026494927204,61.483870967741936,32.32258064516129,41.645161290322584,-0.008998092399388868,180.64767456054688,0.030019719624031715,371.25,-0.0005994725429753212,216.7100067138672,-0.01928332854354542,200.88999938964844,-0.022860192848145222,123.55408477783203,62.01935483870968,1411.4224505494506,2.194,97.20430322580646,1.46,6.4157142857142855,16.81
2023-05-22,171.7916259765625,43570900,0.017795564183478163,0.028760044822879305,0.07347864766786727,0.01876762662569975,5.073548387096774,303.7946451612903,3.6,17.21,120.0875,3.72,62.52258064516129,71.81,77.18040466308594,401.9686279296875,0.0019051290121754327,0.000406338639736159,62.064516129032256,32.70967741935484,42.41935483870968,0.004093699039929843,181.38719177246094,0.0021548492739897895,372.04998779296875,-0.023441473276137437,211.6300048828125,0.012942436713699434,203.49000549316406,-0.003150950005745834,123.1647720336914,62.52258064516129,1411.4097912087911,2.201,97.13908709677419,1.48,6.492857142857143,17.21
2023-05-23,169.1881103515625,50747300,0.03316629857812714,0.03648874558167492,0.08813246353326032,0.05714962384261346,5.074193548387097,303.8165806451613,3.6,18.53,120.3204,3.7,62.690322580645166,72.87,76.04063415527344,397.45733642578125,-0.014767615080381047,-0.01122299401110316,62.25806451612903,32.83870967741935,42.67741935483871,-0.017719868051786936,178.17303466796875,-0.004381062810681735,370.4200134277344,-0.02773713670340372,205.75999450683594,-0.03366261692761974,196.63999938964844,-0.016278054019793653,121.1598892211914,62.690322580645166,1411.4055714285714,2.169,97.11734838709678,1.44,6.518571428571429,18.53
2023-05-24,169.46424865722656,45143500,0.04800986565020793,0.05080312828847888,0.07815399753412766,0.027806028250112247,5.07483870967742,303.83851612903226,3.6,20.03,120.4752,3.73,62.85806451612903,74.37,75.48300170898438,394.5778503417969,-0.007333348182635979,-0.007244767727471735,62.45161290322581,32.96774193548387,42.935483870967744,-0.07833122715331353,164.21652221679688,-0.01258032366822559,365.760009765625,-0.010157447480983461,203.6699981689453,0.0005594009900986574,196.75,-0.01965043160335378,118.77904510498047,62.85806451612903,1411.4013516483517,2.225,97.09560967741936,1.48,6.5442857142857145,20.03
2023-05-25,170.598388671875,56058300,0.0460138228403868,0.04607187118526679,0.08711455541228807,0.033881450432258875,5.075483870967742,303.86045161290326,3.6,19.14,120.8413,3.83,63.02580645161291,71.68,78.37886047363281,397.994873046875,0.038364382696558286,0.008659945564907456,62.645161290322584,33.096774193548384,43.193548387096776,-0.0046765991822781405,163.44854736328125,0.0719050390714433,392.05999755859375,0.10222422306376444,224.49000549316406,0.004116887210133369,197.55999755859375,0.07179820262660619,127.30716705322266,63.02580645161291,1411.397131868132,2.151,97.07387096774194,1.58,6.57,19.14
2023-05-26,173.0045928955078,54835000,0.023656228079854014,0.0476544027184973,0.07877797807714204,0.028520389214033548,5.0761290322580646,303.8823870967742,3.6,17.95,120.6304,3.8,63.193548387096776,72.35,80.60454559326172,403.149169921875,0.02839649755277618,0.012950661488528636,62.83870967741935,33.225806451612904,43.45161290322581,0.02401527890270927,167.37380981445312,0.059506241991334585,415.3900146484375,0.01710542226347611,228.3300018310547,0.006782731091567351,198.89999389648438,0.0428451185261296,132.76165771484375,63.193548387096776,1411.392912087912,2.184,97.05213225806452,1.57,6.601428571428571,17.95
2023-05-30,174.8487548828125,55964400,0.010772773064890773,0.033897268216601883,0.06931754634481102,0.03986809191258356,5.078709677419355,303.97012903225806,3.6,17.46,120.5546,3.69,63.86451612903226,69.45,81.0350112915039,403.3027038574219,0.0053404643010377395,0.0003808365414137427,63.61290322580645,33.74193548387097,44.483870967741936,0.00509818114852667,168.22711181640625,0.00438136869558825,417.2099914550781,0.02811719054640749,234.75,-0.01940674071795323,195.0399932861328,0.003748217952920463,133.25927734375,63.86451612903226,1411.3760329670329,2.11,96.96517741935484,1.47,6.727142857142857,17.46
2023-05-31,174.79945373535156,99625300,0.003215791115254163,0.03779966526581591,0.09432998910494605,0.06010384214541342,5.079354838709677,303.99206451612906,3.6,17.94,120.9662,3.64,64.03225806451613,68.11,80.35997772216797,401.0663146972656,-0.008330147162041723,-0.005545187619041769,63.806451612903224,33.87096774193548,44.74193548387097,0.0014654965672351583,168.47364807128906,0.0013902281865803001,417.7900085449219,-0.016357811875998385,230.91000366210938,0.02230314937067268,199.38999938964844,-0.023943695839363954,130.0685577392578,64.03225806451613,1411.3718131868131,2.091,96.94343870967742,1.46,6.758571428571429,17.94
2023-06-01,177.60020446777344,68901800,0.002665301854327451,0.03287234259172478,0.06868775510221625,0.0446091387497447,5.08,304.014,3.6,15.65,120.0491,3.61,64.2,70.09,81.17686462402344,404.8768310546875,0.010165345051236008,0.009500963351405156,64.0,34.0,45.0,0.015307548014511951,171.0525665283203,0.02144616020446244,426.75,0.006409404980586064,232.38999938964844,0.019609828346849323,203.3000030517578,0.011477828992912276,131.56146240234375,64.2,1411.3675934065934,2.165,96.9217,1.45,6.79,15.65
2023-06-02,178.44827270507812,61996900,5.549481623701169e-05,0.021939862773034058,0.05736402530153173,0.04844363975535759,5.081333333333333,304.03383333333335,3.5966666666666667,14.6,120.0049,3.69,64.44333333333334,71.76,81.64156341552734,410.7318115234375,0.00572452254292144,0.014461139832323777,63.96666666666667,33.766666666666666,44.766666666666666,0.0013924941443435035,171.29075622558594,0.022542460731546532,436.3699951171875,-0.01161838700173623,229.69000244140625,0.004623720744199478,204.24000549316406,-0.0014834124563964934,131.36630249023438,64.44333333333334,1411.3633736263737,2.219,96.93456,1.51,6.7785714285714285,14.6
2023-06-05,177.09722900390625,121946500,0.023443587779129915,0.030237344656893317,0.06810351393611924,0.057780019100063695,5.085333333333334,304.09333333333336,3.586666666666667,14.73,120.0048,3.69,65.17333333333333,72.14,81.17198944091797,409.9448547363281,-0.005751653385413613,-0.0019159869409445252,63.86666666666667,33.06666666666667,44.06666666666667,-0.02680765610302993,166.6988525390625,-0.005018682461928048,434.17999267578125,0.01149374966950023,232.3300018310547,0.02051501698944791,208.42999267578125,-0.006685040762103744,130.4881134033203,65.17333333333333,1411.3507142857143,2.225,96.97314,1.5,6.744285714285715,14.73
2023-06-06,176.73236083984375,64848400,0.02287803526958121,0.026505284082687375,0.0640030867704362,0.022024407520005562,5.086666666666667,304.1131666666667,3.5833333333333335,13.96,119.9718,3.7,65.41666666666667,71.71,81.15241241455078,410.83734130859375,-0.00024117958056746325,0.0021770893376369393,63.833333333333336,32.833333333333336,43.833333333333336,0.017087489940297074,169.5473175048828,-0.002971067412373851,432.8900146484375,-0.01528000268488483,228.77999877929688,-0.002015056295658124,208.00999450683594,0.0015706875464893688,130.6930694580078,65.41666666666667,1411.3464945054945,2.238,96.986,1.5,6.732857142857143,13.96
2023-06-07,175.361572265625,61944600,0.03447301613156961,0.051625164803189794,0.0606794207280994,-0.00011381339615001984,5.088,304.133,3.58,13.94,119.859,3.79,65.66,72.52,79.93928527832031,409.4168395996094,-0.014948750137376732,-0.0034575769195170913,63.8,32.6,43.6,0.013485545049778835,171.83375549316406,-0.033657526926444525,418.32000732421875,-0.02758107173818536,222.47000122070312,-0.03293106593732187,201.16000366210938,0.007988463883846775,131.7371063232422,65.66,1411.3422747252748,2.309,96.99886000000001,1.58,6.7214285714285715,13.94
2023-06-08,178.0735626220703,50214900,0.03012674387109282,0.033837210906486836,0.04159044351229091,-0.011903451080522931,5.089333333333333,304.1528333333333,3.5766666666666667,13.65,119.5712,3.73,65.90333333333334,71.28,80.80510711669922,411.8931884765625,0.01083099298879664,0.006048478317049355,63.766666666666666,32.36666666666667,43.36666666666667,0.007262662551214216,173.08172607421875,0.0495075327320571,439.0299987792969,0.025216885780416476,228.0800018310547,-0.004971167139565691,200.16000366210938,0.008814130685700361,132.89825439453125,65.90333333333334,1411.3380549450549,2.282,97.01172,1.53,6.71,13.65
2023-06-09,178.4581756591797,48900000,0.021883153555211976,0.023817241513462317,0.04868463635597986,-0.0075033549414793566,5.0906666666666665,304.17266666666666,3.5733333333333333,13.83,119.4322,3.75,66.14666666666668,70.16,81.20621490478516,412.63226318359375,0.004963891545947119,0.0017943358319782998,63.733333333333334,32.13333333333333,43.13333333333333,0.004293629492649442,173.8248748779297,0.034097900513237134,454.0,0.005349005659894823,229.3000030517578,0.0061450624751957506,201.38999938964844,-0.0005875112806299487,132.82017517089844,66.14666666666668,1411.3338351648351,2.248,97.02458,1.55,6.707142857142857,13.83
2023-06-12,181.2490234375,54274900,0.006638135173142157,0.023233052171617308,0.036726861405503186,-0.039457631102538304,5.094666666666667,304.23216666666667,3.5633333333333335,15.01,119.6376,3.73,66.87666666666667,67.08,82.97210693359375,416.3756408691406,0.021745774395212525,0.009071946184395552,63.63333333333333,31.433333333333334,42.43333333333333,0.028499040580727053,178.77871704101562,0.045440539389454804,474.6300048828125,0.017095499855098062,233.22000122070312,0.03331847030241408,208.10000610351562,0.028577622409918124,136.61585998535156,66.87666666666667,1411.3211758241757,2.171,97.06316,1.56,6.698571428571428,15.01
2023-06-13,180.77565002441406,54929100,0.0035461205422697706,0.0324042253294059,0.04025967744753589,-0.048359235549866875,5.096,304.252,3.56,14.61,119.1899,3.84,67.12,69.39,83.47593688964844,419.12078857421875,0.006072281091498821,0.00659295942324567,63.6,31.2,42.2,0.025098660497785863,183.2658233642578,0.009186071901710058,478.989990234375,0.02478346089119121,239.0,0.024939870400751074,213.2899932861328,0.012713697372922494,138.35275268554688,67.12,1411.316956043956,2.253,97.07602,1.64,6.695714285714286,14.61
2023-06-14,181.4068145751953,57462900,0.01658056653402218,0.030660518407557014,0.054580169012918844,-0.04334149207687277,5.097333333333333,304.27183333333335,3.5566666666666666,13.88,118.776,3.83,67.36333333333333,68.22,84.3368911743164,419.61993408203125,0.010313801997887229,0.001190934741057692,63.56666666666667,30.966666666666665,41.96666666666667,-0.002494981686454789,182.80857849121094,0.0011273900414028315,479.5299987792969,-0.012301265445214482,236.05999755859375,0.0012190434329293343,213.5500030517578,-0.004372628648277921,137.74778747558594,67.36333333333333,1411.3127362637363,2.187,97.08888,1.62,6.692857142857143,13.88
2023-06-15,183.43833923339844,65433200,0.0036019519515149145,0.04279337188269827,0.04150305091202955,-0.05786613751750469,5.0986666666666665,304.2916666666667,3.5533333333333332,14.5,118.5521,3.72,67.60666666666667,70.61,85.42283630371094,424.8222351074219,0.012876276493877237,0.012397649879935413,63.53333333333333,30.733333333333334,41.733333333333334,-0.011621343039292964,180.68409729003906,0.02373158073901882,490.9100036621094,0.007243949553302542,237.77000427246094,0.036899974298354676,221.42999267578125,-0.007508884856491371,136.7134552001953,67.60666666666667,1411.3085164835165,2.295,97.10174,1.51,6.69,14.5
2023-06-16,182.3634033203125,101256200,0.0018926703620874008,0.040774411766083984,0.05505076908350581,-0.03628413082083992,5.1000000000000005,304.3115,3.5500000000000003,13.54,118.4184,3.77,67.85,71.81,84.71842193603516,423.3751525878906,-0.008246206730613825,-0.0034063248105771216,63.5,30.5,41.5,-0.0068543074572895435,179.4456329345703,0.00869810959609385,495.17999267578125,-0.00811712116705321,235.83999633789062,-0.03581264028397624,213.5,-0.008421977949369275,135.5620574951172,67.85,1411.3042967032966,2.366,97.11460000000001,1.55,6.687142857142858,13.54
2023-06-20,182.45217895507812,49799100,0.016485484126449235,0.034160211273789765,0.04388933984969379,-0.030799470711587174,5.105333333333333,304.3908333333333,3.5366666666666666,13.88,118.938,3.74,68.82333333333334,70.94,84.1458969116211,421.17864990234375,-0.00675797555396318,-0.005188076513514606,63.36666666666667,29.566666666666666,40.56666666666667,-0.0020174914450488135,179.08360290527344,-0.01882145373817845,485.8599853515625,-0.01403492880762891,232.52999877929688,-0.007072573802510251,211.99000549316406,-0.0029510833564548866,135.16200256347656,68.82333333333334,1411.2874175824177,2.264,97.16604000000001,1.52,6.675714285714286,13.88
2023-06-21,181.4167022705078,49515700,0.028756132076463548,0.04267231318851161,0.04337891343705391,-0.04475443307336624,5.1066666666666665,304.41066666666666,3.533333333333333,13.2,118.727,3.72,69.06666666666666,72.55,82.90078735351562,419.0205993652344,-0.014797032342684702,-0.005123836494584255,63.333333333333336,29.333333333333332,40.333333333333336,-0.013511868139040373,176.66384887695312,-0.01724771460479657,477.4800109863281,-0.019438370516447034,228.00999450683594,-0.01891603217942417,207.97999572753906,-0.013355532532992598,133.35684204101562,69.06666666666666,1411.2831978021977,2.392,97.1789,1.51,6.672857142857143,13.2
2023-06-22,184.41464233398438,51245300,0.013850305954145492,0.01967921356951363,0.030748817744595813,-0.06863708958233461,5.1080000000000005,304.4305,3.5300000000000002,12.91,118.7552,3.8,69.31,69.22,83.5772705078125,420.5331115722656,0.008160153550920146,0.0036096368754245933,63.3,29.1,40.1,0.0036128494411997725,177.30210876464844,0.00020938171994044907,477.5799865722656,-0.004429606294322541,227.0,-0.006154432183822722,206.6999969482422,0.016463314306689236,135.55233764648438,69.31,1411.278978021978,2.296,97.19176,1.56,6.67,12.91
2023-06-23,184.0990753173828,53117000,0.039050760966512055,0.010338648187166344,0.037175851672221594,-0.06242757529827514,5.109333333333334,304.45033333333333,3.526666666666667,13.44,119.152,3.74,69.55333333333333,68.91,82.67041015625,417.35394287109375,-0.01085056195365619,-0.0075598534662010275,63.266666666666666,28.866666666666667,39.86666666666667,-0.0009134509918568012,177.14015197753906,0.01495040589888097,484.7200012207031,-0.00740084879198788,225.32000732421875,-0.02273825359281001,202.0,-0.020515653750445506,132.77139282226562,69.55333333333333,1411.2747582417583,2.209,97.20462,1.53,6.675714285714285,13.44
2023-06-26,182.70855712890625,48088700,0.038808290103514276,0.015167127276225711,0.04981924150917805,-0.048319824606471995,5.113333333333333,304.50983333333335,3.5166666666666666,14.25,119.0761,3.72,70.28333333333333,69.09,82.07728576660156,415.648681640625,-0.007174566916111957,-0.0040858874334283035,63.166666666666664,28.166666666666668,39.166666666666664,0.0021512513893247043,177.52122497558594,-0.010748455689794989,479.510009765625,-0.010252142474231674,223.00999450683594,-0.006039610003480855,200.77999877929688,0.027412321782500193,136.4109649658203,70.28333333333333,1411.2620989010989,2.253,97.2432,1.54,6.692857142857143,14.25
2023-06-27,185.45999145507812,50730800,0.017388076291645183,0.009092826854943503,0.02743809477892034,-0.08437618733640573,5.1146666666666665,304.5296666666666,3.513333333333333,13.74,118.8949,3.77,70.52666666666667,67.68,83.6949234008789,420.2055969238281,0.01970871257703788,0.010963382020643841,63.13333333333333,27.933333333333334,38.93333333333333,0.032413872715312486,183.27537536621094,0.02035406779686899,489.2699890136719,0.025963000258019342,228.8000030517578,0.030232131492794245,206.85000610351562,0.04828347387852716,142.9973602294922,70.52666666666667,1411.2578791208791,2.209,97.25606,1.57,6.698571428571428,13.74
2023-06-28,186.633544921875,51216800,0.01352719140925962,0.006816493143445346,0.03476882429351269,-0.09822923575219344,5.1160000000000005,304.54949999999997,3.5100000000000002,13.43,119.3382,3.71,70.77,69.54,83.7439193725586,420.41754150390625,0.0005854115122969628,0.0005043830487496681,63.1,27.7,38.7,-0.012891287959048037,180.9127197265625,-0.013980003865921797,482.42999267578125,0.0024475417444249636,229.36000061035156,-0.0026589462679665887,206.3000030517578,-0.01719547883337469,140.5384521484375,70.77,1411.2536593406594,2.204,97.26892000000001,1.53,6.704285714285715,13.43
2023-06-29,186.96884155273438,46347300,0.005749278351188547,0.005801917704695736,0.03618347548679157,-0.09847296907988856,5.117333333333334,304.5693333333333,3.506666666666667,13.54,119.527,3.85,71.01333333333334,69.85,83.89099884033203,422.0745544433594,0.0017563002648479653,0.003941350623776874,63.06666666666667,27.466666666666665,38.46666666666667,-0.002211483249068724,180.51263427734375,0.002777597492349848,483.7699890136719,-0.0035751976021827225,228.5399932861328,-0.0005817274561380481,206.17999267578125,0.001388441323696643,140.73358154296875,71.01333333333334,1411.2494395604394,2.216,97.28178,1.65,6.71,13.54
2023-06-30,191.2882843017578,85213200,-0.02763302223332953,0.00010322050364419688,0.008454907915584675,-0.11614572086798713,5.118666666666667,304.58916666666664,3.5033333333333334,13.59,119.3606,3.81,71.25666666666666,70.66,85.22430419921875,427.0553283691406,0.01589330652057641,0.011800696993804705,63.03333333333333,27.233333333333334,38.233333333333334,0.02812940508581696,185.59034729003906,0.010790254334184457,488.989990234375,0.026166146678936464,234.52000427246094,-0.007614667383845086,204.61000061035156,0.0021493820526599094,141.03607177734375,71.25666666666666,1411.2452197802197,2.246,97.29464,1.59,6.724285714285714,13.59
2023-07-03,189.79916381835938,31458200,-0.022757965114942325,0.006598691597290429,0.0006236193267483703,-0.09599597320551267,5.133548387096774,304.7040322580645,3.5129032258064514,13.57,119.2119,3.86,71.36451612903225,69.71,85.04293823242188,427.5466613769531,-0.0021281014670758713,0.0011505137043690272,62.806451612903224,27.322580645161292,38.064516129032256,-0.0024638141935331426,185.13308715820312,-0.007730217089893965,485.2099914550781,0.0037523009039395205,235.39999389648438,-0.004447503344874759,203.6999969482422,0.006434316353887359,141.94354248046875,71.36451612903225,1411.5694782608696,2.207,97.30478387096774,1.61,6.767142857142857,13.57
2023-07-05,188.68478393554688,46920300,-0.008153476170998264,0.01970410603699957,-0.0008362684812422971,-0.09772227023157543,5.147096774193549,304.799064516129,3.5258064516129033,14.18,119.3483,3.95,71.22903225806452,71.78,84.5184326171875,426.9107971191406,-0.006167538729681565,-0.0014872394413387724,62.61290322580645,27.64516129032258,38.12903225806452,-0.022281598057246388,181.00802612304688,0.004225012564970321,487.260009765625,-0.01223445071663809,232.52000427246094,0.0007364219809564698,203.85000610351562,-0.02206653500188982,138.81134033203125,71.22903225806452,1411.8979565217392,2.314,97.30206774193549,1.69,6.795714285714285,14.18
2023-07-06,189.15817260742188,45094300,-0.006621132933279705,0.006881606108737337,-0.05119657133730271,-0.09340234111257295,5.153870967741936,304.8465806451613,3.532258064516129,15.44,119.8193,4.05,71.16129032258064,71.76,84.29293060302734,423.5678405761719,-0.0026680808810254364,-0.00783057389395525,62.516129032258064,27.806451612903224,38.16129032258065,-0.02005261604131725,177.3783416748047,-0.012252187951099724,481.2900085449219,-0.010536714705076888,230.07000732421875,-0.013735604453874561,201.0500030517578,-0.01321503241678157,136.97694396972656,71.16129032258064,1412.0621956521738,2.314,97.30070967741936,1.78,6.81,15.44
2023-07-07,188.0437774658203,46815000,5.233844521712605e-05,0.006607951857069416,-0.06204110036671806,-0.08146531742212137,5.160645161290323,304.89409677419354,3.5387096774193547,14.83,119.0761,4.06,71.09354838709677,73.91,83.92528533935547,422.4984436035156,-0.0043615195371873305,-0.0025247359931801494,62.41935483870968,27.967741935483872,38.193548387096776,-0.00472641495881132,176.53997802734375,0.008269401811981547,485.2699890136719,-0.013821914344919306,226.88999938964844,0.0025864424997152913,201.57000732421875,-0.005770129869695828,136.1865692138672,71.09354838709677,1412.2264347826087,2.372,97.29935161290322,1.79,6.831428571428571,14.83
2023-07-10,186.00241088867188,59922200,0.02852445976793483,0.021950057810372403,-0.04671023951558406,-0.057686991164947465,5.180967741935484,305.0366451612903,3.5580645161290323,15.07,118.9548,4.01,70.89032258064516,73.05,84.1458969116211,423.5678405761719,0.0026286663354622153,0.002531126419153873,62.12903225806452,28.451612903225808,38.29032258064516,0.030975155500684304,182.00833129882812,0.022832685599132763,496.3500061035156,0.033187883113196426,234.4199981689453,0.028575652614682756,207.3300018310547,0.007093235577817714,137.15257263183594,70.89032258064516,1412.719152173913,2.371,97.29527741935485,1.76,6.895714285714286,15.07
2023-07-11,185.47972106933594,46638100,0.030040313110032635,0.029455479734071588,-0.05258391626772152,-0.04704539858545842,5.187741935483871,305.0841612903226,3.564516129032258,14.84,118.7344,3.99,70.8225806451613,74.87,84.3272476196289,426.2652893066406,0.002155193713108572,0.0063683983344897666,62.03225806451613,28.612903225806452,38.32258064516129,-0.0005234698775948843,181.91305541992188,0.016903362602376237,504.739990234375,-0.010877924544304585,231.8699951171875,0.022765645005633495,212.0500030517578,-0.021343435800975752,134.2252655029297,70.8225806451613,1412.883391304348,2.394,97.2939193548387,1.75,6.917142857142857,14.84
2023-07-12,187.14634704589844,60750200,0.028086585513708684,0.024924941843840642,-0.06218051414194892,-0.058697871139273716,5.194516129032258,305.13167741935484,3.5709677419354837,13.54,117.6385,3.86,70.75483870967741,75.77,85.28312683105469,429.6950378417969,0.011335354092634642,0.008046042268032405,61.935483870967744,28.774193548387096,38.354838709677416,0.02330451287190738,186.15245056152344,0.005190781725004312,507.3599853515625,0.003752147299338482,232.74000549316406,0.015420911225654477,215.32000732421875,0.009668522575858152,135.5230255126953,70.75483870967741,1413.0476304347826,2.423,97.29256129032258,1.6,6.938571428571429,13.54
2023-07-13,187.90573120117188,41342300,0.013592738369689883,0.014065186092269366,-0.065655129403415,-0.05509188694061273,5.201290322580645,305.1791935483871,3.57741935483871,13.61,117.1831,3.76,70.68709677419355,76.86,86.3958511352539,433.10546875,0.013047414483330577,0.007936863607577394,61.83870967741935,28.93548387096774,38.38709677419355,0.014687917812973295,188.8866424560547,0.019552278917776,517.280029296875,0.029088205095323394,239.50999450683594,0.005898146806950333,216.58999633789062,0.02707192379062562,139.19189453125,70.68709677419355,1413.2118695652173,2.416,97.29120322580646,1.52,6.96,13.61
2023-07-14,188.05361938476562,41616200,0.006555270319195783,0.026954835989634107,-0.057620476389618425,-0.05105644288243327,5.208064516129032,305.22670967741936,3.5838709677419356,13.34,117.0463,3.83,70.61935483870968,75.44,86.26840209960938,432.8357238769531,-0.0014751754160625685,-0.0006228156708004695,61.74193548387097,29.096774193548388,38.41935483870968,-0.03177501994325005,182.884765625,-0.00473633635221038,514.8300170898438,0.005135530936238419,240.74000549316406,-0.011311681008665198,214.13999938964844,0.0006308868152877789,139.2797088623047,70.61935483870968,1413.3761086956522,2.393,97.28984516129033,1.59,6.934285714285714,13.34
2023-07-17,191.3080291748047,50520200,-0.0063920715692515895,0.012681092808865646,-0.08402701545746971,-0.07680025217021835,5.228387096774194,305.3692580645161,3.603225806451613,13.48,117.1267,3.81,70.41612903225807,74.17,87.37132263183594,434.338623046875,0.0127847567056254,0.0034722161018971853,61.45161290322581,29.580645161290324,38.516129032258064,0.02286823050717124,187.0670166015625,0.013926893677811636,522.0,0.015369265032052493,244.44000244140625,-0.0019146523922572989,213.72999572753906,0.01933569132220292,141.9727783203125,70.41612903225807,1413.8688260869565,2.383,97.28577096774194,1.56,6.857142857142858,13.48
2023-07-18,191.0515899658203,48288200,-0.0005677771719393432,0.009704285451750172,-0.0873460765990427,-0.07623309037943948,5.235161290322581,305.41677419354835,3.609677419354839,13.3,117.0264,3.8,70.3483870967742,75.76,88.36150360107422,437.5660095214844,0.011333020256665716,0.007430576751312978,61.354838709677416,29.741935483870968,38.54838709677419,0.0007129093029281108,187.20037841796875,0.01959766373323757,532.22998046875,-0.0014318691704298114,244.08999633789062,0.016422635267814956,217.24000549316406,-0.006803930385945067,141.00680541992188,70.3483870967742,1414.0330652173914,2.412,97.28441290322581,1.57,6.831428571428572,13.3
2023-07-19,192.40264892578125,80507300,-0.0030752698405145384,-0.01291626022063086,-0.10694527055427339,-0.09077791788600476,5.241935483870968,305.4642903225806,3.6161290322580646,13.76,117.3462,3.75,70.28064516129032,75.4,88.14093017578125,438.5390930175781,-0.002496261565316904,0.0022238553153566265,61.25806451612903,29.903225806451612,38.58064516129032,-0.0036132772063169893,186.5239715576172,-0.009507163715462341,527.1699829101562,-0.006554921826913862,242.49000549316406,0.00842387122436472,219.07000732421875,-0.018891416988294107,138.34298706054688,70.28064516129032,1414.197304347826,2.448,97.28305483870967,1.53,6.805714285714286,13.76
2023-07-20,190.4598846435547,59581200,0.0004661119843256678,-0.010148550962952307,-0.09529506498929374,-0.08829553390532063,5.248709677419355,305.51180645161287,3.6225806451612903,13.99,117.5947,3.85,70.21290322580646,75.65,86.38116455078125,435.6296081542969,-0.019965362533507003,-0.006634493730675484,61.16129032258065,30.064516129032256,38.61290322580645,-0.031360021465907106,180.67457580566406,-0.019519279095785436,516.8800048828125,-0.015258411164230656,238.7899932861328,-0.0369745096668016,210.97000122070312,-0.054591512484605365,130.79063415527344,70.21290322580646,1414.361543478261,2.481,97.28169677419355,1.5,6.78,13.99
2023-07-21,189.28636169433594,71951700,0.020266711895482015,-0.05183912288772874,-0.08264321905130567,-0.08462571475810177,5.255483870967742,305.55932258064513,3.6290322580645165,13.6,117.9418,3.84,70.14516129032259,77.06,86.33704376220703,435.6296081542969,-0.0005107686241979659,0.0,61.064516129032256,30.225806451612904,38.645161290322584,0.012180287819399727,182.875244140625,0.006481147566729684,520.22998046875,0.017044295986648805,242.86000061035156,-0.005071845845511347,209.89999389648438,0.017606496882982547,133.09339904785156,70.14516129032259,1414.5257826086956,2.553,97.28033870967742,1.49,6.784285714285715,13.6
2023-07-24,190.08517456054688,45377800,0.019195865725669448,-0.07211419826670395,-0.07927723729676972,-0.10187573319744647,5.275806451612904,305.7018709677419,3.6483870967741936,13.91,117.8124,3.86,69.94193548387098,78.81,86.4889907836914,437.57562255859375,0.0017599284717562114,0.004467130718093015,60.774193548387096,30.70967741935484,38.74193548387097,0.0021357687065204356,183.2658233642578,0.006977692595766305,523.8599853515625,-0.006546966704663926,241.27000427246094,0.0030014526018671273,210.52999877929688,0.01429639449376885,134.99615478515625,69.94193548387098,1415.0185000000001,2.588,97.27626451612903,1.48,6.797142857142857,13.91
2023-07-25,190.943115234375,37283200,0.010277898179651634,-0.07137686788057329,-0.06329617070897309,-0.10529055955545497,5.28258064516129,305.74938709677417,3.6548387096774193,13.86,117.8565,3.91,69.8741935483871,79.76,87.47915649414062,438.7702941894531,0.01144845952620277,0.002730206093003673,60.67741935483871,30.870967741935484,38.774193548387096,0.01710260572636857,186.400146484375,0.002825261606711482,525.3400268554688,-0.012351352980301988,238.2899932861328,0.0010924605940845211,210.75999450683594,0.012359858159298964,136.66468811035156,69.8741935483871,1415.1827391304348,2.603,97.2749064516129,1.52,6.801428571428572,13.86
2023-07-26,191.8109588623047,47471900,-0.009871347437174993,-0.08385593821354931,-0.0919373044383277,-0.10707342884619842,5.289354838709677,305.79690322580643,3.6612903225806455,13.19,117.76,3.86,69.80645161290323,79.11,86.30272674560547,438.83770751953125,-0.013448114907394615,0.00015364150894181527,60.58064516129032,31.032258064516128,38.806451612903224,-0.021158946685963853,182.45611572265625,-0.020539152759948665,514.5499877929688,-0.01817108017232716,233.9600067138672,0.009442045668204502,212.75,-0.007425480856995126,135.64988708496094,69.80645161290323,1415.3469782608695,2.668,97.27354838709678,1.5,6.805714285714285,13.19
2023-07-27,190.5486602783203,47460200,-0.010609717630739812,-0.07892561033783618,-0.07436499808573116,-0.11328507342007565,5.296129032258064,305.8444193548387,3.667741935483871,14.41,117.8938,4.01,69.73870967741937,80.17,86.05271911621094,435.92822265625,-0.00289686825459734,-0.006629979177784628,60.483870967741936,31.193548387096776,38.83870967741935,0.02051968631423229,186.20005798339844,-0.0011272317629071882,513.969970703125,0.0040177259174334345,234.89999389648438,-0.015464128254443321,209.4600067138672,0.05121558037833962,142.59727478027344,69.73870967741937,1415.5112173913044,2.74,97.27219032258064,1.64,6.81,14.41
2023-07-28,193.12257385253906,48291400,-0.0706735150157457,-0.09089469655901983,-0.07862272301439877,-0.1466303311323266,5.3029032258064515,305.89193548387095,3.674193548387097,13.33,117.788,3.96,69.67096774193548,80.55,87.22428894042969,440.196044921875,0.013614559031383866,0.009790194907821848,60.38709677419355,31.35483870967742,38.87096774193548,0.015195929920058582,189.029541015625,0.028990068026112148,528.8699951171875,-0.002809656962405649,234.24000549316406,0.0015754156482787884,209.7899932861328,0.039619678649753354,148.24693298339844,69.67096774193548,1415.675456521739,2.818,97.27083225806452,1.58,6.822857142857143,13.33
2023-07-31,193.73402404785156,38824100,-0.08959030061151241,-0.08525164270963936,-0.06149866030567508,-0.14254443706098818,5.323225806451613,306.03448387096773,3.6935483870967745,13.63,117.8241,3.97,69.46774193548387,81.8,87.42524719238281,441.0342712402344,0.0023039253675127824,0.0019042113804275118,60.096774193548384,31.838709677419356,38.96774193548387,0.00559417641246851,190.08700561523438,0.03271122951328587,546.1699829101562,-0.0009819457860917868,234.00999450683594,0.010486735675855785,211.99000549316406,-0.002237761863477905,147.91519165039062,69.46774193548387,1416.1681739130436,2.86,97.26675806451613,1.6,6.861428571428571,13.63
2023-08-01,192.90560913085938,35175100,-0.08082406455427038,-0.0916127984058549,-0.03939769639325619,-0.12826573282534404,5.33,306.082,3.7,13.93,118.5738,4.05,69.4,81.37,87.57230377197266,439.77215576171875,0.0016820836578961273,-0.0028617174691808467,60.0,32.0,39.0,-0.00025077178146382106,190.03933715820312,0.005364616817953527,549.0999755859375,-0.0016238179263421415,233.6300048828125,0.0021698733108101997,212.4499969482422,0.006860488746896154,148.92996215820312,69.4,1416.3324130434783,2.901,97.2654,1.68,6.8742857142857146,13.93
2023-08-02,189.9175262451172,50389300,-0.07472219956959558,-0.08189630203347387,-0.023140200386697063,-0.11205433523735908,5.33,306.12051612903224,3.7,16.09,119.1268,4.08,69.3483870967742,79.5,85.40567779541016,433.6546325683594,-0.024740995534434318,-0.013910665132410127,60.516129032258064,31.838709677419356,38.806451612903224,-0.03519144772561833,183.35157775878906,-0.034237823035609405,530.2999877929688,-0.02093052813186913,228.74000549316406,-0.02668862438405517,206.77999877929688,-0.034724434990247244,143.75845336914062,69.3483870967742,1416.4966521739132,2.861,97.26663548387097,1.72,6.887142857142857,16.09
2023-08-03,188.52699279785156,61235200,-0.06904847755680654,-0.08858623886662453,-0.00760653015040913,-0.08874341831302424,5.33,306.1590322580645,3.7,15.92,119.3963,4.2,69.29677419354839,81.56,85.05764770507812,432.411865234375,-0.00407502287102901,-0.0028657997416606795,61.03225806451613,31.677419354838708,38.61290322580645,-0.005039892630979592,182.42750549316406,-0.012332600750307732,523.760009765625,-0.000655806381354318,228.58999633789062,-0.020118017635494256,202.6199951171875,0.0032577058456777497,144.22677612304688,69.29677419354839,1416.6608913043478,2.936,97.26787096774194,1.83,6.9,15.92
2023-08-04,179.4739227294922,115956800,-0.02175896401318722,-0.03991624555783568,0.04377230646854957,-0.02296938710183971,5.33,306.1975483870968,3.7,17.1,118.821,4.05,69.24516129032259,82.76,83.90079498291016,430.45611572265625,-0.013600807844805995,-0.004522885861743653,61.54838709677419,31.516129032258064,38.41935483870968,-0.016397797545227633,179.43609619140625,0.005956917403036721,526.8800048828125,0.0017936203188144706,229.0,-0.00518205418158002,201.57000732421875,-0.014545528026418841,142.12892150878906,69.24516129032259,1416.8251304347827,2.897,97.2691064516129,1.67,6.908571428571429,17.1
2023-08-07,176.37733459472656,97576100,0.004765610367274409,-0.015502032387567644,0.024081619058288872,-0.010967236536865266,5.33,306.3130967741935,3.7,15.77,119.0809,4.09,69.09032258064516,81.94,84.13607788085938,434.2134094238281,0.002804298791175164,0.00872863356782383,63.096774193548384,31.032258064516128,37.83870967741935,0.009291192398603876,181.103271484375,0.005409154948993411,529.72998046875,0.015021844722298061,232.44000244140625,0.010666239114761611,203.72000122070312,0.03240421099824253,146.7344970703125,69.09032258064516,1417.317847826087,2.874,97.27281290322581,1.68,6.934285714285714,15.77
2023-08-08,177.31419372558594,67823000,-0.01173739807097185,-0.012962564400402998,-0.01112477187871086,-0.0018242818724176768,5.33,306.3516129032258,3.7,15.99,119.6407,4.02,69.03870967741936,82.94,83.48902893066406,432.3251647949219,-0.007690505268281744,-0.004348655725330608,63.61290322580645,30.870967741935484,37.645161290322584,-0.01835874677641791,177.7784423828125,-0.0172352051411806,520.5999755859375,-0.015100712995861354,228.92999267578125,-0.0024052890743565536,203.22999572753906,-0.0157602768273174,144.4219207763672,69.03870967741936,1417.4820869565217,2.919,97.27404838709677,1.66,6.942857142857143,15.99
2023-08-09,175.72647094726562,60378500,-0.007753457891825688,0.017815621361170653,0.001294066466893673,0.02174931250276768,5.33,306.3901290322581,3.7,15.96,119.476,4.0,68.98709677419355,84.35,82.41061401367188,429.4349670410156,-0.012916845851540404,-0.006685240622708699,64.12903225806451,30.70967741935484,37.45161290322581,-0.009645788372525721,176.06362915039062,-0.013100166363601229,513.780029296875,-0.015856330494730564,225.3000030517578,0.007577663619038333,204.77000427246094,-0.01925516926602522,141.64105224609375,68.98709677419355,1417.6463260869566,3.063,97.27528387096774,1.66,6.951428571428571,15.96
2023-08-10,175.50949096679688,54686900,-0.020986872934632417,-0.0075956839523603215,0.00917129694432095,0.029032732027552965,5.33,306.4286451612903,3.7,15.85,119.1581,4.09,68.93548387096774,82.81,82.42041778564453,429.58905029296875,0.00011896249154297323,0.0003588046241664866,64.64516129032258,30.548387096774192,37.25806451612903,-0.0005409712487908225,175.9683837890625,0.003990010658402321,515.8300170898438,0.0013759323319784134,225.61000061035156,0.016066773538546464,208.05999755859375,-0.0037888140678009607,141.10440063476562,68.93548387096774,1417.8105652173913,3.007,97.27651935483871,1.76,6.96,15.85
2023-08-11,175.56875610351562,52036700,-0.01856115300492589,0.004612172666367265,-0.008380703965574998,0.025985753263884748,5.33,306.46716129032257,3.7,14.84,119.6268,4.16,68.88387096774194,83.17,81.81256866455078,429.3385925292969,-0.007374982285028198,-0.0005830171032084053,65.16129032258064,30.387096774193548,37.064516129032256,-0.008120868547580984,174.53936767578125,-0.014307048132732314,508.45001220703125,0.00203894646789915,226.07000732421875,-0.00048058658992533587,207.9600067138672,-0.039969751556596655,135.46449279785156,68.88387096774194,1417.9748043478262,2.969,97.27775483870968,1.8,6.978571428571429,14.84
2023-08-14,177.21788024902344,43675600,-0.020171513182496104,0.004067710158064841,-0.02925439836282484,0.04003986171696927,5.33,306.58270967741936,3.7,14.82,120.0725,4.19,68.72903225806452,82.5,83.11648559570312,431.70855712890625,0.01593785591183039,0.005520036262399719,66.70967741935483,29.903225806451612,36.483870967741936,0.011898733867360844,176.6161651611328,0.027141287170133088,522.25,0.008094778223460386,227.89999389648438,0.01692627861142082,211.47999572753906,0.022041381643945313,138.4503173828125,68.72903225806452,1418.4675217391305,2.935,97.28146129032258,1.83,7.034285714285714,14.82
2023-08-15,175.2329864501953,43622600,-0.0012397173858846866,0.03758798384091899,-0.009636392815125072,0.04279206263912205,5.33,306.6212258064516,3.7,16.46,120.2127,4.21,68.6774193548387,81.06,82.2978744506836,426.67962646484375,-0.00984896244291944,-0.011648901975693016,67.2258064516129,29.741935483870968,36.29032258064516,-0.02195353890725793,172.7388153076172,-0.006797487396780766,518.7000122070312,-0.007634884953815924,226.16000366210938,-0.009220715848483718,209.52999877929688,-0.012756296371403297,136.6842041015625,68.6774193548387,1418.6317608695654,2.9,97.28269677419355,1.89,7.0528571428571425,16.46
2023-08-16,174.36398315429688,46964900,0.02576887715695242,0.06275143041316289,-0.008835036095715454,0.06296058201201737,5.33,306.65974193548385,3.7,16.78,120.3551,4.28,68.6258064516129,79.4,81.5135726928711,423.54852294921875,-0.009530036626674843,-0.007338300967325351,67.74193548387096,29.580645161290324,36.096774193548384,-0.022887810560755062,168.7852020263672,-0.0081164871285484,514.489990234375,-0.012911204994972891,223.24000549316406,-0.02806283070237625,203.64999389648438,-0.01306401528243295,134.8985595703125,68.6258064516129,1418.796,2.882,97.28393225806452,1.96,7.071428571428571,16.78
2023-08-17,171.8260955810547,66062900,0.013678252734376173,0.07971257801958043,0.02281615107991941,0.0819408398785344,5.33,306.69825806451615,3.7,17.89,120.5242,4.3,68.5741935483871,80.43,80.73905944824219,420.3211975097656,-0.00950164762802308,-0.007619730124380775,68.25806451612902,29.419354838709676,35.903225806451616,-0.00948234268621806,167.18472290039062,-0.005481111120074433,511.6700134277344,-0.013124923232722407,220.30999755859375,-0.024306393796202475,198.6999969482422,-0.004774162985967667,134.25453186035156,68.5741935483871,1418.9602391304347,2.967,97.28516774193548,1.97,7.09,17.89
2023-08-18,172.30999755859375,61172200,0.023611583892612753,0.08579281059619359,0.026247756477126183,0.08865816167675056,5.33,306.7367741935484,3.7,17.3,120.4321,4.26,68.5225806451613,81.25,80.86162567138672,420.5234680175781,0.0015180536407302103,0.00048122842485898154,68.7741935483871,29.258064516129032,35.70967741935484,0.0014815703166799477,167.4324188232422,-0.006918538221942994,508.1300048828125,0.001089399009685188,220.5500030517578,0.004932036953147589,199.67999267578125,0.03684887375753032,139.20166015625,68.5225806451613,1419.1244782608696,3.106,97.28640322580645,1.94,7.11,17.3
2023-08-21,173.64312744140625,46311900,0.024738230891092394,0.07882133337832498,-0.001990443481106441,0.08018593524217654,5.33,306.8523225806452,3.7,17.13,120.4627,4.34,68.36774193548388,80.71,82.40571594238281,423.2595520019531,0.01909546411138363,0.0065063764390449474,70.3225806451613,28.774193548387096,35.12903225806452,0.008364006765424925,168.83282470703125,0.024285056386619708,520.469970703125,0.020176816534424935,225.0,0.011718808506163914,202.02000427246094,0.04282889313713456,145.16351318359375,68.36774193548388,1419.617195652174,3.084,97.29010967741935,2.0,7.17,17.13
2023-08-22,175.0157470703125,42038900,0.03887589635140243,0.03204876932809486,-0.018619976299565688,0.0816578656077962,5.33,306.89083870967744,3.7,16.97,120.3554,4.34,68.31612903225806,80.25,82.31257629394531,422.1130676269531,-0.0011302571353499768,-0.0027087028977309524,70.83870967741936,28.612903225806452,34.935483870967744,-0.003159889333830268,168.29933166503906,-0.001902108267721192,519.47998046875,0.0022666422526040897,225.50999450683594,-0.007128019062231816,200.5800018310547,-0.0061838856118862084,144.26583862304688,68.31612903225806,1419.7814347826088,3.055,97.29134516129032,1.99,7.19,16.97
2023-08-23,178.85714721679688,52722800,0.03605349516814371,-0.01965553796407349,-0.03494929268080027,0.05394843460549947,5.33,306.9293548387097,3.7,15.98,120.0307,4.19,68.26451612903226,78.91,83.7978515625,426.814453125,0.018044329741917498,0.01113773976360699,71.35483870967742,28.451612903225808,34.74193548387097,0.0046417547586441454,169.08053588867188,0.021617852325652498,530.7100219726562,0.035785586097267785,233.5800018310547,0.018845342231478934,204.36000061035156,0.003185643061170307,144.7254180908203,68.26451612903226,1419.9456739130435,3.017,97.2925806451613,1.84,7.21,15.98
2023-08-24,174.17637634277344,54945800,0.06514327905040673,0.010205151669894441,-0.0017009462170373135,0.0860757105037897,5.33,306.96787096774193,3.7,17.2,120.2354,4.23,68.21290322580646,79.52,81.86648559570312,420.89923095703125,-0.02304791746786472,-0.013859001551281502,71.87096774193549,28.29032258064516,34.54838709677419,-0.021354475852149446,165.46990966796875,-0.0344444772852186,512.4299926757812,-0.023717820453348915,228.0399932861328,0.020747726954886803,208.60000610351562,-0.037026903784769694,139.36668395996094,68.21290322580646,1420.1099130434784,3.047,97.29381612903227,1.91,7.23,17.2
2023-08-25,176.37850952148438,51449600,0.06074689626617613,0.004199100590684068,-0.03723200216763489,0.06500352707839396,5.33,307.0063870967742,3.7,15.68,120.5137,4.25,68.16129032258064,80.47,82.69982147216797,423.86651611328125,0.01017920667292671,0.007049870700649885,72.38709677419355,28.129032258064516,34.354838709677416,0.02573542294726905,169.7283477783203,0.024647278776290582,525.0599975585938,0.019601830171492862,232.50999450683594,0.0350910443492376,215.9199981689453,0.012910444860615211,141.1659698486328,68.16129032258064,1420.274152173913,3.188,97.29505161290324,1.92,7.222857142857143,15.68
2023-08-28,177.93875122070312,43820700,0.0527774809769741,-0.021588242366221366,-0.05416513668949008,0.05466490541353797,5.33,307.12193548387097,3.7,15.08,120.3155,4.2,68.00645161290322,80.65,83.37628936767578,426.5543518066406,0.00817979874038155,0.006341231475432307,73.93548387096774,27.64516129032258,33.774193548387096,0.012180179707186323,171.79566955566406,0.00925605716329625,529.9199829101562,0.004472962752107845,233.5500030517578,0.00541866514851419,217.08999633789062,0.007342738486592282,142.2025146484375,68.00645161290322,1420.7668695652173,3.075,97.29875806451614,1.9,7.201428571428571,15.08
2023-08-29,181.81964111328125,53003900,-0.00657164830494672,-0.053823466321666236,-0.07294138538866102,0.035470754125722204,5.33,307.1604516129032,3.7,14.45,120.2669,4.12,67.95483870967742,81.14,85.04781341552734,432.7201232910156,0.020047954406802848,0.014454831976887128,74.45161290322581,27.483870967741936,33.58064516129032,0.012366148047203263,173.9201202392578,0.0200974199077677,540.5700073242188,0.018154528704653394,237.7899932861328,0.010640737010278123,219.39999389648438,0.03135765196497964,146.66165161132812,67.95483870967742,1420.9311086956523,3.09,97.2999935483871,1.83,7.194285714285714,14.45
2023-08-30,185.30557250976562,60813900,-0.053770421500461185,-0.06346921893324098,-0.08760990650176137,0.010495474954023365,5.33,307.1989677419355,3.7,13.88,119.7937,4.12,67.90322580645162,81.64,85.68997955322266,434.5024108886719,0.007550648416530192,0.0041187998933380765,74.96774193548387,27.322580645161292,33.38709677419355,-0.0054227796753281154,172.97698974609375,0.00886097630731264,545.3599853515625,0.00878931685811013,239.8800048828125,0.009799495055081264,221.5500030517578,0.006467485495158076,147.6101837158203,67.90322580645162,1421.095347826087,2.957,97.30122903225806,1.86,7.187142857142857,13.88
2023-08-31,185.52279663085938,60794500,-0.05157815709966307,-0.06845156386248152,-0.07515835525366699,0.012403583293950415,5.33,307.23748387096776,3.7,13.57,120.225,4.09,67.8516129032258,83.55,86.10665893554688,433.8665466308594,0.004862638367948424,-0.0014634309082703911,75.48387096774194,27.161290322580644,33.193548387096776,0.0011566465717849361,173.17706298828125,0.02563452009573841,559.3400268554688,0.0023344903584912036,240.44000244140625,0.001760322203910425,221.94000244140625,0.011990658047768443,149.380126953125,67.8516129032258,1421.2595869565218,3.006,97.30246451612904,1.85,7.18,13.57
2023-09-01,187.09295654296875,45766500,-0.053309414219867235,-0.060646060735365936,-0.09004549590240007,0.010724942918073133,5.33,307.276,3.7,13.09,120.759,4.18,67.8,85.52,86.37135314941406,434.6758117675781,0.0030740272255287415,0.0018652397678571297,76.0,27.0,33.0,0.008346041863961595,174.62240600585938,0.006918859604852612,563.2100219726562,0.012976189841571006,243.55999755859375,-0.008650978407789278,220.02000427246094,0.008051971771366295,150.5829315185547,67.8,1421.4238260869565,2.982,97.3037,1.92,7.171428571428571,13.09
2023-09-05,187.3299102783203,45280000,-0.07063764630887082,-0.056035695792724716,-0.0845543234899041,-0.0001075194107154065,5.33,307.332,3.726666666666667,14.01,121.4345,4.27,67.26666666666667,86.74,86.68016052246094,432.7972106933594,0.003575344854360063,-0.004321844057941782,74.8,26.333333333333332,32.6,-0.004878603334098175,173.77049255371094,0.0029651157561207953,564.8800048828125,0.00800622831248421,245.50999450683594,-0.0025452120158141467,219.4600067138672,-0.002467826499860215,150.21131896972656,67.26666666666667,1422.0807826086957,3.087,97.23467333333333,1.98,7.137142857142857,14.01
2023-09-06,180.62478637695312,81755800,-0.04756439448913974,-0.04056633595850989,-0.04373738006894401,0.05885308174260184,5.33,307.346,3.7333333333333334,14.45,121.8671,4.3,67.13333333333333,87.55,85.76351928710938,429.88775634765625,-0.010574983131394156,-0.006722442459927258,74.5,26.166666666666668,32.5,0.003525308557796869,174.38308715820312,-0.005204649511388104,561.9400024414062,0.004847063125868356,246.6999969482422,0.012485146042793271,222.1999969482422,-0.0027994009497321892,149.7908172607422,67.13333333333333,1422.2450217391306,2.994,97.21741666666668,2.0,7.128571428571429,14.45
2023-09-07,175.34161376953125,112488800,-0.010249941085290759,-0.02044383922706683,-0.0003942151150951867,0.08455400781886091,5.33,307.36,3.74,14.4,121.9528,4.27,67.0,86.87,84.52332305908203,428.56781005859375,-0.014460649916610335,-0.003070444016077145,74.2,26.0,32.4,-0.020419184888133657,170.82232666015625,-0.002633698370502313,560.4600219726562,-0.021240333600305417,241.4600067138672,-0.005355546614536855,221.00999450683594,-0.0323148604758976,144.95034790039062,67.0,1422.4092608695653,3.026,97.20016000000001,1.95,7.12,14.4
2023-09-08,175.95387268066406,65551300,-0.01779103559152373,-0.019025760553026405,0.0045459697434282464,0.09173846898440785,5.33,307.374,3.7466666666666666,13.84,121.9475,4.26,66.86666666666666,87.51,84.69979095458984,429.21331787109375,0.0020878012023315407,0.0015061976129560062,73.9,25.833333333333332,32.3,-0.005547559931155077,169.8746795654297,-0.0001784901994287269,560.3599853515625,-0.014370914951622238,237.99000549316406,-0.008234885800032843,219.19000244140625,-0.004722370710100954,144.26583862304688,66.86666666666666,1422.5735000000002,3.082,97.18290333333334,1.93,7.128571428571429,13.84
2023-09-11,177.119140625,58953100,-0.007749782902354285,-0.01828728910514421,-0.0054081435739097294,0.09259507498483766,5.33,307.416,3.7666666666666666,13.8,121.3386,4.29,66.46666666666667,87.3,85.1409683227539,432.0361328125,0.005208718500858911,0.006576717971864099,73.0,25.333333333333332,32.0,0.001014200513846042,170.04696655273438,0.007388133979338463,564.5,0.022059749900509074,243.24000549316406,-0.0020529994216432756,218.74000549316406,-0.005558137483465786,143.4639892578125,66.46666666666667,1423.0662173913045,3.145,97.13113333333334,1.94,7.154285714285714,13.8
2023-09-12,174.0973663330078,90370200,0.0157117947140335,-0.02461715504733053,0.01985258962921277,0.09718935164065146,5.33,307.43,3.7733333333333334,14.23,121.2913,4.27,66.33333333333333,88.87,83.59687042236328,429.6661376953125,-0.018135780351207997,-0.005485640985070206,72.7,25.166666666666668,31.9,-0.014635328625711819,167.5582733154297,-0.03948623211221214,542.2100219726562,-0.0278736993347396,236.4600067138672,-0.03172717503485267,211.8000030517578,-0.01867644693883974,140.7845916748047,66.33333333333333,1423.2304565217391,3.111,97.11387666666667,1.93,7.162857142857143,14.23
2023-09-13,172.03347778320312,84267900,0.00734753981281111,-0.021698121742505516,0.037311300145302706,0.11914644398373442,5.33,307.444,3.7800000000000002,13.48,121.0549,4.25,66.2,88.59,83.80765533447266,430.1671447753906,0.0025214450139630085,0.0011660380842797302,72.4,25.0,31.8,0.006397993497736509,168.63031005859375,0.02093280302094791,553.5599975585938,0.019749632226799152,241.1300048828125,0.002171819869925651,212.25999450683594,0.004237053456802808,141.381103515625,66.2,1423.394695652174,3.24,97.09662,1.9,7.171428571428571,13.48
2023-09-14,173.54437255859375,60895800,-0.010299467072478863,-0.028735636226410288,0.017696636820427658,0.12792071749143874,5.33,307.458,3.7866666666666666,12.82,121.2395,4.29,66.06666666666666,90.13,84.4155044555664,433.87615966796875,0.007252906893383981,0.008622264479344999,72.1,24.833333333333332,31.7,0.019867245250266174,171.98052978515625,-0.0025291285863088264,552.1599731445312,0.007008677506673555,242.82000732421875,0.020776424084790746,216.6699981689453,-6.907305684544784e-05,141.371337890625,66.06666666666666,1423.5589347826087,3.269,97.07936333333333,1.95,7.18,12.82
2023-09-15,172.82347106933594,109259500,-0.0012570898925222673,-0.021712921388442497,0.021198890109171087,0.13348364613281527,5.33,307.47200000000004,3.7933333333333334,13.79,121.199,4.33,65.93333333333334,90.83,82.79296112060547,428.64874267578125,-0.019220916174409575,-0.012048177517261727,71.8,24.666666666666668,31.6,-0.008515634399191674,170.51600646972656,-0.04214350845384929,528.8900146484375,-0.0359937617557774,234.0800018310547,-0.015322804696019654,213.35000610351562,-0.04371590361570621,135.191162109375,65.93333333333334,1423.7231739130436,3.144,97.06210666666666,1.98,7.1814285714285715,13.79
2023-09-18,175.7465057373047,67257600,-0.010619807404640635,-0.023711978487414576,-0.004607594747677135,0.11159341130186928,5.33,307.514,3.8133333333333335,14.0,121.1938,4.32,65.53333333333333,91.47,83.19086456298828,428.90008544921875,0.004806005691754267,0.0005863606921334696,70.9,24.166666666666668,31.3,0.008869401232418639,172.02838134765625,0.006674295532059116,532.4199829101562,0.011748120208854074,236.8300018310547,0.0007968041438106699,213.52000427246094,0.014611132781813918,137.1664581298828,65.53333333333333,1424.215891304348,3.055,97.01033666666667,1.96,7.185714285714286,14.0
2023-09-19,176.83274841308594,51826900,-0.03970511120501319,-0.03724802097453328,-0.01803750153918693,0.09537099732666854,5.33,307.528,3.82,14.11,121.1645,4.37,65.39999999999999,91.16,83.14665222167969,428.0106201171875,-0.0005314566874722315,-0.0020738287592076965,70.6,24.0,31.2,-0.005397083497574839,171.0999298095703,0.01741110369408183,541.6900024414062,-0.001140076301031967,236.55999755859375,-0.006837798260832528,212.05999755859375,-0.018250392325755538,134.66311645507812,65.39999999999999,1424.3801304347828,3.137,96.99308,2.0,7.187142857142858,14.11
2023-09-20,173.29750061035156,58436200,-0.02883380403223501,-0.010427987470530864,-0.00017099247395380157,0.12370741972620958,5.33,307.54200000000003,3.8266666666666667,15.14,120.9648,4.35,65.26666666666667,89.2,81.8399658203125,424.07574462890625,-0.01571544213089171,-0.009193406199135667,70.3,23.833333333333332,31.1,-0.014937210191020345,168.54417419433594,-0.010910249622283819,535.780029296875,-0.00997633004188303,234.1999969482422,-0.0204187582802281,207.72999572753906,-0.0053734260276329104,133.93951416015625,65.26666666666667,1424.5443695652175,3.215,96.97582333333334,2.0,7.188571428571429,15.14
2023-09-21,171.7569580078125,63149100,-0.018628027914057488,0.005634551570574464,-0.006036727638939476,0.12163911578477538,5.33,307.55600000000004,3.8333333333333335,17.54,121.5528,4.49,65.13333333333333,89.56,80.59223937988281,417.0664978027344,-0.015245930614990577,-0.016528289851392985,70.0,23.666666666666668,31.0,-0.012721679935316033,166.40000915527344,-0.04087502933396525,513.8800048828125,-0.0239965635799283,228.5800018310547,-0.017667155656032052,204.05999755859375,-0.012995992189440253,132.19883728027344,65.13333333333333,1424.7086086956522,3.206,96.95856666666667,2.11,7.19,17.54
2023-09-22,172.60621643066406,56725400,-0.020481578681463608,0.015447155262134471,-0.010240700938417113,0.11526114795179354,5.33,307.57000000000005,3.84,17.2,121.5306,4.44,65.0,90.0,80.76416778564453,416.12872314453125,0.002133312178500324,-0.002248501529477198,69.7,23.5,30.9,0.009434222655980928,167.96986389160156,-0.001907021988476587,512.9000244140625,0.009099666700466802,230.66000366210938,-9.803132755203947e-05,204.0399932861328,0.007249258205105136,133.1571807861328,65.0,1424.872847826087,3.15,96.94131,2.07,7.207142857142857,17.2
2023-09-25,173.88011169433594,46172700,-0.01323269980615871,0.01652657074907471,-0.014993145922738926,0.1009487418922379,5.33,307.612,3.86,16.9,122.1143,4.55,64.6,89.68,81.02452850341797,417.8785705566406,0.0032237157258210303,0.00420506279616184,68.8,23.0,30.6,-0.0002850635165664306,167.92198181152344,-0.002534642715277702,511.6000061035156,0.0025578614780346065,231.25,0.007988653873981955,205.6699981689453,0.003084595825470826,133.5679168701172,64.6,1425.3655652173913,3.073,96.88954,2.18,7.258571428571429,16.9
2023-09-26,169.81158447265625,64588900,0.0025586830245061254,0.03739244545579701,-0.00500109086609013,0.12412384762667439,5.33,307.62600000000003,3.8666666666666667,18.94,122.4742,4.56,64.46666666666667,91.43,79.56554412841797,411.7394714355469,-0.01800669997034854,-0.014691107785010593,68.5,22.833333333333332,30.5,-0.017613734201973985,164.96424865722656,-0.010359691648390013,506.29998779296875,-0.008605429159628364,229.25999450683594,-0.019497226345779328,201.66000366210938,-0.018376520404907448,131.1134033203125,64.46666666666667,1425.5298043478263,3.052,96.87228333333334,2.23,7.275714285714286,18.94
2023-09-27,168.30067443847656,66921800,0.01895228297496776,0.05497883769473355,-0.020770728048035147,0.13480301870767186,5.33,307.64000000000004,3.873333333333333,18.22,122.9895,4.61,64.33333333333333,93.67,79.68833923339844,411.90380859375,0.0015433201183452372,0.00039912898714855594,68.2,22.666666666666668,30.4,0.0027271053067048356,165.41412353515625,-0.0073078842161973245,502.6000061035156,0.006062982739917011,230.64999389648438,0.0030744575321257628,202.27999877929688,0.007309271833316089,132.07174682617188,64.33333333333333,1425.694043478261,3.13,96.85502666666667,2.27,7.292857142857143,18.22
2023-09-28,168.55746459960938,56294400,0.024723122500697414,0.058702863926597404,-0.014470720445473595,0.13559687512390717,5.33,307.65400000000005,3.88,17.34,122.5342,4.59,64.2,91.65,80.25328826904297,414.29180908203125,0.007089481862457392,0.00579747125046981,67.9,22.5,30.3,0.02083209569967659,168.86004638671875,0.004118597889138043,504.6700134277344,0.014567529587100392,234.00999450683594,0.02773383747383007,207.88999938964844,0.023396924066605873,135.1618194580078,64.2,1425.8582826086958,3.145,96.83777,2.2,7.31,17.34
2023-09-29,169.0709686279297,51861100,0.03667999821303436,0.044623602297243714,-0.0053737127416521036,0.12600680400731568,5.33,307.668,3.8866666666666667,17.52,122.3077,4.59,64.06666666666666,90.77,80.52836608886719,413.2863464355469,0.0034276205468621868,-0.0024269430976978645,67.6,22.333333333333332,30.2,-0.00748255170691281,167.59654235839844,0.010363168663871658,509.8999938964844,0.0012392998236381292,234.3000030517578,-0.004714010921238465,206.91000366210938,0.0016638133024911017,135.38670349121094,64.06666666666666,1426.0225217391305,3.162,96.82051333333334,2.24,7.335714285714285,17.52
2023-10-02,171.57920837402344,52164500,0.03015834690649699,0.028604447551116685,-0.017151054082331862,0.06983947427279635,5.33,307.7105806451613,3.893548387096774,17.61,123.0545,4.69,63.71935483870968,88.81,81.3929443359375,413.1219787597656,0.010736319250737036,-0.00039770894247748156,67.25806451612904,22.161290322580644,30.096774193548388,0.001941802906822776,167.92198181152344,0.022023948069722854,521.1300048828125,0.009347001335388239,236.49000549316406,0.0100526885807386,208.99000549316406,0.0076562914367808155,136.4232635498047,63.71935483870968,1426.5059021739132,2.999,96.80091290322581,2.34,7.412857142857143,17.61
2023-10-03,170.24607849121094,49594600,0.03474486134437993,0.027552226817242564,0.009106726775879315,0.07014364744277857,5.33,307.7251612903226,3.8870967741935485,19.78,123.7848,4.81,63.63870967741935,89.26,80.0125732421875,407.5918273925781,-0.016959345862372577,-0.013386243413602839,67.51612903225806,22.322580645161292,30.193548387096776,-0.022344975231566533,164.16976928710938,-0.027056600025719746,507.0299987792969,-0.032982379257390115,228.69000244140625,-0.027321912836898554,203.27999877929688,-0.01999835582148246,133.6950225830078,63.63870967741935,1426.6608043478261,2.978,96.81582580645161,2.45,7.438571428571429,19.78
2023-10-04,171.4903564453125,53020300,0.035356468915876293,0.012553306440763468,0.02251532015184554,0.04888665970506434,5.33,307.7397419354839,3.8806451612903223,18.58,123.5946,4.73,63.55806451612903,84.32,81.00978088378906,410.5599670410156,0.012463136744560677,0.007282137297563329,67.7741935483871,22.483870967741936,30.29032258064516,0.013293670526060453,166.35218811035156,0.022464122750688098,518.4199829101562,0.02781057563712741,235.0500030517578,0.018595035428944806,207.05999755859375,0.018870586156761515,136.21792602539062,63.55806451612903,1426.8157065217392,2.799,96.83073870967742,2.4,7.464285714285714,18.58
2023-10-05,172.7247314453125,48527900,0.03315992454915717,0.0031445212977601056,0.009947800681432195,0.037211714669167506,5.33,307.7543225806452,3.8741935483870966,18.49,123.8993,4.72,63.47741935483871,82.3,81.11784362792969,410.4052734375,0.0013339468760649176,-0.0003767868665581764,68.03225806451613,22.64516129032258,30.387096774193548,-0.0097243116597171,164.73452758789062,-0.0038192595463534262,516.4400024414062,-0.0011912306984110943,234.77000427246094,-0.01497146180468456,203.9600067138672,-0.00014360641179100853,136.1983642578125,63.47741935483871,1426.9706086956523,2.656,96.84565161290323,2.41,7.49,18.49
2023-10-06,175.27249145507812,57266700,0.007662542055313137,-0.02597317688051648,0.009803199503284565,0.046844695820141835,5.33,307.76890322580647,3.867741935483871,17.45,123.3563,4.78,63.39677419354838,82.83,82.6357650756836,415.2779235839844,0.018712546831450405,0.01187277664751174,68.29032258064517,22.806451612903224,30.483870967741936,0.010865556099170393,166.5244598388672,0.019828034594467248,526.6799926757812,0.03910206801856786,243.9499969482422,0.029809699804506984,210.0399932861328,0.007251260825803962,137.18597412109375,63.39677419354838,1427.1255108695652,2.684,96.86056451612903,2.47,7.501428571428572,17.45
2023-10-09,176.75375366210938,42390800,-0.0015084082559215783,-0.03346546113714277,0.015810963891263352,0.035722073728557735,5.33,307.81264516129033,3.8483870967741933,17.7,123.035225,4.69,63.15483870967741,85.125,83.06314849853516,417.9366455078125,0.005171894063788596,0.006402271281079619,69.06451612903226,23.29032258064516,30.774193548387096,-0.0037360674044361053,165.90231323242188,0.004955543001173401,529.2899780273438,0.013896287895292181,247.33999633789062,0.0024757393309975395,210.55999755859375,-0.0009975952715163272,137.0491180419922,63.15483870967741,1427.5902173913043,2.8175,96.90530322580645,2.3725,7.535714285714286,17.7
2023-10-10,176.1612548828125,43698000,-0.006951118865951567,-0.027748173566449763,0.025225502091658747,0.045099465530419325,5.33,307.8272258064516,3.8419354838709676,17.03,122.9282,4.66,63.07419354838709,85.89,83.19086456298828,420.1119079589844,0.001537577936326029,0.005204766020287188,69.3225806451613,23.451612903225808,30.870967741935484,0.015289387775148766,168.43885803222656,0.006480365807349564,532.719970703125,0.009743687627524089,249.75,0.009071066129632932,212.47000122070312,0.008919072896508728,138.27146911621094,63.07419354838709,1427.7451195652175,2.862,96.92021612903226,2.34,7.547142857142857,17.03
2023-10-11,177.55364990234375,47551100,-0.02202445549887777,-0.04838711340755486,0.01451613402226637,0.03356211449898061,5.33,307.8418064516129,3.835483870967742,16.09,122.7697,4.58,62.99354838709677,83.7,83.96210479736328,421.8327941894531,0.009270732290455497,0.0040962567303299835,69.58064516129032,23.612903225806452,30.967741935483872,-0.0059669480647776,167.4337921142578,0.03226836496990626,549.9099731445312,0.012932915825982327,252.97999572753906,0.0034357590405469374,213.1999969482422,0.005516257936235114,139.03421020507812,62.99354838709677,1427.9000217391306,2.85,96.93512903225806,2.26,7.558571428571429,16.09
2023-10-12,178.4522705078125,56743100,-0.029052039803513452,-0.07647604353569137,0.03284569674275817,0.030186109539695805,5.33,307.8563870967742,3.829032258064516,16.69,123.2101,4.7,62.912903225806446,82.87,84.04069519042969,419.26116943359375,0.0009360221882965813,-0.006096313020898969,69.83870967741936,23.774193548387096,31.06451612903226,-0.00754610819469459,166.17031860351562,0.017675678225473,559.6300048828125,-0.0030832429143407003,252.1999969482422,-0.0020168512285937412,212.77000427246094,0.019833959375074706,141.79180908203125,62.912903225806446,1428.0549239130437,2.85,96.95004193548387,2.36,7.57,16.69
2023-10-13,176.6155242919922,51427100,-0.033379943713322424,-0.05943536211599898,0.034629136455235354,0.02807888774414824,5.33,307.8709677419355,3.8225806451612905,19.32,123.5954,4.63,62.832258064516125,87.67,82.83717346191406,417.1728515625,-0.014320701724188978,-0.00498094749369471,70.09677419354838,23.93548387096774,31.161290322580644,-0.01457382817371089,163.7485809326172,-0.01942353880661507,548.760009765625,-0.0077319467559009425,250.25,-0.015509719347150175,209.47000122070312,-0.026620699689253735,138.0172119140625,62.832258064516125,1428.2098260869566,3.065,96.96495483870967,2.29,7.578571428571429,19.32
2023-10-16,176.4871368408203,52517000,-0.032005329985204334,-0.04716891655825506,0.050173085321176814,0.023504138459265356,5.33,307.91470967741935,3.803225806451613,17.21,123.3185,4.71,62.59032258064516,86.65,83.63298797607422,421.5621032714844,0.00960697330560234,0.010521422217540488,70.87096774193549,24.419354838709676,31.451612903225808,0.00982059515477296,165.356689453125,0.0036080990478799535,550.739990234375,0.004675317358422859,251.4199981689453,0.011027820428376689,211.77999877929688,-0.0009919187148483832,137.88031005859375,62.59032258064516,1428.6745326086957,3.019,97.00969354838709,2.33,7.604285714285714,17.21
2023-10-17,174.93673706054688,57549400,-0.02094262940687086,-0.0360146935092851,0.06270228477893891,0.06620662080163964,5.33,307.9292903225807,3.796774193548387,17.88,123.1202,4.83,62.50967741935484,86.66,83.24491119384766,421.5428161621094,-0.004640235768421763,-4.5751525636017476e-05,71.12903225806451,24.580645161290324,31.548387096774192,-0.0008103856335661686,165.22268676757812,0.016977224800971413,560.0900268554688,-0.005568347413413055,250.02000427246094,0.010435389208639734,213.99000549316406,0.012198593113595946,139.562255859375,62.50967741935484,1428.8294347826088,3.029,97.02460645161291,2.42,7.612857142857143,17.88
2023-10-18,173.64312744140625,54764400,-0.026956356993696584,-0.010634825897927191,0.08030008411339451,0.09083464529841967,5.33,307.943870967742,3.7903225806451615,19.22,123.8148,4.91,62.42903225806452,88.35,82.39015197753906,415.9256896972656,-0.010268005624009424,-0.01332516235476211,71.38709677419355,24.741935483870968,31.64516129032258,-0.007763182125213097,163.94003295898438,-0.003963705175657695,557.8699951171875,-0.013838919505403391,246.55999755859375,-0.020328080713351793,209.63999938964844,-0.008898411082363777,138.32037353515625,62.42903225806452,1428.984336956522,2.855,97.03951935483872,2.47,7.621428571428571,19.22
2023-10-19,173.2678680419922,59302900,-0.04884299228825917,0.012025591964550664,0.08252537607385046,0.10649395528055083,5.33,307.9584516129033,3.7838709677419358,21.4,123.798,4.98,62.34838709677419,89.35,81.91854858398438,412.2711486816406,-0.005724026260848003,-0.008786523905952914,71.64516129032258,24.903225806451612,31.741935483870968,-0.014888718085133146,161.49917602539062,-0.0038181026071586466,555.739990234375,-0.006083711935645719,245.05999755859375,-0.01702915510314562,206.07000732421875,-0.04962909946470828,131.45565795898438,62.34838709677419,1429.1392391304348,2.905,97.05443225806452,2.49,7.63,21.4
2023-10-20,170.72010803222656,64244000,-0.026955180821273017,0.021806772835189614,0.10887441207624415,0.1304784733855766,5.33,307.97303225806456,3.7774193548387096,21.71,123.612,4.93,62.26774193548387,89.12,80.53327941894531,407.2051696777344,-0.0169103235956245,-0.01228797848238039,71.90322580645162,25.064516129032256,31.838709677419356,-0.013039481255214258,159.393310546875,-0.026595113760817357,540.9600219726562,-0.02619765866687518,238.63999938964844,-0.016402216541364978,202.69000244140625,-0.002305840991805308,131.1525421142578,62.26774193548387,1429.294141304348,2.952,97.06934516129033,2.46,7.652857142857143,21.71
2023-10-23,170.83860778808594,55980100,-0.01566494841631616,0.036011267873333086,0.10341691944117226,0.12575849098599612,5.33,308.01677419354843,3.7580645161290325,20.37,123.2846,4.86,62.0258064516129,85.49,80.62663269042969,406.4993896484375,0.0011591887497681697,-0.0017332295409103748,72.6774193548387,25.548387096774192,32.12903225806452,-0.015914129810453814,156.85670471191406,-0.0010168012529265802,540.4099731445312,0.005363722689283534,239.9199981689453,-0.014652924095561626,199.72000122070312,0.0008198749699397379,131.26007080078125,62.0258064516129,1429.758847826087,2.894,97.11408387096775,2.45,7.7214285714285715,20.37
2023-10-24,171.27310180664062,43816600,-0.01539446467093486,0.048316396357485525,0.10448593324955269,0.1209973242589415,5.33,308.0313548387097,3.7516129032258068,18.97,123.6416,4.83,61.94516129032258,84.58,81.18170166015625,409.5641784667969,0.0068844369559346585,0.007539467208081074,72.93548387096774,25.70967741935484,32.225806451612904,0.006468730158220692,157.87136840820312,-0.0015728347517194319,539.5599975585938,-0.010461797790897176,237.41000366210938,0.026637252317812443,205.0399932861328,0.004991595231950585,131.91526794433594,61.94516129032258,1429.9137500000002,2.825,97.12899677419355,2.43,7.744285714285715,18.97
2023-10-25,168.96234130859375,57157000,0.01677368863470763,0.06890689124903959,0.11174912283046612,0.1260870020687943,5.33,308.045935483871,3.7451612903225806,20.19,123.7871,4.95,61.86451612903225,86.07,80.22379302978516,403.68603515625,-0.011799563334864538,-0.014352190986408275,73.19354838709677,25.870967741935484,32.32258064516129,-0.031164697420072107,152.95135498046875,-0.034138896496225035,521.1400146484375,-0.02687336162924603,231.02999877929688,-0.023556314526041677,200.2100067138672,-0.03550780034097534,127.23124694824219,61.86451612903225,1430.068652173913,2.837,97.14390967741936,2.52,7.767142857142857,20.19
2023-10-26,164.80494689941406,70625300,0.06399425516429225,0.09299536130070596,0.13871433932213573,0.1503538164391296,5.33,308.0605161290323,3.738709677419355,20.68,124.0064,4.86,61.78387096774193,83.8,78.6911392211914,398.8520812988281,-0.01910472879317382,-0.011974538221394937,73.45161290322581,26.032258064516128,32.41935483870968,0.006696149771244997,153.9755401611328,-0.01316342088256317,514.280029296875,-0.002553765056520829,230.44000244140625,-0.02042860726000062,196.1199951171875,0.005610785122544648,127.94511413574219,61.78387096774193,1430.2235543478262,2.863,97.15882258064516,2.44,7.79,20.68
2023-10-27,166.11831665039062,58499100,0.050112751946636,0.10953243076663055,0.13334233511807492,0.11929449889911847,5.33,308.0750967741936,3.732258064516129,21.27,123.62,4.84,61.70322580645161,86.04,79.14798736572266,397.04412841796875,0.0058055855977265924,-0.004532890677094947,73.70967741935483,26.193548387096776,32.516129032258064,-0.0018025078136915118,153.697998046875,-0.011977976644571453,508.1199951171875,0.0018659636834996718,230.8699951171875,-0.0049459578056970654,195.14999389648438,0.003515797415173383,128.3949432373047,61.70322580645161,1430.3784565217393,2.859,97.17373548387097,2.42,7.785714285714286,21.27
2023-10-30,168.1624298095703,51131000,0.05249860421663133,0.08663729222835626,0.1135093773141127,0.08428544375566949,5.33,308.11883870967745,3.7129032258064516,19.75,123.4076,4.88,61.461290322580645,83.03,79.99783325195312,401.7911071777344,0.010737428891319123,0.01195579639643607,74.48387096774194,26.677419354838708,32.806451612903224,-0.029208601581772298,149.2086944580078,0.03703850961401023,526.9400024414062,0.012344636218617255,233.72000122070312,0.013528052637546084,197.7899932861328,-0.002056333532236221,128.13092041015625,61.461290322580645,1430.8431630434784,2.854,97.21847419354839,2.44,7.772857142857143,19.75
2023-10-31,168.63644409179688,44846000,0.06470699050775441,0.09906279163912202,0.11378026916622686,0.09566197522602282,5.33,308.13341935483874,3.706451612903226,18.14,123.8364,4.88,61.38064516129032,81.64,80.56765747070312,404.314453125,0.007122995656086539,0.006280243395604623,74.74193548387096,26.838709677419356,32.903225806451616,0.00930189892336708,150.59661865234375,0.009716466947784719,532.0599975585938,0.02622798584116004,239.85000610351562,-0.0008088801696295445,197.6300048828125,0.010074086706168828,129.42172241210938,61.38064516129032,1430.9980652173915,2.869,97.2333870967742,2.46,7.768571428571429,18.14
2023-11-01,171.7964630126953,56934900,0.051273162550394824,0.0821274600529911,0.10071834137989022,0.06969511015020813,5.33,308.148,3.7,16.87,123.7922,4.77,61.3,81.05,82.12487030029297,408.6263732910156,0.019328014224021528,0.0106647688023227,75.0,27.0,33.0,0.012140128679264395,152.4248809814453,0.023380826407713995,544.5,0.020971434860526994,244.8800048828125,0.006577886762385132,198.92999267578125,0.022213492400535717,132.296630859375,61.3,1431.1529673913044,2.875,97.2483,2.36,7.764285714285714,16.87
2023-11-02,175.3515167236328,77334800,0.027256825866917467,0.06977509339890564,0.06819588547940603,0.058327489330034954,5.33,308.1677666666667,3.7033333333333336,15.66,122.8818,4.67,61.58,83.04,83.51506805419922,416.4574279785156,0.016927853265678694,0.01916433984529653,74.76666666666667,26.9,33.03333333333333,0.03202701445954714,157.3065948486328,0.026097377360250196,558.7100219726562,-0.0016334904740992195,244.47999572753906,0.0015584015925043104,199.24000549316406,0.023800857005242815,135.44540405273438,61.58,1431.3078695652175,3.105,97.24817333333334,2.27,7.76,15.66
2023-11-03,174.44296264648438,79829200,0.05658409414593435,0.07523319466766698,0.09637619536376518,0.07302252723731573,5.33,308.18753333333336,3.706666666666667,14.91,121.7564,4.57,61.86,81.19,84.37474822998047,420.25689697265625,0.010293713407780958,0.00912330706306097,74.53333333333333,26.8,33.06666666666667,0.0217843304723091,160.73341369628906,0.008859606910930351,563.6599731445312,0.020696979904371693,249.5399932861328,0.023790353863133218,203.97999572753906,0.008952689952740567,136.6580047607422,61.86,1431.4627717391306,2.837,97.24804666666667,2.18,7.722857142857142,14.91
2023-11-06,176.99072265625,63841300,0.03243585110227687,0.06958803593055563,0.07444868915820857,0.058190933493711405,5.33,308.24683333333337,3.716666666666667,14.89,121.6484,4.67,62.699999999999996,81.54,84.9298324584961,421.2236328125,0.006578795672404603,0.002300344971867707,73.83333333333333,26.5,33.166666666666664,-0.0020843330888826728,160.3983917236328,0.003175742731054365,565.4500122070312,0.000921739971613933,249.77000427246094,-0.009755810746427729,201.99000549316406,0.004364774125646731,137.25448608398438,62.699999999999996,1431.9274782608697,2.889,97.24766666666667,2.25,7.611428571428571,14.89
2023-11-07,179.54840087890625,70530000,0.0322678459310044,0.04989077822132004,0.06988205203688591,0.03711424366892713,5.33,308.26660000000004,3.72,14.81,122.0777,4.58,62.98,77.96,85.85829162597656,422.4224853515625,0.010932073461162206,0.002846118891900229,73.6,26.4,33.2,0.003222547769573536,160.915283203125,0.03492793275025852,585.2000122070312,0.0158545517369586,253.72999572753906,0.01643641752137115,205.30999755859375,0.00983189755322611,138.6039581298828,62.98,1432.0823804347826,2.808,97.24754,2.19,7.574285714285714,14.81
2023-11-08,180.60501098632812,49340300,0.0293494579731719,0.047416849933213046,0.07150681852936724,0.0352676930719753,5.33,308.2863666666667,3.7233333333333336,14.45,122.0926,4.49,63.26,75.85,86.3446044921875,422.73193359375,0.005664133970070706,0.000732556274626317,73.36666666666666,26.3,33.233333333333334,0.004758886618146718,161.68106079101562,0.0001879448893853386,585.3099975585938,0.010522989847098874,256.3999938964844,0.007890483349332067,206.92999267578125,0.017567252623396534,141.03884887695312,63.26,1432.2372826086958,2.724,97.24741333333333,2.15,7.537142857142857,14.45
2023-11-09,180.13104248046875,53763500,0.04139010465674575,0.04281711888487205,0.060437856012349966,0.02864778076670116,5.33,308.3061333333333,3.7266666666666666,15.29,122.1281,4.62,63.54,76.34,85.94178771972656,419.43511962890625,-0.004665222277987047,-0.007798828767954014,73.13333333333334,26.2,33.266666666666666,-0.0105383859651772,159.97720336914062,-0.012933329954715078,577.739990234375,0.0001950792189451267,256.45001220703125,-0.010873242544039097,204.67999267578125,-0.007349356635128257,140.00230407714844,63.54,1432.3921847826089,2.665,97.24728666666667,2.29,7.5,15.29
2023-11-10,184.31365966796875,66133400,0.017650370306593555,0.018186913350078493,0.044581585836124704,-0.006029300002152516,5.33,308.3259,3.73,14.17,122.202675,4.61,63.82,76.97,88.18673706054688,425.9803466796875,0.026121743570677758,0.015604861740171172,72.9,26.1,33.3,0.031053866813375297,164.9451141357422,0.03371755599062376,597.219970703125,0.019925853415195816,261.55999755859375,0.028825529443022857,210.5800018310547,0.05245503881063618,147.34613037109375,63.82,1432.5470869565218,2.669,97.24716000000001,2.29,7.491428571428571,14.17
2023-11-13,182.7315673828125,43627500,0.03598498133187977,0.030303212493244525,0.0712122487452711,-0.00224558548556153,5.33,308.3852,3.74,14.76,122.4264,4.63,64.66,78.86,87.6709213256836,425.57427978515625,-0.005849130516181078,-0.0009532526504951733,72.2,25.8,33.4,-0.009633442409848092,163.3561248779297,-0.011519949407512775,590.3400268554688,0.009099269402919052,263.94000244140625,-0.0022793984393834066,210.10000610351562,-0.00623819703999684,146.4269561767578,64.66,1433.0117934782609,2.789,97.24678,2.32,7.465714285714286,14.76
2023-11-14,185.342041015625,60108400,0.017072053885802907,0.010296646561137823,0.056924683960319244,-0.0178477457350944,5.33,308.40496666666667,3.743333333333333,14.16,121.35,4.44,64.94,78.9,89.42465209960938,433.8307800292969,0.020003562725329882,0.019400844074291212,71.96666666666667,25.7,33.43333333333333,0.040548559754157276,169.97998046875,0.023698190192006363,604.3300170898438,0.032886233975496726,272.6199951171875,0.03455494667267622,217.36000061035156,0.02898354844716744,150.67092895507812,64.94,1433.166695652174,2.862,97.24665333333334,2.16,7.457142857142857,14.16
2023-11-15,185.90567016601562,53790500,0.01755224313773507,0.010318533716955569,0.05084830205801061,-0.0290802801227954,5.33,308.42473333333334,3.7466666666666666,14.18,121.0749,4.53,65.22,77.15,89.53762817382812,434.7491760253906,0.001263366102815855,0.002116945220050459,71.73333333333333,25.6,33.46666666666667,0.018020059232618735,173.04302978515625,-0.014925652004985634,595.3099975585938,-0.025053138781437223,265.7900085449219,-0.00575082810310068,216.11000061035156,0.008372179693489246,151.932373046875,65.22,1433.321597826087,2.825,97.24652666666667,2.22,7.448571428571429,14.18
2023-11-16,187.58668518066406,54412900,0.0013702974723355243,0.0080647122696611,0.0325757598558154,-0.0417392479925256,5.33,308.4445,3.75,14.32,121.1754,4.45,65.5,73.5,89.98465728759766,435.2809753417969,0.004992639663200293,0.001223232488369863,71.5,25.5,33.5,-0.005199836903825084,172.1432342529297,0.011338630339960964,602.0599975585938,0.0045147735086901175,266.989990234375,-0.005043710771422849,215.02000427246094,-0.003604284004081526,151.384765625,65.5,1433.4765000000002,2.709,97.2464,2.18,7.44,14.32
2023-11-17,187.56686401367188,50922700,0.0005272371131974651,-0.0013706863323967866,0.03822009436413554,-0.03762639332230322,5.33,308.4642666666667,3.7533333333333334,13.8,120.8477,4.44,65.78,76.47,89.7979965209961,435.8223571777344,-0.0020743621438150672,0.0012437525796122895,71.26666666666667,25.4,33.53333333333333,0.017849274467696352,175.2158660888672,0.0009965378672731617,602.6599731445312,0.004794182651466583,268.2699890136719,0.010743175112519543,217.3300018310547,-0.04017829784283111,145.30238342285156,65.78,1433.631402173913,2.611,97.24627333333333,2.16,7.415,13.8
2023-11-20,189.30715942382812,46505100,-0.0054844123621662355,0.010289902803658268,0.01765471045104494,-0.035752175040789314,5.33,308.5235666666667,3.763333333333333,13.41,120.2533,4.42,66.62,78.1,91.09977722167969,439.1771545410156,0.014496767757833151,0.0076976256679579524,70.56666666666666,25.1,33.63333333333333,0.004206585643911742,175.9529266357422,0.016659541880827966,612.7000122070312,0.007380665252971097,270.25,0.01090505267206443,219.6999969482422,0.02678519390368339,149.1943359375,66.62,1434.0961086956522,2.695,97.24589333333333,2.12,7.34,13.41
2023-11-21,188.50621032714844,38134500,-0.006661678785469527,0.008812651960592666,0.021191857530830527,-0.04137156857531232,5.33,308.54333333333335,3.7666666666666666,13.35,120.2241,4.41,66.9,78.35,90.36290740966797,438.219970703125,-0.00808860169019554,-0.002179493691767731,70.33333333333333,25.0,33.666666666666664,-0.013980876836346745,173.49295043945312,-0.0027909612185195165,610.989990234375,0.0005180930561978769,270.3900146484375,-0.009239867125601764,217.6699981689453,-0.021760657011945628,145.94776916503906,66.9,1434.2510108695653,2.702,97.24576666666667,2.16,7.315,13.35
2023-11-22,189.16873168945312,39617700,-0.0071089317227326365,0.01547232387019104,0.011970046530866751,-0.05184691711026912,5.33,308.5631,3.77,12.85,120.6802,4.42,67.18,76.8,90.76573944091797,439.9118347167969,0.004457935703902516,0.0038607642891246297,70.1,24.9,33.7,0.007834277364517916,174.85214233398438,0.014288254485807839,619.719970703125,-0.00014796605922706707,270.3500061035156,-0.06895757170533845,202.66000366210938,0.0036930074994514506,146.48675537109375,67.18,1434.4059130434784,2.654,97.24564000000001,2.16,7.29,12.85
2023-11-24,187.84373474121094,24048300,0.006685254010652786,0.030215359586149404,0.016213034584140917,-0.03741098979759361,5.33,308.6026333333333,3.7766666666666664,12.46,120.2105,4.47,67.74,74.83,90.58889770507812,440.1825866699219,-0.0019483313519960133,0.0006154686729429315,69.63333333333334,24.7,33.766666666666666,0.002080179001685112,175.2158660888672,-0.00046791783555844013,619.4299926757812,0.0009616395124005805,270.6099853515625,0.0037500961862364512,203.4199981689453,0.005753344008159855,147.3295440673828,67.74,1434.7157173913045,2.601,97.24538666666666,2.21,7.2725,12.46
2023-11-27,187.66575622558594,40552600,-0.001896923317220467,0.01786165111360294,0.017703587721889402,-0.042881850135252364,5.33,308.6619333333333,3.7866666666666666,12.69,120.173,4.39,68.58,74.46,90.58397674560547,439.3898010253906,-5.432188267351368e-05,-0.0018010381794719699,68.93333333333334,24.4,33.86666666666667,0.003933485019133265,175.9050750732422,-0.00025825863523365467,619.27001953125,0.0034736428524064777,271.54998779296875,-0.005702505518390355,202.25999450683594,0.003126129874208017,147.7901153564453,68.58,1435.1804239130436,2.618,97.24500666666667,2.18,7.24625,12.69
2023-11-28,188.2689208984375,38415400,0.01586130510361472,0.02263641810051098,0.016701690139201197,-0.04947143841758306,5.33,308.6817,3.79,12.69,119.5904,4.34,68.86,76.09,90.75589752197266,439.8248291015625,0.0018979159730423412,0.0009900732223566688,68.7,24.3,33.9,-0.003101808057952238,175.3594512939453,0.00653993841980971,623.3200073242188,-0.003056478031950416,270.7200012207031,0.025264514729228083,207.3699951171875,-0.01823464652013873,145.09521484375,68.86,1435.3353260869567,2.662,97.24488,2.12,7.2375,12.69
2023-11-29,187.2504425048828,43014200,0.01557810709159213,0.04536091127147168,0.016686841902613603,-0.05006468162988742,5.33,308.70146666666665,3.793333333333333,12.98,119.8159,4.27,69.14,77.56,90.82467651367188,439.5155334472656,0.0007578459756025779,-0.0007032246336085013,68.46666666666667,24.2,33.93333333333333,-0.00267456014462486,174.89044189453125,-0.009513560620711403,617.3900146484375,0.016585365743680525,275.2099914550781,0.03124854674692057,213.85000610351562,0.008780245158250821,146.3691864013672,69.14,1435.4902282608696,2.646,97.24475333333334,2.06,7.22875,12.98
2023-11-30,187.82394409179688,48794400,0.02274293355473911,0.04295849537298424,-0.022690046412326415,-0.07700205455580889,5.33,308.7212333333333,3.7966666666666664,12.92,120.2434,4.37,69.42,75.66,90.95731353759766,441.24609375,0.0014603632957153057,0.003937426941798883,68.23333333333333,24.1,33.96666666666667,0.003666933644633108,175.53175354003906,-0.01033383231253826,611.010009765625,-0.007049171547694022,273.2699890136719,0.02141681758965519,218.42999267578125,0.0028118986482181807,146.78076171875,69.42,1435.6451304347827,2.476,97.24462666666668,2.14,7.22,12.92
2023-12-01,189.09951782226562,45704800,0.023373845481248656,0.033099714302452066,-0.03655090453137966,-0.1093021075257572,5.33,308.741,3.8,12.63,119.9424,4.22,69.7,73.7,91.16362762451172,443.8564147949219,0.0022682517643706213,0.005915794115564088,68.0,24.0,34.0,0.0030133916638104274,176.06069946289062,0.0023894222912321794,612.469970703125,-0.010685340606539029,270.3500061035156,0.029757818147474024,224.92999267578125,0.01208440339047323,148.5545196533203,69.7,1435.8000326086958,2.401,97.2445,2.0,7.192857142857143,12.63
2023-12-04,187.3097686767578,43389500,0.019796126164134842,0.03410230741101028,-0.03969799111777872,-0.10607718622075313,5.33,308.8336129032258,3.790322580645161,13.08,120.4727,4.28,70.60000000000001,72.73,90.05343627929688,441.5264892578125,-0.012178007546908343,-0.005249277602951574,67.03225806451613,24.29032258064516,34.0,0.0010377599361570677,176.243408203125,-0.01291487505167066,604.5599975585938,-0.02541148497165935,263.4800109863281,-0.01609387469462753,221.30999755859375,-0.021901319775764816,145.3009796142578,70.60000000000001,1436.264739130435,2.401,97.09945483870968,2.07,7.111428571428571,13.08
2023-12-05,191.25511169433594,66628400,0.006669328738931668,0.018198601494563427,-0.06328195214732302,-0.12513891110606712,5.33,308.8644838709677,3.7870967741935484,12.85,120.7913,4.18,70.9,71.95,90.59379577636719,441.43939208984375,0.006000431736934653,-0.0001972637431452151,66.70967741935483,24.387096774193548,34.0,-0.014351330460331324,173.71408081054688,-0.003870628002048626,602.219970703125,-0.00493403012122362,262.17999267578125,-0.003885954633043087,220.4499969482422,-0.014298218577266653,143.2234344482422,70.9,1436.419641304348,2.357,97.05110645161291,2.01,7.0842857142857145,12.85
2023-12-06,190.16744995117188,41089700,0.029325961215500795,0.01305098511459768,-0.03514992681428131,-0.1111282732776081,5.33,308.89535483870964,3.7838709677419353,12.97,120.5334,4.12,71.2,68.98,89.82746887207031,439.6604919433594,-0.008458933613826769,-0.004029772100905604,66.38709677419355,24.483870967741936,34.0,-0.00033185395685331187,173.65643310546875,-0.010826539824777548,595.7000122070312,-0.017163781088226693,257.67999267578125,-0.004082530773160675,219.5500030517578,-0.009921171205964141,141.802490234375,71.2,1436.574543478261,2.303,97.00275806451613,1.98,7.057142857142857,12.97
2023-12-07,192.09561157226562,47477700,0.019766024437814833,0.002110384013952249,-0.04699663472865345,-0.10963892956315335,5.33,308.9262258064516,3.7806451612903227,13.06,120.6013,4.14,71.5,69.0,90.91801452636719,443.01531982421875,0.012140447326307369,0.007630496581647828,66.06451612903226,24.580645161290324,34.0,0.021099579746427954,177.3205108642578,0.021957389326522136,608.780029296875,0.006946633793078805,259.4700012207031,0.01953993726486747,223.83999633789062,0.025501099302197128,145.41860961914062,71.5,1436.729445652174,2.29,96.95440967741936,1.97,7.03,13.06
2023-12-08,193.51950073242188,53406400,0.009503730102296881,-0.010781396782052477,-0.048643508130183255,-0.113734491023611,5.33,308.95709677419353,3.7774193548387096,12.35,120.7607,4.23,71.8,70.87,91.69416809082031,444.9199523925781,0.008536851233459597,0.0042992476402736735,65.74193548387096,24.677419354838708,34.0,0.0027118435209321223,177.80137634277344,0.0020204021314078613,610.010009765625,0.001772811704297439,259.92999267578125,0.0007594628829814543,224.00999450683594,-0.004515456938051554,144.76197814941406,71.8,1436.8843478260872,2.299,96.90606129032258,2.02,7.018571428571429,12.35
2023-12-11,191.0177764892578,60943700,0.014028471848276824,-0.0006728419869376223,-0.03928980222215994,-0.113011731958221,5.33,309.04970967741934,3.767741935483871,12.63,120.9279,4.23,72.7,70.95,92.49488067626953,446.6504211425781,0.008732426523092807,0.0038893934531241126,64.7741935483871,24.967741935483872,34.0,0.02839700452894167,182.85040283203125,0.0249012347309554,625.2000122070312,0.03393224165254449,268.75,0.009285308165083661,226.08999633789062,0.050230517772462235,152.033447265625,72.7,1437.3490543478263,2.322,96.76101612903226,2.04,6.984285714285715,12.63
2023-12-12,192.53065490722656,52696900,0.011452889669415711,-0.008011926748234144,-0.04514400378706429,-0.11036537673420233,5.33,309.08058064516126,3.764516129032258,12.07,120.6817,4.2,73.0,68.27,93.10893249511719,448.69036865234375,0.006638765457699591,0.004567212775815177,64.45161290322581,25.06451612903226,34.0,0.004417904140467721,183.65821838378906,0.013531607121431977,633.6599731445312,0.020390738553779153,274.2300109863281,0.008182609286041975,227.94000244140625,0.013407116097050142,154.07177734375,73.0,1437.5039565217392,2.152,96.71266774193549,2.04,6.972857142857143,12.07
2023-12-13,195.74429321289062,70404200,-0.015811294686169597,-0.022125616352223765,-0.07238832462420186,-0.12689290504476902,5.33,309.1114516129032,3.761290322580645,12.19,121.1571,4.04,73.3,69.09,93.9292984008789,454.8779602050781,0.00881081850879073,0.013790337357405313,64.12903225806451,25.161290322580644,34.0,0.006807366927753522,184.908447265625,-0.014834396643769399,624.260009765625,0.008532969566220405,276.57000732421875,0.030578227367066946,234.91000366210938,-0.0014629728813236875,153.84637451171875,73.3,1437.6588586956523,2.196,96.66431935483871,1.88,6.961428571428572,12.19
2023-12-14,195.892578125,66831600,-0.01731342288403437,-0.028166034377897664,-0.07788586647656459,-0.1219942396083632,5.33,309.14232258064516,3.758064516129032,12.48,119.5683,3.92,73.60000000000001,71.21,93.69841766357422,456.3377990722656,-0.0024580268482291556,0.003209297866463734,63.806451612903224,25.258064516129032,34.0,0.041088003459271105,192.50596618652344,-0.06346713628518763,584.6400146484375,-0.02339371967083348,270.1000061035156,0.025115975499156784,240.80999755859375,0.030256853574459397,158.50128173828125,73.60000000000001,1437.8137608695654,2.351,96.61597096774193,1.7,6.95,12.48
2023-12-15,195.35865783691406,128538400,-0.020094157435449844,-0.06038354217069797,-0.0452498530620693,-0.10763440671247615,5.33,309.1731935483871,3.7548387096774194,12.28,119.7382,3.91,73.9,71.05,94.16999816894531,455.58642578125,0.005032961250896584,-0.0016465287174175502,63.483870967741936,25.35483870967742,34.0,0.0035469838430681744,193.18878173828125,6.838058692881788e-05,584.6799926757812,0.005257248715544449,271.5199890136719,0.006145906492852182,242.2899932861328,0.0012981899468016422,158.70704650878906,73.9,1437.9686630434783,2.384,96.56762258064516,1.69,6.91,12.28
2023-12-18,193.6974639892578,55751900,-0.014497930031903694,-0.059421039144229915,-0.022104185413808874,-0.08674258558484826,5.33,309.2658064516129,3.7451612903225806,12.56,119.9102,3.95,74.8,72.16,94.45159149169922,458.1491394042969,0.0029902657770972674,0.005625087750699143,62.516129032258064,25.64516129032258,34.0,-0.02135596272595297,189.06304931640625,0.024714394862223488,599.1300048828125,0.00729232125237167,273.5,-0.013000924444966144,239.13999938964844,-0.009817782382024798,157.14889526367188,74.8,1438.4333695652174,2.453,96.42257741935484,1.74,6.79,12.56
2023-12-19,194.73568725585938,40714100,-0.019244412286974377,-0.07631749640618335,-0.01548683071677781,-0.12872610188307687,5.33,309.2966774193548,3.741935483870968,12.53,119.4632,3.93,75.10000000000001,73.23,94.8110122680664,460.9350891113281,0.0038053437818332814,0.0060808794940740984,62.193548387096776,25.741935483870968,34.0,0.006307606931668985,190.25558471679688,0.009196684727386994,604.6400146484375,0.003034685821812211,274.3299865722656,-0.004098000041984906,238.16000366210938,0.012284989382371547,159.0794677734375,75.10000000000001,1438.5882717391305,2.543,96.37422903225807,1.74,6.75,12.53
2023-12-20,192.64932250976562,52242800,-0.006415763188463708,-0.070061017945793,0.001796448542968676,-0.11461351208739545,5.33,309.3275483870968,3.738709677419355,13.67,119.5435,3.86,75.4,73.87,93.37836456298828,454.5478210449219,-0.015110562273372707,-0.013857196419393314,61.87096774193549,25.838709677419356,34.0,-0.02850947861787101,184.8314971923828,-0.01419028989477733,596.0599975585938,-0.012904087050692237,270.7900085449219,-0.006088331062924279,236.7100067138672,-0.03332725205056253,153.7777862548828,75.4,1438.7431739130436,2.537,96.32588064516129,1.67,6.71,13.67
2023-12-21,192.50100708007812,46482500,-0.011043817781366205,-0.04684613973680196,-0.0009246381466462283,-0.1212861292546632,5.33,309.3584193548387,3.735483870967742,13.65,119.3168,3.89,75.7,73.59,94.42699432373047,458.85772705078125,0.011229900691126726,0.009481743848098745,61.54838709677419,25.93548387096774,34.0,0.021281227614659448,188.7649383544922,0.0068449771945024995,600.1400146484375,0.01765205003309389,275.57000732421875,0.021883285576696387,241.88999938964844,0.028485665928522863,158.1582489013672,75.7,1438.8980760869565,2.541,96.27753225806451,1.7,6.67,13.65
2023-12-22,191.43309020996094,37149600,-0.04111556742003408,-0.04369843227500225,0.002944102465223475,-0.12228004698639594,5.33,309.3892903225806,3.732258064516129,13.03,119.0625,3.9,76.0,73.29,94.55007934570312,459.7799072265625,0.0013034940151825936,0.0020097300784458483,61.225806451612904,26.032258064516128,34.0,0.004177546029597412,189.5535125732422,-0.0023161505890451073,598.75,0.0009072104850142981,275.82000732421875,0.0035966559981095436,242.75999450683594,0.004089798234626629,158.80508422851562,76.0,1439.0529782608696,2.498,96.22918387096774,1.71,6.661428571428571,13.03
2023-12-26,190.88925170898438,28919300,-0.04558398250120421,-0.035534836681796245,-0.00326343844238719,-0.10110767939998644,5.33,309.51277419354835,3.7193548387096773,12.99,118.8875,3.89,77.2,75.84,94.94392395019531,461.7213134765625,0.00416546032766596,0.004222468662692824,59.935483870967744,26.419354838709676,34.0,0.00898018036351389,191.2557373046875,-0.0008183552974947439,598.260009765625,-0.0031180329428738274,274.9599914550781,0.009515623948153307,245.07000732421875,0.013761007739647946,160.9904022216797,77.2,1439.6725869565219,2.503,96.03579032258064,1.71,6.627142857142857,12.99
2023-12-27,190.9881134033203,48087700,-0.058192973697243744,-0.03914059068930642,-0.007351838522882903,-0.11105965942659979,5.33,309.5436451612903,3.7161290322580647,12.43,118.4729,3.79,77.5,74.31,94.93900299072266,462.5561828613281,-5.183016740739621e-05,0.0018081673087158023,59.61290322580645,26.516129032258064,34.0,0.0024138081795186395,191.71739196777344,-0.0036438883431892943,596.0800170898438,-0.001163721328864331,274.6400146484375,0.00016319127162667257,245.11000061035156,-0.0004260394153279279,160.92181396484375,77.5,1439.827489130435,2.451,95.98744193548387,1.64,6.618571428571429,12.43
2023-12-28,191.413330078125,34049900,-0.06405622432333502,-0.03957028375225913,-0.028618759637717428,-0.12053436480028157,5.33,309.57451612903225,3.7129032258064516,12.47,118.4104,3.84,77.8,72.02,95.05224609375,462.7308349609375,0.0011927985281077191,0.0003775802942012074,59.29032258064516,26.612903225806452,34.0,0.00446428322709802,192.57327270507812,-0.0009394670892135526,595.52001953125,-0.005097670912429297,273.239990234375,-0.0008159477285470951,244.91000366210938,-0.006638048383811657,159.85360717773438,77.8,1439.9823913043479,2.385,95.93909354838709,1.68,6.61,12.47
2023-12-29,190.37506103515625,42672100,-0.0362021317012412,-0.04622648163495613,-0.04222709719615081,-0.12192672256945503,5.33,309.60538709677417,3.709677419354839,12.45,118.4208,3.88,78.1,71.89,94.76176452636719,461.3913269042969,-0.003056020023938344,-0.0028947888392907295,58.96774193548387,26.70967741935484,34.0,-0.008389853889890997,190.95761108398438,0.0018134672542788888,596.5999755859375,-0.0031839962973254643,272.3699951171875,-0.005838911899014199,243.47999572753906,-0.006436801402345149,158.8246612548828,78.1,1440.137293478261,2.365,95.89074516129033,1.72,6.611428571428572,12.45
2024-01-02,183.5622100830078,82488700,-0.0026936143368379017,-0.015944976584657655,0.006571773924260338,-0.08496846989920892,5.33,309.73893548387093,3.706451612903226,13.2,119.2686,3.95,78.93225806451613,70.62,92.28047943115234,458.8091735839844,-0.0261844543272981,-0.005596449629076128,58.193548387096776,27.096774193548388,33.87096774193548,-0.02508039011720553,186.16831970214844,-0.027706954304656528,580.0700073242188,-0.0347688856719649,262.8999938964844,-0.038442585734335455,234.1199951171875,-0.04751039343597341,151.27883911132812,78.93225806451613,1441.0187032967033,2.333,95.78471935483871,1.74,6.617142857142857,13.2
2024-01-03,182.18775939941406,58414500,0.010529104326793881,0.023771892745449108,0.00868377234333706,-0.08257577959267015,5.33,309.77987096774194,3.7129032258064516,14.04,119.6958,3.91,78.86451612903225,72.97,91.34014892578125,455.0622863769531,-0.010189917858767106,-0.008166548148465402,58.38709677419355,27.193548387096776,33.74193548387097,-0.023866364684661856,181.72515869140625,-0.014274189653537883,571.7899780273438,-0.021376931333822458,257.2799987792969,-0.02960017435637008,227.19000244140625,-0.01891567759811419,148.41729736328125,78.86451612903225,1441.4354065934067,2.435,95.82373870967741,1.71,6.618571428571428,14.04
2024-01-04,179.8739471435547,71983600,0.020229603810380414,0.053048217037705125,0.03171878635780345,-0.06659139943022774,5.33,309.8208064516129,3.7193548387096778,14.13,119.6208,3.99,78.79677419354839,72.38,90.67057800292969,453.5964660644531,-0.0073305214708553335,-0.0032211421521444183,58.58064516129032,27.29032258064516,33.61290322580645,-0.015294125549769388,178.94583129882812,-0.008289739968384557,567.0499877929688,-0.005286072049145996,255.9199981689453,0.007614752889424592,228.9199981689453,-0.014129698573284388,146.32020568847656,78.79677419354839,1441.85210989011,2.431,95.86275806451613,1.77,6.62,14.13
2024-01-05,179.15211486816406,62379700,0.026161764421557265,0.07015118841268997,0.04481729827995484,-0.06907520735397665,5.33,309.86174193548385,3.7258064516129035,13.35,119.388,4.05,78.72903225806452,74.0,90.6459732055664,454.2177734375,-0.00027136473490319,0.0013697359206465975,58.774193548387096,27.387096774193548,33.483870967741936,0.002579771771972439,179.407470703125,-0.004320628268712268,564.5999755859375,-0.01254294888263896,252.7100067138672,0.0026210296536557376,229.52000427246094,-0.0020762852868125847,146.0164031982422,78.72903225806452,1442.2688131868133,2.466,95.90177741935484,1.83,6.6257142857142854,13.35
2024-01-08,183.4830780029297,59144500,-0.010400884110077335,0.051843086594670185,0.020747962514304774,-0.08446581038253864,5.33,309.98454838709677,3.7451612903225806,13.08,119.2506,4.01,78.52580645161291,71.06,92.92049407958984,460.7021789550781,0.02509235428324308,0.01427598367299554,59.354838709677416,27.677419354838708,33.096774193548384,0.013025819449604237,181.74440002441406,0.02825011140051581,580.5499877929688,0.036405352791031076,261.9100036621094,0.025836496015143817,235.4499969482422,0.017181033867466722,148.52511596679688,78.52580645161291,1443.518923076923,2.473,96.01883548387097,1.79,6.642857142857143,13.08
2024-01-09,183.06776428222656,42841800,-0.013287152712862738,0.0505564104075098,0.017176370234237348,-0.0926104867093882,5.33,310.0254838709677,3.7516129032258068,12.76,119.6666,4.02,78.45806451612903,72.43,93.06817626953125,460.003173828125,0.0015893392669104056,-0.0015172603015217723,59.54838709677419,27.774193548387096,32.96774193548387,0.0041275141780976465,182.4945526123047,0.009732192804863704,586.2000122070312,-0.0006109108467494684,261.75,0.002166106486453323,235.9600067138672,-0.003496907972288521,148.0057373046875,78.45806451612903,1443.9356263736265,2.537,96.05785483870967,1.8,6.648571428571429,12.76
2024-01-10,184.1060333251953,46792900,0.013104806543377645,0.042859298932591106,0.01558069392974537,-0.05868556760627941,5.33,310.0664193548387,3.7580645161290325,12.69,119.7614,4.04,78.39032258064516,71.57,93.86082458496094,462.60467529296875,0.008516856644253279,0.005655398946911916,59.74193548387097,27.870967741935484,32.83870967741935,-0.007325106273322057,181.1577606201172,0.00823953768212804,591.030029296875,0.005768900728271298,263.260009765625,0.012120700665260165,238.82000732421875,-0.008077978462023183,146.81015014648438,78.39032258064516,1444.3523296703297,2.558,96.09687419354839,1.82,6.654285714285715,12.69
2024-01-11,183.51272583007812,49128400,0.03216786996255827,0.03680164700345645,0.009692359244314108,-0.04749544554653029,5.33,310.1073548387097,3.764516129032258,12.44,119.8916,3.98,78.3225806451613,72.15,94.33838653564453,462.4008483886719,0.00508797949299189,-0.0004406070997181599,59.935483870967744,27.967741935483872,32.70967741935484,0.003132066047553339,181.72515869140625,0.010930004597541565,597.489990234375,0.013408792252342261,266.7900085449219,0.0076626183575199125,240.64999389648438,0.014285001585016666,148.90733337402344,78.3225806451613,1444.7690329670331,2.637,96.13589354838709,1.76,6.66,12.44
2024-01-12,183.83905029296875,40477800,0.04286792347591439,0.03124988587389388,-0.003463208565417375,-0.06997440919197384,5.33,310.14829032258064,3.770967741935484,12.7,119.534,3.96,78.25483870967741,72.94,94.64362335205078,462.72113037109375,0.0032355526484537656,0.0006926500752280074,60.12903225806452,28.06451612903226,32.58064516129032,-0.003175101641205269,181.14816284179688,-0.001590005226127067,596.5399780273438,0.006409503355858215,268.5,0.00743822393651028,242.44000244140625,-0.0046069231321790305,148.22132873535156,78.25483870967741,1445.1857362637363,2.596,96.1749129032258,1.69,6.651428571428571,12.7
2024-01-16,181.57469177246094,65603000,0.06289816725308306,0.024015605799114326,0.004111455443462031,-0.07642475061722254,5.33,310.3120322580645,3.796774193548387,13.84,120.5759,4.07,77.98387096774194,72.63,94.87992095947266,461.0224304199219,0.0024967092240637534,-0.003671109529425509,60.903225806451616,28.451612903225808,32.064516129032256,-0.0030262659363937683,180.59996032714844,0.0019110448426395976,597.6799926757812,0.03374300766701577,277.55999755859375,-0.0038772580099830645,241.5,0.016595096909736817,150.6810760498047,77.98387096774194,1446.8525494505495,2.579,96.33099032258065,1.77,6.6171428571428565,13.84
2024-01-17,180.63531494140625,47317400,0.06470328555658678,0.009415434009938828,0.007743715300644105,-0.07918565758267615,5.33,310.35296774193546,3.803225806451613,14.79,121.0402,4.1,77.91612903225807,72.79,94.4122314453125,458.45977783203125,-0.004929278075178067,-0.0055586288622799795,61.096774193548384,28.548387096774192,31.935483870967744,-0.012567296893095214,178.33030700683594,-0.002643583705671859,596.0999755859375,-0.007818067910517867,275.3900146484375,-0.01254657879626031,238.47000122070312,-0.0025365986044606492,150.29885864257812,77.91612903225807,1447.2692527472527,2.585,96.37000967741935,1.8,6.6085714285714285,14.79
2024-01-18,186.51870727539062,78005800,0.029369609340551106,-0.009383336782919027,-0.0322714335851122,-0.11332682684197648,5.33,310.3939032258064,3.8096774193548386,14.13,120.8895,4.14,77.8483870967742,74.32,96.32734680175781,462.5367431640625,0.020284610660374236,0.00889274376764404,61.29032258064516,28.64516129032258,31.806451612903224,0.024483841309893783,182.69651794433594,-0.0040261088361012165,593.7000122070312,0.013144975941879355,279.010009765625,0.011364076995873607,241.17999267578125,0.045445648349144774,157.12928771972656,77.8483870967742,1447.6859560439561,2.584,96.40902903225806,1.8,6.6,14.13
2024-01-19,189.4159393310547,68903000,0.004489363770901145,-0.029807960857007765,-0.05099349799892261,-0.1375521274592959,5.33,310.4348387096774,3.8161290322580643,13.3,120.6442,4.15,77.78064516129032,73.69,98.54771423339844,468.3028564453125,0.023050229299994562,0.012466281579720295,61.483870967741936,28.741935483870968,31.677419354838708,0.025267015105987944,187.31271362304688,0.030065648002232104,611.5499877929688,0.04705926104171687,292.1400146484375,0.03093128344147389,248.63999938964844,0.04739947317949533,164.57713317871094,77.78064516129032,1448.1026593406593,2.568,96.44804838709678,1.81,6.612857142857143,13.3
2024-01-22,191.7198486328125,60133900,-0.011140468836453588,-0.03202859918921108,-0.05847307568148863,-0.1435782986930214,5.33,310.5576451612903,3.835483870967742,13.19,120.6178,4.11,77.57741935483871,75.26,98.98095703125,469.29296875,0.004396274446563764,0.0021142563857137198,62.064516129032256,29.032258064516128,31.29032258064516,0.013041102416264438,189.75547790527344,-0.013016042999570376,603.5900268554688,0.012288615588011309,295.7300109863281,0.008647015370664812,250.7899932861328,0.0021433882018337957,164.9298858642578,77.57741935483871,1449.3527692307694,2.594,96.5651064516129,1.8,6.651428571428571,13.19
2024-01-23,192.9954071044922,42355600,-0.03658164314503931,-0.030125993949943863,-0.054179477831812095,-0.1438008271092991,5.33,310.5985806451613,3.8419354838709676,12.55,121.1001,4.14,77.50967741935484,74.72,99.37973022460938,470.66168212890625,0.004028787004286771,0.0029165435453932798,62.25806451612903,29.129032258064516,31.161290322580644,0.0205766972249104,193.66001892089844,-0.010619847735195309,597.1799926757812,-0.0006424861676113114,295.5400085449219,0.007934947750860344,252.77999877929688,-0.007427158035849368,163.70492553710938,77.50967741935484,1449.7694725274725,2.624,96.6041258064516,1.85,6.664285714285715,12.55
2024-01-24,192.32301330566406,53631300,-0.05192794302099457,-0.02616969852859563,-0.060396311321706087,-0.12989356383856943,5.33,310.63951612903224,3.8483870967741933,13.14,120.4916,4.18,77.44193548387098,75.48,100.06405639648438,471.1761779785156,0.006885973330057915,0.0010931330701964281,62.45161290322581,29.225806451612904,31.032258064516128,-0.015245550577412614,190.7075653076172,0.015573173761730175,606.47998046875,-0.0021317076016689196,294.9100036621094,-0.00047470178719433154,252.66000366210938,0.04244239164861363,170.6529541015625,77.44193548387098,1450.186175824176,2.602,96.64314516129032,1.88,6.677142857142857,13.14
2024-01-25,191.99668884277344,54822100,-0.03764726078157343,-0.03012804490611909,-0.06581245114818413,-0.12392845888738457,5.33,310.6804516129032,3.8548387096774195,13.45,120.8311,4.14,77.3741935483871,77.91,100.4825439453125,473.73883056640625,0.004182196523894177,0.005438841579141762,62.645161290322584,29.322580645161292,30.903225806451612,-0.005042721714331733,189.74588012695312,0.026546690970161935,622.5800170898438,-0.01261402181855209,291.19000244140625,-0.0036016925865574034,251.75,-0.008671116153274427,169.17320251464844,77.3741935483871,1450.6028791208792,2.701,96.68216451612902,1.85,6.69,13.45
2024-01-26,190.26629638671875,44594000,-0.03414403961347601,-0.0173008218910905,-0.04966713426872993,-0.1190310564545285,5.33,310.72138709677415,3.861290322580645,13.26,120.6173,4.15,77.30645161290323,78.45,99.32557678222656,473.13702392578125,-0.011514110985442527,-0.001270334204830692,62.83870967741935,29.419354838709676,30.774193548387096,-0.017080645195013622,186.50489807128906,-0.01389383561408819,613.9299926757812,-0.001579695220376598,290.7300109863281,0.00524332601477151,253.07000732421875,-0.03319231149095758,163.55795288085938,77.30645161290323,1451.0195824175826,2.749,96.72118387096774,1.85,6.6814285714285715,13.26
2024-01-29,189.58399963378906,47145600,-0.021123455551042114,-0.022642219529888208,-0.052566135651942125,-0.09392681939996828,5.33,310.84419354838707,3.8806451612903223,13.6,120.8538,4.08,77.10322580645162,77.25,100.23638153076172,476.8839111328125,0.009169891361739735,0.00791924330068694,63.41935483870968,29.70967741935484,30.387096774193548,0.01686154178446242,189.649658203125,0.026550238606076526,630.22998046875,0.012520152696002818,294.3699951171875,0.01643815364014989,257.2300109863281,0.00946651971175494,165.1062774658203,77.10322580645162,1452.2696923076924,2.786,96.83824193548386,1.78,6.655714285714286,13.6
2024-01-30,185.93531799316406,55859400,0.006700774538041632,-0.014698340817254518,-0.03754171878822432,-0.09302621969779223,5.33,310.885129032258,3.8870967741935485,13.31,120.6025,4.06,77.03548387096775,78.3,99.4092788696289,476.5151062011719,-0.008251521538404472,-0.0007733641731895169,63.61290322580645,29.806451612903224,30.258064516129032,-0.012474575343876526,187.2838592529297,-0.003601793894992711,627.9600219726562,0.0008492713392900253,294.6199951171875,-0.0029545921283088417,256.4700012207031,-0.013295158545359453,162.91116333007812,77.03548387096775,1452.6863956043956,2.753,96.87726129032258,1.8,6.647142857142857,13.31
2024-01-31,182.33607482910156,55467800,0.027169078871996932,-8.14254763996658e-05,-0.02446178638791985,-0.08071566047902778,5.33,310.92606451612903,3.893548387096774,14.35,120.4331,3.99,76.96774193548387,76.28,97.32182312011719,468.73968505859375,-0.02099860066633552,-0.01631726054723548,63.806451612903224,29.903225806451612,30.129032258064516,-0.0122214450495709,184.99497985839844,-0.01621121141406756,617.780029296875,-0.020908301419457875,288.4599914550781,-0.010371597650597475,253.80999755859375,-0.011669879003940009,161.010009765625,76.96774193548387,1453.103098901099,2.7,96.91628064516128,1.73,6.638571428571429,14.35
2024-02-01,184.76853942871094,64885400,0.007813367769453183,-0.014799251234062338,-0.061739000384094744,-0.07283100631588546,5.33,310.967,3.9,13.88,120.3335,3.87,76.9,74.36,98.54771423339844,474.8746032714844,0.01259626129042224,0.01308811352749828,64.0,30.0,30.0,-0.0018194743889121678,184.65838623046875,0.016397331359489842,627.9099731445312,0.007141363168606141,290.5199890136719,0.004964381930361528,255.07000732421875,0.016250737304339458,163.6265411376953,76.9,1453.5198021978022,2.65,96.9553,1.68,6.63,13.88
2024-02-02,183.76983642578125,102551700,0.017438643455329528,-0.017795930432414342,-0.08347014249963047,-0.01203118020117011,5.33,311.0145172413793,3.9,13.85,120.902,4.03,76.98620689655174,72.72,99.56681060791016,479.87371826171875,0.010341146747433472,0.01052723172769121,63.793103448275865,30.03448275862069,30.103448275862068,0.00046885695747689304,184.74496459960938,0.010909265522236034,634.760009765625,0.020755882580640872,296.54998779296875,0.005410298518784273,256.45001220703125,0.007246562643348442,164.81227111816406,76.98620689655174,1453.9365054945056,2.586,96.95993103448275,1.82,6.631428571428572,13.85
2024-02-05,185.57933044433594,69668800,-0.001551537819001525,-0.031374035150266044,-0.09774178480458229,-0.03057376394770417,5.33,311.1570689655172,3.9,13.67,121.349,4.17,77.2448275862069,73.21,99.79327392578125,478.12646484375,0.0022744860108343534,-0.0036410692052440963,63.172413793103445,30.137931034482758,30.413793103448278,0.0023945595132119912,185.18734741210938,-0.00671121321457846,630.5,0.0003372318584800027,296.6499938964844,-0.014193856405430472,252.80999755859375,0.01730317835983386,167.66404724121094,77.2448275862069,1455.1866153846154,2.639,96.97382413793103,1.9,6.635714285714285,13.67
2024-02-06,187.1812286376953,43490800,-0.02125667914094509,-0.035643687522463496,-0.10609810347327964,-0.03522044191504292,5.33,311.2045862068965,3.9,13.06,120.9588,4.09,77.33103448275862,73.83,99.3354263305664,479.51458740234375,-0.004587960462699714,0.0029032539728739426,62.96551724137931,30.17241379310345,30.517241379310345,-0.01480071829971863,182.44644165039062,-0.03704993711588023,607.1400146484375,-0.01297827804729057,292.79998779296875,0.004627974289957093,253.97999572753906,-0.013969290767381293,165.3218994140625,77.33103448275862,1455.6033186813188,2.663,96.97845517241379,1.85,6.637142857142857,13.06
2024-02-07,187.28997802734375,53439000,-0.02652971639130941,-0.02536687415819605,-0.09747189152954205,-0.033983377865636655,5.33,311.2521034482759,3.9,12.83,120.9049,4.09,77.41724137931035,74.26,100.64991760253906,483.5139465332031,0.013232854788364445,0.008340432670724374,62.758620689655174,30.20689655172414,30.620689655172413,0.011912876427742747,184.61990356445312,0.014345885178632889,615.8499755859375,0.0270834136747522,300.7300109863281,0.01752105292975914,258.42999267578125,0.01304079842459327,167.4778289794922,77.41724137931035,1456.020021978022,2.754,96.98308620689654,1.86,6.638571428571428,12.83
2024-02-08,186.2122039794922,40962000,-0.022437308063856243,-0.029561925277313605,-0.08150781371698179,-0.018662193452212428,5.33,311.29962068965517,3.9,12.79,121.0798,4.15,77.50344827586207,76.67,100.96500396728516,483.72747802734375,0.0031305178608327378,0.00044162427096816614,62.55172413793103,30.24137931034483,30.724137931034484,0.01088720375229868,186.62989807128906,1.6253578017044745e-05,615.8599853515625,0.022046267825048593,307.3599853515625,0.011918187428453297,261.510009765625,0.01749572036804148,170.40797424316406,77.50344827586207,1456.4367252747254,2.816,96.9877172413793,1.91,6.64,12.79
2024-02-09,186.9745330810547,45155200,-0.03463066211843857,-0.04072007464277938,-0.08271112655151813,-0.029397408737360742,5.33,311.34713793103447,3.9,12.93,121.039,4.17,77.5896551724138,77.26,102.32380676269531,486.5232238769531,0.013458156212725392,0.005779588666350977,62.3448275862069,30.275862068965516,30.82758620689655,0.004947029170278006,187.55316162109375,0.01842957310274773,627.2100219726562,0.014901149492849708,311.94000244140625,0.019769732389172345,266.67999267578125,0.06872177894111653,182.11871337890625,77.5896551724138,1456.8534285714286,2.869,96.99234827586207,1.92,6.658571428571428,12.93
2024-02-12,185.29139709472656,41781900,-0.029868839966081584,-0.02415159293754554,-0.0855996047847789,-0.0032985384398930284,5.33,311.4896896551724,3.9,13.93,120.9378,4.17,77.84827586206897,77.34,101.54594421386719,486.3096008300781,-0.007601970386345247,-0.00043908088327770933,61.724137931034484,30.379310344827587,31.137931034482758,-0.004973850187658391,186.62030029296875,-0.024505340442180557,611.8400268554688,-0.01718284230041134,306.5799865722656,-0.01739907101505167,262.0400085449219,-0.0016145340573684441,181.82467651367188,77.84827586206897,1458.1035384615384,2.86,97.00624137931034,1.93,6.7142857142857135,13.93
2024-02-13,183.20237731933594,56529500,-0.014699470305340911,-0.019563479361881075,-0.06506706325677136,0.014289937050815826,5.33,311.5372068965517,3.9,15.85,121.5202,4.31,77.93448275862069,78.28,99.82281494140625,479.6116027832031,-0.016968962037832158,-0.013773114977459255,61.51724137931034,30.413793103448278,31.24137931034483,-0.04823509519107716,177.61865234375,-0.016262440785655974,601.8900146484375,-0.03995694610389211,294.3299865722656,-0.02014959016608231,256.760009765625,-0.028187919801021533,176.6994171142578,77.93448275862069,1458.5202417582418,2.789,97.0108724137931,2.02,6.732857142857142,15.85
2024-02-14,182.32122802734375,54630500,0.0011945328508669029,-0.018463244743904816,-0.0626120005316102,0.031644366153569026,5.33,311.58472413793106,3.9,14.38,121.4002,4.27,78.02068965517242,77.09,100.86654663085938,483.97021484375,0.010455843086230043,0.009087795281126798,61.310344827586206,30.448275862068964,31.344827586206897,0.00882571550707456,179.18626403808594,0.004602100763727801,604.6599731445312,0.02177828952041061,300.739990234375,0.02107027362651892,262.1700134277344,0.03261047999887401,182.461669921875,78.02068965517242,1458.936945054945,2.701,97.01550344827587,1.97,6.751428571428571,14.38
2024-02-15,182.0341033935547,65434500,-0.0072881435351696,-0.022843492511643304,-0.055150607466839086,0.033924997990324446,5.33,311.63224137931036,3.9,14.01,121.2121,4.24,78.10689655172415,78.47,100.65483093261719,487.30950927734375,-0.002098968442103999,0.006899793274823374,61.10344827586207,30.482758620689655,31.448275862068964,0.0065478166805486016,180.3595428466797,-0.023517301185282835,590.4400024414062,-0.01685833933388592,295.6700134277344,-0.003509224475010231,261.25,0.007895343360589058,183.9022674560547,78.10689655172415,1459.3536483516484,2.712,97.02013448275862,1.94,6.77,14.01
2024-02-16,180.49948120117188,49752500,-0.006307857817095863,-0.03954785161550045,-0.034172600140634835,0.042880363817917155,5.33,311.67975862068965,3.9,14.24,121.1505,4.3,78.19310344827586,79.65,99.72928619384766,484.8826904296875,-0.009195234150153553,-0.0049800358939333655,60.89655172413793,30.517241379310345,31.551724137931036,0.0037326429353936597,181.0327606201172,-0.07414814225975419,546.6599731445312,-0.018162226099665446,290.29998779296875,-0.011291912754186617,258.29998779296875,0.06346574020933415,195.57376098632812,78.19310344827586,1459.7703516483516,2.707,97.02476551724138,1.97,6.788571428571428,14.24
2024-02-20,179.7569580078125,53665600,0.005893272233762792,-0.06300961109462444,-0.015917675164966782,0.05364111970304952,5.33,311.8698275862069,3.9,15.42,121.0199,4.27,78.53793103448277,78.72,98.71509552001953,482.21319580078125,-0.01016943680772775,-0.005505444268469661,60.06896551724138,30.655172413793103,31.96551724137931,0.006162170900720021,182.1483154296875,-0.008689130782114418,541.9099731445312,0.0060972084246599945,292.07000732421875,-0.011769235113434862,255.25999450683594,-0.05226243457774682,185.35260009765625,78.53793103448277,1461.4371648351648,2.631,97.04328965517242,1.95,6.862857142857143,15.42
2024-02-21,180.5093994140625,41371400,-0.004936574080648737,-0.07240024061138828,-0.0600593548666325,0.05644409775125059,5.33,311.91734482758625,3.9,15.34,121.0379,4.32,78.62413793103448,78.89,98.09477233886719,482.6500549316406,-0.006283974886359123,0.0009059460310576473,59.86206896551724,30.689655172413794,32.06896551724138,0.022808980142196678,186.3029327392578,-0.006255566018854464,538.52001953125,-0.0044852176729655024,290.760009765625,-0.010734115385643062,252.52000427246094,0.007997189162205043,186.83489990234375,78.62413793103448,1461.8538681318682,2.664,97.04792068965517,1.98,6.881428571428572,15.34
2024-02-22,182.5390167236328,52292200,-0.0196343237500477,-0.08336497984556723,-0.06557452693026933,0.03682232961184839,5.33,311.96486206896554,3.9,14.54,121.102,4.33,78.71034482758621,79.64,101.30470275878906,492.6387023925781,0.032722747027060795,0.02069542385601153,59.6551724137931,30.724137931034484,32.172413793103445,-0.009343424560563252,184.56222534179688,-0.0017641167878181818,537.5700073242188,0.05093546932582571,305.57000732421875,0.017661993657559938,256.9800109863281,0.049387753368638654,196.062255859375,78.71034482758621,1462.2705714285714,2.696,97.05255172413793,2.02,6.9,14.54
2024-02-23,180.70741271972656,45119700,-0.01566955091265687,-0.06459581784472157,-0.06393820536812067,0.02527645182435534,5.33,312.01237931034484,3.9,13.75,121.0369,4.26,78.79655172413794,77.6,101.06839752197266,492.97845458984375,-0.002332618628565153,0.0006896579493562704,59.44827586206897,30.75862068965517,32.275862068965516,-0.009379461897718766,182.8311309814453,0.0295217272187136,553.4400024414062,-0.006676075845223117,303.5299987792969,0.0008561024643851667,257.20001220703125,-0.012867324308809547,193.53945922851562,78.79655172413794,1462.6872747252746,2.576,97.0571827586207,1.96,6.905714285714286,13.75
2024-02-26,179.3609161376953,40867400,-0.03345099793723261,-0.04642294414687287,-0.06320369809360538,0.050108566035909075,5.33,312.1549310344828,3.9,13.74,121.0592,4.28,79.05517241379312,78.53,101.16685485839844,491.1729431152344,0.0009741654052086712,-0.0036624551393661386,58.827586206896555,30.862068965517242,32.58620689655172,-0.005786002211146224,181.7732696533203,0.012720399675282046,560.47998046875,0.0005271428285600344,303.69000244140625,0.0005831799742048727,257.3500061035156,0.03241031356370905,199.8121337890625,79.05517241379312,1463.9373846153846,2.642,97.07107586206897,1.97,6.9228571428571435,13.74
2024-02-27,180.81631469726562,54318900,-0.06849919890146627,-0.05147022213880903,-0.051032077865461045,0.04171104790236746,5.33,312.2024482758621,3.9,13.43,120.9647,4.31,79.14137931034483,79.8,101.2554702758789,492.0853271484375,0.0008759333044849882,0.00185756167148865,58.62068965517241,30.896551724137932,32.689655172413794,0.0003174764933504548,181.8309783935547,-0.01425562109763967,552.489990234375,-0.012117595726554353,300.010009765625,-0.001554279724102603,256.95001220703125,-0.0033898724448807593,199.13479614257812,79.14137931034483,1464.3540879120878,2.623,97.07570689655172,1.99,6.928571428571429,13.43
2024-02-28,179.61830139160156,48953900,-0.06779835814828483,-0.05671902350302194,-0.05478986685174703,0.05031480788499998,5.33,312.2499655172414,3.9,13.84,121.128,4.27,79.22758620689656,79.44,100.77790832519531,491.43499755859375,-0.004716406426067077,-0.0013215789091137742,58.41379310344828,30.93103448275862,32.793103448275865,-0.006928894660543472,180.5710906982422,-0.001212660721458536,551.8200073242188,0.001899859298314377,300.5799865722656,-0.006616120359089539,255.25,-0.02622505286771437,193.9124755859375,79.22758620689656,1464.7707912087913,2.533,97.08033793103449,1.94,6.934285714285715,13.84
2024-02-29,178.95498657226562,136682600,-0.06500702507180678,-0.04287698305439103,-0.05930843757252946,0.05974789891604648,5.33,312.29748275862073,3.9,13.4,121.1824,4.25,79.31379310344828,79.22,101.90040588378906,493.2016906738281,0.011138329592747853,0.0035949680507312287,58.206896551724135,30.96551724137931,32.89655172413793,0.02162354326428284,184.47567749023438,0.015331125838802029,560.280029296875,0.012642286513753875,304.3800048828125,0.011439817542544084,258.1700134277344,0.020653909177724472,197.9175262451172,79.31379310344828,1465.1874945054944,2.552,97.08496896551725,1.92,6.94,13.4
2024-03-01,177.8758087158203,73563100,-0.04970512390166171,-0.03918507842617336,-0.06022491202699365,0.07152824559508741,5.33,312.345,3.9,13.11,121.0111,4.19,79.4,80.9,103.7613754272461,497.83197021484375,0.018262631314534206,0.009388206951783884,58.0,31.0,33.0,0.022625274632380066,188.6494903564453,0.01900828661030718,570.9299926757812,0.03567903665598404,315.239990234375,0.025448256826618776,264.739990234375,0.04280339654158061,206.38906860351562,79.4,1465.6041978021979,2.609,97.0896,1.87,6.9314285714285715,13.11
2024-03-04,173.36111450195312,81510100,-0.013420888317049795,-0.007881251191535155,-0.031125229879361616,0.10961251761887669,5.33,312.41061290322585,3.9,13.49,120.872,4.22,79.18709677419355,79.67,103.7613754272461,497.2981262207031,0.0,-0.001072337708464599,58.0,30.516129032258064,32.61290322580645,-0.0029704772976671956,188.089111328125,-0.005237052305418044,567.9400024414062,0.006566449017714193,317.30999755859375,-0.01526017291066284,260.70001220703125,-0.0036146910293826107,205.64303588867188,79.18709677419355,1466.8543076923077,2.552,97.03873548387097,1.88,6.905714285714286,13.49
2024-03-05,168.4305419921875,95132400,0.01828122610584426,0.035034041584799835,-0.007641600164663531,0.14397843718903625,5.33,312.43248387096776,3.9,14.46,120.8846,4.13,79.11612903225807,79.11,101.21116638183594,492.3280334472656,-0.02457763339112895,-0.009994191635525618,58.0,30.35483870967742,32.483870967741936,-0.02496672239435216,183.3931427001953,-0.040673267399087054,544.8400268554688,-0.03028579441398771,307.70001220703125,-0.05143850515146531,247.2899932861328,-0.010024395597187596,203.5815887451172,79.11612903225807,1467.271010989011,2.511,97.0217806451613,1.81,6.897142857142857,14.46
2024-03-06,167.4404754638672,68587700,0.011885126723500505,0.05646884154825971,0.0027198550236895436,0.15974250046407756,5.33,312.4543548387097,3.9,14.5,120.4649,4.11,79.04516129032258,80.08,102.01365661621094,494.8228454589844,0.007928870529438248,0.005067377525204364,58.0,30.193548387096776,32.354838709677416,0.010010439432115437,185.22898864746094,-0.0032119519744172598,543.0900268554688,0.016087037676562055,312.6499938964844,0.01540706425987226,251.10000610351562,0.023048326691736953,208.2738037109375,79.04516129032258,1467.6877142857143,2.585,97.00482580645162,1.81,6.888571428571429,14.5
2024-03-07,167.3216552734375,71765100,0.02366867196955713,0.01402368426620293,-0.0032542702664845047,0.15233012499461962,5.33,312.4762258064516,3.9,14.44,120.1909,4.09,78.9741935483871,79.81,103.62352752685547,499.7347106933594,0.015780935259492646,0.009926512648822605,58.0,30.032258064516128,32.225806451612904,0.03411593233703769,191.54824829101562,0.023844943805829244,556.0399780273438,0.017239772121096175,318.0400085449219,0.010911948099457502,253.83999633789062,0.002073785927502403,208.70571899414062,78.9741935483871,1468.1044175824175,2.617,96.98787096774194,1.81,6.88,14.44
2024-03-08,169.0344696044922,76267000,0.011070295905078353,0.009078843236900891,-0.006208428843051839,0.15478870751282536,5.33,312.4980967741936,3.9,14.74,119.975,4.09,78.90322580645162,78.96,102.08258056640625,496.735107421875,-0.014870628294813226,-0.0060023912834122894,58.0,29.870967741935484,32.096774193548384,-0.011602122978600193,189.3258819580078,-0.00782313459073547,551.6900024414062,-0.029681807910255098,308.6000061035156,-0.007800172376710268,251.86000061035156,-0.03315928408630142,201.78518676757812,78.90322580645162,1468.5211208791209,2.556,96.97091612903226,1.81,6.86,14.74
2024-03-11,171.03445434570312,60139500,0.005614995351021612,-0.010998656961771713,-0.028770137767137882,0.1194320877116195,5.33,312.56370967741935,3.9,15.22,120.0394,4.1,78.69032258064517,78.87,101.80194091796875,496.3079833984375,-0.0027491433590370873,-0.0008598627660008074,58.0,29.387096774193548,31.70967741935484,0.011585261718546347,191.51927185058594,0.015824068643834455,560.4199829101562,-0.009267711641526288,305.739990234375,0.02541097887621624,258.260009765625,-0.02038324604130881,197.67214965820312,78.69032258064517,1469.7712307692307,2.588,96.92005161290322,1.83,6.8,15.22
2024-03-12,171.50965881347656,59825400,0.016452051800093237,-0.020319647845202238,0.01044843455865041,0.19743093829506386,5.33,312.5855806451613,3.9,13.84,120.1668,4.16,78.61935483870968,78.51,103.8893814086914,501.64697265625,0.02050491839251567,0.010757411600059497,58.0,29.225806451612904,31.580645161290324,0.00499449981982103,192.47581481933594,0.033403576441139116,579.1400146484375,0.018119999744472315,311.2799987792969,0.017501699228517076,262.7799987792969,0.017728471385006328,201.17657470703125,78.61935483870968,1470.187934065934,2.572,96.90309677419354,1.86,6.78,13.84
2024-03-13,169.43052673339844,52488700,0.044060055481912164,0.012738883331731676,0.03167186293627977,0.24676563399607643,5.33,312.6074516129033,3.9,13.75,119.9642,4.19,78.54838709677419,80.67,102.76690673828125,500.8606262207031,-0.010804517797583624,-0.0015675295145969326,58.0,29.06451612903226,31.451612903225808,-0.003011948142137788,191.89608764648438,-0.009652289108121992,573.5499877929688,-0.016287610331859104,306.2099914550781,-0.015526244734068606,258.70001220703125,-0.021372073528622026,196.87701416015625,78.54838709677419,1470.6046373626373,2.644,96.88614193548388,1.89,6.76,13.75
2024-03-14,171.2819366455078,72913500,-0.009421981904356946,-0.008786087434331513,-0.0017918718646807719,0.24006129816011978,5.33,312.6293225806452,3.9,14.4,120.241,4.29,78.47741935483872,82.16,102.78657531738281,499.8704833984375,0.000191390202603392,-0.0019768829299616764,58.0,28.903225806451612,31.322580645161292,-0.02099696710475152,187.86685180664062,-0.0054048917303027855,570.4500122070312,9.79679962573865e-05,306.239990234375,-0.0006571836865563174,258.5299987792969,0.000947410942286453,197.06353759765625,78.47741935483872,1471.0213406593407,2.628,96.8691870967742,1.99,6.74,14.4
2024-03-15,170.90573120117188,121752700,-0.0019696480810907913,-0.015004091789654006,-0.01876964536692094,0.23263935699887095,5.33,312.65119354838714,3.9,14.41,120.4003,4.31,78.40645161290323,81.94,101.23577880859375,496.4381408691406,-0.0150875394379133,-0.006866463700680225,58.0,28.741935483870968,31.193548387096776,0.0039601879200867884,188.61083984375,-0.13671666067674393,492.4599914550781,-0.02547018038695459,298.44000244140625,-0.016593793008118585,254.24000549316406,-0.010460824811556635,195.00209045410156,78.40645161290323,1471.4380439560439,2.655,96.85223225806452,1.99,6.758571428571429,14.41
2024-03-18,171.99481201171875,75604200,-0.01652088760569248,-0.028091302121425965,-0.03292670982550161,0.24892839260132238,5.33,312.7168064516129,3.9,14.33,120.5752,4.34,78.19354838709678,83.68,101.73335266113281,499.38848876953125,0.004914999996985525,0.005943032288424188,58.0,28.258064516129032,30.806451612903224,-0.020389133389424607,184.76522827148438,0.04345529437478479,513.8599853515625,0.008343352814654592,300.92999267578125,0.0036972434011470767,255.17999267578125,0.010470703556441308,197.0438995361328,78.19354838709678,1472.688153846154,2.718,96.80136774193548,2.03,6.814285714285714,14.33
2024-03-19,174.3313446044922,55215200,-0.036176521637370174,-0.036517441301205045,-0.05134022565818286,0.21865440627943378,5.33,312.7386774193549,3.9,13.82,120.9332,4.3,78.12258064516129,84.39,102.26100158691406,502.1636962890625,0.005186587406971865,0.005557211633710812,58.0,28.096774193548388,30.677419354838708,-0.0035562642427714453,184.108154296875,0.014264619349235508,521.1900024414062,0.036287554226937635,311.8500061035156,0.0039580288212810455,256.19000244140625,0.0030387651838557073,197.64266967773438,78.12258064516129,1473.104857142857,2.671,96.7844129032258,2.0,6.832857142857143,13.82
2024-03-20,176.89564514160156,53423100,-0.029999397051660215,-0.05512957653100792,-0.07650991763760184,0.1751518347269434,5.33,312.7605483870968,3.9,13.04,120.9289,4.27,78.05161290322582,82.79,103.40505981445312,506.8084411621094,0.011187629788338205,0.009249463685589099,58.0,27.935483870967744,30.548387096774192,0.019838447992128527,187.7605743408203,-0.003933283031842483,519.1400146484375,0.016065349206322743,316.8599853515625,0.024356884245715804,262.42999267578125,0.018476210769792667,201.2943572998047,78.05161290322582,1473.5215604395603,2.606,96.76745806451612,1.96,6.851428571428571,13.04
2024-03-21,169.66812133789062,106181300,0.0006419428438841912,-0.010445286018902156,-0.032269364181603866,0.21241428246384464,5.33,312.78241935483874,3.9,12.92,120.8086,4.27,77.98064516129033,81.99,103.4790267944336,508.48321533203125,0.0007153129654700052,0.0033045506623401444,58.0,27.774193548387096,30.419354838709676,0.004271082578353624,188.56251525878906,-0.015198240216140246,511.25,0.018746458107721242,322.79998779296875,0.012651020907966215,265.75,0.027991907536271787,206.92897033691406,77.98064516129033,1473.9382637362637,2.608,96.75050322580645,1.93,6.87,12.92
2024-03-22,170.56910705566406,71160100,-0.01306016764269935,-0.022231233635317094,-0.03122839307211389,0.20978829113281416,5.33,312.8042903225807,3.9,13.06,121.1842,4.22,77.90967741935484,81.1,103.51356506347656,507.519287109375,0.00033377071772799916,-0.001895693296438128,58.0,27.612903225806452,30.29032258064516,-0.008403712911687844,186.97789001464844,-0.022943786770323937,499.5199890136719,-0.0001858660497603415,322.739990234375,-0.010874937529397943,262.8599853515625,-0.0026091162224379794,206.38906860351562,77.90967741935484,1474.354967032967,2.582,96.73354838709677,1.87,6.8585714285714285,13.06
2024-03-25,169.15330505371094,54288300,-0.011764779109100787,-0.006906598280242204,-0.01071107273911609,0.22536479881027982,5.33,312.86990322580647,3.9,13.19,121.0295,4.25,77.69677419354839,82.41,102.8281021118164,506.1170349121094,-0.00662196255379488,-0.0027629535130621052,58.0,27.129032258064516,29.903225806451612,-0.014882750902313169,184.1951446533203,0.015434861751739026,507.2300109863281,-0.020233001725490474,316.2099914550781,-0.004907472035420191,261.57000732421875,-0.008513583629172872,204.6319580078125,77.69677419354839,1475.605076923077,2.583,96.68268387096774,1.92,6.824285714285715,13.19
2024-03-26,168.02464294433594,57388400,-0.00035371587379673386,-0.011372578328995409,0.0010605119317581568,0.2582595380915671,5.33,312.89177419354843,3.9,13.24,121.0742,4.24,77.6258064516129,82.41,102.40401458740234,505.1822509765625,-0.004124237593658098,-0.0018469718880519403,58.0,26.967741935483872,29.774193548387096,-0.008760449170283513,182.58151245117188,0.0007294424800852184,507.6000061035156,-0.0006324331768673419,316.010009765625,0.0003823301629213294,261.6700134277344,-0.00858691080893248,202.8748016357422,77.6258064516129,1476.02178021978,2.53,96.66572903225806,1.92,6.812857142857143,13.24
2024-03-27,171.58888244628906,60273300,-0.02590738542116766,0.009981904358009386,-0.023137771337922386,0.23703414659826572,5.33,312.91364516129033,3.9,12.78,121.0089,4.2,77.55483870967743,82.15,102.9267349243164,509.427734375,0.005104490668848882,0.008403864922472248,58.0,26.806451612903224,29.64516129032258,0.02312642626876804,186.80397033691406,-0.006304200489664069,504.3999938964844,-0.01477805538880872,311.3399963378906,-0.0026751716708439677,260.9700012207031,0.006435435835441261,204.18038940429688,77.55483870967743,1476.4384835164835,2.524,96.64877419354838,1.88,6.801428571428572,12.78
2024-03-28,169.77703857421875,65672700,-0.01108011606157111,0.029566239470640854,0.011779796500393402,0.22991418331789282,5.33,312.9355161290323,3.9,13.01,121.0635,4.2,77.48387096774194,83.96,102.70481872558594,509.33026123046875,-0.002156059831234791,-0.00019133851173380734,58.0,26.64516129032258,29.516129032258064,0.023069361076293537,191.11341857910156,0.0003965349116801242,504.6000061035156,-0.00019270752007283232,311.2799987792969,-0.0021074751519184476,260.4200134277344,-0.008509647066630821,202.44288635253906,77.48387096774194,1476.8551868131867,2.526,96.6318193548387,1.88,6.79,13.01
2024-04-01,168.34144592285156,46240500,-0.009292426642374618,0.015644248657933346,0.0017643446477089153,0.27650394178976967,5.33,313.023,3.9,13.65,121.5151,4.33,77.2,84.54,102.99085235595703,508.44427490234375,0.0027850069151607038,-0.0017395124451953237,58.0,26.0,29.0,-0.005915219944671368,189.98294067382812,-0.004974256312454517,502.0899963378906,0.0027306801170938755,312.1300048828125,-0.0037631938245793473,259.44000244140625,0.01192857897128552,204.8577423095703,77.2,1478.522,2.583,96.564,1.98,6.807142857142857,13.65
2024-04-02,167.1632537841797,49329500,0.004916016679185731,0.003198295313527,0.0027245481625137735,0.3063773942829582,5.33,313.0280666666667,3.9,14.61,121.3035,4.36,76.93,85.95,101.99964141845703,505.2115173339844,-0.009624261910894494,-0.00635813544951469,58.0,26.2,29.066666666666666,-0.008849526959159526,188.3016815185547,-0.0057360331889073635,499.2099914550781,-0.018485949575454352,306.3599853515625,-0.04135829334939356,248.7100067138672,-0.01236298799371971,202.32508850097656,76.93,1478.9308021978022,2.693,96.58202,2.0,6.811428571428571,14.61
2024-04-03,167.9652099609375,47691700,-0.011022761380872104,-0.009725949892839258,0.019923475858139472,0.3076953475036901,5.33,313.03313333333335,3.9,14.33,121.0198,4.36,76.66,86.22,102.27086639404297,505.7664794921875,0.0026590777360993023,0.0010984748747053796,58.0,26.4,29.133333333333333,0.0024630204563997893,188.76547241210938,-0.004406926397928612,497.010009765625,0.013774648852592497,310.5799865722656,-0.009368347747001904,246.3800048828125,0.006161885858048111,203.57179260253906,76.66,1479.3396043956043,2.725,96.60003999999999,2.0,6.815714285714286,14.33
2024-04-04,167.14346313476562,53704400,0.03684381673984305,-0.010543811098023936,0.08624570176468427,0.34253619299914173,5.33,313.0382,3.9,16.35,120.7613,4.31,76.39,87.37,100.65338134765625,499.5930480957031,-0.015815697113141236,-0.012206090452421381,58.0,26.6,29.2,-0.01745502805204524,185.47056579589844,-0.019919165046054177,487.1099853515625,-0.013201029567896927,306.4800109863281,-0.006372300077538751,244.80999755859375,-0.019240131438652663,199.65504455566406,76.39,1479.7484065934066,2.744,96.61806,1.97,6.82,16.35
2024-04-05,167.89588928222656,42104800,0.04110176789077746,-0.027007899956603687,0.07152993781368644,0.34525904905152816,5.33,313.0432666666667,3.9,16.03,120.9646,4.39,76.12,87.69,101.80732727050781,504.8122253417969,0.01146455198425822,0.010446857229074125,58.0,26.8,29.266666666666666,0.014639244314211819,188.1857147216797,-0.004085299612445303,485.1199951171875,0.005024725829223753,308.0199890136719,-0.00028590362373959177,244.74000549316406,0.021928309118976808,204.03314208984375,76.12,1480.1572087912086,2.724,96.63607999999999,2.02,6.828571428571429,16.03
2024-04-08,166.7771453857422,37425500,0.0251705709847303,-0.015494367884374527,0.08281397087825182,0.35939537271451627,5.33,313.0584666666667,3.9,15.19,120.7359,4.42,75.31,87.24,101.68896484375,505.0945739746094,-0.0011626120627183933,0.0005593141739412832,58.0,27.4,29.466666666666665,0.009909641165013472,190.05056762695312,-0.0017315228115627468,484.2799987792969,0.009966909401073032,311.0899963378906,0.004698839056439086,245.88999938964844,0.005725229659823139,205.20127868652344,75.31,1481.3836153846153,2.717,96.69014,2.04,6.854285714285714,15.19
2024-04-09,167.9850311279297,42373800,-0.0017093183282470559,-0.016325997470993725,0.07703186836813702,0.3749983536297854,5.33,313.06353333333334,3.9,14.98,120.7048,4.36,75.04,86.04,102.20182800292969,505.6788635253906,0.005043449502782682,0.001156792372928317,58.0,27.6,29.533333333333335,0.03777504477262994,197.229736328125,0.01707687501965327,492.54998779296875,0.0010286647850648034,311.4100036621094,0.008296365412161943,247.92999267578125,0.006553802400359077,206.54612731933594,75.04,1481.7924175824176,2.668,96.70815999999999,2.0,6.862857142857143,14.98
2024-04-10,166.11376953125,49709300,0.001311265252012861,0.007390851290854483,0.10007181416280386,0.3581993622887645,5.33,313.0686,3.9,15.8,121.5727,4.55,74.77,86.98,100.94927215576172,500.61541748046875,-0.012255708842429547,-0.010013165291547943,58.0,27.8,29.6,-0.03816373461508471,189.7027130126953,-0.010821209429216272,487.2200012207031,-0.021900411817273202,304.5899963378906,-0.03597789066452328,239.00999450683594,-0.005512918057473559,205.40745544433594,74.77,1482.2012197802196,2.681,96.72618,2.15,6.871428571428571,15.8
2024-04-11,173.30166625976562,91070300,-0.045703728057006954,-0.029421708901027355,0.04717958127749622,0.31885693486364697,5.33,313.07366666666667,3.9,14.91,121.6081,4.56,74.5,85.79,102.9661865234375,504.3935546875,0.019979483998297187,0.007546985320680211,58.0,28.0,29.666666666666668,0.011765910518817924,191.9347381591797,-0.006034240043594763,484.2799987792969,0.018089923608366254,310.1000061035156,0.008577059950935162,241.05999755859375,0.017825466737455775,209.06893920898438,74.5,1482.610021978022,2.635,96.74419999999999,2.16,6.88,14.91
2024-04-12,174.7967071533203,101670900,-0.06542075899589339,-0.041064898476073974,0.05654282226746221,0.3294699120778646,5.33,313.07873333333333,3.9,17.31,122.2885,4.5,74.23,86.46,101.29939270019531,497.431396484375,-0.016187778527301133,-0.013803027692212422,58.0,28.2,29.733333333333334,-0.03206810595903287,185.77975463867188,-0.021041551307284467,474.0899963378906,-0.013705256099160734,305.8500061035156,-0.016925254593777916,236.97999572753906,-0.024039775960983056,204.04296875,74.23,1483.0188241758242,2.672,96.76222,2.11,6.911428571428571,17.31
2024-04-15,170.9750213623047,73531800,-0.039666510159420576,0.004690487361065587,0.08682734049803931,0.3616220552593441,5.33,313.0939333333333,3.9,19.23,122.425,4.63,73.42,86.21,99.37617492675781,491.1994934082031,-0.018985481770156687,-0.012528165934471036,58.0,28.8,29.933333333333334,-0.010297930344332684,183.86660766601562,-0.008416102987187424,470.1000061035156,-0.014026511228742322,301.55999755859375,-0.0310574763399587,229.6199951171875,-0.010487759643916905,201.90301513671875,73.42,1484.2452307692306,2.69,96.81627999999999,2.2,7.005714285714285,19.23
2024-04-16,167.69789123535156,73711200,-0.014641706479989636,0.005608699129564743,0.12160425118666551,0.3531140195276741,5.33,313.09900000000005,3.9,18.4,123.1234,4.67,73.14999999999999,86.15,99.4945297241211,490.3036193847656,0.0011909775904588304,-0.001823849648584619,58.0,29.0,30.0,0.004939716422119211,184.7748565673828,0.01301849614492423,476.2200012207031,-0.002487067270433574,300.80999755859375,-0.006009884388853637,228.24000549316406,0.018475102169632773,205.63319396972656,73.14999999999999,1484.654032967033,2.684,96.8343,2.24,7.0371428571428565,18.4
2024-04-17,166.3315887451172,50901200,0.006071624528574127,0.007738213677332961,0.13153256940123237,0.336214797810821,5.33,313.1040666666667,3.9,18.21,123.0207,4.59,72.88,83.58,98.05952453613281,487.4018859863281,-0.014422955633513479,-0.005918237768831047,58.0,29.2,30.066666666666666,-0.009412683777609177,183.03562927246094,-0.0037167464809013673,474.45001220703125,-0.023602959213922525,293.7099914550781,-0.05835965213652128,214.9199981689453,-0.04578003420355481,196.21929931640625,72.88,1485.0628351648352,2.609,96.85232,2.2,7.0685714285714285,18.21
2024-04-18,165.38113403320312,43122900,0.017061807359708858,0.0358597537020624,0.13821546650073846,0.3446732724277657,5.33,313.1091333333334,3.9,18.0,123.0017,4.64,72.61,83.5,96.94010925292969,486.3989562988281,-0.011415671129331728,-0.002057705799538345,58.0,29.4,30.133333333333333,-0.009766225000985784,181.24806213378906,-0.0026768247414351576,473.17999267578125,-0.026590847386232852,285.8999938964844,-0.019960884620706665,210.6300048828125,-0.027865236307555774,190.75160217285156,72.61,1485.4716373626372,2.49,96.87034,2.24,7.1,18.0
2024-04-19,163.3613739013672,68149400,0.02606077628436476,0.11139410787413584,0.1593886485315641,0.35917454531087145,5.33,313.11420000000004,3.9,18.71,123.1075,4.62,72.34,83.79,94.94291687011719,482.15350341796875,-0.020602332700095927,-0.008728334684688588,58.0,29.6,30.2,-0.02249712563434092,177.17050170898438,-0.0172450310419201,465.0199890136719,-0.019762133672972637,280.25,0.02786875080050133,216.5,-0.02341498510090756,186.28515625,72.34,1485.8804395604395,2.496,96.88836,2.21,7.109999999999999,18.71
2024-04-22,164.1930389404297,48116400,0.04618916031747422,0.09569487819169176,0.16142615320492304,0.35863010783365734,5.33,313.12940000000003,3.9,16.94,123.0609,4.62,71.53,83.82,95.79109191894531,486.59368896484375,0.008933526341816878,0.009209070379865958,58.0,30.2,30.4,0.016088817493273178,180.02096557617188,0.004021387636974572,466.8900146484375,0.017020478193298327,285.0199890136719,0.0029099532693417363,217.1300048828125,-0.001633385712638158,185.9808807373047,71.53,1487.1068461538462,2.525,96.94242,2.21,7.14,16.94
2024-04-23,165.2425079345703,49537800,0.020551311885967483,0.09287026264683163,0.14535013375246653,0.31118296944050017,5.33,313.1344666666667,3.9,15.69,122.7227,4.61,71.25999999999999,84.17,97.21131896972656,492.367919921875,0.01482629566414162,0.011866637582815809,58.0,30.4,30.466666666666665,0.019429804776360138,183.51873779296875,0.012872366209357278,472.8999938964844,-0.011437721471143858,281.760009765625,0.0036843723805031203,217.92999267578125,0.019951358840501587,189.6914520263672,71.25999999999999,1487.5156483516482,2.519,96.96044,2.2,7.1499999999999995,15.69
2024-04-24,167.34149169921875,48251800,0.0016565313126088999,0.08117377284284366,0.10716746367156715,0.288516017117703,5.33,313.13953333333336,3.9,15.97,122.89,4.65,70.99,84.09,97.6551284790039,492.13421630859375,0.004565409810102006,-0.0004746523967652516,58.0,30.6,30.533333333333335,0.03459175973161899,189.86697387695312,0.00892366520441712,477.1199951171875,-0.014551412412734166,277.6600036621094,-0.013444650916591638,215.0,0.014593111323633723,192.4596405029297,70.99,1487.9244505494505,2.495,96.97846,2.24,7.16,15.97
2024-04-25,168.2028350830078,50558300,0.018482599785310194,0.08640901156917846,0.11976967781365011,0.2846878274018738,5.33,313.1446,3.9,15.37,122.8384,4.7,70.72,84.92,97.44309997558594,490.2646179199219,-0.0021711968098383494,-0.0037989603785231196,58.0,30.8,30.6,0.0073282251833584056,191.25836181640625,-0.0077129290607017564,473.44000244140625,-0.002088947209514469,277.0799865722656,0.006511599518532085,216.39999389648438,0.007344782599905564,193.8732147216797,70.72,1488.3332527472528,2.498,96.99648,2.28,7.17,15.37
2024-04-26,167.6186981201172,44838400,0.0831659620581009,0.08268330648019284,0.12373115155776593,0.29082101425217655,5.33,313.1496666666667,3.9,15.03,122.9471,4.67,70.44999999999999,85.38,98.54278564453125,494.9093933105469,0.011285413428152813,0.009474017134525559,58.0,31.0,30.666666666666668,0.020359640117348254,195.15231323242188,0.008702253920120251,477.55999755859375,0.019236384250558736,282.4100036621094,0.007070234854205992,217.92999267578125,0.029772129383129897,199.64523315429688,70.44999999999999,1488.7420549450549,2.494,97.0145,2.24,7.177142857142857,15.03
2024-04-29,171.7769775390625,68169400,0.047320044741425704,0.07511617065698695,0.09825987406169845,0.2628056874765936,5.33,313.1648666666667,3.9,14.67,122.5449,4.63,69.64,84.26,98.96687316894531,496.6620788574219,0.004303587742524817,0.003541427118913587,58.0,31.6,30.866666666666667,0.009555806004017953,197.01715087890625,-0.009401939562209916,473.07000732421875,0.0002832285373337573,282.489990234375,-0.005276895953441496,216.77999877929688,0.009243691698607837,201.49069213867188,69.64,1489.9684615384615,2.498,97.06856,2.22,7.198571428571428,14.67
2024-04-30,168.63845825195312,65934800,0.07086263073555754,0.10188583129220441,0.1245784205235485,0.3055905370031733,5.33,313.16993333333335,3.9,15.65,122.9853,4.69,69.36999999999999,83.49,96.78722381591797,488.7943420410156,-0.022024029690283164,-0.015841227166982663,58.0,31.8,30.933333333333334,-0.01613511325682815,193.8382568359375,-0.02164588875518192,462.8299865722656,-0.024283994437717782,275.6300048828125,-0.018128945003742514,212.85000610351562,-0.03220298474186922,195.00209045410156,69.36999999999999,1490.3772637362638,2.47,97.08658,2.28,7.2057142857142855,15.65
2024-05-01,167.6186981201172,50383100,0.07938573657182912,0.12213416423161672,0.1370983988342711,0.2915307965118803,5.33,313.175,3.9,15.39,123.0168,4.63,69.1,80.7,95.7960433959961,487.2071838378906,-0.010240818786237949,-0.0032470879194256286,58.0,32.0,31.0,-0.03349784592829752,187.3450927734375,0.014173731751383922,469.3900146484375,-0.00391835820016373,274.54998779296875,-0.010054025502858943,210.7100067138672,-0.02345845432314808,190.42764282226562,69.1,1490.7860659340658,2.402,97.1046,2.25,7.212857142857143,15.39
2024-05-02,171.31166076660156,94214900,0.06669373811411883,0.09863863991005317,0.12288715116600657,0.272370084441361,5.33,313.1707741935484,3.9064516129032256,14.68,122.4384,4.58,69.07096774193548,80.59,97.17681121826172,491.76422119140625,0.014413620576769315,0.009353387028529392,58.096774193548384,32.193548387096776,31.161290322580644,0.013409597512528348,189.85731506347656,0.015296432501144874,476.57000732421875,0.006884045647318482,276.44000244140625,-0.00360689925209412,209.9499969482422,0.020207268251117405,194.27566528320312,69.07096774193548,1491.1948681318681,2.395,97.09885161290323,2.21,7.22,14.68
2024-05-03,181.55886840820312,163224100,-0.00044559706897639995,0.03679520738585129,0.06125858732450307,0.1427300695323046,5.33,313.1665483870968,3.9129032258064513,13.49,122.1375,4.5,69.04193548387096,79.65,99.88409423828125,497.8597717285156,0.02785935230925518,0.012395270486213139,58.193548387096776,32.38709677419355,31.322580645161292,0.015980403920791142,192.8913116455078,0.020164897504816537,486.17999267578125,0.018774426260925514,281.6300048828125,0.02495834993727497,215.19000244140625,0.031226314694020152,200.34217834472656,69.04193548387096,1491.6036703296702,2.386,97.09310322580646,2.15,7.201428571428571,13.49
2024-05-06,179.9054718017578,78569700,0.02654024054549997,0.052771328258816474,0.07938815728372983,0.14199020634361248,5.33,313.15387096774197,3.932258064516129,13.49,121.8913,4.49,68.95483870967742,80.1,101.05775451660156,503.0010681152344,0.011750221967478103,0.010326796175695652,58.483870967741936,32.96774193548387,31.806451612903224,0.01848421743764983,196.45675659179688,0.015241276427948147,493.5899963378906,0.012640689901188162,285.19000244140625,0.00701702908919799,216.6999969482422,0.0233721069718289,205.02459716796875,68.95483870967742,1492.8300769230768,2.427,97.07585806451614,2.14,7.145714285714286,13.49
2024-05-07,180.588623046875,77305800,0.028970289620936285,0.05598063921286056,0.06767403550942208,0.15188918413229313,5.33,313.1496451612903,3.9387096774193546,13.23,122.093,4.47,68.9258064516129,79.97,100.72736358642578,503.5561828613281,-0.0032693278388795655,0.0011036055016220292,58.58064516129032,33.16129032258065,31.967741935483872,0.0012295155180703787,196.69830322265625,-0.002674299183557882,492.2699890136719,-0.004032378016899929,284.0400085449219,-0.009598531889003614,214.6199951171875,-0.00737335310436682,203.51287841796875,68.9258064516129,1493.2388791208791,2.43,97.07010967741935,2.15,7.127142857142857,13.23
2024-05-08,180.92523193359375,45057100,0.03960440295937051,0.04607039350884312,0.07889372086770519,0.16887006924786774,5.33,313.14541935483874,3.9451612903225803,13.0,122.1926,4.48,68.89677419354838,80.57,101.01338195800781,503.60479736328125,0.0028395300085126696,9.654235933886923e-05,58.67741935483871,33.354838709677416,32.12903225806452,0.006336912624642865,197.94476318359375,-0.008470926530604439,488.1000061035156,-0.005175331560626439,282.57000732421875,-0.0031217882032821276,213.9499969482422,0.0001929158712854484,203.55213928222656,68.89677419354838,1493.6476813186812,2.435,97.06436129032258,2.17,7.1085714285714285,13.0
2024-05-09,182.73707580566406,48983000,0.02994758537948483,0.013888692892709109,0.0477428045441759,0.17317700102798494,5.33,313.1411935483871,3.9516129032258065,12.69,122.1634,4.45,68.86774193548386,80.86,100.98377990722656,506.5064697265625,-0.00029305078403929485,0.005761804451573038,58.774193548387096,33.54838709677419,32.29032258064516,-0.0003417226645765492,197.8771209716797,-0.011165769594101205,482.6499938964844,0.009590513447411686,285.2799987792969,0.021874307087288658,218.6300048828125,-0.004967169023252116,202.5410614013672,68.86774193548386,1494.0564835164835,2.426,97.05861290322581,2.13,7.09,12.69
2024-05-10,181.47796630859375,50759500,0.03725740624584861,0.037858414877570246,0.13165788584199234,0.18973929947348678,5.33,313.1369677419355,3.958064516129032,12.55,122.014,4.5,68.83870967741935,79.81,101.35855865478516,507.1590270996094,0.0037112766812936737,0.0012883495316440285,58.87096774193548,33.74193548387097,32.45161290322581,0.011719395515525699,200.1961212158203,-0.0007458517686000921,482.2900085449219,0.007711764639810159,287.4800109863281,-0.003933589128411352,217.77000427246094,0.0164784113826022,205.8786163330078,68.83870967741935,1494.4652857142858,2.361,97.05286451612903,2.16,7.08,12.55
2024-05-13,184.68020629882812,72044800,0.02555290740417293,0.019916299835365914,0.14381590921146326,0.18921050809529572,5.33,313.12429032258063,3.9774193548387093,13.6,122.0261,4.48,68.7516129032258,80.71,101.83689880371094,507.2270202636719,0.004719287204496991,0.00013406675308802463,59.16129032258065,34.32258064516129,32.935483870967744,0.005743650578240889,201.34597778320312,0.0017001737380264448,483.1099853515625,-0.010505146152208877,284.4599914550781,-0.005143088368475546,216.64999389648438,-0.014780920989877266,202.83554077148438,68.7516129032258,1495.6916923076922,2.368,97.03561935483872,2.15,7.05,13.6
2024-05-14,185.82032775878906,52393600,0.026249882882308118,0.015259008495785098,0.1430401790256317,0.18431758589992486,5.33,313.12006451612905,3.9838709677419355,13.42,121.9256,4.45,68.72258064516129,79.62,102.73934173583984,509.5543518066406,0.008861649782446301,0.004588342990400784,59.25806451612903,34.516129032258064,33.096774193548384,0.01708397086562674,204.7857666015625,-0.014820586122476609,475.95001220703125,-0.003972456291769788,283.3299865722656,-0.0037848700139889724,215.8300018310547,0.015438316170203414,205.96697998046875,68.72258064516129,1496.1004945054945,2.342,97.02987096774194,2.12,7.04,13.42
2024-05-15,188.09066772460938,70400000,0.006219664452234319,0.008275281887867969,0.12001904806716479,0.18585348401966129,5.33,313.1158387096774,3.990322580645161,12.45,121.3543,4.36,68.69354838709677,80.23,105.05215454101562,515.8641357421875,0.02251146217310218,0.01238294582938071,59.354838709677416,34.70967741935484,33.25806451612903,0.017976892653514875,208.46717834472656,0.019749960406336697,485.3500061035156,0.03448282918955381,293.1000061035156,0.020432764790325075,220.24000549316406,0.036555103579337445,213.49612426757812,68.69354838709677,1496.5092967032967,2.345,97.02412258064517,2.05,7.029999999999999,12.45
2024-05-16,188.20960998535156,52845200,-0.015591951197068687,0.012695118288087004,0.1413296277394187,0.1921180460829195,5.33,313.1116129032258,3.996774193548387,12.42,121.2236,4.38,68.66451612903225,80.85,104.68721771240234,514.8026123046875,-0.003473863341572847,-0.0020577577775837685,59.45161290322581,34.903225806451616,33.41935483870968,-0.007555058316416119,206.89219665527344,-0.005089113401960721,482.8800048828125,-0.014227271719201684,288.92999267578125,0.0008626370226960667,220.42999267578125,-0.015908737777202253,210.09967041015625,68.66451612903225,1496.9180989010988,2.378,97.0183741935484,2.07,7.02,12.42
2024-05-17,188.23936462402344,41282900,0.0005794209114369231,0.021909859842231816,0.12861441962054743,0.19108585083802443,5.33,313.1073870967742,4.003225806451613,11.99,121.2354,4.42,68.63548387096775,81.66,104.45545196533203,515.5427856445312,-0.0022138877327604334,0.0014377808545495974,59.54838709677419,35.096774193548384,33.58064516129032,-0.00018688849608383684,206.85353088378906,0.00113897404615515,483.42999267578125,-0.0004153086222590252,288.80999755859375,0.0035386021140653146,221.2100067138672,-0.009110840424335853,208.18548583984375,68.63548387096775,1497.326901098901,2.453,97.01262580645161,2.1,7.008571428571428,11.99
2024-05-20,189.39932250976562,44361300,-0.005496164584111063,0.017326279998652883,0.097571201357602,0.18704039178652065,5.33,313.09470967741936,4.02258064516129,12.15,121.2289,4.44,68.54838709677419,81.39,105.683349609375,516.13671875,0.011755227907591648,0.0011520539555727183,59.83870967741935,35.67741935483871,34.064516129032256,0.015881926355856946,210.13876342773438,0.002606395516858262,484.69000244140625,0.012672704175924032,292.4700012207031,0.0008588543775189805,221.39999389648438,0.037108488025632935,215.9109344482422,68.54838709677419,1498.5533076923077,2.446,96.99538064516129,2.11,6.974285714285714,12.15
2024-05-21,190.69808959960938,42309400,-0.010709744838804935,0.018299848210735048,0.07871061540665036,0.17838351234117944,5.33,313.0904838709677,4.0290322580645155,11.86,121.3793,4.41,68.51935483870967,80.66,105.85594940185547,517.402587890625,0.001633178671176072,0.002452584934648172,59.935483870967744,35.87096774193548,34.225806451612904,-0.0038623537884411308,209.32713317871094,-0.005859407711290565,481.8500061035156,-0.008103378491112534,290.1000061035156,-0.005058695339039465,220.27999877929688,-0.0006820524102613135,215.763671875,68.51935483870967,1498.9621098901098,2.424,96.98963225806452,2.09,6.962857142857143,11.86
2024-05-22,189.26052856445312,34648500,0.002042911213380849,0.01875327834078755,0.09030926897495184,0.17752696080051744,5.33,313.08625806451613,4.035483870967742,12.29,121.5462,4.43,68.49032258064516,79.15,106.0926513671875,515.912841796875,0.0022360761645379146,-0.0028792783967770408,60.03225806451613,36.064516129032256,34.38709677419355,0.10856726442313547,232.05320739746094,0.0043166681455200084,483.92999267578125,0.009444985097302183,292.8399963378906,-0.001452660555669838,219.9600067138672,-0.005697267269238027,214.53440856933594,68.49032258064516,1499.370912087912,2.338,96.98388387096774,2.1,6.951428571428572,12.29
2024-05-23,185.27505493164062,51005900,0.028735105853262333,0.05356383109268803,0.11873940985585296,0.21523208423919704,5.33,313.0820322580645,4.041935483870968,12.77,121.7477,4.47,68.46129032258065,77.47,105.22966003417969,512.1444091796875,-0.008134317710856265,-0.007304397781730754,60.12903225806452,36.25806451612903,34.54838709677419,-0.023317908612788485,226.6422119140625,-0.0012811669592110997,483.30999755859375,0.006317463893767528,294.69000244140625,-0.021822162689792313,215.16000366210938,-0.000916803007625977,214.3377227783203,68.46129032258065,1499.7797142857141,2.333,96.97813548387097,2.17,6.94,12.77
2024-05-24,188.3484344482422,36327000,0.021318086785519608,0.016527994297937054,0.1224866839933203,0.1971942065861969,5.33,313.0778064516129,4.048387096774193,11.93,121.6172,4.46,68.43225806451613,78.48,106.1173095703125,515.532958984375,0.008435354973535869,0.006616395188449031,60.225806451612904,36.45161290322581,34.70967741935484,-0.008739786055875776,224.66140747070312,-0.01630424556209842,475.42999267578125,-0.0013913049601704808,294.2799987792969,-0.0012548999250109327,214.88999938964844,0.013489300117884184,217.22898864746094,68.43225806451613,1500.1885164835164,2.336,96.9723870967742,2.14,6.952857142857143,11.93
2024-05-28,188.3583526611328,52280100,0.022948573720904752,0.090320491649029,0.12690148200948248,0.20161025539576993,5.33,313.06090322580644,4.074193548387097,12.92,121.43,4.54,68.31612903225806,80.9,106.56607055664062,515.893310546875,0.004228914096533698,0.0006989884084422915,60.61290322580645,37.225806451612904,35.354838709677416,0.003999888612760127,225.56002807617188,0.006310077290487381,478.42999267578125,0.006558354912963971,296.2099914550781,-0.020661745330248893,210.4499969482422,0.0019467110845154956,217.65187072753906,68.31612903225806,1501.8237252747251,2.401,96.94939354838709,2.2,7.0042857142857144,12.92
2024-05-29,188.65576171875,53068000,0.029323641770648168,0.11971220044672548,0.10683705518328424,0.1916137215393654,5.33,313.0566774193548,4.080645161290322,14.28,122.1641,4.61,68.28709677419356,80.24,105.89047241210938,512.28076171875,-0.0063397115142025395,-0.007002511477218976,60.70967741935484,37.41935483870968,35.516129032258064,-0.022661152505205173,220.44857788085938,-0.0017348130028881359,477.6000061035156,-0.015225614861579806,291.70001220703125,-0.00921835338340904,208.50999450683594,-0.010256566288089797,215.4195098876953,68.28709677419356,1502.2325274725274,2.353,96.94364516129032,2.25,7.017142857142858,14.28
2024-05-30,189.6471710205078,49889100,0.016676298929326316,0.11997505454505086,0.13309636062998287,0.20265567234333193,5.33,313.0524516129032,4.087096774193548,14.47,121.9601,4.55,68.25806451612904,78.96,103.47411346435547,508.8824157714844,-0.022819417958112487,-0.00663375672329336,60.806451612903224,37.61290322580645,35.67741935483871,0.008108840685862928,222.2361602783203,-0.06643637056288254,445.8699951171875,-0.011827261099264685,288.25,-0.041149115424169214,199.92999267578125,-0.011458638578870972,212.9510955810547,68.25806451612904,1502.6413296703297,2.294,96.93789677419355,2.19,7.03,14.47
2024-05-31,190.5989532470703,75158300,0.024135197776527617,0.1052795780161111,0.14574761391977464,0.19253615356158194,5.33,313.04822580645157,4.0935483870967735,12.92,122.098,4.51,68.22903225806452,77.97,103.63684844970703,513.5173950195312,0.0015727120523494342,0.009108153680295716,60.903225806451616,37.806451612903224,35.83870967741935,0.019521617986896667,226.57456970214844,-0.0024894820546754737,444.760009765625,-0.006730277333586332,286.30999755859375,0.008352990991414622,201.60000610351562,-0.006742422575926832,211.51528930664062,68.22903225806452,1503.0501318681318,2.291,96.93214838709677,2.16,7.024285714285715,12.92
2024-06-03,192.36366271972656,50080500,-0.004690108350728139,0.11668285509066778,0.1418337564533907,0.1494503934203475,5.33,313.079,4.1066666666666665,13.11,122.3509,4.41,68.08,75.26,103.89820861816406,513.9361572265625,0.0025218845648693478,0.0008154781339302364,60.8,37.6,35.733333333333334,-0.009723215849694378,224.3715362548828,-0.01290588323122388,439.0199890136719,-0.0005588476248602481,286.1499938964844,0.045734131654584065,210.82000732421875,-0.00404490997099527,210.65972900390625,68.08,1504.2765384615384,2.21,96.87572666666667,2.08,7.007142857142857,13.11
2024-06-04,192.680908203125,47471400,0.06586051308822238,0.10259840082815841,0.16459980791185225,0.13766739607790468,5.33,313.0965,4.109999999999999,13.16,122.7256,4.33,68.02,74.27,104.11518859863281,514.5106811523438,0.0020883900055117532,0.001117889678908135,60.7,37.4,35.6,-0.0028534971100172557,223.73129272460938,0.021297449632126986,448.3699951171875,0.0034248156813962982,287.1300048828125,0.0055971569812467425,212.0,-0.009289938805411846,208.7027130126953,68.02,1504.6853406593407,2.224,96.85039,2.02,7.001428571428572,13.16
2024-06-05,194.18783569335938,54156800,0.08781354571880873,0.07050599333945917,0.16311850095558067,0.13665918766295992,5.33,313.114,4.113333333333333,12.63,122.5339,4.29,67.96000000000001,75.08,106.427978515625,520.6255493164062,0.022213761009530097,0.01188482258593182,60.6,37.2,35.46666666666667,0.021896539283260408,228.63023376464844,0.016571119291422187,455.79998779296875,0.03235471175753113,296.4200134277344,0.020188673487249398,216.27999877929688,0.05253978035964213,219.66790771484375,67.96000000000001,1505.0941428571427,2.242,96.82505333333333,1.99,6.9957142857142856,12.63
2024-06-06,192.80978393554688,41181800,0.10160437075646356,0.06689634410685286,0.17585360599595656,0.13675241069510857,5.33,313.13149999999996,4.116666666666666,12.58,122.3713,4.28,67.9,76.52,106.07292175292969,520.6159057617188,-0.003336122396078278,-1.8523014669868942e-05,60.5,37.0,35.333333333333336,0.0073405358730673775,230.30850219726562,0.005111928811420086,458.1300048828125,-0.002294120378363629,295.739990234375,-0.0018957077141829037,215.8699951171875,-0.0072525610308752375,218.0747528076172,67.9,1505.502945054945,2.298,96.79971666666667,2.0,6.99,12.58
2024-06-07,195.1990966796875,53103900,0.0792320978868355,0.05713864487568099,0.18330025683662576,0.12329580737815893,5.33,313.149,4.12,12.22,123.549,4.43,67.84,76.53,106.31949615478516,519.9830322265625,0.0023245744321986894,-0.0012156246633115986,60.4,36.8,35.2,-0.011120086278210706,227.74745178222656,0.01593431496554354,465.42999267578125,-0.004463301718494517,294.4200134277344,0.0008338719536848949,216.0500030517578,-9.012194240498594e-05,218.0550994873047,67.84,1505.9117472527473,2.293,96.77438000000001,2.13,6.984285714285715,12.22
2024-06-10,191.46145629882812,97010200,0.12194489822689847,0.08259129342318206,0.1783866069241189,0.14107697572559186,5.33,313.2015,4.13,12.74,123.9125,4.47,67.66,78.75,106.59070587158203,521.5895385742188,0.002550893548272981,0.003089536096547718,60.1,36.2,34.8,0.002555599395055008,228.32948303222656,-0.011795523109313977,459.94000244140625,0.005977784008487141,296.17999267578125,0.009951371747813909,218.1999969482422,0.028999208492883177,224.37852478027344,67.66,1507.1381538461537,2.358,96.69837,2.16,6.967142857142857,12.74
2024-06-11,205.3709716796875,172373300,0.034467819464942595,0.02944738436007155,0.11291339034319448,0.07611749650350474,5.33,313.219,4.133333333333333,12.85,124.0349,4.39,67.60000000000001,78.88,108.57310485839844,522.8458251953125,0.018598234908067335,0.002408573271097225,60.0,36.0,34.666666666666664,0.003951335626556363,229.231689453125,0.005979040712707606,462.69000244140625,0.015699891996332704,300.8299865722656,-0.030705760962184803,211.5,0.007932949564807501,226.15850830078125,67.60000000000001,1507.546956043956,2.371,96.67303333333334,2.12,6.961428571428572,12.85
2024-06-12,211.2401580810547,198134300,-0.015910403439509335,0.004834065127184761,0.10010788195611986,0.04673509905311635,5.33,313.2365,4.136666666666667,12.04,123.8295,4.31,67.54,79.56,110.97465515136719,527.139892578125,0.02211920066300821,0.00821287495450207,59.9,35.8,34.53333333333333,0.009056223926520834,231.3076629638672,-0.006094809287727987,459.8699951171875,0.036133451184908516,311.70001220703125,0.054468105307143855,223.02000427246094,0.033395688594506145,233.7112274169922,67.54,1507.9557582417583,2.375,96.64769666666668,2.09,6.9557142857142855,12.04
2024-06-13,212.4001007080078,97862700,-0.03150679823989522,-0.01689694567895217,0.0960604971905954,0.039756885363660066,5.33,313.254,4.14,11.94,124.0235,4.24,67.48,79.61,111.85244750976562,528.2013549804688,0.007909845335416055,0.0020136256376885875,59.8,35.6,34.4,-0.01849517701686898,227.0295867919922,-0.002457226813687985,458.739990234375,-0.013346177411588611,307.5400085449219,0.0003587204265180777,223.10000610351562,-0.0004207227774440936,233.61289978027344,67.48,1508.3645604395604,2.429,96.62236,2.03,6.95,11.94
2024-06-14,210.66513061523438,70122700,-0.020471456561025336,0.020047877214140142,0.07713301680772688,0.01920260173908006,5.33,313.2715,4.1433333333333335,12.66,124.1694,4.2,67.42,79.41,112.2716064453125,528.522705078125,0.0037474274803890317,0.0006083855988368025,59.7,35.4,34.266666666666666,-0.01213520536292001,224.2745361328125,0.14511489894353313,525.3099975585938,0.014827331182595271,312.1000061035156,0.012415907386334357,225.8699951171875,-0.002189084232551708,233.10150146484375,67.42,1508.7733626373627,2.423,96.59702333333334,2.03,6.938571428571429,12.66
2024-06-17,214.8092041015625,93728300,-0.03507623669033144,0.016615171644076776,0.0346611131221668,0.0017120650650075397,5.33,313.324,4.153333333333333,12.75,124.239,4.28,67.24000000000001,81.33,113.97290802001953,532.7291259765625,0.01515344465598023,0.007958827233005561,59.4,34.8,33.86666666666667,0.005190618405590541,225.43865966796875,-0.012506914687999915,518.739990234375,0.03197686726555182,322.0799865722656,0.06481604332639579,240.50999450683594,0.024596080002408982,238.8348846435547,67.24000000000001,1509.9997692307693,2.434,96.52101333333334,2.06,6.904285714285715,12.75
2024-06-18,212.4496612548828,79943300,-0.004853157353379878,0.03387937787709783,0.04675897991402911,0.031058167286152738,5.33,313.3415,4.156666666666666,12.3,123.9776,4.22,67.18,82.67,114.11592864990234,534.0825805664062,0.001254865146177453,0.0025406055795478277,59.3,34.6,33.733333333333334,0.012866354576188455,228.3392333984375,0.006766414449826952,522.25,0.013723340822179964,326.5,0.015009773784053548,244.1199951171875,0.020464426818758596,243.72250366210938,67.18,1510.4085714285713,2.474,96.49567666666667,2.01,6.892857142857143,12.3
2024-06-20,207.87924194335938,86172500,0.021079857605647456,0.0794543340829652,0.06810386173261151,0.09278387594914528,5.33,313.3765,4.163333333333333,13.28,124.192,4.25,67.06,83.34,112.83377838134766,532.6318359375,-0.011235506591618871,-0.0027163301738238887,59.1,34.2,33.46666666666667,-0.02493852092026161,222.64479064941406,0.0013403776103997345,522.9500122070312,-0.024410417215017244,318.5299987792969,-0.002498773646373076,243.50999450683594,-0.031634427912102914,236.01248168945312,67.06,1511.2261758241757,2.489,96.44500333333333,2.0,6.87,13.28
2024-06-21,205.7080535888672,241805100,0.015085136926507703,0.09798065955591917,0.08443788324894586,0.10108511185471003,5.33,313.394,4.166666666666667,13.2,124.1086,4.25,67.0,81.71,112.63652801513672,531.9176635742188,-0.001748149969278523,-0.001340836794000877,59.0,34.0,33.333333333333336,0.006709912222044867,224.1387176513672,0.020059259947434738,533.4400024414062,-0.00043946922235216235,318.3900146484375,-0.004927916616615513,242.30999755859375,-0.019084244362013947,231.50836181640625,67.0,1511.634978021978,2.459,96.41966666666667,2.02,6.868571428571428,13.2
2024-06-24,206.35250854492188,80727000,0.04136615930854681,0.0986834195066697,0.049966214412551446,0.08932505580278738,5.33,313.4465,4.176666666666667,13.33,123.7125,4.25,66.82000000000001,82.63,109.87506866455078,530.1885986328125,-0.024516552482999443,-0.0032506251621496896,58.7,33.4,32.93333333333333,-0.011209630506315738,221.62620544433594,-0.01737781097934854,524.1699829101562,-0.029052418651425826,309.1400146484375,-0.012958604355105652,239.1699981689453,-0.023660880356168756,226.03067016601562,66.82000000000001,1512.8613846153846,2.491,96.34365666666667,2.03,6.864285714285715,13.33
2024-06-25,207.27450561523438,55549700,0.05357045841332364,0.11436348889004377,0.04027358185127694,0.08878924836398738,5.33,313.464,4.18,12.84,123.9417,4.23,66.76,81.97,111.89057922363281,532.2302856445312,0.01834365687848072,0.003850869326469164,58.6,33.2,32.8,0.008228926375753565,223.449951171875,0.005170120497191455,526.8800048828125,0.007731073357091445,311.5299987792969,0.014048587348226338,242.52999877929688,0.01927423114576743,230.38723754882812,66.76,1513.2701868131867,2.477,96.31832,2.01,6.862857142857143,12.84
2024-06-26,211.41860961914062,66213200,0.03892142704032242,0.06715116635740381,0.022086632557541952,0.06275270595928117,5.33,313.4815,4.183333333333334,12.55,124.26,4.32,66.7,82.19,111.76214599609375,532.8946533203125,-0.0011478466590325587,0.001248271084342223,58.5,33.0,32.666666666666664,-0.010853511768902702,221.0247344970703,0.0033783181089110936,528.6599731445312,-0.007061959412100971,309.3299865722656,0.0030924009556545506,243.27999877929688,-0.008964041704898507,228.32203674316406,66.7,1513.678989010989,2.475,96.29298333333334,2.06,6.861428571428572,12.55
2024-06-27,212.2613067626953,49772700,0.057169354622469415,0.07678647538735661,0.019336690303769943,0.06391104380588342,5.33,313.499,4.1866666666666665,12.24,124.3379,4.29,66.64,83.04,111.81649017333984,533.734619140625,0.00048624851251499734,0.0015762324036823205,58.4,32.8,32.53333333333333,-0.005091239763516664,219.89944458007812,0.034237577158400256,546.760009765625,-0.004558152153806283,307.9200134277344,0.0016441709079719757,243.67999267578125,0.0015506592691070242,228.67608642578125,66.64,1514.0877912087913,2.49,96.26764666666668,2.03,6.86,12.24
2024-06-28,208.81118774414062,82542700,0.08166361580310788,0.11290475094357544,0.03883774886460367,0.08277296094529274,5.33,313.5165,4.19,12.44,124.2103,4.36,66.58,82.83,111.7572021484375,531.6343994140625,-0.0005302261304253042,-0.003934951287109856,58.3,32.6,32.4,0.006970071464604599,221.43215942382812,0.016058175625321303,555.5399780273438,-0.0005521350361147315,307.75,0.015471127650093841,247.4499969482422,0.014879842653222397,232.07875061035156,66.58,1514.4965934065933,2.467,96.24231,2.08,6.875,12.44
2024-07-01,214.88851928710938,60402900,0.05504044824750287,0.0833680680460478,0.024590685435293524,0.07621558121340333,5.33,313.569,4.2,12.22,124.4667,4.48,66.4,84.7,112.60194396972656,532.728515625,0.007558723778419818,0.002058023732368186,58.0,32.0,32.0,-0.013493246657990454,218.44432067871094,0.008046282743059852,560.010009765625,0.010300612275335075,310.9200134277344,-0.006546757474910514,245.8300018310547,0.006017155184390166,233.47520446777344,66.4,1515.723,2.542,96.1663,2.16,6.92,12.22
2024-07-02,218.3782958984375,58046200,0.05770191256906965,0.03908846225869289,-0.008671123644809375,0.028155683066371173,5.33,313.58490322580644,4.2,12.03,124.2917,4.43,66.4483870967742,84.09,113.16510009765625,536.3135986328125,0.005001300226940009,0.006729662300142714,58.12903225806452,32.03225806451613,32.096774193548384,0.013589162366747454,221.4127960205078,0.013749776026778182,567.7100219726562,0.018847243980724127,316.7799987792969,0.00825773406084096,247.86000061035156,0.01453183122104651,236.86802673339844,66.4483870967742,1515.5756847826087,2.561,96.18107741935485,2.13,6.9350000000000005,12.03
2024-07-03,219.64732360839844,37369800,0.027172160071336826,0.01187087815765775,-0.007628098105101344,0.02479123200470834,5.33,313.6008064516129,4.2,12.09,123.7768,4.36,66.49677419354839,85.19,114.6915512084961,538.70703125,0.013488709058911086,0.004462748330993138,58.25806451612903,32.064516129032256,32.193548387096776,0.007798761573422297,223.13954162597656,0.004297973167582736,570.1500244140625,-0.004135354389929291,315.4700012207031,-0.006293865709482316,246.3000030517578,0.010171945123044424,239.27743530273438,66.49677419354839,1515.4283695652173,2.625,96.19585483870968,2.09,6.95,12.09
2024-07-05,224.39614868164062,60412400,0.018556270742347447,-0.008968772393031288,-0.07541738332299974,-0.0018059263597113295,5.33,313.63261290322583,4.2,12.48,123.4762,4.28,66.59354838709677,84.44,115.04230499267578,541.8133544921875,0.0030582355935011574,0.005766257097071348,58.516129032258064,32.12903225806452,32.38709677419355,0.003782223522093231,223.98350524902344,0.014364644550919792,578.3400268554688,0.017878036291994803,321.1099853515625,0.006374307941440671,247.8699951171875,-0.002959259846418205,238.56935119628906,66.59354838709677,1515.1337391304348,2.55,96.22540967741936,2.0,6.9350000000000005,12.48
2024-07-08,225.86346435546875,59085900,0.02888248683235206,-0.016943170833933485,-0.0903783954101921,-0.003324913857329692,5.33,313.68032258064517,4.2,12.37,123.3576,4.28,66.73870967741937,83.63,115.82775115966797,542.438720703125,0.006827455057008658,0.001154209666027084,58.903225806451616,32.225806451612904,32.67741935483871,0.010611225586949713,226.36024475097656,-0.005083518872784132,575.4000244140625,-0.01167824163391984,317.3599853515625,0.0003631403495898411,247.9600067138672,0.015252050847077037,242.20802307128906,66.73870967741937,1514.691793478261,2.508,96.26974193548388,2.01,6.9125,12.37
2024-07-09,226.71607971191406,48076100,0.026849795043971003,-0.016048590445660316,-0.08247318880352184,-0.02944461475972815,5.33,313.69622580645165,4.2,12.51,123.4071,4.3,66.78709677419356,82.78,115.73388671875,542.9661254882812,-0.0008103795504807998,0.0009722845457502682,59.03225806451613,32.25806451612903,32.774193548387096,-0.005699862046836701,225.0700225830078,-0.0163017109572845,566.02001953125,-0.006617014377572561,315.260009765625,-0.016131633697751058,243.9600067138672,0.0210321138991183,247.3021697998047,66.78709677419356,1514.5444782608695,2.467,96.28451935483871,2.04,6.904999999999999,12.51
2024-07-10,230.97914123535156,62627700,-0.017598011395447144,-0.06197953168991688,-0.08442776586728717,-0.029825104613069198,5.33,313.7121290322581,4.2,12.85,123.1895,4.28,66.83548387096775,83.39,117.41348266601562,548.3388671875,0.014512568400534942,0.009895169232495116,59.16129032258065,32.29032258064516,32.87096774193548,0.02724012553330679,231.20095825195312,-0.0025971373583193458,564.5499877929688,0.014400741885147283,319.79998779296875,0.01266599546176761,247.0500030517578,0.013918324546597916,250.74420166015625,66.83548387096775,1514.3971630434783,2.469,96.29929677419355,2.01,6.8975,12.85
2024-07-11,225.61561584472656,64710600,-0.014896511518201927,-0.04429402381788927,-0.04978680767445032,0.009824194530684283,5.33,313.72803225806456,4.2,12.92,122.769,4.2,66.88387096774194,83.92,114.47419738769531,543.61083984375,-0.02503362656127961,-0.008622455249252425,59.29032258064516,32.32258064516129,32.96774193548387,-0.019258927509568702,226.74827575683594,-0.012257520254688181,557.6300048828125,-0.017917388015847746,314.07000732421875,0.006962158265356511,248.77000427246094,-0.05377114707123054,237.2613983154297,66.88387096774194,1514.249847826087,2.47,96.3140741935484,1.95,6.89,12.92
2024-07-12,228.5601043701172,53046500,-0.027023586154270807,-0.05456757048157357,-0.05534052366276199,-0.00535646273445034,5.33,313.743935483871,4.2,12.46,122.4404,4.18,66.93225806451613,83.49,115.49678039550781,547.039794921875,0.008932868988364762,0.006307738600485946,59.41935483870968,32.354838709677416,33.064516129032256,0.020621089590129316,231.424072265625,0.0025464607315286436,559.0499877929688,0.005094425020546245,315.6700134277344,0.018812528019477748,253.4499969482422,0.008869930812352989,239.3658905029297,66.93225806451613,1514.1025326086956,2.442,96.32885161290322,1.94,6.872857142857143,12.46
2024-07-15,232.386962890625,62631300,-0.044539253270186596,-0.06894201282335477,-0.05492270635189955,-0.028099809109981888,5.33,313.7916451612903,4.2,13.12,122.6347,4.23,67.07741935483871,83.22,115.70426177978516,548.5441284179688,0.0017964256974682957,0.002749952581253323,59.806451612903224,32.45161290322581,33.354838709677416,-0.00352102460879844,230.60922241210938,0.011913128208767443,565.7100219726562,-0.00012674167079551601,315.6300048828125,-0.0011047495863811818,253.1699981689453,0.008833445963153164,241.48031616210938,67.07741935483871,1513.6605869565217,2.443,96.37318387096774,1.96,6.821428571428571,13.12
2024-07-16,232.80335998535156,43234300,-0.04177668992746342,-0.06822245079488432,-0.05469456284364138,-0.013850035141244388,5.33,313.8075483870968,4.2,13.19,122.7264,4.17,67.1258064516129,81.92,115.31893920898438,551.7970581054688,-0.003330236629780714,0.005930114860369873,59.935483870967744,32.483870967741936,33.45161290322581,0.023599162216144,236.05140686035156,0.0014671050935131102,566.5399780273438,-0.01235622037243378,311.7300109863281,0.002567480981058745,253.82000732421875,0.0011809306585370827,241.76548767089844,67.1258064516129,1513.5132717391305,2.402,96.38796129032258,1.91,6.804285714285714,13.19
2024-07-17,226.91436767578125,57345900,-0.045176537516491755,-0.02970985255926617,-0.017039000582339092,0.022897090052760083,5.33,313.8234516129032,4.2,14.48,122.518,4.16,67.17419354838711,84.16,110.83342742919922,544.0602416992188,-0.03889657510338684,-0.014021126594645938,60.064516129032256,32.516129032258064,33.54838709677419,-0.03172658584932708,228.5623016357422,-0.006089510547671373,563.0900268554688,-0.07573866819699981,288.1199951171875,-0.014340928781819362,250.17999267578125,-0.10482428965341128,216.42259216308594,67.17419354838711,1513.365956521739,2.424,96.40273870967742,1.9,6.7871428571428565,14.48
2024-07-18,222.25473022460938,66034600,-0.029842054812935004,-0.025961290117060054,0.009508649300829397,0.03509803795028943,5.33,313.8393548387097,4.2,15.93,122.7909,4.2,67.2225806451613,84.17,110.84330749511719,539.8792114257812,8.914337621002133e-05,-0.007684866404461421,60.193548387096776,32.54838709677419,33.645161290322584,0.014345827731902183,231.84121704101562,-0.011081800372807704,556.8499755859375,-0.03571431597705188,277.8299865722656,-0.02945877101666794,242.80999755859375,-0.010996532513092183,214.04269409179688,67.2225806451613,1513.2186413043478,2.411,96.41751612903226,1.89,6.77,15.93
2024-07-19,222.3835906982422,49151500,-0.02830899488964389,-0.01983850700944023,0.008209477463870796,0.03614966820320187,5.33,313.85525806451614,4.2,16.52,123.147,4.25,67.2709677419355,81.43,109.109375,536.2940063476562,-0.015643095955013564,-0.006640754083967693,60.32258064516129,32.58064516129032,33.74193548387097,-0.03251183069888497,224.3036346435547,-0.010505478750864494,551.0,0.007630658090300058,279.95001220703125,-0.0014826432765178144,242.4499969482422,-0.03395358631921774,206.77517700195312,67.2709677419355,1513.0713260869566,2.362,96.4322935483871,1.93,6.771428571428571,16.52
2024-07-22,222.03662109375,48201800,-0.025540305697214438,-0.06559207531485645,0.012556599396126522,0.05050905095540004,5.33,313.90296774193547,4.2,14.91,123.2172,4.26,67.41612903225807,81.25,111.6929931640625,541.8233032226562,0.02367915831304601,0.010310197036615065,60.70967741935484,32.67741935483871,34.03225806451613,0.038145402134685646,232.8597869873047,0.006932862657384353,554.8200073242188,0.02546874104067398,287.0799865722656,0.01159000863668247,245.25999450683594,0.06282712004190327,219.76626586914062,67.41612903225807,1512.6293804347827,2.371,96.47662580645161,1.96,6.775714285714286,14.91
2024-07-23,223.07760620117188,39960300,-0.027598745083146525,-0.07901877573511862,0.007342191113937746,0.05219193885693563,5.33,313.91887096774195,4.2,14.72,123.3843,4.25,67.46451612903226,78.24,111.2483901977539,540.973388671875,-0.003980580640860154,-0.0015686194110259288,60.83870967741935,32.70967741935484,34.12903225806452,-0.04049316482816412,223.43055725097656,-0.01587901921757029,546.010009765625,-0.014246887728835311,282.989990234375,0.003954991610652048,246.22999572753906,-0.01709413340728294,216.00955200195312,67.46451612903226,1512.4820652173912,2.364,96.49140322580645,1.96,6.777142857142858,14.72
2024-07-24,216.6631622314453,61777600,0.01619847601670421,-0.03990101721662931,0.02859836764468393,0.08050249460587211,5.33,313.9347741935484,4.2,18.04,123.5575,4.28,67.51290322580645,78.78,106.64432525634766,528.7135620117188,-0.041385452258878686,-0.022662531867334357,60.96774193548387,32.74193548387097,34.225806451612904,-0.024748160266398145,217.90106201171875,-0.027417137910543343,531.0399780273438,-0.05883598173452953,266.3399963378906,-0.027535226808025226,239.4499969482422,-0.05973127917672871,203.10702514648438,67.51290322580645,1512.33475,2.361,96.5061806451613,2.0,6.7785714285714285,18.04
2024-07-25,215.6221923828125,51391200,0.004000137003595583,-0.01921928331267897,0.044197671278555006,0.06224230444576673,5.33,313.95067741935486,4.2,18.46,123.5286,4.27,67.56129032258065,79.43,105.5031967163086,525.9588012695312,-0.010700321252875455,-0.005210308454554946,61.096774193548384,32.774193548387096,34.32258064516129,-0.016472269194258593,214.31173706054688,0.0020903254606974286,532.1500244140625,-0.02988657942677042,258.3800048828125,0.011609934494581697,242.22999572753906,-0.020384541240202947,198.96678161621094,67.56129032258065,1512.1874347826088,2.384,96.52095806451612,1.99,6.78,18.46
2024-07-26,216.088134765625,41601300,0.00871726488735125,-0.007891225481500896,0.0435078019697277,0.059079188495724244,5.33,313.9665806451613,4.2,16.39,123.672,4.2,67.60967741935484,78.58,106.8419189453125,531.8493041992188,0.012688925745099944,0.011199551971502908,61.225806451612904,32.806451612903224,34.41935483870968,0.024941093477641507,219.6569061279297,0.019336611021814276,542.4400024414062,0.0015868242679821787,258.7900085449219,-0.005655761637086698,240.86000061035156,0.02051207996142801,203.04800415039062,67.60967741935484,1512.0401195652173,2.308,96.53573548387097,1.93,6.772857142857143,16.39
2024-07-29,216.36573791503906,36311800,-0.041101514872094014,-0.002099544103226103,0.046068247348594715,0.061573815326016135,5.33,314.0142903225807,4.2,16.6,124.1392,4.17,67.75483870967743,77.27,106.3676986694336,532.1619262695312,-0.004438522637557951,0.0005878019729350648,61.61290322580645,32.903225806451616,34.70967741935484,0.00428392750896367,220.597900390625,-0.010747763925234244,536.6099853515625,0.0010045953841442135,259.04998779296875,0.007141082854540182,242.5800018310547,-0.004358999061693569,202.1629180908203,67.75483870967743,1511.5981739130434,2.268,96.58006774193548,1.92,6.751428571428572,16.6
2024-07-30,216.9209442138672,41643800,-0.052879436746889885,0.012459367460809112,0.036344347136362254,0.0679621621382076,5.33,314.0301935483871,4.2,17.69,124.2855,4.15,67.80322580645162,76.17,103.69515991210938,529.4656372070312,-0.0251254731535544,-0.0050666703674219216,61.74193548387097,32.935483870967744,34.806451612903224,-0.012401031354550729,217.8622589111328,0.003913525052497757,538.7100219726562,-0.022929887907828794,253.11000061035156,0.0031329643874158375,243.33999633789062,-0.042953595790881205,193.4792938232422,67.80322580645162,1511.4508586956522,2.211,96.59484516129032,1.9,6.744285714285715,17.69
2024-07-31,220.1727752685547,50036300,-0.055205252278307304,-0.0004655129863707641,0.035914843211109604,0.053406197400653665,5.33,314.0460967741936,4.2,16.36,123.6373,4.09,67.85161290322581,79.36,108.0867919921875,538.0719604492188,0.04235136995594013,0.01625473427810431,61.87096774193548,32.96774193548387,34.903225806451616,0.03027870989557857,224.45884704589844,0.024020348450215057,551.6500244140625,0.05748489991178474,267.6600036621094,0.017177644437728068,247.52000427246094,0.0785806845328485,208.6830291748047,67.85161290322581,1511.303543478261,2.28,96.60962258064515,1.85,6.7371428571428575,16.36
2024-08-01,216.48471069335938,62501000,-0.023126909509765703,0.030317443289330948,0.0499408565627506,0.05498415440814197,5.33,314.062,4.2,18.59,123.8693,3.99,67.9,77.74,104.05577087402344,530.452392578125,-0.037294298811786586,-0.014160871465467961,62.0,33.0,35.0,-0.05385083141657099,212.37155151367188,-0.009498868916206438,546.4099731445312,-0.025592191622932914,260.80999755859375,-0.02319006704139226,241.77999877929688,-0.07492923316484901,193.04656982421875,67.9,1511.1562282608695,2.29,96.6244,1.79,6.73,18.59
2024-08-02,217.97183227539062,105568600,-0.016464960942952578,0.029344343108947513,0.014408538409725002,0.028706891325601447,5.323548387096774,314.0836129032258,4.1967741935483875,23.39,123.4681,3.8,67.9709677419355,74.99,101.13130950927734,520.5761108398438,-0.02810474940680252,-0.018618601549292957,62.38709677419355,32.67741935483871,34.70967741935484,-0.05006393886699956,201.73939514160156,-0.03704176576041618,526.1699829101562,-0.04286642682579511,249.6300048828125,-0.043055685808038646,231.3699951171875,-0.07381559498873647,178.79672241210938,67.9709677419355,1511.0089130434783,2.19,96.60704516129032,1.76,6.692857142857143,23.39
2024-08-05,207.4727783203125,119548600,0.04067372237392308,0.08066824761107938,0.056556859574833585,0.06641194751523427,5.304193548387097,314.1484516129032,4.187096774193549,38.57,123.5787,3.78,68.18387096774194,74.46,97.76224517822266,505.4151306152344,-0.033313761558141586,-0.029123465155076356,63.54838709677419,31.70967741935484,33.83870967741935,-0.03558370262048216,194.56076049804688,-0.03202382525271241,509.32000732421875,-0.01117657529282845,246.83999633789062,-0.02441973469214398,225.72000122070312,0.000440021021330006,178.87539672851562,68.18387096774194,1510.5669673913044,2.168,96.55498064516128,1.71,6.581428571428572,38.57
2024-08-06,205.45028686523438,69660500,0.06898678662754132,0.0943019327277359,0.07434937639209793,0.07256184647057906,5.297741935483871,314.17006451612906,4.183870967741935,27.71,123.6532,3.9,68.25483870967743,74.6,99.09110260009766,510.0747375488281,0.013592746560315394,0.009219365727974216,63.935483870967744,31.387096774193548,33.54838709677419,0.021539701165438796,198.7515411376953,0.009581412103660147,514.2000122070312,0.05250361224822586,259.79998779296875,0.037701552635183155,234.22999572753906,0.0078068526078034495,180.2718505859375,68.25483870967743,1510.419652173913,2.161,96.5376258064516,1.78,6.5442857142857145,27.71
2024-08-07,208.01808166503906,63516400,0.05793823412327126,0.08026899787004349,0.053643918547741976,0.06619296157107257,5.291290322580645,314.19167741935485,4.180645161290323,27.85,123.5698,3.96,68.3258064516129,76.68,97.485595703125,506.66552734375,-0.01620233153981554,-0.006683746427947224,64.3225806451613,31.06451612903226,33.25806451612903,-0.01742482619126462,195.288330078125,-0.0011279989810856206,513.6199951171875,-0.03652806266464281,250.30999755859375,-0.007087001808475657,232.57000732421875,-0.026185055800193258,175.55142211914062,68.3258064516129,1510.2723369565217,2.224,96.52027096774194,1.85,6.507142857142857,27.85
2024-08-08,211.47808837890625,47161100,0.054709617164575564,0.053817805467873514,0.03682763819690105,0.04532272183238728,5.28483870967742,314.21329032258063,4.17741935483871,23.79,123.4466,3.99,68.3967741935484,77.64,101.1263656616211,518.3782348632812,0.03734674781680991,0.023117237876704166,64.70967741935483,30.741935483870968,32.96774193548387,0.06124867327331751,207.24948120117188,0.032358543816806584,530.239990234375,0.07338897885166329,268.67999267578125,0.028894465108503686,239.2899932861328,0.06744712574722267,187.39186096191406,68.3967741935484,1510.1250217391305,2.224,96.50291612903226,1.87,6.47,23.79
2024-08-09,214.3829345703125,42201600,0.046576179020341835,0.05023373998206382,0.01907486227561961,0.05319684265968205,5.2783870967741935,314.2349032258065,4.174193548387096,20.37,122.9276,3.94,68.46774193548387,78.28,101.58084869384766,520.6640625,0.004494209094266344,0.004409574868284416,65.09677419354838,30.419354838709676,32.67741935483871,-0.010906104134630445,204.98919677734375,0.011428782570539697,536.2999877929688,0.005396800083960818,270.1300048828125,0.004805922468718915,240.44000244140625,0.003306187414567674,188.01141357421875,68.46774193548387,1509.977706521739,2.193,96.48556129032258,1.84,6.472857142857142,20.37
2024-08-12,215.91146850585938,38028100,0.038431378036454245,0.04436163628286516,0.023582940859113943,0.044498244307727974,5.259032258064516,314.2997419354839,4.164516129032258,20.71,123.2204,3.9,68.68064516129033,81.45,102.41077423095703,520.9376831054688,0.008170098476049104,0.0005255223572662171,66.25806451612904,29.451612903225808,31.806451612903224,0.003643916424473259,205.7361602783203,-0.010013043519330633,530.9299926757812,-0.012919668941956397,266.6400146484375,-0.0036183459838364795,239.57000732421875,0.009990410270943828,189.8897247314453,68.68064516129033,1509.5357608695651,2.253,96.43349677419354,1.79,6.481428571428571,20.71
2024-08-13,219.62364196777344,44155300,0.023681439674347438,0.03055083787510182,0.006779078116798454,0.014492135378689541,5.252580645161291,314.3213548387097,4.161290322580645,18.12,123.0146,3.85,68.7516129032258,79.81,105.55752563476562,529.5046997070312,0.030726761197137575,0.016445377018018625,66.64516129032258,29.129032258064516,31.516129032258064,0.027961099522551436,211.48876953125,0.008080119952770248,535.219970703125,0.01788924674325809,271.4100036621094,0.02103766386462569,244.61000061035156,0.03992972702325104,197.4719696044922,68.7516129032258,1509.388445652174,2.228,96.41614193548386,1.76,6.484285714285714,18.12
2024-08-14,220.07028198242188,41960600,0.021107814262217417,0.02151363776359294,0.003517899707721206,0.012433189581353421,5.2461290322580645,314.3429677419355,4.158064516129032,16.19,122.4297,3.83,68.8225806451613,78.47,106.13550567626953,531.1752319335938,0.0054754981989986184,0.0031548959385758746,67.03225806451613,28.806451612903224,31.225806451612904,-0.01233877493772062,208.87925720214844,0.008538559049310335,539.7899780273438,0.0013632331608828263,271.7799987792969,0.0065819083697897796,246.22000122070312,0.004133593859084517,198.28823852539062,68.8225806451613,1509.2411304347827,2.205,96.39878709677419,1.77,6.4871428571428575,16.19
2024-08-15,223.0479736328125,46414000,-0.0008455518772072512,0.022561390076340393,-0.03737996036578195,0.0028821278791861804,5.239677419354838,314.3645806451613,4.154838709677419,15.23,122.5844,3.92,68.89354838709677,79.66,109.18841552734375,540.2797241210938,0.028764265375868625,0.017140279968171024,67.41935483870968,28.483870967741936,30.93548387096774,0.03877943571353892,216.97947692871094,0.026621455940516903,554.1599731445312,0.030686571400948548,280.1199951171875,0.016205042130543967,250.2100067138672,0.0505876175007991,208.3191680908203,68.89354838709677,1509.0938152173912,2.234,96.3814322580645,1.8,6.49,15.23
2024-08-16,224.36807250976562,44340200,0.003494787130685184,0.013050297377903197,-0.040964389324237294,0.010710419468306531,5.233225806451613,314.3861935483871,4.151612903225806,14.8,122.3972,3.89,68.96451612903226,78.05,109.3711929321289,541.4910278320312,0.0016739633403635157,0.002241993650433649,67.80645161290323,28.161290322580644,30.64516129032258,-0.0021459965413421767,216.5138397216797,-0.0012630850400529026,553.4600219726562,0.00314152826699976,281.0,-0.007913396479751533,248.22999572753906,-0.01855270188659064,204.45428466796875,68.96451612903226,1508.9465,2.203,96.36407741935483,1.81,6.485714285714286,14.8
2024-08-19,224.20924377441406,40687800,0.005710784912551725,-0.01381190146005351,-0.023019949193457845,-0.0028439930727136575,5.2138709677419355,314.4510322580645,4.141935483870967,14.65,121.8788,3.86,69.1774193548387,75.82,111.17428588867188,546.66845703125,0.016485995152872635,0.00956143118372177,68.96774193548387,27.193548387096776,29.774193548387096,0.012366088018486376,219.19126892089844,0.017453786653100822,563.1199951171875,0.0034163396977868743,281.9599914550781,0.011602163043879843,251.11000061035156,0.014622457182996262,207.44390869140625,69.1774193548387,1508.5045543478261,2.13,96.3120129032258,1.79,6.472857142857143,14.65
2024-08-20,224.82464599609375,30299000,0.006710484272274941,-0.024987735938951983,0.010418954442304784,0.007773935144224531,5.207419354838709,314.47264516129036,4.138709677419355,15.88,121.7728,3.82,69.2483870967742,75.27,110.78402709960938,545.7794799804688,-0.003510333220879014,-0.0016261722061099437,69.35483870967742,26.870967741935484,29.483870967741936,-0.01088728728647892,216.80487060546875,-0.0015449551156613284,562.25,-0.002092482464784773,281.3699951171875,-0.00390265511193133,250.1300048828125,-0.022660390065673885,202.74314880371094,69.2483870967742,1508.357239130435,2.13,96.29465806451613,1.75,6.468571428571429,15.88
2024-08-21,224.71548461914062,34765500,0.000397434527194207,-0.017756217612956537,0.007950456014190088,0.009413148163564644,5.200967741935484,314.49425806451615,4.135483870967742,16.27,121.8535,3.79,69.31935483870967,72.76,111.43611145019531,547.655029296875,0.005886086357915321,0.003436459935198366,69.74193548387096,26.548387096774192,29.193548387096772,0.01794268004192423,220.69493103027344,0.006296092534181952,565.7899780273438,0.011337393811581276,284.55999755859375,0.007715958254130628,252.05999755859375,0.014357745084942142,205.65408325195312,69.31935483870967,1508.2099239130434,2.113,96.27730322580645,1.72,6.464285714285714,16.27
2024-08-22,222.859375,43695300,0.023426750486398307,-0.016523371770490125,0.008640349483804322,0.021030362103870104,5.194516129032258,314.51587096774193,4.132258064516129,17.55,122.3626,3.86,69.39032258064516,73.72,108.87226104736328,543.3568115234375,-0.023007357035945253,-0.007848403727718778,70.12903225806451,26.225806451612904,28.903225806451612,-0.024571432166694773,215.2721405029297,-0.014758083229134078,557.4400024414062,-0.03155753114764159,275.5799865722656,-0.008529691015269458,249.91000366210938,-0.04082032707842986,197.25921630859375,69.39032258064516,1508.0626086956522,2.14,96.25994838709677,1.76,6.46,17.55
2024-08-23,225.15219116210938,38677300,0.009522232073113424,-0.026141714310808917,0.0023364729830233077,0.008514409537710987,5.188064516129033,314.5374838709678,4.129032258064516,15.86,121.4597,3.81,69.46129032258064,75.82,110.6358413696289,549.1302490234375,0.016198619421510907,0.010625499446326403,70.51612903225806,25.903225806451612,28.612903225806452,0.02920093634319354,221.55828857421875,0.0015427406497490193,558.2999877929688,-0.006096207118221564,273.8999938964844,0.021407669826454923,255.25999450683594,0.012337808004282413,199.69296264648438,69.46129032258064,1507.915293478261,2.136,96.24259354838709,1.68,6.444285714285714,15.86
2024-08-26,225.48965454101562,30602200,-0.019411829589062957,-0.031120696130450654,-0.003565374561247392,0.012954122058318918,5.168709677419355,314.6023225806452,4.119354838709677,16.15,121.6943,3.82,69.6741935483871,78.4,109.24769592285156,547.8211059570312,-0.012546977811102034,-0.002384030143548599,71.6774193548387,24.935483870967744,27.741935483870968,-0.012172139423269002,218.8614501953125,0.0020419392322470475,559.4400024414062,-0.020627944587029434,268.25,0.0037216836507325546,256.2099914550781,-0.03177584790126564,193.34754943847656,69.6741935483871,1507.473347826087,2.171,96.19052903225806,1.67,6.397142857142857,16.15
2024-08-27,226.3333282470703,35934600,-0.03148692767825967,-0.02354948071463181,-0.0022364351440886665,0.02234884545459881,5.162258064516129,314.623935483871,4.116129032258065,15.43,121.8672,3.83,69.74516129032257,76.5,109.90965270996094,548.5733032226562,0.006059228815011641,0.0013730709851182965,72.06451612903226,24.612903225806452,27.451612903225804,0.0276140002331402,224.90509033203125,0.01497927364193119,567.8200073242188,0.0025349214381407137,268.92999267578125,0.0030443729960221155,256.989990234375,-0.0023441301058105823,192.89431762695312,69.74516129032257,1507.3260326086956,2.117,96.17317419354839,1.68,6.381428571428571,15.43
2024-08-28,224.80479431152344,38052200,-0.01814644011830191,-0.016424500775717776,0.0057397073076435046,0.038980148182216734,5.155806451612903,314.6455483870968,4.112903225806451,17.11,121.8943,3.84,69.81612903225806,75.49,108.39307403564453,545.3887939453125,-0.013798412031366225,-0.005805075198949683,72.45161290322581,24.29032258064516,27.161290322580644,-0.020143248901921207,220.37477111816406,-0.01282101582010331,560.5399780273438,-0.02171567507136052,263.0899963378906,-0.009222130072171542,254.6199951171875,-0.014711124182673618,190.05662536621094,69.81612903225806,1507.1787173913044,2.082,96.15581935483871,1.69,6.365714285714286,17.11
2024-08-29,228.0802459716797,51906300,-0.03903564396562975,-0.03172470626628576,0.013969323364286357,0.02349301055489872,5.1493548387096775,314.6671612903226,4.109677419354838,15.65,122.2333,3.87,69.88709677419354,76.9,107.41496276855469,545.4376220703125,-0.009023743221529101,8.952902139180985e-05,72.83870967741936,23.967741935483872,26.870967741935484,0.016375441310949368,223.98350524902344,0.016216554058210875,569.6300048828125,0.009654523472111487,265.6300048828125,0.014178053327976503,258.2300109863281,0.00046645868978423266,190.14527893066406,69.88709677419354,1507.031402173913,2.151,96.13846451612903,1.71,6.35,15.65
2024-08-30,227.296142578125,52990800,-0.03532754926128212,-0.05537134601854987,-0.012183473772965803,0.03751570883077959,5.142903225806451,314.6887741935484,4.106451612903226,15.0,122.3262,3.91,69.95806451612903,74.52,108.84262084960938,550.644287109375,0.013291054097657184,0.009545848743069074,73.2258064516129,23.64516129032258,26.58064516129032,0.017107724697276394,227.8153533935547,0.008391356179880516,574.4099731445312,0.012423249378113788,268.92999267578125,0.0006582616385562012,258.3999938964844,0.022178556579814934,194.3624267578125,69.95806451612903,1506.8840869565217,2.127,96.12110967741935,1.76,6.35,15.0
2024-09-03,221.11248779296875,50190600,-0.01194065653115195,-0.026843876692208335,0.018000627707402295,0.07668719827466042,5.11,314.79193333333336,4.1,20.72,122.7811,3.84,70.12666666666667,71.28,103.84336853027344,539.3126831054688,-0.04593101746643469,-0.02057880971287629,73.6,23.133333333333333,26.066666666666666,-0.0650221729824173,213.00230407714844,-0.005866881277737712,571.0399780273438,-0.04703824133046797,256.2799987792969,-0.002205910749545459,257.8299865722656,-0.07041478956699998,180.6764373779297,70.12666666666667,1506.2948260869566,2.048,96.04363333333333,1.73,6.35,20.72
2024-09-04,219.206787109375,43840200,0.00819549801697561,-0.0007245612120226896,0.021824683055806426,0.09991816753186145,5.1,314.8219,4.1,21.32,122.5144,3.77,70.14,70.11,103.57659149169922,538.2088012695312,-0.0025690329806322687,-0.00204683084696089,73.4,23.2,26.1,0.014128268005050959,216.01165771484375,0.007372552071047256,575.25,-0.008389237969116392,254.1300048828125,-0.007912164575011649,255.7899932861328,-0.005398785606830492,179.7010040283203,70.14,1506.1475108695652,2.004,96.02225,1.7,6.35,21.32
2024-09-05,220.7253875732422,36615400,0.0017537639144391548,0.029184210469920036,0.01987582972652313,0.09397137000630251,5.09,314.8518666666667,4.1,19.9,122.4533,3.73,70.15333333333332,70.09,103.41851806640625,536.8997192382812,-0.001526150098361101,-0.002432293987318923,73.2,23.266666666666666,26.133333333333333,-0.012353583573387228,213.3431396484375,-0.01272491494866368,567.9299926757812,-0.012906774943042931,250.85000610351562,-0.015715974507161556,251.77000427246094,-0.011733832842895198,177.59242248535156,70.15333333333332,1506.000195652174,2.025,96.00086666666667,1.7,6.35,19.9
2024-09-06,219.17698669433594,48423000,0.00760791766461999,0.033420883330201656,0.003939854286934219,0.10183589050474362,5.08,314.88183333333336,4.1,22.38,122.4991,3.72,70.16666666666666,68.58,100.7361068725586,527.863525390625,-0.025937436002759662,-0.01683031956223824,73.0,23.333333333333332,26.166666666666668,-0.024741918982987388,208.0646209716797,-0.007958761800823555,563.4099731445312,-0.01327487243385006,247.52000427246094,-0.005560667003676745,250.3699951171875,-0.030459337501440253,172.18307495117188,70.16666666666666,1505.8528804347827,1.977,95.97948333333333,1.69,6.328571428571428,22.38
2024-09-09,219.26632690429688,67180000,-0.02077782644452919,0.02516862055090674,0.021999900068462752,0.10048053429690706,5.05,314.97173333333336,4.1,19.45,122.7156,3.7,70.20666666666666,69.65,102.38606262207031,533.7737426757812,0.016378990619511313,0.011196487351124773,72.4,23.533333333333335,26.266666666666666,0.023029361919423064,212.85621643066406,0.011483701117625644,569.8800048828125,0.021371982849150983,252.80999755859375,0.02116868296968688,255.6699981689453,0.016022860302777664,174.9419403076172,70.20666666666666,1505.4109347826088,1.999,95.91533333333334,1.66,6.264285714285714,19.45
2024-09-10,218.47225952148438,51591000,-0.01508332496379683,0.03298356353400145,0.0428422722544346,0.12226384252662315,5.04,315.0017,4.1,19.08,123.0071,3.65,70.22,66.73,103.91744232177734,536.0986938476562,0.014956915623952627,0.004355686662705027,72.2,23.6,26.3,0.0007319130206322466,213.0120086669922,0.008071831870787305,574.47998046875,0.01202487470542879,255.85000610351562,0.0075878562072630995,257.6099853515625,0.0028161372944339735,175.43460083007812,70.22,1505.2636195652174,1.928,95.89395,1.63,6.242857142857143,19.08
2024-09-11,221.0032958984375,44587100,-0.008847549157423584,0.016662211074650157,0.0286535762477913,0.11399705820457684,5.03,315.0316666666667,4.1,17.69,122.7754,3.65,70.23333333333333,68.25,107.46435546875,541.5985107421875,0.03413202892339995,0.010258963429025103,72.0,23.666666666666668,26.333333333333332,0.029032758343418674,219.1963348388672,0.010270200206538682,580.3800048828125,0.0346687313096985,264.7200012207031,0.005318216345130855,258.9800109863281,0.0443133429274849,183.2086944580078,70.23333333333333,1505.1163043478261,1.954,95.87256666666667,1.61,6.2214285714285715,17.69
2024-09-12,221.11248779296875,37455600,0.027382424247945014,0.02132245307169467,0.02145715896979805,0.10769481219430665,5.02,315.06163333333336,4.1,17.07,122.4423,3.68,70.24666666666667,69.89,108.35355377197266,546.1605834960938,0.008274355709333214,0.008423348039961365,71.8,23.733333333333334,26.366666666666667,-0.015728510417256203,215.7487030029297,0.010630936383485556,586.5499877929688,0.019567817512446295,269.8999938964844,0.001892000206922706,259.4700012207031,-0.014682139610461276,180.518798828125,70.24666666666667,1504.968989130435,1.971,95.85118333333334,1.63,6.2,17.07
2024-09-13,220.84446716308594,36766600,0.025618065532285295,0.02377528826775266,0.03955072190700881,0.11565318753621767,5.01,315.0916,4.1,16.56,121.6551,3.66,70.25999999999999,69.59,108.89696502685547,549.0130615234375,0.005015167809137244,0.005222782664183523,71.6,23.8,26.4,0.017559700768927433,219.5371856689453,-0.0846986509414378,536.8699951171875,-0.0043719625878680946,268.7200012207031,0.017304467619575936,263.9599914550781,0.02871024675245626,185.7015380859375,70.25999999999999,1504.8216739130435,1.921,95.8298,1.58,6.184285714285714,16.56
2024-09-16,214.71044921875,59357400,0.04692137110070571,0.07710814039165204,0.08103749599183119,0.1483128310292523,4.98,315.1815,4.1,17.14,121.4976,3.63,70.3,71.1,108.48200225830078,549.8237915039062,-0.0038105999414432823,0.0014767043578509664,71.0,24.0,26.5,-0.009493390449226813,217.45303344726562,-0.02862889574194316,521.5,0.0164111478195752,273.1300048828125,0.014282541496034362,267.7300109863281,-0.004722297269315612,184.82460021972656,70.3,1504.3797282608696,1.929,95.76565,1.54,6.137142857142857,17.14
2024-09-17,215.17697143554688,45519300,0.048803000006098385,0.043452208144782345,0.06914524191811022,0.1592610126424654,4.97,315.21146666666664,4.1,17.61,121.6031,3.65,70.31333333333333,72.16,108.26957702636719,550.0485229492188,-0.0019581610544742167,0.00040873357753001827,70.8,24.066666666666666,26.533333333333335,0.009270856884308953,219.46900939941406,-0.012406463476749785,515.030029296875,0.006077705240848941,274.7900085449219,-0.0031374754544551964,266.8900146484375,0.005384446775338114,185.8197784423828,70.31333333333333,1504.2324130434783,1.973,95.74426666666666,1.53,6.121428571428571,17.61
2024-09-18,219.04795837402344,59894900,0.02573747379667779,0.02759529482964984,0.051928013510057935,0.14984312313995862,4.96,315.2414333333333,4.1,18.23,121.5618,3.7,70.32666666666667,71.87,107.28158569335938,548.4171142578125,-0.00912529041068666,-0.002965935955357324,70.6,24.133333333333333,26.566666666666666,-0.012025762697817854,216.82972717285156,-0.013397324469570204,508.1300048828125,-0.01855964898622542,269.69000244140625,-0.010041676519406906,264.2099914550781,-0.012991172112398863,183.40576171875,70.32666666666667,1504.0850978260871,1.96,95.72288333333333,1.58,6.105714285714286,18.23
2024-09-19,227.16708374023438,66781300,-0.0058984571209559356,-0.013981682232394155,0.026783793946407286,0.0849955083491507,4.95,315.27139999999997,4.1,16.33,121.3059,3.73,70.34,72.86,110.46785736083984,557.7755126953125,0.029700079905490284,0.017064380731744544,70.4,24.2,26.6,0.04855373478385494,227.3576202392578,0.03603408061450031,526.4400024414062,0.03952687739852512,280.3500061035156,0.02100608792264591,269.760009765625,0.05678528879304601,193.8205108642578,70.34,1503.9377826086957,2.007,95.7015,1.56,6.09,16.33
2024-09-20,226.5020751953125,318679900,-0.0017967480551116521,-0.006134987510138745,0.036283922705678595,0.09581421230338916,4.94,315.30136666666664,4.1,16.15,121.4052,3.73,70.35333333333332,72.72,109.92941284179688,556.8114013671875,-0.004874218907715,-0.001728493464093095,70.2,24.266666666666666,26.633333333333333,-0.028571401725987378,220.8616943359375,-0.007864171850995083,522.2999877929688,-0.023506317797108767,273.760009765625,-0.009156291263664795,267.2900085449219,-0.023130521819766825,189.33734130859375,70.35333333333332,1503.7904673913044,2.007,95.68011666666666,1.58,6.088571428571428,16.15
2024-09-23,224.7849578857422,54146000,0.028833845715852346,-0.02110659825909189,0.04146242472002348,0.12496128196524636,4.91,315.39126666666664,4.1,15.89,121.4303,3.75,70.39333333333333,71.33,109.90912628173828,558.2027587890625,-0.00018454169393034014,0.0024987947776549113,69.6,24.466666666666665,26.733333333333334,-0.0033953757781328697,220.11178588867188,0.010664383408767408,527.8699951171875,0.0011688223086876448,274.0799865722656,0.004377204058338746,268.4599914550781,0.009783524273694333,191.18972778320312,70.39333333333333,1503.3485217391305,1.999,95.61596666666667,1.58,6.0842857142857145,15.89
2024-09-24,225.67825317382812,43556100,-0.005101808310316702,-0.0070369606593622125,0.01490955067765154,0.12394265063336496,4.9,315.4212333333333,4.1,15.39,121.1291,3.74,70.40666666666667,72.34,110.66134643554688,559.7998657226562,0.006844019047884897,0.00286115915488927,69.4,24.533333333333335,26.766666666666666,0.005840524314108642,221.39735412597656,-0.007198719056053071,524.0700073242188,-0.002772837438995146,273.32000732421875,0.004432699393888573,269.6499938964844,0.014120804704939705,193.8894805908203,70.40666666666667,1503.201206521739,2.018,95.59458333333333,1.55,6.082857142857143,15.39
2024-09-25,224.68569946289062,42308700,0.001811205186933007,0.014003597418866143,0.018553681690501644,0.14186537971268187,4.89,315.4512,4.1,15.41,121.4447,3.79,70.42,70.42,110.97807312011719,558.5653076171875,0.002862125708499086,-0.0022053562014971995,69.2,24.6,26.8,-0.0030352533930018133,220.72535705566406,-0.011773203625330075,517.9000244140625,-0.00556131820034278,271.79998779296875,-0.006119020707702205,268.0,0.0026933735408629644,194.4116973876953,70.42,1503.0538913043479,2.002,95.5732,1.61,6.081428571428572,15.41
2024-09-26,225.8271484375,36636700,-0.008131186566744608,0.006680694776580953,0.017097383966062196,0.13970181234783596,4.88,315.48116666666664,4.1,15.37,121.0785,3.79,70.43333333333334,68.28,112.44788360595703,560.77978515625,0.013244152151109967,0.0039645812385114,69.0,24.666666666666668,26.833333333333332,0.025679451399288622,226.39346313476562,-0.004865841692324846,515.3800048828125,0.008940483084974638,274.2300109863281,0.01999994534165106,273.3599853515625,0.06233837075920068,206.531005859375,70.43333333333334,1502.9065760869566,1.967,95.55181666666667,1.63,6.08,15.37
2024-09-27,226.09510803222656,34026000,-0.004346048208693443,-0.0010534258814773878,0.02462792146163051,0.12327681115318101,4.87,315.5111333333333,4.1,16.96,121.1111,3.75,70.44666666666667,68.72,111.39872741699219,559.9664306640625,-0.009330155048905331,-0.0014503990937563271,68.8,24.733333333333334,26.866666666666667,-0.0017637755324183546,225.99415588378906,0.00019398421551142242,515.47998046875,-0.0003646796466802993,274.1300048828125,-0.005340911374429824,271.8999938964844,-0.022374818399647278,201.909912109375,70.44666666666667,1502.7592608695652,1.977,95.53043333333333,1.6,6.085714285714285,16.96
2024-09-30,231.26637268066406,54541900,-0.048540825307118673,-0.007296120886711388,0.002875443059121352,0.08359429788576644,4.84,315.6010333333333,4.1,16.73,121.2864,3.81,70.48666666666666,68.75,111.725341796875,562.2105102539062,0.0029319399552942826,0.004007525213935548,68.2,24.933333333333334,26.966666666666665,-0.008101748776716433,224.1632080078125,0.00446195568261154,517.780029296875,-0.011308525328487251,271.0299987792969,0.013166668518597602,275.4800109863281,-0.014005505288244735,199.08206176757812,70.48666666666666,1502.3173152173913,1.968,95.46628333333334,1.63,6.102857142857143,16.73
2024-10-01,224.52688598632812,63285000,-0.0019450757526847662,0.03377395258068283,0.017196396991993046,0.10824233410721362,4.83,315.631,4.1,19.26,121.6881,3.74,70.5,70.41,109.00347137451172,557.173828125,-0.02436215793648544,-0.008958712149709891,68.0,25.0,27.0,-0.02823999575243219,217.8328399658203,-0.028931284824268988,502.79998779296875,-0.028447003984073627,263.32000732421875,-0.02907655527145503,267.4700012207031,-0.02400390831883581,194.30331420898438,70.5,1502.17,2.025,95.4449,1.55,6.1085714285714285,19.26
2024-10-02,225.0926513671875,32880600,0.01217034923227689,0.022047738046236276,-0.003836310894114292,0.07645411313375194,4.823870967741936,315.6599354838709,4.103225806451612,18.9,121.5724,3.79,70.54193548387097,70.74,109.81015014648438,557.4090576171875,0.007400486991841593,0.00042218331212562354,68.09677419354838,24.967741935483872,27.06451612903226,0.018151859221696265,221.7869110107422,0.005986495303703876,505.80999755859375,0.014013376647308284,267.010009765625,0.010094635640291338,270.1700134277344,0.020030294030200846,198.1952667236328,70.54193548387097,1503.0062826086958,2.033,95.45392258064517,1.58,6.114285714285715,18.9
2024-10-03,223.99090576171875,34044200,0.014933306847359828,0.028714460224307903,-0.012230211612573427,0.07957522711313514,4.817741935483871,315.68887096774193,4.106451612903226,20.49,122.1197,3.85,70.58387096774193,74.33,110.26544189453125,556.3899536132812,0.004146171801418408,-0.0018282874847113106,68.19354838709677,24.93548387096774,27.129032258064516,-0.005137726954342781,220.64743041992188,-0.003973843489307738,503.79998779296875,-0.004569121666165299,265.7900085449219,-0.0058482326361744,268.5899963378906,-0.007755376214736764,196.65818786621094,70.58387096774193,1503.8425652173914,2.204,95.46294516129032,1.64,6.12,20.49
2024-10-04,225.11248779296875,37245100,0.0033069946855452947,0.03615522350344058,-0.021119880116358902,0.08143538806960393,4.811612903225806,315.7178064516129,4.109677419354838,19.21,122.2197,3.98,70.6258064516129,74.93,111.49274444580078,561.4461059570312,0.011130436972659474,0.00908742566416687,68.29032258064517,24.903225806451612,27.193548387096776,0.007371190877122569,222.27386474609375,0.006788434915841579,507.2200012207031,0.010760319273172003,268.6499938964844,0.009568514685057927,271.1600036621094,0.011924481876471216,199.00323486328125,70.6258064516129,1504.6788478260871,2.14,95.47196774193549,1.75,6.148571428571429,19.21
2024-10-07,220.04051208496094,39505400,0.043348895588421366,0.06671474611796002,0.007939003819195767,0.09376373688289119,4.793225806451613,315.8046129032258,4.119354838709677,22.64,122.4241,4.03,70.7516129032258,77.76,110.72569274902344,556.370361328125,-0.006879835101289755,-0.00904048416232972,68.58064516129032,24.806451612903224,27.387096774193548,-0.007536380324213554,220.59872436523438,-0.0392729257123019,487.29998779296875,-0.021552237768346583,262.8599853515625,-0.014493260889162696,267.2300109863281,-0.009110192429371389,197.19027709960938,70.7516129032258,1507.187695652174,2.219,95.49903548387097,1.76,6.234285714285715,22.64
2024-10-08,224.0901641845703,31855700,0.035788639949154266,0.04469148894662944,-0.013509353449036032,0.07617043828148118,4.787096774193548,315.83354838709676,4.12258064516129,21.42,122.6625,4.04,70.79354838709678,74.26,112.79430389404297,561.6322021484375,0.018682304835142105,0.009457442714510877,68.6774193548387,24.774193548387096,27.451612903225808,0.012758870035175729,223.41331481933594,0.018345993567322694,496.239990234375,0.027733428255243275,270.1499938964844,0.02937535180634754,275.0799865722656,0.0037475638513535525,197.92926025390625,70.79354838709678,1508.0239782608696,2.132,95.50805806451613,1.77,6.262857142857143,21.42
2024-10-09,227.8321075439453,33591100,0.009758622964455954,0.005314909278922864,-0.008974493351340374,0.032981530961499805,4.780967741935484,315.8624838709677,4.125806451612903,20.86,122.8821,4.06,70.83548387096774,73.85,114.05625915527344,565.5223999023438,0.011188111612585816,0.006926593131634684,68.7741935483871,24.741935483870968,27.516129032258064,0.016739273638871177,227.15309143066406,-0.0043527400141395445,494.0799865722656,0.03483251480551619,279.55999755859375,0.006543617850853778,276.8800048828125,0.020808323360181014,202.04783630371094,70.83548387096774,1508.8602608695653,2.102,95.51708064516129,1.77,6.291428571428572,20.86
2024-10-10,227.33583068847656,28183500,0.01357838321392335,0.006680054428979343,-0.007991177205552646,0.02452787599117001,4.774838709677419,315.8914193548387,4.129032258064516,20.93,123.0951,4.09,70.87741935483871,76.46,114.02658081054688,564.53271484375,-0.00026020794427561444,-0.0017500368840644986,68.87096774193549,24.70967741935484,27.580645161290324,-0.010889985393006674,224.6793975830078,0.019207458326315097,503.57000732421875,0.003863274786362725,280.6400146484375,0.0029976399798783415,277.7099914550781,-0.005364158053596579,200.96401977539062,70.87741935483871,1509.696543478261,2.155,95.52610322580645,1.76,6.32,20.93
2024-10-11,225.85693359375,31759200,0.03273995795094642,0.016963253018559943,-0.013506231691366444,0.0263091010798715,4.768709677419355,315.92035483870967,4.132258064516129,20.46,122.9805,4.08,70.91935483870968,76.11,114.22452545166016,567.913330078125,0.0017359517377983913,0.005988342474201325,68.96774193548387,24.677419354838708,27.64516129032258,0.00936277406452568,226.78302001953125,-0.016184430720547427,495.4200134277344,0.006235746538825637,282.3900146484375,0.014259558872576017,281.6700134277344,0.005393087426951659,202.04783630371094,70.91935483870968,1510.5328260869567,2.175,95.53512580645162,1.75,6.337142857142857,20.46
2024-10-14,229.5790252685547,39882100,0.02239504985181462,0.009078944928484933,-0.02949994121240429,0.029536097743865675,4.750322580645161,316.0071612903226,4.141935483870967,19.7,123.379425,4.0425,71.04516129032258,72.4425,115.7141342163086,572.557861328125,0.013041058903578762,0.008178239537643961,69.25806451612904,24.580645161290324,27.838709677419356,0.015331117637924052,230.25985717773438,0.028723063427121165,509.6499938964844,-0.0008853004250566343,282.1400146484375,0.012922867033530627,285.30999755859375,0.0430606052664948,210.74813842773438,71.04516129032258,1513.0416739130435,2.0595,95.5621935483871,1.75,6.388571428571429,19.7
2024-10-15,232.11004638671875,64751400,0.008595237149842117,-0.000769809074201655,-0.03627253581551504,-0.022830328294973445,4.744193548387097,316.03609677419354,4.145161290322581,20.64,123.5124,4.03,71.08709677419354,71.22,113.17041015625,568.1092529296875,-0.021982829299863393,-0.007769709751462295,69.35483870967742,24.548387096774192,27.903225806451612,-0.04466435745852804,219.97544860839844,-0.0031786424734393526,508.0299987792969,-0.0449068291270982,269.4700012207031,0.004100849734486101,286.4800109863281,-0.10692411228540666,188.21408081054688,71.08709677419354,1513.8779565217392,2.021,95.57121612903225,1.75,6.405714285714286,20.64
2024-10-16,230.05543518066406,34082200,-0.00440076824745228,-0.007248234436319945,-0.014276065664105109,-0.006674443236490135,4.7380645161290325,316.0650322580645,4.148387096774194,19.58,123.9235,4.02,71.12903225806451,70.97,113.52179718017578,570.5785522460938,0.0031049372662044217,0.00434652191224183,69.45161290322581,24.516129032258064,27.967741935483872,0.007172292551124837,221.5531768798828,-0.010806429241514204,502.5400085449219,-0.024195602420069906,262.95001220703125,0.009459617952916943,289.19000244140625,-0.033661353838141506,181.8785400390625,71.12903225806451,1514.7142391304349,2.007,95.58023870967742,1.75,6.4228571428571435,19.58
2024-10-17,230.4226837158203,32993800,-0.0068059154567507996,-0.02687911467473536,-0.02973270412034823,-0.03990979129104266,4.731935483870967,316.0939677419355,4.151612903225806,19.11,124.1122,4.09,71.17096774193548,71.26,113.86820983886719,570.62744140625,0.003051507880390547,8.56834873372847e-05,69.54838709677419,24.483870967741936,28.032258064516128,-0.0006593796060238022,221.40708923339844,-0.01136232314953256,496.8299865722656,0.0003041892700224036,263.0299987792969,0.004771966081684065,290.57000732421875,-0.00731350536159292,180.54837036132812,71.17096774193548,1515.5505217391305,2.027,95.58926129032258,1.79,6.44,19.11
2024-10-18,233.25148010253906,46431500,-0.015276551285658524,-0.051446749715383655,-0.028634595959315168,-0.04648402769814075,4.725806451612903,316.12290322580645,4.154838709677419,18.03,123.9185,4.08,71.21290322580646,69.78,114.27400970458984,572.8224487304688,0.0035637678531776906,0.003846655742334004,69.64516129032258,24.451612903225808,28.096774193548388,0.004354749283862702,222.3712615966797,-0.0038846139080627173,494.8999938964844,-0.017146370324889304,258.5199890136719,0.008328398833868711,292.989990234375,0.017026866359859838,183.62254333496094,71.21290322580646,1516.3868043478262,1.995,95.59828387096775,1.77,6.454285714285715,18.03
2024-10-21,234.720458984375,36254500,-0.013024422335827901,-0.061189041672950806,-0.033613150928579194,-0.0531711071701606,4.707419354838709,316.20970967741937,4.164516129032258,18.37,124.4757,4.19,71.33870967741936,71.16,114.8084945678711,571.8818359375,0.004677221571754986,-0.0016420669180361447,69.93548387096774,24.35483870967742,28.29032258064516,-0.011649916769154167,219.78065490722656,0.005677909867142672,497.7099914550781,-0.020772069261164594,253.14999389648438,-0.010955976525035216,289.7799987792969,-0.010195375775092441,181.7504425048828,71.33870967741936,1518.895652173913,2.017,95.62535161290323,1.88,6.497142857142857,18.37
2024-10-22,234.10508728027344,38846600,-0.009285237406541968,-0.052615997681183746,-0.02801690045261107,-0.05441748638780686,4.701290322580645,316.2386451612903,4.167741935483871,18.2,124.4107,4.2,71.38064516129032,72.84,114.6897201538086,571.5779418945312,-0.0010345437810116431,-0.0005313930673642719,70.03225806451613,24.322580645161292,28.35483870967742,-0.004652743473915644,218.75807189941406,-0.009242342292681949,493.1099853515625,-0.00647837025158704,251.50999450683594,-0.004486119809665845,288.4800109863281,-0.00791507352283738,180.31187438964844,71.38064516129032,1519.7319347826087,2.069,95.63437419354838,1.87,6.511428571428572,18.2
2024-10-23,229.0430145263672,52287000,-0.002860052617613351,-0.03484133140109402,-0.008617531534293565,-0.002804225264568694,4.695161290322581,316.2675806451613,4.170967741935484,19.24,124.6931,4.24,71.42258064516129,71.37,113.04669189453125,566.3552856445312,-0.014325854636962232,-0.009137259973135414,70.12903225806451,24.29032258064516,28.419354838709676,0.009927926069134285,220.9298858642578,-0.01638576952868842,485.0299987792969,-0.009621876751619629,249.08999633789062,-0.0075569298056588075,286.29998779296875,-0.0016392597765966244,180.01629638671875,71.42258064516129,1520.5682173913044,2.052,95.64339677419355,1.93,6.525714285714286,19.24
2024-10-24,228.8544464111328,31109500,-0.020210751886642453,-0.013401603725245792,-0.0019390987121459258,0.03448899384959736,4.689032258064516,316.2965161290323,4.174193548387096,19.08,124.5127,4.21,71.46451612903226,70.58,113.3782730102539,567.5801391601562,0.0029331341781502207,0.0021626945959039023,70.2258064516129,24.258064516129032,28.483870967741936,0.012475083502770046,223.68600463867188,-0.004453340345021095,482.8699951171875,0.008792012821082995,251.27999877929688,-0.0018512008448988704,285.7699890136719,0.00574704167340534,181.0508575439453,71.46451612903226,1521.4045,2.029,95.65241935483871,1.91,6.54,19.08
2024-10-25,229.68820190429688,38802300,-0.036731326421594934,-0.018150919766268814,0.007416205546778354,0.03549255735427037,4.682903225806451,316.32545161290324,4.17741935483871,20.33,124.6105,4.25,71.50645161290322,72.02,113.96717834472656,567.3840942382812,0.005194163915509531,-0.0003454048306994473,70.3225806451613,24.225806451612904,28.548387096774192,0.0021333626567807684,224.1632080078125,0.0017603208153560423,483.7200012207031,0.0239572948221769,257.29998779296875,0.0009448841432999622,286.0400085449219,0.015074988523304356,183.7801971435547,71.50645161290322,1522.2407826086958,2.051,95.66144193548386,1.96,6.565714285714286,20.33
2024-10-28,231.66336059570312,36087100,-0.048800213933471115,-0.038231781898514616,0.008220367283196417,0.019072024049072933,4.664516129032258,316.41225806451615,4.187096774193549,19.8,124.8076,4.28,71.63225806451612,67.65,113.93254852294922,569.1381225585938,-0.0003038578499556799,0.0030914301936280086,70.61290322580645,24.129032258064516,28.741935483870968,-0.00013028597567454892,224.13400268554688,-0.005540380114566479,481.0400085449219,-0.017605844288468342,252.77000427246094,0.0016780186491800464,286.5199890136719,-0.006326520632014443,182.6175079345703,71.63225806451612,1524.7496304347826,1.958,95.68850967741935,1.99,6.642857142857142,19.8
2024-10-29,231.93136596679688,35417200,-0.043736867472542795,-0.03934314105911807,0.006498351892064269,0.01108254066124581,4.658387096774193,316.4411935483871,4.190322580645161,19.34,124.8612,4.28,71.6741935483871,67.48,115.46669006347656,570.0592651367188,0.013465349107137037,0.0016184868692048493,70.70967741935483,24.096774193548388,28.806451612903224,0.02211705398776731,229.0911865234375,0.009042919562291196,485.3900146484375,0.1253313581481068,284.45001220703125,0.010959146896685423,289.6600036621094,0.02579031236659768,187.3272705078125,71.6741935483871,1525.5859130434783,1.977,95.69753225806451,1.98,6.668571428571428,19.34
2024-10-30,228.387939453125,47070900,-0.03207300927761991,-0.020566379504787347,0.03255591799691504,-0.00799278068835474,4.652258064516129,316.47012903225806,4.193548387096774,20.35,124.8153,4.29,71.71612903225807,68.91,113.63066101074219,568.3345947265625,-0.015900941230107435,-0.00302542299657671,70.80645161290323,24.06451612903226,28.870967741935484,-0.021723463605288984,224.11453247070312,0.0026576113813920887,486.67999267578125,0.019511293917362504,290.0,-0.0028999389880229876,288.82000732421875,-0.02535221248741515,182.57810974121094,71.71612903225807,1526.422195652174,2.024,95.70655483870968,1.95,6.694285714285714,20.35
2024-10-31,224.2291259765625,64370100,0.0069496049017765404,0.011336719500676384,0.061721950475941645,0.03163262806327016,4.646129032258064,316.49906451612907,4.1967741935483875,23.16,124.7988,4.28,71.75806451612902,69.58,109.98335266113281,557.1935424804688,-0.03209792425008051,-0.019602980971893724,70.90322580645162,24.032258064516128,28.93548387096774,-0.030462425030144513,217.28746032714844,-0.01767076155367009,478.0799865722656,-0.04786208580280171,276.1199951171875,-0.017381134976617862,283.79998779296875,-0.020075652886617834,178.91273498535156,71.75806451612902,1527.2584782608697,2.076,95.71557741935483,1.95,6.72,23.16
2024-11-01,221.25144958496094,65276700,0.01928891405375266,0.01048646080137594,0.08975343682575132,0.04403454222380998,4.64,316.528,4.2,21.88,124.8076,4.37,71.8,69.81,110.80982208251953,559.545166015625,0.007514495615833283,0.004220478802908323,71.0,24.0,29.0,0.010622569943254057,219.59561157226562,0.009872827462501732,482.79998779296875,0.021621039136153097,282.0899963378906,0.009760463884412651,286.57000732421875,0.009913072030600656,180.68630981445312,71.8,1528.0947608695653,2.042,95.7246,2.04,6.7299999999999995,21.88
2024-11-04,220.35813903808594,44944500,0.011110633317801488,0.02820081528157492,0.09579458100677418,0.05164897204154362,4.624,316.6356,4.19,21.98,124.5903,4.31,72.02,71.83,110.72569274902344,558.3399658203125,-0.0007592227107218186,-0.0021538926051214435,71.5,24.0,29.1,-0.005721117960717947,218.3392791748047,-0.003003276151852141,481.3500061035156,0.025701017739444554,289.3399963378906,0.0036639835507308316,287.6199951171875,-0.008506891634459168,179.14923095703125,72.02,1530.6036086956522,2.114,95.76738,2.03,6.76,21.98
2024-11-05,221.78741455078125,28111300,0.004594683475678707,0.02273956901450691,0.08886733181699968,0.0198275067319984,4.618666666666666,316.6714666666667,4.1866666666666665,20.49,124.5532,4.26,72.09333333333333,72.26,112.28457641601562,565.0911865234375,0.01407878901715831,0.012091594935723649,71.66666666666667,24.0,29.133333333333333,-0.02939468587889249,211.9212646484375,0.010532891367884156,486.4200134277344,0.006462967929963259,291.2099914550781,0.014498343295066718,291.7900085449219,0.025629594904028163,183.74075317382812,72.09333333333333,1531.4398913043478,2.133,95.78164,1.99,6.77,20.49
2024-11-06,221.06285095214844,54561100,0.011887910847743655,0.029328027637475662,0.0915371965287497,0.02438489533272481,4.613333333333333,316.70733333333334,4.183333333333334,16.27,125.7035,4.42,72.16666666666667,71.98,115.4815444946289,579.1426391601562,0.02847201441779923,0.024865814530158126,71.83333333333333,24.0,29.166666666666668,0.03975181719054488,220.34552001953125,0.03784789407573652,504.8299865722656,0.01902410187658843,296.75,0.036121792106260875,302.3299865722656,0.005577150077805015,184.7655029296875,72.16666666666667,1532.2761739130435,2.099,95.79589999999999,2.04,6.78,16.27
2024-11-07,225.7874298095703,42137700,0.004356836307937817,0.005677018058477978,0.08590419609649258,0.02484597597992333,4.608,316.7432,4.18,15.2,124.775,4.31,72.24,72.69,117.49571990966797,583.62060546875,0.01744153512886859,0.007732061163874038,72.0,24.0,29.2,0.006718227903009799,221.8258514404297,-0.007745128555218139,500.9200134277344,0.016748108578612086,301.7200012207031,0.010518384991887952,305.510009765625,0.035036277772382274,191.23899841308594,72.24,1533.1124565217392,2.095,95.81016,1.98,6.79,15.2
2024-11-08,225.51914978027344,38328800,-0.008635876571411849,0.012821639631809267,0.09169009250100624,0.04481149485342084,4.602666666666667,316.77906666666667,4.176666666666667,14.94,125.5811,4.3,72.31333333333333,70.69,117.3670425415039,586.1486206054688,-0.0010951664304281739,0.004331607062928011,72.16666666666667,24.0,29.233333333333334,-0.008649032964842318,219.9072723388672,-0.012457120068438576,494.67999267578125,-0.0015577396884581818,301.25,0.00016362080249709976,305.55999755859375,-0.010613626910440432,189.20925903320312,72.31333333333333,1533.948739130435,2.056,95.82442,1.95,6.788571428571428,14.94
2024-11-11,222.80645751953125,42005600,0.016902385753470694,0.03853191418837243,0.09927314659710107,0.0783372976728145,4.586666666666667,316.88666666666666,4.166666666666667,14.97,126.47742500000001,4.3975,72.53333333333333,68.995,116.71875,586.7073364257812,-0.0055236336152429955,0.0009531982174340037,72.66666666666667,24.0,29.333333333333332,-0.023604822783595436,214.71640014648438,0.01981082407949719,504.4800109863281,-0.001161845986773824,300.8999938964844,0.02726147779945043,313.8900146484375,-0.018070215704525605,185.7902069091797,72.53333333333333,1536.4575869565217,2.02825,95.8672,2.0475,6.784285714285715,14.97
2024-11-12,222.80645751953125,40398300,0.01806189683987869,0.04829869432929157,0.10582896242419793,0.09204371721818139,4.581333333333333,316.9225333333333,4.163333333333333,14.71,126.7762,4.43,72.60666666666667,68.43,116.8672103881836,584.8846435546875,0.001271949778279824,-0.0031066474849242853,72.83333333333333,24.0,29.366666666666667,-0.004173070201981988,213.82037353515625,0.0434902700722124,526.4199829101562,-0.010402143390834673,297.7699890136719,-0.013253061480049455,309.7300109863281,-0.010341454344372503,183.86886596679688,72.60666666666667,1537.2938695652174,2.019,95.88146,2.08,6.782857142857143,14.71
2024-11-13,223.69082641601562,48566200,0.01723522596007787,0.04357671406476027,0.1022122263315699,0.0871481756711312,4.576,316.9584,4.16,14.02,126.9572,4.44,72.67999999999999,68.76,116.4614028930664,585.1687622070312,-0.0034723811218669853,0.0004857686989643284,73.0,24.0,29.4,-0.030562554645951368,207.2854766845703,0.011549745996024319,532.5,0.029217223118585656,306.4700012207031,0.01100960042990451,313.1400146484375,-0.020470488455215485,180.10498046875,72.67999999999999,1538.130152173913,2.037,95.89572,2.09,6.781428571428572,14.02
2024-11-14,226.77114868164062,44923900,0.0013144548857686456,0.03991764319416502,0.09999122575289965,0.07413559199320341,4.570666666666667,316.99426666666665,4.156666666666666,14.31,127.0015,4.43,72.75333333333333,68.99,116.06549835205078,581.406005859375,-0.0033994484969337435,-0.006430207131126742,73.16666666666667,24.0,29.433333333333334,-0.002818988269195688,206.70114135742188,-0.0049389763057511304,529.8699951171875,-0.011191936118116641,303.0400085449219,-0.020725619366274484,306.6499938964844,0.017561101245747057,183.267822265625,72.75333333333333,1538.9664347826088,2.035,95.90997999999999,2.1,6.78,14.31
2024-11-15,223.57159423828125,47923700,0.021644434871227025,0.06484451120216583,0.1265777722449677,0.09377901483402806,4.565333333333333,317.0301333333333,4.153333333333333,16.14,126.8848,4.43,72.82666666666667,67.33,113.1852798461914,573.9590454101562,-0.024815458053891848,-0.012808537191168923,73.33333333333333,24.0,29.466666666666665,-0.027751501768075615,200.96487426757812,-0.05001226762073818,503.3699951171875,-0.0439876475513884,289.7099914550781,-0.024457851456966884,299.1499938964844,-0.09204305515776012,166.3992919921875,72.82666666666667,1539.8027173913044,1.997,95.92424,2.1,6.788571428571429,16.14
2024-11-18,226.57241821289062,44633700,0.0212700144457576,0.06416098433190887,0.08784320460109174,0.0780632582760048,4.549333333333333,317.13773333333336,4.1433333333333335,15.58,126.6045,4.42,73.04666666666667,69.46,113.55147552490234,576.310791015625,0.0032353648743772556,0.004097410127560819,73.83333333333333,24.0,29.566666666666666,0.01599210777716209,204.17872619628906,-0.007668286526819834,499.510009765625,0.015946965080435804,294.3299865722656,0.00969411317283142,302.04998779296875,0.010954555024674573,168.2221221923828,73.04666666666667,1542.3115652173913,2.079,95.96701999999999,2.08,6.814285714285714,15.58
2024-11-19,226.8307647705078,36211800,0.029700352781367956,0.06452603500663723,0.09422632051851854,0.08363278905816052,4.5440000000000005,317.1736,4.14,16.35,126.3994,4.39,73.12,69.75,114.48186492919922,578.41748046875,0.00819354746379175,0.0036554745910837294,74.0,24.0,29.6,0.003720558099408633,204.93838500976562,0.00020014731233186644,499.6099853515625,0.018007061979210093,299.6300048828125,0.010428818213432889,305.20001220703125,-0.00831703267373296,166.82301330566406,73.12,1543.147847826087,2.066,95.98128,2.05,6.822857142857143,16.35
2024-11-20,227.5461883544922,35169600,0.025895178845995126,0.061310110526983985,0.11131008705668877,0.07996336219889044,4.538666666666667,317.2094666666667,4.136666666666667,17.16,126.88,4.41,73.19333333333333,69.25,114.38290405273438,578.6134643554688,-0.0008644240424109384,0.00033882773833160407,74.16666666666667,24.0,29.633333333333333,0.002756193543189678,205.50323486328125,-0.0002201424206625946,499.5,0.014618044960235332,304.010009765625,0.008650013188952865,307.8399963378906,0.006969231347583316,167.9856414794922,73.19333333333333,1543.9841304347826,2.06,95.99554,2.06,6.831428571428571,17.16
2024-11-21,227.06922912597656,42108300,0.03855251276962779,0.06266412896962881,0.11705762616464832,0.052968209773816,4.533333333333333,317.24533333333335,4.133333333333333,16.87,127.1047,4.43,73.26666666666667,70.39,115.54586791992188,581.7196044921875,0.010167287470261632,0.005368247246335223,74.33333333333333,24.0,29.666666666666668,0.013980543308290905,208.37628173828125,0.009889894777590058,504.44000244140625,0.00822341343933819,306.510009765625,0.024590720550521805,315.4100036621094,0.03327654095831756,173.57562255859375,73.26666666666667,1544.8204130434783,2.095,96.0098,2.09,6.84,16.87
2024-11-22,228.41067504882812,38168300,0.04228484476243821,0.07343283059620997,0.12324356765881128,0.03345767373664277,4.5280000000000005,317.2812,4.13,15.24,127.4712,4.41,73.34,71.68,115.60526275634766,583.5225830078125,0.0005140368712011067,0.003099394453447868,74.5,24.0,29.7,0.0029443881246746795,208.9898223876953,0.01528431911692385,512.1500244140625,0.017487146196827563,311.8699951171875,0.01857894576432062,321.2699890136719,-0.004950220879135214,172.7163848876953,73.34,1545.656695652174,2.09,96.02405999999999,2.07,6.835,15.24
2024-11-25,231.39161682128906,90152800,0.04199767865448223,0.0639841877872378,0.11229444647660536,0.03966123205931016,4.5120000000000005,317.3888,4.12,14.6,126.9948,4.27,73.56,69.41,115.60031127929688,585.501953125,-4.28308965588764e-05,0.0033921054211556445,75.0,24.0,29.8,0.041893840822052164,217.74520874023438,0.012847712078536855,518.72998046875,0.0016674240529441775,312.3900146484375,-0.005851696173072574,319.3900146484375,-0.0018869806463228667,172.39047241210938,73.56,1548.1655434782608,2.058,96.06684,1.98,6.819999999999999,14.6
2024-11-26,233.56771850585938,45986200,0.033821181211796336,0.048625885488127185,0.08733943882490047,0.01374852731681142,4.506666666666667,317.42466666666667,4.116666666666666,14.1,127.4301,4.3,73.63333333333334,69.05,116.1793212890625,588.5591430664062,0.005008723621571454,0.00522148547086676,75.16666666666667,24.0,29.833333333333332,-0.020261174549671912,213.33343505859375,0.012665563147674197,525.2999877929688,-0.007330607373923437,310.1000061035156,-0.004477357236522983,317.9599914550781,-0.0077342614683130195,171.05715942382812,73.63333333333334,1549.0018260869565,2.064,96.08109999999999,2.02,6.8149999999999995,14.1
2024-11-27,233.43853759765625,33498400,0.03452100410572756,0.05546340495369906,0.07351136324120056,0.0053607421528256705,4.501333333333334,317.46053333333333,4.113333333333333,14.1,126.8205,4.25,73.70666666666666,69.03,114.6055908203125,586.7756958007812,-0.013545702034482021,-0.003030192099868212,75.33333333333333,24.0,29.866666666666667,-0.008582564076154653,211.5024871826172,-0.022120684156130554,513.6799926757812,-0.017478275785409392,304.67999267578125,-0.08592268694440586,290.6400146484375,-0.01085447248011262,169.20042419433594,73.70666666666666,1549.8381086956522,2.055,96.09536,1.99,6.81,14.1
2024-11-29,235.8233184814453,28481400,0.023216559493655087,0.0455062942104445,0.055155197533574674,-0.00560740636782453,4.490666666666667,317.53226666666666,4.1066666666666665,13.51,126.5798,4.18,73.85333333333334,68.26,115.66959381103516,590.4208984375,0.009284040884103728,0.006212259067315484,75.66666666666667,24.0,29.933333333333334,0.0040520807008024295,212.35951232910156,0.004380158916214905,515.9299926757812,0.006990957509570128,306.80999755859375,0.004335188496225939,291.8999938964844,0.01978758772767164,172.54849243164062,73.85333333333334,1551.5106739130435,2.04,96.12388,1.92,6.779999999999999,13.51
2024-12-02,238.06898498535156,48137100,0.029884331514837603,0.047789882495863134,0.017780247247660252,-0.016700520039335753,4.475161290322581,317.6477741935484,4.096774193548387,13.34,127.1272,4.19,73.9258064516129,68.35,116.76823425292969,591.479248046875,0.009498091985084223,0.001792534126376255,75.61290322580645,24.161290322580644,30.06451612903226,0.023251527804493355,217.2971954345703,0.0005233646717253126,516.2000122070312,0.011277310004923713,310.2699890136719,0.016272696469066927,296.6499938964844,0.048995422588581805,181.00257873535156,73.9258064516129,1554.0195217391304,2.042,96.13997741935484,1.93,6.735,13.34
2024-12-03,241.10952758789062,38861000,0.02110034367940883,0.04463225113493441,0.0029260783601203766,-0.013670347490474577,4.470322580645162,317.69154838709676,4.0935483870967735,13.3,126.9565,4.23,73.85161290322581,70.15,117.18889617919922,591.7534790039062,0.0036025373592474264,0.00046363580453046005,75.2258064516129,24.322580645161292,30.129032258064516,-0.007081278993741114,215.75845336914062,0.00011622928549970268,516.260009765625,0.009604573732062693,313.25,0.007786946253569793,298.9599914550781,-0.0006002266867360939,180.89393615722656,73.85161290322581,1554.855804347826,2.075,96.12755483870968,1.95,6.720000000000001,13.3
2024-12-04,241.46725463867188,44383900,0.014320372367470302,0.020739917185672807,0.008188919694267272,-0.06287757985915521,4.465483870967742,317.7353225806452,4.090322580645161,13.45,126.7574,4.19,73.77741935483871,68.81,119.33174133300781,595.4279174804688,0.018285394125838295,0.006209407476146511,74.83870967741936,24.483870967741936,30.193548387096776,-0.01462487904833587,212.60301208496094,0.03918564305984917,536.489990234375,0.03604152767732449,324.5400085449219,0.01762784212563062,304.2300109863281,-0.010919383402790306,178.91868591308594,73.77741935483871,1555.6920869565217,2.021,96.11513225806452,1.9,6.705,13.45
2024-12-05,241.4970703125,40033900,0.0202435724019685,0.027773102150081108,-0.003415103743332759,-0.09034386840711217,4.460645161290323,317.77909677419353,4.087096774193548,13.54,126.4286,4.17,73.70322580645161,68.58,118.72798919677734,594.4481201171875,-0.005059442940211767,-0.001645534807012794,74.45161290322581,24.64516129032258,30.258064516129032,-0.017178167379367393,208.9508819580078,0.003224627672911984,538.219970703125,-0.06393664711180858,303.7900085449219,0.003089775523324345,305.1700134277344,-0.050397527123310804,169.90162658691406,73.70322580645161,1556.5283695652174,2.011,96.10270967741936,1.92,6.69,13.54
2024-12-06,241.29832458496094,36870600,0.021783985520933857,0.04797401649845101,-0.0005765244334874353,-0.10550744931918954,4.4558064516129035,317.82287096774195,4.083870967741936,12.77,126.688,4.15,73.62903225806451,68.58,119.18822479248047,595.574951171875,0.0038763866786317713,0.0018955919222443107,74.06451612903226,24.806451612903224,30.322580645161292,0.017012291324434603,212.505615234375,0.027386667295669076,552.9600219726562,0.0122453047041311,307.510009765625,0.00832315730767319,307.7099914550781,0.005754996127861123,170.87940979003906,73.62903225806451,1557.364652173913,1.984,96.09028709677419,1.91,6.677142857142857,12.77
2024-12-09,245.1835174560547,44649200,0.017385982515812026,0.03452881618750214,-0.040121613007237156,-0.1492988046623589,4.441290322580645,317.9541935483871,4.074193548387097,14.19,126.5981,4.2,73.40645161290323,68.65,118.41127014160156,592.508056640625,-0.00651871988387831,-0.005149468635669563,72.90322580645162,25.29032258064516,30.516129032258064,0.00810015647564466,214.22694396972656,-0.009096551463034563,547.9299926757812,0.00728428396877967,309.75,0.002729831208660105,308.54998779296875,-0.00670449647384852,169.73374938964844,73.40645161290323,1559.8735,2.035,96.05301935483871,1.93,6.638571428571429,14.19
2024-12-10,246.197021484375,36914800,0.023045636602893715,0.04209555414741639,-0.053961358477543686,-0.1374066859839571,4.436451612903226,317.9979677419355,4.070967741935483,14.18,126.957,4.22,73.33225806451613,68.85,116.76823425292969,590.6658325195312,-0.01387567151933311,-0.003109196745000764,72.51612903225806,25.451612903225808,30.580645161290324,-0.0156593036955458,210.87229919433594,-0.0016060535005850696,547.0499877929688,-0.022243792246771643,302.8599853515625,-0.014778796755789969,303.989990234375,-0.021470969430865017,166.0894012451172,73.33225806451613,1560.7097826086956,2.045,96.04059677419355,1.93,6.6257142857142854,14.18
2024-12-11,244.92515563964844,45205800,0.006328912435445755,0.050833711545057,-0.05359240914274532,-0.1308560647145438,4.4316129032258065,318.04174193548386,4.067741935483871,13.58,126.8483,4.26,73.25806451612904,70.57,118.46074676513672,595.2320556640625,0.01449463137843554,0.007730637008498853,72.12903225806451,25.612903225806452,30.64516129032258,0.007003466855749041,212.34913635253906,0.005264610085143451,549.9299926757812,0.019547030687670386,308.7799987792969,0.011414853554973181,307.4599914550781,0.01760127737352013,169.01278686523438,73.25806451612904,1561.5460652173913,2.107,96.0281741935484,1.96,6.612857142857143,13.58
2024-12-12,246.38583374023438,32777500,0.007380129561008308,0.0307710801081702,-0.0406920308250216,-0.14129757451814073,4.426774193548387,318.08551612903227,4.064516129032258,13.92,126.9556,4.32,73.18387096774194,70.25,117.79759979248047,592.1650390625,-0.0055980313375114665,-0.005152640171807943,71.74193548387096,25.774193548387096,30.70967741935484,0.0027634077588258865,212.93594360351562,-0.13692649754668484,474.6300048828125,-0.0018135810635649952,308.2200012207031,0.0061146325865528706,309.3399963378906,-0.011979229393751845,166.98814392089844,73.18387096774194,1562.382347826087,2.132,96.01575161290323,2.0,6.6,13.92
2024-12-13,246.5547637939453,33155300,0.025631671026987934,0.01640268017261559,-0.08007902854108928,-0.13159784439034194,4.421935483870968,318.12929032258063,4.061290322580645,13.81,127.3096,4.4,73.10967741935484,71.54,118.30238342285156,592.0474853515625,0.0042851775525167835,-0.0001985151151840947,71.35483870967742,25.93548387096774,30.774193548387096,-0.0050983269759805605,211.85032653808594,-0.01883572961977731,465.69000244140625,-0.004769324556749055,306.75,-0.018006101345312775,303.7699890136719,0.0015968953926608354,167.2548065185547,73.10967741935484,1563.2186304347827,2.158,96.00332903225807,2.07,6.6171428571428565,13.81
2024-12-16,249.44627380371094,51694800,0.01684988191924841,-0.0024697647273064227,-0.08389113313784424,-0.14621013302718655,4.4074193548387095,318.2606129032258,4.051612903225807,14.69,127.2687,4.39,72.88709677419355,71.03,119.48514556884766,594.5755615234375,0.009997787971595784,0.004270056430311087,70.19354838709677,26.419354838709676,30.967741935483872,-0.0013849931679480454,211.55691528320312,-0.008932988984733048,461.5299987792969,0.021972258302771053,313.489990234375,0.003687084555002551,304.8900146484375,0.00035424917921944576,167.31405639648438,72.88709677419355,1565.7274782608695,2.13,95.96606129032259,2.07,6.668571428571428,14.69
2024-12-17,251.87078857421875,51356400,0.018620789594273823,-0.03799121854501386,-0.12166645543807797,-0.13795963118761434,4.402580645161291,318.3043870967742,4.048387096774193,15.87,127.5043,4.4,72.81290322580645,70.31,118.76262664794922,592.1258544921875,-0.006046935101921225,-0.0041200937101640855,69.80645161290323,26.580645161290324,31.032258064516128,-0.011511119618793031,209.1216583251953,-0.013650223841638942,455.2300109863281,-0.006826323638784992,311.3500061035156,-0.0067893575544138995,302.82000732421875,0.005489601821926815,168.2325439453125,72.81290322580645,1566.5637608695652,2.103,95.95363870967742,2.09,6.685714285714285,15.87
2024-12-18,246.4752655029297,56774100,0.04422490356746667,-0.01890750592939283,-0.09764165833436667,-0.10916069290645214,4.397741935483872,318.3481612903226,4.04516129032258,27.62,127.6418,4.5,72.73870967741935,70.8,114.93221282958984,574.4783935546875,-0.03225268694767047,-0.02980356423151731,69.41935483870968,26.741935483870968,31.096774193548388,-0.028294862085704975,203.20458984375,-0.030577978366528313,441.30999755859375,-0.032471545434238136,301.239990234375,-0.03298996271820698,292.8299865722656,-0.02870727730649758,163.40304565429688,72.73870967741935,1567.4000434782608,2.121,95.94121612903226,2.18,6.702857142857143,27.62
2024-12-19,248.20419311523438,60882300,0.023219586986845897,-0.019176076196752656,-0.10460774447308574,-0.10326263301265004,4.392903225806452,318.39193548387095,4.041935483870968,24.09,128.6366,4.57,72.66451612903226,70.1,115.0559310913086,574.302001953125,0.001076445486194455,-0.0003070465374180875,69.03225806451613,26.903225806451612,31.161290322580644,4.8058092622316195e-05,203.21435546875,-0.008882606176706442,437.3900146484375,-0.004547852747311509,299.8699951171875,0.002732023178061427,293.6300048828125,-0.024236743263613025,159.44268798828125,72.66451612903226,1568.2363260869565,2.119,95.9287935483871,2.28,6.72,24.09
2024-12-20,252.87437438964844,147495300,-0.008998348154685143,-0.04825337346035197,-0.1246021768153327,-0.1285568906086183,4.388064516129033,318.43570967741937,4.038709677419354,18.36,127.893,4.52,72.59032258064516,69.71,116.773193359375,581.1998901367188,0.014925456269643256,0.012010907432213225,68.64516129032258,27.064516129032256,31.225806451612904,0.019251221818286757,207.12648010253906,0.022359904094193306,447.1700134277344,0.005335665887113317,301.4700012207031,0.015291319550830407,298.1199951171875,0.01331743296830501,161.56605529785156,72.59032258064516,1569.0726086956522,2.121,95.91637096774194,2.23,6.738571428571428,18.36
2024-12-23,253.6494140625,40858800,-0.018999507193815268,-0.049241997674570825,-0.09954167581053142,-0.12212106621313101,4.373548387096775,318.5670322580645,4.029032258064516,16.78,128.3021,4.59,72.36774193548388,69.5,118.01044464111328,584.6803588867188,0.010595336533536281,0.0059884194905495125,67.48387096774194,27.548387096774192,31.419354838709676,0.014685019958021961,210.1681365966797,-0.0009616548078952292,446.739990234375,0.009752222209512329,304.4100036621094,-0.0021132594026940232,297.489990234375,0.023656847644397017,165.38819885253906,72.36774193548388,1571.581456521739,2.107,95.87910322580646,2.27,6.794285714285714,16.78
2024-12-24,256.5608215332031,23234700,-0.055577118312926665,-0.08268784825951281,-0.07722697257102273,-0.15515276879880247,4.368709677419355,318.6108064516129,4.025806451612903,14.27,128.3377,4.59,72.29354838709678,70.87,119.22985076904297,591.1790771484375,0.010333035619330744,0.011114993282984376,67.09677419354838,27.70967741935484,31.483870967741936,0.014891191316360075,213.29779052734375,0.002686153541798797,447.94000244140625,0.013698573831314897,308.5799865722656,0.012571921324164848,301.2300109863281,0.0054338635141395475,166.28689575195312,72.29354838709678,1572.4177391304347,2.095,95.8666806451613,2.24,6.812857142857142,14.27
2024-12-26,257.3756103515625,27237100,-0.06045863231299631,-0.09505063267724989,-0.07590146844486945,-0.14147850453016741,4.359032258064516,318.6983548387097,4.019354838709678,14.73,128.3329,4.58,72.14516129032258,70.38,119.30917358398438,591.2184448242188,0.0006652932502202447,6.659179477574995e-05,66.3225806451613,28.032258064516128,31.612903225806452,-0.00013742352284373816,213.2684783935547,0.004956023593792658,450.1600036621094,0.00035652302134914216,308.69000244140625,-0.0031537767565741337,300.2799987792969,-0.00487007534930517,165.47706604003906,72.14516129032258,1574.090304347826,2.089,95.84183548387097,2.23,6.85,14.73
2024-12-27,253.96739196777344,42355300,-0.041433592283396714,-0.08728823533900221,-0.07042534889585184,-0.12580546259082925,4.354193548387097,318.74212903225805,4.016129032258064,15.95,128.45,4.62,72.07096774193549,71.28,117.72293853759766,584.9949951171875,-0.013295164141507776,-0.01052648096742248,65.93548387096774,28.193548387096776,31.677419354838708,-0.00490693016687771,212.22198486328125,-0.008174854820161781,446.4800109863281,-0.011856566889639097,305.0299987792969,-0.008958313748307245,297.5899963378906,-0.004297120115300479,164.7659912109375,72.07096774193549,1574.9265869565218,2.122,95.82941290322582,2.28,6.8585714285714285,15.95
2024-12-30,250.5989227294922,35557500,-0.03961146304102636,-0.056819992582467393,-0.06423478518351822,-0.11127614136811281,4.339677419354839,318.87345161290324,4.006451612903226,17.4,128.8205,4.55,71.84838709677419,71.73,116.22593688964844,578.3192138671875,-0.012716312271385588,-0.011411689511399481,64.7741935483871,28.677419354838708,31.870967741935484,-0.020415827232607042,207.88929748535156,-0.0015230764572351507,445.79998779296875,-0.010392464480282193,301.8599853515625,-0.00020161147663588785,297.5299987792969,-0.019121319816886362,161.61544799804688,71.84838709677419,1577.4354347826086,2.189,95.79214516129032,2.24,6.884285714285714,17.4
2024-12-31,248.8302001953125,39480700,-0.030828211303182806,-0.08849127779055999,-0.08948960148978347,-0.1877109173441941,4.3348387096774195,318.9172258064516,4.003225806451613,17.35,129.2775,4.58,71.7741935483871,72.44,115.25932312011719,576.2152709960938,-0.008316678663980226,-0.0036380303829519622,64.38709677419355,28.838709677419356,31.93548387096774,-0.0004702650050097956,207.79153442382812,-0.0025123264868899264,444.67999267578125,-0.004637891620029921,300.4599914550781,-0.006587542308740479,295.57000732421875,-0.006172043396530991,160.61795043945312,71.7741935483871,1578.2717173913043,2.228,95.77972258064517,2.24,6.892857142857143,17.35
2025-01-02,242.30191040039062,55740700,-0.028706134161168073,-0.05687931696581339,-0.04531465667239609,-0.22662649663106482,4.33,318.9841612903226,4.006451612903226,17.93,129.4598,4.57,71.4741935483871,73.79,114.9866943359375,574.799560546875,-0.002365351251417347,-0.002456912408398071,63.96774193548387,28.93548387096774,31.967741935483872,-0.005224549057977423,206.70591735839844,-0.00827559759016272,441.0,-0.00931900376954975,297.6600036621094,-0.007612409731180603,293.32000732421875,0.00762455185878963,161.84259033203125,71.4741935483871,1579.6182999999999,2.266,95.80562580645162,2.23,6.91,17.93
2025-01-03,241.81503295898438,40244100,-0.036817964119465474,-0.08514140004884019,-0.04474857060284876,-0.25353583731027873,4.33,319.00732258064517,4.012903225806451,16.13,129.4535,4.6,71.2483870967742,74.64,116.86042785644531,581.9864501953125,0.01629522034117814,0.012503297047756545,63.935483870967744,28.870967741935484,31.93548387096774,0.019020528942923942,210.6375732421875,-0.02365077704258789,430.57000732421875,0.020829072139940896,303.8599853515625,0.0025228085909498876,294.05999755859375,0.03777385524143839,167.9560089111328,71.2483870967742,1580.1286,2.272,95.84395161290323,2.26,6.912857142857143,16.13
2025-01-06,243.44461059570312,45045600,-0.04783668892052628,-0.08640815133844704,-0.04808157455887052,-0.295471163854253,4.33,319.0768064516129,4.032258064516129,16.04,128.538,4.62,70.57096774193549,74.31,118.3475112915039,585.3390502929688,0.012725295143411364,0.005760615382937484,63.83870967741935,28.677419354838708,31.838709677419356,0.012211590786204596,213.2097930908203,0.0014166926195191554,431.17999267578125,0.014085531176219357,308.1400146484375,-0.005270991654211299,292.510009765625,0.04363157997540701,175.28419494628906,70.57096774193549,1581.6595,2.283,95.95892903225807,2.28,6.921428571428572,16.04
2025-01-07,240.67233276367188,40856000,-0.017918299603961296,-0.07658637055337758,-0.06019564688409129,-0.1781155822255438,4.33,319.0999677419355,4.038709677419355,17.82,128.613,4.67,70.34516129032258,74.99,115.97313690185547,578.722412109375,-0.02006273189640695,-0.01130394116073763,63.806451612903224,28.612903225806452,31.806451612903224,-0.009770687108497156,211.1265869140625,-0.01982927765249487,422.6300048828125,-0.02099695240192956,301.6700134277344,-0.0057775884071809,290.82000732421875,0.0019158340533236284,175.62001037597656,70.34516129032258,1582.1698,2.293,95.99725483870968,2.29,6.924285714285714,17.82
2025-01-08,241.15921020507812,37628900,-0.05949726060940452,-0.08207662194764687,-0.060979486365054236,-0.21454740104311332,4.33,319.1231290322581,4.04516129032258,17.7,129.0785,4.67,70.11935483870968,73.99,115.93347930908203,579.56787109375,-0.0003419549891713336,0.0014609058966514876,63.774193548387096,28.548387096774192,31.774193548387096,0.021170114289910336,215.59616088867188,-0.007216757625603476,419.5799865722656,0.0035137650790990627,302.7300109863281,0.01908392701050099,296.3699951171875,-0.004667649570573973,174.80027770996094,70.11935483870968,1582.6801,2.286,96.03558064516129,2.27,6.927142857142857,17.7
2025-01-10,235.3463592529297,61710900,-0.029005827994511568,-0.02951238743024598,-0.016779611115624427,-0.16247474091588776,4.33,319.16945161290323,4.058064516129033,19.54,129.8664,4.77,69.66774193548387,77.27,113.40542602539062,570.7193603515625,-0.021806067572176846,-0.015267427998534089,63.70967741935484,28.419354838709676,31.70967741935484,-0.03660865251027823,207.70347595214844,-0.03255630292599421,405.9200134277344,-0.012321246163125132,299.0,-0.03849918632146876,284.9599914550781,-0.030171239480465295,169.52633666992188,69.66774193548387,1583.7006999999999,2.406,96.11223225806452,2.34,6.945714285714286,19.54
2025-01-13,232.91189575195312,49630700,-0.05017061586411109,0.01646764430611558,0.011648628934506133,-0.13505683985326633,4.33,319.238935483871,4.077419354838709,19.19,130.0413,4.79,68.99032258064517,79.57,112.60240173339844,571.604248046875,-0.007081004147124315,0.00155047779484363,63.61290322580645,28.225806451612904,31.612903225806452,0.002731108565165119,208.27073669433594,0.006355898913382729,408.5,-0.021739130434782594,292.5,-0.0004912413498631141,284.82000732421875,-0.004602307922590643,168.74612426757812,68.99032258064517,1585.2316,2.385,96.22720967741935,2.34,6.992857142857143,19.19
2025-01-14,231.7990264892578,39435300,-0.04050929285879745,0.02606308225805476,0.03650354768335662,-0.1325350543845143,4.33,319.26209677419354,4.083870967741936,18.71,129.3812,4.78,68.76451612903226,78.2,112.89981842041016,572.3908081054688,0.0026412996741924655,0.0013760570557013185,63.58064516129032,28.161290322580644,31.580645161290324,0.007983160369987141,209.9333953857422,0.010305976634218172,412.7099914550781,0.005777786124465889,294.19000244140625,0.007197485219622157,286.8699951171875,0.016329042568794527,171.5015869140625,68.76451612903226,1585.7419,2.365,96.26553548387098,2.34,7.008571428571429,18.71
2025-01-15,236.35989379882812,39832000,-0.05973848298543549,-0.001177204872124027,0.029423343272166003,-0.18239548376825898,4.33,319.28525806451614,4.090322580645162,16.12,129.2092,4.66,68.53870967741936,80.73,115.14530181884766,582.8025512695312,0.019889167492509907,0.01818992027234656,63.54838709677419,28.096774193548388,31.548387096774192,0.01663176019819468,213.42495727539062,0.011073168614373463,417.2799987792969,0.02219653531767274,300.7200012207031,0.01418763688602609,290.94000244140625,0.027238866258440853,176.173095703125,68.53870967741936,1586.2522,2.463,96.30386129032259,2.24,7.024285714285714,16.12
2025-01-16,226.81089782714844,71759100,-0.024007757120274698,0.03390867461516289,0.07219307441686196,-0.1360879326874852,4.33,319.3084193548387,4.096774193548387,16.6,129.436,4.61,68.31290322580645,79.35,114.25801849365234,581.6817016601562,-0.007705770979620441,-0.00192320642202648,63.516129032258064,28.032258064516128,31.516129032258064,-0.014664097808410603,210.29527282714844,0.023125944029702472,426.92999267578125,-0.006052165858043579,298.8999938964844,-0.0029559904513777324,290.0799865722656,0.045408499109623746,184.1728515625,68.31290322580645,1586.7625,2.43,96.3421870967742,2.19,7.04,16.6
2025-01-17,228.5199432373047,68488300,-0.0005216915305352732,-0.008565810354945858,0.06591555461391851,-0.1591773472763569,4.33,319.3315806451613,4.103225806451613,15.97,129.4859,4.61,68.08709677419355,78.56,116.0474853515625,587.521728515625,0.01566163041773372,0.010039901270404217,63.483870967741936,27.967741935483872,31.483870967741936,0.019254006211475216,214.34429931640625,0.007167445743071932,429.989990234375,0.02241556488405827,305.6000061035156,0.004722923669966184,291.45001220703125,0.029869381419246777,189.67398071289062,68.08709677419355,1587.2728,2.419,96.3805129032258,2.2,7.0285714285714285,15.97
2025-01-21,221.2265625,98070400,0.07015813711727947,0.04563430315711403,0.10537322158509022,-0.10187012218808489,4.33,319.4242258064516,4.129032258064516,15.06,128.4151,4.57,67.18387096774194,76.79,117.01409149169922,592.899658203125,0.008329401858286012,0.009153584329701925,63.354838709677416,27.70967741935484,31.35483870967742,0.010448935693403216,216.58396911621094,0.0148142869877399,436.3599853515625,0.017571973200054547,310.9700012207031,0.018733886520476917,296.9100036621094,0.004269507341393419,190.48379516601562,67.18387096774194,1589.314,2.411,96.53381612903226,2.19,6.982857142857143,15.06
2025-01-22,222.4090118408203,64126500,0.06938303270826296,0.038600702246333496,0.09824416462441121,-0.08490835869901314,4.33,319.4473870967742,4.135483870967742,15.1,128.3402,4.6,66.95806451612904,76.12,119.65614318847656,596.2326049804688,0.02257891902672915,0.005621434809803594,63.32258064516129,27.64516129032258,31.322580645161292,0.011876316881295423,219.15618896484375,0.0022000687617651504,437.32000732421875,0.03382959440581401,321.489990234375,0.015290857461604856,301.45001220703125,0.013688017811605668,193.0911407470703,66.95806451612904,1589.8243,2.369,96.57214193548387,2.2,6.9714285714285715,15.1
2025-01-23,222.2401123046875,60234800,0.06228190461229355,0.042743400357356576,0.10601660394893742,-0.06733850436479139,4.33,319.47054838709676,4.141935483870967,15.02,128.2162,4.65,66.73225806451613,75.03,119.86930847167969,599.4869384765625,0.0017814821497912359,0.005458160907185539,63.29032258064516,27.580645161290324,31.29032258064516,0.01905571546138507,223.33236694335938,-9.14857409947123e-05,437.2799987792969,0.009424861959428155,324.5199890136719,-0.0012274858841654357,301.0799865722656,-0.024602310923589443,188.3406524658203,66.73225806451613,1590.3346,2.362,96.61046774193548,2.23,6.96,15.02
2025-01-24,221.3656768798828,54697900,0.05934107792143073,0.021770444243673692,0.11011585036375515,-0.05956496333841832,4.33,319.49370967741936,4.148387096774194,14.85,127.4611,4.63,66.50645161290323,74.97,118.62014770507812,597.7368774414062,-0.010421022549710335,-0.0029192646625522123,63.25806451612903,27.516129032258064,31.258064516129032,-0.048084182420295773,212.59361267089844,-0.0043450281325200235,435.3800048828125,-0.0124490883893551,320.4800109863281,-0.0008303441316249716,300.8299865722656,-0.020713122715675936,184.4395294189453,66.50645161290323,1590.8449,2.384,96.64879354838709,2.2,6.958571428571428,14.85
2025-01-27,228.40072631835938,94863400,-0.008048317563518537,-0.008525721065680059,0.04682976950884088,-0.08478615382868127,4.33,319.56319354838706,4.167741935483871,17.9,128.0912,4.53,65.82903225806452,73.51,112.80563354492188,589.2815551757812,-0.04901793053413417,-0.014145558998831964,63.16129032258065,27.322580645161292,31.161290322580644,-0.0089708010781957,210.6864776611328,0.007395840839245382,438.6000061035156,-0.09551302677172735,289.8699951171875,-0.005850411616543094,299.07000732421875,-0.06522098289057165,172.4102020263672,65.82903225806452,1592.3758,2.324,96.76377096774193,2.13,6.954285714285715,17.9
2025-01-28,236.74740600585938,75707600,-0.02291608418380664,-0.022598208060363945,-0.002934102320276577,-0.11255676428402661,4.33,319.58635483870967,4.174193548387097,16.41,128.2817,4.55,65.60322580645162,74.15,115.81449890136719,594.3448486328125,0.02667300614243806,0.00859231620701384,63.12903225806452,27.258064516129032,31.129032258064516,-0.027388278687260126,204.9161376953125,0.009667100263045292,442.8399963378906,0.03253179989177202,299.29998779296875,0.036312519094531925,309.92999267578125,-0.009852664930536381,170.7115020751953,65.60322580645162,1592.8861,2.31,96.80209677419354,2.13,6.952857142857143,16.41
2025-01-29,237.84042358398438,45486100,-0.028785130790762392,-0.009314747891045916,0.011471850779265713,-0.111239800065567,4.33,319.6095161290322,4.180645161290323,16.56,128.3418,4.55,65.37741935483871,72.94,114.87268829345703,591.6804809570312,-0.008132061329490736,-0.004482864925825725,63.096774193548384,27.193548387096776,31.096774193548388,0.001861291627374806,205.29754638671875,-0.0026194645282768825,441.67999267578125,-0.03147338220632412,289.8800048828125,-0.018584775220746086,304.1700134277344,0.01405841335911262,173.11143493652344,65.37741935483871,1593.3964,2.317,96.84042258064515,2.15,6.951428571428572,16.56
2025-01-30,236.08164978027344,55658300,-0.018392955928274057,0.01770092478292984,0.0029535581627713192,-0.10116355209562244,4.33,319.6326774193548,4.187096774193549,15.84,128.1004,4.52,65.15161290322581,73.1,115.08583068847656,594.8560791015625,0.0018554662399388189,0.005367082820435076,63.064516129032256,27.129032258064516,31.06451612903226,0.01186223371125239,207.7328338623047,0.00978085354975522,446.0,0.027183678591416127,297.760009765625,0.019002526627004634,309.95001220703125,0.0367412834746772,179.47177124023438,65.15161290322581,1593.9067,2.285,96.87874838709678,2.14,6.95,15.84
2025-01-31,234.5017547607422,100959800,-0.03546604059900682,0.03758026176858653,0.0008024956815346762,-0.12891615192226447,4.33,319.65583870967737,4.193548387096774,16.43,128.4828,4.58,64.9258064516129,72.84,114.41167449951172,591.6903076171875,-0.005857855697194436,-0.005321911628030085,63.03225806451613,27.06451612903226,31.032258064516128,-0.0024010614383935813,207.2340545654297,-0.019170376217418683,437.45001220703125,-0.0004702265040483766,297.6199951171875,0.004484542913748779,311.3399963378906,-0.007539112429647665,178.11871337890625,64.9258064516129,1594.417,2.302,96.91707419354839,2.16,6.941428571428571,16.43
2025-02-03,226.56248474121094,73063300,-0.0004812769720687893,0.07336867412235137,0.035038795463280925,-0.12675458827819153,4.33,319.6865714285714,4.2,18.62,129.109,4.54,64.15,73.52,112.87006378173828,587.7085571289062,-0.013474243118258178,-0.006729450249601476,62.857142857142854,26.714285714285715,31.0,-0.03138427709118374,200.73016357421875,0.002628857845225374,438.6000061035156,0.00228476811685141,298.29998779296875,-0.016412877920178093,306.2300109863281,-0.00859431031180169,176.58790588378906,64.15,1595.9479,2.358,96.98642857142858,2.09,6.9157142857142855,18.62
2025-02-04,231.32208251953125,45067300,0.0003253314462525747,0.05300349790671777,0.011979083800156332,-0.14635634057268365,4.33,319.6903571428571,4.2,17.21,128.1083,4.52,63.875,73.04,114.49595642089844,591.6510009765625,0.014404994421764572,0.00670816138345165,62.785714285714285,26.571428571428573,31.0,0.0037517905668484897,201.48326110839844,0.0037163813500444842,440.2300109863281,0.0045927780450212286,299.6700134277344,0.0020246059985780107,306.8500061035156,-0.0013424506377633927,176.35084533691406,63.875,1596.4582,2.301,97.00194285714285,2.08,6.907142857142857,17.21
2025-02-05,230.99415588378906,39620300,0.020047451410591943,0.05863248858055514,0.02952161561239519,-0.15487679603298443,4.33,319.6941428571428,4.2,15.77,127.9751,4.43,63.6,71.39,116.08714294433594,594.0499267578125,0.013897316317339037,0.004054629802519472,62.714285714285715,26.428571428571427,31.0,0.018397039715604135,205.18995666503906,-0.0059060173968839,437.6300048828125,0.009944206411125034,302.6499938964844,0.014697667128367176,311.3599853515625,0.011816830688128777,178.43475341796875,63.6,1596.9685,2.271,97.01745714285714,2.01,6.898571428571429,15.77
2025-02-06,231.73941040039062,29925300,0.03677019325522135,0.05402615373897901,-0.023539510777246808,-0.15227189553569653,4.33,319.6979285714286,4.2,15.5,128.2017,4.45,63.325,70.97,116.4043960571289,596.1146240234375,0.0027328875941505792,0.0034756291897781733,62.642857142857146,26.285714285714285,31.0,-0.009389745725712495,203.26327514648438,-0.005095653774757181,435.3999938964844,0.0008591104274529027,302.9100036621094,-0.011754796109714305,307.70001220703125,0.011789479985291562,180.5384063720703,63.325,1597.4788,2.294,97.03297142857143,2.03,6.89,15.5
2025-02-07,226.18490600585938,39707200,0.07573222451696493,0.08672704387309293,-0.02876237565651918,-0.12688010338350808,4.33,319.7017142857143,4.2,16.54,128.4292,4.49,63.050000000000004,71.32,115.40804290771484,590.6580200195312,-0.008559411698893848,-0.00915361540214743,62.57142857142857,26.142857142857142,31.0,-0.012606502394478802,200.70083618164062,-0.005351370245585185,433.07000732421875,-0.010663269443986878,299.67999267578125,-0.021287026489098082,301.1499938964844,-0.01531732585966672,177.77304077148438,63.050000000000004,1597.9891,2.301,97.0484857142857,2.07,6.887142857142857,16.54
2025-02-10,226.4534454345703,33115600,0.07388551048918823,0.08517468638763548,-0.04687008219810551,-0.07284675618038938,4.33,319.7130714285714,4.2,15.81,128.6382,4.51,62.225,72.73,117.09341430664062,594.6693725585938,0.01460358703312803,0.006791328320455037,62.357142857142854,25.714285714285715,31.0,-0.0017056016324631385,200.3585205078125,0.04163298883406319,451.1000061035156,0.01985455269771208,305.6300048828125,0.012751108801983158,304.989990234375,0.020333402743599516,181.3877716064453,62.225,1599.52,2.293,97.09502857142857,2.07,6.878571428571428,15.81
2025-02-11,231.3973388671875,53718400,0.0526610341700573,0.03327324703907508,-0.09861577320615511,-0.08344404984788512,4.33,319.7168571428571,4.2,16.02,128.4322,4.54,61.95,73.67,117.1479263305664,595.1215209960938,0.0004655430388511572,0.0007603358409977723,62.285714285714285,25.571428571428573,31.0,-0.006833910403530763,198.98928833007812,0.01711372448736248,458.82000732421875,-0.005758628856809556,303.8699951171875,-0.017279219588885675,299.7200012207031,-0.0025047468212008317,180.93344116210938,61.95,1600.0303,2.357,97.11054285714286,2.08,6.8757142857142854,16.02
2025-02-12,235.625,45243300,0.0378267080777519,0.0018154478199601254,-0.09870385288875994,-0.10242554034731433,4.33,319.7206428571429,4.2,15.89,128.3288,4.62,61.675000000000004,71.72,116.89512634277344,593.2044067382812,-0.0021579552938872926,-0.0032213828439672243,62.214285714285715,25.428571428571427,31.0,0.008208060110902915,200.6226043701172,0.008587250726889373,462.760009765625,-0.032316475736380856,294.04998779296875,-0.008140939648567214,297.2799987792969,-0.012609155234247882,178.6520233154297,61.675000000000004,1600.5406,2.277,97.12605714285714,2.16,6.872857142857143,15.89
2025-02-13,240.26051330566406,53614100,0.016643958898526767,0.0012835239661741493,-0.11398169139752512,-0.12339130022247957,4.33,319.7244285714286,4.2,15.1,127.8931,4.52,61.4,71.66,118.5507583618164,599.4672241210938,0.014163396463494404,0.010557604278849553,62.142857142857146,25.285714285714285,31.0,0.020523420933201697,204.7400665283203,-0.007649771955694273,459.2200012207031,0.00717570466497075,296.1600036621094,0.020855800028558802,303.4800109863281,0.018685463163701677,181.99021911621094,61.4,1601.0509,2.27,97.14157142857142,2.08,6.87,15.1
2025-02-14,243.31439208984375,40896200,0.010220777165121042,-0.026860151467604232,-0.13045787707047574,-0.13517157941764413,4.33,319.7282142857143,4.2,14.77,127.1491,4.47,61.125,71.05,118.95226287841797,599.437744140625,0.0033867730763574855,-4.917696795181392e-05,62.07142857142857,25.142857142857142,31.0,0.02517438530553906,209.89427185058594,0.0020469544856660526,460.1600036621094,-0.00327526069931372,295.19000244140625,-0.002504315731223672,302.7200012207031,-0.08178228210137561,167.1066436767578,61.125,1601.5612,2.276,97.15708571428571,2.04,6.867142857142857,14.77
2025-02-18,243.18507385253906,48822500,0.010512457602025682,-0.03493278724598159,-0.1195648443278966,-0.1448693847174476,4.33,319.7433571428571,4.2,15.35,127.2906,4.55,60.025,72.21,120.03784942626953,601.1975708007812,0.009126237043183938,0.0029357955473410247,61.785714285714285,24.571428571428573,31.0,0.02614042205697431,215.38099670410156,0.008583930932757777,464.1099853515625,0.017751245608038868,300.42999267578125,-0.023321873447821995,295.6600036621094,0.016548507825548286,169.87200927734375,60.025,1603.6024,2.262,97.21914285714286,2.1,6.855714285714286,15.35
2025-02-19,243.5829620361328,32204200,-0.01841788239674713,-0.03728504102464547,-0.12565846499501077,-0.15411740805701624,4.33,319.7471428571429,4.2,15.27,127.7317,4.53,59.75,72.58,120.04774475097656,602.6133422851562,8.243503823446297e-05,0.0023549188372289365,61.714285714285715,24.428571428571427,31.0,0.09735725485892566,236.3498992919922,-0.015341180629402151,456.989990234375,-0.08784071089513013,274.0400085449219,0.0114996748101579,299.05999755859375,0.011976844497828543,171.9065399169922,59.75,1604.1127000000001,2.33,97.23465714285715,2.08,6.852857142857142,15.27
2025-02-20,244.5379180908203,32316900,-0.03469872183622191,-0.04271243102708422,-0.11210993709798622,-0.1768498350527956,4.33,319.7509285714286,4.2,15.66,127.1126,4.5,59.475,72.88,119.66607666015625,600.106201171875,-0.0031793024651319834,-0.00416044740027488,61.642857142857146,24.285714285714285,31.0,0.008938226055747567,238.4624481201172,-0.005032906282671834,454.69000244140625,-0.013903070499901804,270.2300109863281,-0.026884266068873397,291.0199890136719,0.013532140364512335,174.23280334472656,59.475,1604.623,2.358,97.25017142857142,2.05,6.85,15.66
2025-02-21,244.2593994140625,53197400,-0.015108961989991898,-0.02638966142971444,-0.101079199969215,-0.17888797100210752,4.33,319.7547142857143,4.2,18.21,127.1408,4.42,59.2,70.72,116.4242172241211,589.8419799804688,-0.027090880945665363,-0.017104007876210026,61.57142857142857,24.142857142857142,31.0,-0.02013786263327544,233.6603240966797,-0.022806736593078747,444.32000732421875,-0.043999608352304986,258.3399963378906,-0.020685826544337704,285.0,-0.022896573032532008,170.24346923828125,59.2,1605.1333,2.266,97.26568571428571,2.0,6.837142857142857,18.21
2025-02-24,245.80125427246094,51326400,-0.03670576716584839,-0.07940104406086324,-0.09449618038701879,-0.2087168833045675,4.33,319.7660714285714,4.2,18.98,127.1921,4.4,58.375,71.06,114.75868225097656,587.1580200195312,-0.014305743365560342,-0.004550303389776356,61.357142857142854,23.714285714285715,31.0,-0.008036484689675105,231.7825164794922,0.00022507675069127764,444.4200134277344,-0.020863975636969068,252.9499969482422,0.0009123149671053099,285.260009765625,-0.019827775664519987,166.867919921875,58.375,1606.6642,2.209,97.31222857142856,1.98,6.798571428571428,18.98
2025-02-25,245.74154663085938,48013300,-0.04497247362575829,-0.10605555396183952,-0.10326261828840111,-0.18850161174369218,4.33,319.7698571428572,4.2,19.43,127.3752,4.3,58.1,69.15,113.2715835571289,584.2379150390625,-0.012958485272559828,-0.004973286374205688,61.285714285714285,23.571428571428573,31.0,-0.007131092430668118,230.12965393066406,-0.002272646899573627,443.4100036621094,-0.016011081639137226,248.89999389648438,-0.0053986135181975925,283.7200012207031,-0.01797472461232119,163.86851501464844,58.1,1607.1745,2.163,97.32774285714285,1.92,6.785714285714286,19.43
2025-02-26,239.0966796875,44433600,-0.01922117191169559,-0.09727080227500151,-0.06868854279412662,-0.16507399115731003,4.33,319.7736428571429,4.2,19.1,127.2822,4.25,57.825,68.87,114.50587463378906,584.5328369140625,0.01089674071730129,0.0005047975617609168,61.214285714285715,23.428571428571427,31.0,-0.0066723569775630764,228.59414672851562,-0.004307533989613921,441.5,0.020249130849790076,253.94000244140625,0.006873016349363326,285.6700134277344,0.017941228314319213,166.8085174560547,57.825,1607.6848,2.119,97.34325714285714,1.89,6.772857142857142,19.1
2025-02-27,236.05276489257812,41153600,-0.008301769998798947,-0.11639284770982516,-0.0817531842693262,-0.15629083318541215,4.33,319.7774285714286,4.2,21.13,127.9704,4.29,57.550000000000004,70.62,110.3370590209961,575.20263671875,-0.03640700205230174,-0.01596180677302861,61.142857142857146,23.285714285714285,31.0,-0.042270931743139006,218.93125915527344,-0.009762168875637078,437.19000244140625,-0.02118612597892633,248.55999755859375,-0.011621826471676977,282.3500061035156,-0.07044087141531674,155.05838012695312,57.550000000000004,1608.1951000000001,2.166,97.35877142857143,1.92,6.76,21.13
2025-02-28,240.5688934326172,56833400,-0.011453753770077402,-0.11722624802873893,-0.08150014433027486,-0.16840314391995947,4.33,319.7812142857143,4.2,19.63,128.2805,4.24,57.275,69.97,111.7944107055664,584.1788940429688,0.01320817953189235,0.015605382783750565,61.07142857142857,23.142857142857142,31.0,0.02774173102519195,225.00479125976562,0.003133637799439537,438.55999755859375,0.007804966448589301,250.5,-0.02882951823083435,274.2099914550781,0.00912938970307331,156.47396850585938,57.275,1608.7054,2.145,97.3742857142857,1.86,6.741428571428571,19.63
2025-03-03,236.7789306640625,47184000,-0.044322155619471726,-0.10095373340007929,-0.062345175241649065,-0.15151676064201913,4.33,319.8183548387097,4.2,22.78,127.75,4.16,56.69032258064516,68.63,108.39393615722656,573.9442138671875,-0.030417214303277595,-0.017519770536298163,61.0,24.161290322580644,32.483870967741936,-0.006650520272937999,223.50839233398438,0.004925218155175548,440.7200012207031,-0.034970037951440824,241.74000549316406,-0.007950084766106591,272.0299987792969,-0.037578459313885815,150.5939178466797,56.69032258064516,1610.2363,2.088,97.38603225806452,1.8,6.685714285714286,22.78
2025-03-04,234.68994140625,53798100,-0.06395949713405946,-0.09850370335694747,-0.051032011671816035,-0.13730098357415554,4.33,319.83503225806453,4.2,23.51,127.9966,4.22,56.535483870967745,68.47,108.30966186523438,567.1504516601562,-0.0007774816099486159,-0.011836973076626123,61.0,24.741935483870968,33.225806451612904,-0.0059769197464255575,222.17250061035156,0.012048460573348407,446.0299987792969,-0.0018615545495384023,241.2899932861328,-0.016909922156224,267.42999267578125,0.004864163428433654,151.32643127441406,56.535483870967745,1610.7466,2.076,97.38414838709677,1.87,6.667142857142857,23.51
2025-03-05,234.50096130371094,47227600,-0.07957923654962784,-0.08696029575251063,-0.1380757932504374,-0.1385171576083296,4.33,319.85170967741936,4.2,21.93,126.504,4.28,56.380645161290325,66.58,109.83146667480469,573.24609375,0.01405049912780476,0.010747839611165988,61.0,25.322580645161292,33.96774193548387,0.014545857134645068,225.40419006347656,0.011680809518052504,451.239990234375,0.014132387405165314,244.6999969482422,-0.0007104754388435053,267.239990234375,0.016026895951520848,153.75172424316406,56.380645161290325,1611.2569,2.089,97.38226451612903,1.94,6.648571428571429,21.93
2025-03-06,234.09310913085938,45170400,-0.10899593691005705,-0.09021371146520885,-0.199507076414693,-0.14633453021557308,4.33,319.8683870967742,4.2,24.87,126.1099,4.29,56.225806451612904,66.62,106.78292083740234,563.0703125,-0.02775657950948296,-0.01775115672124894,61.0,25.903225806451612,34.70967741935484,-0.02919769844332787,218.82290649414062,-0.014316088101417601,444.7799987792969,-0.006293393156267757,243.16000366210938,-0.025632299941075187,260.3900146484375,-0.02433697459368156,150.00987243652344,56.225806451612904,1611.7672,2.063,97.38038064516128,1.95,6.63,24.87
2025-03-07,237.8134765625,46273600,-0.10699802327109365,-0.08700385439038116,-0.24097549595312107,-0.14590964434278764,4.33,319.88506451612903,4.2,23.37,125.9814,4.32,56.07096774193548,67.29,108.3294906616211,566.2262573242188,0.014483306994137246,0.005604885844907148,61.0,26.483870967741936,35.45161290322581,0.013870935035742216,221.85818481445312,0.010387146746407394,449.3999938964844,0.0002056384726301097,243.2100067138672,-0.0024579078015015687,259.75,0.027319368933949706,154.10804748535156,56.07096774193548,1612.2775000000001,2.071,97.37849677419355,1.99,6.632857142857143,23.37
2025-03-10,226.2843780517578,72071200,-0.05925802100949218,-0.02967294239770224,-0.24204335427116785,-0.11326646739636537,4.33,319.9350967741936,4.2,27.86,126.268,4.22,55.60645161290323,66.31,103.72447204589844,551.14453125,-0.04250937198723592,-0.026635511651277977,61.0,28.225806451612904,37.67741935483871,-0.042504321616583796,212.42825317382812,-0.03186472523076456,435.0799865722656,-0.038032974567870026,233.9600067138672,-0.043695884902851256,248.39999389648438,-0.03654907979256661,148.4755401611328,55.60645161290323,1613.8084000000001,2.006,97.37284516129031,1.91,6.6414285714285715,27.86
2025-03-11,219.67929077148438,76137400,-0.03690460628265724,0.013176862633363706,-0.09957447789809226,-0.08107341426648595,4.33,319.95177419354843,4.2,26.92,126.0457,4.28,55.45161290322581,66.52,103.3031234741211,546.5628662109375,-0.0040621905657026725,-0.008313000999340847,61.0,28.806451612903228,38.41935483870968,-0.03320076329769539,205.37547302246094,-0.003263728403927413,433.6600036621094,0.0012394993922506536,234.25,0.009863173378547918,250.85000610351562,-0.020001453163781102,145.5058135986328,55.45161290322581,1614.3187,2.039,97.37096129032258,1.97,6.644285714285714,26.92
2025-03-12,215.8395538330078,62547500,-0.008019222833710926,0.020969637817216613,-0.12240770955021618,-0.08267737159462807,4.33,319.96845161290327,4.2,24.23,125.8664,4.32,55.29677419354839,67.65,104.92900848388672,549.4632568359375,0.015738972405543228,0.005306600218026203,61.0,29.387096774193548,39.16129032258065,-0.011765827330566192,202.9590606689453,0.011391418160977773,438.6000061035156,0.021216654090514986,239.22000122070312,0.003986445986321252,251.85000610351562,0.014082722822639449,147.554931640625,55.29677419354839,1614.829,2.04,97.36907741935484,1.99,6.647142857142858,24.23
2025-03-13,208.57791137695312,61368300,0.02107984264371665,0.06757937934484426,-0.054988521044361804,-0.04873504703438247,4.33,319.9851290322581,4.2,24.66,126.0031,4.27,55.14193548387097,66.82,102.93630981445312,542.1386108398438,-0.01899092251252521,-0.013330547411436466,61.0,29.967741935483872,39.903225806451616,-0.013648168857897325,200.1890411376953,-0.13853171208411885,377.8399963378906,0.009781775461708886,241.55999755859375,-0.01953549060353066,246.92999267578125,0.005970635439330962,148.43592834472656,55.14193548387097,1615.3393,1.999,97.36719354838709,1.98,6.65,24.66
2025-03-14,212.36790466308594,60107600,0.022389837202770657,0.020656582033451887,-0.05138419354345025,-0.07860965675253528,4.33,320.00180645161294,4.2,21.77,125.6942,4.31,54.98709677419355,67.43,106.0492935180664,553.3369140625,0.03024184283684317,0.020655793553070456,61.0,30.548387096774196,40.645161290322584,0.024288565746990898,205.0513458251953,0.04472791144474608,394.739990234375,0.02430036088969434,247.42999267578125,0.03037298109771336,254.42999267578125,0.03807945334947527,154.08828735351562,54.98709677419355,1615.8496,1.997,97.36530967741935,2.01,6.652857142857143,21.77
2025-03-17,212.87521362304688,48073400,0.03144866421666137,0.03799070890309575,-0.05542065473489699,-0.07158782279967224,4.33,320.05183870967744,4.2,20.51,125.3688,4.31,54.52258064516129,67.84,106.78787231445312,557.6038818359375,0.006964485777181562,0.007711337640769589,61.0,32.29032258064516,42.87096774193549,0.014035761366160582,207.9293975830078,0.011653255857822842,399.3399963378906,0.031039114747231755,255.11000061035156,0.024328902329114,260.6199951171875,-0.0012849649397475016,153.89028930664062,54.52258064516129,1617.3805,2.035,97.35965806451613,2.02,6.661428571428572,20.51
2025-03-18,211.57211303710938,42432400,0.05200052792560572,0.04936753502735902,-0.08660496956855068,-0.07895740462540723,4.33,320.0685161290323,4.2,21.7,125.488,4.29,54.36774193548387,67.49,105.16199493408203,551.5770263671875,-0.015225299887832278,-0.010808489081722827,61.0,32.87096774193549,43.61290322580645,-0.011904722591651873,205.4540557861328,-0.019957933825289875,391.3699951171875,-0.004821432811713766,253.8800048828125,-0.002570727199403877,259.95001220703125,-0.012543535903647984,151.9599609375,54.36774193548387,1617.8908000000001,2.03,97.35777419354838,1.99,6.664285714285715,21.7
2025-03-19,214.1086883544922,54385400,0.029223208068343443,0.040187781676612744,-0.08483549576259741,-0.08549620801339697,4.33,320.0851935483871,4.2,19.9,125.8006,4.25,54.21290322580646,67.4,106.53012084960938,557.584228515625,0.013009699144495235,0.010890957855881567,61.0,33.45161290322581,44.354838709677416,0.0038725886186163905,206.24969482421875,-0.008891791686043815,387.8900146484375,0.018985375892219603,258.70001220703125,0.03212146641211677,268.29998779296875,0.006188768018148272,152.90040588378906,54.21290322580646,1618.4011,2.066,97.35589032258065,1.94,6.667142857142857,19.9
2025-03-20,212.97470092773438,48862900,0.0455395697370089,-0.05095744154938808,-0.09780483768236603,-0.05995524989772527,4.33,320.10187096774195,4.2,19.8,125.985,4.24,54.058064516129036,68.55,105.77169799804688,555.9718017578125,-0.007119327806200282,-0.0028918084037365954,61.0,34.03225806451613,45.096774193548384,-0.019383758557881436,202.25180053710938,0.0044341711262763095,389.6099853515625,-0.0007731434000520787,258.5,-0.0017889694021170355,267.82000732421875,-0.0005179392087066859,152.8212127685547,54.058064516129036,1618.9114,2.084,97.3540064516129,1.93,6.67,19.8
2025-03-21,217.12278747558594,94127800,-0.0016952977291527782,-0.1369405325988332,-0.08489482906433099,-0.07562097491531417,4.33,320.1185483870968,4.2,19.28,126.2679,4.25,53.903225806451616,68.52,106.05919647216797,556.1552734375,0.0027181039877643975,0.00033000177186570667,61.0,34.612903225806456,45.83870967741935,-0.007284997843041263,200.7783966064453,-0.006031610262290932,387.260009765625,0.015164462002840828,262.4200134277344,-0.002128322412928263,267.25,-0.01463931502339777,150.58401489257812,53.903225806451616,1619.4217,2.082,97.35212258064516,1.92,6.667142857142857,19.28
2025-03-24,219.56985473632812,44299500,0.006342579047695862,-0.1779096619603009,-0.07307572831456877,-0.09136655100547408,4.33,320.1685806451613,4.2,17.48,126.1956,4.34,53.438709677419354,69.46,108.06781768798828,566.1151733398438,0.018938680309042555,0.01790848775160092,61.0,36.35483870967742,48.064516129032256,0.03884532040938993,208.57769775390625,0.018617960216036122,394.4700012207031,0.018024465462701977,267.1499938964844,0.007259129808816711,269.19000244140625,0.018603917811045312,153.38546752929688,53.438709677419354,1620.9526,2.091,97.34647096774194,1.98,6.658571428571428,17.48
2025-03-25,222.573974609375,34493600,-0.0025028437043074225,-0.22940789249975047,-0.0687375022349267,-0.09799187035121526,4.33,320.1852580645162,4.2,17.15,126.0535,4.31,53.28387096774194,69.48,108.42535400390625,567.4760131835938,0.003308443934254779,0.0024038215328545665,61.0,36.935483870967744,48.806451612903224,0.005839781092704666,209.79574584960938,0.02324641518837267,403.6400146484375,0.007336670409349155,269.1099853515625,0.01445070060395759,273.0799865722656,-0.00845460776521123,152.08865356445312,53.28387096774194,1621.4629,2.121,97.34458709677419,1.96,6.655714285714286,17.15
2025-03-26,220.36563110351562,34466100,0.01065325142526441,-0.1023789004784833,-0.0552971558692974,-0.0914837830692703,4.33,320.201935483871,4.2,18.33,126.2364,4.35,53.12903225806452,70.05,106.00706481933594,560.701416015625,-0.02230372413156423,-0.01193812074974343,61.0,37.516129032258064,49.54838709677419,-0.014280348768587858,206.79978942871094,-0.014443605386650238,397.80999755859375,-0.021180862843148462,263.4100036621094,-0.006847792621714643,271.2099914550781,-0.01926563329902775,149.1585693359375,53.12903225806452,1621.9732000000001,2.124,97.34270322580645,1.98,6.652857142857143,18.33
2025-03-27,222.67347717285156,37094800,-0.09229398301077174,-0.14934130987261196,-0.06124649484014022,-0.10054204276546863,4.33,320.21861290322585,4.2,18.69,126.3626,4.38,52.9741935483871,70.3,105.02882385253906,559.2123413085938,-0.009228073321943753,-0.0026557355920602266,61.0,38.09677419354839,50.29032258064516,-0.007552370423566823,205.2379608154297,-0.00417285556496072,396.1499938964844,-0.003302817300376737,262.5400085449219,-0.005162029204651364,269.80999755859375,-0.019909862207189266,146.1888427734375,52.9741935483871,1622.4835,2.111,97.34081935483871,1.99,6.65,18.69
2025-03-28,216.75469970703125,39818600,-0.13547490516877014,-0.09063784649547535,-0.030702059437801688,-0.05718651911168526,4.33,320.2352903225807,4.2,21.65,126.4187,4.27,52.81935483870968,69.74,102.48145294189453,547.9507446289062,-0.024254017299299213,-0.02013831928911769,61.0,38.67741935483871,51.03225806451613,-0.035321206128408056,197.98870849609375,-0.02635366048783594,385.7099914550781,-0.02228234140746077,256.69000244140625,-0.030317604053959557,261.6300048828125,-0.01774089642520449,143.59532165527344,52.81935483870968,1622.9938000000002,2.093,97.33893548387097,1.9,6.648571428571429,21.65
2025-03-31,220.96249389648438,65299300,-0.18309097204488256,-0.08828169163478927,-0.04335302028216559,-0.0631948157164306,4.33,320.2853225806452,4.2,22.28,126.7075,4.23,52.35483870967742,71.87,102.53109741210938,551.6289672851562,0.0004844239497949765,0.006712688489439067,61.0,40.41935483870968,53.25806451612903,0.0005458025609716977,198.09677124023438,-0.005651895787187944,383.5299987792969,-0.00919397166973912,254.3300018310547,0.00064970724681368,261.79998779296875,0.00041346714891399294,143.65469360351562,52.35483870967742,1624.5247000000002,2.135,97.33328387096775,1.85,6.644285714285714,22.28
2025-04-01,222.01690673828125,36412700,-0.22747438161937028,-0.0943143346093841,-0.044222376478512126,-0.046916997134040295,4.33,320.302,4.2,21.77,126.4338,4.17,52.2,71.61,103.28091430664062,553.18701171875,0.007313068068680373,0.002824442743211364,61.0,41.0,54.0,-0.012346957089059307,195.65087890625,-0.0008603931200060755,383.20001220703125,0.01753629804489165,258.7900085449219,0.010733375437801396,264.6099853515625,0.003721153439663727,144.1892547607422,52.2,1625.035,2.123,97.3314,1.84,6.642857142857142,21.77
2025-04-02,222.71324157714844,35905900,-0.11184068496721822,-0.1322971402262373,-0.08280850536132645,-0.04493264642034134,4.33,320.31260000000003,4.203333333333333,21.51,126.3811,4.2,52.2,72.12,104.04562377929688,556.6878051757812,0.007404170245683739,0.0063284086265045225,61.13333333333333,40.6,53.3,0.0020585429493402696,196.0536346435547,0.006732741362418748,385.7799987792969,0.023764417842340402,264.94000244140625,0.012546795313894687,267.92999267578125,0.01434835194384676,146.2581329345703,52.2,1625.5228351648352,2.135,97.32862666666666,1.88,6.6414285714285715,21.51
2025-04-03,202.12205505371094,103419000,-0.06284780071312146,-0.030562639100468303,-0.02116248414365074,0.034624235001684545,4.33,320.32320000000004,4.206666666666667,30.02,124.7316,4.06,52.2,67.43,96.9447250366211,529.2537841796875,-0.06824793282741337,-0.04928080108999533,61.266666666666666,40.2,52.6,-0.09374217568630783,177.67514038085938,-0.04803255440388399,367.25,-0.06050425995161701,248.91000366210938,-0.0402343861231752,257.1499938964844,-0.08284253189796364,134.14173889160156,52.2,1626.0106703296703,2.011,97.32585333333334,1.78,6.64,30.02
2025-04-04,187.38987731933594,125910900,0.051863224030584965,0.02537419641728067,0.05377425853058382,0.11628297641933738,4.33,320.3338,4.21,45.31,125.8129,4.01,52.2,62.42,90.5588607788086,498.2696838378906,-0.06587118850871176,-0.05854299254528794,61.4,39.8,51.9,-0.0900044125282825,161.68359375,-0.04950304336495914,349.07000732421875,-0.06440078158151208,232.8800048828125,-0.04526540799504786,245.50999450683594,-0.06316885017858376,125.66815948486328,52.2,1626.4985054945055,1.927,97.32308,1.83,6.637142857142857,45.31
2025-04-07,180.50625610351562,160466300,0.11605855384830233,0.10073849979433058,0.08150556846191148,0.1650878664455051,4.33,320.36560000000003,4.22,46.98,126.8282,4.15,52.2,61.05,91.10012817382812,497.3821716308594,0.005976967801544886,-0.0017811884523963872,61.8,38.6,49.8,0.04094762825855858,168.3041534423828,-0.023977984191043356,340.70001220703125,0.004036424002478389,233.82000732421875,-0.007698258449497897,243.6199951171875,0.046475027861631046,131.5085906982422,52.2,1627.962010989011,1.907,97.31476,1.96,6.628571428571428,46.98
2025-04-08,171.5137481689453,120859500,0.1723697490953331,0.1866373970503521,0.14540095593321367,0.23354929683972658,4.33,320.37620000000004,4.223333333333334,52.33,126.8668,4.26,52.2,60.04,89.24794006347656,489.5918273925781,-0.02033134472453657,-0.015662692960500824,61.93333333333333,38.2,49.1,-0.03064066928129794,163.14720153808594,-0.002054629239654604,340.0,-0.00932344481346059,231.63999938964844,-0.019620716177248032,238.83999633789062,-0.029281037743368987,127.65788269042969,52.2,1628.4498461538462,1.853,97.31198666666667,2.04,6.6257142857142854,52.33
2025-04-09,197.80484008789062,184395900,-0.023032416496430175,0.04787524632930196,-0.0016091534448920974,0.06329851154077759,4.33,320.3868,4.226666666666667,33.62,126.628,4.34,52.2,62.63,101.23009490966797,541.0084228515625,0.13425693453170173,0.10501930911064017,62.06666666666667,37.8,48.4,0.18387609819103323,193.1460723876953,0.07247063131893383,364.6400146484375,0.14250558881805575,264.6499938964844,0.10337465592017892,263.5299987792969,0.1610576000751598,148.21815490722656,52.2,1628.9376813186814,1.947,97.30921333333333,2.07,6.622857142857143,33.62
2025-04-10,189.41912841796875,121880000,0.034450286343264525,0.09904443226442372,0.10842578710161588,0.09701491214757296,4.33,320.3974,4.23,40.72,125.089,4.4,52.2,60.57,96.51766967773438,517.3019409179688,-0.04655162317232531,-0.043819062573260736,62.2,37.4,47.7,-0.09291563033431527,175.1997833251953,-0.040012138737805625,350.04998779296875,-0.04016621904091666,254.02000427246094,-0.02508247782863715,256.9200134277344,-0.0767380869654738,136.84417724609375,52.2,1629.4255164835165,1.884,97.30644,2.21,6.62,40.72
2025-04-11,197.1085205078125,87435900,-0.02518295820991101,0.06050974693335598,0.07599918685240037,0.056695524220093496,4.33,320.408,4.233333333333333,37.56,124.0163,4.48,52.2,61.91,98.49401092529297,526.5320434570312,0.02047647082816506,0.01784277577362925,62.333333333333336,37.0,47.0,0.004485410201958917,175.98562622070312,0.006913336700830497,352.4700012207031,0.021454991168319726,259.4700012207031,0.005955156077115831,258.45001220703125,0.048466362332770574,143.4765167236328,52.2,1629.9133516483516,1.899,97.30366666666667,2.28,6.65,37.56
2025-04-14,201.45555114746094,101352900,-0.013726926782780757,0.04290938043903658,0.049814615934099526,0.03908550980637049,4.33,320.4398,4.243333333333333,30.89,123.6598,4.38,52.2,61.99,99.3927993774414,531.6401977539062,0.009125310703715472,0.009701506983955888,62.733333333333334,35.8,44.9,-0.0031257928065233642,175.43553161621094,-0.00442590164607215,350.9100036621094,0.0042008568727121,260.55999755859375,0.008744357288853699,260.7099914550781,-0.0028287087026661606,143.07066345214844,52.2,1631.3768571428573,1.922,97.29534666666666,2.15,6.74,30.89
2025-04-15,201.07752990722656,51343900,0.012169921619036073,0.05125173615629963,0.047429099979154454,0.04034545327196448,4.33,320.4504,4.246666666666667,30.12,123.776,4.35,52.2,61.74,99.75528717041016,530.151123046875,0.0036470226740692446,-0.0028009069165995104,62.86666666666667,35.4,44.2,0.005263129055121718,176.35887145996094,-0.0015103552870131542,350.3800048828125,0.014392078734790203,264.30999755859375,0.017759215352551205,265.3399963378906,0.006365424919629659,143.9813690185547,52.2,1631.8646923076924,1.917,97.29257333333334,2.16,6.7700000000000005,30.12
2025-04-16,193.24891662597656,59732400,0.07257934042340008,0.09805941067502189,0.08888166148575571,0.08846925733537336,4.33,320.461,4.25,32.64,123.2724,4.29,52.2,62.88,96.28925323486328,518.3668212890625,-0.03474536572308107,-0.022228193519776007,63.0,35.0,43.5,-0.0201070181274986,172.8128204345703,-0.017666540199622882,344.19000244140625,-0.019106306381200144,259.260009765625,-0.019522095226024327,260.1600036621094,-0.049914036331003,136.794677734375,52.2,1632.3525274725275,1.952,97.2898,2.12,6.8,32.64
2025-04-17,195.94467163085938,52164700,0.06244296780031511,0.042491685116065714,0.06129449757542571,0.08010276114108783,4.33,320.4716,4.253333333333333,29.65,123.1298,4.34,52.2,65.07,95.76785278320312,519.1064453125,-0.005414939197714852,0.0014268351928818923,63.13333333333333,34.6,42.8,0.0019327248577343248,173.14682006835938,0.013393722417452514,348.79998779296875,0.003702813464930399,260.2200012207031,-0.002652223369055684,259.4700012207031,-0.005282557365463125,136.07205200195312,52.2,1632.8403626373627,1.978,97.28702666666666,2.11,6.83,29.65
2025-04-21,192.14474487304688,46742500,0.08790644958966509,0.029664643700111792,0.07233006771228156,0.11141618935487907,4.33,320.514,4.266666666666667,33.82,122.3145,4.42,52.2,63.48,93.29496002197266,506.7503662109375,-0.025821741736535953,-0.023802592345244733,63.666666666666664,33.0,40.0,-0.007261607335633413,171.88949584960938,-0.015997668484947436,343.2200012207031,-0.03327954662010968,251.55999755859375,-0.020040840651244007,254.27000427246094,-0.013822188840113991,134.1912384033203,52.2,1634.7917032967034,1.947,97.27593333333333,2.2,6.8185714285714285,33.82
2025-04-22,198.690185546875,52976400,0.057424570090989,-0.006158112516664871,0.013091950456787904,0.0735496138652183,4.33,320.5246,4.27,30.57,122.4175,4.41,52.2,64.6,95.5692367553711,519.934814453125,0.024377273251018128,0.0260176392979643,63.8,32.6,39.300000000000004,0.020058233724961072,175.33729553222656,0.019491878146997488,349.9100036621094,0.026196519326788792,258.1499938964844,0.027018563969563036,261.1400146484375,0.020212279305923175,136.90354919433594,52.2,1635.2795384615386,2.036,97.27316,2.14,6.815714285714286,30.57
2025-04-23,203.52462768554688,52929200,0.03861191061155966,-0.040811309480521696,-0.014545151928410105,0.04614029339812964,4.33,320.53520000000003,4.273333333333333,28.45,123.0252,4.4,52.2,62.64,98.3400650024414,527.991455078125,0.028992888728020416,0.015495482127839688,63.93333333333333,32.2,38.6,0.025826425333774772,179.86563110351562,0.005858614419461672,351.9599914550781,0.028161997687922602,265.4200134277344,0.012636852293247403,264.44000244140625,0.038177971717024084,142.1302490234375,52.2,1635.7673736263737,2.009,97.27038666666667,2.11,6.812857142857142,28.45
2025-04-24,207.27479553222656,47311000,0.023755883869218897,-0.052214666988516845,-0.06163997378967745,0.027789390738091724,4.33,320.5458,4.276666666666666,26.47,122.9251,4.32,52.2,63.55,102.00970458984375,539.1051635742188,0.03731581413243168,0.02104903098185429,64.06666666666666,31.8,37.9,0.06618964861091348,191.7708740234375,0.025429061326061486,360.9100036621094,0.06163810008252013,281.7799987792969,0.027492016890609206,271.7099914550781,0.045897708641271295,148.65370178222656,52.2,1636.2552087912088,2.026,97.26761333333333,2.02,6.81,26.47
2025-04-25,208.18003845214844,38222300,-0.018778685810831308,-0.05136658050219134,-0.042084579764392505,0.024133700331892216,4.33,320.5564,4.28,24.84,122.8858,4.29,52.2,63.85,103.5192642211914,543.0003662109375,0.014798196283551945,0.007225311311978455,64.2,31.4,37.2,-0.0032781143319454698,191.14222717285156,0.01886896314730424,367.7200012207031,0.02785863488367779,289.6300048828125,-0.00655109799151854,269.92999267578125,0.009189739985007384,150.01979064941406,52.2,1636.743043956044,2.06,97.26483999999999,2.02,6.8028571428571425,24.84
2025-04-28,209.03550720214844,38743100,-0.05353567479218546,0.004408530009925249,-0.04500417574525972,0.006695791647356231,4.33,320.58820000000003,4.29,25.15,122.7176,4.23,52.2,63.3,103.35043334960938,543.2073974609375,-0.0016309125924744983,0.000381272763119167,64.6,30.2,35.1,-0.004471010993560398,190.28762817382812,0.002447497806746135,368.6199951171875,-0.013430979466410697,285.739990234375,0.005705214636046785,271.4700012207031,-0.005015004022194791,149.26744079589844,52.2,1638.2065494505496,2.057,97.25652,1.98,6.781428571428571,25.15
2025-04-29,210.09988403320312,36827600,-0.06012975715344193,0.009465610911848499,-0.052070483007393475,-0.008928902137873007,4.33,320.5988,4.293333333333333,24.17,122.5944,4.19,52.2,61.84,103.83210754394531,546.6293334960938,0.0046605919174673716,0.006299501905075555,64.73333333333333,29.8,34.4,-0.005420229353788719,189.2562255859375,0.006402300201838962,370.9800109863281,0.057674849686985,302.2200012207031,0.005230830004601117,272.8900146484375,-0.008223245216839148,148.03997802734375,52.2,1638.6943846153847,1.991,97.25374666666666,1.96,6.774285714285714,24.17
2025-04-30,211.3831024169922,52286500,-0.07647054619787208,0.000510351288434796,-0.05358407005224708,-0.021919046447236745,4.33,320.6094,4.296666666666667,24.7,122.5921,4.17,52.2,59.55,104.26411437988281,546.8462524414062,0.00416062859703259,0.0003968300492129817,64.86666666666666,29.4,33.7,0.011678132621081083,191.4663848876953,0.010782252093219702,374.9800109863281,-0.014823674701319622,297.739990234375,0.004983639116713512,274.25,0.007756483543304826,149.18824768066406,52.2,1639.1822197802198,1.909,97.25097333333333,1.94,6.767142857142857,24.7
2025-05-01,212.19879150390625,57365700,-0.07420768178699988,-0.007466278747017663,-0.05323233616123502,-0.05004034038367233,4.33,320.62,4.3,24.6,123.1405,4.25,52.2,60.59,105.79354095458984,550.7216186523438,0.014668772509155215,0.007086756457844956,65.0,29.0,33.0,-0.006053901592301125,190.30726623535156,-0.0009333993633287019,374.6300048828125,0.006683753668382364,299.7300109863281,-0.002771229774384709,273.489990234375,-0.01161160540731443,147.4559326171875,52.2,1639.670054945055,1.886,97.2482,2.0,6.76,24.6
2025-05-02,204.27069091796875,101010600,-0.03321156422115523,0.030129190195564703,-0.008830974691725224,-0.008440897211072995,4.33,320.6462903225806,4.293548387096774,22.68,122.4962,4.33,52.4741935483871,59.67,107.56131744384766,558.8966674804688,0.016709682588435193,0.014844248983960195,65.06451612903226,28.806451612903224,32.96774193548387,0.02503356123892786,195.0713348388672,0.01665640806407631,380.8699951171875,0.028091891374001587,308.1499938964844,0.02376686618193835,279.989990234375,0.04121911422490343,153.533935546875,52.4741935483871,1640.15789010989,1.887,97.25888387096774,2.06,6.76,22.68
2025-05-05,197.8446502685547,69018500,0.061221752641746896,0.05110247635595,0.021096877844711148,0.021600350518168776,4.33,320.7251612903226,4.274193548387097,23.64,122.2613,4.36,53.29677419354839,58.5,106.99026489257812,555.6917724609375,-0.005309088479393598,-0.005734324797424639,65.25806451612904,28.225806451612904,32.87096774193548,-0.004380799886109399,194.21676635742188,0.0004988642944891986,381.05999755859375,0.002206693783059599,308.8299865722656,0.00028578553746427815,280.07000732421875,-0.0031593122639633764,153.0488739013672,53.29677419354839,1641.6213956043957,1.866,97.29093548387097,2.08,6.76,23.64
2025-05-06,197.4666290283203,51216500,0.07404784713101353,0.04342991164711263,0.01200493958314297,0.07566192029115126,4.33,320.7514516129032,4.267741935483871,24.76,122.0417,4.3,53.57096774193548,60.42,106.10140228271484,551.047119140625,-0.008307883065395982,-0.008358326594873233,65.3225806451613,28.032258064516128,32.83870967741935,-0.010722262945477734,192.1343231201172,0.00503861187223964,382.9800109863281,-0.009875944453519137,305.7799987792969,-0.005105840105634196,278.6400146484375,-0.01021922669423403,151.48483276367188,53.57096774193548,1642.1092307692309,1.864,97.3016193548387,2.04,6.76,24.76
2025-05-07,195.21852111816406,68536700,0.08335510813367142,0.031108249664819176,0.04044532052571226,0.12264213694698878,4.33,320.7777419354839,4.261290322580645,23.55,122.117,4.26,53.84516129032259,59.42,107.16407012939453,553.3645629882812,0.010015587200705722,0.00420552756227166,65.38709677419355,27.838709677419356,32.806451612903224,0.021779161933064728,196.31884765625,0.0051960681426947986,384.9700012207031,0.008372024229228447,308.3399963378906,0.01693931400728732,283.3599853515625,0.01816632435878973,154.23675537109375,53.84516129032259,1642.597065934066,1.819,97.31230322580645,2.01,6.76,23.55
2025-05-08,196.45201110839844,50478900,0.07209111776689725,0.020932949085565644,0.021389115798537528,0.16284739992352426,4.33,320.8040322580645,4.254838709677419,22.48,122.7568,4.37,54.11935483870968,61.25,108.1869888305664,557.22021484375,0.009545351347114428,0.006967652273661029,65.45161290322581,27.64516129032258,32.774193548387096,0.014610112022802602,199.1870880126953,-0.0025456814380876436,383.989990234375,-0.001232421636264358,307.9599914550781,0.022092074002115103,289.6199951171875,0.001219422915970103,154.42483520507812,54.11935483870968,1643.0849010989011,1.901,97.3229870967742,2.08,6.76,22.48
2025-05-09,197.48654174804688,36453900,0.06551666535573797,-0.01513095096626782,0.022191886283291273,0.1471115500447442,4.33,320.83032258064515,4.248387096774193,21.9,122.5191,4.37,54.39354838709678,62.37,108.05291748046875,556.5103759765625,-0.0012392557695419804,-0.0012738928852151776,65.51612903225806,27.451612903225808,32.74193548387097,0.02332578132630614,203.83328247070312,-0.0018489842785869293,383.2799987792969,-0.00707881782137032,305.7799987792969,-0.007388937804496121,287.4800109863281,-0.0025000034583660957,154.0387725830078,54.39354838709678,1643.5727362637363,1.925,97.33367096774194,2.08,6.767142857142857,21.9
2025-05-12,209.95704650878906,63775800,-0.00953549647904084,-0.05019206387909081,-0.056976128554707905,0.09070938451257637,4.33,320.9091935483871,4.229032258064516,18.39,123.4863,4.45,55.21612903225807,63.32,113.06824493408203,574.9014892578125,0.04641547466332718,0.03304720644062975,65.70967741935483,26.870967741935484,32.645161290322584,0.07536985292719534,219.1961669921875,0.03303069218960042,395.94000244140625,0.019589215312602493,311.7699890136719,0.019897039801404226,293.20001220703125,0.07955792348454716,166.2937774658203,55.21612903225807,1645.0362417582419,1.968,97.36572258064515,2.16,6.788571428571428,18.39
2025-05-13,212.08860778808594,51909300,-0.028507049816902663,-0.058751723720647964,-0.06448130748298542,0.09704974423787904,4.33,320.93548387096774,4.22258064516129,18.22,122.9583,4.49,55.49032258064516,65.04,115.5113525390625,578.6981201171875,0.02160737178157124,0.006603967688927792,65.7741935483871,26.677419354838708,32.61290322580645,0.015819018686774378,222.66363525390625,0.003687405783895814,397.3999938964844,0.022099672486870947,318.6600036621094,0.012994534106306466,297.010009765625,0.030001847089100364,171.28289794921875,55.49032258064516,1645.524076923077,2.027,97.37640645161291,2.17,6.795714285714285,18.22
2025-05-14,211.49098205566406,49325800,-0.048226900004061934,-0.058305561513831705,-0.07478921951970208,0.09755651999062365,4.33,320.96177419354837,4.216129032258064,18.62,122.6746,4.53,55.76451612903226,64.48,116.26116943359375,579.437744140625,0.006491283134077097,0.0012780826440004223,65.83870967741936,26.483870967741936,32.58064516129032,0.0006177152567032884,222.80117797851562,0.005208876084577874,399.4700012207031,0.002290877354982346,319.3900146484375,-0.004949332252684457,295.5400085449219,0.0064149436677987115,172.3816680908203,55.76451612903226,1646.0119120879122,2.051,97.38709032258065,2.16,6.8028571428571425,18.62
2025-05-15,210.6144561767578,45029500,-0.047718116336875616,-0.050130085651282075,-0.0616221500679317,0.09649000215825332,4.33,320.98806451612904,4.209677419354838,17.83,122.8174,4.45,56.038709677419355,63.03,116.4200668334961,582.2679443359375,0.0013667280371982837,0.004884390469782174,65.90322580645162,26.29032258064516,32.54838709677419,0.00132253553710715,223.09584045410156,0.01306731720717913,404.69000244140625,-0.0019412805858947113,318.7699890136719,0.0008120397490565257,295.7799987792969,0.0035029903414163233,172.9855194091797,56.038709677419355,1646.4997472527473,1.99,97.39777419354839,2.11,6.81,17.83
2025-05-16,210.42520141601562,54737900,-0.0756887423202155,-0.04525240917140627,-0.07393730984089975,0.09415902017820188,4.33,321.01435483870966,4.203225806451613,17.24,123.0737,4.43,56.31290322580645,63.84,116.6385498046875,585.9559936523438,0.0018766779399284061,0.006333938442399267,65.96774193548387,26.096774193548388,32.516129032258064,-4.397841460068719e-05,223.08602905273438,0.030739584290094824,417.1300048828125,0.008752419114341992,321.55999755859375,0.007776008528165956,298.0799865722656,-0.052532116926686134,163.89822387695312,56.31290322580645,1646.9875824175824,1.976,97.40845806451613,2.09,6.817142857142857,17.24
2025-05-19,207.9550018310547,46140500,-0.04104798027139955,-0.026391383551824577,-0.058434730237775345,0.10557360550532957,4.33,321.09322580645164,4.183870967741935,18.14,122.4186,4.46,57.13548387096775,63.98,116.4697265625,586.596923828125,-0.001447405188680695,0.0010938196429841618,66.16129032258064,25.516129032258064,32.41935483870968,-0.011316150582695195,220.56155395507812,0.008510506919697791,420.67999267578125,-0.003918428209949809,320.29998779296875,-0.007313448651316112,295.8999938964844,0.0022346594441569056,164.2644805908203,57.13548387096775,1648.451087912088,1.968,97.44050967741936,2.1,6.838571428571429,18.14
2025-05-20,206.04258728027344,42496600,-0.031132159938005888,-0.01953010125668664,-0.0283283074902132,0.09381460270882314,4.33,321.11951612903226,4.177419354838709,18.09,122.3199,4.48,57.40967741935484,63.97,116.03274536132812,584.6246337890625,-0.003751886555150241,-0.0033622577257844677,66.2258064516129,25.322580645161292,32.38709677419355,-0.0002226262116974409,220.512451171875,-0.007297726009481975,417.6099853515625,0.000780518293873822,320.54998779296875,-0.0002027629598895242,295.8399963378906,-0.0012655550453742892,164.0565948486328,57.40967741935484,1648.9389230769232,1.974,97.4511935483871,2.13,6.845714285714286,18.09
2025-05-21,201.2914276123047,59211800,-0.010589353187028139,-0.007224468771781956,-0.0029195331809410696,0.11413347726074496,4.33,321.1458064516129,4.170967741935484,20.87,121.7496,4.58,57.68387096774194,62.93,113.85281372070312,574.7733154296875,-0.01878721074673062,-0.0168506727051968,66.29032258064517,25.129032258064516,32.354838709677416,-0.010111819503354158,218.2826690673828,-0.008572559799430612,414.0299987792969,-0.009358914722335299,317.54998779296875,-0.009836410553445751,292.92999267578125,-0.021118691679099633,160.59193420410156,57.68387096774194,1649.4267582417583,1.975,97.46187741935485,2.23,6.852857142857143,20.87
2025-05-22,200.5643310546875,46742400,-0.002532831250688483,0.012713455624175696,-0.005264229411274246,0.13239201459748284,4.33,321.17209677419356,4.164516129032258,20.28,122.0429,4.54,57.958064516129035,62.55,113.88260650634766,575.0001831054688,0.0002616780795388074,0.00039470808698149895,66.35483870967742,24.935483870967744,32.32258064516129,-0.04630560838923947,208.17495727539062,0.0007245556936772424,414.3299865722656,-0.0028971278397782463,316.6300048828125,0.007066559846979681,295.0,-0.0077269789985380255,159.35104370117188,57.958064516129035,1649.9145934065934,1.946,97.47256129032259,2.2,6.86,20.28
2025-05-23,194.49838256835938,78432900,0.03292866217513213,0.03164840382324896,0.03221184615937411,0.16463256295028517,4.33,321.1983870967742,4.158064516129032,22.29,121.3837,4.51,58.23225806451613,62.89,112.62629699707031,571.0752563476562,-0.011031618855749659,-0.006825957405117156,66.41935483870968,24.741935483870968,32.29032258064516,-0.006888903971969729,206.74085998535156,-0.016025835314966375,407.69000244140625,-0.0035372362060317464,315.510009765625,0.0011864613678496116,295.3500061035156,-0.0187517654978393,156.36293029785156,58.23225806451613,1650.4024285714286,1.948,97.48324516129033,2.18,6.864285714285715,22.29
2025-05-27,199.4188690185547,56288500,0.015283972939254209,0.012287059988377091,0.003945867795944968,0.14664719072408494,4.33,321.3035483870968,4.132258064516129,18.96,121.6099,4.43,59.329032258064515,61.61,115.30280303955078,582.9483032226562,0.023764485860261253,0.020790686941918546,66.6774193548387,23.967741935483872,32.16129032258065,0.03050313274759131,213.04710388183594,0.01326989533643741,413.1000061035156,0.02399282613018827,323.0799865722656,0.016962854730028232,300.3599853515625,0.027427051991036455,160.65150451660156,59.329032258064515,1652.3537692307693,1.9,97.5259806451613,2.11,6.881428571428572,18.96
2025-05-28,199.62803649902344,45339700,0.011974862000349695,-0.008182866954631995,0.0032930966046089694,0.1513401197891311,4.33,321.3298387096774,4.1258064516129025,19.31,121.9888,4.47,59.60322580645162,62.54,114.82609558105469,579.5757446289062,-0.0041343960938449165,-0.005785347645933303,66.74193548387096,23.774193548387096,32.12903225806452,-0.005855572756692906,211.79959106445312,-0.0021060157451788797,412.2300109863281,-0.10669184924270436,288.6099853515625,-0.003762066920837581,299.2300109863281,-0.0014831233104718455,160.41323852539062,59.60322580645162,1652.8416043956045,1.906,97.53666451612904,2.15,6.885714285714285,19.31
2025-05-29,199.15988159179688,51396800,0.003400897722381613,-0.00375087859142198,0.026106519527599348,0.16441086834636032,4.33,321.3561290322581,4.119354838709677,19.18,121.5617,4.43,59.877419354838715,61.66,115.0197525024414,581.863525390625,0.0016865236112642013,0.003947336966600545,66.80645161290323,23.580645161290324,32.096774193548384,0.0006030043014306763,211.92730712890625,0.0027411259130083465,413.3599853515625,-0.014240620769084056,284.5,-0.007452497759090182,297.0,-0.013057744042952457,158.318603515625,59.877419354838715,1653.3294395604396,1.871,97.54734838709678,2.11,6.89,19.18
2025-05-30,200.05633544921875,70819900,0.015285001203579451,-0.021906823730986402,0.034702596894246485,0.1570996084782028,4.33,321.3824193548387,4.112903225806451,18.57,121.7674,4.41,60.15161290322581,61.46,114.66222381591797,581.2127685546875,-0.0031084111967276673,-0.0011184011499958402,66.87096774193549,23.387096774193548,32.064516129032256,-0.008203980338786443,210.18865966796875,0.004185240583596261,415.0899963378906,0.009033417659819909,287.07000732421875,-0.0029629794034090606,296.1199951171875,-0.017118098980219654,155.60848999023438,60.15161290322581,1653.8172747252747,1.846,97.55803225806453,2.07,6.884285714285714,18.57
2025-06-02,200.9029541015625,35423300,-0.001239445083445867,-0.016261650130605432,0.053247529920154246,0.14021193075452199,4.33,321.4594666666667,4.1066666666666665,18.36,121.1881,4.46,60.733333333333334,63.27,115.67521667480469,584.4866333007812,0.008834582351315623,0.005632816282124864,67.06666666666666,23.166666666666668,32.46666666666667,0.006869729372009692,211.63259887695312,-0.028162573284205017,403.3999938964844,0.01901972102892513,292.5299987792969,-0.0029041785956472888,295.260009765625,0.003317428842126935,156.1247100830078,60.733333333333334,1655.2807802197804,1.901,97.59573,2.13,6.8671428571428565,18.36
2025-06-03,202.46678161621094,46381600,-0.002951797753884433,-0.03753629832488281,0.050573059651004115,0.1745001060000393,4.33,321.4839333333333,4.113333333333333,17.69,121.4592,4.46,60.76666666666667,64.1,117.41320037841797,587.8197631835938,0.015024685093084633,0.005702662290135274,67.13333333333334,23.333333333333332,32.93333333333333,0.013831519023610905,214.55979919433594,0.02253345680571117,412.489990234375,0.002734720528858592,293.3299865722656,0.014427891035526219,299.5199890136719,0.028422497766519728,160.56216430664062,60.76666666666667,1655.7686153846155,1.944,97.61206,2.14,6.861428571428571,17.69
2025-06-04,202.0185546875,43604000,-0.019919199292298906,-0.030766219962584662,0.035154305060739466,0.18357212907326925,4.33,321.5084,4.119999999999999,17.61,121.0539,4.37,60.800000000000004,63.57,117.58699798583984,587.6619262695312,0.0014802220437031277,-0.00026851243178294126,67.2,23.5,33.4,0.004874908890592611,215.6057586669922,0.0034425403315303527,413.9100036621094,0.0036477938608405758,294.3999938964844,-0.0038728756165132827,298.3599853515625,0.0011746144157120941,160.75076293945312,60.800000000000004,1656.2564505494506,1.913,97.62839000000001,2.06,6.855714285714285,17.61
2025-06-05,199.8372039794922,55126100,-0.0071275362918623575,0.00184422882670221,0.046752685883002076,0.19604260089942893,4.33,321.5328666666667,4.126666666666666,18.48,120.9596,4.4,60.833333333333336,64.06,117.25430297851562,584.8219604492188,-0.0028293519948887624,-0.004832652403296889,67.26666666666667,23.666666666666668,33.86666666666667,-0.0021052461726833727,215.15185546875,0.003116640171796803,415.20001220703125,0.006419886846539935,296.2900085449219,-0.00046917863564854834,298.2200012207031,0.013956671129900622,162.9943084716797,60.833333333333336,1656.7442857142858,1.928,97.64472,2.11,6.85,18.48
2025-06-06,203.11419677734375,46607700,-0.036631906204146025,-0.011867443070139205,0.035405954583521915,0.16785988918280803,4.33,321.55733333333336,4.133333333333333,16.77,121.161,4.51,60.86666666666667,65.3,118.36165618896484,590.8275146484375,0.009444030473253706,0.010269029902033378,67.33333333333333,23.833333333333332,34.333333333333336,0.019354275459511516,219.3159637451172,0.004142584706489538,416.9200134277344,0.0022275596310203927,296.95001220703125,-0.0012072157054087151,297.8599853515625,0.015530806745369219,165.52574157714844,60.86666666666667,1657.2321208791209,1.957,97.66105,2.2,6.848571428571428,16.77
2025-06-09,200.65394592285156,72862600,-0.015040847351460163,-0.005708492366230833,0.05440569573196519,0.1646363966331097,4.33,321.63073333333335,4.153333333333333,17.16,120.9103,4.49,60.96666666666667,65.99,118.942626953125,591.3599243164062,0.004908437266479604,0.0009011253788435702,67.53333333333333,24.333333333333332,35.733333333333334,0.024295887363407154,224.64443969726562,-0.0015830462459288652,416.260009765625,0.01586122667607226,301.6600036621094,-0.0021822128800456086,297.2099914550781,0.018291935900928147,168.55352783203125,60.96666666666667,1658.6956263736265,1.976,97.71004,2.18,6.844285714285714,17.16
2025-06-10,201.869140625,54672600,-0.03468688925278407,-0.005476845424112531,0.04189075848757229,0.12028114629391329,4.33,321.6552,4.159999999999999,16.95,121.0485,4.47,61.0,65.66,119.60802459716797,594.7128295898438,0.005594273988123621,0.005669821601985259,67.6,24.5,36.2,0.02494950176935684,230.24920654296875,-0.0004804982519072132,416.05999755859375,0.013359407048906924,305.69000244140625,0.0011103835649268756,297.5400085449219,0.023440739199755534,172.50454711914062,61.0,1659.1834615384616,1.965,97.72637,2.18,6.8428571428571425,16.95
2025-06-11,197.9945068359375,60989900,-0.011067475928977721,0.01116820214418146,0.04950188690180024,0.15852233178028463,4.33,321.67966666666666,4.166666666666666,17.26,120.587,4.41,61.03333333333334,68.91,119.34484100341797,593.0166625976562,-0.0022003840849005307,-0.002852077351950366,67.66666666666667,24.666666666666668,36.666666666666664,-0.0034285838496046495,229.45977783203125,-0.007739271354126442,412.8399963378906,0.004939676644853508,307.20001220703125,-0.0025879529109905652,296.7699890136719,-0.005639765142909647,171.5316619873047,61.03333333333334,1659.6712967032968,2.018,97.7427,2.14,6.841428571428572,17.26
2025-06-12,198.41285705566406,43904600,0.00903617075355001,0.009437764670732651,0.04974896534964324,0.17638386287667207,4.33,321.70413333333335,4.173333333333333,18.02,120.1723,4.36,61.06666666666667,68.73,120.45219421386719,595.37353515625,0.009278601413675647,0.003974378305442006,67.73333333333333,24.833333333333332,37.13333333333333,-0.0018061061282856894,229.04534912109375,0.002034677708898869,413.67999267578125,0.0021158654643747,307.8500061035156,0.006065365020665681,298.57000732421875,0.012790198175528067,173.7255859375,61.06666666666667,1660.159131868132,2.02,97.75903000000001,2.11,6.84,18.02
2025-06-13,195.67373657226562,51447300,0.025706127588708272,0.04438774722439143,0.0697886580710021,0.20625407352058378,4.33,321.7286,4.18,20.82,120.3245,4.41,61.1,73.84,118.76386260986328,588.7171020507812,-0.014016611445086813,-0.011180263670473423,67.8,25.0,37.6,-0.03054451233372213,222.0492706298828,-0.053181203803690735,391.67999267578125,-0.025499450862040973,300.0,-0.021469013982870377,292.1600036621094,-0.025200082914078492,169.34768676757812,61.1,1660.646967032967,2.202,97.77536,2.13,6.835,20.82
2025-06-16,197.6359405517578,43020700,0.009474864983116005,0.04737432491558047,0.05846180310183491,0.20159394465942615,4.33,321.802,4.199999999999999,19.11,120.1565,4.46,61.2,72.53,120.68557739257812,594.318359375,0.01618097239753502,0.009514344503849026,68.0,25.5,39.0,0.030084892196180935,228.72959899902344,0.025658748208938764,401.7300109863281,0.002699991861979223,300.80999755859375,0.024438609122954924,299.29998779296875,0.03493765300670271,175.26429748535156,61.2,1662.1104725274727,2.197,97.82435000000001,2.16,6.819999999999999,19.11
2025-06-17,194.86692810058594,38856200,0.03025965720703927,0.08587199594950956,0.07943152186484181,0.22296686370210672,4.33,321.82646666666665,4.206666666666666,21.6,120.5048,4.39,61.233333333333334,75.62,119.83148956298828,589.2398071289062,-0.007076966842620935,-0.00854517139843114,68.06666666666666,25.666666666666668,39.46666666666667,-0.018809310699523296,224.42735290527344,-0.04741995317645109,382.67999267578125,-0.006017079130626879,299.0,-0.008185705945126243,296.8500061035156,-0.013933772768021546,172.82220458984375,61.233333333333334,1662.5983076923078,2.304,97.84068,2.08,6.8149999999999995,21.6
2025-06-18,195.80320739746094,45394700,0.022484525012509637,0.08632615914438091,0.08088311561600814,0.21146597388638955,4.33,321.85093333333333,4.213333333333333,20.14,120.7305,4.38,61.26666666666667,75.89,119.97547912597656,589.1510009765625,0.0012016003766071037,-0.0001507130904417897,68.13333333333334,25.833333333333332,39.93333333333333,0.009716841861859393,226.6080780029297,-0.01212497182937522,378.0400085449219,-0.007224092515416003,296.8399963378906,-0.005592062078417115,295.19000244140625,-0.007180156657963455,171.58131408691406,61.26666666666667,1663.086142857143,2.35,97.85701,2.07,6.81,20.14
2025-06-20,200.20574951171875,96813500,0.0003979975434207361,0.04452732799600989,0.06666657012698418,0.22277916303753686,4.33,321.89986666666664,4.226666666666667,20.62,121.0408,4.38,61.333333333333336,75.72,119.44415283203125,587.7673950195312,-0.004428624063984032,-0.002348474253184407,68.26666666666667,26.166666666666668,40.86666666666667,-0.005660701204573182,225.3253173828125,-0.0029626364719923526,376.9200134277344,-0.004851106519241144,295.3999938964844,0.006843012964413697,297.2099914550781,-0.019555609625218073,168.22593688964844,61.333333333333336,1664.0618131868132,2.349,97.88967,2.05,6.8,20.62
2025-06-23,200.70375061035156,55814300,0.01821342305870899,0.04223328846000185,0.06277920230183698,0.2723108483401264,4.33,321.97326666666663,4.246666666666666,19.83,121.1694,4.34,61.43333333333334,69.36,120.80601501464844,593.572998046875,0.01140166471382087,0.00987738189722287,68.46666666666667,26.666666666666668,42.266666666666666,0.01151736448765206,227.92047119140625,0.008489816341542333,380.1199951171875,-0.0062288299793784585,293.55999755859375,0.012583765214765341,300.95001220703125,0.014752756385458143,170.70773315429688,61.43333333333334,1665.5253186813188,2.132,97.93866,2.04,6.784999999999999,19.83
2025-06-24,199.50851440429688,54064000,0.03754373808316491,0.05411866471790794,0.06719913361310415,0.2716862498556405,4.33,321.9977333333333,4.253333333333333,17.48,120.3645,4.3,61.46666666666667,65.45,122.97463989257812,600.1304321289062,0.01795129884606106,0.011047392828865465,68.53333333333333,26.833333333333332,42.733333333333334,0.01731740438304996,231.86746215820312,0.005840264256603334,382.3399963378906,0.011036892837309464,296.79998779296875,0.010765875072123787,304.19000244140625,0.047801645085739475,178.8678436279297,61.46666666666667,1666.013153846154,2.11,97.95499,2.01,6.779999999999999,17.48
2025-06-25,200.76353454589844,39525700,0.053978954095156295,0.05383013867879116,0.06112315813370883,0.2532066188050548,4.33,322.0222,4.26,16.76,120.3336,4.29,61.5,65.98,124.02412414550781,600.4666748046875,0.008534151869413309,0.000560282661534961,68.6,27.0,43.2,-0.0012766140029664141,231.5714569091797,0.013626592836167184,387.54998779296875,0.0024596058502446283,297.5299987792969,-0.005983126695852992,302.3699951171875,0.01603962299835282,181.73681640625,61.5,1666.500989010989,2.128,97.97132,2.01,6.7749999999999995,16.76
2025-06-26,200.20574951171875,50799100,0.06243775095871529,0.05054721232521109,0.06492542614394181,0.27941043317558756,4.33,322.0466666666667,4.266666666666667,16.59,119.6451,4.26,61.53333333333334,66.44,124.87964630126953,605.16455078125,0.006898030215137796,0.007823708081869052,68.66666666666667,27.166666666666668,43.666666666666664,0.011164076119641209,234.15673828125,-0.0067087489816317625,384.95001220703125,0.020703806968650484,303.69000244140625,0.008466440453529733,304.92999267578125,0.0024582076158592425,182.18356323242188,61.53333333333334,1666.9888241758242,2.199,97.98765,1.98,6.77,16.59
2025-06-27,200.28543090820312,73188600,0.044111774074871546,0.03749737351463578,0.05067634950303623,0.2718814228899704,4.33,322.0711333333333,4.273333333333333,16.32,119.659,4.29,61.56666666666667,66.66,124.73041534423828,608.1712646484375,-0.0011949982359112932,0.004968423651560361,68.73333333333333,27.333333333333332,44.13333333333333,-0.0014327144236403466,233.82125854492188,0.0022859445053378113,385.8299865722656,0.00497220769036133,305.20001220703125,0.0006559282846403391,305.1300048828125,-0.0016893388730023773,181.87579345703125,61.56666666666667,1667.4766593406594,2.107,98.00398,2.0,6.755714285714285,16.32
2025-06-30,204.3592529296875,91912800,0.023590206981496387,0.019203625088181075,0.018911156428695675,0.2415010862481639,4.33,322.1445333333333,4.293333333333333,16.73,119.4088,4.24,61.66666666666667,66.3,125.95399475097656,611.0791015625,0.009809791808689017,0.004781279687299023,68.93333333333334,27.833333333333332,45.53333333333333,0.004473329239459645,234.86721801757812,0.00272145335274554,386.8800048828125,0.009665732540836247,308.1499938964844,0.01455118267740163,309.57000732421875,-0.0007641316534742204,181.73681640625,61.66666666666667,1668.940164835165,2.177,98.05297,1.95,6.712857142857143,16.73
2025-07-01,206.99880981445312,78788900,0.01597515943314831,0.01125965050242983,-0.0012030186923451813,0.2266334627610429,4.33,322.169,4.3,16.83,119.3436,4.26,61.7,66.64,124.82990264892578,610.8812866210938,-0.008924624457312569,-0.0003237141327537829,69.0,28.0,46.0,0.011007416845533635,237.45249938964844,0.013492558816226019,392.1000061035156,0.004251168536559602,309.4599914550781,0.006783622617924534,311.6700134277344,0.0037690893532189573,182.4217987060547,61.7,1669.428,2.152,98.0693,1.97,6.698571428571428,16.83
2025-07-02,211.6005401611328,67941800,-0.00014119391643152568,-0.01139149344872492,-0.047354550255191086,0.20382178327916445,4.33,322.20519354838706,4.3,16.64,119.3037,4.3,61.587096774193554,68.66,126.14797973632812,613.650634765625,0.010558985142440802,0.004533365492089381,68.90322580645162,28.032258064516128,45.87096774193548,0.018741734106334285,241.90277099609375,-0.034761552335232926,378.4700012207031,0.004814905942920333,310.95001220703125,-0.004267388688492302,310.3399963378906,0.034011657693580055,188.6262664794922,61.587096774193554,1669.7744565217392,2.238,98.06977419354838,2.0,6.684285714285714,16.64
2025-07-03,212.70614624023438,34955800,-0.011191750879309792,-0.011098134779923274,-0.04776393821767855,0.2054404942356156,4.33,322.2413870967742,4.3,16.38,119.2382,4.35,61.4741935483871,68.13,127.80924987792969,618.4869995117188,0.013169217177111392,0.007881299997254843,68.80645161290323,28.06451612903226,45.74193548387097,0.0021618788217498963,242.4257354736328,0.0022194528897436783,379.30999755859375,0.05100493561326158,326.80999755859375,0.0203647850705575,316.6600036621094,0.005473469866187131,189.65870666503906,61.4741935483871,1670.1209130434784,2.192,98.07024838709677,2.02,6.67,16.38
2025-07-07,209.12037658691406,50229000,-0.006334954479462973,0.01205049605203623,-0.033484123540222455,0.2303539613859642,4.33,322.38616129032255,4.3,17.79,119.6201,4.4,61.02258064516129,69.16,126.79458618164062,613.8779907226562,-0.007938890943012034,-0.0074520706056897534,68.41935483870968,28.193548387096776,45.225806451612904,-0.015752146027222635,238.6070098876953,-0.0062745640719497064,376.92999267578125,-0.019919861124988447,320.29998779296875,-0.004263266872680749,315.30999755859375,-0.0014131733501492327,189.39068603515625,61.02258064516129,1671.5067391304349,2.24,98.07214516129032,2.05,6.698571428571428,17.79
2025-07-08,209.1801300048828,42848900,-0.004285486382534898,0.020903754799188157,0.015427867690230856,0.22366228362758034,4.33,322.4223548387097,4.3,16.81,119.8371,4.42,60.90967741935484,69.55,127.47601318359375,613.5418090820312,0.005374259441778939,-0.0005476359239223738,68.3225806451613,28.225806451612904,45.096774193548384,0.013812507478089708,241.90277099609375,0.014087490148763981,382.239990234375,0.009303812363097297,323.2799987792969,-0.0012685734660540238,314.9100036621094,0.02206727603846237,193.5700225830078,60.90967741935484,1671.853195652174,2.266,98.07261935483871,2.07,6.7057142857142855,16.81
2025-07-09,210.30564880371094,48749400,-0.0046413624259763475,0.014256027767202806,0.042104855320744816,0.21611785476330247,4.33,322.45854838709676,4.3,15.94,119.7311,4.34,60.79677419354839,69.61,128.24197387695312,617.2210083007812,0.006008665271451719,0.005996656078344209,68.2258064516129,28.258064516129032,44.96774193548387,-0.00991229608397981,239.5049591064453,-0.023179116727503835,373.3800048828125,-0.0011445035838424378,322.9100036621094,-0.024260946173799702,307.2699890136719,0.0020513479436268245,193.96710205078125,60.79677419354839,1672.1996521739131,2.233,98.07309354838709,2.01,6.712857142857143,15.94
2025-07-10,211.57066345214844,44443600,-0.011251888230459861,0.006355561052814984,0.07975135399060762,0.2162933959443929,4.33,322.49474193548383,4.3,15.78,119.8343,4.35,60.68387096774194,67.78,127.8192138671875,618.9617309570312,-0.0032965806512870177,0.002820258275139098,68.12903225806451,28.29032258064516,44.83870967741935,0.009929093015333512,241.88302612304688,-0.005222594090552035,371.42999267578125,-0.0007742095232874391,322.6600036621094,-0.06886453092940314,286.1099853515625,0.013511432030074655,196.58787536621094,60.68387096774194,1672.5461086956523,2.215,98.07356774193548,2.01,6.72,15.78
2025-07-11,210.32559204101562,39765800,9.467568607957055e-05,0.01288118934136051,0.07708762789742063,0.20443404325830028,4.33,322.53093548387096,4.3,16.4,119.9214,4.43,60.57096774193548,69.63,127.25716400146484,616.7858276367188,-0.004397225180141295,-0.0035154084840562927,68.03225806451613,28.322580645161292,44.70967741935484,-0.0018357251802070262,241.43899536132812,-0.02175372676303655,363.3500061035156,-0.00638442179140053,320.6000061035156,-0.019992209276081363,280.3900146484375,-0.0005049837455931572,196.4886016845703,60.57096774193548,1672.8925652173914,2.284,98.07404193548388,2.06,6.724285714285714,16.4
2025-07-14,207.7956085205078,38840100,0.01850266406610679,0.026028387381405116,0.10205467094401555,0.1770127432673576,4.33,322.63951612903224,4.3,17.2,120.2209,4.43,60.23225806451613,68.19,127.1527099609375,617.9627685546875,-0.000820810689496021,0.0019081841138897104,67.74193548387096,28.419354838709676,44.32258064516129,-0.004986113205467602,240.2351531982422,0.01001784524484739,366.989990234375,-0.00970061076086337,317.489990234375,0.050500989353295944,294.54998779296875,-0.004193342945763234,195.66465759277344,60.23225806451613,1673.9319347826088,2.206,98.07546451612903,2.04,6.737142857142857,17.2
2025-07-15,208.28369140625,42296300,0.025297653933163744,0.010329536530188754,0.11709059580603198,0.18569693364434503,4.33,322.6757096774193,4.3,17.38,120.5105,4.5,60.11935483870968,67.76,128.2817840576172,615.322021484375,0.008879669941966206,-0.004273310957695342,67.64516129032258,28.451612903225808,44.193548387096776,-0.012486557621034122,237.23544311523438,-0.0076568779350062455,364.17999267578125,0.0017323957525112732,318.0400085449219,-0.018978090543394277,288.9599914550781,0.011110982003620151,197.83868408203125,60.11935483870968,1674.278391304348,2.225,98.07593870967742,2.09,6.741428571428571,17.38
2025-07-16,209.3295440673828,47490500,0.018985508820456465,-0.005281726202655546,0.10888937014879274,0.18029691176686047,4.33,322.71190322580645,4.3,17.16,120.4175,4.46,60.00645161290323,67.13,128.6796875,617.3792724609375,0.0031017922404641407,0.0033433729083833796,67.54838709677419,28.483870967741936,44.064516129032256,0.0007902254400107278,237.42291259765625,-0.006617616866874232,361.7699890136719,-0.010879203495454348,314.5799865722656,0.001764984014073434,289.4700012207031,-0.022479791842324404,193.3913116455078,60.00645161290323,1674.624847826087,2.217,98.0764129032258,2.05,6.7457142857142856,17.16
2025-07-17,209.19009399414062,48068100,0.01780782089359767,-0.011665502752036927,0.10395593356481303,0.18856766433626015,4.33,322.7480967741935,4.3,16.52,120.6384,4.47,59.89354838709678,68.76,129.8485565185547,621.1574096679688,0.0090835549981787,0.0061196372725167425,67.45161290322581,28.516129032258064,43.935483870967744,0.0014961681898704171,237.77813720703125,0.012936460556385532,366.45001220703125,0.019963122408787504,320.8599853515625,0.009292853940174872,292.1600036621094,-0.011754924001267764,191.11801147460938,59.89354838709678,1674.9713043478262,2.291,98.0768870967742,2.04,6.75,16.52
2025-07-18,210.3455047607422,48974600,0.012785303197929032,-0.04167055066218461,0.09457358009163874,0.17307906165763387,4.33,322.78429032258066,4.3,16.41,120.356,4.44,59.78064516129032,68.53,129.76402282714844,620.702392578125,-0.0006510175674857566,-0.0007325310505222893,67.35483870967742,28.548387096774192,43.806451612903224,0.0036519859939929677,238.64649963378906,-0.001801074198727215,365.7900085449219,-0.016486873617311826,315.57000732421875,0.01666893159961691,297.0299987792969,-0.010804136650296892,189.0531463623047,59.78064516129032,1675.3177608695653,2.276,98.07736129032259,2.03,6.748571428571428,16.41
2025-07-21,211.640380859375,51377400,0.007389007000976999,-0.04296872746946234,0.08632180788783672,0.18870626696459358,4.33,322.89287096774194,4.3,16.65,119.9961,4.38,59.44193548387097,68.39,129.93312072753906,621.8794555664062,0.0013031185124081635,0.001896340343384706,67.06451612903226,28.64516129032258,43.41935483870968,-0.00566479263951003,237.29461669921875,0.005166855536534509,367.67999267578125,0.002376651717821421,316.32000732421875,-0.006295643958093788,295.1600036621094,0.011394626880994796,191.20733642578125,59.44193548387097,1676.3571304347827,2.317,98.07878387096774,1.98,6.744285714285715,16.65
2025-07-22,213.5527801513672,46404100,-0.014598801963074282,-0.05354468380492294,0.055347491085460554,0.22452249472058483,4.33,322.929064516129,4.3,16.5,119.681,4.35,59.32903225806452,67.56,128.72943115234375,621.9684448242188,-0.00926391645529212,0.00014309727876682388,66.96774193548387,28.677419354838708,43.29032258064516,-0.020708569165100887,232.38058471679688,0.014115542169254702,372.8699951171875,0.010369242233656761,319.6000061035156,0.014466692508108281,299.42999267578125,-0.02839925164576329,185.77719116210938,59.32903225806452,1676.7035869565218,2.308,98.07925806451613,1.96,6.742857142857143,16.5
2025-07-23,213.30377197265625,46989300,-0.023815093358101835,-0.004202638285964011,0.05139030648377618,0.2284296902027001,4.33,322.96525806451615,4.3,15.37,119.5697,4.4,59.21612903225807,66.05,129.465576171875,627.2598266601562,0.0057185448031698005,0.008507476351847565,66.87096774193549,28.70967741935484,43.16129032258065,-0.031507369941114804,225.0588836669922,-0.0010995887775322455,372.4599914550781,0.021464284169445902,326.4599914550781,0.005176563298471049,300.9800109863281,-0.0006947790300427803,185.6481170654297,59.21612903225807,1677.050043478261,2.305,98.07973225806452,2.03,6.741428571428572,15.37
2025-07-24,212.91531372070312,46022600,-0.0289576509834224,0.0293319625060684,0.06670320199392021,0.21043846835996227,4.33,323.0014516129032,4.3,15.39,119.5664,4.43,59.10322580645162,67.16,130.0126953125,627.4674072265625,0.00422598158369647,0.0003309323466664793,66.7741935483871,28.741935483870968,43.03225806451613,-0.007497495331862725,223.3715057373047,-0.0020673066405435536,371.69000244140625,-0.005574884685038195,324.6400146484375,0.00039868135028053864,301.1000061035156,0.005935494900603189,186.75003051757812,59.10322580645162,1677.3965,2.264,98.08020645161291,1.98,6.74,15.39
2025-07-25,213.0348358154297,40268800,-0.05376840845553943,0.07233030435017107,0.06329628632439421,0.21504849316879748,4.33,323.0376451612903,4.3,14.93,119.9857,4.4,58.99032258064516,66.38,130.31112670898438,630.1181030273438,0.0022954019664545022,0.004224435835635587,66.6774193548387,28.774193548387096,42.903225806451616,0.006405546874332924,224.8023223876953,-0.002555926177166934,370.739990234375,0.023256491659368717,332.19000244140625,0.007240095089974252,303.2799987792969,-0.012917144993197849,184.33775329589844,58.99032258064516,1677.7429565217392,2.253,98.0806806451613,1.96,6.7371428571428575,14.93
2025-07-28,213.20419311523438,37858000,-0.04998837005414192,0.0625452047049393,0.07250745211146148,0.2292373260428482,4.33,323.1462258064516,4.3,15.03,120.6149,4.42,58.65161290322581,67.81,131.3506622314453,629.9598999023438,0.007977335080391557,-0.0002510690047468067,66.38709677419355,28.870967741935484,42.516129032258064,0.01294879500592061,227.71324157714844,-0.003425551726613074,369.4700012207031,0.004726232916945516,333.760009765625,0.003923774881944064,304.4700012207031,0.02466467545623585,188.88438415527344,58.65161290322581,1678.7823260869566,2.265,98.08210322580645,1.98,6.728571428571429,15.03
2025-07-29,210.43516540527344,51411700,-0.03952286837019792,0.0882312399196612,0.0922117841540897,0.2737967783376485,4.33,323.1824193548387,4.3,15.98,120.9674,4.34,58.538709677419355,70.27,131.3556671142578,628.2982788085938,3.810321720099097e-05,-0.0026376616892719307,66.29032258064517,28.903225806451612,42.38709677419355,-8.65753582540707e-05,227.6935272216797,0.003329122749517577,370.70001220703125,0.09737535669064235,366.260009765625,0.0070285549390074475,306.6099853515625,-0.009775480144282978,187.03794860839844,58.538709677419355,1679.1287826086957,2.311,98.08257741935485,1.91,6.725714285714286,15.98
2025-07-30,208.2239227294922,45512500,0.020090922261444488,0.11741124593044949,0.11372376249646154,0.2882337694485988,4.33,323.2186129032258,4.3,15.48,121.4042,4.38,58.42580645161291,71.09,131.64910888671875,627.5070190429688,0.00223394832448065,-0.0012593696215839056,66.19354838709677,28.93548387096774,42.25806451612903,0.0015600327111631174,228.04873657226562,-0.018073946550855147,364.0,0.013023504850349976,371.0299987792969,0.004990148299053754,308.1400146484375,0.005201293976473176,188.0107879638672,58.42580645161291,1679.4752391304348,2.167,98.08305161290323,1.96,6.722857142857142,15.48
2025-07-31,206.74978637695312,80698400,0.06002787988445957,0.12272573695045619,0.11963891948030181,0.30079528816963275,4.33,323.2548064516129,4.3,16.72,121.721,4.37,58.31290322580645,70.36,130.68414306640625,625.1531372070312,-0.007329831766220596,-0.003751164153554032,66.09677419354838,28.967741935483872,42.12903225806452,-0.028038523152471906,221.6545867919922,-0.01733515812800479,357.69000244140625,-0.017410968051995157,364.57000732421875,-0.016323843245785064,303.1099853515625,-0.049263420166822613,178.7487335205078,58.31290322580645,1679.821695652174,2.148,98.08352580645162,1.98,6.72,16.72
2025-08-01,201.58029174804688,104434500,0.13326411201288413,0.1456310709008093,0.13638066104569568,0.3425634819358696,4.33,323.291,4.3,20.38,121.2122,4.23,58.2,68.39,127.86398315429688,614.9066162109375,-0.021579970193295273,-0.01639041762130744,66.0,29.0,42.0,-0.012999200418824963,218.77325439453125,-0.027649681514533286,347.79998779296875,-0.02084649299402408,356.9700012207031,-0.020091704767914997,297.0199890136719,-0.00038866438510232193,178.67926025390625,58.2,1680.168152173913,2.039,98.084,1.9,6.707142857142857,20.38
2025-08-04,202.5464630126953,75109300,0.11845494435209658,0.13672008277783365,0.17403805987380672,0.33108835750260757,4.319354838709677,323.38332258064514,4.309677419354839,17.52,120.9859,4.22,57.900000000000006,67.33,130.46035766601562,624.2530517578125,0.020305753408179417,0.015199764160073403,67.54838709677419,29.096774193548388,41.806451612903224,0.0031121133607170393,219.4541015625,-0.025733128244905812,338.8500061035156,0.022158735005911145,364.8800048828125,0.0184499737021937,302.5,0.015722988466876364,181.48863220214844,57.900000000000006,1681.2075217391305,2.057,98.08044838709678,1.85,6.668571428571428,17.52
2025-08-05,202.1181640625,44155100,0.13301108801318073,0.13750073984509759,0.18298883226473528,0.3273967055452749,4.315806451612903,323.4140967741935,4.312903225806451,17.85,120.9082,4.22,57.800000000000004,66.2,129.38101196289062,621.088134765625,-0.008273361520962363,-0.005069926343612585,68.06451612903226,29.129032258064516,41.74193548387097,-0.007733756524757385,217.75689697265625,-0.0003246742427592819,338.739990234375,-0.012003959724291358,360.5,-0.010909050555268585,299.20001220703125,-0.020074425516849237,177.84535217285156,57.800000000000004,1681.5539782608696,2.0,98.07926451612903,1.86,6.655714285714286,17.85
2025-08-06,212.40733337402344,108483100,0.09540357780388353,0.06103865232476213,0.1252615689272243,0.26774435686747866,4.312258064516129,323.4448709677419,4.316129032258065,16.77,120.5082,4.22,57.7,65.38,130.83834838867188,625.845458984375,0.011263912715408608,0.007659660445043404,68.58064516129032,29.161290322580644,41.67741935483871,4.5336963653941353e-05,217.7667694091797,0.02031057767360811,345.6199951171875,-0.0009431243769504327,360.1600036621094,0.019986564922370942,305.17999267578125,-0.005637619985392028,176.8427276611328,57.7,1681.9004347826087,2.004,98.0780806451613,1.88,6.642857142857142,16.77
2025-08-07,219.16053771972656,90224800,0.059147366079494335,0.023293337942428716,0.08235235142194419,0.22913505311077387,4.308709677419355,323.47564516129034,4.319354838709677,16.57,120.5043,4.23,57.6,64.9,130.95773315429688,625.3212280273438,0.0009124600478014333,-0.000837636431655131,69.09677419354838,29.193548387096776,41.61290322580645,0.01101091730457271,220.16458129882812,-0.02126614839232177,338.2699890136719,-0.016187297397168177,354.3299865722656,-0.03994364877764689,292.989990234375,0.028123920095361576,181.8162384033203,57.6,1682.2468913043479,2.011,98.07689677419356,1.88,6.63,16.57
2025-08-08,228.44371032714844,113854000,0.01091268906941667,-0.005805646501867212,0.022960484292365857,0.1775721085301485,4.30516129032258,323.5064193548387,4.32258064516129,15.15,120.3329,4.27,57.5,64.94,132.265869140625,630.1972045898438,0.009988993813651703,0.007797554830949682,69.61290322580645,29.225806451612904,41.54838709677419,0.0037199455030825224,220.98358154296875,0.008218283825304207,341.04998779296875,-0.0064064264942163,352.05999755859375,-0.00788422006071221,290.67999267578125,0.009391206032407062,183.52371215820312,57.5,1682.593347826087,2.021,98.0757129032258,1.88,6.622857142857143,15.15
2025-08-11,226.53909301757812,61806100,0.016330687720566006,-8.803441842653026e-05,-0.0017167048373666338,0.18175018890017336,4.294516129032258,323.5987419354839,4.332258064516129,16.25,120.6892,4.27,57.2,65.03,131.3705596923828,628.9509887695312,-0.0067690134579639905,-0.0019775013459851776,71.16129032258064,29.322580645161292,41.354838709677416,0.0005358235317676208,221.10198974609375,-0.021697681165074423,333.6499938964844,-0.008436065560696981,349.0899963378906,-0.02084765966453339,284.6199951171875,-0.002650529083152553,183.0372772216797,57.2,1683.6327173913044,2.04,98.07216129032258,1.87,6.601428571428571,16.25
2025-08-12,229.0021209716797,55626200,0.003962584196585128,-0.0014804886205469492,0.0016547303840255267,0.17435736939047297,4.290967741935484,323.62951612903225,4.335483870967742,14.73,120.2736,4.29,57.1,64.22,133.40489196777344,635.6467895507812,0.0154854503182007,0.010645981802730908,71.6774193548387,29.35483870967742,41.29032258064516,0.03556922155341491,228.96641540527344,0.014326386533008328,338.42999267578125,0.012947919049782541,353.6099853515625,-0.0055863831254581164,283.0299987792969,0.022073970714593605,187.07763671875,57.1,1683.9791739130435,1.99,98.07097741935485,1.91,6.594285714285714,14.73
2025-08-13,232.6717529296875,69878500,-0.031371931017440846,-0.01217159125666889,0.003171550858924288,0.1808032540645641,4.287419354838709,323.66029032258064,4.338709677419355,14.49,120.13,4.24,57.0,63.68,133.4546356201172,637.82275390625,0.00037287727316459574,0.0034232287352642388,72.19354838709677,29.387096774193548,41.225806451612904,0.02409069768418237,234.4823760986328,0.03734897887891031,351.07000732421875,-0.012697577614814826,349.1199951171875,0.014062152434349162,287.010009765625,0.00838428360760557,188.64614868164062,57.0,1684.3256304347826,1.992,98.0697935483871,1.87,6.587142857142857,14.49
2025-08-14,232.12330627441406,51916300,-0.03385178426093971,-0.0009450822232052181,0.016839909829019506,0.1759391808003361,4.283870967741936,323.691064516129,4.341935483870968,14.83,120.6446,4.29,56.900000000000006,64.99,133.16616821289062,637.882080078125,-0.002161539056969808,9.301357079483097e-05,72.70967741935483,29.419354838709676,41.16129032258065,-0.005975582670881829,233.08120727539062,-0.007092661577477233,348.5799865722656,-0.000572816487884098,348.9200134277344,-0.011358522890149936,283.75,-0.00941955238785308,186.8691864013672,56.900000000000006,1684.6720869565218,1.991,98.06860967741936,1.9,6.58,14.83
2025-08-15,230.9366455078125,56038700,-0.016537863014335796,0.002374945357227709,0.028325967461187096,0.17973401986327553,4.280322580645161,323.7218387096774,4.345161290322581,15.09,120.3377,4.33,56.800000000000004,63.78,132.1564483642578,636.388671875,-0.007582405217356647,-0.0023411979263346927,73.2258064516129,29.451612903225808,41.096774193548384,-0.0193895861333494,228.56185913085938,0.017987319332087193,354.8500061035156,0.002751322418130586,349.8800048828125,0.01050224136150879,286.7300109863281,-0.14067150885804858,160.58201599121094,56.800000000000004,1685.0185434782609,1.98,98.06742580645162,1.95,6.58,15.09
2025-08-18,230.23863220214844,37476200,-0.016154901487641316,-0.005067294747887474,0.0350817046602212,0.1809696904065825,4.269677419354839,323.8141612903226,4.354838709677419,14.99,120.5622,4.34,56.5,64.51,132.43995666503906,636.2501220703125,0.002145247578081211,-0.00021771255650937515,74.7741935483871,29.548387096774192,40.903225806451616,-0.00034541622521622184,228.48291015625,0.0067351954058081365,357.239990234375,0.018206227930404495,356.25,0.010183736610310579,289.6499938964844,0.010942138102185028,162.33912658691406,56.5,1686.0579130434783,1.997,98.06387419354839,1.96,6.58,14.99
2025-08-19,229.90956115722656,39402600,-0.005421589313000075,0.0343078177036138,0.03174884135255884,0.16116958300505746,4.266129032258064,323.844935483871,4.358064516129033,15.57,120.7224,4.3,56.4,63.38,130.12709045410156,632.7984008789062,-0.017463507759875596,-0.00542510102815319,75.29032258064517,29.580645161290324,40.83870967741935,-0.004793821978787527,227.38760375976562,0.01060913853019474,361.0299987792969,-0.026301740679824603,346.8800048828125,-0.0014155141403382476,289.239990234375,-0.008010860361026384,161.0386505126953,56.4,1686.4043695652174,2.007,98.06269032258065,1.95,6.58,15.57
2025-08-20,225.3723907470703,42263900,0.01982220046641836,0.06092645195448476,0.08623517730698138,0.18445755434747646,4.26258064516129,323.87570967741937,4.361290322580645,15.69,120.7757,4.29,56.300000000000004,64.19,129.24671936035156,631.1170654296875,-0.0067654712840945486,-0.0026569843521784264,75.80645161290323,29.612903225806452,40.774193548387096,0.06261940452047154,241.62648010253906,-0.021050899175172444,353.42999267578125,-0.004122441927041476,345.45001220703125,-0.0021089246720974453,288.6300048828125,-0.00776722836801691,159.78782653808594,56.300000000000004,1686.7508260869565,2.024,98.06150645161291,1.94,6.58,15.69
2025-08-21,224.26551818847656,30621200,0.03405968308140217,0.06576263321600018,0.13863941843032124,0.19528843919682748,4.259032258064516,323.90648387096775,4.364516129032258,16.6,121.0843,4.33,56.2,64.56,128.7791748046875,628.5850830078125,-0.003617457820035641,-0.004011906127353915,76.3225806451613,29.64516129032258,40.70967741935484,0.008494222977331711,243.6789093017578,0.0,353.42999267578125,0.006136908502747396,347.57000732421875,-0.008904158544646879,286.05999755859375,-0.004112165418638791,159.13075256347656,56.2,1687.0972826086957,2.07,98.06032258064516,1.94,6.58,16.6
2025-08-22,227.11744689941406,42477800,0.01923084545942122,0.04443285435882438,0.11709707008741854,0.1701269969858985,4.255483870967741,323.93725806451613,4.367741935483871,14.22,120.2774,4.26,56.1,64.08,130.52500915527344,638.2380981445312,0.0135568064730478,0.015356735941821187,76.83870967741936,29.677419354838708,40.645161290322584,0.02125933037987271,248.85935974121094,0.024502741254485594,362.0899963378906,0.005926856504255618,349.6300048828125,0.014577408457399743,290.2300109863281,0.01657909980570138,161.7689971923828,56.1,1687.4437391304348,2.057,98.05913870967743,1.85,6.577142857142857,14.22
2025-08-25,226.51914978027344,30983100,0.011269667101578396,0.031651799755058274,0.11071488018417308,0.19630729451937823,4.24483870967742,324.0295806451613,4.37741935483871,14.79,120.4214,4.28,55.800000000000004,65.18,130.23153686523438,635.42919921875,-0.0022483989232281454,-0.0044010204560761546,78.38709677419355,29.774193548387096,40.45161290322581,0.009080247543004294,251.1190643310547,0.0030931401820402105,363.2099914550781,-0.012699145895371355,345.19000244140625,-0.016848756032565637,285.3399963378906,-0.003077055711762311,161.27122497558594,55.800000000000004,1688.4831086956522,2.096,98.0555870967742,1.87,6.5685714285714285,14.79
2025-08-26,228.6630859375,54575100,0.0399459777024227,-0.010989503034366743,0.1201865996728606,0.2044285792074345,4.241290322580645,324.06035483870966,4.380645161290323,14.62,120.5274,4.26,55.7,63.6,130.8284149169922,638.0897216796875,0.004583206695744302,0.004186969160700382,78.90322580645162,29.806451612903224,40.38709677419355,0.004479460500874444,252.2439422607422,-0.022851760657017328,354.9100036621094,-0.003360478733176131,344.0299987792969,-0.010128212546260618,282.45001220703125,0.015556428753293439,163.780029296875,55.7,1688.8295652173913,2.027,98.05440322580645,1.84,6.565714285714286,14.62
2025-08-27,229.8397674560547,31259500,0.04030531152319239,-0.0019957804599005646,0.10833439168164127,0.2028221352779589,4.237741935483871,324.0911290322581,4.383870967741935,14.85,120.7274,4.24,55.6,64.49,131.53472900390625,639.543701171875,0.005398781964622845,0.002278644276482167,79.41935483870968,29.838709677419356,40.32258064516129,-0.0005085578606911501,252.11566162109375,0.004057373493414396,356.3500061035156,0.008284179035630945,346.8800048828125,0.012391573194320049,285.95001220703125,-0.0007293994272877802,163.6605682373047,55.6,1689.1760217391304,2.032,98.05321935483872,1.81,6.562857142857142,14.85
2025-08-28,231.9039306640625,38074700,0.030658723720981218,0.006493001473346416,0.0940402509373568,0.19461238990039242,4.234193548387097,324.1219032258065,4.387096774193549,14.43,120.2595,4.22,55.5,64.96,132.5742645263672,641.8085327148438,0.007903125891794538,0.003541324132844581,79.93548387096774,29.870967741935484,40.25806451612903,-0.004892374420280676,250.88221740722656,-0.0067069302862400315,353.9599914550781,0.021361864500125005,354.2900085449219,0.008882594575672753,288.489990234375,0.005353237502702557,164.53668212890625,55.5,1689.5224782608695,2.05,98.05203548387098,1.81,6.56,14.43
2025-08-29,231.485107421875,39418400,0.024726497448223528,0.019643312911387545,0.0968812192629327,0.20237923226280707,4.230645161290322,324.15267741935486,4.390322580645162,15.36,120.2082,4.23,55.4,64.36,130.53994750976562,637.98095703125,-0.015344735449744573,-0.005963734491660877,80.45161290322581,29.903225806451612,40.193548387096776,-0.011563320525949217,247.98118591308594,0.007741046497061088,356.70001220703125,-0.01089507402422607,350.42999267578125,0.09085244847269291,314.70001220703125,-0.027288781049118027,160.0466766357422,55.4,1689.8689347826087,2.02,98.05085161290323,1.82,6.551428571428571,15.36
2025-09-02,229.0719451904297,44075600,0.02015499259648279,0.036696786315952634,0.1120058346204309,0.23356446801952968,4.2156666666666665,324.2584098360656,4.401639344262295,17.17,120.6837,4.28,55.050000000000004,65.95,129.2218475341797,633.2533569335938,-0.010097292060634033,-0.0074102526816088865,81.8,29.966666666666665,40.03333333333333,-0.007989874286958965,245.99984741210938,-0.031034502229827954,345.6300048828125,-0.021744700158235375,342.80999755859375,0.014172199815944309,319.1600036621094,-0.019843225438440637,156.87083435058594,55.050000000000004,1691.2547608695652,2.12,98.01948333333334,1.87,6.517142857142857,17.17
2025-09-03,237.79725646972656,66427800,-0.04897896797420431,0.0021805946645854224,0.07824878157676962,0.2012723589878802,4.211333333333333,324.27181967213113,4.4032786885245905,16.35,120.5052,4.22,55.0,64.36,129.99281311035156,636.685302734375,0.0059662169430594325,0.005419546163007771,81.6,29.933333333333334,40.06666666666667,-0.015182008313440076,242.26507568359375,0.008303663098232938,348.5,0.013156004193997095,347.32000732421875,-0.005169801596540902,317.510009765625,-0.008377261169414063,155.5566864013672,55.0,1691.6012173913043,2.107,97.99166666666667,1.82,6.508571428571429,16.35
2025-09-04,239.10353088378906,47549400,-0.04066218975769387,-0.007923795758859598,0.07606977943494053,0.18619346952617222,4.207,324.2852295081967,4.4049180327868855,15.3,120.7629,4.17,54.95,63.81,130.6344451904297,642.00634765625,0.004935904260594981,0.008357417548391144,81.4,29.9,40.1,0.006379068095879514,243.8105010986328,-0.0120229625291427,344.30999755859375,0.0057871104619970914,349.3299865722656,0.007621753128169484,319.92999267578125,0.012736102567613816,157.53787231445312,54.95,1691.9476739130434,2.075,97.96385000000001,1.79,6.5,15.3
2025-09-05,239.01380920410156,54870400,-0.02344687110432586,0.024239643886823536,0.07092488264019758,0.17223119573028844,4.2026666666666666,324.2986393442623,4.406557377049181,15.18,120.1282,4.1,54.9,62.22,130.7438507080078,640.1469116210938,0.0008374936443342751,-0.002896289175246314,81.2,29.866666666666667,40.13333333333333,0.0039007119939993284,244.76153564453125,0.013534325738875363,348.9700012207031,0.004809272773414808,351.010009765625,0.020129411398863706,326.3699951171875,0.02850092431503537,162.02784729003906,54.9,1692.2941304347826,2.041,97.93603333333334,1.73,6.478571428571429,15.18
2025-09-08,237.20892333984375,48999500,-0.004960528052601498,0.0765090773514312,0.07819069732615858,0.17307138606088723,4.189666666666667,324.33886885245903,4.411475409836066,15.11,120.0971,4.05,54.75,62.6,131.72372436523438,641.7195434570312,0.007494606070727716,0.002456673315747171,80.6,29.766666666666666,40.233333333333334,0.007730589179070435,246.6536865234375,0.027767436763935116,358.6600036621094,0.027435128956130317,360.6400146484375,0.0012869241474957605,326.7900085449219,-0.004301108887875382,161.33094787597656,54.75,1693.3335,2.07,97.85258333333334,1.7,6.414285714285714,15.11
2025-09-09,233.6888885498047,66313900,0.016214980899488696,0.085683774147431,0.10117345471296679,0.1869398927263306,4.185333333333333,324.3522786885246,4.413114754098361,15.04,120.1569,4.08,54.7,62.97,131.97738647460938,643.203125,0.0019257131590939558,0.0023118846201510834,80.4,29.733333333333334,40.266666666666666,-0.003213113318060512,245.8611602783203,-0.012825534089519697,354.05999755859375,0.0031332473362277735,361.7699890136719,-0.004896129201256372,325.19000244140625,0.008947898819491318,162.77452087402344,54.7,1693.679956521739,2.071,97.82476666666668,1.72,6.392857142857142,15.04
2025-09-10,226.1501922607422,83440800,0.05379435461044779,0.11252697949305501,0.12015515304353386,0.22337276100316994,4.181,324.36568852459015,4.414754098360656,15.35,120.1223,4.04,54.65,64.01,134.36981201171875,645.0624389648438,0.0181275413994475,0.00289071040325517,80.2,29.7,40.3,-0.003908455889951035,244.9002227783203,-0.011015065026765636,350.1600036621094,-0.06423968527001478,338.5299987792969,-0.004274469196475228,323.79998779296875,-0.0004892388543955573,162.69488525390625,54.65,1694.0264130434782,2.085,97.79695000000001,1.69,6.371428571428571,15.35
2025-09-11,229.3810577392578,50208600,0.034126033238036646,0.1166803712196538,0.06625229491115947,0.21310365917219087,4.176666666666667,324.37909836065575,4.416393442622951,14.71,119.9534,4.01,54.6,62.71,134.82244873046875,650.4231567382812,0.0033685893577830583,0.008310385862863257,80.0,29.666666666666668,40.333333333333336,0.004166536602586701,245.9206085205078,0.001113731227955217,350.54998779296875,0.047765378211803045,354.70001220703125,0.002223598665369586,324.5199890136719,0.04118211219792367,169.39500427246094,54.6,1694.3728695652173,2.027,97.76913333333334,1.67,6.35,14.71
2025-09-12,233.40968322753906,55824200,0.04883145993815541,0.09138282236270379,0.058059506416302975,0.18895840335098923,4.1723333333333334,324.39250819672134,4.418032786885246,14.76,120.0611,4.06,54.550000000000004,63.02,134.73294067382812,650.2055053710938,-0.0006638957939383294,-0.000334630409346115,79.8,29.633333333333333,40.36666666666667,-0.012205946234618348,242.91891479492188,-0.0033946726083158296,349.3599853515625,-0.031632367732071676,343.4800109863281,-0.01685566808173622,319.04998779296875,-0.013811232763658032,167.05545043945312,54.550000000000004,1694.7193260869565,2.043,97.74131666666668,1.7,6.337142857142857,14.76
2025-09-15,236.03224182128906,42699500,0.08187575237049427,0.07490498984103877,0.04676807074249534,0.17680497322028121,4.1593333333333335,324.43273770491805,4.422950819672131,15.69,119.5644,4.05,54.4,63.66,135.94654846191406,653.6671142578125,0.009007506122975073,0.0053238689277832485,79.2,29.533333333333335,40.46666666666667,-0.001223434720269534,242.62171936035156,-0.0064689127055368445,347.1000061035156,0.023407411698445957,351.5199890136719,0.006331357494239409,321.07000732421875,0.018653112590935494,170.1715545654297,54.4,1695.7586956521739,2.083,97.65786666666668,1.68,6.298571428571428,15.69
2025-09-16,237.4781494140625,63421100,0.06836033177394518,0.06920012429186273,0.04698719454555089,0.15211296166742305,4.155,324.4461475409836,4.424590163934426,16.36,119.1348,4.04,54.35,64.89,135.47402954101562,652.76708984375,-0.003475769898128811,-0.0013768849532600491,79.0,29.5,40.5,-0.0033073263240169792,241.8192901611328,0.016220123260768382,352.7300109863281,-0.0071403599410935215,349.010009765625,-0.007973331361370795,318.510009765625,0.015269320053517,172.76995849609375,54.35,1696.105152173913,2.146,97.63005,1.67,6.285714285714286,16.36
2025-09-17,238.3157958984375,46508000,0.05573442733456169,0.06887308346177279,0.03539887659729657,0.15015766156853294,4.150666666666666,324.4595573770492,4.426229508196721,15.72,119.1582,4.06,54.300000000000004,64.41,135.00648498535156,651.9561157226562,-0.003451174791567757,-0.0012423636756685452,78.8,29.466666666666665,40.53333333333333,0.009094661244360314,244.0185546875,0.026479165500473023,362.07000732421875,-0.004985589820537317,347.2699890136719,0.002417471947705696,319.2799987792969,0.02644936892876326,177.33961486816406,54.300000000000004,1696.451608695652,2.101,97.60223333333333,1.68,6.272857142857142,15.72
2025-09-18,237.20892333984375,44249600,0.07983005487553996,0.08092308856120178,0.06057665760694064,0.14386875773685426,4.146333333333333,324.47296721311477,4.427868852459016,15.7,119.6616,4.11,54.25,63.91,137.33924865722656,655.0023803710938,0.01727890087745121,0.004672499536354291,78.6,29.433333333333334,40.56666666666667,0.01108310405202606,246.72303771972656,0.014886580003388383,367.4599914550781,0.05070986962955604,364.8800048828125,0.011776527749939314,323.0400085449219,0.06528932865914672,188.91799926757812,54.25,1696.7980652173912,2.093,97.57441666666666,1.73,6.26,15.7
2025-09-19,244.8074188232422,163741300,0.040570257519790154,0.050997902665713246,0.06818733011632783,0.10979170077922795,4.1419999999999995,324.4863770491803,4.4295081967213115,15.45,119.7858,4.14,54.2,63.02,138.73194885253906,658.2465209960938,0.010140584056844704,0.004952868450893266,78.4,29.4,40.6,-0.014936755534783575,243.0377960205078,-0.0042453534939039805,365.8999938964844,0.0232131141946883,373.3500061035156,-0.0011453538490605597,322.6700134277344,0.001791787854385829,189.25650024414062,54.2,1697.1445217391304,2.052,97.5466,1.75,6.265714285714285,15.45
2025-09-22,255.35755920410156,105517400,-0.006443219116596399,0.0023820574142523476,0.0261246518024707,0.06972555249552248,4.129,324.526606557377,4.434426229508197,16.1,119.8152,4.15,54.050000000000004,62.99,140.7728729248047,661.3607177734375,0.014711276595955391,0.004731049353107419,77.8,29.3,40.7,0.00819294657586056,245.02899169921875,-0.004974056721995024,364.0799865722656,5.353960987042328e-05,373.3699951171875,0.005330527006310648,324.3900146484375,0.05481325093037115,199.63026428222656,54.050000000000004,1698.1838913043478,2.047,97.46315,1.78,6.282857142857143,16.1
2025-09-23,253.7122344970703,60275200,0.0007860573749713939,0.00805723844873052,0.01579999380536279,0.06604042692478052,4.124666666666666,324.5400163934426,4.436065573770492,16.64,119.6202,4.12,54.0,63.76,139.5576629638672,657.7606201171875,-0.008632415718237252,-0.005443470649980853,77.6,29.266666666666666,40.733333333333334,-0.0022640118269646736,244.4742431640625,-0.006317259607216075,361.7799987792969,-0.018935660113769237,366.29998779296875,0.001448782890664413,324.8599853515625,0.0017453224875789708,199.9786834716797,54.0,1698.5303478260869,2.088,97.43533333333333,1.75,6.288571428571428,16.64
2025-09-24,251.5981903076172,42303700,0.012445039005105185,0.022789553524984463,0.028813664889716595,0.08051222109829026,4.120333333333333,324.5534262295082,4.437704918032787,16.18,120.1707,4.16,53.95,65.4,138.69607543945312,655.6678466796875,-0.006173702727002017,-0.0031816642308674092,77.4,29.233333333333334,40.766666666666666,0.007415554145260517,246.2871551513672,-0.02352260985775645,353.2699890136719,-0.025498216350390845,356.9599914550781,-0.004124842696278774,323.5199890136719,0.002837750575069631,200.54617309570312,53.95,1698.876804347826,2.124,97.40751666666667,1.78,6.2942857142857145,16.18
2025-09-25,256.14532470703125,55202100,0.0010122275081403398,-0.011017267200183034,0.023163520731243725,0.06698108149646687,4.116,324.5668360655738,4.439344262295082,16.74,120.5419,4.18,53.9,65.51,138.45204162597656,652.6429443359375,-0.0017594860756033892,-0.004613467564511753,77.2,29.2,40.8,-0.004344180153556199,245.2172393798828,0.00251936104428907,354.1600036621094,-0.016528445869897657,351.05999755859375,-0.010354771574240917,320.1700134277344,-0.009134220102360202,198.71434020996094,53.9,1699.2232608695651,2.178,97.3797,1.8,6.3,16.74
2025-09-26,254.73931884765625,46076300,0.010021087063142975,-0.03988877598475582,0.052258587149997426,0.07126377900968683,4.111666666666666,324.58024590163933,4.440983606557377,15.29,120.4349,4.2,53.85,66.5,138.87039184570312,656.3819580078125,0.003021625501606673,0.0057290340826092745,77.0,29.166666666666668,40.833333333333336,0.00012121546253807125,245.24696350097656,0.017534423398647858,360.3699951171875,-0.0027061249177861013,350.1099853515625,0.008464226321712731,322.8800048828125,0.02164326450634091,203.01516723632812,53.85,1699.5697173913043,2.162,97.35188333333333,1.82,6.305714285714285,15.29
2025-09-29,253.7122344970703,40127700,0.008882508479285622,-0.02660849320860259,0.05726509168514293,0.07701684309855761,4.0986666666666665,324.62047540983605,4.445901639344262,16.12,120.115,4.15,53.7,64.27,139.61245727539062,658.2266845703125,0.005343582745211739,0.0028104467833012237,76.4,29.066666666666666,40.93333333333333,-0.011189232792274795,242.50283813476562,-0.0026361287075085116,359.4200134277344,-0.00454141956646581,348.5199890136719,-0.002632575850660457,322.0299987792969,0.005050958293103536,204.04058837890625,53.7,1700.6090869565217,2.084,97.26843333333333,1.8,6.322857142857143,16.12
2025-09-30,253.9116668701172,37704300,0.007265469997485008,-0.02694107187016137,0.059183893612846594,0.07349753055148156,4.094333333333333,324.63388524590164,4.447540983606557,16.28,120.1368,4.16,53.65,63.17,140.37442016601562,660.7061157226562,0.005457699875033306,0.003766834755358328,76.2,29.033333333333335,40.96666666666667,0.0037175008900331985,243.4043426513672,-0.018557712922336878,352.75,0.007861875468628154,351.260009765625,-0.013539065826443708,317.6700134277344,-0.001024603342924535,203.83152770996094,53.65,1700.9555434782608,2.076,97.24061666666667,1.8,6.328571428571428,16.28
2025-10-01,254.72933959960938,48713900,0.010217359087506095,-0.023918556803420032,0.06243881762617831,0.06527122233921734,4.09,324.64729508196723,4.449180327868852,16.29,120.1502,4.12,53.6,62.59,141.74900817871094,662.95751953125,0.009792296994492578,0.0034075722246513784,76.0,29.0,41.0,-0.026129426450908433,237.04432678222656,-0.025598862591911797,343.7200012207031,0.002021270384726881,351.9700012207031,-0.006106973775941826,315.7300109863281,0.06349519096849354,216.7738494873047,53.6,1701.302,2.051,97.2128,1.77,6.3342857142857145,16.29
2025-10-02,256.40460205078125,42630200,-0.012017330435881712,-0.037646339515531424,0.05149141869199059,0.05500230544024376,4.083225806451613,324.66070491803276,4.450819672131148,16.63,120.4296,4.1,53.516129032258064,61.28,142.51596069335938,663.7210693359375,0.005410637608705526,0.0011517326256851312,76.16129032258064,28.774193548387096,41.12903225806452,0.009988260654034242,239.4119873046875,0.022576544100040064,351.4800109863281,-0.013438676506303038,347.239990234375,0.01640639944108946,320.9100036621094,0.026866803350665602,222.59786987304688,53.516129032258064,1702.1908804347825,1.998,97.21012580645161,1.76,6.34,16.63
2025-10-03,257.2920837402344,49155600,-0.049414674294595895,-0.02220758830532321,0.042748697151102855,0.036815437221939584,4.0764516129032256,324.67411475409835,4.452459016393443,16.65,120.0881,4.13,53.432258064516134,61.65,141.79881286621094,663.7113037109375,-0.005032052716477664,-1.4713447336833774e-05,76.3225806451613,28.548387096774192,41.25806451612903,0.0013241467360574077,239.72900390625,-0.013485889961854736,346.739990234375,8.639206353122653e-05,347.2699890136719,-0.006263468706763531,318.8999938964844,-0.027103117909067942,216.5647735595703,53.432258064516134,1703.0797608695652,2.037,97.20745161290323,1.8,6.3342857142857145,16.65
2025-10-06,255.96583557128906,44664100,-0.0351785281136302,0.021621430539070285,0.05200835744812049,0.023079793194351383,4.056129032258064,324.71434426229507,4.457377049180328,16.37,120.2722,4.18,53.18064516129032,62.49,143.23312377929688,666.0914916992188,0.010115112278402671,0.0035861796762737264,76.80645161290323,27.870967741935484,41.645161290322584,0.002107520393510809,240.23423767089844,0.009805688728791617,350.1400146484375,0.017536776947491672,353.3599853515625,0.014205076406390127,323.42999267578125,0.029329260091163212,222.9164581298828,53.18064516129032,1705.7464021739129,2.118,97.19942903225807,1.84,6.317142857142857,16.37
2025-10-07,255.75645446777344,31955800,-0.033959807902212535,0.024524237594380605,0.05325943671878974,0.015994804684971387,4.049354838709677,324.72775409836066,4.4590163934426235,17.24,120.4884,4.14,53.09677419354839,62.52,142.2769012451172,663.6219482421875,-0.006675987431881358,-0.0037075138893177817,76.96774193548387,27.64516129032258,41.774193548387096,-0.03608252824839653,231.56597900390625,-0.005226529426181736,348.30999755859375,-0.022300132136904183,345.4800109863281,-0.028568748859471138,314.19000244140625,-0.05515600497855677,210.62127685546875,53.09677419354839,1706.6352826086957,2.142,97.19675483870968,1.79,6.311428571428571,17.24
2025-10-08,257.3320007324219,36496900,-0.03379066453754065,0.001511220901170507,0.04537694839636619,0.004770609996969988,4.04258064516129,324.7411639344262,4.4606557377049185,16.3,120.7766,4.13,53.012903225806454,63.37,144.7720489501953,667.5791625976562,0.01753726489150509,0.005963055269571305,77.12903225806451,27.419354838709676,41.903225806451616,0.017882356693253554,235.70692443847656,0.0013206381048558313,348.7699890136719,0.013083214281392141,350.0,-0.008848145255084372,311.4100036621094,0.028124410466037197,216.5448760986328,53.012903225806454,1707.5241630434782,2.193,97.19408064516129,1.78,6.305714285714285,16.3
2025-10-09,253.32330322265625,38322000,-0.025940747615498916,0.02180752010204201,0.05680216766908841,0.02197075545320515,4.0358064516129035,324.7545737704918,4.462295081967214,16.43,121.0902,4.14,52.92903225806452,62.36,144.5279998779297,665.6452026367188,-0.0016857471731271945,-0.002896974724933221,77.29032258064517,27.193548387096776,42.03225806451613,-0.00021013395942803825,235.6573944091797,-0.00372734992665269,347.4700012207031,-0.003799961635044591,348.6700134277344,-0.0035001969271137856,310.32000732421875,0.012826916985783976,219.32247924804688,52.92903225806452,1708.4130434782608,2.18,97.1914064516129,1.8,6.3,16.43
2025-10-10,244.5780792236328,61999100,0.028621403311778426,0.07155372663818804,0.09956840458805405,0.06210403371608719,4.029032258064516,324.7679836065574,4.463934426229509,21.66,121.1163,4.05,52.84516129032258,59.75,138.6462860107422,647.6542358398438,-0.04069601649614796,-0.027027862178845674,77.45161290322581,26.967741935483872,42.16129032258065,-0.05279971054211652,223.21475219726562,-0.02866432043079259,337.510009765625,-0.062150493570407694,327.0,-0.021977336824090976,303.5,-0.046981330527432474,209.01841735839844,52.84516129032258,1709.3019239130433,2.106,97.18873225806452,1.75,6.295714285714285,21.66
2025-10-13,246.96133422851562,38142900,0.058870952096088836,0.08539920461458483,0.11248007242324887,0.055087786374153014,4.008709677419355,324.8082131147541,4.468852459016394,19.03,121.165725,4.035,52.593548387096774,59.5775,142.02291870117188,657.5919189453125,0.02435429601170913,0.015344118135168339,77.93548387096774,26.29032258064516,42.54838709677419,0.04149651484126782,232.47738647460938,0.005362796676313897,339.32000732421875,0.015993917389382606,332.2300109863281,0.014728175356517603,307.9700012207031,0.04539170057797981,218.50611877441406,52.593548387096774,1711.9685652173912,2.10525,97.18070967741936,1.7349999999999999,6.282857142857143,19.03
2025-10-14,247.07101440429688,35478000,0.060539971292077555,0.08568416863440231,0.10479528034937657,0.050215889949917436,4.001935483870968,324.8216229508197,4.470491803278689,20.81,121.1822,4.03,52.50967741935484,59.52,140.20013427734375,656.78857421875,-0.012834438557507877,-0.0012216462876413203,78.09677419354838,26.06451612903226,42.67741935483871,0.003110732875118094,233.2005615234375,-0.009961112842906794,335.94000244140625,-0.01950459251736525,325.75,-0.004480971774337039,306.5899963378906,-0.005877506988993142,217.2218475341797,52.50967741935484,1712.8574456521737,2.105,97.17803548387097,1.73,6.2785714285714285,20.81
2025-10-15,248.63658142089844,33893600,0.03653647728606835,0.08165558910235982,0.0957511383953269,0.03657784056322311,3.9951612903225806,324.8350327868852,4.472131147540984,20.64,120.8642,4.05,52.42580645161291,59.08,141.58961486816406,659.7044067382812,0.009910693723528485,0.004439529909605389,78.25806451612904,25.838709677419356,42.806451612903224,0.011682302307552517,235.9248809814453,-0.015806386616669443,330.6300048828125,-0.005065215338401763,324.1000061035156,-0.004925176240782592,305.0799865722656,0.04303592387978772,226.5701904296875,52.42580645161291,1713.7463260869565,2.095,97.17536129032258,1.76,6.274285714285714,20.64
2025-10-16,246.7519073486328,39777000,0.04901988005416813,0.09678721954732539,0.10193614757852765,0.03365410450832362,3.9883870967741935,324.8484426229508,4.473770491803279,25.31,120.6698,3.99,52.34193548387097,58.29,141.69422912597656,655.2116088867188,0.0007388554443763518,-0.006810319600221937,78.41935483870968,25.612903225806452,42.935483870967744,0.01452859938636264,239.3525390625,-0.004234321978674016,329.2300109863281,0.0004628012763334688,324.25,-0.017241312047851842,299.82000732421875,0.0006151461453625107,226.70956420898438,52.34193548387097,1714.635206521739,2.061,97.1726870967742,1.71,6.27,25.31
2025-10-17,251.5782470703125,49147000,0.041737730897085656,0.07166355561011573,0.06115688604507974,-0.021209063970665687,3.9816129032258063,324.8618524590164,4.475409836065574,20.78,120.7028,4.02,52.25806451612903,58.3,141.94322204589844,658.9308471679688,0.001757255192803342,0.005676392528467966,78.58064516129032,25.387096774193548,43.064516129032256,0.005215027111714843,240.60076904296875,0.012240678689113382,333.260009765625,0.005767139914225172,326.1199951171875,0.012807672083531507,303.6600036621094,-0.011988379310358788,223.99168395996094,52.25806451612903,1715.5240869565216,2.084,97.17001290322581,1.75,6.258571428571428,20.78
2025-10-20,261.50018310546875,90483000,0.025053338620709242,0.02596863191952048,0.020817758487206683,-0.05472054670656623,3.961290322580645,324.9020819672131,4.480327868852459,18.23,120.6209,4.0,52.00645161290323,58.34,143.52696228027344,665.7840576171875,0.011157561534448579,0.010400500262923273,79.06451612903226,24.70967741935484,43.45161290322581,0.013793431917733301,243.9194793701172,0.030426645363152316,343.3999938964844,0.010793632969315903,329.6400146484375,0.014127670727737573,307.95001220703125,0.013956179354378095,227.1177520751953,52.00645161290323,1718.1907282608695,2.093,97.16199032258065,1.74,6.224285714285714,18.23
2025-10-21,262.0286865234375,46695900,0.0237088634308531,0.027666862796343228,0.023025321226402218,-0.053960643156262256,3.954516129032258,324.91549180327866,4.481967213114754,17.87,120.8895,3.98,51.92258064516129,58.66,143.60165405273438,665.7741088867188,0.000520402377882645,-1.494287878323064e-05,79.2258064516129,24.483870967741936,43.58064516129032,0.0006091142432955721,244.06805419921875,0.04120557410595005,357.54998779296875,0.011558055421933888,333.45001220703125,0.008507858461866524,310.57000732421875,-0.009336829345161557,224.9971923828125,51.92258064516129,1719.079608695652,2.097,97.15931612903226,1.7,6.212857142857143,17.87
2025-10-22,257.72088623046875,45015300,0.04352872552486109,0.0452311533999179,0.031178574583439866,-0.03934826272309355,3.947741935483871,324.92890163934425,4.483606557377049,18.6,120.8958,3.97,51.83870967741935,59.3,142.18228149414062,662.3128051757812,-0.009884096168366718,-0.005198916065879078,79.38709677419355,24.258064516129032,43.70967741935484,-0.024394188672582917,238.1142120361328,-0.009676944688029376,354.0899963378906,-0.00881692107895582,330.510009765625,-0.007792167210815104,308.1499938964844,-0.02407080274981732,219.58132934570312,51.83870967741935,1719.9684891304346,2.163,97.15664193548388,1.68,6.201428571428572,18.6
2025-10-23,258.84765625,32754900,0.045535209009280875,0.03925585244850227,0.04689575001886359,-0.015110375952614552,3.940967741935484,324.94231147540984,4.4852459016393444,17.3,120.9531,4.01,51.75483870967742,62.44,143.97518920898438,666.2402954101562,0.012609923655765964,0.005929962705964353,79.54838709677419,24.032258064516128,43.83870967741935,0.012190154048179247,241.01686096191406,8.472077609411599e-05,354.1199951171875,0.02045317554176518,337.2699890136719,0.005484350072627153,309.8399963378906,0.035863357460855116,227.4562530517578,51.75483870967742,1720.8573695652174,2.265,97.15396774193549,1.71,6.19,17.3
2025-10-24,262.07855224609375,38253700,0.02872683193231329,0.02149761463659461,0.05086186318016628,-0.016359622207808955,3.9341935483870967,324.9557213114754,4.4868852459016395,16.37,120.9345,4.02,51.670967741935485,62.27,146.21133422851562,671.6851806640625,0.01553146088445434,0.008172554694480416,79.70967741935483,23.806451612903224,43.96774193548387,-0.021702557871556727,235.7861785888672,-0.001694358160479137,353.5199890136719,0.023215872579538388,345.1000061035156,0.009811543315429994,312.8800048828125,0.0012254996503890947,227.73500061035156,51.670967741935485,1721.74625,2.277,97.1512935483871,1.73,6.187142857142858,16.37
2025-10-27,268.0516357421875,44888200,0.0008929226063913998,0.0032780722435070686,0.03135486973553636,-0.045092762397199504,3.913870967741935,324.99595081967215,4.491803278688525,15.79,120.7988,4.01,51.41935483870968,62.13,148.91065979003906,679.6095581054688,0.01846180787396845,0.011797755361480311,80.19354838709677,23.129032258064516,44.354838709677416,0.021007562344511177,240.73947143554688,0.012106808419060533,357.79998779296875,0.01825554239798821,351.3999938964844,0.0020774542519195194,313.5299987792969,0.011278713119958761,230.30355834960938,51.41935483870968,1724.4128913043478,2.322,97.14327096774194,1.73,6.178571428571429,15.79
2025-10-28,268.2410888671875,41534800,0.0038663330043127164,0.024226244191512647,0.03278476093219762,-0.03892044846914422,3.907096774193548,325.0093606557377,4.49344262295082,16.42,120.6361,3.99,51.33548387096774,60.97,150.3848114013672,681.41455078125,0.009899570745349306,0.002655925971395856,80.35483870967742,22.903225806451612,44.483870967741936,-0.01506113099858264,237.11366271972656,0.005897193798568567,359.9100036621094,-0.02874219202886752,341.29998779296875,-0.007814283215546114,311.0799865722656,-0.01595131680056161,226.62991333007812,51.33548387096774,1725.3017717391303,2.25,97.14059677419355,1.71,6.175714285714286,16.42
2025-10-29,268.93914794921875,51086700,0.0016314144818587728,0.014961535746893295,0.03492885979821159,-0.03696117762321627,3.9003225806451614,325.02277049180327,4.495081967213115,16.92,120.5312,4.08,51.251612903225805,61.26,151.46554565429688,681.7418823242188,0.007186458810958474,0.0004803706386860007,80.51612903225806,22.677419354838708,44.61290322580645,-0.01800716510416278,232.8439178466797,-0.06126536658105197,337.8599853515625,0.0003809108920664883,341.42999267578125,-0.04500450239265941,297.0799865722656,0.0356264548977816,234.7039337158203,51.251612903225805,1726.190652173913,2.256,97.13792258064517,1.78,6.172857142857143,16.92
2025-10-30,270.63433837890625,69886500,-0.0060058776659743796,0.006686064933978386,0.04412105980212777,-0.004157125965224329,3.893548387096774,325.03618032786886,4.49672131147541,16.91,121.2832,4.11,51.16774193548387,61.36,149.60292053222656,674.2440185546875,-0.012297351942477719,-0.010998097614260183,80.6774193548387,22.451612903225808,44.74193548387097,-0.009104790611638158,230.7239227294922,0.004084546683965851,339.239990234375,-0.01564009153396617,336.0899963378906,0.012420905507576574,300.7699890136719,-0.013573658375416686,231.5181427001953,51.16774193548387,1727.0795326086957,2.256,97.13524838709678,1.82,6.17,16.91
2025-10-31,269.60723876953125,86167100,-0.00702734396665794,0.00852205390463956,0.05953858117446509,-0.0023254313491780643,3.886774193548387,325.0495901639344,4.498360655737705,17.44,121.3859,4.11,51.08387096774194,61.75,149.74732971191406,676.4556274414062,0.0009652831587361188,0.0032801312668069293,80.83870967741936,22.225806451612904,44.87096774193548,0.00528129508092956,231.94244384765625,0.0031541308661149348,340.30999755859375,0.007736041333707755,338.69000244140625,0.0018951602388523892,301.3399963378906,0.002365091733725899,232.06570434570312,51.08387096774194,1727.9684130434782,2.245,97.1325741935484,1.81,6.177142857142857,17.44
2025-11-03,268.2909851074219,50194600,0.0023830217830940192,-0.004946106739583733,0.05714713731972498,0.02864892674727537,3.869333333333333,325.1275333333333,4.493333333333333,17.17,121.4512,4.13,51.126666666666665,61.79,150.35992431640625,677.72509765625,0.004090854946600331,0.0018766496475834948,81.06666666666666,21.733333333333334,44.93333333333333,-0.002221099458047049,231.42727661132812,-0.00834532149588596,337.4700012207031,-0.009684368465716187,335.4100036621094,0.007632635357066597,303.6400146484375,0.019776892872467755,236.65524291992188,51.126666666666665,1730.635054347826,2.254,97.12028666666667,1.82,6.198571428571428,17.17
2025-11-04,269.2781982421875,49274800,0.020281496169184177,-0.008668237888198482,0.04048320728655108,0.02272797331915344,3.864,325.15979999999996,4.49,19.0,121.8271,4.1,51.19,61.38,146.390625,669.691650390625,-0.02639865199754654,-0.011853548427536165,81.1,21.6,44.9,-0.018107028118884316,227.23681640625,-0.006282025393424595,335.3500061035156,-0.006529329529516459,333.2200012207031,-0.009155675018965415,300.8599853515625,-0.03163518884436689,229.16860961914062,51.19,1731.5239347826086,2.286,97.11548,1.81,6.2057142857142855,19.0
2025-11-05,269.3778991699219,43683100,0.013308409732666115,-0.0048850257307854195,0.032983779833974936,0.030538208163045644,3.8586666666666667,325.1920666666667,4.486666666666666,18.01,121.8482,4.17,51.25333333333333,60.4,146.96336364746094,672.012451171875,0.0039123997691856705,0.003465476656154154,81.13333333333334,21.466666666666665,44.86666666666667,0.028860425651240584,233.7949676513672,0.0005367307961989809,335.5299987792969,-0.016775692687751254,327.6300048828125,0.00033240081228735896,300.9599914550781,0.046483292866258186,239.8211212158203,51.25333333333333,1732.4128152173912,2.278,97.11067333333334,1.87,6.212857142857143,18.01
2025-11-06,269.0089416503906,51204000,0.01276862942624879,-0.012091365911183205,0.031098307011379056,0.019918580900374794,3.853333333333333,325.22433333333333,4.483333333333333,19.5,121.6948,4.11,51.31666666666666,60.24,144.0100555419922,664.8021850585938,-0.02009553967853661,-0.010729363869237507,81.16666666666667,21.333333333333332,44.833333333333336,-0.013220282721816745,230.70413208007812,-0.024379318408312645,327.3500061035156,-0.009706048372824294,324.45001220703125,-0.020268495071465775,294.8599853515625,-0.030553320349022695,232.49378967285156,51.31666666666666,1733.3016956521737,2.311,97.10586666666667,1.83,6.22,19.5
2025-11-07,267.7126159667969,48227400,0.01565944215766546,0.012229140759201007,0.0334439567156426,0.02134921464542172,3.848,325.2566,4.48,19.08,121.388,4.11,51.38,60.54,143.5120086669922,665.4567260742188,-0.003458417352354748,0.000984565078659072,81.2,21.2,44.8,-0.01889390509930733,226.34523010253906,-0.001221915042084576,326.95001220703125,0.0018492080855729842,325.04998779296875,0.00786816604312257,297.17999267578125,-0.014816056455220994,229.0491485595703,51.38,1734.1905760869565,2.293,97.10106,1.83,6.222857142857142,19.08
2025-11-10,268.9303283691406,41312400,-0.007311704571412503,0.024088124917090337,0.03470293654024159,0.023485899098635743,3.832,325.35339999999997,4.47,17.6,121.2984,4.13,51.57,60.94,147.1824951171875,675.8406982421875,0.02557616247092165,0.015604278627143309,81.3,20.8,44.7,0.01540620750192745,229.8323516845703,0.005811267244367757,328.8500061035156,0.011967435146975403,328.94000244140625,0.005182073433193768,298.7200012207031,0.021775881830381927,234.03689575195312,51.57,1736.8572173913042,2.31,97.08664,1.84,6.231428571428571,17.6
2025-11-11,274.73956298828125,46208300,-0.02837426157984757,0.006248815628614901,0.010099897074933084,-0.04822915789611659,3.8266666666666667,325.3856666666667,4.466666666666667,17.28,121.1721,4.105,51.63333333333333,60.12,145.92745971679688,677.387939453125,-0.008527069740130178,0.002289357854538432,81.33333333333333,20.666666666666668,44.666666666666664,0.0060774943097974266,231.22915649414062,0.013288718370319641,333.2200012207031,-0.03170788775572875,318.510009765625,0.01051146263399838,301.8599853515625,-0.027267264847297246,227.6553497314453,51.63333333333333,1737.746097826087,2.2995,97.08183333333334,1.8250000000000002,6.234285714285714,17.28
2025-11-12,272.962890625,48398000,-0.01795448975722147,0.014919310839528688,0.017588564436843868,-0.06381209885730232,3.8213333333333335,325.41793333333334,4.463333333333334,17.51,121.0458,4.08,51.696666666666665,59.3,146.38067626953125,677.7648315429688,0.003105766067702076,0.0005563903162315587,81.36666666666666,20.533333333333335,44.63333333333333,0.03440304282071449,239.18414306640625,0.011493867589685625,337.04998779296875,-0.00932467153195149,315.5400085449219,-0.00039751912479468743,301.739990234375,0.009008606854021384,229.70620727539062,51.696666666666665,1738.6349782608695,2.289,97.07702666666667,1.81,6.2371428571428575,17.51
2025-11-13,272.4438171386719,49602800,-0.024546569290476272,0.021615717564690273,0.0042498190130451086,-0.03232483582357715,3.816,325.4502,4.46,20.0,120.7725,4.11,51.76,59.54,142.73011779785156,666.5180053710938,-0.024938800425801433,-0.016593994920437227,81.4,20.4,44.6,-0.01619452724346504,235.3106689453125,-0.010235816093760675,333.6000061035156,0.0014260685721856348,315.989990234375,-0.015145413119059592,297.1700134277344,-0.03250552377151472,222.23948669433594,51.76,1739.523858695652,2.281,97.07222,1.83,6.24,20.0
2025-11-14,271.90484619140625,47431300,-0.003377412995026363,0.03924227966173799,0.008075958794932836,-0.02867972692473375,3.8106666666666666,325.48246666666665,4.456666666666667,19.83,120.9666,4.14,51.82333333333333,60.87,143.50704956054688,666.4088134765625,0.005443362442926647,-0.0001638243733123046,81.43333333333334,20.266666666666666,44.56666666666667,-0.011114418221008338,232.69532775878906,-0.007464090846510563,331.1099853515625,-0.0033545289134239153,314.92999267578125,0.007470475217523864,299.3900146484375,0.012453477373046251,225.00714111328125,51.82333333333333,1740.4127391304346,2.346,97.06741333333333,1.86,6.242857142857143,19.83
2025-11-17,266.9639892578125,45018300,0.03163110679666703,0.07002922766623576,0.016376318091385844,-0.02481185147114573,3.7946666666666666,325.5792666666667,4.446666666666667,22.38,121.1146,4.13,52.013333333333335,60.66,141.2609405517578,660.2003173828125,-0.015651558691138767,-0.009316347515515466,81.53333333333333,19.866666666666667,44.46666666666667,-0.021073682939078853,227.7915802001953,-0.01824160639834127,325.07000732421875,-0.011558073906941968,311.2900085449219,-0.024817204415064298,291.9599914550781,0.011946438874417264,227.69517517089844,52.013333333333335,1743.0793804347825,2.351,97.05299333333333,1.85,6.251428571428572,22.38
2025-11-18,266.94403076171875,45677300,0.03563417048292594,0.062481322641634085,0.01776106745661643,-0.00976824413510946,3.7893333333333334,325.61153333333334,4.443333333333333,24.69,121.2127,4.12,52.07666666666667,61.51,138.9650115966797,654.65625,-0.01625310539566238,-0.008397553343794883,81.56666666666666,19.733333333333334,44.43333333333333,0.0008263361697107285,227.9798126220703,-0.0018457750330598266,324.4700012207031,-0.02595655776943362,303.2099914550781,0.0009248511410904214,292.2300109863281,-0.015696781533538817,224.12109375,52.07666666666667,1743.9682608695653,2.503,97.04818666666667,1.85,6.2542857142857144,24.69
2025-11-19,268.0619812011719,40424500,0.03347482398104251,0.04520395657715204,0.01902740880854714,-0.007934784897974723,3.7840000000000003,325.6438,4.44,23.66,121.4978,4.13,52.14,60.27,139.9311981201172,657.185302734375,0.0069527322909286315,0.0038631766432766224,81.6,19.6,44.4,0.008994915629161104,230.0304718017578,-0.01960124463036128,318.1099853515625,0.011708117841073173,306.760009765625,-0.0035588697458267537,291.19000244140625,0.04446520969498913,234.08668518066406,52.14,1744.8571413043478,2.462,97.04338,1.86,6.257142857142857,23.66
2025-11-20,265.7562561035156,45823600,0.04732392690606346,0.04706095942250954,0.01772768304632555,0.023078554588317424,3.7786666666666666,325.67606666666666,4.4366666666666665,26.42,121.6889,4.1,52.20333333333333,60.07,135.53857421875,647.1683349609375,-0.03139131201890055,-0.015242227316648038,81.63333333333334,19.466666666666665,44.36666666666667,-0.03014644440695846,223.0958709716797,-0.017949739769305473,312.3999938964844,-0.015060617323351067,302.1400146484375,-0.014560905933671875,286.95001220703125,-0.06153324679024097,219.6825714111328,52.20333333333333,1745.7460217391304,2.265,97.03857333333333,1.86,6.26,26.42
2025-11-21,270.98651123046875,59030800,0.04276412476747482,0.0235736939346729,0.003204617820945499,0.011037777687183947,3.7733333333333334,325.7083333333333,4.433333333333334,23.43,121.8653,4.06,52.266666666666666,58.86,136.06150817871094,653.6148681640625,0.003858192864836907,0.009961138168965045,81.66666666666667,19.333333333333332,44.333333333333336,0.03161644042864653,230.1493682861328,0.037740104914434136,324.19000244140625,-0.005163262065725038,300.5799865722656,0.013416885945834345,290.79998779296875,0.017163853013071995,223.4531707763672,52.266666666666666,1746.634902173913,2.127,97.03376666666666,1.82,6.255,23.43
2025-11-24,275.4083557128906,65585800,0.037220786206029866,0.004566416989331801,-0.007647335649156428,-0.00983846230644947,3.7573333333333334,325.80513333333334,4.423333333333334,20.52,121.9171,4.04,52.45666666666666,59.11,139.30368041992188,663.2351684570312,0.023828724851061356,0.014718606876234608,81.76666666666667,18.933333333333334,44.233333333333334,0.030475097607787882,237.16319274902344,-0.016841948900213066,318.7300109863281,0.012941695462822311,304.4700012207031,-0.0032667872397899034,289.8500061035156,0.030802240364069755,230.33602905273438,52.45666666666666,1749.3015434782608,2.123,97.01934666666666,1.81,6.24,20.52
2025-11-25,276.45635986328125,46914200,0.025923393534020844,0.006534993898832608,-0.012889392358163554,-0.04528574150434239,3.7520000000000002,325.8374,4.42,18.56,121.6335,4.01,52.519999999999996,58.25,139.67718505859375,669.4735717773438,0.0026812259198463195,0.009406020092127543,81.8,18.8,44.2,0.0527151380835551,249.665283203125,0.0025726375878543095,319.54998779296875,-0.0026603525974521203,303.6600036621094,0.0158012298631105,294.42999267578125,0.05001946963366488,241.85731506347656,52.519999999999996,1750.1904239130433,2.068,97.01454,1.79,6.235,18.56
2025-11-26,277.0353088378906,33431400,0.011349219471963323,0.0017293660544357436,-0.013655151035598223,-0.04533353719855482,3.7466666666666666,325.86966666666666,4.416666666666667,17.19,121.2437,4.0,52.58333333333333,58.81,141.3306427001953,674.09521484375,0.011837707360067062,0.006903398821459961,81.83333333333333,18.666666666666668,44.166666666666664,0.023410921751681135,255.5101776123047,-0.006352679883724677,317.5199890136719,0.008858599779243415,306.3500061035156,0.02360497360975189,301.3800048828125,0.030974184121106196,249.34864807128906,52.58333333333333,1751.079304347826,2.048,97.00973333333333,1.77,6.23,17.19
2025-11-28,278.3328857421875,20135600,-0.00025108514834637496,-0.0020442058977160338,-0.020692266972149986,-0.05326590509288398,3.736,325.9342,4.41,16.35,121.0527,4.02,52.71,58.58,142.54583740234375,677.7747192382812,0.008598239411719222,0.0054584342293309,81.9,18.4,44.1,0.028768449783713068,262.8608093261719,0.008220004911338785,320.1300048828125,0.01792064672758631,311.8399963378906,0.0065033891543011535,303.3399963378906,0.009121115298385218,251.62298583984375,52.71,1752.8570652173912,2.05,97.00012,1.79,6.220000000000001,16.35
2025-12-01,282.57501220703125,46587700,-0.018403424491690523,-0.031755667580835034,-0.03970335932560776,-0.07182751658905562,3.72,326.031,4.4,17.24,120.9862,4.09,52.9,59.47,142.610595703125,674.6803588867188,0.00045429808376984404,-0.004565470301164498,82.0,18.0,44.0,0.004409512919544278,264.0198974609375,0.008496551960816001,322.8500061035156,-0.00711903940089087,309.6199951171875,0.005867998947669761,305.1199951171875,0.009910818220871365,254.1167755126953,52.9,1755.523706521739,2.089,96.9857,1.85,6.205,17.24
2025-12-02,285.6592712402344,53669500,-0.03148256345318934,-0.04046265561296358,-0.053041600524246446,-0.08964825853537683,3.71741935483871,326.0489677419355,4.396774193548388,16.59,121.1467,4.09,53.01290322580645,58.81,144.07977294921875,675.9299926757812,0.010302020259084887,0.0018521864059071191,81.7741935483871,18.06451612903226,43.96774193548387,0.024239302661163364,270.4195556640625,-0.00012392301119867888,322.80999755859375,0.026871673197558676,317.94000244140625,0.016813073429823078,310.25,0.04153076922938359,264.6704406738281,53.01290322580645,1756.4125869565216,2.051,96.99000967741935,1.85,6.2,16.59
2025-12-03,283.623046875,43538700,-0.01889848672657779,-0.043322186068932234,-0.05944031263987881,-0.09308148693316809,3.7148387096774194,326.06693548387096,4.393548387096774,16.08,120.7336,4.06,53.1258064516129,59.09,144.4234161376953,678.2706298828125,0.002385089741900659,0.003462839691083186,81.54838709677419,18.129032258064516,43.935483870967744,0.019306050665447216,275.6402893066406,0.012298259814529144,326.7799987792969,0.05714909344729224,336.1099853515625,-0.009701884820709106,307.239990234375,0.012437388450522002,267.9622497558594,53.1258064516129,1757.3014673913042,2.03,96.99431935483871,1.82,6.195,16.08
2025-12-04,280.179443359375,43989100,-0.0095119007681147,-0.030317005267445962,-0.06533658936141473,-0.0733053985875054,3.712258064516129,326.08490322580644,4.390322580645162,15.78,120.6766,4.11,53.23870967741935,59.82,144.96128845214844,678.7664794921875,0.003724273589680971,0.0007310498015529188,81.3225806451613,18.193548387096776,43.903225806451616,-0.003522072907972018,274.6694641113281,0.005967354839083283,328.7300109863281,0.003540514989941679,337.29998779296875,-0.004524098994401871,305.8500061035156,0.0030152881578418,268.7702331542969,53.23870967741935,1758.190347826087,2.05,96.99862903225807,1.85,6.19,15.78
2025-12-05,278.26300048828125,47265800,-0.0017935710884324774,-0.018329761325851956,-0.06618117195624273,-0.06351220130636548,3.709677419354839,326.1028709677419,4.387096774193549,15.41,120.6863,4.14,53.351612903225806,60.23,146.0220947265625,680.0557861328125,0.007317859034925878,0.0018994848443159018,81.09677419354838,18.258064516129032,43.87096774193548,0.014535070728766808,278.66180419921875,0.0533264326147147,346.260009765625,0.0006819181578781031,337.5299987792969,0.0029098712215103184,306.739990234375,-0.005344346917922627,267.3338317871094,53.351612903225806,1759.0792282608695,2.098,97.00293870967741,1.88,6.194285714285715,15.41
2025-12-08,277.3746643066406,38211800,-0.01360257708950352,-0.024901933796331877,-0.06783255783658793,-0.06058501621683232,3.701935483870968,326.1567741935484,4.37741935483871,16.66,120.776,4.17,53.69032258064516,59.04,147.04803466796875,678.0126953125,0.0070259226408675435,-0.003004298856025711,80.41935483870968,18.451612903225808,43.774193548387096,-0.004174154737772384,277.4986267089844,-0.020620384817959247,339.1199951171875,-0.0007110189768108066,337.2900085449219,-0.017441402348124413,301.3900146484375,0.0005970323042421288,267.4934387207031,53.69032258064516,1761.7458695652174,2.028,97.01586774193548,1.91,6.207142857142857,16.66
2025-12-09,276.6659851074219,32193300,-0.009271998438966866,-0.017389436840094863,-0.0642542939717009,-0.07641495375307017,3.6993548387096777,326.1747419354839,4.374193548387097,16.93,120.6832,4.18,53.803225806451614,58.4,147.43649291992188,677.4276123046875,0.002641709920368829,-0.0008629381305947925,80.19354838709677,18.516129032258064,43.74193548387097,-0.010353593256406612,274.6255187988281,0.015333841359706168,344.32000732421875,-0.006581876617929638,335.07000732421875,-0.0021235429753173607,300.75,-0.003803667333126093,266.4759826660156,53.803225806451614,1762.63475,1.996,97.02017741935484,1.92,6.211428571428572,16.93
2025-12-10,278.26300048828125,33038300,-0.024894161319622632,-0.0178276842534022,-0.06646818281220623,-0.10196551438991497,3.696774193548387,326.1927096774194,4.370967741935484,15.77,120.6752,4.13,53.91612903225806,58.67,148.14369201660156,681.92041015625,0.004796635369398006,0.00663214455678518,79.96774193548387,18.580645161290324,43.70967741935484,0.019294851642901012,279.92437744140625,-0.0034560943775936437,343.1300048828125,0.008923479180521943,338.05999755859375,-0.002161243213580577,300.1000061035156,0.029984132864782298,274.4660339355469,53.91612903225806,1763.5236304347825,2.013,97.0244870967742,1.88,6.215714285714285,15.77
2025-12-11,277.514404296875,33248000,-0.02100490103360697,-0.016652825418162598,-0.061072566264244066,-0.08982275650809934,3.694193548387097,326.21067741935485,4.367741935483871,14.85,119.98,4.14,54.02903225806452,57.76,147.38668823242188,683.5072021484375,-0.0051099292442020605,0.0023269460314641055,79.74193548387096,18.64516129032258,43.67741935483871,0.006463842926327512,281.7337646484375,0.021274699644707296,350.42999267578125,-0.007779698579559513,335.42999267578125,0.002765699951299938,300.92999267578125,-0.018317260420985693,269.4385681152344,54.02903225806452,1764.4125108695653,1.972,97.02879677419354,1.89,6.22,14.85
2025-12-12,277.763916015625,39532900,-0.016565902360947904,-0.016242448719853142,-0.06583292388907303,-0.08556881476214295,3.6916129032258067,326.22864516129033,4.364516129032258,15.74,120.1442,4.19,54.14193548387097,57.61,143.12356567382812,676.1581420898438,-0.02892474625572028,-0.010751986278262682,79.51612903225806,18.70967741935484,43.645161290322584,-0.014361907014973863,277.6875305175781,0.01712182211969293,356.42999267578125,-0.03640101279458341,323.2200012207031,-0.010932702314216725,297.6400146484375,-0.040353889805631815,258.565673828125,54.14193548387097,1765.3013913043478,1.939,97.0331064516129,1.93,6.218571428571428,15.74
2025-12-15,273.6016540527344,50409100,-0.011455176630011943,-0.0037576771712607426,-0.05800580209715622,-0.08732296760683511,3.6838709677419357,326.28254838709677,4.354838709677419,16.5,119.9561,4.18,54.48064516129032,56.97,141.73904418945312,675.1365966796875,-0.009673609498594082,-0.0015108084138407696,78.83870967741936,18.903225806451612,43.54838709677419,0.004009774415845602,278.8009948730469,-0.014813564761088194,351.1499938964844,-0.014819653879189043,318.42999267578125,-0.011188069231138353,294.30999755859375,0.007947190263293269,260.62054443359375,54.48064516129032,1767.9680326086957,1.916,97.04603548387097,1.93,6.214285714285714,16.5
2025-12-16,274.1007385253906,37648600,-0.00819340766420018,-0.010014214406061761,-0.06948035529446261,-0.09255680390410181,3.6812903225806455,326.30051612903225,4.351612903225806,16.48,119.8902,4.15,54.593548387096774,55.44,141.99801635742188,673.2918701171875,0.0018271053642959778,-0.002732375302379353,78.61290322580645,18.967741935483872,43.516129032258064,-0.007274388279628008,276.77288818359375,-0.009283722923850823,347.8900146484375,0.003454467634383951,319.5299987792969,-0.0011212210764262043,293.9800109863281,-0.009300687329083956,258.19659423828125,54.593548387096774,1768.8569130434782,1.867,97.05034516129032,1.92,6.212857142857143,16.48
2025-12-17,271.33587646484375,50138700,0.007246882118748799,-0.0030531538496664234,-0.09248083540299812,-0.08688177458578394,3.678709677419355,326.3184838709678,4.348387096774194,17.62,120.155,4.16,54.70645161290322,56.07,138.8405303955078,665.8832397460938,-0.022236127256639815,-0.011003593983400228,78.38709677419355,19.032258064516128,43.483870967741936,-0.026436787692625252,269.4559020996094,0.01946014179370259,354.6600036621094,-0.020373704473743426,313.0199890136719,-0.0034356409547585676,292.9700012207031,-0.040836001194243465,247.6528778076172,54.70645161290322,1769.7457934782608,1.915,97.05465483870967,1.92,6.211428571428572,17.62
2025-12-18,271.68524169921875,51630700,0.0044454518924959,-0.018112273495487052,-0.09015760820849505,-0.07518526647662438,3.6761290322580646,326.33645161290326,4.345161290322581,16.87,120.0528,4.12,54.81935483870968,56.22,140.98204040527344,670.9115600585938,0.015424242500840402,0.0075513543702006025,78.16129032258064,19.096774193548388,43.45161290322581,0.01431536963854585,273.3132629394531,0.0032425249100827003,355.80999755859375,0.006644997645031792,315.1000061035156,0.021401471097883817,299.239990234375,0.02106575657606724,252.869873046875,54.81935483870968,1770.6346739130433,1.861,97.05896451612902,1.88,6.21,16.87
2025-12-19,273.1625061035156,144632000,0.00032890220287384864,-0.041327165076395445,-0.0925202231842761,-0.07963807127905087,3.6735483870967744,326.35441935483874,4.341935483870968,14.91,120.1652,4.16,54.93225806451613,56.8,144.0299835205078,676.9923095703125,0.021619371563020406,0.009063414425573013,77.93548387096774,19.161290322580644,43.41935483870968,-0.0017459941899941045,272.8360595703125,0.00014049013043959668,355.8599853515625,-0.0006029909162992286,314.9100036621094,0.002807099202324803,300.0799865722656,0.011479307365158675,255.77264404296875,54.93225806451613,1771.5235543478261,1.853,97.06327419354838,1.92,6.205,14.91
2025-12-22,270.4674987792969,36571800,0.007786697453444846,-0.039266343731957365,-0.08462192977992322,-0.06684733814685151,3.6658064516129034,326.4083225806452,4.332258064516129,14.08,119.9912,4.17,55.27096774193548,58.18,144.8070831298828,681.2098999023438,0.005395401640550412,0.00622989400678442,77.25806451612904,19.35483870967742,43.32258064516129,0.0050283592526956244,274.2079772949219,0.004692894667784886,357.5299987792969,0.008446869363234022,317.57000732421875,0.001299702299018879,300.4700012207031,0.010140006905966947,258.3661804199219,55.27096774193548,1774.1901956521738,1.949,97.07620322580645,1.94,6.1899999999999995,14.08
2025-12-23,271.85491943359375,29642000,-0.0018358485978332562,-0.048905821213896195,-0.06223374077332844,-0.07061741943493938,3.663225806451613,326.42629032258066,4.329032258064516,14.0,119.7057,4.18,55.383870967741935,58.55,145.5951385498047,684.3233032226562,0.005442105475013559,0.0045704023396588855,77.03225806451613,19.419354838709676,43.29032258064516,0.0032992971701277796,275.1126708984375,-0.01429246600008216,352.4200134277344,-0.002015349792727994,316.92999267578125,-0.009618313431278946,297.5799865722656,0.0047102913333734175,259.5831604003906,55.383870967741935,1775.0790760869565,1.995,97.0805129032258,1.94,6.185,14.0
2025-12-24,273.3022155761719,17910600,-0.010225929860164129,-0.052737252705495896,-0.0567546421125541,-0.09049041785963974,3.6606451612903226,326.44425806451613,4.325806451612904,13.47,119.4372,4.15,55.49677419354838,58.72,145.94430541992188,686.7305297851562,0.0023982041817813826,0.003517674396244841,76.80645161290323,19.483870967741936,43.25806451612903,0.0029992594475896084,275.93780517578125,0.0015890061212673334,352.9800109863281,0.00261892881401371,317.760009765625,0.002117094264534769,298.2099914550781,0.0021134441121177794,260.13177490234375,55.49677419354838,1775.967956521739,1.962,97.08482258064515,1.91,6.18,13.47
2025-12-26,272.89300537109375,21521800,-0.022457889918742202,-0.048098121281238804,-0.06203368359181305,-0.09707108731471759,3.655483870967742,326.4801935483871,4.319354838709677,13.6,119.4723,4.14,55.72258064516129,56.6,146.17373657226562,686.660888671875,0.001572045936863553,-0.00010140966545213459,76.35483870967742,19.612903225806452,43.193548387096776,-0.0025940258329802957,275.2220153808594,0.0023230120151829237,353.79998779296875,0.003556158258070319,318.8900146484375,0.00838335425249026,300.7099914550781,0.004294815648713257,261.2489929199219,55.72258064516129,1777.7457173913042,1.892,97.09344193548387,1.91,6.171428571428572,13.6
2025-12-29,273.2523498535156,23715200,-0.041642371011710755,-0.04642764246728226,-0.056545989343453895,-0.07207977767981955,3.647741935483871,326.5340967741936,4.309677419354839,14.2,119.5899,4.12,56.061290322580646,57.89,145.51535034179688,684.2138671875,-0.004504134914436242,-0.0035636535074947684,75.6774193548387,19.806451612903224,43.096774193548384,-0.004370805485406359,274.0190734863281,-0.0018088868087634546,353.1600036621094,-0.0037004081004552436,317.7099914550781,0.0017293057963712055,301.2300109863281,0.004390926951792107,262.3961181640625,56.061290322580646,1780.412358695652,1.909,97.10637096774192,1.9,6.158571428571428,14.2
2025-12-30,272.57354736328125,22139600,-0.046689484296924766,-0.04804443503972933,-0.049801997158432476,-0.06302463475557263,3.645161290322581,326.55206451612906,4.306451612903226,14.33,119.4939,4.14,56.174193548387095,57.79,145.0564727783203,683.3783569335938,-0.0031534649945776927,-0.0012211244085722495,75.45161290322581,19.870967741935484,43.064516129032256,-0.002938615937063349,273.2138366699219,-0.001840508239167038,352.510009765625,-0.006641230708228529,315.6000061035156,-0.005610338876503751,299.5400085449219,-0.011708735181193863,259.32379150390625,56.174193548387095,1781.3012391304346,1.933,97.11068064516128,1.9,6.154285714285715,14.33
2025-12-31,271.3558349609375,27293600,-0.047156544892883234,-0.05020958664331632,-0.006804930571894019,-0.0577522203633285,3.6425806451612903,326.57003225806454,4.3032258064516125,14.95,119.7456,4.18,56.28709677419355,57.26,143.61996459960938,678.3152465820312,-0.009903096023203717,-0.0074089416209803804,75.2258064516129,19.93548387096774,43.03225806451613,-0.013172270040974321,269.614990234375,-0.007148788577452048,349.989990234375,-0.009569136479228857,312.5799865722656,-0.011784732184674018,296.010009765625,-0.01146287117585576,256.3511962890625,56.28709677419355,1782.1901195652174,1.911,97.11499032258064,1.93,6.15,14.95
2026-01-02,270.5074462890625,37838100,-0.04295053197274179,-0.05711977498164478,-0.005645540133853988,-0.04393868764262765,3.64,326.6161290322581,4.3032258064516125,14.51,119.6059,4.19,56.406451612903226,57.21,143.94915771484375,679.55859375,0.0022921124939148108,0.0018329931020035772,74.90322580645162,20.032258064516128,43.03225806451613,0.009365749590480421,272.14013671875,-0.047687085079860636,333.29998779296875,-0.006974191469156232,310.3999938964844,-0.03135028706172671,286.7300109863281,0.04622757590490423,268.2016906738281,56.406451612903226,1783.079,1.877,97.13947096774193,1.94,6.1525,14.51
2026-01-05,266.764404296875,45647200,-0.026229285775080657,-0.07692891567147175,0.03453545316185069,-0.0505979863947571,3.64,326.7005161290323,4.312903225806451,14.9,119.6192,4.17,56.4258064516129,58.1,144.26837158203125,684.0845336914062,0.002217545918676622,0.006660117292359935,74.61290322580645,20.129032258064516,43.12903225806452,0.012968562447182475,275.6694030761719,-0.005220492943599497,331.55999755859375,-0.029574719253514847,301.2200012207031,0.00673104524058088,288.6600036621094,0.057462689878844175,283.61328125,56.4258064516129,1783.079,1.88,97.19998387096774,1.91,6.15625,14.9
2026-01-06,261.87347412109375,52352100,-0.004993200148699417,-0.05606800783585264,0.05164658952787948,-0.012264670955953072,3.64,326.72864516129033,4.316129032258065,14.75,119.7807,4.18,56.43225806451613,56.97,146.29344177246094,688.1529541015625,0.014036827117565709,0.0059472480516442605,74.51612903225806,20.161290322580644,43.16129032258065,0.056439098939626176,291.2279357910156,0.013361058958864191,335.989990234375,0.04455219896869189,314.6400146484375,0.01562395104416403,293.1700134277344,0.041115668686729556,295.27423095703125,56.43225806451613,1783.079,1.835,97.22015483870968,1.91,6.157500000000001,14.75
2026-01-07,259.84722900390625,48309800,-0.0014213110214201796,-0.04601849700881089,0.06833626278586835,0.001550852093691324,3.64,326.7567741935484,4.319354838709677,15.38,119.8719,4.15,56.438709677419354,56.01,146.17373657226562,685.9347534179688,-0.000818254043004174,-0.003223412281198157,74.41935483870968,20.193548387096776,43.193548387096776,-0.0001707018065784105,291.17822265625,0.006279996221520534,338.1000061035156,0.018751568846310684,320.5400085449219,0.002114797178396799,293.7900085449219,-0.012871314962483726,291.4736633300781,56.438709677419354,1783.079,1.821,97.24032580645161,1.88,6.15875,15.38
2026-01-08,258.55963134765625,50419300,-0.003204137819354469,-0.04246453400550154,0.06113710244530468,0.006499866272952737,3.64,326.7849032258065,4.32258064516129,15.45,120.0904,4.19,56.44516129032258,57.74,143.88931274414062,685.8651123046875,-0.015628141427414532,-0.00010152731427326422,74.3225806451613,20.225806451612904,43.225806451612904,0.021407292569755487,297.41156005859375,0.002780249702564186,339.0400085449219,-0.005428404272689313,318.79998779296875,-0.05857933037918395,276.5799865722656,-0.036139532482903136,280.93994140625,56.44516129032258,1783.079,1.922,97.26049677419354,1.92,6.16,15.45
2026-01-09,258.8890075683594,39997000,-0.014805131273004868,-0.015267688481158559,0.056159443139589316,0.0002797268743497394,3.64,326.81303225806454,4.325806451612904,14.49,120.2215,4.18,56.45161290322581,58.96,145.79466247558594,690.4010009765625,0.01324177379895719,0.006613382996888628,74.2258064516129,20.258064516129032,43.25806451612903,0.005916629709749488,299.1712341308594,-0.015012966639942227,333.95001220703125,0.02669388359936664,327.30999755859375,-0.002024721909686833,276.0199890136719,0.06937932877390884,300.4313659667969,56.45161290322581,1783.079,1.909,97.28066774193549,1.9,6.145714285714286,14.49
2026-01-12,259.7673645019531,45263800,-0.05206526460055427,-0.0076080317601257,0.05958806431864816,-0.00452569807744474,3.64,326.8974193548387,4.335483870967742,15.12,119.9958,4.19,56.47096774193548,59.39,146.43310546875,691.4852294921875,0.004379056011539317,0.00157043300066384,73.93548387096774,20.35483870967742,43.354838709677416,-0.023493858103894816,292.1425476074219,-0.018865153706421167,327.6499938964844,-0.005499336428446577,325.510009765625,0.006774964528648786,277.8900146484375,0.02012080814380779,306.4762878417969,56.47096774193548,1783.079,1.953,97.34118064516129,1.9,6.102857142857142,15.12
2026-01-13,260.5658874511719,45730800,-0.05133111421428094,-0.017659412268805852,0.00354312601111495,0.02156408892107886,3.64,326.9255483870968,4.338709677419355,15.98,120.1401,4.18,56.47741935483871,60.85,146.1238555908203,690.1026000976562,-0.0021118849930809036,-0.0019995067653818532,73.83870967741936,20.387096774193548,43.38709677419355,0.0079969271676259,294.4787902832031,-0.05408210453469886,309.92999267578125,-0.0075266877623680895,323.05999755859375,-0.026125479084988856,270.6300048828125,-0.0077138275240064,304.1121826171875,56.47741935483871,1783.079,2.021,97.36135161290322,1.88,6.088571428571428,15.98
2026-01-14,259.4779052734375,40019400,-0.04466066267948099,-0.006462515107193423,-0.015158707271164529,0.014180885501469342,3.64,326.95367741935485,4.341935483870968,16.75,119.9537,4.15,56.483870967741936,61.84,144.3481903076172,686.7106323242188,-0.012151782308395864,-0.0049151644595419874,73.74193548387096,20.419354838709676,43.41935483870968,0.006009235108085154,296.2483825683594,-0.017713646191442,304.44000244140625,-0.03061345943663485,313.1700134277344,-0.034549037190330534,261.2799987792969,-0.009774566318533351,301.1396179199219,56.483870967741936,1783.079,2.037,97.38152258064517,1.86,6.074285714285714,16.75
2026-01-15,257.7311706542969,39388600,-0.03938659626882768,0.00491857338992463,0.02291513598927697,0.047530500566288936,3.64,326.9818064516129,4.345161290322581,15.84,119.9951,4.17,56.49032258064516,59.13,145.10635375976562,688.5806884765625,0.005252323915753587,0.002723208385480236,73.64516129032258,20.451612903225808,43.45161290322581,0.01379247542124018,300.3343811035156,-0.0011496718588517307,304.0899963378906,0.02372510890955959,320.6000061035156,0.0037508075279653053,262.260009765625,0.05694108571737222,318.2868347167969,56.49032258064516,1783.079,2.017,97.4016935483871,1.88,6.06,15.84
2026-01-16,255.05612182617188,72142800,-0.0004695083407726397,0.05666656974980744,0.035484612414523165,0.0695632124660448,3.64,327.00993548387095,4.348387096774194,15.86,120.0838,4.24,56.49677419354839,59.4,145.2659454345703,688.0037231445312,0.0010998255463636752,-0.000837905189162047,73.54838709677419,20.483870967741936,43.483870967741936,-0.006123748991119782,298.4952087402344,-0.02620935024724469,296.1199951171875,-0.009825308286074419,317.45001220703125,0.013078595851676145,265.69000244140625,0.024852863809171177,326.1971740722656,56.49677419354839,1783.079,2.047,97.42186451612903,1.91,6.064285714285714,15.86
2026-01-20,246.2425079345703,80267500,0.04689904397447253,0.092338962515776,0.05725092142652599,0.07993140802970733,3.64,327.1224516129032,4.361290322580645,20.09,119.4455,4.3,56.52258064516129,60.3,141.49513244628906,673.9981689453125,-0.02595799708597002,-0.02035680001149731,73.16129032258064,20.612903225806452,43.61290322580645,-0.015253922082925087,293.9419860839844,-0.019417803913323928,290.3699951171875,-0.03291860704108607,307.0,-0.04448796422750412,253.8699951171875,-0.02684933962363889,317.4389953613281,56.52258064516129,1783.079,2.071,97.50254838709678,1.97,6.081428571428571,20.09
2026-01-21,247.1907501220703,54641700,0.035493629494960155,0.1164545346071113,0.0693622482568248,0.10408087263292409,3.64,327.1505806451613,4.364516129032258,16.9,119.3431,4.26,56.52903225806452,60.38,143.46035766601562,681.77685546875,0.013888995230790346,0.0115411092816613,73.06451612903226,20.64516129032258,43.645161290322584,0.031453844317798074,303.1875915527344,0.013293439177773259,294.2300109863281,0.02228011836446453,313.8399963378906,0.014062344478995348,257.44000244140625,0.02202802369311363,324.4315490722656,56.52903225806452,1783.079,2.124,97.52271935483871,1.92,6.085714285714285,16.9
2026-01-22,247.8894500732422,39708300,0.039983852941116726,0.11097243495395048,0.07279663157283078,0.10201670191397927,3.64,327.17870967741936,4.367741935483871,15.64,119.1962,4.26,56.535483870967745,59.24,144.5277557373047,685.3379516601562,0.0074403695115137225,0.005223257672714476,72.96774193548387,20.677419354838708,43.67741935483871,0.011640436278309574,306.7168273925781,0.018692858629759446,299.7300109863281,0.010355595328585654,317.0899963378906,0.04789460245235966,269.7699890136719,-0.01983148673221158,317.9975891113281,56.535483870967745,1783.079,2.081,97.54289032258065,1.95,6.09,15.64
2026-01-23,247.58001708984375,41689000,0.04612174833982552,0.12127069378364941,0.09818849502915294,0.09383014438346193,3.64,327.2068387096774,4.370967741935484,16.09,118.8976,4.24,56.541935483870965,60.7,144.73724365234375,685.5865478515625,0.0014494649416672,0.00036273518897367296,72.87096774193549,20.70967741935484,43.70967741935484,-0.009464407581038059,303.8139343261719,0.00447067790602973,301.07000732421875,0.003879059574674937,318.32000732421875,0.0008526188816224689,270.0,0.011261359606800081,321.57867431640625,56.541935483870965,1783.079,2.105,97.56306129032258,1.92,6.091428571428572,16.09
2026-01-26,254.93637084960938,55969200,0.05716291655668626,0.07621841914205052,0.07469012438119149,0.04874658162706469,3.64,327.2912258064516,4.380645161290323,16.15,118.0525,4.22,56.561290322580646,60.46,145.72483825683594,689.0680541992188,0.0068233619735385,0.005078142735685631,72.58064516129032,20.806451612903224,43.806451612903224,-0.005202918021671721,302.23321533203125,0.012123405878001536,304.7200012207031,0.011623465708470393,322.0199890136719,0.008666653103298616,272.3399963378906,-0.009057659841195553,318.6659240722656,56.561290322580646,1783.079,2.064,97.6235741935484,1.9,6.095714285714285,16.15
2026-01-27,257.7910461425781,49648300,0.04340429844008087,0.06065774649571343,0.057828675847433786,0.049147437340015365,3.64,327.31935483870967,4.383870967741935,16.35,117.4523,4.24,56.56774193548387,62.04,147.6900634765625,691.8134765625,0.013485863104976792,0.0039842543077575066,72.48387096774194,20.838709677419356,43.83870967741935,-0.0005921092356722113,302.05426025390625,-0.02395637885181523,297.4200134277344,-0.011334681140956815,318.3699951171875,-0.015605493343427423,268.0899963378906,0.04147616678533761,331.8829650878906,56.56774193548387,1783.079,2.143,97.64374516129033,1.9,6.097142857142857,16.35
2026-01-28,255.96444702148438,41288000,0.0781858070451269,0.07533058644929103,0.03114644117402654,0.05452662986800627,3.64,327.3474838709677,4.387096774193549,16.35,117.5117,4.26,56.5741935483871,62.75,148.86717224121094,691.7438354492188,0.007970128368420815,-0.0001006645803248718,72.38709677419355,20.870967741935484,43.87096774193548,0.04542018490330202,315.77362060546875,0.007262366508688389,299.5799865722656,0.006658903633199431,320.489990234375,0.0008951853394505438,268.3299865722656,0.01214273911483077,335.9129333496094,56.5741935483871,1783.079,2.189,97.66391612903226,1.9,6.098571428571428,16.35
2026-01-29,257.801025390625,67253000,0.06825931173073041,0.01430591607770415,0.025893197898012588,0.051587168178886644,3.64,327.3756129032258,4.390322580645162,16.88,117.4396,4.24,56.58064516129032,64.77,146.51292419433594,690.3711547851562,-0.015814420408687524,-0.001984377154833794,72.29032258064517,20.903225806451612,43.903225806451616,0.0033687146464720374,316.8373718261719,-0.026470368620129303,291.6499938964844,-0.05560228821377178,302.6700134277344,-0.04714342238852809,255.67999267578125,0.013630357234517998,340.4915466308594,56.58064516129032,1783.079,2.248,97.68408709677419,1.89,6.1,16.88
2026-01-30,258.99884033203125,92443400,0.07183575483741134,-0.013337066156514199,0.017406998147963648,0.08063086597020286,3.64,327.4037419354839,4.393548387096774,17.44,117.8996,4.26,56.58709677419355,64.5,143.5301971435547,688.3120727539062,-0.0203581156214242,-0.002982572514766746,72.19354838709677,20.93548387096774,43.935483870967744,-0.024537168539741416,309.0630798339844,0.0054860488153603,293.25,-0.020847879856715545,296.3599853515625,-0.010990291141618647,252.8699951171875,-0.055721551600590336,321.5188293457031,56.58709677419355,1783.079,2.277,97.70425806451614,1.9,6.101428571428571,17.44
2026-02-02,269.50927734375,73913400,0.018025133389497405,-0.021788347781975026,-0.02682997255211028,0.026217603790164024,3.64,327.56117857142857,4.396428571428571,16.34,118.3609,4.29,56.48214285714286,61.6,144.9068145751953,691.7339477539062,0.00959113454197924,0.004971400525214165,72.39285714285714,21.107142857142858,44.107142857142854,0.019235677858999933,315.00811767578125,0.0004433244085677579,293.3800048828125,-0.024193491917104515,289.19000244140625,0.010677471661989735,255.57000732421875,0.01886321987249051,327.5837097167969,56.48214285714286,1783.079,2.082,97.74928571428572,1.94,6.105714285714286,16.34
2026-02-03,268.98028564453125,64394700,0.01653572644987844,-0.01811878584234572,-0.0331989780740658,0.05553619230251705,3.64,327.6623571428571,4.392857142857143,18.0,117.9764,4.28,56.364285714285714,62.62,141.7345733642578,685.885009765625,-0.021891594403183556,-0.008455473390127866,72.78571428571429,21.214285714285715,44.214285714285715,-0.017578640803411205,309.470703125,-0.07311340871917715,271.92999267578125,-0.07154466705880791,268.5,-0.05783156714213289,240.7899932861328,-0.02962848963175213,317.8778991699219,56.364285714285714,1783.079,2.15,97.75397142857143,1.92,6.107142857142858,18.0
2026-02-04,275.97723388671875,90545700,-0.002648171193851079,-0.05666088922731305,-0.06795575736170134,0.04082991659388657,3.64,327.7635357142857,4.389285714285714,18.64,118.2602,4.29,56.246428571428574,64.56,137.78419494628906,682.5626831054688,-0.0278716640845017,-0.004843853725993386,73.17857142857143,21.321428571428573,44.32142857142857,0.02939372447916999,318.56719970703125,0.028610300403945743,279.7099914550781,0.010875282784857943,271.4200134277344,0.010880893928441493,243.41000366210938,-0.06611859212307569,296.8602600097656,56.246428571428574,1783.079,2.167,97.75865714285715,1.94,6.1085714285714285,18.64
2026-02-05,275.3983459472656,52977400,-0.05050589782888404,-0.04016687032156563,-0.057217367465207336,0.042763761166713765,3.64,327.8647142857143,4.385714285714286,21.77,118.5034,4.21,56.128571428571426,62.9,135.3002471923828,674.0379638671875,-0.018027813385087743,-0.012489284060324235,73.57142857142857,21.428571428571427,44.42857142857143,0.005242743186244514,320.23736572265625,-0.036895274112144216,269.3900146484375,-0.004715933667277961,270.1400146484375,-0.021979401105232554,238.05999755859375,0.021471666407778978,303.2343444824219,56.128571428571426,1783.079,2.095,97.76334285714286,1.89,6.11,21.77
2026-02-06,277.6042175292969,50453400,-0.07946443343536858,-0.04203556628980154,-0.06128982079440137,0.05563964740420402,3.64,327.9658928571428,4.382142857142857,17.76,118.2407,4.22,56.010714285714286,63.77,140.78688049316406,686.96923828125,0.040551539369915846,0.01918478647681998,73.96428571428571,21.535714285714285,44.535714285714285,-0.005184238147324605,318.5771789550781,-0.0037492472278272126,268.3800048828125,0.04952977581883666,283.5199890136719,0.009829439476973345,240.39999389648438,0.06092317496215682,321.7083435058594,56.010714285714286,1783.079,2.106,97.76802857142857,1.88,6.107142857142858,17.76
2026-02-09,274.3672180175781,44623400,-0.03910854444124967,-0.009030567384445631,-0.050287721491602544,0.06674549091732196,3.64,328.26942857142853,4.371428571428572,17.36,117.6392,4.22,55.65714285714286,64.53,143.00148010253906,690.2816772460938,0.01573015611694384,0.004821815563577747,75.14285714285714,21.857142857142858,44.857142857142854,0.007863772647106693,321.0823974609375,-0.005514609730238207,266.8999938964844,0.026382658282225746,291.0,0.008860253481244529,242.52999877929688,0.02499141745019484,329.748291015625,55.65714285714286,1783.079,2.165,97.78208571428571,1.87,6.098571428571429,17.36
2026-02-10,273.4280700683594,34376900,-0.034090796211610375,0.002009779131892042,-0.06547792775442818,0.07816285182156402,3.64,328.3706071428571,4.367857142857143,17.79,117.5216,4.16,55.53928571428571,64.2,142.20343017578125,688.4613037109375,-0.005580710956177293,-0.0026371459581814305,75.53571428571429,21.964285714285715,44.964285714285715,0.0067808624620624425,323.2596130371094,-0.00835511622235141,264.6700134277344,0.027491408934707806,299.0,0.004329373920928026,243.5800018310547,-0.00453754084147695,328.2520446777344,55.53928571428571,1783.079,2.143,97.78677142857143,1.84,6.095714285714286,17.79
2026-02-11,275.24639892578125,51931300,-0.05415613274416542,-0.00925584476089758,-0.09212337933186199,0.08582708541729644,3.64,328.4717857142857,4.364285714285715,17.65,117.4601,4.18,55.42142857142857,64.8,142.62240600585938,688.3021850585938,0.002946313106232612,-0.00023112214366449724,75.92857142857143,22.071428571428573,45.07142857142857,0.03641278401626957,335.0303955078125,-0.0283749929520275,257.1600036621094,0.002173892630382479,299.6499938964844,-0.0451186690637545,232.58999633789062,0.03285009719544041,339.03515625,55.42142857142857,1783.079,2.176,97.79145714285714,1.86,6.0928571428571425,17.65
2026-02-12,261.4891052246094,81077200,0.010888985496252168,0.009360708877600654,-0.034042755566188854,0.14042988979952686,3.64,328.57296428571425,4.360714285714286,20.82,117.5376,4.09,55.30357142857143,63.08,138.87155151367188,677.668701171875,-0.02629919517718282,-0.01544885969788623,76.32142857142857,22.178571428571427,45.17857142857143,-0.016735870003632636,329.4233703613281,0.020765267778215746,262.5,-0.03777743218686436,288.3299865722656,-0.039124601178060714,223.49000549316406,-0.033806009701243145,327.57373046875,55.30357142857143,1783.079,2.11,97.79614285714285,1.8,6.09,20.82
2026-02-13,255.5445556640625,56290700,0.040659881600499936,0.03495188019992157,-0.00605987758792903,0.17486365618764688,3.64,328.67414285714284,4.357142857142858,20.6,117.5258,4.04,55.18571428571428,63.05,139.22068786621094,678.1461181640625,0.002514095570572472,0.0007044991031190939,76.71428571428571,22.285714285714285,45.285714285714285,0.01732254578585768,335.12982177734375,0.00560000465029753,263.9700012207031,0.03860162106317344,299.4599914550781,0.03458765733385549,231.22000122070312,0.08075760839267154,354.0278015136719,55.18571428571428,1783.079,2.177,97.80082857142857,1.77,6.078571428571428,20.6
2026-02-17,263.6371154785156,58469100,0.0313021589304423,-0.0004926575389972987,-0.05282704513939973,0.12973469534930593,3.64,329.07885714285715,4.3428571428571425,20.29,117.7375,4.05,54.714285714285715,62.53,139.140869140625,679.2402954101562,-0.0005733251775241754,0.0016134830190519533,78.28571428571429,22.714285714285715,45.714285714285715,0.0012163145877432946,335.5374450683594,-0.013334806975770053,260.45001220703125,-0.05342950796951507,283.4599914550781,-0.025516797272450265,225.32000732421875,0.011890404294261803,358.2373352050781,54.714285714285715,1783.079,2.183,97.81957142857144,1.79,6.032857142857143,20.29
2026-02-18,264.106689453125,34203300,0.03737470892907169,-0.006922727428194775,-0.05821828771257764,0.13200465251284688,3.64,329.18003571428574,4.339285714285714,19.62,117.8426,4.09,54.59642857142857,65.33,140.56741333007812,682.662109375,0.010252517454173438,0.005037707550576753,78.67857142857143,22.821428571428573,45.82142857142857,0.02625110153433985,344.3456726074219,0.010443467434130937,263.1700134277344,0.07602490284404761,305.010009765625,0.019616536593598077,229.74000549316406,0.0283184173130957,368.3820495605469,54.59642857142857,1783.079,2.311,97.82425714285715,1.8,6.021428571428571,19.62
2026-02-19,260.3401184082031,30845300,0.04747114141949926,-0.0011127880363270837,-0.04831519811975982,0.1609812650007474,3.64,329.28121428571427,4.335714285714285,20.23,118.2354,4.08,54.47857142857143,66.66,139.86911010742188,680.8616333007812,-0.004967746123466843,-0.002637433731113581,79.07142857142857,22.928571428571427,45.92857142857143,-0.00308928446879031,343.2818908691406,-0.015047390548329598,259.2099914550781,-0.0276056954137488,296.5899963378906,-0.0027857550898660044,229.10000610351562,0.0026840043233684607,369.37078857421875,54.47857142857143,1783.079,2.399,97.82894285714286,1.79,6.01,20.23
2026-02-20,264.3364562988281,42070500,-0.0015118144925688748,-0.026910644316980203,-0.0494746054995413,0.15379465437634798,3.64,329.38239285714286,4.332142857142857,19.09,117.9917,4.08,54.36071428571429,66.69,140.5374755859375,685.7855834960938,0.0047785066910222,0.007231939581382241,79.46428571428571,23.035714285714285,46.035714285714285,0.02817837607516127,352.95501708984375,-0.0023147491350448135,258.6099853515625,-0.0010452057130092562,296.2799987792969,-0.009253646091212486,226.97999572753906,0.015006929376541134,374.9139099121094,54.36071428571429,1783.079,2.376,97.83362857142858,1.8,6.005714285714285,19.09
2026-02-23,265.9349670410156,37308200,-0.00548498265523556,-0.023668152868946524,-0.054624618307886785,0.1612613819099198,3.64,329.6859285714286,4.321428571428571,21.01,117.9395,4.03,54.00714285714285,66.36,138.18321228027344,678.7827758789062,-0.01675185423566572,-0.010211366038766267,80.64285714285714,23.357142857142858,46.357142857142854,0.0003380706455247129,353.0743408203125,-0.04613121438278278,246.67999267578125,-0.05562309657832931,279.79998779296875,-0.036743309960679316,218.63999938964844,-0.004875061242493928,373.086181640625,54.00714285714285,1783.079,2.485,97.84768571428572,1.77,5.992857142857143,21.01
2026-02-24,271.8895263671875,47014600,-0.030829777862982355,-0.04155960596573727,-0.07172788226562965,0.13402671552660395,3.64,329.78710714285717,4.317857142857143,19.55,117.9463,4.04,53.88928571428571,65.62,139.97885131835938,683.7164916992188,0.012994625095586132,0.00726847527019836,81.03571428571429,23.464285714285715,46.464285714285715,0.002646691225407505,354.0088195800781,0.03441708182764036,255.1699981689453,0.03870628149511268,290.6300048828125,0.010382383272950158,220.91000366210938,0.011725367942252207,377.46075439453125,53.88928571428571,1783.079,2.52,97.85237142857143,1.78,5.988571428571428,19.55
2026-02-25,273.97760009765625,33714300,-0.042701480936427116,-0.0489371551593738,-0.07781794397628439,0.1345818271008894,3.64,329.8882857142857,4.314285714285714,17.93,117.769,4.05,53.77142857142857,65.3,142.66229248046875,689.4859008789062,0.019170332781245136,0.008438306300538434,81.42857142857143,23.571428571428573,46.57142857142857,0.013227057796870278,358.6913146972656,0.01034604149622842,257.80999755859375,0.03857134936772333,301.8399963378906,0.017654220414796473,224.80999755859375,0.04503480335823662,394.4596252441406,53.77142857142857,1783.079,2.47,97.85705714285714,1.77,5.984285714285715,17.93
2026-02-26,272.6987609863281,32345100,-0.04638211740133191,-0.06297862987649783,-0.08847776576740307,0.14598984108069657,3.64,329.9894642857143,4.310714285714286,18.63,117.9042,4.02,53.653571428571425,65.1,140.6671600341797,685.6561889648438,-0.013985002004381797,-0.005554445579207146,81.82142857142857,23.678571428571427,46.67857142857143,-0.017876910361993903,352.2790222167969,0.004770998013948535,259.0400085449219,-0.014047145129264416,297.6000061035156,0.03843245177473276,233.4499969482422,-0.04868968708969679,375.2535095214844,53.653571428571425,1783.079,2.444,97.86174285714286,1.74,5.98,18.63
2026-02-27,263.93682861328125,72366500,-0.025437286282464777,-0.053221288515406195,-0.06643197194670813,0.18232835939626413,3.64,330.0906428571429,4.307142857142857,19.86,117.8223,3.97,53.535714285714285,66.96,138.42263793945312,682.3637084960938,-0.01595626224472846,-0.004801940858611298,82.21428571428571,23.785714285714285,46.785714285714285,0.004063766218139309,353.7106018066406,0.013009554532203094,262.4100036621094,0.01276877592417458,301.3999938964844,0.05320196329537308,245.8699951171875,-0.009102570389630027,371.8377380371094,53.535714285714285,1783.079,2.428,97.86642857142857,1.72,5.982857142857143,19.86
2026-03-02,264.476318359375,41827900,-0.01828345464531822,-0.04495307141637317,-0.04128890329965518,0.15817552005686353,3.64,330.3611935483871,4.3,21.44,118.667,4.05,53.18709677419355,71.13,139.2007293701172,682.751708984375,0.005621128467472314,0.0005686124327104469,83.54838709677419,23.93548387096774,46.87096774193548,-0.009499939993385942,350.3503723144531,-0.005830565748045857,260.8800048828125,0.006502957845949009,303.3599853515625,0.004351923152350334,246.94000244140625,-0.00032229791932769647,371.7178955078125,53.18709677419355,1783.079,2.738,97.89874193548387,1.76,5.991428571428572,21.44
2026-03-03,263.5072326660156,38568900,-0.011071149172428796,-0.03609481846592866,-0.030786758629954725,0.1961721468440074,3.64,330.4293870967742,4.3,23.57,119.4341,4.06,53.07419354838709,74.48,137.1656951904297,676.7337036132812,-0.014619421815503575,-0.008814339520359149,84.09677419354838,23.870967741935484,46.74193548387097,-0.03506882801910516,338.0639953613281,0.03875339298657221,270.989990234375,-0.008999144912227752,300.6300048828125,0.02616016599664106,253.39999389648438,-0.056048166357044904,350.8837890625,53.07419354838709,1783.079,2.966,97.92168387096774,1.77,5.994285714285715,23.57
2026-03-04,262.2783508300781,39803100,-0.0065138241611889525,-0.047920101341150545,-0.025140915465614144,0.18294174408101527,3.64,330.4975806451613,4.3,21.15,119.0705,4.09,52.961290322580645,74.58,139.5,681.5082397460938,0.017018138582898246,0.00705526576749449,84.64516129032258,23.806451612903224,46.61290322580645,0.007433956619621096,340.5771484375,0.00786008693889495,273.1199951171875,0.015966429547974892,305.42999267578125,0.0177191036310258,257.8900146484375,0.01833087488345564,357.3157958984375,52.961290322580645,1783.079,3.126,97.94462580645161,1.8,5.997142857142857,21.15
2026-03-05,260.0504150390625,49658600,-0.017403734533521287,-0.04352834744615042,-0.005493976763257247,0.19680643824228428,3.64,330.5657741935484,4.3,23.75,119.5683,4.13,52.84838709677419,80.88,139.83917236328125,677.70849609375,0.0024313431059588275,-0.005575491873376914,85.19354838709677,23.741935483870968,46.483870967741936,-0.03452319849978924,328.8193359375,0.031561201198355704,281.739990234375,-0.018302054388694255,299.8399963378906,0.024157509460933868,264.1199951171875,-0.03138978064186404,346.0997314453125,52.84838709677419,1783.079,3.263,97.96756774193548,1.82,6.0,23.75
2026-03-06,257.2229919433594,41120000,-0.028509198886706222,-0.036782318186601604,-0.015380931991391789,0.19483874289731862,3.64,330.63396774193546,4.3,29.49,119.491,4.15,52.73548387096774,90.77,136.95619201660156,668.82568359375,-0.02061640024005673,-0.01310712873041986,85.74193548387096,23.677419354838708,46.354838709677416,-0.04218732830231264,314.94732666015625,0.0066728364732622225,283.6199951171875,-0.009671804735537526,296.94000244140625,-0.01185069264227323,260.989990234375,-0.06288054417795408,324.3367919921875,52.73548387096774,1783.079,3.424,97.99050967741935,1.8,6.015714285714286,29.49
2026-03-09,259.6407775878906,38218500,-0.027166310782120506,-0.032284078261767934,-0.0037709618191732464,0.16137384638223096,3.64,330.83854838709675,4.3,25.5,119.5151,4.12,52.39677419354838,94.65,139.42019653320312,674.6845703125,0.01799118740321637,0.00875996072290297,87.38709677419355,23.483870967741936,45.96774193548387,0.012349186459091666,318.836669921875,-0.004160470686467965,282.44000244140625,0.003738079552893847,298.04998779296875,-0.0009195380794470021,260.75,0.043727302597284856,338.5191650390625,52.39677419354838,1783.079,3.1,98.05933548387097,1.78,6.062857142857143,25.5
2026-03-10,260.58990478515625,30590800,-0.02530381156597783,-0.03523365120780986,-0.001303546898293817,0.11497023659651417,3.64,330.90674193548386,4.3,24.93,118.7255,4.15,52.28387096774193,83.71,139.42019653320312,673.6002807617188,0.0,-0.0016071058958396778,87.93548387096774,23.419354838709676,45.83870967741935,-0.0028150855121348295,317.9391174316406,-0.0258815943046532,275.1300048828125,-0.01597040578090292,293.2900085449219,-0.026462105068012942,253.85000610351562,0.02047563978711575,345.4505615234375,52.28387096774193,1783.079,3.199,98.08227741935484,1.82,6.078571428571429,24.93
2026-03-11,260.5699157714844,26218900,-0.04167775877203517,-0.03140212605355486,-0.0012652320031200093,0.11900863808075446,3.64,330.974935483871,4.3,24.23,119.2885,4.21,52.17096774193548,86.8,140.08856201171875,672.7548217773438,0.004793892815639911,-0.0012551345486657706,88.48387096774194,23.35483870967742,45.70967741935484,0.0012861111039121909,318.3480224609375,-0.005161245238734402,273.7099914550781,0.0029663305664715534,294.1600036621094,-0.007957471829396878,251.8300018310547,0.015005224509007542,350.6341247558594,52.17096774193548,1783.079,3.544,98.10521935483871,1.85,6.094285714285714,24.23
2026-03-12,255.52456665039062,40794000,-0.026587331776827705,-0.011221387146754136,0.013450210192750944,0.1569533558285776,3.64,331.04312903225804,4.3,27.29,119.8227,4.27,52.05806451612903,95.61,137.50486755371094,662.5390625,-0.01844329344883755,-0.015184966271003186,89.03225806451613,23.29032258064516,45.58064516129032,-0.037435096420232794,306.4306335449219,-0.014358236083706344,269.7799987792969,-0.013054107594795528,290.32000732421875,-0.00770361921653695,249.88999938964844,-0.03930848989331981,336.8512268066406,52.05806451612903,1783.079,3.753,98.12816129032258,1.89,6.11,27.29
2026-03-13,249.8897705078125,36930000,-0.00851590080978093,-0.00527747341723428,0.0348232155095729,0.16503370382546612,3.64,331.11132258064515,4.3,27.19,120.5518,4.28,51.94516129032258,98.48,136.4674072265625,658.7890014648438,-0.007544898923255938,-0.00566013575260893,89.58064516129032,23.225806451612904,45.45161290322581,-0.0039052420352752026,305.23394775390625,-0.07583954165488804,249.32000732421875,-0.011332352100858478,287.0299987792969,0.005122248919217531,251.1699981689453,0.012630888315130484,341.10595703125,51.94516129032258,1783.079,3.792,98.15110322580645,1.92,6.125714285714286,27.19
2026-03-16,252.58729553222656,32074200,-0.00526068076832531,-0.02448385576976453,0.053832707053183215,0.17353492701661,3.64,331.31590322580644,4.3,23.51,120.097,4.23,51.60645161290322,93.39,138.4425811767578,665.493408203125,0.01447359476036758,0.01017686501045656,91.2258064516129,23.032258064516128,45.064516129032256,0.01584607973720198,310.0707092285156,0.010187683344761611,251.86000061035156,0.019823720397188938,292.7200012207031,-0.005534098020391287,249.77999877929688,0.013615111260619761,345.7501525878906,51.60645161290322,1783.079,3.639,98.21992903225807,1.87,6.172857142857143,23.51
2026-03-17,253.99598693847656,32361600,-0.010187625395135291,-0.0017307584981534063,0.03606964389568801,0.17812881156605642,3.64,331.38409677419355,4.3,22.37,119.8328,4.2,51.49354838709677,96.01,139.2007293701172,667.2440185546875,0.005476264505581474,0.002630544991105488,91.7741935483871,22.967741935483872,44.935483870967744,0.008812450930805182,312.8031921386719,0.009290861320654153,254.1999969482422,0.0035187167771302263,293.75,0.01257106015291054,252.9199981689453,0.018140893792608193,352.0223693847656,51.49354838709677,1783.079,3.806,98.24287096774194,1.83,6.188571428571429,22.37
2026-03-18,249.70994567871094,35757900,0.010722523464876899,0.022765426513219555,0.08117945191659448,0.18517510947607607,3.64,331.45229032258067,4.3,25.09,119.9276,4.26,51.38064516129032,96.12,137.6245880126953,657.9335327148438,-0.011322795250814477,-0.013953644515257158,92.3225806451613,22.903225806451612,44.806451612903224,-0.01616400494247039,307.7470397949219,-0.0322580528980565,246.0,-0.013991439494680846,289.6400146484375,-0.01755496786948585,248.47999572753906,-0.008483174222885026,349.0361022949219,51.38064516129032,1783.079,4.171,98.26581290322581,1.86,6.204285714285714,25.09
2026-03-19,248.73085021972656,34864100,0.015785642751210416,0.027956253747893234,0.09676240312990303,0.1981224263189134,3.64,331.5204838709677,4.3,24.06,120.1802,4.25,51.26774193548387,96.11,138.0934295654297,656.3121948242188,0.003406669981755872,-0.002464288275344284,92.87096774193549,22.838709677419356,44.67741935483871,0.00599508838283036,309.5920104980469,-4.062807656890488e-05,245.99000549316406,-0.0077338096901840014,287.3999938964844,-0.0033403165056586914,247.64999389648438,0.02214778685195662,356.7664794921875,51.26774193548387,1783.079,4.12,98.28875483870968,1.88,6.22,24.06
2026-03-20,247.76173400878906,88331100,0.0032662423887499514,0.04383231388099751,0.07330948168579376,0.1987727279753737,3.64,331.58867741935484,4.3,26.78,120.2757,4.39,51.15483870967741,98.71,134.96107482910156,646.9034423828125,-0.022682865840796484,-0.014335787930812693,93.41935483870968,22.774193548387096,44.54838709677419,-0.0032535180154467103,308.5847473144531,0.008780797410813168,248.14999389648438,-0.012178149179991382,283.8999938964844,0.001372952170642039,247.99000549316406,-0.000419912743004458,356.6166687011719,51.15483870967741,1783.079,4.454,98.31169677419355,2.01,6.242857142857143,26.78
2026-03-23,251.25851440429688,40546100,-0.01932483679873742,0.00799235877884752,0.08620629135143543,0.17130354165596318,3.64,331.7932580645161,4.3,26.15,119.9371,4.34,50.81612903225806,89.33,136.78689575195312,653.6959228515625,0.013528500163203061,0.010499991225476402,95.06451612903226,22.580645161290324,44.16129032258065,0.008919662905513936,311.33721923828125,-0.002055186457303293,247.63999938964844,0.0303627872578629,292.5199890136719,-0.0022178436210122943,247.44000244140625,0.013247056316676442,361.3407897949219,50.81612903225806,1783.079,3.929,98.38052258064516,2.01,6.311428571428571,26.15
2026-03-24,251.4083709716797,45152300,0.008543909041708986,0.028850714593125604,0.08659195854603019,0.16575269725318775,3.64,331.86145161290324,4.3,26.95,120.1295,4.39,50.70322580645161,93.18,135.9878387451172,651.5015869140625,-0.005841619567746648,-0.0033568144771775055,95.61290322580645,22.516129032258064,44.03225806451613,0.030878567890014086,320.95086669921875,-0.03541432843674741,238.8699951171875,-0.02803220975462939,284.32000732421875,-0.032533151359243395,239.38999938964844,0.03372119980591903,373.525634765625,50.70322580645161,1783.079,3.917,98.40346451612903,2.06,6.3342857142857145,26.95
2026-03-25,252.38746643066406,28476700,0.011915142651672816,0.031153477245047245,0.07299498532840532,0.09018881875449081,3.64,331.9296451612903,4.3,25.33,120.1282,4.33,50.59032258064516,91.51,136.5971221923828,655.1322021484375,0.004480425991677084,0.0055726882440485515,96.16129032258064,22.451612903225808,43.903225806451616,0.0006214748465283026,321.15032958984375,-0.006781911291925735,237.25,-0.010305263788348507,281.3900146484375,-0.01658382234356104,235.4199981689453,-0.012433486866658683,368.88140869140625,50.59032258064516,1783.079,3.819,98.4264064516129,2.02,6.357142857142857,25.33
2026-03-26,252.6572265625,41796700,0.011981475701624555,0.03001302561446506,0.058207006775638614,0.12318180105209864,3.64,331.9978387096774,4.3,27.44,120.389,4.42,50.47741935483871,96.18,132.34219360351562,643.432373046875,-0.031149474605142613,-0.017858729983344035,96.70967741935483,22.387096774193548,43.774193548387096,-0.0267365638696192,312.5638732910156,0.015300336703108597,240.8800048828125,-0.0027364849183153517,280.6199951171875,0.018732493825544205,239.8300018310547,-0.08336492242485749,338.129638671875,50.47741935483871,1783.079,4.032,98.44934838709678,2.08,6.38,27.44
2026-03-27,248.57098388671875,47900000,0.040434004233672605,0.041800703091180225,0.08806269823087876,0.13343877000049353,3.64,332.0660322580645,4.3,31.05,120.8851,4.44,50.36451612903225,101.26,129.76527404785156,632.4606323242188,-0.019471640037826976,-0.01705189415742525,97.25806451612902,22.322580645161292,43.645161290322584,-0.01907988923748305,306.6001892089844,-0.02507476097013661,234.83999633789062,-0.03153733254046931,271.7699890136719,-0.04165452786095292,229.83999633789062,-0.004076144836853146,336.7513732910156,50.36451612903225,1783.079,4.348,98.47229032258065,2.13,6.3914285714285715,31.05
2026-03-30,246.40298461914062,39446200,0.027855498540834134,0.04946673531387202,0.09544665662554719,0.13343877000049353,3.64,332.2706129032258,4.3,30.61,121.2851,4.35,50.0258064516129,104.69,127.34815216064453,630.3460693359375,-0.018626877683128873,-0.0033433906874337227,98.90322580645162,22.129032258064516,43.25806451612903,-0.014116511184048441,302.2720642089844,0.026784230297260514,241.1300048828125,-0.0032747697201201964,270.8800048828125,0.025408964631661313,235.67999267578125,-0.04167039355688873,322.71881103515625,50.0258064516129,1783.079,4.237,98.54111612903226,2.04,6.425714285714285,30.61
2026-03-31,253.55638122558594,49598100,0.020134775857911347,0.04980498669109612,0.06919119500662907,0.13343877000049353,3.64,332.33880645161287,4.3,25.25,121.035,4.3,49.912903225806446,102.86,132.74171447753906,648.6688842773438,0.04235289028843359,0.029067865784757174,99.45161290322581,22.06451612903226,43.12903225806452,0.0496205344229812,317.2709655761719,0.008086911246030448,243.0800018310547,0.02580474788974918,277.8699951171875,0.01578411972296956,239.39999389648438,0.0577803940481425,341.3656311035156,49.912903225806446,1783.079,3.965,98.56405806451613,2.0,6.437142857142857,25.25
2026-04-01,255.3946990966797,40059400,0.01901180621031262,0.0303954336916874,0.09588077631686409,0.13343877000049353,3.64,332.407,4.3,24.54,120.1198,4.33,49.8,101.9,134.74932861328125,653.5562744140625,0.015124214295739735,0.00753449141030349,100.0,22.0,43.0,0.007669529694839472,319.70428466796875,-0.007034748646479239,241.3699951171875,0.008349254561437425,280.19000244140625,-0.006390972507536619,237.8699951171875,0.035138441188610425,353.3606872558594,49.8,1783.079,3.839,98.587,2.02,6.448571428571428,24.54
2026-04-02,255.68443298339844,31289400,0.017818063221304303,0.055915915790466286,0.08170513772686294,0.13343877000049353,3.639666666666667,332.45939999999996,4.3,23.87,120.503,4.31,49.63333333333333,113.23,135.8280487060547,654.144775390625,0.008005383803204369,0.0009004595313388819,99.86666666666666,22.0,43.06666666666667,-0.006987353081833181,317.47039794921875,0.006421689038048184,242.9199981689453,-0.005246444226754798,278.7200012207031,0.0008828634051289974,238.0800018310547,-0.01506495897761817,348.0373229980469,49.63333333333333,1783.079,4.252,98.58861,1.97,6.46,23.87
2026-04-06,258.6217041015625,29329900,0.0013135853422190369,0.054817289860565444,0.09781360965039188,0.13343877000049353,3.6383333333333336,332.669,4.3,24.17,120.4302,4.34,48.96666666666666,114.01,136.61709594726562,657.23681640625,0.005809162751932773,0.004726845083763864,99.33333333333333,22.0,43.333333333333336,0.028334488463279905,326.46575927734375,0.005927887585462477,244.36000061035156,0.0024038943197470797,279.3900146484375,-0.0015120993262047744,237.72000122070312,0.011909172240715415,352.1821594238281,48.96666666666666,1783.079,4.136,98.59505,1.98,6.408571428571428,24.17
2026-04-07,253.26666259765625,62148000,0.021025559335643873,0.049980347129222835,0.13416175023575017,0.13343877000049353,3.638,332.72139999999996,4.3,25.78,120.32,4.33,48.8,114.58,137.2663116455078,657.5260009765625,0.004752082407700975,0.0004400005646272298,99.2,22.0,43.4,0.00015283759112993955,326.5156555175781,-0.0172696071785996,240.13999938964844,0.00032211723101083223,279.4800109863281,-0.011610274662053,234.9600067138672,0.004792767608828408,353.8700866699219,48.8,1783.079,4.1,98.59666,1.96,6.395714285714286,25.78
2026-04-08,258.66168212890625,41032800,0.029084598952361596,0.05511793186882308,0.11023562777244367,0.13343877000049353,3.6376666666666666,332.7738,4.3,21.04,119.0596,4.29,48.63333333333333,96.17,141.52125549316406,674.27294921875,0.030997728405821157,0.02546963651219092,99.06666666666666,22.0,43.46666666666667,0.057420299431783395,345.2642822265625,-0.0034563247820615928,239.30999755859375,0.03585225640399026,289.5,0.024216832737608884,240.64999389648438,0.08865118408984785,385.2410888671875,48.63333333333333,1783.079,3.825,98.59827,1.96,6.382857142857143,21.04
2026-04-09,260.2502136230469,28121600,0.011171241993466419,0.04967565792150652,0.1260318069709947,0.13343877000049353,3.6373333333333333,332.8262,4.3,19.49,118.8998,4.29,48.46666666666666,99.62,141.9008026123047,678.162841796875,0.0026819089317573486,0.005769017699185586,98.93333333333334,22.0,43.53333333333333,0.014875344938224844,350.40020751953125,-0.039154215088290645,229.94000244140625,-0.029326391137737495,281.010009765625,-0.0644919568140434,225.1300048828125,0.03134396106334347,397.3160705566406,48.46666666666666,1783.079,3.878,98.59988,1.95,6.37,19.49
2026-04-10,260.240234375,31291500,0.03743090631402768,0.04061728383479801,0.12465312436675857,0.13343877000049353,3.637,332.8786,4.3,19.23,118.8552,4.31,48.3,98.34,142.45013427734375,677.7140502929688,0.0038712371947600133,-0.0006617754265585418,98.8,22.0,43.6,-0.003472156297286366,349.1835632324219,-0.019961713008419424,225.35000610351562,-0.054624410412704605,265.6600036621094,-0.02967177981472291,218.4499969482422,0.004223130159618282,398.9939880371094,48.3,1783.079,3.685,98.60149,1.95,6.36,19.23
2026-04-13,258.96142578125,36234700,0.05343351503621174,0.03244584267459594,0.13839343795547498,0.13343877000049353,3.636,333.0358,4.3,19.12,118.9916,4.3,47.8,100.72,145.43658447265625,684.3369750976562,0.020964881573912963,0.009772447246481741,98.4,22.0,43.8,-0.00037126224005201713,349.0539245605469,0.06549808789468536,240.11000061035156,0.08484532196871575,288.20001220703125,0.03978028181646165,227.13999938964844,-0.009411946473350086,395.2386779785156,47.8,1783.079,3.748,98.60632,1.92,6.33,19.12
2026-04-14,258.59173583984375,48370700,0.028358533759349935,0.045898913015513854,0.15576004061587523,0.13343877000049353,3.635666666666667,333.0882,4.3,18.36,118.3581,4.26,47.63333333333333,93.07,147.76380920410156,692.675537109375,0.016001645939937914,0.012184877209840739,98.26666666666667,22.0,43.86666666666667,-0.004028484850975289,347.64776611328125,-0.018283284238429065,235.72000122070312,0.014469058756183095,292.3699951171875,0.006383714678781738,228.58999633789062,-0.00022746960296515795,395.1487731933594,47.63333333333333,1783.079,3.659,98.60793,1.89,6.32,18.36
2026-04-15,266.18475341796875,49913500,0.025297563429638403,0.014037514236428628,0.1203120675616709,0.13343877000049353,3.6353333333333335,333.1406,4.3,18.17,118.3623,4.29,47.46666666666666,93.04,150.12100219726562,698.1414184570312,0.01595243792008727,0.007890969227043909,98.13333333333334,22.0,43.93333333333333,-0.001893304629449366,346.98956298828125,0.03792636346135003,244.66000366210938,0.04012043363624418,304.1000061035156,0.04693998494346863,239.32000732421875,-0.0034880429649292166,393.7704772949219,47.46666666666666,1783.079,3.78,98.60954,1.9,6.31,18.17
2026-04-16,263.15753173828125,43323100,0.03807902591467194,0.030182371955664422,0.14087561546563165,0.13343877000049353,3.6350000000000002,333.193,4.3,17.94,118.3616,4.32,47.3,96.46,151.83895874023438,699.8569946289062,0.011443812110388585,0.002457347646937613,98.0,22.0,44.0,0.016841900294402246,352.8335266113281,0.014305566695052008,248.16000366210938,0.009404752693720653,306.9599914550781,0.0160454463495332,243.16000366210938,-0.011058685176575378,389.4158935546875,47.3,1783.079,3.864,98.61115000000001,1.93,6.3,17.94
2026-04-17,269.98126220703125,61436200,0.003071411793669654,0.03667246691608428,0.10318765792529816,0.13343877000049353,3.6346666666666665,333.24539999999996,4.3,17.48,118.0795,4.26,47.13333333333333,85.91,154.1661834716797,708.3152465820312,0.015326927626174713,0.012085686101644066,97.86666666666666,22.0,44.06666666666667,0.04988708790588614,370.43536376953125,-0.014950059071238031,244.4499969482422,0.013259080784195243,311.0299987792969,-0.0046882685165302584,242.02000427246094,0.018055888617737104,396.4471435546875,47.13333333333333,1783.079,3.493,98.61276000000001,1.9,6.29,17.48
2026-04-20,272.79864501953125,36590200,-0.019923110535261745,0.013843616324121566,0.09593653296664328,0.13343877000049353,3.6336666666666666,333.4026,4.3,18.87,118.2374,4.26,46.63333333333333,91.06,154.37591552734375,706.8988037109375,0.0013604284087540552,-0.0019997351150194964,97.46666666666667,22.0,44.266666666666666,0.02584453700998801,380.00909423828125,0.0170996440448119,248.6300048828125,0.024016979873390687,318.5,0.013593889877090426,245.30999755859375,-0.013402505469263581,391.1337585449219,46.63333333333333,1783.079,3.608,98.61759,1.91,6.26,18.87
2026-04-21,265.9250183105469,50209800,0.01705667690823942,0.06766346512802457,0.1365985867754378,0.13343877000049353,3.6333333333333333,333.455,4.3,19.5,118.4331,4.3,46.46666666666666,93.64,154.50576782226562,702.2708129882812,0.0008411434806931961,-0.006546892848539487,97.33333333333333,22.0,44.333333333333336,-0.015168559808765414,374.2449035644531,-0.005832008118709098,247.17999267578125,0.023045514404680167,325.8399963378906,0.0006929932356496415,245.47999572753906,0.006919893629164786,393.8403625488281,46.46666666666666,1783.079,3.862,98.6192,1.92,6.25,19.5
2026-04-22,272.9185791015625,43249200,-0.010982225643397348,0.05249471206293732,0.1175127440513224,0.13343877000049353,3.633,333.50739999999996,4.3,18.92,118.6004,4.3,46.3,94.76,157.90171813964844,709.3825073242188,0.021979440413443463,0.01012671209511895,97.2,22.0,44.4,0.016388223781006905,380.37811279296875,0.035439801056694975,255.94000244140625,0.017708044066169437,331.6099853515625,0.008513979277559702,247.57000732421875,0.023204000260046875,402.9790344238281,46.3,1783.079,3.96,98.62081,1.92,6.24,18.92
2026-04-23,273.1783142089844,33399600,-0.007606987292754219,0.05123796473599351,0.13047043363759858,0.13343877000049353,3.6326666666666667,333.5598,4.3,19.31,118.7155,4.34,46.13333333333333,99.27,155.65440368652344,706.6295776367188,-0.014232362254205988,-0.0038807408683984024,97.06666666666666,22.0,44.46666666666667,0.058885225962614696,402.7767639160156,-0.06626555658391042,238.97999572753906,-0.05210940424781585,314.3299865722656,-0.06297213368121346,231.97999572753906,0.0010657474465567418,403.40850830078125,46.13333333333333,1783.079,4.075,98.62242,1.92,6.23,19.31
2026-04-24,270.81048583984375,38157100,0.033498168452762433,0.08212212463536406,0.13854522883803977,0.13343877000049353,3.6323333333333334,333.6122,4.3,18.71,118.7294,4.31,45.96666666666666,98.42,160.02919006347656,712.10546875,0.02810576683563437,0.007749309237231605,96.93333333333334,22.0,44.53333333333333,-0.01067146409253572,398.4785461425781,0.027031579334498845,245.44000244140625,0.059046317147679606,332.8900146484375,0.023536541143314604,237.44000244140625,0.03250719235881383,416.5221862792969,45.96666666666666,1783.079,4.024,98.62403,1.89,6.24,18.71
2026-04-27,267.3636474609375,41466800,0.034453140587596964,0.09468880850207029,0.16264873349669418,0.13343877000049353,3.631333333333333,333.76939999999996,4.3,18.02,118.5458,4.35,45.46666666666666,99.89,160.37876892089844,713.332275390625,0.002184469328896821,0.001722787837563633,96.53333333333333,22.0,44.733333333333334,-0.017468865224898322,391.517578125,-0.024975573752595293,239.30999755859375,0.010964564077835526,336.5400085449219,-0.010149947933495773,235.02999877929688,-0.029205854754762783,404.3572998046875,45.46666666666666,1783.079,4.027,98.62886,1.91,6.2700000000000005,18.02
2026-04-28,270.4608154296875,40018900,0.04975808071348142,0.08999149220419622,0.15547240833809117,0.13343877000049353,3.631,333.8218,4.3,17.83,118.7717,4.36,45.3,103.45,157.66201782226562,709.8612060546875,-0.016939593170045897,-0.004865992267119479,96.4,22.0,44.8,-0.023765227704694802,382.21307373046875,0.01625506426531964,243.1999969482422,-0.03336902211087078,325.30999755859375,-0.0007658285185555558,234.85000610351562,-0.05866227722607886,380.63677978515625,45.3,1783.079,4.047,98.63047,1.92,6.28,17.83
2026-04-29,269.92132568359375,30047900,0.06418179667966939,0.10724854496131164,0.15611464477021597,0.13343877000049353,3.6306666666666665,333.8742,4.3,18.81,119.0975,4.42,45.13333333333333,110.47,158.92050170898438,709.7515258789062,0.007982162756139832,-0.00015450932498595193,96.26666666666667,22.0,44.86666666666667,0.015785639471500357,388.2465515136719,0.0015214242624159713,243.57000732421875,0.014263363202053903,329.95001220703125,0.004343150892754499,235.8699951171875,0.003883439567965441,382.1149597167969,45.13333333333333,1783.079,4.344,98.63208,1.96,6.29,18.81
2026-04-30,271.1002502441406,91848200,0.059296016069499524,0.09999895310507356,0.12987722173898697,0.13343877000049353,3.630333333333333,333.9266,4.3,16.89,118.671,4.4,44.96666666666666,108.64,159.31004333496094,716.8132934570312,0.0024511728932865573,0.009949633527564838,96.13333333333334,22.0,44.93333333333333,0.03326402329559297,401.16119384765625,0.010387152371881259,246.10000610351562,-0.0010911224604371883,329.5899963378906,0.0047907953796797464,237.0,0.031103789805770887,394.00018310546875,44.96666666666666,1783.079,4.287,98.63369,1.94,6.3,16.89
2026-05-01,279.88214111328125,79915400,0.047047936481006136,0.0727015657094432,0.12618836969471103,0.13343877000049353,3.63,333.979,4.3,16.99,118.3926,4.39,44.8,105.38,161.67721557617188,718.7982177734375,0.014858901495832244,0.0027690952923506984,96.0,22.0,45.0,-0.011360833761244526,396.6036682128906,0.018732224689228527,250.7100067138672,0.03443674331632263,340.94000244140625,0.03101268398107848,244.35000610351562,-0.013713927116311697,388.5968933105469,44.8,1783.079,4.094,98.6353,1.91,6.31,16.99
2026-05-04,276.5751647949219,46668400,0.05822947947188584,0.0768862654704967,0.12179273216986108,0.13343877000049353,3.63,333.979,4.3,16.99,118.3926,4.39,44.8,105.38,161.8570098876953,716.1649780273438,0.0011120571991711792,-0.0036633921467564834,94.64516129032258,21.903225806451612,44.903225806451616,-0.0016847609505421524,395.93548583984375,0.012963184208714784,253.9600067138672,0.02513640893661817,349.510009765625,0.013054991213160783,247.5399932861328,0.005911394809755555,390.89404296875,44.8,1783.079,4.163,98.6353,1.95,6.34,18.29
2026-05-05,283.9184265136719,49311700,0.03832636512154264,0.05301372965416329,0.0961951811582793,0.13343877000049353,3.63,333.979,4.3,16.99,118.3926,4.39,44.8,105.38,165.4327392578125,721.9102172851562,0.022091903048241157,0.008022228723942426,94.19354838709677,21.870967741935484,44.87096774193548,0.01952040440221503,403.664306640625,0.0065364165988175404,255.6199951171875,0.011787917375958079,353.6300048828125,0.007635127417426224,249.42999267578125,0.0496704769589944,410.3099365234375,44.8,1783.079,4.182,98.6353,1.96,6.35,17.38
2026-05-06,287.245361328125,58336100,0.04046935252605688,0.05223631324279232,0.06995634295660991,0.13343877000049353,3.63,333.979,4.3,16.99,118.3926,4.39,44.8,105.38,169.82749938964844,731.9443359375,0.02656523824457202,0.013899399692774095,93.74193548387096,21.838709677419356,44.83870967741935,0.026830097695125676,414.4946594238281,-0.02132069889815802,250.1699981689453,0.0035912931485910793,354.8999938964844,-0.025458008383861586,243.0800018310547,0.04332788696140355,428.0877990722656,44.8,1783.079,3.913,98.6353,1.94,6.36,17.39
2026-05-07,287.1754150390625,45224300,0.038424516299609746,0.06203377539435029,0.050020275948431836,0.13343877000049353,3.63,333.979,4.3,16.99,118.3926,4.39,44.8,105.38,169.4879150390625,729.7001342773438,-0.0019995840002731136,-0.0030660824190705815,93.29032258064517,21.806451612903224,44.806451612903224,-0.017106629791827643,407.404052734375,0.025342813459182878,256.510009765625,0.005635390347691338,356.8999938964844,0.03274638553199649,251.0399932861328,-0.04194850131323424,410.1301574707031,44.8,1783.079,3.996,98.6353,1.96,6.37,17.08
2026-05-08,293.0500183105469,52692800,0.02450091188246417,0.05381330158103026,-0.008531071016446123,0.13343877000049353,3.63,333.979,4.3,16.99,118.3926,4.39,44.8,105.38,175.31097412109375,735.724609375,0.03435678042702439,0.00825609701116825,92.83870967741936,21.774193548387096,44.774193548387096,0.019582891629367882,415.3822021484375,-0.013527801440040399,253.0399932861328,0.016251102296821918,362.70001220703125,-0.026051599191522445,244.5,0.06039349973528818,434.89935302734375,44.8,1783.079,3.992,98.6353,1.93,6.368571428571428,17.19
2026-05-11,292.67999267578125,42247300,0.01763018925528481,0.05347134853122948,-0.003758391864981947,0.13343877000049353,3.63,333.979,4.3,16.99,118.3926,4.39,44.8,105.38,177.66815185546875,737.4002685546875,0.01344569412264418,0.002277563042387465,91.48387096774194,21.677419354838708,44.67741935483871,0.014909364639999145,421.5752868652344,-0.027228894927519898,246.14999389648438,0.004135649157750221,364.20001220703125,-0.03447849765145705,236.07000732421875,0.018785565592119857,443.0691833496094,44.8,1783.079,4.111,98.6353,1.95,6.364285714285715,18.38
2026-05-12,294.79998779296875,45748100,0.014145229309381335,0.05444375500387877,0.002815526201536578,0.13343877000049353,3.63,333.979,4.3,16.99,118.3926,4.39,44.8,105.38,174.99134826660156,736.2831420898438,-0.015066310764828228,-0.0015149526145865622,91.03225806451613,21.64516129032258,44.645161290322584,-0.0072860645572928595,418.503662109375,-0.02161280600180293,240.8300018310547,-0.016913793123674248,358.0400085449219,-0.005083289574279393,234.8699951171875,-0.027996917861505044,430.66461181640625,44.8,1783.079,4.265,98.6353,1.99,6.362857142857143,17.99
2026-05-13,298.8699951171875,52684300,0.011309281420127881,0.04563862171272581,-0.02589751517659089,0.13343877000049353,3.63,333.979,4.3,16.99,118.3926,4.39,44.8,105.38,176.63938903808594,740.4025268554688,0.009417841440786834,0.00559483781461112,90.58064516129032,21.612903225806452,44.61290322580645,0.030358708568648307,431.2088928222656,-0.01976495648650589,236.07000732421875,-0.009747571971458147,354.54998779296875,-0.016349454667356156,231.02999877929688,0.012546327534446178,436.06787109375,44.8,1783.079,4.117,98.6353,1.99,6.361428571428572,17.87
2026-05-14,298.2099914550781,35324900,0.02273565263931876,0.04644380302596929,-0.006002407962958478,0.13343877000049353,3.63,333.979,4.3,16.99,118.3926,4.39,44.8,105.38,179.28622436523438,746.2474975585938,0.014984400373903917,0.0078943149045545,90.12903225806451,21.580645161290324,44.58064516129032,-0.012951302465779357,425.6241760253906,0.003981815366008057,237.00999450683594,-0.004822991154851297,352.8399963378906,0.012249499398379715,233.86000061035156,0.009047053580526487,440.01300048828125,44.8,1783.079,4.075,98.6353,2.0,6.36,17.26
2026-05-15,300.2300109863281,54862800,0.028611384683597807,0.020251095326184743,-0.0032975409376986287,0.13343877000049353,3.63,333.979,4.3,16.99,118.3926,4.39,44.8,105.38,176.05007934570312,737.2706298828125,-0.018050159910438568,-0.012029343756796207,89.6774193548387,21.548387096774192,44.54838709677419,-0.02179057884957991,416.3495788574219,0.04468170896638801,247.60000610351562,-0.01587123387835232,347.239990234375,0.011801909260380716,236.6199951171875,-0.008943189461537382,436.077880859375,44.8,1783.079,4.193,98.6353,2.1,6.381428571428572,18.43
2026-05-18,297.8399963378906,34483000,0.03522022012944981,0.058286382227342726,-0.00634563575778202,0.13343877000049353,3.63,333.979,4.3,16.99,118.3926,4.39,44.8,105.38,174.15234375,736.751953125,-0.010779521388210256,-0.0007035093177317764,88.3225806451613,21.451612903225808,44.45161290322581,0.002610800323654461,417.43658447265625,0.03247170067827665,255.63999938964844,-0.003599815790676364,345.989990234375,0.029033938457204922,243.49000549316406,-0.0527918597001974,413.0565185546875,44.8,1783.079,4.191,98.6353,2.13,6.445714285714286,17.82
2026-05-19,298.9700012207031,42243600,0.039736444574058005,0.037763014679815576,-0.0032109959231978458,0.13343877000049353,3.63,333.979,4.3,16.99,118.3926,4.39,44.8,105.38,173.03367614746094,731.8446044921875,-0.00642350012897297,-0.0066607880874933745,87.87096774193549,21.419354838709676,44.41935483870968,-0.010201145412799928,413.1782531738281,-0.0025426142154446607,254.99000549316406,-0.022746308677474514,338.1199951171875,0.002751645463181518,244.16000366210938,-0.01610368823548014,406.40478515625,44.8,1783.079,4.328,98.6353,2.18,6.467142857142857,18.06
2026-05-20,302.25,38229800,0.03394544173904057,0.029710540897694315,-0.01733660954301075,0.13343877000049353,3.63,333.979,4.3,16.99,118.3926,4.39,44.8,105.38,176.9290313720703,739.3452758789062,0.022512121983062405,0.010248994582563453,87.41935483870968,21.387096774193548,44.38709677419355,-0.03924595751909754,396.9626770019531,-0.0063532308760234635,253.3699951171875,0.037767714762991345,350.8900146484375,-0.0021707027004731483,243.6300048828125,0.049003414564402714,426.32000732421875,44.8,1783.079,4.059,98.6353,2.13,6.488571428571428,17.44
2026-05-21,304.989990234375,42965100,0.023181112661388337,0.007705190920232141,-0.0350503386461678,0.13343877000049353,3.63,333.979,4.3,16.99,118.3926,4.39,44.8,105.38,178.38729858398438,740.8114624023438,0.008242102500676696,0.0019830877010671433,86.96774193548387,21.35483870967742,44.354838709677416,-0.03476955486196498,383.16046142578125,-0.03658676714811615,244.10000610351562,0.021573645560205357,358.4599914550781,-0.014119781523055486,240.19000244140625,0.002439430496990136,427.3599853515625,44.8,1783.079,3.999,98.6353,2.18,6.51,16.76
2026-05-22,308.82000732421875,43670200,-0.008127743365376694,-0.02357359823404792,-0.05096826753011585,0.13343877000049353,3.63,333.979,4.3,16.99,118.3926,4.39,44.8,105.38,180.17515563964844,743.7239990234375,0.01002233382004114,0.003931549076803931,86.51612903225806,21.322580645161292,44.32258064516129,0.03347132971130673,395.9853515625,0.002703762338459148,244.75999450683594,0.04220835028588832,373.5899963378906,0.0033307092036563013,240.99000549316406,0.01123179163954302,432.1600036621094,44.8,1783.079,3.987,98.6353,2.16,6.5128571428571425,16.7
2026-05-26,308.3299865722656,48000500,0.022281406071269272,-0.05766548682779393,-0.10761195511551258,0.13343877000049353,3.63,333.979,4.3,16.99,118.3926,4.39,44.8,105.38,184.9195098876953,748.6613159179688,0.026331900373299133,0.006638641352187502,84.70967741935483,21.193548387096776,44.193548387096776,0.05759689227081366,418.7928771972656,-0.017445616561135413,240.49000549316406,0.021842136411835522,381.75,-0.011452797637714895,238.22999572753906,0.0525962856204063,454.8900146484375,44.8,1783.079,3.392,98.6353,2.1,6.524285714285714,17.01
2026-05-27,310.8500061035156,50430900,-0.0018980097355834058,-0.0619913757532079,-0.08708382432910167,0.13343877000049353,3.63,333.979,4.3,16.99,118.3926,4.39,44.8,105.38,184.21034240722656,748.5316162109375,-0.0038350062732669388,-0.0001732421647460125,84.25806451612904,21.161290322580644,44.16129032258065,-0.007286742225919185,415.7412414550781,-0.009355898160449572,238.24000549316406,-0.020170300476833658,374.04998779296875,-0.00516305985643295,237.0,-0.01459696725497317,448.25,44.8,1783.079,3.253,98.6353,2.09,6.527142857142858,16.29
2026-05-28,312.510009765625,48220400,-0.00409586489807745,-0.05401428547991827,-0.09846090867401902,0.13343877000049353,3.63,333.979,4.3,16.99,118.3926,4.39,44.8,105.38,186.62747192382812,752.6609497070312,0.013121573333043868,0.005516578600909927,83.80645161290323,21.129032258064516,44.12903225806452,0.0051094438827721245,417.8654479980469,0.013431820325969568,241.44000244140625,-0.0005346389412631547,373.8500061035156,0.0166666537900515,240.9499969482422,0.0031901677094952063,449.67999267578125,44.8,1783.079,3.304,98.6353,2.06,6.53,15.74
2026-05-29,312.05999755859375,70026800,-0.015125300447446421,-0.06707041222690302,-0.09846090867401902,0.13343877000049353,3.63,333.979,4.3,16.99,118.3926,4.39,44.8,105.38,190.79251098632812,754.5361328125,0.022317395287870356,0.0024914048034492264,83.35483870967742,21.096774193548388,44.096774193548384,-0.012314813496180244,412.7195129394531,0.07360002002147259,259.2099914550781,0.0028888232035138017,374.92999267578125,-0.040008298450898816,231.30999755859375,0.0008450562377733117,450.05999755859375,44.8,1783.079,3.237,98.6353,2.07,6.522857142857143,15.32
2026-06-01,306.30999755859375,48849900,-0.015572423530705759,-0.032287500276472425,-0.09846090867401902,0.13343877000049353,3.63,333.979,4.3,16.99,118.3926,4.39,44.8,105.38,195.52685546875,756.5908203125,0.024814100186359767,0.0027231134609038143,82.0,21.0,44.0,-0.026966296122750144,401.5899963378906,0.05717375029035909,274.0299987792969,0.10463289614776716,414.1600036621094,0.07284599144594828,248.16000366210938,0.0180198549374182,458.1700134277344,44.8,1783.079,3.359,98.6353,2.07,6.501428571428572,16.05
2026-06-02,315.20001220703125,44534700,-0.07820438914790317,-0.050634585515730635,-0.09846090867401902,0.13343877000049353,3.63,333.979,4.3,16.99,118.3926,4.39,44.8,105.38,197.9739532470703,757.6182250976562,0.012515404968047594,0.0013579397972762752,82.0,21.0,44.0,0.05381114088050731,423.20001220703125,-0.04349893617791356,262.1099853515625,0.00538441898447406,416.3900146484375,-0.04634106959338302,236.66000366210938,0.06958110184193167,490.04998779296875,44.8,1783.079,3.369,98.6353,2.07,6.494285714285715,15.77
2026-06-03,310.260009765625,50836700,-0.060207640705840726,-0.046122597525229625,-0.09846090867401902,0.13343877000049353,3.63,333.979,4.3,16.99,118.3926,4.39,44.8,105.38,195.9962921142578,752.3018798828125,-0.009989501650979227,-0.00701718232049986,82.0,21.0,44.0,0.03419187335378515,437.6700134277344,-0.022395160219913834,256.239990234375,-0.020149413658541393,408.0,-0.029831815470913403,229.60000610351562,0.021875321880901577,500.7699890136719,44.8,1783.079,3.538,98.6353,2.11,6.4871428571428575,16.06
2026-06-04,311.2300109863281,44869100,-0.05012372056948233,-0.04247662742679359,-0.09846090867401902,0.13343877000049353,3.63,333.979,4.3,16.99,118.3926,4.39,44.8,105.38,192.93994140625,755.1445922851562,-0.015593921063700944,0.0037786857621391334,82.0,21.0,44.0,-0.02035781156750538,428.760009765625,0.008507739917432033,258.4200134277344,0.009019589891620772,411.67999267578125,0.017595789105995907,233.63999938964844,0.0018571863605307826,501.70001220703125,44.8,1783.079,3.341,98.6353,2.11,6.48,15.4
2026-06-05,307.3399963378906,65310500,-0.052742863435375376,-0.03361094128767028,-0.09846090867401902,0.13343877000049353,3.63,333.979,4.3,16.99,118.3926,4.39,44.8,105.38,180.08526611328125,735.65478515625,-0.06662526794232948,-0.025809371248925683,82.0,21.0,44.0,-0.06383523298301275,401.3900146484375,-0.027010334430928484,251.44000244140625,-0.08620771197478416,376.19000244140625,-0.015750696307972545,229.9600067138672,-0.09705003240325583,453.010009765625,44.8,1783.079,3.25,98.6353,2.19,6.485714285714286,21.51
2026-06-08,301.5400085449219,77949100,-0.01697948853252995,-0.02401014972072779,-0.09846090867401902,0.13343877000049353,3.63,333.979,4.3,16.99,118.3926,4.39,44.8,105.38,183.9606475830078,737.3204345703125,0.021519703157107717,0.002264172608771542,82.0,21.0,44.0,0.006228356233997534,403.8900146484375,-0.02565223069366318,244.99000549316406,0.047981040633263916,394.239990234375,-0.021395082988739933,225.0399932861328,0.08644401407900393,492.1700134277344,44.8,1783.079,3.29,98.6353,2.21,6.502857142857143,18.92
2026-06-09,290.54998779296875,70108800,0.029908803326463396,0.008707619637208897,-0.09846090867401902,0.13343877000049353,3.63,333.979,4.3,16.99,118.3926,4.39,44.8,105.38,180.55471801757812,735.1560668945312,-0.018514446487218672,-0.0029354505508077944,82.0,21.0,44.0,0.001807374389746652,404.6199951171875,-0.029021594558680697,237.8800048828125,-0.00847198767406876,390.8999938964844,-0.004265870439560171,224.0800018310547,0.014303955615486696,499.2099914550781,44.8,1783.079,3.212,98.6353,2.2,6.508571428571428,19.87
2026-06-10,291.5799865722656,52793300,0.01498739912206748,-0.05634814950411293,-0.09846090867401902,0.13343877000049353,3.63,333.979,4.3,16.99,118.3926,4.39,44.8,105.38,176.41964721679688,723.56591796875,-0.0229020368239764,-0.015765562508027298,82.0,21.0,44.0,-0.029533838746629737,392.6700134277344,-0.01891710067105823,233.3800048828125,-0.014760780516153815,385.1300048828125,-0.012495550825052604,221.27999877929688,-0.004406926397928612,497.010009765625,44.8,1783.079,3.28,98.6353,2.21,6.514285714285714,22.22
2026-06-11,295.6300048828125,42572500,0.00805062017894942,-0.04008390862833078,-0.09846090867401902,0.13343877000049353,3.63,333.979,4.3,16.99,118.3926,4.39,44.8,105.38,182.99180603027344,735.8642578125,0.03725298693858181,0.016996847886747934,82.0,21.0,44.0,0.0495581297008294,412.1300048828125,-0.06247322618051954,218.8000030517578,-0.0036092089185844056,383.739990234375,-0.07099598491387904,205.57000732421875,0.11192934506298169,552.6400146484375,44.8,1783.079,3.171,98.6353,2.16,6.52,19.44
2026-06-12,291.1300048828125,38742100,0.020197179212700478,-0.03225368217273661,-0.09846090867401902,0.13343877000049353,3.63,333.979,4.3,16.99,118.3926,4.39,44.8,105.38,184.5799102783203,739.843994140625,0.008678553878987083,0.005408247901529384,82.0,21.0,44.0,0.013733539405166084,417.7900085449219,-0.06755026770178163,204.02000427246094,0.0031792392029770244,384.9599914550781,-0.03473276447948215,198.42999267578125,0.026436712804549067,567.25,44.8,1783.079,2.974,98.6353,2.17,6.5128571428571425,17.68
2026-06-15,296.4200134277344,45732600,-0.007152100191380906,-0.03225368217273661,-0.09846090867401902,0.13343877000049353,3.63,333.979,4.3,16.99,118.3926,4.39,44.8,105.38,191.56158447265625,752.890380859375,0.03782466999690581,0.01763396989375332,82.0,21.0,44.0,0.02343277203167271,427.5799865722656,0.011469445588118132,206.36000061035156,0.024781818258210242,394.5,0.0008567929950598074,198.60000610351562,0.03266642449867785,585.780029296875,44.8,1783.079,2.847,98.6353,2.15,6.491428571428571,16.2
2026-06-16,299.239990234375,39874400,-0.020585496134004844,-0.03225368217273661,-0.09846090867401902,0.13343877000049353,3.63,333.979,4.3,16.99,118.3926,4.39,44.8,105.38,186.21795654296875,748.4019775390625,-0.02789509151533598,-0.005961562844234103,82.0,21.0,44.0,-0.027082620646250666,416.0,0.004652096874528944,207.32000732421875,-0.01685676526358526,387.8500061035156,0.013997979324571919,201.3800048828125,-0.02996013511964679,568.22998046875,44.8,1783.079,2.74,98.6353,2.14,6.484285714285714,16.41
2026-06-17,295.95001220703125,42745100,-0.0702822012252402,-0.03225368217273661,-0.09846090867401902,0.13343877000049353,3.63,333.979,4.3,16.99,118.3926,4.39,44.8,105.38,185.57872009277344,739.0560302734375,-0.003432732600348376,-0.012487870885051433,82.0,21.0,44.0,-0.003725932194636461,414.45001220703125,-0.05325105226171867,196.27999877929688,0.004512053557975015,389.6000061035156,-0.04126525651555879,193.07000732421875,0.04345072116933846,592.9199829101562,44.8,1783.079,2.815,98.6353,2.23,6.477142857142857,18.44
2026-06-18,298.010009765625,85962200,-0.047750110801712875,-0.03225368217273661,-0.09846090867401902,0.13343877000049353,3.63,333.979,4.3,16.99,118.3926,4.39,44.8,105.38,191.21200561523438,746.739990234375,0.030355234262014363,0.010396992441959574,82.0,21.0,44.0,0.048280802650938925,434.4599914550781,-0.005706109252868186,195.16000366210938,-0.005672462578172888,387.3900146484375,0.0038846012925277673,193.82000732421875,0.04079808935208673,617.1099853515625,44.8,1783.079,2.952,98.6353,2.21,6.47,16.4
2026-06-22,297.010009765625,44879900,-0.05141247442569297,-0.03225368217273661,-0.09846090867401902,0.13343877000049353,3.63,333.979,4.3,16.99,118.3926,4.39,44.8,105.38,192.14999389648438,744.3900146484375,0.004905488430143157,-0.003146979693962715,82.0,21.0,44.0,0.025364866151063037,445.4800109863281,-0.0013322902272290271,194.89999389648438,0.0042592576837112706,389.0400085449219,-0.0314725305593021,187.72000122070312,0.03738394754879226,640.1799926757812,44.8,1783.079,2.712,98.6353,2.28,6.481428571428571,17.28
2026-06-23,294.29998779296875,52010900,-0.05141247442569297,-0.03225368217273661,-0.09846090867401902,0.13343877000049353,3.63,333.979,4.3,16.99,118.3926,4.39,44.8,105.38,184.19000244140625,733.5800170898438,-0.04142592614062923,-0.014521954010491611,82.0,21.0,44.0,-0.0857950980473422,407.260009765625,0.01298101004887986,197.42999267578125,-0.025652916839209228,379.05999755859375,0.005646694820481635,188.77999877929688,-0.08481987630698873,585.8800048828125,44.8,1783.079,2.712,98.6353,2.29,6.484285714285714,19.49
2026-06-24,293.0799865722656,53081900,-0.05141247442569297,-0.03225368217273661,-0.09846090867401902,0.13343877000049353,3.63,333.979,4.3,16.99,118.3926,4.39,44.8,105.38,183.0500030517578,733.239990234375,-0.006189257693348993,-0.0004635170636431152,82.0,21.0,44.0,0.014487044529316151,413.1600036621094,-0.004355900235354593,196.57000732421875,-0.017569787645766777,372.3999938964844,0.02028817594989163,192.61000061035156,0.005274059183724145,588.969970703125,44.8,1783.079,2.712,98.6353,2.23,6.4871428571428575,18.63
2026-06-25,275.1499938964844,107013700,-0.05141247442569297,-0.03225368217273661,-0.09846090867401902,0.13343877000049353,3.63,333.979,4.3,16.99,118.3926,4.39,44.8,105.38,184.57000732421875,734.2999877929688,0.008303765348920189,0.0014456352254532678,82.0,21.0,44.0,0.011545137407765305,417.92999267578125,-0.01607571625562043,193.41000366210938,-0.011197591241946636,368.2300109863281,-0.014952519981756951,189.72999572753906,0.1341834613444337,668.0,44.8,1783.079,2.712,98.6353,2.19,6.49,18.89
2026-06-26,283.7799987792969,261775500,-0.05141247442569297,-0.03225368217273661,-0.09846090867401902,0.13343877000049353,3.63,333.979,4.3,16.99,118.3926,4.39,44.8,105.38,181.11000061035156,728.989990234375,-0.018746310757788986,-0.007231373616869652,82.0,21.0,44.0,-0.074222931010688,386.9100036621094,0.048187745664447945,202.72999572753906,0.024549813316762537,377.2699890136719,0.03441732423097843,196.25999450683594,-0.061616726264268284,626.8400268554688,44.8,1783.079,2.712,98.6353,2.18,6.49,18.41
2026-06-29,281.739990234375,66368400,-0.05141247442569297,-0.03225368217273661,-0.09846090867401902,0.13343877000049353,3.63,333.979,4.3,16.99,118.3926,4.39,44.8,105.38,185.41000366210938,741.0,0.023742493717997526,0.016474862380159383,82.0,21.0,44.0,0.012586893776570518,391.7799987792969,0.018250860880078212,206.42999267578125,-0.012060296141933158,372.7200012207031,-0.00519713157148971,195.24000549316406,0.10816154822321433,694.6400146484375,44.8,1783.079,2.712,98.6353,2.18,6.49,18.41
