Date,price,volume,return_1w,return_2w,return_1m,return_3m,fed_rate,inflation,unemployment,vix,usd_index,treasury_10y,consumer_conf,oil,sector_etf,sp500,sector_return,market_return,ford,APTV_return,APTV_price,AVY_return,AVY_price,CCL_return,CCL_price,BBY_return,BBY_price,AMCR_return,AMCR_price,ind_consumer_confidence,ind_interest_rate,ind_power_consumption,ind_manufacturing_output,ind_personal_savings_rate,ind_mortgage_rate,ind_tech_spending
2020-01-02,6.866069316864014,43425700,-0.016985259796887253,-0.026539199320295137,-0.030496713322297087,-0.5292834854402584,1.550967741935484,259.1309677419355,3.596774193548387,12.47,114.9745,1.88,99.83870967741935,61.17,60.03556442260742,296.1253356933594,-0.008510186483473126,-0.007572266934338212,78.12903225806451,-0.022946715165978016,96.06566619873047,-0.00618668403892253,115.37905883789062,-0.027674965502083704,50.1773567199707,-0.0014887411309221221,66.75984191894531,-0.013170278879716335,40.22233581542969,99.83870967741935,0.08,112.75959677419355,98.61412580645161,6.82258064516129,3.72,1147.7583296703297
2020-01-03,6.713003635406494,45040800,0.004343172264557715,-0.005428965330697033,0.013693948845266979,-0.5318014980477958,1.5519354838709678,259.134935483871,3.5935483870967744,14.02,114.9867,1.8,99.87741935483871,63.0,59.52465057373047,293.88299560546875,-0.008510186483473126,-0.007572266934338212,78.25806451612904,-0.022946715165978016,93.86127471923828,-0.00618668403892253,114.66524505615234,-0.027674965502083704,48.788700103759766,-0.0014887411309221221,66.66045379638672,-0.013170278879716335,39.692596435546875,99.87741935483871,0.03,112.5549935483871,98.62135161290323,6.84516129032258,3.7085714285714286,1146.3186593406595
2020-01-06,6.676558971405029,43372300,0.008733688388723237,0.0054585998802008096,-0.07736606522080547,-0.497047870913933,1.5548387096774194,259.1468387096774,3.5838709677419356,13.85,114.9557,1.81,99.99354838709677,63.27,59.69021987915039,295.0041198730469,0.0027815250291109983,0.0038148660669132806,78.64516129032258,-0.01859722976919076,92.11571502685547,-0.01260602300703495,113.21977233886719,-0.030266547247328246,47.312034606933594,0.008373277889933917,67.21862030029297,-0.0066730250406144,39.42772674560547,99.99354838709677,0.06,111.94118387096775,98.64302903225806,6.912903225806452,3.6742857142857144,1141.9996483516484
2020-01-07,6.742159366607666,44984100,0.004324178516766031,-0.00972987905440803,-0.09293988620255289,-0.48215117360910875,1.5558064516129033,259.15080645161294,3.5806451612903225,13.79,115.1477,1.83,100.03225806451613,62.7,59.59561538696289,294.1746826171875,-0.001584924504869245,-0.0028116124487220784,78.7741935483871,-0.01256084356603493,90.95866394042969,-0.002206545012103156,112.9699478149414,0.0031003261744384503,47.458717346191406,0.005687772480928777,67.60094451904297,-0.008637212500079872,39.087181091308594,100.03225806451613,0.09,111.7365806451613,98.65025483870967,6.935483870967742,3.662857142857143,1140.5599780219782
2020-01-08,6.742159366607666,45994900,-0.006486727485660038,-0.011892003675137985,-0.10833247933265311,-0.44696825515036676,1.5567741935483872,259.1547741935484,3.57741935483871,13.45,115.1328,1.87,100.07096774193548,59.65,59.77537155151367,295.7424011230469,0.003016264927941492,0.005329209474832508,78.90322580645162,0.020835531625462256,92.85383605957031,0.0030012432467805272,113.30899810791016,0.004739403158166011,47.68364334106445,0.002714604477285887,67.78445434570312,0.0038722603979712833,39.2385368347168,100.07096774193548,0.12,111.53197741935485,98.65748064516129,6.958064516129032,3.6514285714285717,1139.1203076923077
2020-01-09,6.749447345733643,51817400,-0.00971901959622079,-0.028077623011629305,-0.1147866452338484,-0.41022378069290044,1.557741935483871,259.1587419354839,3.574193548387097,12.54,115.2331,1.85,100.10967741935484,59.56,60.092323303222656,297.747802734375,0.005302380286098973,0.006780906639402673,79.03225806451613,-0.014609460978635469,91.4972915649414,0.013702058567685249,114.86156463623047,0.009023773716136052,48.113929748535156,0.008121878603126964,68.33499145507812,0.0028927255268664798,39.35204315185547,100.10967741935484,0.11,111.3273741935484,98.6647064516129,6.980645161290322,3.64,1137.6806373626375
2020-01-10,6.742159366607666,39796300,-0.00972987905440803,-0.03891880897069189,-0.10943189470111492,-0.4326751127510753,1.558709677419355,259.16270967741934,3.5709677419354837,12.56,115.0677,1.83,100.14838709677419,59.02,59.76591491699219,296.8909912109375,-0.005431781769918098,-0.0028776418014472283,79.16129032258064,-0.0242014059680975,89.28292846679688,-0.0017091842749998865,114.66524505615234,-0.007113738147139337,47.77165985107422,0.014322519505841624,69.313720703125,0.00480782000449409,39.54124069213867,100.14838709677419,0.07,111.12277096774194,98.67193225806452,7.003225806451613,3.6414285714285715,1136.240967032967
2020-01-13,6.734869956970215,48553700,-0.0032467325580786133,-0.029220522221465428,-0.09305874534818137,-0.417752498115625,1.5616129032258066,259.1746129032258,3.5612903225806454,12.32,115.0342,1.85,100.26451612903226,58.17,59.955142974853516,298.9327392578125,0.0031661534525848634,0.006877096669546168,79.54838709677419,-0.00715010102121838,88.64454650878906,0.018986981718435603,116.84239196777344,0.010440025252625995,48.2703971862793,0.006729048744491983,69.78013610839844,0.02296628459469252,40.44935607910156,100.26451612903226,0.08,110.50896129032259,98.69360967741935,7.070967741935484,3.645714285714286,1131.921956043956
2020-01-14,6.771313667297363,42935600,-0.013993546975967108,-0.03006674284252764,-0.09684528840375328,-0.4493493667887424,1.5625806451612905,259.1785806451613,3.5580645161290323,12.39,115.0239,1.82,100.30322580645161,58.34,59.93621826171875,298.47705078125,-0.00031564786931959077,-0.0015243846414878526,79.6774193548387,0.0015753753953284821,88.78419494628906,0.004429124153774167,117.35990142822266,0.0172205255419422,49.10163879394531,-0.00865647039837869,69.17608642578125,-0.006547992013245407,40.18449401855469,100.30322580645161,0.05,110.30435806451614,98.70083548387096,7.093548387096774,3.6471428571428572,1130.4822857142858
2020-01-15,6.698424816131592,55923900,-0.00544056766931611,-0.021725609649751898,-0.1036173044321047,-0.4533173424812682,1.5635483870967744,259.1825483870968,3.554838709677419,12.42,114.9528,1.79,100.34193548387097,57.86,59.79903030395508,299.1514587402344,-0.002288899128814248,0.0022594968598730336,79.80645161290323,-0.012582922134871444,87.66703033447266,0.0032690188789317176,117.7435531616211,0.004580669220071831,49.32655715942383,-0.01713302940493977,67.99089050292969,0.004707842816355612,40.37367630004883,100.34193548387097,0.04,110.09975483870969,98.70806129032258,7.116129032258065,3.6485714285714286,1129.0426153846154
2020-01-16,6.683849334716797,44310400,-0.018538782202928927,-0.021810227089184564,-0.10609880197314014,-0.4321621071712104,1.5645161290322582,259.18651612903227,3.5516129032258066,12.32,115.0006,1.81,100.38064516129032,58.52,60.333580017089844,301.63995361328125,0.008939103367022527,0.008318511577801502,79.93548387096774,0.03766073987008434,90.96863555908203,0.015080267244947043,119.51915740966797,0.01804130508100088,50.21647262573242,0.0003376459401358556,68.01384735107422,0.01405810453926537,40.941253662109375,100.38064516129032,0.07,109.89515161290323,98.71528709677419,7.138709677419355,3.65,1127.6029450549452
2020-01-17,6.676558971405029,41644900,-0.029475725157103505,-0.0029779115609688267,-0.11178452650127746,-0.44708571972992817,1.5654838709677419,259.19048387096774,3.5483870967741935,12.1,115.0656,1.84,100.41935483870968,58.55,60.54645538330078,302.5788879394531,0.0035283065608013864,0.0031127651192244254,80.06451612903226,0.0036184185420971016,91.29779815673828,0.005748258207545653,120.20618438720703,0.01071084531106048,50.75433349609375,0.011129805553988126,68.77082824707031,0.007393894285993241,41.24396896362305,100.41935483870968,0.09,109.69054838709677,98.7225129032258,7.161290322580645,3.642857142857143,1126.1632747252747
2020-01-21,6.713003635406494,49556400,-0.026058394300573773,0.013693948845266979,-0.11329383346110777,-0.47327656987699196,1.5693548387096774,259.2063548387097,3.535483870967742,12.85,115.1876,1.78,100.5741935483871,58.25,60.36196517944336,301.9862976074219,-0.0030470851297482726,-0.0019584655627058467,80.58064516129032,-0.0057904573443468,90.7691421508789,-0.031175453400411834,116.45870208740234,-0.023314115414540648,49.571041107177734,0.0033355040476241715,69.00021362304688,-0.018348555969884495,40.48720169067383,100.5741935483871,0.04,108.87213548387096,98.75141612903225,7.251612903225807,3.6142857142857143,1120.4045934065934
2020-01-22,6.676558971405029,39914800,-0.016301308999819186,-0.07736606522080547,-0.12399749202939425,-0.47040139742442355,1.5703225806451613,259.21032258064514,3.532258064516129,12.91,115.2273,1.77,100.61290322580645,56.76,60.333580017089844,302.0228271484375,-0.0004702491423056454,0.00012096423349361451,80.70967741935483,0.0016483581601294262,90.91876220703125,-0.002221956536336833,116.19993591308594,-0.01597945201104667,48.77892303466797,-0.010749009619199335,68.25852966308594,0.0028036052652680166,40.600711822509766,100.61290322580645,0.05,108.66753225806451,98.75864193548387,7.274193548387097,3.607142857142857,1118.9649230769232
2020-01-23,6.661981582641602,75848700,-0.016374126523814536,-0.08202330395954871,-0.157686733583429,-0.4558901147132227,1.5712903225806452,259.21429032258067,3.5290322580645164,12.98,115.5545,1.74,100.65161290322581,55.51,60.423458099365234,302.3691711425781,0.0014896858805648616,0.0011467477389395242,80.83870967741936,0.012945728185777217,92.09577178955078,0.004530694147909742,116.72640228271484,-0.008620717970342251,48.35841369628906,0.006160986151221737,68.67906951904297,0.0,40.600711822509766,100.65161290322581,0.04,108.46292903225806,98.76586774193548,7.296774193548387,3.6,1117.5252527472528
2020-01-24,6.559938907623291,68100900,-0.003333239079582273,-0.08356394609392948,-0.183004464066024,-0.44968648755207186,1.572258064516129,259.21825806451614,3.5258064516129033,14.56,115.5556,1.7,100.69032258064516,54.09,59.58141326904297,299.6801452636719,-0.01393572722927472,-0.008893187981913298,80.96774193548387,-0.008556249320178178,91.30777740478516,-0.008714431908937503,115.70919799804688,-0.03902935646249528,46.47101593017578,-0.00423043883054508,68.3885269165039,-0.022366981912356865,39.692596435546875,100.69032258064516,0.02,108.25832580645161,98.7730935483871,7.319354838709677,3.587142857142857,1116.0855824175824
2020-01-27,6.479762554168701,60769300,0.027302576847368254,-0.07794446512695119,-0.17518366078209902,-0.40855745807634636,1.5751612903225807,259.2301612903226,3.5161290322580645,18.23,115.8004,1.61,100.80645161290323,53.09,58.69208526611328,294.87652587890625,-0.014926265661304172,-0.016029154619299768,81.35483870967742,-0.032117182197401006,88.37522888183594,-0.014188820482550879,114.06742095947266,-0.04734849448756695,44.27068328857422,-0.018336376864285908,67.13452911376953,0.026691811844412827,40.7520637512207,100.80645161290323,-0.02,107.64451612903225,98.79477096774194,7.387096774193548,3.5485714285714285,1111.7665714285715
2020-01-28,6.538073539733887,85163400,0.040815941030974745,-0.08163283018267953,-0.2097508528345966,-0.3900228088674669,1.5761290322580646,259.23412903225807,3.5129032258064514,16.28,115.7239,1.65,100.84516129032258,53.33,59.264469146728516,297.966552734375,0.009752318017327344,0.010479053380931802,81.48387096774194,0.011738143800527512,89.41259002685547,0.010716441559770473,115.2898178100586,0.0271703586311558,45.473533630371094,0.012414516032068779,67.96797180175781,0.01114218982863191,41.20613098144531,100.84516129032258,0.0,107.4399129032258,98.80199677419355,7.409677419354838,3.5357142857142856,1110.326901098901
2020-01-29,6.567722320556641,59057400,-0.06207668748537043,-0.06997721423555592,-0.21444675838667726,-0.40632055208577156,1.5770967741935484,259.23809677419354,3.509677419354839,16.39,115.7003,1.6,100.88387096774194,53.29,59.231361389160156,297.720458984375,-0.0005586442947188575,-0.0008259106525267956,81.61290322580645,0.0026773356205780363,89.6519775390625,0.05433038804754098,121.55355834960938,0.0,45.473533630371094,-0.008662657551080977,67.37918853759766,-0.0036730439161853923,41.054779052734375,100.88387096774194,-0.04,107.23530967741935,98.80922258064516,7.432258064516129,3.5228571428571427,1108.8872307692309
2020-01-30,6.5528974533081055,42827800,-0.06674201971093596,-0.06674201971093596,-0.18552035441787484,-0.42420822908800215,1.5780645161290323,259.242064516129,3.5064516129032257,15.49,115.8077,1.57,100.92258064516129,52.19,59.13201904296875,298.68658447265625,-0.001677191674503531,0.003245075906362027,81.74193548387096,-0.02447700866932001,87.45756530761719,-0.0008808538746649663,121.44648742675781,-0.03763438695355792,43.76216506958008,-0.011574897880037738,66.59928131103516,-0.00184347828672482,40.979095458984375,100.92258064516129,-0.07,107.0307064516129,98.81644838709677,7.45483870967742,3.51,1107.4475604395604
2020-01-31,6.5380730628967285,59813700,-0.08049902952542975,-0.08163276320398605,-0.20975079519985407,-0.44217692036215583,1.5790322580645162,259.24603225806453,3.503225806451613,18.84,115.7345,1.51,100.96129032258065,51.58,59.28339767456055,293.26312255859375,0.0025600112095240934,-0.018157701738221177,81.87096774193549,-0.03296075681234223,84.57489776611328,-0.03577991126402591,117.10114288330078,-0.027262665610993886,42.569091796875,-0.02766945486242256,64.75651550292969,-0.022160547749744408,40.07097625732422,100.96129032258065,-0.14,106.82610322580645,98.82367419354838,7.47741935483871,3.5014285714285713,1106.0078901098902
2020-02-03,6.656676769256592,71405400,-0.10244989582067077,-0.10244989582067077,-0.21158128011313415,-0.45879732061381095,1.5158620689655173,259.1690344827586,3.5620689655172413,17.97,116.1172,1.54,100.17931034482758,50.06,59.70440673828125,295.441650390625,0.007101635200327916,0.007428577493905575,81.17241379310344,0.02276209944953722,86.5,0.020877429141956894,119.54591369628906,-0.017918616621645622,41.806312561035156,0.006730864163785766,65.1923828125,0.00849865665381433,40.41152572631836,100.17931034482758,-0.09,105.92963103448275,98.52283103448276,7.837931034482759,3.4757142857142855,1101.6888791208792
2020-02-04,6.804931163787842,86196400,-0.11764690219133589,-0.12854034149733984,-0.2657952942948888,-0.4586054211432645,1.4837931034482759,259.12855172413794,3.593103448275862,16.05,115.9291,1.61,99.76896551724138,49.59,60.792449951171875,299.9446105957031,0.018223834258334515,0.015241453597095944,80.75862068965517,0.04635840619919618,90.51000213623047,0.02142123853525435,122.10673522949219,0.018947422977106054,42.59843444824219,0.016771883472894267,66.28578186035156,0.017790392895208118,41.130462646484375,99.76896551724138,-0.03,105.58369655172413,98.36879655172413,8.006896551724138,3.467142857142857,1100.249208791209
2020-02-05,6.160019874572754,145792500,-0.008423425076196978,-0.033694396980206265,-0.2190132320336311,-0.413959192469589,1.4517241379310346,259.08806896551727,3.624137931034483,15.15,116.009,1.66,99.35862068965517,50.87,61.09992980957031,303.4082946777344,0.005057862590591489,0.011547745682618515,80.34482758620689,0.00011042433543306807,90.5199966430664,0.02382170469886047,125.0155258178711,0.013314857341198083,43.165626525878906,0.0324145019514952,68.43440246582031,0.013799347511394888,41.698036193847656,99.35862068965517,0.0,105.23776206896551,98.21476206896551,8.175862068965518,3.4585714285714286,1098.8095384615385
2020-02-06,6.115543842315674,68823400,0.0,-0.04363658337378096,-0.284848413965447,-0.40969713981626055,1.4196551724137931,259.04758620689654,3.6551724137931036,14.96,116.1518,1.65,98.94827586206897,50.94,60.962738037109375,304.4292907714844,-0.002245367104160678,0.00336508958937487,79.93103448275862,-0.025187791248902136,88.23999786376953,-0.008707353548311092,123.92697143554688,-0.00815581307591906,42.813575744628906,-0.009609096444817111,67.77680969238281,-0.0009076113655887008,41.66019058227539,98.94827586206897,-0.02,104.8918275862069,98.0607275862069,8.344827586206897,3.45,1097.369868131868
2020-02-07,6.0117645263671875,98256500,-0.0012329880173711505,-0.06658428767954272,-0.22811349105427337,-0.3538840193331252,1.3875862068965519,259.00710344827587,3.6862068965517243,15.47,116.5086,1.59,98.53793103448275,50.34,60.69783020019531,302.8067321777344,-0.004345405824010218,-0.005329837315056318,79.51724137931035,-0.01257933632393382,87.12999725341797,-0.019079985687686762,121.56244659423828,-0.03608949293266295,41.268455505371094,-0.018275950336584912,66.53812408447266,-0.017257168297062253,40.941253662109375,98.53793103448275,-0.07,104.54589310344828,97.90669310344828,8.513793103448275,3.452857142857143,1095.9301978021979
2020-02-10,5.974700927734375,71834900,0.0,-0.1029775601571159,-0.2679899912656618,-0.3647643676032669,1.2913793103448277,258.8856551724138,3.779310344827586,15.04,116.5711,1.56,97.30689655172414,49.59,61.38375473022461,305.06732177734375,0.011300643330526938,0.0074654535695148905,78.27586206896552,0.001951174150107926,87.30000305175781,0.0029362787040307925,121.91938781738281,-0.009952693025636838,40.857723236083984,0.01930552665117591,67.82267761230469,-0.0009239223204575708,40.90342712402344,97.30689655172414,-0.1,103.50808965517241,97.44458965517241,9.020689655172413,3.4614285714285717,1091.6111868131868
2020-02-11,6.00435209274292,80164500,-0.012345895688537833,-0.10987664507709993,-0.33950629441347824,-0.3851851554779968,1.2593103448275862,258.84517241379314,3.810344827586207,15.18,116.3585,1.59,96.89655172413794,50.0,61.86627960205078,305.595947265625,0.007860791083028618,0.0017328158427505347,77.86206896551724,0.039862492621860035,90.77999877929688,0.007171929694576029,122.79378509521484,0.028003921719842673,42.00189971923828,0.013416270194543056,68.73260498046875,0.01480099766959242,41.50883865356445,96.89655172413794,-0.06,103.16215517241379,97.29055517241379,9.189655172413794,3.4642857142857144,1090.1715164835166
2020-02-12,6.108131408691406,111536800,-0.0254856483534327,-0.15412641065194443,-0.31674756902592416,-0.4271845588648584,1.227241379310345,258.8046896551724,3.841379310344828,13.74,116.2794,1.62,96.48620689655172,51.13,62.50016784667969,307.5648498535156,0.010246102540937274,0.0064428295123273305,77.44827586206897,0.008041455901628414,91.51000213623047,0.016058762234598678,124.76570129394531,0.02584394997305317,43.08739471435547,0.01156931130479566,69.52779388427734,-0.04557868260692921,39.616920471191406,96.48620689655172,-0.04,102.81622068965517,97.13652068965517,9.358620689655172,3.4671428571428575,1088.7318461538462
2020-02-13,6.115543842315674,67648800,-0.04363658337378096,-0.15636357256890232,-0.392727262094817,-0.4072726599338413,1.1951724137931035,258.76420689655174,3.8724137931034486,14.15,116.3999,1.61,96.07586206896552,51.41,62.39138412475586,307.23675537109375,-0.0017405348764932826,-0.0010667489557995014,77.03448275862068,-0.010818549558006207,90.5199966430664,-0.011942856758487164,123.27564239501953,-0.019518814438329146,42.24637985229492,-0.005828392760481083,69.12255859375,-0.029608665601446926,38.44391632080078,96.07586206896552,-0.06,102.47028620689655,96.98248620689655,9.527586206896551,3.47,1087.292175824176
2020-02-14,6.00435209274292,46359700,-0.06543197650515531,-0.1111111552306977,-0.38148146618669143,-0.39506175290594314,1.1631034482758622,258.7237241379311,3.903448275862069,13.68,116.4223,1.59,95.6655172413793,52.03,62.29677200317383,307.7289123535156,-0.0015164292780048827,0.0016018818511067678,76.62068965517241,-0.02430398839846515,88.31999969482422,-0.00021741572355715721,123.24884033203125,-0.013888945324157409,41.65962219238281,-0.0021018689558712778,68.9772720336914,0.004921490136479578,38.63311767578125,95.6655172413793,-0.07,102.12435172413792,96.82845172413793,9.696551724137931,3.472857142857143,1085.8525054945055
2020-02-18,5.974700927734375,65094800,-0.1029775601571159,-0.13523587182486374,-0.4416873984824726,-0.34119099213909565,1.0348275862068965,258.5617931034483,4.027586206896552,14.83,116.6039,1.55,94.02413793103447,52.1,62.29202651977539,306.9359130859375,-7.617543005589145e-05,-0.0025769410534527415,74.96551724137932,-0.003396773695589106,88.0199966430664,-0.015564916018301345,121.33048248291016,0.007511798564576733,41.97256088256836,-0.000554032307748642,68.93905639648438,0.0,38.63311767578125,94.02413793103447,-0.1,100.74061379310345,96.21231379310345,10.372413793103448,3.4842857142857144,1080.0938241758242
2020-02-19,5.930222988128662,69668200,-0.09874990542013207,-0.11499979214541234,-0.44124996110264725,-0.33749972560782193,1.0027586206896553,258.5213103448276,4.058620689655172,14.38,116.7829,1.56,93.61379310344827,53.31,62.571136474609375,308.4034118652344,0.004480669042696395,0.004781124386985525,74.55172413793103,0.030561264985212278,90.70999908447266,0.005809585079672663,122.03536224365234,0.009785641999281003,42.3832893371582,0.008651081565032248,69.53545379638672,-0.002938353621448231,38.51959991455078,93.61379310344827,-0.09,100.39467931034483,96.05827931034483,10.541379310344828,3.4871428571428575,1078.6541538461538
2020-02-20,5.9524617195129395,52318200,-0.13200499518673747,-0.16064769201720996,-0.4607719708789809,-0.3163137354737965,0.9706896551724139,258.4808275862069,4.089655172413793,15.56,117.2454,1.52,93.20344827586206,53.77,62.59478759765625,307.1364440917969,0.0003779877492950945,-0.004108150962970347,74.13793103448276,0.004189144055266825,91.08999633789062,0.0,122.03536224365234,-0.007936528651886432,42.046913146972656,0.010886367803210728,70.29244232177734,0.008840741865311363,38.86014175415039,93.20344827586206,-0.11,100.0487448275862,95.90424482758621,10.710344827586207,3.49,1077.2144835164836
2020-02-21,5.848682403564453,58326300,-0.11787045304680355,-0.1774396897463274,-0.4917615365148771,-0.28643832136379077,0.9386206896551725,258.4403448275862,4.120689655172414,17.08,117.0473,1.46,92.79310344827586,53.36,61.63920211791992,303.9734191894531,-0.015266214910394704,-0.010298435640540227,73.72413793103448,-0.011197680141327604,90.06999969482422,-0.02061865337819535,119.51915740966797,-0.019058919035929378,41.24554443359375,-0.018165880870313345,69.01551818847656,-0.002920893028563132,38.74663543701172,92.79310344827586,-0.15,99.70281034482758,95.7502103448276,10.879310344827587,3.4842857142857144,1075.7748131868132
2020-02-24,5.611475467681885,110048200,-0.04887731826595543,-0.22060768090595972,-0.3461032890818472,-0.2536329303999951,0.8424137931034483,258.31889655172415,4.2137931034482765,25.03,117.4018,1.38,91.56206896551724,51.36,59.519920349121094,293.89208984375,-0.034382044153402624,-0.03316516744320952,72.48275862068965,-0.06761403750998995,83.9800033569336,-0.04867456528198866,113.70161437988281,-0.09426723634033629,37.35744094848633,-0.052736446443412244,65.37588500976562,-0.03027350653201799,37.573638916015625,91.56206896551724,-0.21,98.66500689655172,95.28810689655172,11.386206896551725,3.4671428571428575,1071.4558021978023
2020-02-25,5.359440803527832,108888300,-0.03596154369716542,-0.13416341312944402,-0.25449537090502283,-0.19225473376987467,0.810344827586207,258.2784137931035,4.244827586206897,27.85,117.2425,1.33,91.15172413793103,49.78,57.930450439453125,284.986572265625,-0.026704839326812668,-0.03030199820233237,72.06896551724138,-0.03417483486376971,81.11000061035156,-0.046378679117590194,108.42828369140625,-0.050847393589868894,35.45791244506836,-0.04222239416087015,62.61555862426758,-0.026183426425809397,36.5898323059082,91.15172413793103,-0.2,98.3190724137931,95.1340724137931,11.555172413793104,3.4614285714285717,1070.0161318681319
2020-02-26,5.344614028930664,92469500,-0.01803038559774628,-0.18169191364957282,-0.27184455538437546,-0.16366152805182654,0.7782758620689656,258.23793103448276,4.275862068965518,27.56,117.405,1.33,90.74137931034483,48.67,57.47159194946289,283.93829345703125,-0.007920851409049856,-0.0036783445629033906,71.65517241379311,-0.00012331569664902897,81.0999984741211,-0.013824740823050408,106.92929077148438,-0.07533480888112942,32.78669738769531,0.003541486678713568,62.837310791015625,0.009307215899405863,36.930381774902344,90.74137931034483,-0.21,97.97313793103449,94.98003793103449,11.724137931034482,3.455714285714286,1068.5764615384617
2020-02-27,5.1667070388793945,118642400,-0.03299868855424415,-0.2324246887738951,-0.255380203906281,-0.1606885597815303,0.7462068965517242,258.1974482758621,4.306896551724138,39.16,117.3678,1.3,90.33103448275861,47.17,55.14887619018555,271.1861877441406,-0.040415023848996645,-0.04491153890385846,71.24137931034483,-0.038470963944383874,77.9800033569336,-0.03963615545031918,102.69102478027344,-0.03892575728030179,31.51045036315918,-0.0470918548478354,59.8781852722168,-0.030737795935535273,35.795223236083984,90.33103448275861,-0.23,97.62720344827586,94.82600344827587,11.893103448275863,3.45,1067.1367912087912
2020-02-28,5.159295558929443,116490700,-0.06752889856741706,-0.19109196477910417,-0.27729898084322424,-0.1795977883934743,0.7141379310344829,258.1569655172414,4.337931034482759,40.11,117.6568,1.13,89.92068965517241,44.83,54.794097900390625,270.0467834472656,-0.006433100985982709,-0.004201557263491584,70.82758620689656,0.0016670588333131953,78.11000061035156,-0.005213330422963902,102.1556625366211,0.050549464118962995,33.10328674316406,-0.033967825226017156,57.84425354003906,-0.014799164022220701,35.26548385620117,89.92068965517241,-0.28,97.28126896551724,94.67196896551724,12.062068965517241,3.4271428571428575,1065.6971208791208
2020-03-02,5.3372015953063965,96766000,-0.1805554277466217,-0.3041666149226614,-0.3291667422352499,-0.18472225709048473,0.6306451612903226,258.01006451612903,4.735483870967743,33.42,116.8144,1.1,88.54193548387096,46.78,56.676856994628906,281.7415771484375,0.03436061850422134,0.0433065469319156,69.7741935483871,0.05197794810995937,82.16999816894531,0.04821383107537436,107.08097839355469,-0.011954604308820116,32.707550048828125,0.05234673681394897,60.87221145629883,0.050429248964399376,37.04389572143555,88.54193548387096,-0.31,96.25302580645162,93.89599032258064,13.025806451612903,3.3585714285714285,1061.37810989011
2020-03-03,5.1667070388793945,97457800,-0.10186509551588918,-0.2812050257628489,-0.36872294162543595,-0.15351483151936662,0.6112903225806452,257.9441290322581,5.070967741935484,36.82,116.4958,1.02,87.98387096774194,47.27,55.30499267578125,273.6745910644531,-0.024205017560830266,-0.028632572322594196,69.54838709677419,-0.019471808564865967,80.56999969482422,-0.012308591796780122,105.7629623413086,-0.037205064841881685,31.490663528442383,-0.038437491089493014,58.53243637084961,-0.008785444300103973,36.718448638916016,87.98387096774194,-0.43,95.91665161290322,93.42808064516129,13.651612903225807,3.335714285714286,1059.9384395604395
2020-03-04,5.24824857711792,70588100,-0.16666659095297043,-0.3644068551180566,-0.38418080430659507,-0.12570632928643632,0.5919354838709677,257.8781935483871,5.4064516129032265,31.99,116.7802,1.02,87.4258064516129,46.78,57.21614456176758,285.1778869628906,0.034556588718675396,0.04203275084360447,69.3225806451613,0.03140125094799284,83.0999984741211,0.03221438921503905,109.17005157470703,0.01979258005531981,32.11394500732422,0.05042477066007933,61.48392105102539,0.018769477517112998,37.40763473510742,87.4258064516129,-0.44,95.58027741935484,92.96017096774193,14.27741935483871,3.3128571428571427,1058.4987692307693
2020-03-05,4.996212482452393,78070900,-0.2062313647966938,-0.33679515494496615,-0.37091982041679106,-0.02522223856362449,0.5725806451612904,257.81225806451613,5.741935483870968,39.62,116.7901,0.92,86.86774193548386,45.9,55.08265686035156,275.6981201171875,-0.03728821153114947,-0.0332415915787212,69.09677419354838,-0.05535497663761835,78.5,-0.021681880605378234,106.80303955078125,-0.14140471709969427,27.5728816986084,-0.031588431582512566,59.54174041748047,-0.03889442450975078,35.95268630981445,86.86774193548386,-0.48,95.24390322580645,92.49226129032259,14.903225806451612,3.29,1057.0590989010989
2020-03-06,4.810894012451172,109932200,-0.13251141619494,-0.33281959795329175,-0.3020030079760726,0.13097085430960864,0.5532258064516129,257.7463225806452,6.07741935483871,41.94,116.7106,0.74,86.30967741935483,41.14,54.235897064208984,271.1405029296875,-0.01537253001955452,-0.016531187030084715,68.87096774193549,-0.028152854579269526,76.29000091552734,0.014271276404240085,108.32725524902344,-0.025834298264175937,26.86055564880371,-0.0520095127593857,56.445003509521484,-0.007454921233713496,35.684661865234375,86.30967741935483,-0.57,94.90752903225807,92.02435161290323,15.529032258064516,3.3,1055.6194285714287
2020-03-09,4.373540878295898,103901700,-0.15084752692439363,-0.32033895625590114,-0.20169505384878728,0.27627109958809326,0.49516129032258066,257.5485161290323,7.083870967741936,54.46,117.1871,0.54,84.63548387096773,31.05,50.8204231262207,249.96597290039062,-0.06297441589183561,-0.07809430830327801,68.19354838709677,-0.09673610125643495,68.91000366210938,-0.04436366223033561,103.5214614868164,-0.19926332135809222,21.50823211669922,-0.09414810134598084,51.13081359863281,-0.04721022564492883,33.99998092651367,84.63548387096773,-0.45,93.8984064516129,90.62062258064516,17.406451612903226,3.33,1051.3004175824176
2020-03-10,4.640399932861328,101873600,-0.19968039250180647,-0.2092652778200227,-0.19648560199202103,0.15654961597365458,0.47580645161290325,257.4825806451613,7.419354838709678,47.3,117.9027,0.76,84.07741935483871,34.47,53.630367279052734,262.9003601074219,0.05529163237883883,0.05174459170162926,67.96774193548387,0.05703080056491405,72.83999633789062,0.042438939726644254,107.91480255126953,0.10487581793938339,23.763925552368164,0.04860173761806119,53.61585998535156,0.010134983138467613,34.34457015991211,84.07741935483871,-0.24,93.56203225806452,90.1527129032258,18.032258064516128,3.34,1049.8607472527472
2020-03-11,4.373540878295898,98587100,-0.2372882954389347,-0.08644093205611003,-0.08983049461512127,0.15423703496954855,0.45645161290322583,257.4166451612903,7.75483870967742,53.9,118.2505,0.82,83.51935483870967,33.13,50.69743347167969,250.08444213867188,-0.05468793066644928,-0.04874819480472903,67.74193548387096,-0.07701802942072322,67.2300033569336,-0.07826515388300948,99.46883392333984,-0.0945045890402878,21.518125534057617,-0.06774079343292061,49.98387908935547,-0.10925276426008779,30.592330932617188,83.51935483870967,-0.14,93.22565806451613,89.68480322580645,18.65806451612903,3.35,1048.421076923077
2020-03-12,3.965836763381958,89453100,-0.1644859526539888,-0.01869137921446684,-0.03551380687360317,0.1457946335576239,0.4370967741935484,257.3507096774194,8.090322580645163,75.47,120.4883,0.88,82.96129032258064,31.56,45.57423400878906,226.1571044921875,-0.10105441463328746,-0.09567703389248283,67.51612903225806,-0.11646588487411047,59.400001525878906,-0.060573209182471666,93.44368743896484,-0.31172412478798617,14.810406684875488,-0.15251652029531615,42.360511779785156,-0.16145221031084356,25.65313148498535,82.96129032258064,-0.04,92.88928387096774,89.21689354838709,19.283870967741937,3.36,1046.9814065934065
2020-03-13,4.17339563369751,125375300,-0.23090584187257102,-0.07815297675053656,-0.060390734034524884,0.14742423229697077,0.41774193548387095,257.2847741935484,8.425806451612903,57.83,120.4388,0.94,82.4032258064516,31.72,48.393646240234375,245.49041748046875,0.061864171560219505,0.08548620673090168,67.29032258064517,0.11902356082842891,66.47000122070312,0.01784672266179599,95.1113510131836,0.1743485781595775,17.392580032348633,0.10216583214418162,46.68830871582031,0.01791075426690214,26.112598419189453,82.4032258064516,0.04,92.55290967741935,88.74898387096775,19.90967741935484,3.4014285714285712,1045.5417362637363
2020-03-16,3.7138030529022217,110310900,-0.1996007015296255,0.0039918933384279764,0.0039918933384279764,0.29740507352624435,0.3596774193548387,257.0869677419355,9.43225806451613,82.69,120.9352,0.73,80.7290322580645,28.96,42.2628288269043,218.62789916992188,-0.12668641215616705,-0.10942389762600024,66.61290322580645,-0.230931277372045,51.119998931884766,-0.08550142843563535,86.97919464111328,-0.17121726829892048,14.41466999053955,-0.06157883040037393,43.813297271728516,-0.12756599054440731,22.781518936157227,80.7290322580645,0.0,91.5437870967742,87.34525483870968,21.787096774193547,3.525714285714286,1041.2227252747252
2020-03-17,3.7138030529022217,104233500,-0.0119763219948823,-0.03592832400504875,-0.013972300763076206,0.3073852883570132,0.3403225806451613,257.0210322580645,9.767741935483873,75.91,122.4816,1.02,80.17096774193548,26.96,43.890159606933594,230.43214416503906,0.03850501315693622,0.05399240005477379,66.38709677419355,-0.05496865448565347,48.310001373291016,0.09998950049458188,95.67620086669922,-0.12765952379235368,12.57450008392334,0.052705118579747356,46.12248229980469,0.047058889523234004,23.853591918945312,80.17096774193548,0.39,91.2074129032258,86.87734516129032,22.412903225806453,3.567142857142857,1039.783054945055
2020-03-18,3.3357508182525635,125954700,0.19777769566239467,-0.0222220427437253,0.13777770852766746,0.4066667700653406,0.3209677419354839,256.9550967741935,10.103225806451613,76.45,124.1623,1.18,79.61290322580645,20.48,41.36875915527344,218.7646484375,-0.057447967249174337,-0.050633108370430446,66.16129032258064,-0.3055268415784145,33.54999923706055,-0.011713754610971128,94.55547332763672,-0.26829263668175185,9.200854301452637,-0.09653650415872261,41.669979095458984,0.025681840425416214,24.466196060180664,79.61290322580645,0.55,90.87103870967742,86.40943548387096,23.038709677419355,3.6085714285714285,1038.3433846153846
2020-03-19,3.3135123252868652,126603800,0.17449685484359545,-0.024608361074978546,0.11409418042092478,0.416107552534279,0.3016129032258065,256.8891612903226,10.438709677419356,72.0,125.0587,1.12,79.05483870967741,25.09,42.81158447265625,219.22950744628906,0.03487717173162763,0.002124927460214643,65.93548387096774,0.20953808506286187,40.58000183105469,-0.0228521633184936,92.3946762084961,0.0752687012939226,9.893390655517578,0.013888818958331717,42.24872589111328,0.1627546427616715,28.448183059692383,79.05483870967741,0.62,90.53466451612903,85.94152580645161,23.664516129032258,3.65,1036.9037142857144
2020-03-20,3.2097342014312744,129378600,0.1986139973991652,-0.020785507941593173,0.10161654497522443,0.438798787841963,0.28225806451612906,256.8232258064516,10.774193548387098,66.04,124.9362,0.92,78.49677419354838,19.48,41.539066314697266,209.78199768066406,-0.02972368749331722,-0.043094152222823534,65.70967741935483,0.11310981100986628,45.16999816894531,-0.118874467346333,81.41130828857422,0.200000057837056,11.872069358825684,-0.05662111464752484,39.8565559387207,-0.01749670014316418,27.9504337310791,78.49677419354838,0.17,90.19829032258065,85.47361612903225,24.29032258064516,3.6285714285714286,1035.464043956044
2020-03-23,2.9725253582000732,134925000,0.25436378474735677,0.1296756612600185,0.18952603432476378,0.566084454399076,0.22419354838709676,256.6254193548387,11.780645161290323,61.59,126.1262,0.76,76.82258064516128,23.33,41.607505798339844,204.41824340820312,0.001647593210788223,-0.025568229551449884,65.03225806451613,0.029444363182840938,46.5,-0.13270903441306758,70.60729217529297,0.0,11.872069358825684,-0.018586722998132577,39.115753173828125,-0.09315073204542323,25.346830368041992,76.82258064516128,-0.04,89.18916774193548,84.0698870967742,26.16774193548387,3.564285714285714,1031.1450329670329
2020-03-24,3.669325351715088,146192100,-0.02424233603239867,-0.04848467206479734,-0.01212084313552475,0.24242465984668482,0.20483870967741935,256.5594838709677,12.116129032258065,61.67,125.5001,0.84,76.26451612903226,21.03,45.510154724121094,222.939208984375,0.09379675255460684,0.09060329091659058,64.80645161290323,0.06494624640351976,49.52000045776367,0.22869784548052063,86.7550277709961,0.13999996947488857,13.534158706665039,0.16788333482869056,45.68263626098633,0.13595189238288796,28.79277992248535,76.26451612903226,-0.13,88.8527935483871,83.60197741935484,26.793548387096774,3.5428571428571427,1029.7053626373627
2020-03-25,3.995487928390503,198999400,-0.18367326358039726,-0.06679028309032231,-0.09647505225920705,0.10389609537153888,0.18548387096774194,256.4935483870968,12.451612903225808,63.95,124.7916,0.88,75.70645161290322,20.75,46.30874252319336,226.2766571044922,0.01754746394322848,0.014970216030286032,64.58064516129032,0.024434553176239993,50.72999954223633,0.010334922002206426,87.6516342163086,0.13669592013413,15.384222984313965,0.02297320622083765,46.732112884521484,0.025265789106030168,29.520252227783203,75.70645161290322,-0.19,88.5164193548387,83.13406774193548,27.419354838709676,3.5214285714285714,1028.2656923076922
2020-03-26,3.891709804534912,138227600,-0.16952383916352698,0.02285723702742648,-0.015238178439349492,0.14857133615152196,0.16612903225806452,256.4276129032258,12.78709677419355,61.0,122.4308,0.83,75.14838709677419,16.6,48.224403381347656,239.48890686035156,0.041367153452608996,0.05838980443200592,64.35483870967742,0.08969050420101721,55.279998779296875,0.043269306512717876,91.44425964355469,0.14598066258699505,17.630022048950195,0.03830891414364235,48.522369384765625,0.05447482004720006,31.12836265563965,75.14838709677419,-0.24,88.18004516129032,82.66615806451613,28.04516129032258,3.5,1026.826021978022
2020-03-27,3.8472323417663574,106324000,-0.18304433772409345,-0.005780139413460006,0.036609016276306416,0.13872842758220472,0.1467741935483871,256.3616774193548,13.12258064516129,65.54,122.4007,0.72,74.59032258064516,15.48,46.60820388793945,232.35556030273438,-0.03351414180550172,-0.02978570761850241,64.12903225806451,-0.07235890174256032,51.279998779296875,-0.016472183458701273,89.93797302246094,-0.1913580013175078,14.256376266479492,-0.0065205967870056725,48.20597457885742,-0.04059030551474563,29.864852905273438,74.59032258064516,-0.22,87.84367096774193,82.19824838709677,28.67096774193548,3.4757142857142855,1025.3863516483516
2020-03-30,3.728628158569336,97879700,-0.09940347848327902,0.05169006969755108,0.04572555790012145,0.19483138308075953,0.08870967741935484,256.1638709677419,14.129032258064518,57.08,123.2883,0.7,72.91612903225806,14.1,47.58267593383789,239.90147399902344,0.02090773650581701,0.032475718190076996,63.45161290322581,-0.026521073376090443,49.91999816894531,0.04446220208935103,93.93681335449219,-0.11172793117671442,12.663540840148926,-0.043540796810485394,46.10704803466797,0.061538146138687244,31.702680587768555,72.91612903225806,-0.25,86.83454838709677,80.79451935483871,30.548387096774192,3.402857142857143,1021.0673406593406
2020-03-31,3.5803723335266113,231800800,-0.024844627849321843,0.04140793505034579,0.05383018238456372,0.2587994941789964,0.06935483870967742,256.09793548387097,14.464516129032258,53.54,122.5301,0.7,72.35806451612903,20.51,46.622474670410156,236.32569885253906,-0.020179639849655873,-0.014905182060277467,63.225806451612904,-0.013621725068522439,49.2400016784668,-0.027679625381909045,91.33667755126953,0.0289062508825233,13.029596328735352,-0.04602510564103346,43.98496627807617,-0.019323778745810705,31.090065002441406,72.35806451612903,-0.17,86.49817419354838,80.32660967741936,31.174193548387095,3.3785714285714286,1019.6276703296703
2020-04-01,3.2616236209869385,119174500,0.14318161500225024,0.12272693149192326,0.11818176302595829,0.359090969230732,0.05,256.032,14.8,57.06,123.7933,0.62,71.8,20.28,44.540428161621094,225.68983459472656,-0.04465757177214946,-0.045005110783355784,63.0,-0.06742492681460166,45.91999816894531,-0.05830952228012087,86.01087951660156,-0.3318147264465521,8.706184387207031,-0.05438590785484798,41.592803955078125,-0.032019525221488765,30.094575881958008,71.8,-0.29,86.1618,79.8587,31.8,3.3542857142857145,1018.188
2020-04-02,3.2319722175598145,90891700,0.23165153349758194,0.17431174116844117,0.11467892073945207,0.3876146975104666,0.05,256.0243333333333,14.746666666666668,50.91,123.5916,0.63,71.81666666666666,25.18,44.70680236816406,230.89776611328125,0.003735352653981172,0.023075614051942583,63.36666666666667,-0.007186368238590091,45.59000015258789,-0.0003128543117214555,85.98397064208984,-0.09431826546681077,7.8850321769714355,-0.021150102757842904,40.713111877441406,0.04071262768784201,31.319805145263672,71.81666666666666,-0.4,86.20044333333334,79.97742333333333,31.493333333333332,3.33,1019.3182197802198
2020-04-03,3.1430182456970215,85659900,0.21698141832667384,0.17452859314739078,0.17217036414338893,0.45990578310756147,0.05,256.01666666666665,14.693333333333333,46.8,124.4152,0.62,71.83333333333333,28.36,43.92722702026367,227.56027221679688,-0.017437510772533527,-0.014454422633291997,63.733333333333334,-0.05044964310950961,43.290000915527344,-0.02387895536957063,83.9307632446289,0.06524478458084859,8.399489402770996,0.013646408808719146,41.268699645996094,-0.04156456421380028,30.01801109313965,71.83333333333333,-0.46,86.23908666666667,80.09614666666667,31.186666666666667,3.33,1020.4484395604395
2020-04-06,3.357989549636841,102205300,0.16777052161646022,0.05298013856294781,0.0750548708790395,0.3509930718526111,0.05,255.99366666666666,14.533333333333333,45.24,124.16,0.67,71.88333333333333,26.21,47.58267593383789,242.8447265625,0.08321601798101108,0.06716662006425089,64.83333333333333,0.15338413604114276,49.93000030517578,0.07274838325664468,90.03659057617188,0.2025912452144496,10.101152420043945,0.12471975835114102,46.41572189331055,0.04846873663075746,31.472946166992188,71.88333333333333,-0.47,86.35501666666667,80.45231666666666,30.266666666666666,3.33,1023.8390989010989
2020-04-07,3.4914193153381348,115150400,0.06794051983075211,0.012738941362902212,0.03397005505435158,0.2929937393105224,0.05,255.986,14.48,46.7,123.0956,0.75,71.89999999999999,23.54,48.29095458984375,243.09222412109375,0.014885221188289055,0.001019159699686023,65.2,0.07150009359111009,53.5,0.03724376923308981,93.389892578125,0.10675807929624215,11.179532051086426,0.026599980291927672,47.6503791809082,-0.010948562283435881,31.12836265563965,71.89999999999999,-0.42,86.39366,80.57104,29.96,3.33,1024.9693186813188
2020-04-08,3.728628158569336,117022200,-0.017892768079800447,-0.027832789820321002,0.041749664300786415,0.16103369780676524,0.05,255.97833333333332,14.426666666666668,43.35,123.2216,0.77,71.91666666666666,24.97,49.81208038330078,251.25241088867188,0.03149918667743523,0.0335682755673552,65.56666666666666,0.12523365912036355,60.20000076293945,0.05808345859747721,98.81430053710938,0.06106193776818425,11.862175941467285,0.0437247288324214,49.73387908935547,0.04674058761560107,32.58332061767578,71.91666666666666,-0.42,86.43230333333334,80.68976333333333,29.653333333333336,3.33,1026.0995384615385
2020-04-09,3.980663537979126,175681700,-0.046555207191039005,-0.0931102346995375,-0.046555207191039005,0.13594032335550188,0.05,255.97066666666666,14.373333333333333,41.67,122.476,0.73,71.93333333333334,22.9,50.71049499511719,255.07583618164062,0.01803607889698977,0.01521746708596905,65.93333333333334,0.03372090952773865,62.22999954223633,0.04373488818686666,103.13593292236328,0.03586323410106118,12.287591934204102,0.023894648626517023,50.9222526550293,0.07638041557464814,35.07204818725586,71.93333333333334,-0.5,86.47094666666666,80.80848666666667,29.346666666666668,3.33,1027.2297582417582
2020-04-13,3.8249948024749756,99320000,-0.03488370860884227,0.0019378937768677051,-0.03488370860884227,0.17441835604899292,0.05,255.94,14.16,41.17,122.5203,0.76,72.0,22.36,50.696224212646484,252.74693298339844,-0.00028141674562787156,-0.009130238414993386,67.4,-0.023943401490116534,60.7400016784668,-0.05433372838003314,97.53217315673828,-0.07407411431774402,11.377399444580078,0.035611305537366356,52.735660552978516,-0.028383953886081503,34.07656478881836,72.0,-0.5,86.62552,81.28338,28.12,3.3185714285714285,1031.7506373626375
2020-04-14,3.921361207962036,74877000,-0.09829875042111569,0.01701310378837828,-0.10775065039230258,0.202268251705241,0.05,255.93233333333333,14.106666666666667,37.76,122.1121,0.76,72.01666666666667,20.15,52.678443908691406,260.201171875,0.03909994732014854,0.02949289553630785,67.76666666666667,0.034244286448461114,62.81999969482422,0.016087705809342046,99.10124206542969,0.08782607106682039,12.376631736755371,0.02209523682763237,53.9008674621582,0.015730048034432453,34.61259078979492,72.01666666666667,-0.53,86.66416333333333,81.40210333333333,27.813333333333333,3.315714285714286,1032.8808571428572
2020-04-15,3.728628158569336,74727700,-0.05168974998401432,0.04572555790012145,-0.027832789820321002,0.3399599718652089,0.05,255.92466666666667,14.053333333333333,40.84,123.0752,0.63,72.03333333333333,19.96,51.523338317871094,254.67242431640625,-0.021927481244937264,-0.021247973322924718,68.13333333333334,-0.031041082018663513,60.869998931884766,-0.03211811663635222,95.91829681396484,-0.01039163762164097,12.248018264770508,-0.07287030259262894,49.97309494018555,-0.04314153671748766,33.11935043334961,72.03333333333333,-0.56,86.70280666666666,81.52082666666666,27.506666666666668,3.3128571428571427,1034.0110769230769
2020-04-16,3.661912679672241,58951200,-0.010121116531324081,0.030364391316590966,-0.00809698437578843,0.3886640395724379,0.05,255.917,14.0,40.11,123.4615,0.61,72.05,19.82,52.14129638671875,255.9010467529297,0.011993750580274742,0.004824324580179118,68.5,-0.02480693852521554,59.36000061035156,-0.02149917560192116,93.85613250732422,-0.04281094306943456,11.723669052124023,0.0033972901220116203,50.14286804199219,-0.021965116719701472,32.39188003540039,72.05,-0.42,86.74145,81.63955,27.200000000000003,3.31,1035.1412967032968
2020-04-17,3.7953429222106934,91989300,-0.04882823615968568,-0.03906231252538661,0.03710965547576328,0.32812541028475595,0.05,255.9093333333333,13.946666666666667,38.15,122.871,0.65,72.06666666666666,18.31,53.681434631347656,262.8143005371094,0.02953778197623036,0.02701533999919259,68.86666666666666,0.07681936508940246,63.91999816894531,0.044707688098214904,98.0522232055664,0.05991560508699223,12.42609977722168,0.08341011994840186,54.32529067993164,0.03782478542542833,33.617095947265625,72.06666666666666,-0.36,86.78009333333334,81.75827333333334,26.893333333333334,3.3128571428571427,1036.2715164835165
2020-04-20,3.6915647983551025,71079400,0.038152503189676557,-0.02409641977983723,0.06425718399759228,0.3373494248248705,0.05,255.8863333333333,13.786666666666667,43.83,123.1033,0.63,72.11666666666666,-36.98,52.74498748779297,258.1840515136719,-0.01744452528114515,-0.017617949304793323,69.96666666666667,-0.06867959191809336,59.529998779296875,-0.04078307170277762,94.05335235595703,-0.027070057583783558,12.08972454071045,-0.008664530260376169,53.85458755493164,-0.01594560920145427,33.081050872802734,72.11666666666666,-0.31,86.89602333333333,82.11444333333333,25.973333333333336,3.3214285714285716,1039.6621758241758
2020-04-21,3.5358963012695312,82400200,0.12788254897433848,0.041928984242335376,0.15094334533732368,0.40041929456238656,0.05,255.87866666666665,13.733333333333333,45.41,123.9116,0.58,72.13333333333333,8.91,51.37598419189453,250.34471130371094,-0.025955135475485225,-0.030363379008117475,70.33333333333333,-0.019821944051276463,58.349998474121094,-0.01563382028577609,92.58293914794922,-0.031096565077133764,11.713775634765625,-0.028514079921335367,52.318973541259766,-0.043981208946172634,31.62610626220703,72.13333333333333,-0.38,86.93466666666667,82.23316666666666,25.666666666666668,3.3242857142857143,1040.7923956043956
2020-04-22,3.5358963012695312,62237200,0.10272514494332818,0.02096405383886757,0.18029356013610753,0.433962320128944,0.05,255.87099999999998,13.68,41.98,123.9256,0.63,72.14999999999999,13.64,52.48355484008789,255.9010467529297,0.021558139773176332,0.02219473868764088,70.7,0.036846642366793914,60.5,0.020434146398142783,94.47479248046875,-0.016891935899874144,11.515907287597656,0.01740402279093023,53.22953414916992,0.012106611420122704,32.00899124145508,72.14999999999999,-0.43,86.97331,82.35189,25.36,3.3271428571428574,1041.9226153846155
2020-04-23,3.624850034713745,61959800,0.040899456008242296,-0.004090379705023572,0.15541897205046418,0.4274023540155263,0.05,255.86333333333332,13.626666666666667,41.38,123.7542,0.61,72.16666666666666,15.06,52.469276428222656,255.88262939453125,-0.00027205496862281464,-7.197062549035849e-05,71.06666666666666,0.003801645326220404,60.72999954223633,0.012906888476136746,95.69416809082031,0.04553268389764753,12.040257453918457,0.008987872338458658,53.70795440673828,-0.017942632343240672,31.43466567993164,72.16666666666666,-0.44,87.01195333333334,82.47061333333333,25.053333333333335,3.33,1043.0528351648352
2020-04-24,3.610023021697998,54320400,0.010267255616240645,0.07597572346368597,0.199178762204675,0.4127313652632554,0.05,255.85566666666665,13.573333333333332,35.93,124.1615,0.6,72.18333333333334,15.99,53.35820388793945,259.4493408203125,0.01694186617825455,0.013938857179249586,71.43333333333334,0.03309735141414838,62.7400016784668,0.01695821978236811,97.31697082519531,-0.021364065702319746,11.783028602600098,0.03275877964244889,55.46736145019531,0.025578584752286027,32.23871994018555,72.18333333333334,-0.51,87.05059666666666,82.58933666666667,24.74666666666667,3.315714285714286,1044.183054945055
2020-04-27,3.832407236099243,91082800,-0.05996125114398587,-0.00967128794127714,0.16634429869678158,0.34042536645962573,0.05,255.83266666666665,13.413333333333332,33.29,123.8843,0.67,72.23333333333333,12.17,54.356441497802734,263.1902160644531,0.018708231108373496,0.014418518976818007,72.53333333333333,0.04415046834011127,65.51000213623047,0.0503042993901468,102.21243286132812,0.08984046733893947,12.841621398925781,0.037423637090387096,57.54315185546875,0.030878975935569652,33.23421859741211,72.23333333333333,-0.5,87.16652666666667,82.94550666666667,23.826666666666668,3.2728571428571427,1047.5737142857142
2020-04-28,3.9880757331848145,106222800,-0.07620790374863651,-0.07434937415115805,0.08736057590504376,0.30297392235712817,0.05,255.825,13.36,33.57,123.3693,0.62,72.25,12.4,54.57034683227539,261.97991943359375,0.0039352343269436485,-0.0045985623970268286,72.9,0.01785984018917075,66.68000030517578,0.005964983099438381,102.82212829589844,0.11402157942985203,14.305843353271484,0.04049887461324775,59.87358474731445,0.03917046433194282,34.53601837158203,72.25,-0.52,87.20517,83.06423,23.520000000000003,3.2585714285714285,1048.7039340659342
2020-04-29,3.8991217613220215,126393000,-0.07414457852837164,-0.10266152186161004,0.08555150261383959,0.31558969119796365,0.05,255.81733333333332,13.306666666666667,31.23,122.7782,0.63,72.26666666666667,15.04,55.772987365722656,268.8382263183594,0.0220383523884069,0.026178750262972228,73.26666666666667,0.07468511298952474,71.66000366210938,-0.0045343576089280635,102.35589599609375,0.15421854513543454,16.512069702148438,0.03170520010798006,61.771888732910156,0.024390257372636448,35.378360748291016,72.26666666666667,-0.51,87.24381333333334,83.18295333333333,23.213333333333335,3.244285714285714,1049.8341538461539
2020-04-30,3.773104429244995,93437900,-0.04322207630485064,-0.03929241750695889,0.15324178052107773,0.3241649088022045,0.05,255.80966666666666,13.253333333333332,34.15,122.327,0.64,72.28333333333333,19.23,55.42597961425781,266.3351135253906,-0.006221788859710808,-0.009310851463528724,73.63333333333333,-0.02944460651021763,69.55000305175781,-0.0330238718091066,98.9757080078125,-0.047333800773470935,15.730490684509277,-0.04147425482287859,59.20994567871094,-0.029220986120134018,34.34457015991211,72.28333333333333,-0.43,87.28245666666666,83.30167666666667,22.906666666666666,3.23,1050.9643736263736
2020-05-01,3.647088050842285,82660100,0.06504067857506146,-0.004065111869023141,0.19918708222189507,0.3434960694243496,0.05,255.802,13.2,37.19,123.1492,0.64,72.3,19.72,53.35343933105469,259.28436279296875,-0.03739293915285136,-0.026473230056275332,74.0,-0.054636993314434834,65.75,-0.02101643235336559,96.89559173583984,-0.12389928470594802,13.781494140625,-0.05825623398515045,55.760597229003906,-0.03232975568860175,33.23421859741211,72.3,-0.42,87.3211,83.4204,22.6,3.2342857142857144,1052.0945934065935
2020-05-04,3.6026113033294678,84214700,0.05349775555944847,0.0925926943127493,0.27366238735359705,0.37654312939915013,0.05290322580645162,255.922,12.987096774193548,35.97,123.2117,0.64,72.86129032258064,20.47,53.643409729003906,259.99945068359375,0.005434896073896356,0.002757929105026591,75.16129032258064,-0.022509556759446325,64.2699966430664,-0.010641245532880816,95.864501953125,0.029432886875764064,14.18712329864502,0.029061511060930023,57.38108444213867,0.0011520691044037967,33.27250671386719,72.86129032258064,-0.43,88.52868709677419,84.05485161290322,22.183870967741935,3.247142857142857,1055.4852527472528
2020-05-05,3.684152841567993,96301300,0.002011848342305722,0.0663983080490047,0.32193126309945397,0.3802810776305672,0.053870967741935484,255.962,12.916129032258064,33.61,122.803,0.66,73.04838709677419,24.56,53.83829879760742,262.4016418457031,0.003633047742267914,0.00923921629754787,75.54838709677419,0.021316365615989596,65.63999938964844,-0.004021678368872905,95.47896575927734,-0.08716878557719787,12.950448989868164,0.005244810451089155,57.682037353515625,-0.012658177053739283,32.85133743286133,73.04838709677419,-0.44,88.93121612903226,84.26633548387098,22.045161290322582,3.2514285714285713,1056.6154725274725
2020-05-06,3.610023021697998,89390400,-0.030800644109110764,0.12731035045722572,0.5071873166879921,0.4291586308230064,0.054838709677419356,256.002,12.84516129032258,34.12,123.609,0.72,73.23548387096774,23.88,53.828792572021484,260.6229553222656,-0.00017656994738401988,-0.006778488544989414,75.93548387096774,-0.007007908116239192,65.18000030517578,-0.006948913107142962,94.81549072265625,-0.02062641343257099,12.683327674865723,-0.010167184710005994,57.09557342529297,-0.011654964286713754,32.46845626831055,73.23548387096774,-0.38,89.33374516129032,84.47781935483872,21.906451612903226,3.2557142857142853,1057.7456923076923
2020-05-07,3.610023021697998,67222900,0.0041071796292238005,0.15605790007802378,0.5462017256639915,0.4229980925314436,0.05580645161290323,256.042,12.774193548387096,31.44,123.1249,0.63,73.42258064516129,23.68,54.67491149902344,263.767822265625,0.0157187052982819,0.01206673042085149,76.3225806451613,0.0007671532912503221,65.2300033569336,-0.013522582215021117,93.53334045410156,0.05538213546397053,13.385757446289062,0.030544798373944415,58.83954620361328,0.015330008150234997,32.9661979675293,73.42258064516129,-0.45,89.73627419354838,84.68930322580646,21.767741935483873,3.26,1058.8759120879122
2020-05-08,3.8842971324920654,101207100,-0.06488558778481823,0.07824410905944013,0.38167925296479743,0.30916000523695075,0.0567741935483871,256.082,12.703225806451613,27.98,122.5379,0.69,73.60967741935484,24.73,55.73971939086914,268.1322937011719,0.01947525588339949,0.01654664089826574,76.70967741935483,0.04476464845429029,68.1500015258789,0.047354473660727425,97.96256256103516,0.05025874922627449,14.05850887298584,0.031212944345315963,60.67610168457031,0.04181168218853948,34.34457015991211,73.60967741935484,-0.43,90.13880322580646,84.9007870967742,21.629032258064516,3.2628571428571425,1060.006131868132
2020-05-11,3.7953429222106934,75734000,0.03710965547576328,0.14062497840606558,0.3300781929718166,0.38476578229218217,0.05967741935483871,256.202,12.490322580645161,27.57,123.2333,0.73,74.17096774193548,24.02,55.61611557006836,268.1871643066406,-0.0022175178158688746,0.00020464004805731406,77.87096774193549,-0.021129895952525124,66.70999908447266,-0.004118877436702695,97.55906677246094,-0.02533427082813966,13.702346801757812,-0.007757887713949252,60.20538330078125,-0.015607521884107523,33.808536529541016,74.17096774193548,-0.4,91.34639032258065,85.53523870967742,21.212903225806453,3.2714285714285714,1063.3967912087912
2020-05-12,3.6915647983551025,70965200,0.06425718399759228,0.21084325327307152,0.23092366767429562,0.45180732190205797,0.06064516129032258,256.24199999999996,12.419354838709676,33.04,123.0592,0.69,74.35806451612903,25.76,54.39921951293945,262.841796875,-0.021880277769413592,-0.019931481230506698,78.25806451612904,-0.03312845322744207,64.5,-0.039977831063444214,93.65886688232422,-0.04765341643680321,13.049383163452148,-0.012432456749509546,59.45688247680664,0.03171007045817276,34.88060760498047,74.35806451612903,-0.4,91.7489193548387,85.74672258064516,21.074193548387097,3.274285714285714,1064.527010989011
2020-05-13,3.4988319873809814,100192300,0.16313567854262634,0.2394068482364593,0.368643964139415,0.5063562147342124,0.061612903225806454,256.282,12.348387096774193,35.28,123.5408,0.64,74.54516129032258,25.37,53.46278381347656,258.19317626953125,-0.01721413850873632,-0.017686002229240216,78.64516129032258,-0.057519365650738896,60.790000915527344,-0.021060511703474782,91.68636322021484,-0.07050792683327889,12.129298210144043,-0.026216800497104287,57.89811325073242,0.0,34.88060760498047,74.54516129032258,-0.43,92.15144838709678,85.95820645161291,20.935483870967744,3.277142857142857,1065.6572307692309
2020-05-14,3.624850034713745,108061100,0.15132918430571252,0.16768899301835472,0.32924310709949145,0.43762761265776806,0.06258064516129032,256.322,12.27741935483871,32.61,123.6429,0.63,74.73225806451613,27.4,54.2613639831543,261.2831115722656,0.014937122849117968,0.011967532788351942,79.03225806451613,0.03882218415543326,63.150001525878906,-0.00039134546534791426,91.65048217773438,0.0008155841758270554,12.139190673828125,0.028788462082024235,59.564910888671875,-0.0021953812782556925,34.80403137207031,74.73225806451613,-0.43,92.55397741935484,86.16969032258065,20.796774193548387,3.28,1066.7874505494506
2020-05-15,3.6322622299194336,80544700,0.15306116019022742,0.19795912151721984,0.3367348412307287,0.43673449990718627,0.0635483870967742,256.36199999999997,12.206451612903226,31.89,123.5991,0.64,74.91935483870968,29.44,54.89359664916992,262.484130859375,0.01165161764477407,0.004596620424038411,79.41935483870968,0.014568458380294746,64.06999969482422,-0.01702207609675399,90.09040069580078,0.04156482463792521,12.643754005432129,0.01839619934799419,60.66067886352539,0.001100215395825499,34.842323303222656,74.91935483870968,-0.45,92.9565064516129,86.38117419354839,20.658064516129034,3.274285714285714,1067.9176703296703
2020-05-18,3.9361867904663086,136157700,0.09981135782871076,0.11111111111111116,0.19209023327327124,0.3145004919572678,0.0664516129032258,256.48199999999997,11.993548387096775,29.3,122.7968,0.73,75.48064516129031,31.83,56.97087097167969,270.4794006347656,0.03784183309732492,0.03046001199849324,80.58064516129032,0.0953644551186903,70.18000030517578,0.03990835621195843,93.68576049804688,0.15179971061862796,14.563072204589844,0.10876475686796616,67.2584228515625,0.05934075390646476,36.90989303588867,75.48064516129031,-0.44,94.1640935483871,87.01562580645161,20.241935483870968,3.257142857142857,1071.3083296703296
2020-05-19,3.928774356842041,94836300,0.13773556944653986,0.16792416579350733,0.1943393544814891,0.2999997451220302,0.06741935483870969,256.522,11.92258064516129,30.53,122.5655,0.7,75.66774193548386,32.3,56.76647186279297,267.7012023925781,-0.003587782763376124,-0.010271385679159195,80.96774193548387,-0.0025648376231555137,70.0,-0.016078155767542568,92.1794662475586,-0.04144026045533056,13.959574699401855,-0.04222151036061139,64.41867065429688,-0.024896475265321683,35.990966796875,75.66774193548386,-0.45,94.56662258064516,87.22710967741935,20.103225806451615,3.2514285714285713,1072.4385494505495
2020-05-20,4.069616317749023,87685400,0.06557375128359788,0.19672137102084641,0.13479043667403912,0.25136620281386235,0.06838709677419355,256.56199999999995,11.851612903225806,27.99,122.1007,0.68,75.85483870967741,33.56,57.50802230834961,272.2490234375,0.013063176576289637,0.01698842218217833,81.35483870967742,0.02442855834960933,71.70999908447266,0.02859665587581417,94.81549072265625,0.0028348764404182436,13.99914836883545,-0.02323892601679589,62.92164993286133,0.005319340620951074,36.18241500854492,75.85483870967741,-0.48,94.96915161290322,87.43859354838709,19.96451612903226,3.245714285714286,1073.5687692307692
2020-05-21,4.17339563369751,87098200,0.014209497106171032,0.303729957285245,0.11545277811578636,0.21492005765377908,0.06935483870967742,256.602,11.780645161290323,29.53,122.0914,0.68,76.04193548387096,34.3,57.712425231933594,270.369384765625,0.0035543375581237324,-0.006904115387236676,81.74193548387096,-0.0025101144536865405,71.52999877929688,0.0015129964974891497,94.95894622802734,0.0318022046340356,14.444352149963379,-0.043659374897125014,60.174530029296875,0.0031744850265202906,36.29727554321289,76.04193548387096,-0.46,95.37168064516129,87.65007741935484,19.825806451612905,3.24,1074.698989010989
2020-05-22,4.188220500946045,76656500,0.03893805712750331,0.3327435421739009,0.08849577068391445,0.17876125640203866,0.0703225806451613,256.642,11.709677419354838,28.16,122.3211,0.66,76.2290322580645,33.49,57.626861572265625,270.8828430175781,-0.0014825864503892339,0.0018990990877101321,82.12903225806451,0.00503286196693975,71.88999938964844,0.005098317521473383,95.44307708740234,-0.009589131811096552,14.305843353271484,-0.013593233894529821,59.356563568115234,0.012658178625939653,36.75673294067383,76.2290322580645,-0.46,95.77420967741935,87.86156129032258,19.68709677419355,3.2271428571428573,1075.8292087912089
2020-05-26,4.3290629386901855,86046300,0.010274264947316869,0.23972620318122528,0.01883562002193484,0.19520541645651357,0.07419354838709678,256.80199999999996,11.425806451612903,28.01,121.3864,0.69,76.9774193548387,34.7,58.539527893066406,274.2202453613281,0.015837515628996712,0.01232046410386145,83.6774193548387,0.052719445648973906,75.68000030517578,0.04697074280680558,99.92610931396484,0.12586452263364722,16.106441497802734,0.03315129138770034,61.324310302734375,0.041666921798086065,38.288272857666016,76.9774193548387,-0.44,97.38432580645161,88.70749677419354,19.13225806451613,3.1757142857142857,1080.350087912088
2020-05-27,4.469906330108643,110413900,0.02653393034169893,0.1293531637741674,0.0,0.15091230887576823,0.07516129032258065,256.842,11.35483870967742,27.62,121.5677,0.68,77.16451612903225,32.8,59.54252243041992,278.30035400390625,0.01713362873690527,0.014878947530668096,84.06451612903226,0.02576634434961589,77.62999725341797,0.017676177503900492,101.69242095947266,0.05896797575296531,17.05620574951172,-0.004907687331268118,61.02334976196289,-0.0025293311046552525,38.191429138183594,77.16451612903225,-0.46,97.78685483870967,88.91898064516128,18.993548387096777,3.162857142857143,1081.4803076923076
2020-05-28,4.3364763259887695,76930200,0.12307699920279291,0.04786332022981554,0.010256370783736868,0.1658118041619705,0.07612903225806451,256.88199999999995,11.283870967741935,28.59,121.0138,0.7,77.3516129032258,33.67,58.81998062133789,277.7869873046875,-0.012134887465111599,-0.0018446498246694754,84.45161290322581,-0.05152647354787698,73.62999725341797,-0.010844901005166996,100.5895767211914,-0.07598600325372573,15.760172843933105,-0.0335102946476209,58.97843933105469,0.014198952540709131,38.733707427978516,77.3516129032258,-0.48,98.18938387096773,89.13046451612902,18.85483870967742,3.15,1082.6105274725276
2020-05-29,4.232697486877441,92936300,0.2854641580513282,0.13134834131498407,0.05253965196172872,0.21015725597947865,0.07709677419354839,256.92199999999997,11.212903225806452,27.51,120.9458,0.65,77.53870967741935,35.57,59.03388595581055,279.0247497558594,0.0036366100806748403,0.004455797095399117,84.83870967741936,0.023360060910816882,75.3499984741211,-0.013548281058095801,99.22676086425781,-0.011927272964918578,15.572196960449219,0.02171899541836142,60.25939178466797,0.020999804112919573,39.5471076965332,77.53870967741935,-0.5,98.5919129032258,89.34194838709678,18.716129032258067,3.1542857142857144,1083.7407472527473
2020-06-01,4.351301670074463,61879700,0.28279403476538567,0.10732541392151806,0.035775320615415884,0.18228305112104848,0.08,257.042,11.0,28.23,120.2686,0.66,78.1,35.49,59.59481430053711,280.1524658203125,0.00950180283145241,0.004041634533996863,86.0,0.017120118668222606,76.63999938964844,0.020782340254577703,101.28892517089844,0.06734428211744858,16.620895385742188,-0.007555215229974932,59.80411911010742,-0.0029382551639393073,39.430908203125,78.1,-0.52,99.7995,89.9764,18.3,3.1671428571428573,1087.1314065934066
2020-06-02,4.373540878295898,80046000,0.22711846297091798,0.11016945087102248,0.013559340513171536,0.15593187076291048,0.08033333333333334,257.0856666666666,10.973333333333333,26.84,119.6854,0.68,77.91333333333333,36.88,60.103431701660156,282.4721374511719,0.00853459159312231,0.008280032888760003,86.46666666666667,0.03940506649937214,79.66000366210938,0.02829443975516388,104.15483856201172,0.004166792898343541,16.69015121459961,0.039096997051339955,62.14228057861328,0.014734859976843317,40.01191711425781,77.91333333333333,-0.5,100.31362333333333,90.08671,18.28666666666667,3.1714285714285717,1088.2616263736263
2020-06-03,4.588510513305664,98876600,0.10016155374254732,0.02261721219719326,-0.02261700435756564,0.10339273251330905,0.08066666666666666,257.1293333333333,10.946666666666667,25.66,119.2556,0.77,77.72666666666666,37.33,61.239524841308594,286.23138427734375,0.01890230070868082,0.013308380996768898,86.93333333333334,0.04607077580001362,83.33000183105469,0.036168389140085244,107.92195129394531,0.022525251855733952,17.06610107421875,0.020985528377568174,63.44636917114258,0.016456946229932656,40.67039108276367,77.72666666666666,-0.44,100.82774666666666,90.19702,18.273333333333333,3.1757142857142857,1089.3918461538462
2020-06-04,4.87019681930542,115798600,-0.06697107947751335,-0.036529733120034824,-0.05783879306133044,0.057838597242896084,0.081,257.173,10.92,25.81,119.3014,0.82,77.53999999999999,37.42,60.930545806884766,285.4794616699219,-0.00504541854667373,-0.0026269747090112983,87.4,0.004320180036494481,83.69000244140625,-0.00843417426234383,107.01171875,0.07130419582920555,18.28298568725586,-0.02797352226134009,61.67155075073242,0.0028570091316426627,40.78658676147461,77.53999999999999,-0.4,101.34187,90.30733,18.26,3.18,1090.522065934066
2020-06-05,5.440980911254883,208648200,-0.11989118154019385,-0.15122626716786303,-0.16621273058895247,-0.0708448767300196,0.08133333333333334,257.21666666666664,10.893333333333333,24.52,118.8138,0.91,77.35333333333332,39.49,62.38986587524414,292.7962646484375,0.023950549745354266,0.025629875213144082,87.86666666666666,0.02580948703194408,85.8499984741211,0.03857163430826782,111.13933563232422,0.16396117072051153,21.280685424804688,0.032657923536882016,63.68561553955078,0.03323843647361535,42.142269134521484,77.35333333333332,-0.36,101.85599333333333,90.41764,18.246666666666666,3.1842857142857146,1091.6522857142857
2020-06-08,5.581823825836182,113169300,-0.13678627752268868,-0.16600274407857962,-0.1912350771185859,-0.08366552243208636,0.08233333333333333,257.34766666666667,10.813333333333333,25.81,118.6621,0.88,76.79333333333332,38.17,63.34059524536133,296.3354187011719,0.01523852242314927,0.012087428973808434,89.26666666666667,0.019219587131108495,87.5,0.010460790313617796,112.30194091796875,0.15806597851362092,24.644437789916992,0.013934397065625603,64.57303619384766,-0.0349264071913038,40.67039108276367,76.79333333333332,-0.4,103.39836333333334,90.74857,18.206666666666667,3.197142857142857,1095.042945054945
2020-06-09,5.366852760314941,115749600,-0.09530376701916443,-0.15055238040405838,-0.19337028011997404,-0.029005502036142494,0.08266666666666667,257.3913333333333,10.786666666666667,27.57,118.5893,0.84,76.60666666666667,38.98,62.84621810913086,294.125732421875,-0.007805059840618966,-0.007456706623129472,89.73333333333333,-0.13245710100446428,75.91000366210938,-0.017574886342329066,110.3282470703125,-0.07507021826773197,22.794374465942383,-0.024618084465725887,62.98337173461914,-0.028571404452600868,39.50838088989258,76.60666666666667,-0.42,103.91248666666667,90.85888,18.193333333333335,3.2014285714285715,1096.173164835165
2020-06-10,5.048102855682373,147327100,-0.07048450409993201,-0.12628493330130552,-0.10425830143069958,0.02349480321374897,0.083,257.43499999999995,10.76,27.57,118.5231,0.75,76.42,39.54,62.25677490234375,292.48455810546875,-0.009379135682652473,-0.0055798392846915235,90.2,0.08589113856571817,82.43000030517578,-0.007841880861996331,109.46306610107422,-0.10633683036063557,20.370492935180664,0.007771499631784584,63.47284698486328,-0.037254927519229986,38.0364990234375,76.42,-0.52,104.42661,90.96919,18.18,3.2057142857142855,1097.3033846153846
2020-06-11,4.544034481048584,116184700,0.03262636954536369,-0.01631328970964052,-0.011419449708490403,0.12724267332778494,0.08333333333333333,257.47866666666664,10.733333333333333,40.79,119.2347,0.66,76.23333333333333,36.43,58.99586868286133,275.6230773925781,-0.05237833512252266,-0.05764913136648553,90.66666666666667,-0.11500671262691164,72.94999694824219,-0.0778034259942626,100.94646453857422,-0.15298691339563975,17.254074096679688,-0.054467671364898385,60.015628814697266,-0.06415489256887952,35.59627151489258,76.23333333333333,-0.55,104.94073333333333,91.0795,18.166666666666668,3.21,1098.4336043956043
2020-06-12,4.7886552810668945,88778000,-0.03560364919704562,-0.08513923472333385,-0.015479752229964228,0.08359151839903411,0.08366666666666667,257.52233333333334,10.706666666666667,36.09,119.6645,0.71,76.04666666666667,36.24,59.580562591552734,278.92388916015625,0.009910760223474258,0.01197581784081403,91.13333333333334,0.037148825596112545,75.66000366210938,0.013302517410479942,102.289306640625,0.14564225660018937,19.766996383666992,0.0066018392095412715,60.411842346191406,0.06746473634198003,37.997764587402344,76.04666666666667,-0.5,105.45485666666667,91.18981,18.153333333333332,3.1985714285714284,1099.5638241758243
2020-06-15,4.818306922912598,104742600,-0.03384615628218168,-0.07538435990619041,0.03692283666982621,0.09538461325309089,0.08466666666666667,257.6533333333333,10.626666666666667,34.4,119.9539,0.71,75.48666666666666,37.07,60.14621353149414,281.5278015136719,0.009493883832872863,0.00933556591855944,92.53333333333333,-0.0014538805845532021,75.55000305175781,0.017797217985712876,104.10977172851562,-0.027027097439798697,19.232751846313477,0.028935437033777767,62.15988540649414,0.03975539926869964,39.50838088989258,75.48666666666666,-0.52,106.99722666666666,91.52074,18.113333333333333,3.164285714285714,1102.9544835164836
2020-06-16,4.855371475219727,109535200,-0.06106868954550437,-0.07175570285035471,0.04732799133253951,0.07480889671760793,0.08499999999999999,257.697,10.6,33.67,119.567,0.75,75.3,38.26,61.410648345947266,286.9465637207031,0.021022683560803612,0.01924769837258178,93.0,0.007941739905821699,76.1500015258789,0.0071848080694856264,104.85778045654297,0.05041155844582157,20.20230484008789,0.043244423188909975,64.84795379638672,0.005882367140312983,39.74078369140625,75.3,-0.52,107.51135000000001,91.63105,18.1,3.1528571428571426,1104.0847032967033
2020-06-17,4.69228982925415,67831400,-0.06003173636964587,-0.055292113313981206,0.0742497925652752,0.10900462326652915,0.08533333333333333,257.74066666666664,10.573333333333332,33.47,119.9105,0.74,75.11333333333333,37.91,61.24904251098633,285.7546081542969,-0.0026315604754822974,-0.00415392870000153,93.46666666666667,-0.0013131775721253458,76.05000305175781,-0.005156607805968605,104.31707000732422,-0.06513220666578168,18.886484146118164,-0.002755257183416293,64.66928100585938,0.0009746772065677423,39.779518127441406,75.11333333333333,-0.52,108.02547333333334,91.74136,18.086666666666666,3.1414285714285715,1105.214923076923
2020-06-18,4.69228982925415,61301800,-0.047393385156870416,-0.044233771948321454,0.05213280496969386,0.15007888362772204,0.08566666666666667,257.7843333333333,10.546666666666667,32.94,120.2173,0.71,74.92666666666666,38.79,61.02561569213867,285.8646545410156,-0.003647841822304043,0.0003851080037853283,93.93333333333334,0.00736354419621299,76.61000061035156,0.006220193640817495,104.9659423828125,-0.014143567781601196,18.619361877441406,-0.011292797403405164,63.93898391723633,0.0009735363439185019,39.81824493408203,74.92666666666666,-0.57,108.53959666666667,91.85167,18.073333333333334,3.13,1106.345142857143
2020-06-19,4.618161678314209,126127800,-0.051364343596950635,-0.006420555856192722,0.07223127919531547,0.16051389640481717,0.086,257.828,10.52,35.12,120.2186,0.7,74.74,39.72,60.550270080566406,284.2309875488281,-0.007789280061839654,-0.005714826811347162,94.4,0.014619537105586389,77.7300033569336,-0.016742505649037454,103.20854949951172,-0.05260365084366703,17.639915466308594,-0.013366031030794256,63.084373474121094,0.0029182474918361123,39.934444427490234,74.74,-0.6,109.05372,91.96198,18.06,3.13,1107.4753626373627
2020-06-22,4.65522575378418,71724300,-0.04299336373197782,-0.02547784858230029,0.08917211153125826,0.09394916332709058,0.087,257.95899999999995,10.44,31.77,119.7532,0.71,74.17999999999999,40.6,61.17251968383789,286.0543518066406,0.010276578493267463,0.0064150790648724865,95.8,0.010163299266889192,78.5199966430664,-0.006548982162666972,102.53263854980469,-0.03365113258558561,17.04631233215332,0.04408898972558206,65.8656997680664,-0.003879515597872696,39.779518127441406,74.17999999999999,-0.63,110.59609,92.29291,18.02,3.13,1110.866021978022
2020-06-23,4.5588603019714355,86672800,-0.011382103446605951,-0.00975616337972951,0.1349589875053121,0.10243903561514767,0.08733333333333333,258.00266666666664,10.413333333333332,31.37,119.3285,0.72,73.99333333333333,40.4,61.65373992919922,287.3712463378906,0.007866608206568149,0.004603651449218926,96.26666666666667,0.0030566161923704094,78.76000213623047,0.015030331513328443,104.07373809814453,0.044689503184282886,17.808103561401367,0.01250262216023379,66.68919372558594,-0.0029211844078449456,39.66331481933594,73.99333333333333,-0.66,111.11021333333333,92.40322,18.006666666666664,3.13,1111.9962417582417
2020-06-24,4.4106035232543945,75536300,0.005042322426247914,-0.018487398410284572,0.15630269762087567,0.11596638855332264,0.08766666666666667,258.04633333333334,10.386666666666667,33.84,119.9744,0.69,73.80666666666667,37.91,60.295841217041016,280.040771484375,-0.022024595972889305,-0.02550872763692047,96.73333333333333,-0.05256474450683124,74.62000274658203,-0.027623984570805726,101.19880676269531,-0.11111108730985397,15.829425811767578,-0.023531744224916662,65.11988067626953,-0.027343784563596985,38.57876968383789,73.80666666666667,-0.64,111.62433666666666,92.51353,17.993333333333332,3.13,1113.1264615384616
2020-06-25,4.469906330108643,73612700,0.0033168079659717797,0.011608721203685946,0.14925358486113782,0.10447774409266919,0.088,258.09,10.36,32.22,120.2997,0.68,73.62,38.66,60.376834869384766,283.0429382324219,0.0013432709571494783,0.010720463067337205,97.2,0.026936403549355337,76.62999725341797,-0.008192950567424084,100.36968994140625,0.0,15.829425811767578,0.010617905935907057,65.81131744384766,0.005020175131632554,38.77244186401367,73.62,-0.65,112.13846000000001,92.62384,17.98,3.13,1114.2566813186813
2020-06-26,4.380952835083008,118435400,0.047377291204899086,0.025380613971729415,0.18612522808103682,0.10152300010318349,0.08833333333333333,258.1336666666666,10.333333333333332,34.73,120.533,0.64,73.43333333333334,38.53,58.96175765991211,276.3203125,-0.023437419542345017,-0.02375125758093133,97.66666666666667,-0.03262429974690484,74.12999725341797,-0.01382781672004807,98.98179626464844,-0.013750036449392988,15.611770629882812,0.0010623669940057479,65.88123321533203,-0.033966180317657635,37.45549011230469,73.43333333333334,-0.68,112.65258333333334,92.73415,17.966666666666665,3.1214285714285714,1115.386901098901
2020-06-29,4.455081939697266,58208400,0.018302396750331518,0.05823599826350989,0.1514141520524921,0.11314447290073493,0.08933333333333333,258.26466666666664,10.253333333333332,31.78,120.6658,0.64,72.87333333333333,39.67,60.0814208984375,280.38153076171875,0.01898965164816735,0.014697501696400828,99.06666666666666,0.0207743285118811,75.66999816894531,0.019211496575159304,100.88338470458984,0.06337140430423016,16.601110458374023,0.018042346516027097,67.06988525390625,0.028955571859991647,38.540035247802734,72.87333333333333,-0.7,114.19495333333334,93.06508000000001,17.926666666666666,3.0957142857142856,1118.7775604395604
2020-06-30,4.5069708824157715,61909300,0.0016446597543346986,0.10855219898256441,0.10855219898256441,0.0855261160225198,0.08966666666666666,258.3083333333333,10.226666666666667,30.43,120.4649,0.66,72.68666666666667,39.27,60.84852981567383,283.9730224609375,0.012767822494295977,0.012809301987408706,99.53333333333333,0.02973437365462228,77.91999816894531,0.019206628577945306,102.82101440429688,-0.021454053838552367,16.244949340820312,0.01088854217002333,67.80017852783203,0.0261305533909153,39.5471076965332,72.68666666666667,-0.68,114.70907666666668,93.17539000000001,17.91333333333333,3.087142857142857,1119.9077802197803
2020-07-01,4.432843208312988,62454700,-0.02341167163958824,0.1471568506593881,0.10535117776382252,0.11371231234293555,0.09,258.352,10.2,28.62,120.0808,0.69,72.5,39.88,61.463157653808594,285.9622497558594,0.010100948042568003,0.0070049868740453825,100.0,-0.03208418966565585,75.41999816894531,-0.0006134174512404389,102.75794219970703,-0.003654089828475482,16.185588836669922,0.0009166502094983819,67.8623275756836,0.011753310034487097,40.01191711425781,72.5,-0.68,115.2232,93.2857,17.9,3.0785714285714283,1121.038
2020-07-02,4.484732151031494,67270500,0.008264501473392638,0.12396709680266116,0.10578506597172943,0.11570238268015509,0.09032258064516129,258.3830967741935,10.141935483870967,27.68,119.8555,0.68,72.5516129032258,40.57,61.70615005493164,287.5370178222656,0.0039534643255998425,0.00550690892854111,99.3225806451613,0.01843011699012176,76.80999755859375,0.02613565433131604,105.44358825683594,-0.029339929365265527,15.710704803466797,0.001144594777360508,67.94000244140625,0.026137575742090302,41.05773162841797,72.5516129032258,-0.73,115.11779677419355,93.32888064516129,17.770967741935483,3.07,1121.4785108695653
2020-07-06,4.588510513305664,63921800,-0.021001674771719325,0.07592911587932161,0.10823903303028937,0.11308574922652492,0.09161290322580645,258.5074838709677,9.909677419354837,27.94,119.2852,0.69,72.75806451612902,40.51,63.16888427734375,291.97589111328125,0.023704836894052894,0.015437571567774366,96.61290322580645,0.02109104020405983,78.43000030517578,0.01008552242860028,106.50704193115234,-0.017002503601461383,15.443583488464355,0.0028590576653739763,68.13424682617188,0.014151023159074683,41.63874053955078,72.75806451612902,-0.76,114.69618387096774,93.50160322580646,17.25483870967742,3.047142857142857,1123.240554347826
2020-07-07,4.536620616912842,56652000,0.03921585733335875,0.09150352696657116,0.1372552378956322,0.14705891318073627,0.09193548387096774,258.5385806451613,9.851612903225806,29.43,119.5717,0.65,72.80967741935484,40.59,62.17783737182617,288.96435546875,-0.015688846128204093,-0.01031432983404379,95.93548387096774,-0.0168302905736073,77.11000061035156,-0.01971584569183682,104.40716552734375,-0.06662401240575777,14.41466999053955,-0.02405948070946151,66.4949722290039,-0.012093249265758499,41.13519287109375,72.80967741935484,-0.78,114.59078064516129,93.54478387096775,17.125806451612902,3.0414285714285714,1123.6810652173913
2020-07-08,4.514383316040039,60928600,0.10673200140102601,0.12315275618895605,0.1379308123035088,0.14614092563197212,0.09225806451612903,258.56967741935483,9.793548387096774,28.08,119.5525,0.67,72.86129032258064,40.91,62.840118408203125,291.17462158203125,0.010651400311922687,0.007648923029609733,95.25806451612904,-0.004538950477898318,76.76000213623047,-0.025032196173638943,101.79362487792969,0.05147570833689219,15.156675338745117,0.018577201943772437,67.73026275634766,-0.016007464845784414,40.476722717285156,72.86129032258064,-0.75,114.48537741935485,93.58796451612903,16.996774193548386,3.0357142857142856,1124.1215760869566
2020-07-09,4.3290629386901855,82693000,0.17465754744923356,0.19520541645651357,0.17465754744923356,0.23801406434377248,0.09258064516129032,258.6007741935484,9.735483870967741,29.26,119.5129,0.62,72.91290322580645,39.64,62.76866149902344,289.5169982910156,-0.0011371224464522545,-0.005692883816622807,94.58064516129032,-0.017847872700037293,75.38999938964844,-0.02071705210513275,99.68476104736328,-0.048302873869795926,14.424564361572266,-0.02557915530888566,65.9977798461914,-0.007655458201273668,40.16685485839844,72.91290322580645,-0.77,114.37997419354839,93.63114516129033,16.86774193548387,3.03,1124.5620869565219
2020-07-10,4.521796226501465,73710700,0.11475420899991073,0.12786877086256587,0.16229497029071505,0.20491803451562363,0.0929032258064516,258.6318709677419,9.67741935483871,27.29,119.3509,0.65,72.96451612903226,40.56,63.5167121887207,292.4731140136719,0.011917582306720131,0.010210508329755674,93.90322580645162,0.011805271214402557,76.27999877929688,0.003887376595577363,100.07227325439453,0.10836758290043691,15.987719535827637,-0.0005887547496024048,65.95892333984375,0.013500261170995786,40.7091178894043,72.96451612903226,-0.76,114.27457096774194,93.67432580645162,16.738709677419354,3.0228571428571427,1125.002597826087
2020-07-13,4.4921441078186035,80190700,0.09901017004134194,0.1435643538081901,0.19306965112710728,0.19636961506825013,0.09387096774193548,258.72516129032255,9.503225806451612,32.19,119.1891,0.64,73.11935483870967,40.06,62.71147918701172,289.9405517578125,-0.012677498156965061,-0.00865912842758254,91.87096774193549,0.005243858577347993,76.68000030517578,0.009996589836462233,101.0726547241211,-0.05445541276634891,15.117101669311523,0.008244877488153168,66.50274658203125,-0.009514554027300948,40.3217887878418,73.11935483870967,-0.78,113.95836129032259,93.80386774193549,16.351612903225806,3.0014285714285713,1126.3241304347825
2020-07-14,4.7145280838012695,106131800,0.050314541742447316,0.10220123591571295,0.11792468192334193,0.2059749276884726,0.09419354838709677,258.7562580645161,9.44516129032258,29.52,119.3901,0.63,73.17096774193548,40.3,63.33563995361328,293.697998046875,0.009952894983392913,0.012959367933468968,91.19354838709677,0.019692255219364574,78.19000244140625,0.032723785354468404,104.38013458251953,-0.015706784813735997,14.879660606384277,0.01507024259784262,67.50495910644531,0.019212089934688592,41.09645462036133,73.17096774193548,-0.78,113.85295806451613,93.84704838709678,16.22258064516129,2.994285714285714,1126.7646413043478
2020-07-15,4.996212482452393,101648700,0.014837155487636311,0.02670661264650831,0.04302699694029788,0.1513357219352085,0.09451612903225806,258.78735483870963,9.387096774193548,27.76,119.0331,0.64,73.22258064516129,41.2,64.24091339111328,296.3962707519531,0.014293270552930615,0.009187235606037403,90.51612903225806,0.04591375144898979,81.77999877929688,0.027370106948068518,107.23703002929688,0.1622340202230994,17.29364776611328,0.017608592214520602,68.6936264038086,0.008482725031557559,41.445064544677734,73.22258064516129,-0.77,113.74755483870968,93.89022903225808,16.093548387096774,2.987142857142857,1127.2051521739131
2020-07-16,5.0851664543151855,93498500,0.0174926463052143,-0.017492833845646927,0.026239063228037818,0.10349887621084308,0.09483870967741935,258.8184516129032,9.329032258064515,28.0,118.9275,0.62,73.27419354838709,40.74,64.06938171386719,295.4200134277344,-0.0026701313569713614,-0.0032937571101755436,89.83870967741936,0.005991658976321368,82.2699966430664,0.003613746722698652,107.62455749511719,-0.09725404142474148,15.611770629882812,-0.0007917758380312501,68.63923645019531,0.0046730774098389105,41.63874053955078,73.27419354838709,-0.79,113.64215161290322,93.93340967741936,15.964516129032258,2.98,1127.6456630434782
2020-07-17,5.040691375732422,80769000,0.011764532267988015,-0.027941189825539392,0.02647019760297331,0.12058796930800741,0.09516129032258065,258.8495483870968,9.270967741935484,25.68,119.124,0.64,73.3258064516129,40.55,63.76921463012695,296.2764587402344,-0.00468503169081258,0.002899076817994617,89.16129032258064,-0.005955972818321831,81.77999877929688,0.01540778953573807,109.2828140258789,-0.019645051034420713,15.305076599121094,-0.004414182917657827,68.33625030517578,0.0018600418163565724,41.716190338134766,73.3258064516129,-0.82,113.53674838709678,93.97659032258065,15.835483870967742,2.9842857142857144,1128.0861739130435
2020-07-20,4.9369120597839355,71361700,0.04054028341263849,0.004504390080412701,0.034534462167460145,0.15165159842777132,0.09612903225806452,258.9428387096774,9.096774193548386,24.46,119.0483,0.62,73.48064516129033,40.83,64.78884887695312,298.6708984375,0.0159894433817358,0.008081775067269259,87.12903225806451,0.0019565133834396065,81.94000244140625,-0.011298026929365768,108.04813385009766,-0.030381400521517943,14.840086936950684,0.004774717876103063,68.66253662109375,-0.003713817076608783,41.56126403808594,73.48064516129033,-0.84,113.22053870967741,94.10613225806452,15.448387096774193,2.997142857142857,1129.407706521739
2020-07-21,4.951737403869629,63285100,0.04940110044290824,0.02694590596449764,0.028443130782992432,0.13622742871956084,0.0964516129032258,258.97393548387095,9.038709677419355,24.84,118.4042,0.61,73.53225806451613,41.76,64.888916015625,299.3063049316406,0.0015445117548225085,0.002127446957385981,86.45161290322581,-0.000854279872328223,81.87000274658203,0.005004489098886289,108.58885955810547,0.012666635777396573,15.028060913085938,0.021498186169016442,70.13865661621094,0.011183533491766262,42.026065826416016,73.53225806451613,-0.87,113.11513548387097,94.1493129032258,15.319354838709677,3.0014285714285713,1129.8482173913044
2020-07-22,5.070342063903809,75629600,0.011695922931761915,0.017543884397642984,0.0,0.13157889787138077,0.0967741935483871,259.0050322580645,8.980645161290322,24.32,118.1337,0.6,73.58387096774193,41.88,65.44636535644531,301.0100402832031,0.008590825291118653,0.005692280194203203,85.7741935483871,0.010382294437587314,82.72000122070312,0.01419227020888636,110.1299819946289,-0.0032916480095523948,14.978593826293945,0.07842273659679844,75.63912200927734,0.004608291584523805,42.21973419189453,73.58387096774193,-0.88,113.00973225806452,94.1924935483871,15.19032258064516,3.0057142857142853,1130.2887282608697
2020-07-23,5.174119472503662,88652600,-0.0343840127768027,-0.007163266876572205,-0.04584498173656326,0.12464202327637808,0.0970967741935484,259.03612903225803,8.92258064516129,26.08,118.0613,0.59,73.63548387096773,40.99,64.46485137939453,297.41839599609375,-0.014997226686388032,-0.01193197503887311,85.09677419354838,-0.0047146927453239895,82.33000183105469,-0.010556456801360747,108.96739959716797,-0.022457000085444045,14.642219543457031,-0.013147140592995599,74.64468383789062,-0.014678906542942682,41.59999465942383,73.63548387096773,-0.9,112.90432903225806,94.23567419354839,15.061290322580644,3.01,1130.7292391304347
2020-07-24,5.099992752075195,62292000,-0.039244034384682824,-0.002907121339334684,0.014534671720524361,0.19331398556022839,0.09741935483870968,259.0672258064516,8.864516129032259,25.84,118.1329,0.59,73.68709677419355,41.23,64.57919311523438,295.50299072265625,0.001773706653985796,-0.006440103568652988,84.41935483870968,-0.0009717214778988126,82.25,-0.004135388751678182,108.51677703857422,0.0,14.642219543457031,0.00947113951717049,75.35165405273438,-0.006517814592667759,41.328853607177734,73.68709677419355,-0.92,112.7989258064516,94.27885483870968,14.932258064516128,3.007142857142857,1131.16975
2020-07-27,5.13705587387085,60370200,-0.03463190604600108,0.023088153951100976,0.0014433054953932878,0.17748935389314235,0.09838709677419355,259.16051612903226,8.690322580645162,24.74,117.3869,0.62,73.84193548387097,41.46,64.97941589355469,297.65789794921875,0.00619739515181239,0.007292336437247693,82.38709677419355,0.015805508228058596,83.55000305175781,-0.03778757579615888,104.41619110107422,-0.07094600051584399,13.603412628173828,0.009588525966507166,76.07416534423828,0.014058283139244176,41.90986633300781,73.84193548387097,-0.9,112.48271612903226,94.40839677419355,14.54516129032258,2.9985714285714287,1132.4912826086957
2020-07-28,5.196358680725098,56312500,-0.02139810456548319,0.031383923401526514,-0.02710424743020312,0.145506321877368,0.09870967741935484,259.1916129032258,8.63225806451613,25.44,117.3189,0.59,73.89354838709677,40.89,64.33621978759766,295.7700500488281,-0.009898459336887155,-0.0063423410344471964,81.70967741935485,-0.01651711349379137,82.16999816894531,0.015018150978526323,105.98432922363281,0.042181790343553516,14.177228927612305,-0.007454975548061293,75.50703430175781,-0.010166369026489042,41.483795166015625,73.89354838709677,-0.92,112.3773129032258,94.45157741935485,14.416129032258064,2.995714285714286,1132.931793478261
2020-07-29,5.129644393920898,59437200,0.005780354880678296,0.027456662443932967,-0.001445483788085955,0.14450850018833128,0.09903225806451613,259.22270967741935,8.574193548387097,24.1,117.2126,0.58,73.94516129032257,41.13,64.98896026611328,299.4075927734375,0.010145769842720087,0.012298549917440393,81.03225806451613,0.01825483793873195,83.66999816894531,0.0030611353152247833,106.30876159667969,0.022330767416602004,14.493817329406738,0.009363072603446376,76.2140121459961,-0.00840333661678716,41.13519287109375,73.94516129032257,-0.95,112.27190967741934,94.49475806451613,14.287096774193548,2.992857142857143,1133.372304347826
2020-07-30,4.996212482452393,58991000,0.028190032332116477,0.04302699694029788,0.029674024656090037,0.14243367678591823,0.09935483870967743,259.2538064516129,8.516129032258064,24.76,117.4008,0.55,73.99677419354838,39.85,64.9365463256836,298.3393249511719,-0.000806505292823001,-0.003567938315692576,80.35483870967742,-0.03836499527573878,80.45999908447266,-0.023991284117196754,103.7582778930664,-0.021160335044340783,14.18712329864502,0.01967391235797744,77.71343994140625,-0.024482201439553486,40.12811279296875,73.99677419354838,-0.97,112.1665064516129,94.53793870967742,14.158064516129032,2.99,1133.8128152173913
2020-07-31,4.899848461151123,115301700,0.03782116827354409,0.0650526235272697,0.03176972295974778,0.19515864911553216,0.09967741935483872,259.28490322580643,8.458064516129033,24.46,117.2082,0.55,74.04838709677419,40.1,65.27485656738281,300.6968078613281,0.0052098588674927004,0.00790201865121909,79.6774193548387,-0.03368132134363444,77.75,-0.015547502335511387,102.14509582519531,-0.03207818730452516,13.732026100158691,-0.004398562112754911,77.37161254882812,-0.0057913307141586046,39.89571762084961,74.04838709677419,-1.0,112.06110322580645,94.58111935483872,14.029032258064516,2.9742857142857146,1134.2533260869566
2020-08-03,4.9591498374938965,53845900,0.05979072683114017,0.04334808224274189,0.02092683612095314,0.15545594745276747,0.09935483870967743,259.35993548387097,8.361290322580645,24.28,117.8074,0.56,74.50645161290322,40.83,65.13665008544922,302.787353515625,-0.0021173004308470134,0.006952337369876549,78.80645161290323,0.025337636279139764,79.72000122070312,-0.0046763002075982385,101.66743469238281,-0.05835729841775228,12.930662155151367,0.013053319254861195,78.3815689086914,0.013592202189565361,40.43798828125,74.50645161290322,-1.02,111.05996451612903,94.62270000000001,13.861290322580645,2.927142857142857,1135.5748586956522
2020-08-04,5.0851664543151855,69377600,0.053936159548897855,0.004373349116736147,0.013119672269343408,0.12390683853997153,0.09903225806451614,259.3819032258064,8.341935483870968,23.76,117.7833,0.52,74.70967741935483,41.67,65.66077423095703,303.9569091796875,0.008046532095528969,0.003862630491276997,78.70967741935483,0.016307017090532616,81.0199966430664,0.009130590284047058,102.59571838378906,0.051262421654098445,13.59351921081543,-0.0037663419615405758,78.08635711669922,0.024904212752212773,41.445064544677734,74.70967741935483,-1.05,110.61209677419355,94.62190000000001,13.841935483870968,2.9114285714285715,1136.0153695652175
2020-08-05,5.159295558929443,81728400,0.02155173091030016,-0.01293107551534789,-0.02011520147226009,0.13218372160663927,0.09870967741935484,259.4038709677419,8.32258064516129,22.99,116.8736,0.55,74.91290322580645,42.25,66.46122741699219,305.84478759765625,0.012190736332465812,0.006211006761003501,78.61290322580645,0.03480621836171793,83.83999633789062,0.01976460030343352,104.62348175048828,0.020378511387599607,13.870534896850586,0.013928764569584473,79.17400360107422,-0.0009347811580296961,41.40632247924805,74.91290322580645,-1.06,110.16422903225806,94.6211,13.82258064516129,2.8957142857142855,1136.4558804347826
2020-08-06,5.13705587387085,48668500,0.014430177439600733,-0.012986779121164416,-0.004328988255750121,0.1024533408730397,0.09838709677419355,259.4258387096774,8.303225806451612,22.65,117.0422,0.55,75.11612903225806,41.93,66.78519439697266,307.8892517089844,0.004874525984117417,0.006684645919215804,78.51612903225806,0.008229991311371476,84.52999877929688,-0.014127036202831844,103.14546203613281,-0.017118447007798965,13.633092880249023,0.008242837023771044,79.82662200927734,0.010290279009866898,41.83240509033203,75.11612903225806,-1.08,109.71636129032258,94.6203,13.803225806451612,2.88,1136.8963913043478
2020-08-07,5.0851664543151855,47480100,0.026239063228037818,-0.029154285481735598,0.024781498986297112,0.16472304450887698,0.09806451612903226,259.4478064516129,8.283870967741935,22.21,117.6239,0.57,75.31935483870967,41.16,66.88524627685547,308.1102600097656,0.0014981146762573783,0.0007178175254722863,78.41935483870968,-0.007926158507284953,83.86000061035156,0.011970207142551814,104.38013458251953,0.03193034874176437,14.068402290344238,0.0014597103039415416,79.94314575195312,0.0009259433195751843,41.87113952636719,75.31935483870967,-1.04,109.26849354838708,94.6195,13.783870967741937,2.8914285714285715,1137.3369021739131
2020-08-10,5.2556610107421875,57229000,-0.015514991943327505,-0.015514991943327505,-0.016925363276089844,0.09873080189295513,0.0970967741935484,259.51370967741934,8.225806451612904,22.13,117.5821,0.59,75.92903225806451,41.94,67.68570709228516,309.03118896484375,0.011967673889042407,0.0029889590663061405,78.12903225806451,0.030765583261112228,86.44000244140625,0.0031084004875847615,104.70458984375,0.08579461108073061,15.275395393371582,0.012827929852796904,80.9686508178711,0.02682687776938386,42.99441146850586,75.92903225806451,-1.02,107.92489032258064,94.61710000000001,13.725806451612904,2.9257142857142857,1138.6584347826088
2020-08-11,5.359440803527832,74016400,-0.04702638768307876,-0.040110637763286494,-0.04426044360091608,0.13416305724368982,0.0967741935483871,259.53567741935484,8.206451612903226,24.03,117.3781,0.64,76.13225806451612,41.53,67.55229949951172,306.48016357421875,-0.0019709861727756905,-0.008254912389814573,78.03225806451613,0.02776485225241898,88.83999633789062,0.01867778988971014,106.66024017333984,0.02461140260290473,15.651344299316406,-0.0009594144688408468,80.8909683227539,-0.0018017471277584907,42.91694641113281,76.13225806451612,-0.99,107.47702258064515,94.61630000000001,13.706451612903226,2.9371428571428573,1139.098945652174
2020-08-12,5.270487308502197,59161400,-0.03375532083423771,-0.040787882905774175,-0.01547125657049353,0.17862152157063416,0.0964516129032258,259.55764516129034,8.187096774193549,22.28,117.2559,0.69,76.33548387096774,42.6,68.44803619384766,310.7532653808594,0.013259899381255158,0.013942506936850618,77.93548387096774,0.007429127524939849,89.5,0.017828608820307013,108.56184387207031,-0.03982299375125831,15.028060913085938,0.008259623801502025,81.55909729003906,0.009927629368503554,43.34300994873047,76.33548387096774,-0.98,107.02915483870967,94.61550000000001,13.687096774193549,2.9485714285714284,1139.539456521739
2020-08-13,5.211184501647949,50066800,-0.02702695283569434,-0.017070001169403826,0.012802226369122094,0.18492171857337136,0.09612903225806452,259.5796129032258,8.167741935483871,22.13,117.1193,0.71,76.53870967741935,42.26,68.4194564819336,310.1914367675781,-0.0004175388148919268,-0.0018079572312543757,77.83870967741936,-0.009720701079128813,88.62999725341797,-0.016851919031403817,106.73236846923828,0.001974988805731437,15.057741165161133,0.027814764183057283,83.82764434814453,0.0008937600498499787,43.38174819946289,76.53870967741935,-0.96,106.58128709677419,94.6147,13.667741935483871,2.96,1139.9799673913044
2020-08-14,5.218596458435059,43517700,-0.05397704169975115,-0.014204249012489734,0.0,0.16619338662797345,0.09580645161290323,259.6015806451613,8.148387096774194,22.05,116.9395,0.71,76.74193548387096,42.05,68.4146728515625,310.2007141113281,-6.991622876095782e-05,2.990844572203777e-05,77.74193548387096,-0.003272040217920269,88.33999633789062,-0.015536871074099512,105.07408142089844,0.016425799278062758,15.305076599121094,0.014735984859826967,85.06292724609375,0.0,43.38174819946289,76.74193548387096,-0.94,106.13341935483871,94.6139,13.648387096774194,2.9642857142857144,1140.4204782608697
2020-08-17,5.174119472503662,64555200,0.0,-0.022922583026408372,0.005730760954260505,0.22349589873296405,0.09483870967741935,259.6674838709677,8.09032258064516,21.35,116.749,0.69,77.35161290322581,42.89,69.29615020751953,311.18603515625,0.012884331960039574,0.0031763983772399307,77.45161290322581,-0.0020374992443150663,88.16000366210938,-0.006261204579927626,104.41619110107422,-0.05106658950074949,14.52349853515625,0.011873139356419093,86.07289123535156,0.009821350452174693,43.80781555175781,77.35161290322581,-0.97,104.78981612903225,94.6115,13.590322580645163,2.9771428571428573,1141.7420108695653
2020-08-18,5.107405662536621,40444200,0.007257021422637511,-0.008708238983341055,0.05660364675362883,0.27721345688724286,0.09451612903225806,259.6894516129032,8.070967741935483,21.51,116.5593,0.67,77.55483870967743,42.89,69.72496032714844,311.8584289550781,0.006188079977672123,0.0021607454154892736,77.35483870967742,-0.010435637024993172,87.23999786376953,-0.013119281627065327,103.04632568359375,-0.018392418881039485,14.256376266479492,-0.0024372114032703562,85.86311340332031,-0.02033584942331723,42.91694641113281,77.55483870967743,-1.01,104.34194838709676,94.61070000000001,13.570967741935485,2.9814285714285718,1142.1825217391304
2020-08-19,5.092580318450928,44158100,-0.007278241446678213,0.011644755599646617,0.05240182155007789,0.273653301547812,0.09419354838709677,259.7114193548387,8.051612903225806,22.54,116.567,0.68,77.75806451612904,42.91,69.39618682861328,310.55987548828125,-0.004715291295865343,-0.004163919734822774,77.25806451612904,-0.020861986925610143,85.41999816894531,-0.0007871032055113414,102.96521759033203,0.013185390170001865,14.444352149963379,0.013029388897527694,86.98185729980469,0.018953070196490396,43.73035430908203,77.75806451612904,-0.99,103.89408064516128,94.60990000000001,13.551612903225807,2.9857142857142858,1142.6230326086957
2020-08-20,5.070342063903809,41824500,0.010233532876691376,-0.0029242158438818056,0.004385947588316563,0.2894737634057907,0.09387096774193548,259.7333870967742,8.03225806451613,22.72,116.8126,0.65,77.96129032258065,42.62,69.29136657714844,311.52679443359375,-0.001510461255223139,0.0031134702890778243,77.16129032258064,-0.010887383810713858,84.48999786376953,-0.007089731315321424,102.23522186279297,-0.004109665647057614,14.384990692138672,-0.00232201251727282,86.7798843383789,-0.0008858435140640664,43.69161605834961,77.96129032258065,-0.97,103.4462129032258,94.60910000000001,13.53225806451613,2.99,1143.063543478261
2020-08-21,4.9369120597839355,39158900,0.04204210092186611,0.03603579674611046,0.018018043252228333,0.3243243921956487,0.0935483870967742,259.75535483870965,8.012903225806452,22.54,117.0572,0.64,78.16451612903226,42.32,69.6487045288086,312.6319274902344,0.005157034264323457,0.0035474735284004577,77.06451612903226,-0.0072197967306747435,83.87999725341797,0.01004942099636752,103.26262664794922,0.007565290767100663,14.493817329406738,0.020590952693558817,88.56676483154297,-0.015070945593463003,43.03314208984375,78.16451612903226,-1.0,102.99834516129032,94.6083,13.512903225806452,2.9785714285714286,1143.504054347826
2020-08-24,5.174119472503662,64974700,-0.022922583026408372,0.007163543350952484,-0.048710546529946996,0.25214896623925265,0.09258064516129032,259.82125806451614,7.95483870967742,22.37,116.912,0.65,78.7741935483871,42.44,70.70645141601562,315.7999572753906,0.015186885303365871,0.010133417308298531,76.7741935483871,0.019313338097612043,85.5,0.006981834065407089,103.98358917236328,0.10170643002647273,15.967931747436523,0.02956121496925168,91.18490600585938,-0.021601949493301964,42.10354232788086,78.7741935483871,-1.02,101.65474193548387,94.6059,13.45483870967742,2.9442857142857144,1144.8255869565219
2020-08-25,5.14447021484375,49550000,-0.015850234911670813,0.004322471140270734,-0.040345875550203525,0.2766566908301398,0.09225806451612903,259.84322580645164,7.935483870967742,22.03,116.8206,0.69,78.97741935483872,43.17,70.9399185180664,316.9049072265625,0.00330192079188274,0.00349889202235798,76.6774193548387,-0.0016374197619700714,85.36000061035156,0.004593767106940039,104.46126556396484,-0.015489330543808078,15.720599174499512,-0.040299744272572435,87.51017761230469,0.0,42.10354232788086,78.97741935483872,-1.01,101.20687419354839,94.60510000000001,13.435483870967742,2.932857142857143,1145.266097826087
2020-08-26,5.055515289306641,48600100,0.01906173294106206,0.013196337660240642,-0.04545431394135402,0.38563045123533035,0.09193548387096774,259.8651935483871,7.916129032258064,23.27,116.6243,0.69,79.18064516129033,43.21,71.64030456542969,320.08209228515625,0.009872946882296008,0.010025673273409863,76.58064516129032,0.0009372285670412595,85.44000244140625,-0.0013803734414105095,104.31707000732422,-0.03838896332697839,15.117101669311523,-0.002929695503121388,87.25379943847656,0.007359662435849845,42.41341018676758,79.18064516129033,-1.03,100.7590064516129,94.60430000000001,13.416129032258064,2.9214285714285717,1145.7066086956522
2020-08-27,5.12222957611084,45740900,-0.013024462455830332,0.01302492791442722,-0.031837647296700244,0.31403774720273336,0.09161290322580645,259.8871612903226,7.896774193548387,24.47,116.649,0.74,79.38387096774194,42.88,71.25437927246094,320.781982421875,-0.005386985654371124,0.0021865957314950446,76.48387096774194,-0.0011704833878510845,85.33999633789062,0.004665090378172421,104.80371856689453,0.05497390456255369,15.948147773742676,-0.00970547884716777,86.4069595336914,0.010958750347733748,42.87820816040039,79.38387096774194,-0.99,100.31113870967741,94.60350000000001,13.396774193548389,2.91,1146.1471195652175
2020-08-28,5.14447021484375,39936900,-0.005763974574964137,0.02593640255911356,-0.04899155934485744,0.30979792257406236,0.09129032258064516,259.9091290322581,7.877419354838709,22.96,115.9374,0.74,79.58709677419355,42.96,71.72130584716797,322.8540954589844,0.00655295266725453,0.006459568026436768,76.38709677419355,0.022381107851786375,87.25,0.016252508857026893,106.50704193115234,0.06761774088081296,17.026525497436523,9.006198648653374e-05,86.41474151611328,0.01626029279558794,43.57542037963867,79.58709677419355,-1.03,99.86327096774193,94.60270000000001,13.377419354838711,2.912857142857143,1146.5876304347826
2020-08-31,5.055515289306641,50089500,0.03079195758157005,0.03225807060130248,-0.023460166320448672,0.3313782330131225,0.09032258064516129,259.9750322580645,7.819354838709677,26.41,115.7586,0.72,80.19677419354839,42.61,71.51166534423828,321.6845397949219,-0.0029229878130832,-0.003622551736256585,76.09677419354838,-0.012951257918830561,86.12000274658203,-0.023608012297340997,103.99262237548828,-0.04241720132056237,16.30430793762207,-0.0028767798994098204,86.16614532470703,-0.016889206765102305,42.8394660949707,80.19677419354839,-1.08,98.51966774193548,94.6003,13.319354838709678,2.9214285714285717,1147.9091630434782
2020-09-01,5.062929153442383,48189900,0.020497597792070943,0.02781827606874998,-0.011713141751929723,0.352854922312976,0.09,259.997,7.8,26.12,115.5687,0.68,80.4,42.76,72.25970458984375,324.71429443359375,0.010460380722566054,0.009418403012477317,76.0,0.010798888475566093,87.05000305175781,0.02482348253599409,106.57408142089844,0.0018205102318593624,16.3339900970459,0.02335184380265254,88.17828369140625,0.016275265004106476,43.53668975830078,80.4,-1.08,98.0718,94.5995,13.3,2.9242857142857144,1148.3496739130435
2020-09-02,5.151882171630859,59008900,-0.005755682007500762,0.04748192383018579,-0.008633060231685974,0.3237408693591799,0.09,260.00773333333336,7.77,26.57,116.0304,0.66,80.44666666666667,42.76,73.26026153564453,329.4110412597656,0.013846679162059727,0.014464244126870085,76.0,0.033888533541902355,90.0,0.02974684151440088,109.74432373046875,0.012113667958356888,16.5318546295166,0.004581792369833915,88.5822982788086,0.0274154240795621,44.73026657104492,80.44666666666667,-1.07,97.86033666666667,94.63187333333335,13.283333333333333,2.9271428571428575,1148.7901847826088
2020-09-03,5.055515289306641,78130900,0.02639314692142669,0.060117613503029244,0.029325561601269978,0.3504401545945628,0.09,260.01846666666665,7.74,33.6,116.0685,0.63,80.49333333333334,41.39,70.93516540527344,318.07452392578125,-0.03173748061546067,-0.03441450320132,76.0,-0.03599997626410589,86.76000213623047,-0.017167338412536703,107.86030578613281,0.052064660748665226,17.392580032348633,-0.046658678030247924,84.44916534423828,-0.03062092889243706,43.3605842590332,80.49333333333334,-1.02,97.64887333333333,94.66424666666667,13.266666666666667,2.93,1149.230695652174
2020-09-04,5.1148176193237305,70017500,0.03188415660207622,-0.004347623420391411,0.01159412858747677,0.3536234856500926,0.09,260.0292,7.71,30.75,116.0347,0.72,80.54,39.69,70.11563110351562,315.4775695800781,-0.011553286681938002,-0.008164609707343562,76.0,-0.006339361897366058,86.20999908447266,0.0,107.86030578613281,0.05403882847166841,18.332454681396484,-0.021987147618092173,82.59236907958984,-0.005415195962035435,43.12577819824219,80.54,-0.98,97.43741,94.69662000000001,13.25,2.92,1149.6712065217391
2020-09-08,5.211184501647949,84749300,0.0014223170921630057,-0.035561770415109106,0.02844963593843186,0.3115221226856466,0.09,260.07213333333334,7.59,31.46,116.4618,0.69,80.72666666666667,36.87,69.19606018066406,306.8577880859375,-0.013115063051974074,-0.027322961520256817,76.0,-0.017979299835562235,84.66000366210938,-0.0421566354253301,103.31327819824219,-0.012951899425333369,18.095014572143555,-0.009876729554635921,81.77662658691406,-0.02268618128848021,42.14741897583008,80.72666666666667,-0.99,96.59155666666666,94.82611333333334,13.183333333333334,2.88,1151.43325
2020-09-09,5.1667070388793945,56501400,0.007173635971821968,-0.04734577591720446,0.05451959646970983,0.3271162867534749,0.09,260.0828666666667,7.56,28.81,116.1291,0.71,80.77333333333334,38.05,70.5015869140625,312.91748046875,0.018867067431149076,0.01974755935187611,76.0,0.01169380842127965,85.6500015258789,0.020077128951507373,105.38751220703125,-0.03444524448669173,17.47172737121582,0.034106143828509294,84.56571197509766,0.02228417424576823,43.086639404296875,80.77333333333334,-1.0,96.38009333333333,94.85848666666668,13.166666666666668,2.87,1151.8737608695653
2020-09-10,5.12222957611084,69228600,0.053545798426265945,-0.03617907272083076,0.04920418681869654,0.36758335944556064,0.09,260.09360000000004,7.53,29.71,115.8806,0.68,80.82000000000001,37.25,69.49148559570312,307.4840087890625,-0.014327355774142125,-0.017363912273447246,76.0,-0.018213720492660235,84.08999633789062,-0.0026641614576968786,105.10674285888672,0.01245756514283447,17.689382553100586,-0.01350481230169398,83.42366790771484,0.009082680118396746,43.47798156738281,80.82000000000001,-1.01,96.16863,94.89086,13.15,2.86,1152.3142717391304
2020-09-11,5.18894624710083,55080600,0.0328572600886472,-0.06999994210627836,0.09571431157610699,0.30285712867908865,0.09,260.10433333333333,7.5,26.87,116.0866,0.67,80.86666666666667,37.33,69.59630584716797,307.6405944824219,0.0015083898490051428,0.0005092482499367001,76.0,0.005470409488648187,84.55000305175781,0.03231643391731365,108.50341796875,-0.01062631903045086,17.50140953063965,-0.0025145166581356238,83.21389770507812,-0.004500727002045735,43.28229904174805,80.86666666666667,-0.98,95.95716666666667,94.92323333333334,13.133333333333335,2.861428571428571,1152.7547826086957
2020-09-14,5.277899265289307,58704300,-0.03511225537348728,-0.060393238251381764,0.08988777850626772,0.26685402622943544,0.09,260.1365333333334,7.41,25.85,115.6428,0.68,81.00666666666667,37.23,70.33480834960938,311.69256591796875,0.0106112313498814,0.013171120808565417,76.0,0.015848566404785824,85.88999938964844,0.016862751164412826,110.33308410644531,0.009044681655911768,17.659704208374023,0.010698163713398268,84.10413360595703,0.00813770607679487,43.634517669677734,81.00666666666667,-0.97,95.32277666666667,95.02035333333333,13.083333333333334,2.8657142857142857,1154.0763152173913
2020-09-15,5.218596458435059,65198500,-0.036931559119496304,-0.0624999200489027,0.0752844203179952,0.265625231287103,0.09,260.14726666666667,7.38,25.59,115.5908,0.68,81.05333333333334,38.29,70.91131591796875,313.26739501953125,0.008196618173661019,0.005052507739234935,76.0,0.0013971678592943348,86.01000213623047,0.05098102019018946,115.95797729492188,-0.10756303401390965,15.760172843933105,0.0024142535848001856,84.30718231201172,0.0053811998695285634,43.86932373046875,81.05333333333334,-0.99,95.11131333333333,95.05272666666667,13.066666666666668,2.867142857142857,1154.5168260869566
2020-09-16,5.203771114349365,46245800,-0.0541310951178946,-0.051281858617794995,0.08547013089499145,0.3034189463506196,0.09,260.158,7.3500000000000005,26.04,115.3537,0.69,81.10000000000001,40.17,70.51587677001953,312.02410888671875,-0.005576530950386904,-0.003968769659973614,76.0,-0.012091627597917043,84.97000122070312,0.002421368361962273,116.23875427246094,0.03327046372933751,16.284521102905273,-0.008151354292200486,83.61996459960938,-0.0017840745455683926,43.79105758666992,81.10000000000001,-0.99,94.89985,95.08510000000001,13.05,2.8685714285714288,1154.9573369565219
2020-09-17,5.396503448486328,84850100,-0.08516466135703182,-0.07280215896246522,0.053571580046385625,0.2417583611904195,0.09,260.16873333333336,7.32,26.46,115.4392,0.69,81.14666666666666,40.99,69.52484130859375,309.2797546386719,-0.014054075575886893,-0.008795327572085898,76.0,-0.019771687431333618,83.29000091552734,0.0028054603001408385,116.56485748291016,-0.013365771121505943,16.066865921020508,-0.01354113177854932,82.48765563964844,0.01161742829409107,44.29979705810547,81.14666666666666,-0.97,94.68838666666667,95.11747333333334,13.033333333333333,2.87,1155.397847826087
2020-09-18,5.359440803527832,71929400,-0.09958510838767565,-0.04702638768307876,0.04979233176524134,0.25587785360319204,0.09,260.17946666666666,7.29,25.83,115.2395,0.7,81.19333333333333,41.09,68.55763244628906,305.71917724609375,-0.013911701833473011,-0.011512481302689559,76.0,0.06795528839596487,88.94999694824219,-0.024943729342144616,113.65729522705078,-0.057265928785154685,15.146781921386719,-0.00047318574057175766,82.44862365722656,-0.006183540651167552,44.0258674621582,81.19333333333333,-0.97,94.47692333333333,95.14984666666668,13.016666666666667,2.8742857142857146,1155.8383586956522
2020-09-21,5.092580318450928,72850300,-0.026200957591890894,0.021833881636698527,0.12663752473685408,0.3027653309974845,0.09,260.2116666666667,7.2,27.78,116.378,0.68,81.33333333333333,39.26,67.56732940673828,302.3166198730469,-0.014444825531666705,-0.011129682487363013,76.0,-0.04935356425254145,84.55999755859375,-0.0341091590557181,109.7805404663086,-0.06662317239698001,14.137655258178711,0.003693817524044851,82.753173828125,-0.02133355029673467,43.086639404296875,81.33333333333333,-0.94,93.84253333333334,95.24696666666667,12.966666666666667,2.887142857142857,1157.1598913043479
2020-09-22,5.02586555480957,55865500,-0.026548851404610496,0.029498186148696037,0.15781692302963068,0.317108703184553,0.09,260.2224,7.17,26.86,116.5438,0.68,81.38,39.55,68.99500274658203,305.3955993652344,0.02112963990702532,0.010184618673893864,76.0,-0.0005912420033910015,84.51000213623047,0.0066833667439123445,110.51424407958984,0.00839750341430201,14.256376266479492,0.01566468976890878,84.04947662353516,0.0027247686213180966,43.20404052734375,81.38,-0.94,93.63107000000001,95.27934,12.950000000000001,2.8914285714285715,1157.6004021739132
2020-09-23,4.922085285186768,52588600,0.003012295345997007,0.08885573755849063,0.23644600300260765,0.3237952053798545,0.09,260.23313333333334,7.140000000000001,28.58,117.2526,0.68,81.42666666666666,39.92,67.86338806152344,298.3131408691406,-0.016401400681365308,-0.023191095453944488,76.0,-0.006626495962993251,83.94999694824219,-0.027047032365104973,107.52516174316406,-0.01943093582709199,13.979361534118652,-0.010591626240306296,83.15925598144531,-0.041666548940107795,41.40387725830078,81.42666666666666,-0.92,93.41960666666667,95.31171333333333,12.933333333333334,2.8957142857142855,1158.0409130434782
2020-09-24,4.9369120597839355,59822900,0.013513363413469204,0.10360357967461109,0.22522510601533496,0.3498498810300523,0.09,260.2438666666667,7.11,28.51,117.5473,0.67,81.47333333333333,40.11,67.8347396850586,299.1082763671875,-0.0004221477483392633,0.0026654390608815692,76.0,0.004526562199243189,84.33000183105469,-0.011372304101354813,106.30235290527344,-0.027600854471180103,13.59351921081543,-0.016151965394019197,81.81607055664062,0.0,41.40387725830078,81.47333333333333,-0.91,93.20814333333334,95.34408666666667,12.916666666666668,2.9,1158.4814239130435
2020-09-25,4.825720310211182,53761800,0.05837166976490438,0.11367099036596762,0.23348667905961795,0.3609827960106593,0.09,260.25460000000004,7.08,26.38,117.8679,0.66,81.52,40.06,68.71807861328125,303.9439697265625,0.013021925525531497,0.01616703294909394,76.0,0.02454642060806811,86.4000015258789,0.016530299939813142,108.05956268310547,0.09679764846492578,14.909339904785156,0.011453779986116963,82.753173828125,0.022684082906431202,42.34308624267578,81.52,-0.92,92.99668,95.37646000000001,12.9,2.8971428571428572,1158.9219347826088
2020-09-28,4.9591498374938965,47582600,0.04932726069416127,0.1464873720816482,0.18385646817898027,0.32884943025979285,0.09,260.2868,6.99,26.19,117.6178,0.67,81.66,40.47,70.1552505493164,308.9922180175781,0.020914029685303204,0.01660914113728662,76.0,0.042013856357753676,90.02999877929688,0.03109827506217888,111.42002868652344,0.015925722944001963,15.146781921386719,0.02330817404567531,84.68199920654297,0.008318208689632511,42.69530487060547,81.66,-0.94,92.36229,95.47358,12.850000000000001,2.8885714285714283,1160.2434673913044
2020-09-29,4.892434597015381,38987300,0.057575603700481315,0.17575775237449554,0.16666687783907075,0.3363639172377013,0.09,260.2975333333334,6.96,26.27,117.526,0.66,81.70666666666666,39.03,69.61091613769531,307.3094787597656,-0.007758997471450146,-0.00544589526755257,76.0,0.020992995837772366,91.91999816894531,0.012844317252903803,112.85114288330078,-0.015676070193253566,14.909339904785156,0.015123647240189442,85.96269989013672,-0.0054997543851059705,42.46049118041992,81.70666666666666,-0.98,92.15082666666667,95.50595333333334,12.833333333333334,2.8857142857142857,1160.6839782608697
2020-09-30,4.9369120597839355,55944600,0.08558563300849809,0.1366367072634207,0.18618606059523124,0.33033002026859637,0.09,260.30826666666667,6.930000000000001,26.37,116.946,0.69,81.75333333333333,40.05,70.17914581298828,309.6395568847656,0.00816293918857447,0.007582187618825564,76.0,-0.0026109428693462666,91.68000030517578,0.026085369254561286,115.79490661621094,0.007299289682667576,15.018167495727539,0.01099224898806761,86.90762329101562,0.018433147844401976,43.24317169189453,81.75333333333333,-0.94,91.93936333333333,95.53832666666666,12.816666666666668,2.8828571428571426,1161.1244891304348
2020-10-01,5.003626346588135,58340600,0.08888902654201014,0.1288888740647065,0.14518526707114443,0.3022221184529461,0.09,260.319,6.9,26.7,116.7227,0.68,81.8,38.51,71.09588623046875,311.6274108886719,0.013062860866437154,0.006419896811330261,76.0,0.02486909655003733,93.95999908447266,-0.02495270950955597,112.90550994873047,-0.009881449279227628,14.869766235351562,0.025159342914801597,89.09416198730469,-0.00361981514013221,43.086639404296875,81.8,-0.95,91.7279,95.5707,12.8,2.88,1161.565
2020-10-02,5.107405662536621,60798400,0.05224943390004633,0.11320757359299405,0.1190130040072801,0.23657479045385643,0.09,260.33809677419356,6.893548387096774,27.63,116.7321,0.7,81.64193548387097,36.9,70.79508209228516,308.668701171875,-0.004230964042117535,-0.009494382116000288,75.70967741935483,-0.004257146975057857,93.55999755859375,-0.002567243681578235,112.61565399169922,0.008649391229393455,14.998380661010742,-0.014637580013273088,87.7900390625,0.0,43.086639404296875,81.64193548387097,-0.94,91.76830645161291,95.5875935483871,12.774193548387098,2.8785714285714286,1161.8096847826087
2020-10-05,5.203771114349365,42359400,0.09259276398024063,0.08119664267684179,0.12250718150728779,0.23219380672712675,0.09,260.3953870967742,6.8741935483870975,27.96,116.1767,0.78,81.16774193548387,39.12,71.73090362548828,314.1423645019531,0.0132187364651013,0.017733133645546628,74.83870967741936,0.038905509669010074,97.19999694824219,0.03128782198801572,116.13915252685547,-0.013192583783929512,14.80051326751709,0.03246745233433823,90.6403579711914,0.010899251556277134,43.556251525878906,81.16774193548387,-0.9,91.88952580645162,95.63827419354838,12.696774193548388,2.874285714285714,1162.543739130435
2020-10-06,5.174119472503662,78203800,0.11174817976179896,0.1088827992846686,0.0945561733733975,0.266475868624904,0.09,260.41448387096773,6.867741935483871,29.48,116.2681,0.76,81.00967741935484,40.52,70.40354919433594,309.67645263671875,-0.01850463836455407,-0.014216203765814006,74.54838709677419,-0.027983474040199408,94.4800033569336,-0.01466261558232762,114.43624877929688,0.015374307732168413,15.028060913085938,-0.03118797301070253,87.81346893310547,-0.010781738674252361,43.086639404296875,81.00967741935484,-0.9,91.92993225806453,95.65516774193549,12.670967741935485,2.8728571428571428,1162.7884239130435
2020-10-07,5.359440803527832,50664100,0.0470262987116401,0.085753608548091,0.10511726346631667,0.25311190952102947,0.09,260.4335806451613,6.861290322580645,28.06,116.3447,0.81,80.8516129032258,39.82,72.01263427734375,315.0669250488281,0.02285516996545489,0.01740678816943486,74.25806451612904,0.049851809029672456,99.19000244140625,0.025486773193679646,117.35285949707031,0.052666177774122414,15.819531440734863,0.01814144656676464,89.40653228759766,0.019981843139171396,43.94758987426758,80.8516129032258,-0.9,91.97033870967742,95.67206129032257,12.645161290322582,2.8714285714285714,1163.0331086956521
2020-10-08,5.448393821716309,54513300,0.036734549203534694,0.1170067503288521,0.0598640307156153,0.2244896119501738,0.09,260.45267741935487,6.85483870967742,26.36,116.1657,0.78,80.69354838709677,41.04,72.48533630371094,317.85919189453125,0.006564154069779837,0.008862456271061747,73.96774193548387,-0.012299638982505412,97.97000122070312,0.019296274254674728,119.6173324584961,-0.023764796933394172,15.443583488464355,0.003755708934434887,89.74231719970703,0.00979515210887083,44.3780632019043,80.69354838709677,-0.94,92.01074516129033,95.68895483870968,12.619354838709677,2.87,1163.277793478261
2020-10-09,5.374264717102051,50977900,0.05793126394662251,0.1255174280099196,0.1310346785677845,0.2827587583679734,0.09,260.4717741935484,6.848387096774194,25.0,115.2757,0.79,80.53548387096774,40.44,73.23974609375,320.69775390625,0.01040775732733179,0.00893024988454827,73.6774193548387,0.0009186111745358438,98.05999755859375,-0.011812941341327488,118.20429992675781,0.005124933531541309,15.522730827331543,0.01453177649188686,91.04643249511719,0.007054833208019362,44.69114303588867,80.53548387096774,-0.94,92.05115161290323,95.70584838709678,12.593548387096774,2.8614285714285717,1163.5224782608695
2020-10-12,5.68560266494751,97692900,-0.010430346675447066,0.046935931033424305,0.09256839371889614,0.2750979089908705,0.09,260.52906451612904,6.829032258064516,25.07,115.75195000000001,0.7525,80.06129032258065,39.22,74.21377563476562,325.8569641113281,0.013299193306443469,0.016087453504854743,72.80645161290323,0.0020396143444447734,98.26000213623047,-0.00911866659041849,117.12643432617188,-0.030592692171041658,15.04784870147705,0.014924032386435693,92.40521240234375,0.0008754203293666052,44.73026657104492,80.06129032258065,-0.955,92.17237096774194,95.75652903225806,12.516129032258066,2.835714285714286,1164.2565326086958
2020-10-13,5.752317905426025,74562600,-0.0025773646670095296,0.020618419967364243,0.07345348379842154,0.26030935504955655,0.09,260.5481612903226,6.822580645161291,26.07,115.9107,0.74,79.90322580645162,40.03,74.19947052001953,323.7303466796875,-0.0001927555177423379,-0.006526229805891348,72.51612903225806,-0.02228783221854569,96.06999969482422,0.0010054067236600073,117.24419403076172,-0.07758061395366056,13.880427360534668,-0.001013975205536144,92.31151580810547,-0.0017495651245449384,44.652008056640625,79.90322580645162,-0.96,92.21277741935485,95.77342258064516,12.490322580645161,2.8271428571428574,1164.5012173913044
2020-10-14,5.611475467681885,57752100,0.036987905541727706,0.017173010771391883,0.08454411185748745,0.3434608952307323,0.09,260.5672580645161,6.816129032258065,26.4,115.6872,0.73,79.74516129032259,40.86,73.37820434570312,321.6962585449219,-0.011068356264008927,-0.006283279141507947,72.2258064516129,-0.0034350143864158023,95.73999786376953,0.013442389947935895,118.82023620605469,-0.004276493002286608,13.821067810058594,0.0019457074719482215,92.49112701416016,-0.0008763584495716792,44.612876892089844,79.74516129032259,-0.96,92.25318387096775,95.79031612903226,12.464516129032258,2.8185714285714285,1164.745902173913
2020-10-15,5.648538112640381,49336200,0.07742792133915666,0.03674546421052516,0.1207349278561265,0.29002646751269623,0.09,260.58635483870967,6.809677419354839,26.97,116.0964,0.74,79.58709677419355,40.84,73.65035247802734,321.2987060546875,0.0037088415388588647,-0.001235800789330166,71.93548387096774,0.020263238820693585,97.68000030517578,0.01280685264921555,120.34194946289062,0.003579107451885166,13.870534896850586,0.017899369273126187,94.14665985107422,0.0061402319179533205,44.886810302734375,79.58709677419355,-0.95,92.29359032258066,95.80720967741935,12.438709677419356,2.81,1164.9905869565218
2020-10-16,5.68560266494751,47509400,0.06388521293072125,0.007822655172237347,0.1473273153944712,0.3063885296798199,0.09,260.6054516129032,6.803225806451613,27.41,115.7679,0.76,79.42903225806452,40.7,72.98191833496094,321.1044921875,-0.009075776565574789,-0.0006044651395341605,71.64516129032258,0.005323470940231445,98.19999694824219,0.008731121770366279,121.39266967773438,0.004279611751949686,13.929895401000977,-0.010036393057336945,93.20176696777344,0.002615322694140998,45.00420379638672,79.42903225806452,-0.95,92.33399677419355,95.82410322580645,12.412903225806453,2.8085714285714287,1165.2352717391304
2020-10-19,5.626299858093262,38960700,0.057970934654416606,0.01581030113382198,0.1528325719544179,0.43083017619999175,0.09,260.6627419354839,6.783870967741936,29.18,115.4031,0.78,78.95483870967742,40.69,72.08425903320312,316.2226257324219,-0.012299749338430366,-0.015203357703969744,70.7741935483871,0.012220006262008365,99.4000015258789,-0.002089159949167807,121.1390609741211,0.004971535380624337,13.99914836883545,0.012400477990514469,94.35751342773438,-0.019130106491313192,44.14326858520508,78.95483870967742,-0.93,92.45521612903227,95.87478387096773,12.335483870967742,2.8042857142857143,1165.9693260869565
2020-10-20,5.737492084503174,63447000,0.02325572311343227,0.018087756940784683,0.1395350035524936,0.48966394299122373,0.09,260.68183870967744,6.77741935483871,29.35,115.2485,0.81,78.79677419354839,41.37,72.66200256347656,317.4893798828125,0.008014836221141186,0.0040058934665305745,70.48387096774194,0.007947695205232641,100.19000244140625,0.004486161585581128,121.68251037597656,0.0325087840450935,14.454243659973145,0.0004963765080903126,94.40435028076172,-0.007978815566303643,43.79105758666992,78.79677419354839,-0.91,92.49562258064516,95.89167741935483,12.30967741935484,2.802857142857143,1166.2140108695653
2020-10-21,5.819032192230225,51981100,-0.019108125238919138,-0.026751490056660443,0.12356708932227467,0.4675162116771603,0.09,260.700935483871,6.770967741935484,28.65,114.9108,0.83,78.63870967741936,39.88,72.26569366455078,316.8883056640625,-0.005454142260661876,-0.0018932104720222886,70.19354838709677,-0.007785195731011552,99.41000366210938,0.06118776086780686,129.12799072265625,-0.008897973149644689,14.325630187988281,-0.01819850010106061,92.68633270263672,-0.009830165137819313,43.3605842590332,78.63870967741936,-0.91,92.53602903225807,95.90857096774194,12.283870967741935,2.801428571428571,1166.458695652174
2020-10-22,6.085892677307129,74008500,-0.03775886657741945,-0.026796746418291217,0.06455514288834907,0.37515225602172264,0.09,260.7200322580645,6.764516129032258,28.11,115.1158,0.87,78.48064516129033,40.46,72.41370391845703,318.6265563964844,0.002048139945812988,0.005485373557030604,69.90322580645162,0.0074438973595127855,100.1500015258789,-0.011854430801561566,127.59725189208984,0.04903314659669422,15.028060913085938,-0.010363101606170821,91.72581481933594,-0.003610277268273676,43.20404052734375,78.48064516129033,-0.89,92.57643548387098,95.92546451612903,12.258064516129032,2.8,1166.7033804347827
2020-10-23,6.048828601837158,62249000,-0.05269605882014894,-0.04534298838349515,0.08578416630318864,0.3713236717138946,0.09,260.73912903225806,6.758064516129033,27.55,115.0126,0.85,78.3225806451613,39.73,73.04874420166016,319.7083435058594,0.008769614711577667,0.003395156767877383,69.61290322580645,0.001397897029609796,100.29000091552734,0.006175697379647183,128.38525390625,0.011191603232478364,15.196249008178711,0.006385345171619816,92.31151580810547,-0.0063406347345148495,42.93009948730469,78.3225806451613,-0.9,92.61684193548388,95.94235806451613,12.23225806451613,2.801428571428571,1166.9480652173913
2020-10-26,5.9524617195129395,62131000,-0.03985046482809684,0.021170744688648657,0.1768367881452353,0.3437111603523355,0.09,260.7964193548387,6.738709677419355,32.46,115.2797,0.81,77.8483870967742,38.39,71.64497375488281,313.8002014160156,-0.01921690046993907,-0.01847978699916375,68.74193548387096,-0.020939260693495165,98.19000244140625,-0.01756715351439342,126.12989044189453,-0.08658858162536431,13.880427360534668,-0.0325691529081269,89.30500793457031,-0.030993343799660678,41.599552154541016,77.8483870967742,-0.91,92.73806129032259,95.99303870967742,12.154838709677419,2.8057142857142856,1167.6821195652174
2020-10-27,5.870921611785889,64154500,-0.0050505128443582015,0.05808085710004263,0.14646446638561783,0.35353541178415093,0.09,260.8155161290323,6.732258064516129,33.35,115.0131,0.79,77.69032258064516,39.34,71.61154174804688,312.7183532714844,-0.0004666343650333582,-0.0034475699494437295,68.45161290322581,-0.019350254390845034,96.29000091552734,-0.00789972379184567,125.13349914550781,-0.019244458982720536,13.613306045532227,-0.006820620866325955,88.69589233398438,-0.005644528927041592,41.364742279052734,77.69032258064516,-0.92,92.77846774193549,96.00993225806451,12.129032258064516,2.807142857142857,1167.9268043478262
2020-10-28,5.707841396331787,82938300,-0.007792260303515097,0.08181802309082098,0.18051920722199477,0.36753211785489825,0.09,260.83461290322583,6.725806451612903,40.28,115.8023,0.79,77.53225806451613,37.27,69.34832763671875,302.03009033203125,-0.03160404113754267,-0.03417855980513618,68.16129032258064,-0.028248013239602243,93.56999969482422,-0.021715455502905878,122.41616821289062,-0.10610458334833672,12.168871879577637,-0.021746931843556916,86.76702880859375,-0.02365210039287058,40.38637924194336,77.53225806451613,-0.91,92.8188741935484,96.02682580645161,12.103225806451613,2.8085714285714287,1168.1714891304348
2020-10-29,5.856096267700195,118999900,0.01139227972944501,0.039240545083658374,0.14936686576896374,0.3708864107226668,0.09,260.8537096774194,6.719354838709678,37.59,116.3069,0.85,77.3741935483871,35.94,69.78761291503906,305.0997009277344,0.006334475441448495,0.01016326086029573,67.87096774193549,0.05076413396913515,98.31999969482422,0.03448030866547347,126.63711547851562,0.05528446071300852,12.841621398925781,0.010530279102779927,87.68070983886719,0.017442068595709515,41.09080123901367,77.3741935483871,-0.86,92.85928064516129,96.0437193548387,12.07741935483871,2.81,1168.4161739130436
2020-10-30,5.730079174041748,79345600,0.007762102654714775,0.10478647185904921,0.19534275505047205,0.4049159484180833,0.09,260.8728064516129,6.712903225806452,38.02,116.1354,0.88,77.21612903225807,35.64,68.26446533203125,301.9190979003906,-0.021825471876536717,-0.010424798902366361,67.58064516129032,-0.018612711927734282,96.48999786376953,-0.010156591708447404,125.35091400146484,0.0562404458948762,13.56383991241455,-0.006501726432383781,87.11063385009766,-0.006666538553267376,40.81686782836914,77.21612903225807,-0.82,92.8996870967742,96.0606129032258,12.051612903225806,2.8057142857142856,1168.6608586956522
2020-11-02,5.7152533531188965,59962900,0.06355386039511068,0.14137499056171254,0.19325541027661597,0.4526587603367498,0.09,260.9488,6.7,37.13,116.2361,0.87,77.02666666666667,36.6,68.7514877319336,305.30316162109375,0.007134347241035455,0.011208511631879636,67.13333333333334,0.014405631883326553,97.87999725341797,0.023917901374893802,128.3490447998047,-0.01167034399967315,13.405545234680176,0.037382622606088045,90.36705780029297,0.040268238096123676,42.46049118041992,77.02666666666667,-0.84,93.63577666666667,96.11976999999999,11.993333333333334,2.7928571428571427,1169.3949130434783
2020-11-03,5.841270446777344,65108800,0.06345183424826972,0.11040599730678258,0.16878184481477265,0.4428932104014096,0.09,260.9866,6.7,35.55,115.4802,0.9,77.15333333333334,37.44,70.26506805419922,310.6935119628906,0.02201523737445754,0.017655730498089994,67.26666666666667,0.039946912258141065,101.79000091552734,0.024770542840067522,131.5283203125,0.011808149162397807,13.56383991241455,0.026788683543399694,92.78787231445312,0.026728356357960337,43.59539031982422,77.15333333333334,-0.82,94.29105333333334,96.14514,11.986666666666666,2.7885714285714283,1169.639597826087
2020-11-04,5.663364410400391,67326800,0.09031403385519643,0.15445035655660688,0.22251311280956632,0.5065446172312456,0.09,261.0244,6.7,29.57,115.1677,0.78,77.28,38.97,71.75956726074219,317.6372985839844,0.021269447933789598,0.022349313241929236,67.4,-0.024953344068001537,99.25,-0.012601858039128389,129.87081909179688,-0.02698760018919033,13.197784423828125,0.008752667759259758,93.60001373291016,-0.004488605886980301,43.39970779418945,77.28,-0.86,94.94633,96.17051,11.98,2.7842857142857143,1169.8842826086957
2020-11-05,5.9228105545043945,61442600,0.02753458367475692,0.10388016005752831,0.15394265888009007,0.4468086956367723,0.09,261.0622,6.7,27.58,114.4556,0.79,77.40666666666667,38.56,73.15857696533203,323.8321228027344,0.019495793494775038,0.019502823649383494,67.53333333333333,0.05571787183170662,104.77999877929688,0.02552608828775771,133.1859130859375,0.06296846276577295,14.028828620910645,0.026697904794136473,96.09893798828125,0.037872200276822365,45.04335021972656,77.40666666666667,-0.87,95.60160666666667,96.19587999999999,11.973333333333333,2.78,1170.1289673913043
2020-11-06,5.774556636810303,50912100,0.09627705680611176,0.12195078448005847,0.1874194836831964,0.5314501760221593,0.09,261.1,6.7,24.86,113.9919,0.83,77.53333333333333,36.97,72.93891143798828,323.7581481933594,-0.003002594315740237,-0.00022843505682745846,67.66666666666667,-0.002863098166236644,104.4800033569336,0.008296984855997724,134.29095458984375,-0.025387869568607502,13.672666549682617,0.0,96.09893798828125,0.0008686598501810305,45.08247756958008,77.53333333333333,-0.82,96.25688333333333,96.22125,11.966666666666667,2.7885714285714283,1170.3736521739131
2020-11-09,6.078479766845703,110511300,0.07317084076747316,0.08048765028049432,0.15243880052992376,0.4341458118519903,0.09,261.2134,6.7,25.75,114.0895,0.96,77.91333333333334,40.05,72.70018768310547,327.8263854980469,-0.003272927305554507,0.012565667697907124,68.06666666666666,0.021152364217702724,106.69000244140625,0.02758663553648888,137.99559020996094,0.3929088926910622,19.04477882385254,-0.09800117181173529,86.6811294555664,0.045138893295970206,47.11745071411133,77.91333333333334,-0.77,98.22271333333335,96.29736,11.946666666666667,2.814285714285714,1171.1077065217391
2020-11-10,6.211909770965576,87468400,0.044152599625448596,0.1276847523270137,0.08830550629795741,0.3663482102495532,0.09,261.2512,6.7,24.8,114.0757,0.98,78.04,41.18,72.4423599243164,327.34564208984375,-0.0035464524508920237,-0.001466457336778304,68.2,0.020151784115528093,108.83999633789062,-0.01083065862908228,136.50100708007812,-0.13090913133357018,16.55164337158203,0.014684984837788129,87.95404052734375,-0.014950260926618442,46.41303253173828,78.04,-0.78,98.87799000000001,96.32272999999999,11.94,2.8228571428571425,1171.352391304348
2020-11-11,6.1748456954956055,75644400,0.0588237156543181,0.09003582352800366,0.08283320166893304,0.3745496189454647,0.09,261.289,6.7,23.45,114.18,0.9299999999999999,78.16666666666667,41.23,73.07738494873047,329.77728271484375,0.008765935083803189,0.007428358017769421,68.33333333333333,0.020121302049730394,111.02999877929688,0.007166994756157452,137.47930908203125,-0.031081971202932324,16.037185668945312,0.01713555288926938,89.461181640625,0.00590249051155034,46.68698501586914,78.16666666666667,-0.8049999999999999,99.53326666666668,96.3481,11.933333333333334,2.8314285714285714,1171.5970760869566
2020-11-12,6.085892677307129,81064900,0.07429976333228394,0.10718620216089558,0.08526188349141206,0.40560283355645144,0.09,261.3268,6.7,25.35,114.2843,0.88,78.29333333333334,40.9,72.09855651855469,326.5781555175781,-0.013394409650297479,-0.009700871967072033,68.46666666666667,-0.019904522280196013,108.81999969482422,-0.02740802171491541,133.71127319335938,-0.07896352138365559,14.770833015441895,-0.004888171916830664,89.02388000488281,-0.0318526139145513,45.19988250732422,78.29333333333334,-0.83,100.18854333333334,96.37347,11.926666666666668,2.84,1171.8417608695652
2020-11-13,6.330513954162598,79475100,0.02341901393863388,0.06323168412291302,0.07142862523114935,0.34426203577118186,0.09,261.3646,6.7,23.1,114.2397,0.89,78.42,39.93,73.26839447021484,331.09942626953125,0.016225539152910695,0.013844375919104479,68.6,0.010016577562414808,109.91000366210938,0.013277108428235262,135.486572265625,0.07233757314614908,15.839319229125977,0.0026316064617522006,89.2581558227539,0.02077918263653311,46.13909912109375,78.42,-0.83,100.84382000000001,96.39883999999999,11.92,2.822857142857143,1172.086445652174
2020-11-16,6.523247241973877,84853900,0.006817935444265899,0.04999985014883879,0.027272618954592875,0.298863229090774,0.09,261.478,6.7,22.45,113.8312,0.91,78.8,41.14,74.22811126708984,335.23248291015625,0.013098646473891806,0.01248282634371134,69.0,0.041488466988067074,114.47000122070312,0.020189998071908688,138.2220458984375,0.09743911786151016,17.382688522338867,0.03805784048457839,92.6551284790039,0.030534296236621072,47.54792404174805,78.8,-0.81,102.80965,96.47495,11.9,2.7714285714285714,1172.8205
2020-11-17,6.486181735992432,46754500,0.0799999470685886,0.05142860041482056,0.03771421875184933,0.3234283469321726,0.09,261.5158,6.7,22.71,113.682,0.87,78.92666666666668,41.24,73.9129638671875,333.42950439453125,-0.004245661037613813,-0.005378292998259981,69.13333333333334,-0.0002620667334407578,114.44000244140625,-0.02070768734848516,135.3597869873047,0.027319256468538278,17.85757064819336,0.0031182034523795643,92.94404602050781,-0.01810676371744402,46.68698501586914,78.92666666666668,-0.83,103.46492666666667,96.50032,11.893333333333334,2.7542857142857144,1173.0651847826086
2020-11-18,6.5380730628967285,77759300,0.029478096695631173,0.044217582637661845,0.014738902483077299,0.3265303964246218,0.09,261.5536,6.7,23.84,113.46,0.88,79.05333333333334,41.64,73.4068832397461,329.41668701171875,-0.006846980569616634,-0.012034979898072673,69.26666666666667,0.005330309309141246,115.05000305175781,-0.013450210851410405,133.53916931152344,-0.025484725784004514,17.402475357055664,-0.010502232654061694,91.96792602539062,-0.007544012184941384,46.33477783203125,79.05333333333334,-0.82,104.12020333333334,96.52569,11.886666666666667,2.737142857142857,1173.3098695652175
2020-11-19,6.5380730628967285,56672700,0.030611976238925864,0.058956849782584975,0.012471289261226426,0.3174600894019568,0.09,261.5914,6.7,23.11,113.694,0.86,79.18,41.57,73.7697525024414,330.8035888671875,0.0049432593604361585,0.004210174864090588,69.4,0.0026944593687172613,115.36000061035156,-0.002712982494789795,133.1768798828125,0.034110270060782044,17.996078491210938,0.00900051599330376,92.79568481445312,0.0067566610770743996,46.64784622192383,79.18,-0.84,104.77548,96.55106,11.88,2.72,1173.554554347826
2020-11-20,6.478768348693848,57024300,0.03890163231486188,0.054920224256165495,0.005720925693322831,0.4038902883514357,0.09,261.6292,6.7,23.7,113.489,0.83,79.30666666666667,41.99,73.38299560546875,328.53826904296875,-0.005242757144398147,-0.006847930011812053,69.53333333333333,-0.009015264476637141,114.31999969482422,0.003196423415537275,133.60256958007812,-0.04507972758822143,17.1848201751709,0.002608749415025091,93.03776550292969,0.0008390268172107085,46.68698501586914,79.30666666666667,-0.86,105.43075666666667,96.57643,11.873333333333333,2.72,1173.799239130435
2020-11-23,6.567722320556641,71537100,0.04288949688358357,0.044018112446556845,0.01467294615926562,0.32731346950581663,0.09,261.74260000000004,6.7,22.66,113.7548,0.86,79.68666666666667,42.91,74.18990325927734,330.5076904296875,0.0109958396649108,0.005994496143343353,69.93333333333334,0.019944006170252715,116.5999984741211,-0.00013579604233915354,133.5844268798828,0.04663213757915696,17.98618507385254,0.02434109198413803,95.30240631103516,-0.020487856852268727,45.73046875,79.68666666666667,-0.85,107.39658666666668,96.65254,11.853333333333333,2.72,1174.533293478261
2020-11-24,7.005075931549072,99520500,-0.026454951901912938,0.0,-0.062433814460554626,0.2380954520302594,0.09,261.7804,6.7,21.64,113.4316,0.88,79.81333333333333,44.71,75.29289245605469,335.8333435058594,0.014867106551179177,0.01611355266574299,70.06666666666666,0.04339627147689318,121.66000366210938,0.03783569965420419,138.63868713378906,0.11276125693681438,20.01432991027832,-0.06964940975354639,88.6646499633789,0.019879015359400398,46.63954544067383,79.81333333333333,-0.86,108.05186333333334,96.67791,11.846666666666668,2.72,1174.7779782608695
2020-11-25,6.7308030128479,95217800,0.014317435202692241,0.0044055063657959526,-0.020924632091052664,0.3193836258353131,0.09,261.8182,6.7,21.25,113.1823,0.88,79.94,45.58,75.38361358642578,335.3155822753906,0.0012049096191124598,-0.001541720738815533,70.2,-0.026220634106390084,118.47000122070312,-0.009799990644768108,137.280029296875,0.020761205774404212,20.429851531982422,0.003170773912694047,88.94578552246094,-0.017796668601570254,45.80951690673828,79.94,-0.87,108.70714000000001,96.70328,11.84,2.72,1175.0226630434784
2020-11-27,6.738216400146484,27853900,0.027502953776162853,-0.007700623251016392,-0.029702717360844177,0.38063857045725635,0.09,261.8938,6.7,20.84,113.19962,0.84,80.19333333333334,45.428,75.54593658447266,336.2494812011719,0.002153292875258339,0.0027851342888509656,70.46666666666667,0.028614833753002555,121.86000061035156,-0.008313415104775235,136.13876342773438,0.045036348185989006,21.349937438964844,-0.011149994227289683,87.95404052734375,-0.009490627204132962,45.374755859375,80.19333333333334,-0.91,110.01769333333334,96.75402000000001,11.826666666666668,2.7175000000000002,1175.5120326086958
2020-11-30,6.7308030128479,77970100,0.015418776372130072,-0.01872223312826582,-0.0242290098194774,0.3403086829904991,0.09,262.0072,6.7,20.57,113.2256,0.84,80.57333333333334,45.2,75.08756256103516,334.7608337402344,-0.006067487467376398,-0.004427211175522583,70.86666666666666,-0.02593142660661485,118.69999694824219,-0.006387364253938821,135.26919555664062,-0.07414265544445553,19.766996383666992,-0.03400532532429723,84.963134765625,-0.01306638575771435,44.7818717956543,80.57333333333334,-0.93,111.98352333333334,96.83013000000001,11.806666666666667,2.71375,1176.2460869565218
2020-12-01,6.8494086265563965,68863000,0.0010822005268495971,-0.009740222445291491,-0.04870139069555379,0.2911254474737319,0.09,262.045,6.7,20.77,112.8063,0.92,80.7,44.54,75.64619445800781,338.4222717285156,0.007439739391175149,0.010937474218153165,71.0,0.029570364165729224,122.20999908447266,0.020374163480166185,138.0251922607422,0.008508434183916114,19.935182571411133,0.0005514404799875638,85.0099868774414,0.017652331710777514,45.5723762512207,80.7,-0.89,112.6388,96.8555,11.8,2.7125,1176.4907717391304
2020-12-02,6.819756984710693,48345000,0.027173834383519502,-0.01739119247588483,-0.07391288266234519,0.33369561196993414,0.09,262.06570967741936,6.690322580645161,21.17,112.6115,0.95,80.64516129032258,45.23,75.17352294921875,339.1342468261719,-0.006248450595243704,0.0021038068624141815,71.29032258064517,-0.009900982681754988,121.0,-0.005996825645652293,137.19747924804688,0.05012410808229073,20.934415817260742,-0.012768490604696647,83.9245376586914,-0.005203856351533198,45.33522415161133,80.64516129032258,-0.9,112.77830967741936,96.88596129032258,12.048387096774194,2.71125,1176.7354565217393
2020-12-03,6.8271708488464355,50302100,-0.009772018593878884,-0.014115339740592314,-0.06080356260452602,0.37350697026006086,0.09,262.0864193548387,6.680645161290323,21.28,112.0236,0.92,80.59032258064516,45.65,75.38361358642578,339.0417785644531,0.0027947424700176526,-0.0002726597581462764,71.58064516129032,0.001322344314953483,121.16000366210938,-0.006430719042495592,136.31520080566406,0.08128538567556243,22.636077880859375,-0.00865378557778762,83.19827270507812,-0.0026154549211202527,45.216651916503906,80.59032258064516,-0.94,112.91781935483871,96.91642258064516,12.296774193548387,2.71,1176.9801413043479
2020-12-04,6.923537254333496,48775500,-0.034261290342575745,-0.04175613700273628,-0.053533300596224076,0.34582412458651035,0.09,262.10712903225806,6.670967741935484,20.79,111.7778,0.97,80.53548387096774,46.23,75.4552230834961,341.96356201171875,0.0009499345237438117,0.008617768168975637,71.87096774193549,0.018075229001471182,123.3499984741211,0.02782420387498674,140.10806274414062,0.02491265458604719,23.200002670288086,-0.009104294154478665,82.44081115722656,0.008741129244122847,45.61189651489258,80.53548387096774,-0.92,113.05732903225807,96.94688387096775,12.54516129032258,2.71,1177.2248260869565
2020-12-07,6.834583759307861,58305200,-0.033622590299515975,-0.03145363398904122,-0.01735360399565733,0.40021702121395264,0.09,262.16925806451616,6.641935483870968,21.3,111.8385,0.94,80.37096774193549,45.72,75.28333282470703,341.2608642578125,-0.0022780432124474004,-0.002054890730966763,72.74193548387096,0.0008917763414049151,123.45999908447266,0.0009086134991453942,140.23536682128906,-0.010660926644119995,22.952669143676758,-0.02690168006054594,80.22301483154297,-0.016464488869801785,44.86091995239258,80.37096774193549,-0.94,113.47585806451613,97.03826774193548,13.290322580645162,2.71,1177.9588804347827
2020-12-08,6.856821060180664,56296700,-0.010810723601364036,-0.04972977363517539,-0.02702701762945736,0.38486470879002743,0.09,262.1899677419355,6.6322580645161295,20.68,111.8639,0.92,80.31612903225806,45.64,75.12577819824219,342.2593994140625,-0.0020928221500461364,0.0029260171933915835,73.03225806451613,-0.00315891294784143,123.06999969482422,0.007329117732345347,141.26316833496094,0.015948150747614465,23.318721771240234,0.002530767739125972,80.42604064941406,0.016740106161375,45.61189651489258,80.31612903225806,-0.97,113.61536774193549,97.06872903225808,13.538709677419355,2.71,1178.2035652173913
2020-12-09,7.005075931549072,60780300,-0.04338606121733135,-0.048676956299386176,-0.015872889456866934,0.4148150371775794,0.09,262.21067741935485,6.622580645161291,22.27,112.0305,0.95,80.26129032258065,45.48,75.05413055419922,339.1896667480469,-0.0009537025207766447,-0.008969023703281565,73.3225806451613,0.00536283142720384,123.7300033569336,-0.009078268184647742,139.98074340820312,-0.03733553328448547,22.448104858398438,0.017186192383283005,81.80825805664062,0.006065793891971039,45.88856887817383,80.26129032258065,-0.96,113.75487741935484,97.09919032258065,13.787096774193548,2.71,1178.4482500000001
2020-12-10,6.76045560836792,83372800,-0.004386183008629807,-0.028508919956921064,0.07236856351131071,0.44736830782814385,0.09,262.2313870967742,6.612903225806452,22.52,111.9788,0.92,80.20645161290322,46.76,74.98729705810547,339.07879638671875,-0.0008904705923611367,-0.00032686833414208305,73.61290322580645,0.0033944731071711143,124.1500015258789,-0.02014328229874318,137.16107177734375,-0.016306786010213736,22.082048416137695,-0.016513733575609035,80.4572982788086,-0.006890444280198915,45.5723762512207,80.20645161290322,-0.96,113.8943870967742,97.12965161290323,14.035483870967742,2.71,1178.6929347826087
2020-12-11,6.686327934265137,73438200,-0.0077607396133259066,-0.014412170489663367,0.08425732938931474,0.38470056794039986,0.09,262.25209677419355,6.603225806451613,23.31,112.1417,0.9,80.15161290322581,46.59,74.62918853759766,338.68121337890625,-0.004775589127186786,-0.001172538690266678,73.90322580645162,-0.015384644692986504,122.23999786376953,-0.005238631979484265,136.44253540039062,-0.04480290097399642,21.092708587646484,-0.023585539469692773,78.5596694946289,-0.007805700820950001,45.216651916503906,80.15161290322581,-0.97,114.03389677419355,97.16011290322581,14.283870967741937,2.704285714285714,1178.9376195652173
2020-12-14,6.604787349700928,76826000,0.0022444195080542073,-0.010100898525857938,0.14141416766711834,0.42424214202292165,0.09,262.31422580645165,6.574193548387097,24.72,112.1708,0.9,79.98709677419355,47.02,74.73900604248047,337.1648864746094,0.0014715087626537837,-0.0044771509147761845,74.7741935483871,-0.004826540806620039,121.6500015258789,-0.0082662539876881,135.31466674804688,-0.018292642124439373,20.706867218017578,0.012293612889924033,79.52545166015625,-0.014860366848855389,44.544715881347656,79.98709677419355,-0.98,114.45242580645161,97.25149677419355,15.029032258064516,2.6871428571428573,1179.6716739130436
2020-12-15,6.782693862915039,69606100,-0.039344391374221965,-0.03169412429680396,0.07431705091413732,0.36502727015805303,0.09,262.334935483871,6.564516129032258,22.89,111.8601,0.92,79.93225806451613,47.58,75.74646759033203,341.7231140136719,0.013479729008958774,0.013519283062727094,75.06451612903226,0.007891484360305956,122.61000061035156,0.014855014365162234,137.32476806640625,0.028667061765258017,21.300472259521484,0.01688396286873206,80.86815643310547,0.023957513532862906,45.61189651489258,79.93225806451613,-0.99,114.59193548387097,97.28195806451613,15.27741935483871,2.6814285714285715,1179.9163586956522
2020-12-16,6.70115327835083,55274500,-0.005530857190715666,-0.027654997528344993,0.10840713490326181,0.41924754241643813,0.09,262.35564516129034,6.554838709677419,22.5,111.7157,0.92,79.87741935483871,47.86,76.2430648803711,342.2593994140625,0.006556045527097876,0.0015693565298868783,75.35483870967742,0.0018758317135156855,122.83999633789062,-0.002185735638769004,137.0246124267578,0.010682706426512034,21.528018951416016,0.004952002212169182,81.26861572265625,-0.012131671417764722,45.05854797363281,79.87741935483871,-1.0,114.73144516129032,97.31241935483871,15.525806451612903,2.6757142857142857,1180.1610434782608
2020-12-17,6.7308030128479,49301600,-0.0242290098194774,-0.061673759452097965,0.19603554017893932,0.41519832394378464,0.09,262.3763548387097,6.545161290322581,21.93,111.2226,0.94,79.8225806451613,48.34,76.76348876953125,344.1733093261719,0.006825852160806001,0.005591986415525607,75.64516129032258,0.016688400462980812,124.88999938964844,0.010488143433579733,138.4617462158203,-0.005974369183623929,21.399402618408203,-0.011207618446795187,80.3577880859375,0.014034999493727884,45.69094467163086,79.8225806451613,-1.0,114.87095483870968,97.3428806451613,15.774193548387096,2.67,1180.4057282608696
2020-12-18,6.634437084197998,78764600,-0.006703454642326356,-0.033519429402814827,0.288268314705878,0.364246167172521,0.09,262.39706451612903,6.5354838709677425,21.57,111.6071,0.95,79.76774193548387,49.04,76.39108276367188,342.79901123046875,-0.0048513428952852156,-0.003993040885110322,75.93548387096774,-0.004724127958795732,124.30000305175781,0.004795448737297647,139.125732421875,-0.007859387046602051,21.231216430664062,-0.0038111944413641297,80.05152893066406,0.008650475842127747,46.0861930847168,79.76774193548387,-1.0,115.01046451612903,97.37334193548388,16.02258064516129,2.6685714285714286,1180.6504130434782
2020-12-21,6.6196112632751465,63908100,-0.01231767201055789,-0.010078206606657036,0.2900340728080897,0.359462902879927,0.09,262.45919354838713,6.506451612903226,25.16,111.9415,0.95,79.60322580645162,47.79,75.52811431884766,341.57342529296875,-0.011296717019890323,-0.003575231833664816,76.80645161290323,-0.00788417806012065,123.31999969482422,-0.005753067864155859,138.32533264160156,-0.01863937921919434,20.835479736328125,0.013242202964894867,81.11158752441406,-0.01629487885287073,45.33522415161133,79.60322580645162,-1.0,115.4289935483871,97.46472580645163,16.767741935483873,2.664285714285714,1181.3844673913043
2020-12-22,6.515832901000977,59031200,0.007963589665979987,0.030716901632323657,0.28441431391208827,0.40159295211337365,0.09,262.4799032258065,6.496774193548387,24.23,112.1947,0.93,79.54838709677419,47.02,75.20284271240234,340.9976806640625,-0.004306629516422911,-0.0016855662246336722,77.09677419354838,0.013947463711965202,125.04000091552734,-0.002104400642935933,138.03424072265625,-0.059354114395440694,19.59880828857422,0.008034739919962064,81.76329803466797,0.0026154549211203637,45.45379638671875,79.54838709677419,-1.01,115.56850322580645,97.4951870967742,17.016129032258064,2.662857142857143,1181.629152173913
2020-12-23,6.664090156555176,54086700,-0.022247186348216652,0.0011121518130514652,0.2447163308077429,0.36818686268434786,0.09,262.50061290322583,6.487096774193549,23.31,111.9807,0.96,79.49354838709678,47.94,75.365478515625,341.3041687011719,0.002162628397501143,0.0008987980109205207,77.38709677419355,0.026471570407492262,128.35000610351562,0.0062601893477622905,138.8983612060547,0.05704195059666661,20.71676254272461,-0.017189986002454583,80.3577880859375,0.005217348247316123,45.69094467163086,79.49354838709678,-1.01,115.70801290322581,97.52564838709678,17.26451612903226,2.6614285714285715,1181.8738369565217
2020-12-24,6.567722320556641,27927000,-0.038374526409821974,0.04966148067391951,0.2178330406943414,0.37133187236486953,0.09,262.5213225806452,6.47741935483871,21.53,111.9796,0.94,79.43870967741935,48.18,75.52334594726562,342.63189697265625,0.002094691558389039,0.0038901613084219022,77.6774193548387,0.0005453218706763518,128.4199981689453,0.004518039034618004,139.52590942382812,-0.004775653566940208,20.617826461791992,0.002052093982752412,80.52268981933594,0.006920414069354619,46.007144927978516,79.43870967741935,-1.03,115.84752258064516,97.55610967741936,17.51290322580645,2.66,1182.1185217391305
2020-12-28,6.589963436126709,38068400,-0.02699694757403226,0.10011233593255642,0.2058489213760628,0.40157429493374,0.09,262.60416129032257,6.4387096774193555,21.7,111.9752,0.94,79.21935483870968,47.5,76.38438415527344,345.5754699707031,0.011400954197779312,0.00859106529209619,78.83870967741936,-0.0021803362660737236,128.13999938964844,0.003520462118751455,140.01710510253906,0.04174656805257593,21.47854995727539,0.00029239350518794893,80.54623413085938,-0.00429559412020919,45.80951690673828,79.21935483870968,-1.03,116.40556129032258,97.67795483870968,18.506451612903227,2.665714285714286,1183.0972608695652
2020-12-29,6.5380730628967285,37537900,0.0022673944247433298,0.10884353840724303,0.19387721091742138,0.38888844724287575,0.09,262.62487096774197,6.429032258064517,23.08,111.5172,0.94,79.16451612903226,47.85,76.40828704833984,344.9161682128906,0.0003129290538994578,-0.0019078372601747384,79.12903225806451,-0.0005462155904719657,128.07000732421875,-0.011173517988622872,138.45262145996094,-0.012897140258020912,21.2015380859375,-0.017742226368041347,79.1171646118164,0.0008627918615602415,45.84904098510742,79.16451612903226,-1.02,116.54507096774194,97.70841612903226,18.75483870967742,2.6671428571428573,1183.341945652174
2020-12-30,6.567722320556641,38461900,0.022573545512575066,0.14785575385566152,0.22234808377122706,0.37358939390331236,0.09,262.6455806451613,6.419354838709678,22.77,111.3084,0.93,79.10967741935484,48.24,76.86751556396484,345.4083557128906,0.0060101925244635535,0.0014269771769475081,79.41935483870968,0.02123827443086035,130.7899932861328,0.012942227868865341,140.2445068359375,0.016798833938842517,21.55769920349121,0.0061531073394569535,79.6039810180664,0.012069172516199433,46.402400970458984,79.10967741935484,-1.03,116.68458064516129,97.73887741935485,19.003225806451614,2.6685714285714286,1183.5866304347826
2020-12-31,6.515832901000977,40176500,0.02389084217924564,0.1183165343207151,0.235495099340695,0.44482363744459086,0.09,262.66629032258066,6.409677419354839,22.75,111.3169,0.93,79.05483870967743,48.35,76.91059112548828,347.1632385253906,0.0005603870660759736,0.005080603243885262,79.70967741935483,-0.003822922438004417,130.2899932861328,0.005966556211554952,141.08128356933594,-0.005966055303264994,21.42908477783203,-0.01568346803429188,78.35551452636719,0.002555303877118442,46.520973205566406,79.05483870967743,-1.06,116.82409032258064,97.76933870967743,19.251612903225805,2.67,1183.8313152173914
2021-01-04,6.3156890869140625,85043100,0.09154916285137893,0.1760563263309214,0.314553762336768,0.5164316087024801,0.08903225806451613,262.7733225806452,6.380645161290323,26.97,111.2075,0.93,78.78709677419354,47.47,76.25999450683594,342.4369201660156,-0.00845912908913704,-0.013614109545268982,80.48387096774194,-0.00598663611551431,129.50999450683594,-0.02069489589064477,138.16162109375,-0.05909508596875557,20.162731170654297,0.007014654222395,78.9051513671875,-0.033135020238300394,44.97949981689453,78.78709677419354,-1.08,116.68475483870968,97.4069741935484,18.870967741935484,2.6585714285714284,1184.9128333333333
2021-01-05,6.412054538726807,70127800,0.13063605832445213,0.2554914448541252,0.3144506829860787,0.47167635912493244,0.08870967741935483,262.80209677419356,6.3741935483870975,25.34,110.9574,0.96,78.71612903225807,49.78,76.82923889160156,344.7954406738281,0.007464521712161831,0.006887459759505665,80.64516129032258,0.029959115492107502,133.38999938964844,0.0021722756268665044,138.4617462158203,0.010794925550639212,20.380386352539062,0.005075391674698393,79.30562591552734,0.007029705271074604,45.295692443847656,78.71612903225807,-1.07,116.5918064516129,97.27603225806452,18.661290322580644,2.6557142857142857,1185.1917777777778
2021-01-06,6.5528974533081055,72590200,0.10633504050450493,0.3042986163574368,0.3020364241470681,0.41515840511956337,0.08838709677419354,262.83087096774193,6.367741935483871,25.07,110.8502,1.04,78.64516129032258,50.45,77.61375427246094,346.85675048828125,0.010211156483877826,0.005978355776470545,80.80645161290323,0.03538497070470359,138.11000061035156,0.03823178806706329,143.75538635253906,-0.009708763305329438,20.182518005371094,0.048613785405262844,83.16097259521484,0.027923376077164885,46.56050109863281,78.64516129032258,-1.02,116.49885806451613,97.14509032258064,18.451612903225808,2.6528571428571426,1185.4707222222223
2021-01-07,6.715979099273682,77117100,0.12251657486434131,0.27152332551074676,0.27593812997317824,0.3807946349830724,0.08806451612903225,262.85964516129036,6.361290322580645,22.37,111.3042,1.08,78.5741935483871,50.63,79.11102294921875,352.0101318359375,0.019291280144775547,0.014857376540608369,80.96774193548387,0.04843966701789171,144.8000030517578,0.031192678857885126,148.239501953125,0.016666616264006118,20.518892288208008,0.016995479388903334,84.57433319091797,-0.008489002877050456,46.16524887084961,78.5741935483871,-1.01,116.40590967741936,97.01414838709678,18.241935483870968,2.65,1185.7496666666666
2021-01-08,6.671501636505127,59162200,0.09222242083979793,0.2544445765120287,0.3255555135448809,0.375555538560689,0.08774193548387096,262.88841935483873,6.35483870967742,21.56,111.2847,1.13,78.50322580645161,52.14,80.74221801757812,354.0158386230469,0.020619061763446522,0.005697866639941429,81.12903225806451,0.005248580737697184,145.55999755859375,-0.038225638969085374,142.5729522705078,-0.013018264220902243,20.251771926879883,-0.0012999165473422947,84.46439361572266,-0.015410996399503829,45.45379638671875,78.50322580645161,-0.93,116.31296129032258,96.8832064516129,18.032258064516128,2.67,1186.028611111111
2021-01-11,6.893885135650635,95968300,0.07741947532513338,0.20322600168424398,0.2645157452606861,0.3118281310251927,0.0867741935483871,262.9747419354839,6.335483870967742,24.08,111.8257,1.15,78.29032258064517,52.15,79.23538970947266,351.62945556640625,-0.018662210985799565,-0.006740893475056131,81.61290322580645,-0.0032975799367257475,145.0800018310547,0.029282312361289753,146.74781799316406,-0.01612119541963697,19.925289154052734,0.029841069172499513,86.98490142822266,0.0034782601397849167,45.61189651489258,78.29032258064517,-0.91,116.03411612903226,96.4903806451613,17.403225806451612,2.73,1186.8654444444444
2021-01-12,7.24970006942749,124808500,0.11042933365728902,0.10327174469042877,0.17075626805355504,0.2515333250941234,0.08645161290322581,263.0035161290323,6.329032258064516,23.33,111.5501,1.15,78.21935483870968,53.08,80.44564819335938,351.7037353515625,0.015274216335961599,0.00021124449041565185,81.7741935483871,0.04142538207184865,151.08999633789062,0.012953994716793149,148.64878845214844,-0.0004965256605264923,19.915395736694336,0.035475650332396746,90.07074737548828,0.007798770331904903,45.967613220214844,78.21935483870968,-0.93,115.94116774193549,96.35943870967742,17.193548387096776,2.75,1187.144388888889
2021-01-13,7.24970006942749,89549300,0.17893636972996685,0.096114353043659,0.17075626805355504,0.2515333250941234,0.08612903225806451,263.03229032258065,6.322580645161291,22.21,111.3622,1.1,78.14838709677419,52.81,80.44085693359375,352.6509094238281,-5.955896774068048e-05,0.0026931021114087184,81.93548387096774,-0.03329140844009304,146.05999755859375,-0.003059584080924327,148.19398498535156,-0.0014903169621937051,19.88571548461914,-0.012989175701033195,88.90080261230469,-0.01719690420040143,45.1771125793457,78.14838709677419,-0.96,115.8482193548387,96.22849677419354,16.983870967741936,2.77,1187.4233333333334
2021-01-14,7.538797855377197,112695300,0.13274347478068482,0.035398028020864114,0.13470982456994784,0.20255622942560736,0.08580645161290322,263.061064516129,6.316129032258065,23.25,111.1567,1.15,78.07741935483871,53.47,79.92901611328125,351.4159240722656,-0.006362945893714667,-0.0035020052935075263,82.09677419354838,-0.012597537783420099,144.22000122070312,-0.007058145656510306,147.14801025390625,0.040796033548177624,20.69697380065918,0.0061827574494057735,89.45045471191406,-0.0034993936033790307,45.019020080566406,78.07741935483871,-0.94,115.75527096774194,96.09755483870968,16.774193548387096,2.79,1187.702277777778
2021-01-15,7.286763668060303,99985000,0.14852483576330555,0.10172954125887657,0.16785310504872863,0.23194309231499033,0.08548387096774193,263.08983870967745,6.309677419354839,24.34,111.5106,1.11,78.00645161290322,52.25,79.31194305419922,348.8531799316406,-0.00772026341732357,-0.007292623825714828,82.25806451612904,-0.010192769437392779,142.75,-0.015144099253672882,144.91958618164062,-0.006214073591108815,20.568361282348633,0.0007022077794693882,89.51326751708984,-0.029850698209866522,43.6751708984375,78.00645161290322,-0.99,115.66232258064517,95.96661290322581,16.564516129032256,2.7871428571428574,1187.9812222222222
2021-01-19,7.427606105804443,78732800,0.11676652338324023,0.08383232802538187,0.14071826860156755,0.14271431156772119,0.08419354838709678,263.204935483871,6.283870967741936,23.24,111.4527,1.1,77.72258064516129,52.87,79.76158905029297,351.59234619140625,0.005669335270054754,0.007851917131162178,82.90322580645162,-0.001260894401269752,142.57000732421875,0.0027614780809586126,145.3197784423828,0.0038480138393479635,20.64750862121582,-0.020877151458025378,87.64448547363281,-0.009049640568271067,43.27992630004883,77.72258064516129,-1.0,115.29052903225806,95.44284516129032,15.725806451612904,2.775714285714286,1189.097
2021-01-20,8.05027961730957,125033200,-0.0064457852020949336,0.031307388764566735,0.06629796489415773,0.08011059868527837,0.08387096774193549,263.23370967741937,6.27741935483871,21.58,111.32499999999999,1.1,77.65161290322581,53.16,81.26840209960938,356.4578857421875,0.01889146225968874,0.013838582106484365,83.06451612903226,0.017885864220865244,145.1199951171875,-0.0024406539616999012,144.96510314941406,-0.004312421312375414,20.558467864990234,0.005464870455785142,88.12345123291016,0.025570766677011303,44.386627197265625,77.65161290322581,-1.02,115.1975806451613,95.31190322580646,15.516129032258064,2.7728571428571427,1189.3759444444445
2021-01-21,8.546935081481934,282394100,-0.07025147311833113,-0.013876976082978665,0.014744182481114088,0.035559256072592804,0.08354838709677419,263.26248387096774,6.270967741935484,21.32,111.1973,1.12,77.58064516129032,53.0,81.64632415771484,356.7828674316406,0.004650295174282615,0.000911697292869551,83.2258064516129,-0.008751302759115509,143.85000610351562,0.0024466253274981753,145.3197784423828,-0.001925025592477203,20.518892288208008,0.020226367356543484,89.90586853027344,0.001780986221012526,44.46567916870117,77.58064516129032,-0.98,115.10463225806451,95.18096129032259,15.306451612903226,2.77,1189.654888888889
2021-01-22,8.53952407836914,130866600,-0.08593776872443981,-0.0008680706785759718,0.008680371752691984,0.06076383072342573,0.0832258064516129,263.2912580645161,6.264516129032258,21.91,111.5516,1.1,77.50967741935483,52.28,81.36888122558594,355.5201110839844,-0.0033981068344605125,-0.003539285271028869,83.38709677419355,-0.030309352974334014,139.49000549316406,-0.01934011411768799,142.50927734375,-0.025072298643710855,20.004436492919922,0.0037554706995215348,90.2435073852539,-0.0142224737957507,43.83326721191406,77.50967741935483,-0.99,115.01168387096774,95.05001935483871,15.096774193548386,2.7642857142857142,1189.9338333333333
2021-01-25,8.36902904510498,118954500,-0.040743824641222504,0.023914932865275906,0.08680229405224482,0.08680229405224482,0.08225806451612903,263.3775806451613,6.245161290322581,23.19,111.8676,1.05,77.29677419354839,52.78,81.67024993896484,356.92218017578125,0.0037037342635128923,0.003943712459815396,83.87096774193549,-0.0034411855145539683,139.00999450683594,-0.004786772037182363,141.82711791992188,-0.04945602086024081,19.01509666442871,-0.010354065728433004,89.30912017822266,-0.0108204703868231,43.358970642089844,77.29677419354839,-1.03,114.73283870967742,94.6571935483871,14.46774193548387,2.7471428571428573,1190.7706666666668
2021-01-26,8.294901847839355,66267500,-0.02949067210403511,0.06613024965408054,0.05093784832662385,0.11617500217008025,0.08193548387096775,263.40635483870966,6.238709677419355,23.02,111.6572,1.05,77.2258064516129,52.61,81.61762237548828,356.36505126953125,-0.0006443908707992607,-0.0015609254263089234,84.03225806451613,-0.023811219979804954,135.6999969482422,-0.0035912622802772853,141.31777954101562,-0.026014538306116552,18.520427703857422,0.008440170255661128,90.06290435791016,0.021877843385011753,44.30757141113281,77.2258064516129,-1.03,114.63989032258064,94.52625161290322,14.258064516129032,2.7414285714285715,1191.049611111111
2021-01-27,7.99838924407959,82863000,0.03799810156745287,0.08989773240924359,0.08433740685942004,0.15199276396970096,0.08161290322580646,263.4351290322581,6.232258064516129,37.21,112.0782,1.04,77.15483870967742,52.81,79.10145568847656,347.65533447265625,-0.030828718281401213,-0.02444043478968294,84.19354838709677,-0.05703756844387897,127.95999908447266,-0.043123060633800336,135.22372436523438,0.013888926078353236,18.77765655517578,-0.009851733098399151,89.17562866210938,-0.013381014353552878,43.714691162109375,77.15483870967742,-1.04,114.54694193548387,94.39530967741936,14.048387096774194,2.7357142857142858,1191.3285555555556
2021-01-28,7.946500301361084,77388700,0.060634134290515895,0.0680968320528168,0.11753739974733901,0.0503732398984964,0.08129032258064517,263.46390322580646,6.225806451612903,30.21,112.0059,1.07,77.08387096774193,52.26,79.35022735595703,350.6452331542969,0.0031449695244571974,0.008600180653565603,84.35483870967742,0.04266957739557542,133.4199981689453,0.037936488986373584,140.3536376953125,0.04004215380552356,19.52955436706543,-0.011094562930104912,88.18626403808594,0.010849908163885091,44.18899154663086,77.08387096774193,-1.06,114.4539935483871,94.26436774193549,13.838709677419354,2.73,1191.6075
2021-01-29,7.805656433105469,73925800,0.09306773120594891,0.08736938020903073,0.19183332469946812,0.09591654017239715,0.08096774193548387,263.49267741935483,6.219354838709678,33.09,111.9511,1.11,77.01290322580645,52.16,77.49896240234375,343.6254577636719,-0.02333030433937755,-0.020019594527144302,84.51612903225806,0.0013491825591420703,133.60000610351562,-0.022292909842517306,137.22474670410156,-0.05420470585776438,18.47096061706543,-0.031074640423921274,85.44590759277344,-0.021466816081210816,43.240394592285156,77.01290322580645,-1.02,114.36104516129032,94.13342580645161,13.629032258064516,2.73,1191.8864444444446
2021-02-01,8.028042793273926,157114400,0.06740509904178094,0.06555834494434731,0.12373014867047605,0.07386873838279895,0.08,263.579,6.2,30.24,112.4189,1.09,76.8,53.55,79.51282501220703,349.3453063964844,0.025985671903684393,0.01664559043453151,85.0,0.03869758931702072,138.77000427246094,0.014515808179126344,139.2166748046875,0.006962957746318832,18.599573135375977,-0.010384063096730678,84.55863189697266,-0.004570537290442767,43.042762756347656,76.8,-1.02,114.0822,93.7406,13.0,2.73,1192.7232777777779
2021-02-02,8.05027961730957,80440700,0.09852653551039947,0.05708993724922484,0.09852653551039947,0.05064450744136284,0.07964285714285714,263.62835714285717,6.196428571428571,25.56,112.2862,1.12,77.08928571428571,54.77,81.20144653320312,354.28509521484375,0.021237096289018265,0.014140132207052014,85.10714285714286,0.01794328859056704,141.25999450683594,0.019142883197438287,141.88168334960938,0.03457456381473567,19.242645263671875,0.010121472284034594,85.41448974609375,0.0036731829637906,43.20086669921875,77.08928571428571,-1.03,113.532675,93.84551428571429,13.471428571428572,2.73,1193.0022222222221
2021-02-03,8.302312850952148,82968600,0.04999973580242423,0.02053561808333626,0.0955356812610173,0.03660710121730748,0.07928571428571429,263.6777142857143,6.192857142857143,22.91,112.2567,1.15,77.37857142857143,55.67,80.74700927734375,354.56365966796875,-0.005596418232199252,0.000786272007734512,85.21428571428571,0.013379579945806741,143.14999389648438,0.06679889072887923,151.35922241210938,0.050899780030862374,20.222091674804688,0.014157003810834512,86.62370300292969,0.007319303535023192,43.517066955566406,77.37857142857143,-1.04,112.98315,93.95042857142857,13.942857142857143,2.73,1193.2811666666666
2021-02-04,8.428329467773438,106845000,0.007036071649054287,0.01846953249607597,0.11257714638486926,0.032541902096281605,0.07892857142857143,263.72707142857143,6.189285714285714,21.77,112.7469,1.15,77.66785714285714,56.19,81.6080322265625,358.5935363769531,0.01066321783214752,0.011365735317483416,85.32142857142857,-0.006985679655167387,142.14999389648438,0.020131099640525507,154.40625,0.02984342872234058,20.82558822631836,0.031907244197654006,89.38762664794922,0.01544048434492451,44.18899154663086,77.66785714285714,-1.02,112.433625,94.05534285714286,14.414285714285715,2.73,1193.5601111111112
2021-02-05,8.532111167907715,113402100,-0.005213172829309887,0.01650722562073259,0.0920935371075855,0.026932900631046586,0.07857142857142857,263.7764285714286,6.185714285714286,20.87,112.2379,1.19,77.95714285714286,56.8,82.38777923583984,360.0048828125,0.009554782636010506,0.0039357832542281646,85.42857142857143,0.03503349419736623,147.1300048828125,0.019615841934830902,157.43505859375,0.012351485162116926,21.082815170288086,0.006061087134368925,89.92941284179688,0.02593932481511585,45.33522415161133,77.95714285714286,-1.02,111.8841,94.16025714285715,14.885714285714286,2.73,1193.8390555555557
2021-02-08,8.569173812866211,75756700,-0.0017301342284119503,0.00519029139395677,0.11678216846606126,0.012975784130531354,0.0775,263.9245,6.175,21.24,112.0428,1.19,78.825,57.95,82.85658264160156,362.6048889160156,0.005690205636199375,0.007222141219872746,85.75,0.011146600524853278,148.77000427246094,0.01039954392777287,159.0723114013672,0.014078026378510966,21.379619598388672,0.02942456021042439,92.57554626464844,0.0,45.33522415161133,78.825,-1.03,110.235525,94.47500000000001,16.3,2.73,1194.675888888889
2021-02-09,8.843445777893066,102250800,-0.037720161435993105,0.028499545725370057,0.07376352376921225,-0.02933799919659441,0.07714285714285715,263.9738571428571,6.171428571428572,21.63,111.7675,1.18,79.11428571428571,58.34,82.39734649658203,362.36346435546875,-0.005542542672873352,-0.000665806137552627,85.85714285714286,-0.0032937116293056956,148.27999877929688,-0.01343697814562983,156.9348602294922,-0.025913995780919685,20.82558822631836,0.004749852110529806,93.01526641845703,-0.02005224178304299,44.426151275634766,79.11428571428571,-1.04,109.68599999999999,94.57991428571428,16.771428571428572,2.73,1194.9548333333335
2021-02-10,8.717426300048828,76282500,-0.028061071555004924,0.0,0.13690513959043793,-0.03656440668101679,0.07678571428571429,264.0232142857143,6.167857142857143,21.99,111.5834,1.15,79.40357142857142,58.69,81.58413696289062,362.2055358886719,-0.009869365559304066,-0.00043582889096660526,85.96428571428571,0.010857840731088197,149.88999938964844,0.012113020634264782,158.8358154296875,-0.0057007277302615345,20.706867218017578,0.0029547158201193024,93.29010009765625,0.01690358678724424,45.1771125793457,79.40357142857142,-1.06,109.136475,94.68482857142857,17.242857142857144,2.73,1195.2337777777777
2021-02-11,8.487631797790527,55762900,0.011353576270906496,0.021834224033522975,0.15283855699041138,0.008733779501786998,0.07642857142857143,264.07257142857145,6.164285714285715,21.25,111.5272,1.16,79.69285714285715,58.22,81.35929870605469,362.79052734375,-0.00275590654269231,0.001615081485827785,86.07142857142857,0.027086513944399426,153.9499969482422,-0.007272708758107038,157.68064880371094,-0.0100333795059524,20.499107360839844,0.0065650832698165296,93.90255737304688,-0.011373388075514246,44.66329574584961,79.69285714285715,-1.04,108.58695,94.78974285714285,17.714285714285715,2.73,1195.5127222222222
2021-02-12,8.487631797790527,44401200,0.021834224033522975,0.046288469557109746,0.09082984613244571,0.0340616276964969,0.07607142857142858,264.12192857142855,6.160714285714286,19.97,111.4889,1.2,79.98214285714286,59.5,81.47413635253906,364.58270263671875,0.001411487664111588,0.004939972678147164,86.17857142857143,0.015199716689032083,156.2899932861328,0.022323435257199264,161.20062255859375,-0.005791520879956824,20.380386352539062,0.007692966426053438,94.62494659423828,0.01769911126503909,45.45379638671875,79.98214285714286,-1.01,108.037425,94.89465714285714,18.185714285714287,2.7414285714285715,1195.7916666666667
2021-02-16,8.55434799194336,48392100,0.00693241963887159,0.0875219791025168,0.099653239662854,0.052859546455673145,0.07464285714285715,264.31935714285714,6.146428571428571,21.46,111.7879,1.3,81.13928571428572,60.07,81.1201400756836,364.26690673828125,-0.004344891430621889,-0.0008661845341362273,86.60714285714286,-0.007678015226766699,155.08999633789062,0.010608130442075314,162.91065979003906,0.09077665614244457,22.230449676513672,0.001991504901238672,94.81339263916016,-0.02173893704302987,44.46567916870117,81.13928571428572,-0.94,105.839325,95.31431428571429,20.071428571428573,2.7871428571428574,1196.9074444444445
2021-02-17,8.509869575500488,49554000,0.06881543653682032,0.060104816129110006,0.08797931694131456,0.05749164121348227,0.07428571428571429,264.3687142857143,6.142857142857142,21.5,112.0204,1.29,81.42857142857143,61.09,81.58892059326172,364.3504943847656,0.005778842555507868,0.00022946813157642687,86.71428571428571,0.009542917153106734,156.57000732421875,-0.02026701039936918,159.60894775390625,0.03248784786958692,22.952669143676758,-0.019958670294247804,92.9210433959961,0.004444249606504025,44.66329574584961,81.42857142857143,-0.92,105.2898,95.41922857142858,20.542857142857144,2.7985714285714285,1197.1863888888888
2021-02-18,8.472805976867676,37777100,0.028871229182989788,0.04374463454460131,0.12248472909930364,0.059492946103954836,0.07392857142857143,264.41807142857147,6.139285714285714,22.49,112.1603,1.29,81.71785714285714,60.4,81.61283111572266,362.7998962402344,0.00029306089953240466,-0.004255787129229915,86.82142857142857,-0.04611356506966402,149.35000610351562,-0.016583251530668974,156.9621124267578,-0.0133621864864234,22.645971298217773,-0.013351290508431979,91.68042755126953,0.010619466759023366,45.137596130371094,81.71785714285714,-0.87,104.740275,95.52414285714286,21.014285714285712,2.81,1197.4653333333333
2021-02-19,8.583996772766113,48615600,0.010362990756666024,0.05958566923820352,0.10967203212363819,0.07858405974554095,0.07357142857142858,264.46742857142857,6.135714285714285,22.05,111.7058,1.34,82.00714285714287,59.12,81.13926696777344,362.15924072265625,-0.005802569785598122,-0.0017658646659421962,86.92857142857143,0.029795760069523336,153.8000030517578,0.016457416876153097,159.54530334472656,0.0742683553481085,24.327850341796875,0.010620270710759439,92.65409851074219,0.0,45.137596130371094,82.00714285714287,-0.8,104.19075,95.62905714285715,21.485714285714284,2.8328571428571427,1197.7442777777778
2021-02-22,8.672952651977539,62183000,0.02393171509470271,0.08119658025675558,0.04358985072985688,0.1393162712703082,0.07250000000000001,264.6155,6.125,23.45,111.918,1.37,82.875,61.67,79.42672729492188,359.37353515625,-0.021106176292321477,-0.007691935627122559,87.25,0.020741237829057235,156.99000549316406,-0.017673172269865978,156.7256317138672,0.056120284128328146,25.69313621520996,-0.010762940288815637,91.65686798095703,0.0,45.137596130371094,82.875,-0.79,102.542175,95.94380000000001,22.9,2.9014285714285717,1198.581111111111
2021-02-23,8.61365032196045,72904500,0.08003472516313259,0.08175548299187763,0.044750553776892854,0.12392423572588651,0.07214285714285715,264.66485714285716,6.121428571428571,23.11,111.8981,1.37,83.16428571428571,61.66,78.90531158447266,359.8099670410156,-0.006564738699520345,0.0012144241077070017,87.35714285714286,-0.033951217558794045,151.66000366210938,0.019906006822396405,159.8454132080078,0.018867974952568867,26.177913665771484,-0.010537098262151656,90.69107055664062,0.00601670814828581,45.409175872802734,83.16428571428571,-0.79,101.99265,96.04871428571428,23.37142857142857,2.9242857142857144,1198.8600555555556
2021-02-24,9.095479965209961,95152800,-0.008149789112266714,0.052160034357725094,0.004075156684773207,0.0440097209881789,0.07178571428571429,264.7142142857143,6.117857142857143,21.34,111.7212,1.38,83.45357142857144,63.21,79.73287200927734,363.77471923828125,0.010488019224393241,0.011019017149165533,87.46428571428571,0.02347354261262735,155.22000122070312,0.027199130477033817,164.1930694580078,0.020786073875503686,26.722049713134766,-0.01766231515614458,89.0892562866211,0.003517885088748951,45.56892013549805,83.45357142857144,-0.79,101.443125,96.15362857142857,23.84285714285714,2.9471428571428575,1199.1390000000001
2021-02-25,8.717426300048828,75249400,0.01445604166949277,0.08928589401200138,0.045918862989619,0.18197320959329533,0.07142857142857144,264.7635714285714,6.114285714285714,28.89,111.9253,1.54,83.74285714285715,63.43,76.76707458496094,355.0093688964844,-0.03719667120446035,-0.024095545617218495,87.57142857142857,-0.0501223986478051,147.44000244140625,-0.008863109967262806,162.73780822753906,-0.0570159278517921,25.198467254638672,-0.09272005471903277,80.82889556884766,-0.0061349688115784895,45.28935623168945,83.74285714285715,-0.6,100.89359999999999,96.25854285714286,24.314285714285713,2.97,1199.4179444444444
2021-02-26,8.672952651977539,69614500,0.04871781620254567,0.1427350248783572,0.03846144541880858,0.27179481540533845,0.07107142857142858,264.8129285714286,6.110714285714286,27.95,112.8306,1.44,84.03214285714286,61.55,77.08755493164062,353.1802062988281,0.00417471094753008,-0.005152434718390775,87.67857142857143,0.016277766255722526,149.83999633789062,-0.020735505291281875,159.3633575439453,0.05025518395150064,26.464820861816406,-0.02516016708819424,78.79522705078125,-0.03527318514398137,43.691856384277344,84.03214285714286,-0.71,100.34407499999999,96.36345714285714,24.785714285714285,2.9771428571428573,1199.696888888889
2021-03-01,8.880511283874512,43172800,0.05592644931088642,0.10183624357286836,0.040066620195618796,0.2128542956527304,0.07,264.961,6.1,23.35,112.5263,1.45,84.9,60.54,78.89573669433594,361.74127197265625,0.023456208518985555,0.024239936217106628,88.0,0.03283501260805344,154.75999450683594,0.018606119453617342,162.3284912109375,-0.016448641993175195,26.029510498046875,0.013353120611379943,79.8473892211914,0.03199250398871678,45.08966827392578,84.9,-0.71,98.6955,96.6782,26.2,2.9985714285714287,1200.5337222222222
2021-03-02,9.303041458129883,104789000,0.001593243058444438,-0.004781164344733413,-0.023904796602666978,0.18007952068622424,0.07,265.01432258064517,6.1,24.1,112.5342,1.42,85.00967741935484,59.7,77.98686981201172,358.91851806640625,-0.011519847844826181,-0.007803239842821608,87.96774193548387,-0.003553811142998353,154.2100067138672,-0.0047231904165679905,161.56178283691406,0.048650835057771014,27.295867919921875,0.00816223804928784,80.4991226196289,0.012400522301803107,45.6488037109375,85.00967741935484,-0.78,98.33762258064516,96.68515806451613,25.75483870967742,3.005714285714286,1200.8126666666667
2021-03-03,9.021353721618652,80169700,0.06080537444864076,0.04272781811022175,0.0,0.22514373003015464,0.07,265.06764516129033,6.1,26.67,112.7617,1.47,85.11935483870968,61.33,76.15477752685547,354.1643371582031,-0.023492317226893822,-0.013245850155113814,87.93548387096774,0.008689425326184885,155.5500030517578,0.007965914228531545,162.84877014160156,0.03914450919075918,28.364351272583008,-0.020971491248230834,78.8109359741211,0.0034995019454211462,45.80855178833008,85.11935483870968,-0.74,97.97974516129032,96.69211612903226,25.309677419354838,3.012857142857143,1201.0916111111112
2021-03-04,8.843445777893066,88339600,0.07376352376921225,0.04694056146726666,0.0645431237379388,0.3403185044793904,0.07,265.1209677419355,6.1,28.57,112.7037,1.54,85.22903225806452,63.81,74.5427017211914,349.7817077636719,-0.02116841330270547,-0.012374564389224685,87.90322580645162,-0.058823587115127585,146.39999389648438,-0.03491754522880719,157.16249084472656,-0.04429715940776091,27.107891082763672,-0.021221488247667675,77.1384506225586,-0.017436657243569686,45.009803771972656,85.22903225806452,-0.66,97.62186774193547,96.69907419354838,24.864516129032257,3.02,1201.3705555555555
2021-03-05,9.095479965209961,79345700,0.08964967241259636,0.045639741721505755,0.052974730170020745,0.3015486979441355,0.07,265.17429032258065,6.1,24.66,113.7487,1.56,85.33870967741936,66.08,75.0162582397461,356.2164611816406,0.0063528220418667125,0.01839648350712597,87.87096774193549,-0.0015710091333862586,146.1699981689453,0.029502026301284845,161.79910278320312,-0.047810206087075535,25.811857223510742,0.04692577391594699,80.75823211669922,0.030168445764701346,46.367679595947266,85.33870967741936,-0.66,97.26399032258064,96.70603225806452,24.419354838709676,3.0242857142857145,1201.6495
2021-03-08,9.377166748046875,86129700,0.04347821222959536,0.01581014804521086,0.006324120239137532,0.2553359859863118,0.07,265.3342580645161,6.1,25.47,114.2678,1.59,85.66774193548387,65.03,75.10714721679688,354.4430236816406,0.0012115903829847952,-0.004978538875259009,87.7741935483871,-0.010740863960435054,144.60000610351562,0.03254940319696975,167.06556701660156,0.02299737815701297,26.40546226501465,0.03616918543282788,83.67919158935547,0.012919941071207752,46.96674728393555,85.66774193548387,-0.62,96.19035806451612,96.7269064516129,23.083870967741934,3.037142857142857,1202.4863333333333
2021-03-09,9.317863464355469,61568700,-0.006364267578037097,-0.02863940879923299,-0.004773149509011199,0.24343686825059296,0.07,265.3875806451613,6.1,24.03,113.928,1.55,85.77741935483871,64.02,77.94380950927734,359.50360107421875,0.03776820712271811,0.014277548306673715,87.74193548387096,-0.007607234143048092,143.5,-0.004206576258659722,166.36279296875,0.03334576465138461,27.285972595214844,-0.0070374732893392355,83.09030151367188,-0.0008504675622282853,46.92680358886719,85.77741935483871,-0.66,95.83248064516128,96.73386451612903,22.638709677419353,3.0414285714285714,1202.7652777777778
2021-03-10,9.569900512695312,62111200,-0.0170413506321222,-0.05964373067718154,-0.03098387526248736,0.19907037213017786,0.07,265.44090322580644,6.1,22.56,113.5881,1.53,85.88709677419355,64.45,78.34087371826172,361.74127197265625,0.005094236623591097,0.006224335143657056,87.70967741935483,0.036167264400043475,148.69000244140625,-0.01108270645796583,164.51904296875,-0.03190712406544294,26.415355682373047,0.022018376591203648,84.91981506347656,0.015319332963733112,47.64569091796875,85.88709677419355,-0.73,95.47460322580645,96.74082258064516,22.193548387096772,3.0457142857142854,1203.0442222222223
2021-03-11,9.495769500732422,56536500,-0.024980325470350784,-0.038251142207379796,-0.033567419059246095,0.17954760834449135,0.07,265.4942258064516,6.1,21.91,112.9214,1.54,85.99677419354839,66.02,79.54156494140625,365.4090881347656,0.01532649772917516,0.010139335614396394,87.6774193548387,0.02569098125433822,152.50999450683594,-0.005381416296911912,163.63369750976562,0.028838881863239685,27.17714500427246,0.003976062408080017,85.25746154785156,-0.016764408610001946,46.84693908691406,85.99677419354839,-0.74,95.11672580645161,96.7477806451613,21.74838709677419,3.05,1203.3231666666668
2021-03-12,9.910886764526367,87160100,-0.04038906430692368,-0.08002978738718347,-0.08750925443197566,0.1428572528284835,0.07,265.54754838709675,6.1,20.69,113.0269,1.64,86.10645161290323,65.59,79.77594757080078,365.901123046875,0.002946668569661526,0.001346531676650331,87.64516129032258,-0.010556689189831436,150.89999389648438,0.00842259036779347,165.0119171142578,0.036039341548894654,28.156591415405273,0.022195612904888584,87.1498031616211,0.003409837464549925,47.00667953491211,86.10645161290323,-0.62,94.75884838709678,96.75473870967743,21.303225806451614,3.0557142857142856,1203.602111111111
2021-03-15,9.784869194030762,64476000,-0.026515229412664265,-0.07954549330961969,-0.07272738614014429,0.12651533662326941,0.07,265.70751612903223,6.1,20.03,113.1928,1.62,86.43548387096774,65.36,80.84748077392578,368.0832214355469,0.013431782833717154,0.005963628563097734,87.54838709677419,0.012789980203009588,152.8300018310547,0.01781062177294146,167.9508819580078,0.046732243777554805,29.472412109375,0.02639881522195031,89.45045471191406,-0.0008495016319309823,46.96674728393555,86.43548387096774,-0.65,93.68521612903226,96.7756129032258,19.967741935483872,3.0728571428571425,1204.4389444444446
2021-03-16,9.258562088012695,125425300,-0.02241781418921074,-0.0024019638441556967,-0.020016159358800634,0.20096080613857858,0.07,265.7608387096774,6.1,19.79,112.9839,1.62,86.54516129032258,64.82,80.01033020019531,367.61895751953125,-0.010354689666477013,-0.0012613014910186626,87.51612903225806,-0.03585680600591046,147.35000610351562,-0.018911895515048016,164.7746124267578,-0.051695207465270565,27.948829650878906,-0.004125737241405747,89.08140563964844,-0.02210898898973046,45.92835998535156,86.54516129032258,-0.68,93.32733870967742,96.78257096774193,19.52258064516129,3.0785714285714283,1204.7178888888889
2021-03-17,9.406816482543945,109324400,-0.04334096868922832,-0.034672977713776976,-0.03624904980472965,0.18360935716007742,0.07,265.8141612903226,6.1,19.23,113.1589,1.63,86.65483870967742,64.55,81.13449096679688,368.8724365234375,0.01405019531588958,0.0034097235147065863,87.48387096774194,0.03990491605336377,153.22999572753906,0.0033236503498719205,165.322265625,0.024070792280967757,28.621580123901367,-0.004434708298454382,88.68635559082031,0.012173994945449351,46.487491607666016,86.65483870967742,-0.67,92.96946129032257,96.78952903225807,19.07741935483871,3.084285714285714,1204.9968333333334
2021-03-18,9.258562088012695,76733300,-0.013610819436470134,-0.025620432648085,-0.030424154327232777,0.18254605901379706,0.07,265.86748387096776,6.1,21.58,112.7744,1.71,86.76451612903226,59.95,79.14929962158203,363.5055236816406,-0.02446790904286633,-0.01454950901829144,87.45161290322581,-0.02825818672444491,148.89999389648438,0.00242898650245138,165.7238311767578,-0.022813682385075085,27.968616485595703,0.01006675843995053,89.57913970947266,-0.024055060646619886,45.369232177734375,86.76451612903226,-0.56,92.61158387096773,96.7964870967742,18.63225806451613,3.09,1205.2757777777779
2021-03-19,9.510595321655273,90885200,-0.041309161458887966,-0.01013248123705579,-0.10756040912975195,0.13172285773132786,0.07,265.9208064516129,6.1,20.95,112.9756,1.74,86.8741935483871,61.43,79.62286376953125,362.8330078125,0.005983175469819191,-0.0018500843187451155,87.41935483870968,-0.019879056926865424,145.94000244140625,-0.011345216413002346,163.84365844726562,0.024407495834927406,28.651260375976562,0.04242386096891848,93.37943267822266,-0.005281557505789847,45.12961196899414,86.8741935483871,-0.57,92.2537064516129,96.80344516129033,18.18709677419355,3.1014285714285714,1205.5547222222222
2021-03-22,9.525421142578125,81362100,-0.05447467233099135,0.005447467233099079,-0.08715927549186397,0.1501948112799516,0.07,266.0807741935484,6.1,18.88,113.0023,1.69,87.20322580645161,61.48,80.14704132080078,365.7301025390625,0.0065832541867216765,0.007984650415431949,87.3225806451613,-0.0061669805414371615,145.0399932861328,0.005124767430663146,164.68331909179688,-0.051104975318063905,27.18703842163086,0.023436877651727084,95.56795501708984,0.009734366136489925,45.56892013549805,87.20322580645161,-0.64,91.18007419354838,96.8243193548387,16.851612903225806,3.1357142857142857,1206.3915555555557
2021-03-23,9.051005363464355,73020200,0.020474851767531277,0.04258794455647852,-0.022113303522291905,0.2211300849560942,0.07,266.13409677419355,6.1,20.3,113.2916,1.63,87.31290322580645,57.75,79.39482116699219,362.8515930175781,-0.009385501216416903,-0.007870584076893006,87.29032258064517,-0.03833423756180865,139.47999572753906,-0.020062938919931494,161.37928771972656,-0.07823864702264749,25.059961318969727,-0.017774546527489443,93.86927795410156,-0.0035055529562763033,45.409175872802734,87.31290322580645,-0.66,90.82219677419354,96.83127741935485,16.406451612903226,3.1471428571428572,1206.6705
2021-03-24,8.999115943908691,54534400,0.009060690059628618,0.030477656553864474,0.006589795085063965,0.2701810686165076,0.07,266.1874193548387,6.1,21.2,113.6565,1.62,87.42258064516129,61.12,78.22095489501953,361.0070495605469,-0.014785174331505169,-0.005083465230761419,87.25806451612904,0.0026527845376431713,139.85000610351562,0.0016402939707851338,161.6439971923828,-0.01894991086213893,24.5850772857666,-0.03779151753051169,90.32181549072266,-0.00527691164031352,45.1695556640625,87.42258064516129,-0.69,90.46431935483871,96.83823548387097,15.961290322580645,3.1585714285714284,1206.9494444444445
2021-03-25,9.132545471191406,54201800,-0.012175329421956649,0.015422035202389939,-0.004058617183825497,0.2386363731296277,0.07,266.24074193548387,6.1,19.81,114.0016,1.63,87.53225806451613,58.47,78.90611267089844,363.03790283203125,0.008759261208182156,0.005625522476518263,87.2258064516129,0.020235870209193152,142.67999267578125,0.02535252510005903,165.74208068847656,0.040241477258401215,25.574417114257812,0.016270167715757733,91.79136657714844,0.02387253769299158,46.247867584228516,87.53225806451613,-0.69,90.10644193548387,96.8451935483871,15.516129032258064,3.17,1207.228388888889
2021-03-26,9.117720603942871,49239800,0.03252005648585876,0.006503864863199871,0.015447005911644052,0.23495906072229822,0.07,266.294064516129,6.1,18.86,113.7406,1.67,87.64193548387097,60.93,79.56249237060547,368.8883056640625,0.008318489879797442,0.016115129539898465,87.19354838709677,-0.014297682862714933,140.63999938964844,0.011289281521124073,167.61318969726562,0.008123737727805613,25.782176971435547,0.02651073310748875,94.22482299804688,0.01727110616721883,47.0466194152832,87.64193548387097,-0.67,89.74856451612902,96.85215161290323,15.070967741935483,3.1714285714285713,1207.5073333333335
2021-03-29,9.006526947021484,44747900,0.06337444149890281,0.004115404994563754,0.023045463228190455,0.23127578613701694,0.07,266.4540322580645,6.1,20.74,113.9314,1.73,87.97096774193548,61.49,79.1264877319336,368.701904296875,-0.005480027405890486,-0.000505305709954551,87.09677419354838,-0.03953354367692774,135.0800018310547,-0.006261983715892816,166.5635986328125,-0.016500427674608686,25.356760025024414,-0.037397342042694515,90.70106506347656,0.00169772307426852,47.12649154663086,87.97096774193548,-0.63,88.67493225806452,96.87302580645162,13.735483870967743,3.1757142857142857,1208.3441666666668
2021-03-30,9.236323356628418,49762300,0.021669414734371895,-0.01765660604397301,-0.09630802808511774,0.2046551017569771,0.07,266.50735483870966,6.1,19.61,114.203,1.73,88.08064516129032,60.55,79.90267944335938,367.7237548828125,0.009809505434581922,-0.0026529546027918016,87.06451612903226,0.01636061167545866,137.2899932861328,0.01474031670464182,169.018798828125,0.03979714530610812,26.365886688232422,0.008013798359236768,91.42792510986328,-0.005084698978713442,46.88686752319336,88.08064516129032,-0.62,88.31705483870967,96.87998387096775,13.290322580645162,3.177142857142857,1208.6231111111113
2021-03-31,9.08065414428711,60456900,0.021224656460425928,-0.000816341019450606,-0.05795905713189875,0.21306133028403584,0.07,266.5606774193548,6.1,19.4,113.8234,1.74,88.19032258064516,59.19,80.52552795410156,369.21429443359375,0.007795089164484237,0.0040534219804653215,87.03225806451613,0.004443154200468369,137.89999389648438,-0.008262302091142426,167.622314453125,-0.0041275184438352985,26.257061004638672,-0.007863553322400074,90.70897674560547,-0.00511068527491132,46.64724349975586,88.19032258064516,-0.63,87.95917741935483,96.88694193548388,12.845161290322581,3.178571428571429,1208.9020555555555
2021-04-01,9.021353721618652,61907500,0.02793751304894765,0.00492992549876714,-0.044371338035799734,0.22514373003015464,0.07,266.614,6.1,17.33,113.7389,1.69,88.3,61.41,81.1723403930664,373.2014465332031,0.008032389919051752,0.010799018780478065,87.0,0.02059471879898389,140.74000549316406,0.024067808459599105,171.6566162109375,0.01205730357303958,26.573650360107422,0.00827434034346708,91.45953369140625,-0.0017122583320078322,46.5673713684082,88.3,-0.66,87.6013,96.8939,12.4,3.18,1209.181
2021-04-05,9.414229393005371,82332700,-0.025196790570058303,-0.04645640217048308,-0.10157467911525409,0.17559072626496275,0.06866666666666667,266.8498666666666,6.06,17.91,113.394,1.73,87.58,58.73,83.01696014404297,378.55804443359375,0.022724732859053187,0.014353100584550083,87.53333333333333,0.009023653290489264,142.00999450683594,0.01531322468676466,174.2852325439453,0.04653750730499584,27.810321807861328,0.01926411086486035,93.22142028808594,0.019725400019021233,47.485931396484375,87.58,-0.62,87.88502,97.03539333333333,12.08,3.1514285714285712,1208.2997252747252
2021-04-06,9.577310562133789,67499400,-0.05572734701128346,-0.11377711490860176,-0.10139319363292432,0.1222909985503664,0.06833333333333334,266.9088333333333,6.05,18.12,113.1464,1.67,87.4,59.34,83.37629699707031,378.33447265625,0.004328475198367432,-0.00059058783885646,87.66666666666667,0.01598482050748662,144.27999877929688,0.007122334640202288,175.52655029296875,0.01743156565791648,28.29509925842285,0.02330694594964866,95.39412689208984,0.007569476979394141,47.845375061035156,87.4,-0.65,87.95595,97.07076666666667,12.0,3.144285714285714,1208.0794065934067
2021-04-07,9.436469078063965,42264000,-0.03849192332783047,-0.07855446087891127,-0.07776910323597463,0.11783194397492425,0.068,266.96779999999995,6.04,17.16,113.2436,1.68,87.22,59.77,83.12714385986328,378.7723693847656,-0.0029882969882409904,0.001157432801301983,87.8,-0.024743499415263104,140.7100067138672,-0.008891963946370929,173.9657745361328,0.013985983345490505,28.690834045410156,-0.0012422922575512363,95.27561950683594,-0.029215273212145232,46.44755935668945,87.22,-0.66,88.02687999999999,97.10614,11.92,3.137142857142857,1207.859087912088
2021-04-08,9.273387908935547,52622000,-0.021582907678973307,-0.04556373338467101,-0.05515591969108535,0.12390089853280362,0.06766666666666667,267.0267666666666,6.029999999999999,16.95,113.0917,1.64,87.03999999999999,59.61,83.52001190185547,380.5702819824219,0.00472611019397573,0.004746683609938573,87.93333333333334,-0.003979907545037631,140.14999389648438,0.007187865016650807,175.21621704101562,-0.015172387659832975,28.255525588989258,-0.008043743873101472,94.50924682617188,-0.0051591050520990445,46.20793151855469,87.03999999999999,-0.69,88.09781,97.14151333333334,11.84,3.13,1207.6387692307692
2021-04-09,9.273387908935547,40555400,-0.02238228224781702,-0.02318134829695062,-0.06394883426855946,0.15747401338481914,0.06733333333333334,267.08573333333334,6.02,16.69,113.2028,1.67,86.86,59.29,84.31534576416016,383.33709716796875,0.009522674197404157,0.007270181925751906,88.06666666666666,0.01626827597995395,142.42999267578125,0.02687910880199107,179.92587280273438,0.0259102973511669,28.987634658813477,0.023909071035710383,96.76887512207031,0.013828958522040358,46.84693908691406,86.86,-0.64,88.16874,97.17688666666668,11.76,3.117142857142857,1207.4184505494507
2021-04-12,9.177021026611328,40422800,-0.021809131725014863,-0.008885351920292717,-0.06462056174063191,0.18012940926573995,0.06633333333333334,267.2626333333333,5.989999999999999,16.91,113.1815,1.69,86.32,59.7,84.85677337646484,383.476806640625,0.006421459906232441,0.0003644559154030169,88.46666666666667,0.005055123623730617,143.14999389648438,-0.0029928028561295728,179.38739013671875,-0.05290096920824883,27.454160690307617,-0.007511615310686448,96.04198455810547,-0.0008526425812848126,46.8069953918457,86.32,-0.64,88.38153,97.28300666666667,11.52,3.0785714285714287,1206.7574945054946
2021-04-13,9.04359245300293,51556000,-0.06147564235137504,0.023770380645402156,-0.07131166920140619,0.18196702399077758,0.066,267.3216,5.9799999999999995,16.65,113.0391,1.64,86.14,60.2,85.75272369384766,384.6133728027344,0.01055838304631207,0.002963845902614226,88.6,-0.013622054008973872,141.1999969482422,-0.01475545263607736,176.74044799804688,0.002522529182006128,27.523414611816406,-0.006087422443572077,95.45733642578125,0.00511940622190088,47.0466194152832,86.14,-0.69,88.45246,97.31838,11.44,3.065714285714286,1206.5371758241758
2021-04-14,9.073241233825684,49877500,-0.041666355720837434,0.015523151554927006,-0.05637239419074014,0.16421587047191477,0.06566666666666666,267.38056666666665,5.97,16.99,112.7849,1.64,85.96000000000001,63.15,84.90947723388672,383.2998352050781,-0.009833465616456372,-0.0034152156179185766,88.73333333333333,0.007436282396965588,142.25,0.005216068360306858,177.66233825683594,0.004313454924659288,27.642135620117188,-0.005379968196381868,94.94377899169922,-0.0033956083152267835,46.88686752319336,85.96000000000001,-0.69,88.52339,97.35375333333333,11.36,3.052857142857143,1206.316857142857
2021-04-15,9.073241233825684,38209300,-0.024509818863456045,-0.08006509996917166,-0.03267926797851117,0.14460799435946026,0.06533333333333334,267.4395333333333,5.96,16.57,112.6181,1.56,85.78,63.42,85.5179443359375,387.41748046875,0.007166068168983353,0.01074262205583465,88.86666666666666,-0.0028822753048111105,141.83999633789062,0.01952216381656746,181.1306915283203,-0.02219046620168863,27.028743743896484,-0.007239600622637954,94.25642395019531,0.012776794546888404,47.485931396484375,85.78,-0.77,88.59432,97.38912666666667,11.28,3.04,1206.0965384615386
2021-04-16,9.065828323364258,33132900,-0.0008173604412273772,-0.05641848854590836,-0.006541197806486543,0.11283739786939284,0.065,267.4985,5.95,16.25,112.4814,1.59,85.6,63.16,86.17913055419922,388.7122802734375,0.0077315494823448905,0.003342130569639945,89.0,-0.0055696087600770605,141.0500030517578,0.0007559023437859747,181.26760864257812,-0.010614821443970301,26.741838455200195,0.004777739518735835,94.70675659179688,0.005046210875317092,47.725555419921875,85.6,-0.77,88.66525,97.42450000000001,11.2,3.0300000000000002,1205.8762197802198
2021-04-19,8.97687816619873,39063500,0.01321192031521723,-0.0396367170763563,0.002477228419306643,0.0966140330878591,0.064,267.67539999999997,5.92,17.29,112.1835,1.61,85.06,63.33,85.21131896972656,386.802490234375,-0.011230231475403252,-0.004913119898653728,89.4,-0.005175439289222816,140.32000732421875,0.0,181.26760864257812,-0.005179586210831699,26.60332679748535,-0.008592727667608324,93.8929672241211,-0.007531471585571992,47.366111755371094,85.06,-0.73,88.87804,97.53062,10.96,3.0,1205.2152637362638
2021-04-20,8.487631797790527,83170800,0.09082984613244571,-0.0034932870797704796,0.05764227054896076,0.21484726784837682,0.06366666666666666,267.73436666666663,5.91,18.68,112.2354,1.58,84.88,62.61,84.1380844116211,383.9705810546875,-0.01259497647826291,-0.007321331302628242,89.53333333333333,-0.037628376300509414,135.0399932861328,-0.0028197186527373352,180.75648498535156,-0.04351050219012953,25.445802688598633,-0.003281535425428306,93.58485412597656,0.0,47.366111755371094,84.88,-0.74,88.94897,97.56599333333334,10.88,2.99,1204.994945054945
2021-04-21,8.695192337036133,49641100,0.059675988229319854,-0.010230467109109131,0.06479094758800863,0.2097183789101702,0.06333333333333334,267.7933333333333,5.8999999999999995,17.5,112.1771,1.57,84.7,61.34,85.25921630859375,387.603759765625,0.013324903993390702,0.009462127804056975,89.66666666666667,0.03065757994282703,139.17999267578125,0.006008666005912433,181.84259033203125,0.06259721493158388,27.038639068603516,0.004389976027106446,93.99568939208984,0.006745650348537469,47.68562698364258,84.7,-0.76,89.0199,97.60136666666666,10.8,2.98,1204.7746263736265
2021-04-22,8.850857734680176,73064400,-0.0569511433123685,-0.01675028556275937,0.1164156483543386,0.16499175663469412,0.063,267.85229999999996,5.89,18.71,112.2297,1.57,84.52000000000001,61.45,84.31534576416016,384.06365966796875,-0.011070598409177013,-0.009133296590819628,89.8,-0.0017962351857739867,138.92999267578125,0.003865157994689339,182.54544067382812,-0.015367767882046524,26.62311553955078,-0.007817078988065385,93.26091766357422,-0.024288146531087018,46.52743148803711,84.52000000000001,-0.76,89.09083,97.63674,10.72,2.97,1204.5543076923077
2021-04-23,9.058418273925781,51833300,-0.05564661144356331,-0.032733375164763934,0.06873960355595243,0.130932447854595,0.06266666666666666,267.9112666666666,5.88,17.33,112.0889,1.58,84.34,62.18,85.19692993164062,388.2279052734375,0.010455797334287809,0.010842592108477156,89.93333333333334,0.04289935239380571,144.88999938964844,0.010799864719578167,184.51690673828125,0.013377961883282774,26.979278564453125,-0.002541497615939914,93.02389526367188,0.0068670801000287884,46.84693908691406,84.34,-0.76,89.16176,97.67211333333333,10.64,2.9714285714285715,1204.333989010989
2021-04-26,9.095479965209961,40863800,-0.052159510100445616,-0.04563963687004979,0.0440097209881789,0.1434395178007366,0.06166666666666667,268.08816666666667,5.85,17.64,111.8109,1.58,83.80000000000001,62.02,85.57063293457031,389.0383605957031,0.00438634353643419,0.00208757616661992,90.33333333333333,0.0021395373034689413,145.1999969482422,-0.006776762456067842,183.2664794921875,0.010267649597254458,27.25629234313965,-0.006115398330887589,92.45501708984375,0.000852316865467273,46.88686752319336,83.80000000000001,-0.78,89.37455,97.77823333333333,10.4,2.975714285714286,1203.6730329670331
2021-04-27,9.258562088012695,42037800,-0.08646915332087801,-0.0728585398935715,0.11289034358826355,0.10408334883552284,0.06133333333333333,268.14713333333333,5.84,17.56,111.9097,1.63,83.62,63.03,85.47005462646484,388.95458984375,-0.001175383477441061,-0.00021532774255184073,90.46666666666667,0.010399516510756213,146.7100067138672,0.01718214117053063,186.41539001464844,0.009437411665534245,27.513521194458008,0.011365819394593135,93.50584411621094,-0.0059625203938032945,46.607303619384766,83.62,-0.76,89.44548,97.81360666666667,10.32,2.9771428571428573,1203.4527142857144
2021-04-28,9.214086532592773,68023400,-0.06596965120936649,-0.08849577764506555,0.19710360631236634,0.11504398307952979,0.061,268.2061,5.83,17.28,111.7909,1.63,83.44,63.81,85.36943817138672,388.8427734375,-0.00117721294923534,-0.00028747933349992927,90.6,0.001431336960454832,146.9199981689453,0.035105659618435814,192.95962524414062,-0.0003596531551557369,27.503625869750977,-0.009801568179107045,92.58934020996094,0.0017138074902856015,46.68717956542969,83.44,-0.78,89.51641000000001,97.84898,10.24,2.9785714285714286,1203.2323956043956
2021-04-29,8.34679126739502,230430600,0.04262860557491255,0.02575476349210981,0.2904080038892878,0.2779749652803367,0.06066666666666667,268.26506666666666,5.819999999999999,17.61,111.7464,1.65,83.26,65.0,85.39337158203125,391.3206787109375,0.00028035103846502096,0.006372512086394222,90.73333333333333,-0.01619932556816195,144.5399932861328,0.01570410480885287,195.98988342285156,-0.021223009633753454,26.9199161529541,0.009386554074821252,93.45843505859375,0.017108590377263644,47.485931396484375,83.26,-0.77,89.58734000000001,97.88435333333334,10.16,2.98,1203.012076923077
2021-04-30,8.55434799194336,90786500,0.024263412993969613,0.025996880227213692,0.2833624158350321,0.20883893258820296,0.06033333333333333,268.3240333333333,5.81,18.61,112.0839,1.65,83.08000000000001,63.5,85.72396087646484,388.7495422363281,0.0038713695022103423,-0.006570407889199825,90.86666666666666,-0.004496983026681334,143.88999938964844,-0.002607986224027914,195.47874450683594,0.027563399169422187,27.66192054748535,-0.01707670927095528,91.86247253417969,-0.011774599153352217,46.92680358886719,83.08000000000001,-0.76,89.65827,97.91972666666666,10.08,2.9771428571428573,1202.7917582417583
2021-05-03,8.621064186096191,61987300,0.006878660808304016,0.044711737739635105,0.28202907551139456,0.1960444879506178,0.06129032258064516,268.52951612903223,5.806451612903226,18.31,112.005,1.63,83.06774193548388,64.46,85.31671142578125,389.5879821777344,-0.004750707346228178,0.002156761231365101,91.19354838709677,-0.0031273677819930734,143.44000244140625,-0.002147625126893926,195.05892944335938,-0.0010729642587269383,27.632240295410156,0.010320832902153132,92.8105697631836,0.003404196859265296,47.086551666259766,83.06774193548388,-0.79,90.66470322580646,97.9561,9.92258064516129,2.9685714285714284,1202.1308021978023
2021-05-04,8.457982063293457,71007700,0.014898909518801684,0.06397907639975786,0.4014021229615563,0.22874667783385805,0.06193548387096774,268.6027741935484,5.809677419354839,19.48,112.2896,1.61,83.15161290322581,65.72,84.4255599975586,387.1845703125,-0.010445215401883923,-0.006169111921265347,91.29032258064517,-0.025794735675311986,139.74000549316406,0.004632263981472207,195.96249389648438,-0.04475465740500684,26.39556884765625,0.002213258887252989,93.01598358154297,0.05428341509189849,49.64257049560547,83.15161290322581,-0.81,91.13245483870968,97.95660000000001,9.883870967741936,2.9657142857142857,1201.9104835164835
2021-05-05,8.606236457824707,64495500,-0.024117124743179286,0.04306664245054992,0.3755385601952419,0.14728710603700468,0.06258064516129032,268.6760322580645,5.812903225806451,19.15,112.1514,1.59,83.23548387096774,65.63,84.16204071044922,387.30560302734375,-0.003121321162891877,0.000312596947616095,91.38709677419355,0.022756494566882113,142.9199981689453,0.005682339352208965,197.07601928710938,-0.005997017099649726,26.237274169921875,-0.011466814022648486,91.94938659667969,-0.012067620230127085,49.04350280761719,83.23548387096774,-0.88,91.6002064516129,97.9571,9.845161290322581,2.9628571428571426,1201.690164835165
2021-05-06,8.702603340148926,50032800,-0.01618394315346683,0.06388418799911144,0.35264063008713875,0.16780238678203907,0.0632258064516129,268.74929032258063,5.816129032258065,18.39,111.8401,1.58,83.31935483870969,64.73,84.34410095214844,390.3985290527344,0.002163210874669419,0.007985750790112434,91.48387096774194,-0.01021544552045317,141.4600067138672,0.020517013026289055,201.1194305419922,-0.021493196222592048,25.673351287841797,0.031448665324149694,94.84107208251953,0.017101052700354558,49.882198333740234,83.31935483870969,-0.87,92.06795806451613,97.9576,9.806451612903226,2.96,1201.4698461538462
2021-05-07,8.761905670166016,41525800,0.0016924037422922922,0.12774965268117944,0.32233504913837496,0.16751259642967997,0.06387096774193549,268.82254838709673,5.819354838709677,16.69,111.0249,1.6,83.40322580645162,64.96,85.10110473632812,393.2397766113281,0.008975183511756857,0.0072778131759045905,91.58064516129032,0.05167536555671015,148.77000427246094,0.005037417597412164,202.13255310058594,0.031213805410457374,26.474714279174805,0.019160311121969364,96.65825653076172,-0.003202583234624412,49.72244644165039,83.40322580645162,-0.89,92.53570967741936,97.9581,9.76774193548387,2.9571428571428573,1201.2495274725275
2021-05-10,8.680365562438965,51703500,0.03757461390725991,0.11528601938272409,0.32194710999961207,0.17421006297171515,0.06580645161290323,269.04232258064513,5.829032258064516,19.66,110.7905,1.63,83.65483870967742,64.92,83.58712005615234,389.3457946777344,-0.017790423342524342,-0.009902309392883502,91.87096774193549,-0.03354174463842352,143.77999877929688,0.0005418602110869308,202.24208068847656,-0.018310888574696316,25.989938735961914,0.028200064234567224,99.38402557373047,0.0,49.72244644165039,83.65483870967742,-0.91,93.93896451612903,97.95960000000001,9.651612903225807,2.9485714285714284,1200.5885714285714
2021-05-11,8.583996772766113,56882600,0.048359660672240734,0.10621773890444963,0.30483648823299436,0.1934369762024617,0.0664516129032258,269.1155806451613,5.832258064516129,21.84,110.8921,1.64,83.73870967741937,65.31,82.6432113647461,385.87103271484375,-0.011292513616597222,-0.008924616652830952,91.96774193548387,-0.021908429011184172,140.6300048828125,-0.014351519076647556,199.339599609375,-0.01484587096943224,25.604095458984375,-0.032752942989973555,96.12890625,-0.004016129268604618,49.52275466918945,83.73870967741937,-0.89,94.40671612903226,97.9601,9.612903225806452,2.9457142857142857,1200.3682527472529
2021-05-12,8.39867877960205,55663100,0.0688440886679651,0.2268315783533199,0.3486322215715778,0.229479462856093,0.06709677419354838,269.1888387096774,5.835483870967742,27.59,111.5636,1.69,83.8225806451613,65.96,79.84516906738281,377.6730041503906,-0.033856892189415455,-0.02124551435430344,92.06451612903226,-0.04451404073292531,134.3699951171875,-0.01579671339077393,196.19068908691406,-0.04250382898587002,24.515823364257812,-0.04536870720569708,91.76766204833984,-0.020161309890477597,48.52431106567383,83.8225806451613,-0.85,94.87446774193549,97.9606,9.574193548387097,2.9428571428571426,1200.1479340659341
2021-05-13,8.561760902404785,56598500,0.08138526566564086,0.28831163854889974,0.2874460452209302,0.2034632198579207,0.06774193548387096,269.26209677419354,5.838709677419355,23.13,111.5955,1.66,83.90645161290323,63.82,80.41053771972656,382.2098388671875,0.0070808122638781335,0.012012599965949056,92.16129032258064,0.01905185422058775,136.92999267578125,0.025540863024247296,201.20156860351562,0.01372077882874434,24.85219955444336,0.02453731327896813,94.01939392089844,0.018930050469495363,49.44287872314453,83.90645161290323,-0.85,95.34221935483872,97.9611,9.535483870967742,2.94,1199.9276153846154
2021-05-14,8.776734352111816,48619200,0.12584426962602602,0.2271951988210894,0.26689150460938427,0.1478036738380757,0.06838709677419355,269.3353548387097,5.841935483870968,18.81,111.1353,1.63,83.99032258064517,65.32,81.80477905273438,388.0788879394531,0.017339037550867742,0.015355567741690335,92.25806451612904,0.01643175432958266,139.17999267578125,-0.006260453364513974,199.94195556640625,0.08280253359437784,26.910024642944336,0.011680790307149636,95.11761474609375,-0.0008075669805327479,49.402950286865234,83.99032258064517,-0.88,95.80997096774193,97.9616,9.496774193548388,2.9485714285714284,1199.7072967032968
2021-05-17,9.006526947021484,52201700,0.07489717311299793,0.21893031236247928,0.23621414506606708,0.10781893065120096,0.0703225806451613,269.55512903225804,5.851612903225806,19.72,111.079,1.64,84.24193548387098,66.24,81.65623474121094,387.0913391113281,-0.0018158390407445602,-0.0025447115491608052,92.54838709677419,-0.0010058873186935546,139.0399932861328,0.008673400391776331,201.67613220214844,0.011764665856711654,27.226612091064453,-0.0023259328275604396,94.89637756347656,-0.006467378912022204,49.08344268798828,84.24193548387098,-0.9,97.21322580645162,97.9631,9.380645161290323,2.974285714285714,1199.0463406593408
2021-05-18,8.999115943908691,72472900,0.05518914968085342,0.22817119118311413,0.2166390762778081,0.07001632109002531,0.07096774193548387,269.6283870967742,5.854838709677419,21.34,110.8317,1.64,84.3258064516129,65.49,81.01902770996094,383.7562255859375,-0.00780353188301508,-0.008615830912278355,92.64516129032258,-0.012298558239708046,137.3300018310547,-0.022175603975683855,197.20384216308594,0.017441906896634274,27.701496124267578,-0.026559024583667545,92.37602233886719,-0.008136672850477922,48.68406677246094,84.3258064516129,-0.88,97.68097741935485,97.9636,9.341935483870968,2.9828571428571427,1198.826021978022
2021-05-19,8.97687816619873,70220800,0.14781153898904487,0.3203959995916259,0.1990090448902304,0.07349277414843547,0.07161290322580645,269.7016451612903,5.858064516129033,22.18,110.8807,1.68,84.40967741935484,63.28,80.3386459350586,382.7502136230469,-0.008397802271066901,-0.002621487016541857,92.74193548387096,-0.0029855359837085427,136.9199981689453,-0.00018531484682970945,197.16729736328125,-0.011428601330720434,27.384906768798828,-0.027625742180112045,89.82406616210938,-0.01476629957320963,47.96518325805664,84.40967741935484,-0.8,98.14872903225806,97.9641,9.303225806451614,2.9914285714285715,1198.6057032967033
2021-05-20,9.258562088012695,106243900,0.19135305376653755,0.278622964706716,0.18334681663309738,0.0144114740511887,0.07225806451612903,269.77490322580644,5.861290322580645,20.67,110.8605,1.63,84.49354838709678,61.95,81.1627426147461,386.8677978515625,0.01025778652472753,0.010757888779575842,92.83870967741936,0.0028483741956175646,137.30999755859375,0.004490403477723559,198.0526580810547,-0.005419089487098683,27.23650550842285,0.007300597447470691,90.4798355102539,-0.0016652105949004348,47.885311126708984,84.49354838709678,-0.78,98.61648064516129,97.9646,9.264516129032259,3.0,1198.3853846153847
2021-05-21,9.88123607635498,200958600,0.09002215664225877,0.19129780671729324,0.1185295911381925,-0.0570143864235384,0.07290322580645162,269.8481612903226,5.864516129032258,20.15,111.0576,1.63,84.57741935483871,63.61,80.75550842285156,386.551025390625,-0.005017501611885411,-0.0008188132036232032,92.93548387096774,0.02294085799491219,140.4600067138672,-0.0017051400511526316,197.71495056152344,-0.013076608430680259,26.88034439086914,0.003580290458863322,90.80377960205078,-0.0008339940732170481,47.845375061035156,84.57741935483871,-0.8,99.08423225806452,97.9651,9.225806451612904,2.992857142857143,1198.165065934066
2021-05-24,9.681090354919434,111374300,0.13399713279768743,0.19678409560729748,0.18070447513480703,-0.025267946882777004,0.07483870967741936,270.06793548387094,5.874193548387097,18.4,110.9118,1.61,84.82903225806452,66.13,81.55562591552734,390.4916687011719,0.009907899885741589,0.01019436775924909,93.2258064516129,0.007119464275956666,141.4600067138672,0.01010986191955876,199.7138214111328,0.02686786855527723,27.602561950683594,-0.002001204352304442,90.62206268310547,-0.003338840529284015,47.68562698364258,84.82903225806452,-0.83,100.4874870967742,97.9666,9.109677419354838,2.9714285714285715,1197.50410989011
2021-05-25,9.495769500732422,113383400,0.16393462873891385,0.20843120382410985,0.191257117077813,0.021077658050046244,0.07548387096774194,270.1411935483871,5.87741935483871,18.84,110.842,1.56,84.91290322580646,66.27,81.81436157226562,389.625244140625,0.003172505315651275,-0.0022188042152825327,93.3225806451613,0.002827611179839984,141.86000061035156,-0.008409249532698504,198.0343780517578,0.024372685654172388,28.275310516357422,-0.0024411486262645443,90.40084075927734,-0.008628054187588163,47.274192810058594,84.91290322580646,-0.86,100.95523870967742,97.9671,9.070967741935485,2.9642857142857144,1197.2837912087912
2021-05-26,10.303764343261719,227538700,0.15035957972211023,0.08705050220838406,0.09280562888040667,-0.05251807616981419,0.07612903225806451,270.21445161290325,5.880645161290323,17.36,110.8677,1.58,84.99677419354839,66.41,82.59532165527344,390.3985290527344,0.009545513379310533,0.001984688938251322,93.41935483870968,0.010714819300163159,143.3800048828125,-0.0011983004659825713,197.7970733642578,0.02764178207207757,29.0568904876709,0.022198715353566323,92.40762329101562,0.005119649185492792,47.51622009277344,84.99677419354839,-0.82,101.42299032258065,97.9676,9.03225806451613,2.9571428571428573,1197.0634725274726
2021-05-27,11.030216217041016,278939100,0.0732527697513925,0.026881848725836655,0.005376352453134281,-0.13306444221953617,0.0767741935483871,270.28770967741934,5.883870967741935,16.74,110.8688,1.61,85.08064516129032,66.87,82.92591094970703,390.60345458984375,0.004002518397026922,0.0005249137019205374,93.51612903225806,0.05237825534302365,150.88999938964844,0.008906003465755763,199.55865478515625,0.021450450332768156,29.680173873901367,0.01008895932745335,93.33992004394531,0.00848869773922667,47.91957092285156,85.08064516129032,-0.81,101.89074193548387,97.9681,8.993548387096775,2.95,1196.8431538461539
2021-05-28,10.770766258239746,152105300,0.09291155180460509,0.023400280875621515,0.03303551356224088,-0.08396385433036946,0.07741935483870968,270.3609677419355,5.887096774193549,16.76,110.7576,1.58,85.16451612903226,66.31,82.81092071533203,391.3020935058594,-0.0013866622996127065,0.001788614278256384,93.61290322580645,-0.0031148599814718736,150.4199981689453,0.008644258616349765,201.28369140625,-0.014666705310386052,29.244863510131836,-0.016082473384146923,91.83878326416016,-0.006733892551307075,47.596885681152344,85.16451612903226,-0.84,102.3584935483871,97.96860000000001,8.95483870967742,2.955714285714286,1196.6228351648351
2021-06-01,10.978328704833984,89071000,0.05536783206383267,0.012829046010237377,0.0033758955739648933,-0.11883887330462495,0.08,270.654,5.9,17.9,110.5046,1.62,85.5,67.8,82.6528091430664,390.95751953125,-0.0019093082277051865,-0.0008805830081872745,94.0,0.029849790904272533,154.91000366210938,0.012326507232630401,203.7648162841797,0.01995939275266756,29.82857322692871,-0.011527981781588537,90.78006744384766,0.007627088623299416,47.95991134643555,85.5,-0.84,104.2295,97.9706,8.8,2.9785714285714286,1195.7415604395605
2021-06-02,11.052454948425293,77517200,0.03822944518233529,0.007377642504028836,0.0,-0.12609002118239876,0.08066666666666666,270.6956333333333,5.883333333333334,17.48,110.5799,1.59,85.35666666666667,68.79,82.26952362060547,391.5722351074219,-0.0046372957729421405,0.0015723334261710242,93.66666666666667,0.0005809588519984921,155.0,-0.01428830207374887,200.85336303710938,0.03847433457492766,30.976207733154297,0.030026158264856218,93.50584411621094,-0.002523145336655208,47.83890151977539,85.35666666666667,-0.85,104.50675333333334,97.99987,8.823333333333334,2.9842857142857144,1195.5212417582418
2021-06-03,11.853034019470215,179671400,-0.05503416377774628,-0.07629758833651534,-0.06629131822547407,-0.18011254016576173,0.08133333333333334,270.73726666666664,5.866666666666667,18.04,111.1782,1.63,85.21333333333334,68.81,81.29212951660156,390.1190185546875,-0.011880390951468978,-0.0037112349202585992,93.33333333333333,0.006387132213961699,155.99000549316406,-0.0005924124710193768,200.734375,-0.02044080787396707,30.343029022216797,-0.023574171601529303,91.30152130126953,0.006745327466666229,48.161590576171875,85.21333333333334,-0.79,104.78400666666667,98.02914,8.846666666666668,2.99,1195.300923076923
2021-06-04,11.838210105895996,151788000,-0.043205964459143376,-0.09079514387151877,-0.09204775569485635,-0.18534755930008084,0.082,270.7789,5.8500000000000005,16.42,110.7521,1.56,85.07000000000001,69.57,81.9437255859375,393.6869201660156,0.008015487762599083,0.009145674631671374,93.0,0.024104073174102902,159.75,0.004880304010663972,201.71401977539062,-0.004238618307235487,30.21441650390625,0.0037209600041714364,91.64125061035156,0.017587898304290084,49.00865173339844,85.07000000000001,-0.84,105.06126,98.05841000000001,8.870000000000001,2.9857142857142858,1195.0806043956045
2021-06-07,11.77149486541748,90915300,-0.0636019180273163,-0.06926944294588155,-0.10390424543438803,-0.1882870611579215,0.084,270.9038,5.800000000000001,16.42,110.5155,1.57,84.64,69.21,81.9437255859375,393.30499267578125,0.0,-0.0009701299958690957,92.0,-0.015649452269170583,157.25,-0.017701612689709822,198.1433563232422,0.011460347087971945,30.560684204101562,0.00956974764898133,92.51823425292969,-0.0041153317219990715,48.80696487426758,84.64,-0.82,105.89302,98.14622,8.940000000000001,2.972857142857143,1194.4196483516484
2021-06-08,11.586174964904785,93891100,-0.040307070919916366,-0.046065247426019584,-0.10044781518785317,-0.17146535286692677,0.08466666666666667,270.9454333333333,5.783333333333334,17.07,110.649,1.53,84.49666666666667,70.11,82.60490417480469,393.38885498046875,0.008068690850207672,0.00021322461257589076,91.66666666666667,0.012845814133296996,159.27000427246094,0.008548442754288788,199.83717346191406,0.006150874389924121,30.748659133911133,0.009564468047383645,93.40312194824219,-0.0016526693247456148,48.72630310058594,84.49666666666667,-0.83,106.17027333333334,98.17549,8.963333333333335,2.9685714285714284,1194.1993296703297
2021-06-09,11.474984169006348,60079100,-0.02971578471547598,-0.0038760369612262924,-0.06459953560359943,-0.15826893287145793,0.08533333333333333,270.9870666666667,5.766666666666667,17.89,110.5707,1.5,84.35333333333334,69.9,82.14971923828125,392.8019714355469,-0.005510386351398666,-0.0014918662221659051,91.33333333333333,-0.00590194271482658,158.3300018310547,-0.0006873576960735317,199.69981384277344,-0.02027026230692064,30.125375747680664,-0.027321794654603382,90.85118103027344,-0.0008278200134217428,48.68596649169922,84.35333333333334,-0.82,106.44752666666666,98.20476000000001,8.986666666666666,2.9642857142857144,1193.9790109890112
2021-06-10,11.200712203979492,78147500,-0.022501791857126863,0.009927118371895416,-0.03309073514929761,-0.1555262167982795,0.08600000000000001,271.0287,5.75,16.1,110.5456,1.45,84.21000000000001,70.34,82.53782653808594,394.62786865234375,0.004724389850669475,0.004648391173099009,91.0,-0.017621477374193062,155.5399932861328,-0.004721976886848056,198.7568359375,-0.020361238777886315,29.511985778808594,-0.021306266368134597,88.91548156738281,0.0,48.68596649169922,84.21000000000001,-0.9,106.72478,98.23403,9.01,2.96,1193.7586923076924
2021-06-11,11.326728820800781,50613500,-0.04973816479267046,-0.00589023970492053,-0.056282866220715544,-0.17015710112439775,0.08666666666666667,271.07033333333334,5.733333333333333,15.65,111.0933,1.47,84.06666666666666,71.0,82.98820495605469,395.2799377441406,0.005456630454897304,0.001652364527684469,90.66666666666667,0.007843649693740185,156.75999450683594,0.010410089938927003,200.82591247558594,0.0033523387523122228,29.610919952392578,0.016971717807887643,90.42453002929688,0.014084521388598947,49.37168502807617,84.06666666666666,-0.85,107.00203333333333,98.2633,9.033333333333333,2.9557142857142855,1193.5383736263736
2021-06-14,11.022805213928223,82666000,-0.006052473865202246,0.006052300828611745,-0.04169481034713818,-0.1264291849050838,0.08866666666666667,271.19523333333336,5.683333333333334,16.39,110.9659,1.51,83.63666666666667,70.94,83.01214599609375,396.16497802734375,0.0002884872621566892,0.0022390215103100797,89.66666666666667,0.0045292596245671835,157.47000122070312,-0.026396198498829238,195.52487182617188,-0.03942536546717634,28.443498611450195,-0.0036697219840089446,90.09269714355469,-0.0073530667318988385,49.00865173339844,83.63666666666667,-0.85,107.83379333333333,98.35111,9.103333333333333,2.942857142857143,1192.8774175824176
2021-06-15,11.119170188903809,62612700,-0.006000019726750239,0.0006667641568378624,-0.06600004545729399,-0.1426665162859332,0.08933333333333333,271.2368666666667,5.666666666666667,17.02,111.3507,1.51,83.49333333333334,72.06,82.57135009765625,395.4383239746094,-0.00531001690352928,-0.0018342208247499325,89.33333333333333,-0.0029847032263903284,157.0,0.0051976296398963395,196.5411376953125,-0.004869511221562206,28.30499267578125,-0.006752434448365263,89.4843521118164,-0.011522555202935658,48.443946838378906,83.49333333333334,-0.87,108.11104666666667,98.38038,9.126666666666667,2.9385714285714286,1192.657098901099
2021-06-16,11.13399600982666,69112900,0.02663111214962166,-0.010652564775828655,-0.09387494013837105,-0.11984009032756848,0.09,271.2785,5.65,18.15,111.1165,1.57,83.35000000000001,72.03,82.60969543457031,393.23046875,0.00046439033476763925,-0.005583311203673724,89.0,-0.01675162345740444,154.3699951171875,-0.016676578274790188,193.2635040283203,0.023418379338823403,28.967849731445312,-0.02363198300129432,87.36965942382812,-0.015820333262725694,47.677547454833984,83.35000000000001,-0.75,108.3883,98.40965,9.15,2.9342857142857146,1192.4367802197803
2021-06-17,10.948676109313965,126653100,0.0331754165469349,0.009478665555102461,-0.1008802825029077,-0.09275582401806048,0.09066666666666667,271.32013333333333,5.633333333333334,17.75,112.5772,1.52,83.20666666666666,71.06,82.9211196899414,393.10003662109375,0.0037698269402015594,-0.0003316938520071533,88.66666666666667,-0.01949857227468943,151.36000061035156,-0.011938131887835435,190.956298828125,-0.029371596213095263,28.11701774597168,-0.0036398038512306385,87.05165100097656,-0.02368850434492209,46.54813766479492,83.20666666666666,-0.75,108.66555333333334,98.43892,9.173333333333334,2.93,1192.2164615384615
2021-06-18,10.763358116149902,76319700,0.046142992871204935,0.028236787247859052,-0.04201122096110477,-0.06680442193159986,0.09133333333333334,271.36176666666665,5.616666666666667,20.7,113.0408,1.45,83.06333333333333,71.64,82.4851303100586,387.7969665527344,-0.005257881002006082,-0.01349038304331418,88.33333333333333,-0.027021645886614154,147.27000427246094,-0.014767255806698687,188.1363983154297,-0.008444779554744208,27.879575729370117,-0.017077600294617912,85.56501770019531,-0.015597859914286749,45.822086334228516,83.06333333333333,-0.79,108.94280666666667,98.46818999999999,9.196666666666667,2.942857142857143,1191.996142857143
2021-06-21,10.956089973449707,63385000,0.01217848465389948,-0.018944764030652816,-0.039918985353176506,-0.13261169435702935,0.09333333333333334,271.4866666666667,5.566666666666667,17.89,112.8391,1.5,82.63333333333334,73.64,83.12089538574219,393.34869384765625,0.0077076325550287095,0.014316066843619746,87.33333333333333,0.021525076913018637,150.44000244140625,0.021363605801824725,192.15567016601562,0.017388196575107706,28.364351272583008,0.009755707845207517,86.39976501464844,0.009682912524449527,46.265777587890625,82.63333333333334,-0.75,109.77456666666667,98.556,9.266666666666667,2.9814285714285713,1191.335186813187
2021-06-22,11.052454948425293,65545900,0.006707026172933617,-0.04560691511396808,-0.06706914000876152,-0.14352794408723402,0.094,271.5283,5.550000000000001,16.66,112.9174,1.48,82.49000000000001,73.15,83.90301513671875,395.4515686035156,0.009409424036482594,0.005346082976123601,87.0,0.00797658155256653,151.63999938964844,0.0007620831511570003,192.30210876464844,-0.02127658572953195,27.760854721069336,0.021714870030614897,88.27592468261719,0.00610300078428172,46.54813766479492,82.49000000000001,-0.83,110.05182,98.58527,9.290000000000001,2.994285714285714,1191.1148681318682
2021-06-23,11.430506706237793,94985700,-0.036316527411080934,-0.08819711399073316,-0.10376159032117704,-0.14202326011169097,0.09466666666666668,271.5699333333333,5.533333333333334,16.32,112.3819,1.5,82.34666666666666,73.11,84.55078125,394.9749450683594,0.007720415198735342,-0.0012052639893157524,86.66666666666667,0.00731997240054949,152.75,-0.0067605295400331444,191.00204467773438,0.0032074212815216274,27.849895477294922,0.0018914477522236073,88.4428939819336,-0.004332866345443498,46.34645080566406,82.34666666666666,-0.84,110.32907333333334,98.61453999999999,9.313333333333334,3.007142857142857,1190.8945494505494
2021-06-24,11.31190299987793,79859800,-0.022935844787162374,-0.05111407684934055,-0.08060286357669721,-0.1015728342125164,0.09533333333333334,271.6115666666667,5.516666666666667,15.97,112.326,1.49,82.20333333333333,73.31,84.83868408203125,397.3115234375,0.0034050877800877455,0.0059157635144078125,86.33333333333333,0.015581046695990253,155.1300048828125,-0.003834548564371043,190.26963806152344,-0.024511542276250076,27.167251586914062,0.0011687843064589476,88.5462646484375,0.0026111482961690413,46.46746826171875,82.20333333333333,-0.81,110.60632666666666,98.64381,9.336666666666666,3.02,1190.674230769231
2021-06-25,11.260011672973633,111760500,-0.0171164035369592,-0.038182844077459976,-0.09216575147340833,-0.09282409097399857,0.096,271.6532,5.5,15.62,111.9655,1.54,82.06,74.21,85.37609100341797,398.7227783203125,0.00633445611753114,0.0035520109525202237,86.0,0.004125568036511762,155.77000427246094,0.004090216528940038,191.04788208007812,0.024399120888008774,27.830108642578125,0.014993448180310454,89.8738784790039,0.007812469214774742,46.83049392700195,82.06,-0.8,110.88358,98.67308,9.36,3.0142857142857142,1190.4539120879122
2021-06-28,11.089518547058105,79477400,-0.030748775197681044,-0.036096291060622177,-0.07352950408588499,-0.05347584661189697,0.098,271.7781,5.45,15.76,112.0248,1.49,81.63000000000001,72.98,85.39527893066406,399.526611328125,0.00022474590978083242,0.002016019779955247,85.0,-0.00686914871201505,154.6999969482422,0.0034981790683672465,191.71620178222656,-0.07038753773561113,25.8712158203125,0.01574539923729712,91.28897857666016,-0.0051679112972904395,46.588478088378906,81.63000000000001,-0.84,111.71534,98.76088999999999,9.43,2.9971428571428573,1189.792956043956
2021-06-29,11.12658405303955,68208200,-0.05196540793578919,-0.050633025312527113,-0.04130591839304287,-0.0466355345974212,0.09866666666666667,271.8197333333334,5.433333333333334,16.02,112.2613,1.49,81.48666666666666,73.14,85.6064224243164,399.7415771484375,0.002472542935585187,0.0005380513192798642,84.66666666666667,0.02327088671320454,158.3000030517578,0.0014803037778508,192.0,-0.014149030726111955,25.505163192749023,0.001219179019824601,91.40027618408203,-0.007792258834723009,46.22544860839844,81.48666666666666,-0.83,111.99259333333333,98.79016,9.453333333333333,2.9914285714285715,1189.5726373626374
2021-06-30,11.015390396118164,72213500,-0.053835712716205464,-0.05720050969336843,-0.061238092912896946,-0.03768494695542368,0.09933333333333334,271.8613666666667,5.416666666666667,15.83,112.5533,1.45,81.34333333333333,73.52,85.673583984375,400.07806396484375,0.0007845388016065602,0.0008417608666242415,84.33333333333333,-0.006127613404947163,157.3300018310547,0.002527316411336189,192.48524475097656,0.022498044615594015,26.0789794921875,8.706164607286127e-05,91.40823364257812,0.0,46.22544860839844,81.34333333333333,-0.87,112.26984666666667,98.81943,9.476666666666667,2.9857142857142858,1189.3523186813188
2021-07-01,11.052454948425293,51112200,-0.028839694826426232,-0.08718987338277018,-0.06706914000876152,-0.05030174714882363,0.1,271.903,5.4,15.48,112.74,1.48,81.2,75.33,86.15821838378906,402.2930603027344,0.005656754122746355,0.005536410359367361,84.0,0.008898454714236337,158.72999572753906,0.00014269052335946775,192.51271057128906,0.0,26.0789794921875,0.012088913668740542,92.51325988769531,0.008726143622350246,46.62881851196289,81.2,-0.87,112.5471,98.8487,9.5,2.98,1189.132
2021-07-02,11.067280769348145,43652000,-0.021433301579464215,-0.11051587327233314,-0.06095114255763845,-0.05157397078902548,0.09967741935483872,271.927935483871,5.390322580645162,15.07,112.5425,1.44,80.84838709677419,75.37,86.91637420654297,405.3680725097656,0.008799576372119589,0.007643711787415075,83.83870967741936,0.00718200353010312,159.8699951171875,-0.0017595194488365662,192.17398071289062,-0.011380910086641438,25.782176971435547,-0.006187088164521959,91.94087219238281,-0.0017302786075797938,46.54813766479492,80.84838709677419,-0.89,112.6013064516129,98.82997741935483,9.474193548387097,2.9685714285714284,1189.281445652174
2021-07-06,10.748529434204102,73990600,-0.0055171618318375915,-0.040689578684459216,-0.08137906864289102,-0.010344567527161286,0.09838709677419355,272.02767741935486,5.351612903225806,16.44,112.9516,1.37,79.44193548387096,73.62,87.01710510253906,404.62969970703125,0.0011589403828180522,-0.0018214873168547197,83.19354838709677,-0.014198968430617187,157.60000610351562,-0.01610282227360693,189.07943725585938,-0.03990793714063612,24.753263473510742,-0.04409871018483802,87.88639831542969,-0.008665568787562083,46.144771575927734,79.44193548387096,-0.94,112.81813225806452,98.75508709677419,9.370967741935484,2.9228571428571426,1189.8792282608697
2021-07-07,10.548386573791504,72992500,0.0014054156192349065,-0.0028111024669587037,-0.03654261429003458,0.004216427676697387,0.09806451612903226,272.0526129032258,5.341935483870968,16.2,113.1048,1.33,79.09032258064516,72.22,86.96913146972656,406.0596008300781,-0.000551312673019555,0.0035338511337210665,83.03225806451613,-0.02284267743715096,154.0,0.014477815859406995,191.81689453125,-0.03756989125847532,23.823286056518555,-0.0072365459241703345,87.25040435791016,0.00961553166908824,46.588478088378906,79.09032258064516,-0.95,112.87233870967742,98.73636451612903,9.345161290322581,2.9114285714285715,1190.0286739130436
2021-07-08,10.422369003295898,62706800,-0.0035562502436258248,-0.01066865922823379,-0.018492318261566942,0.004267408789707439,0.09774193548387097,272.0775483870968,5.332258064516129,19.0,113.0776,1.3,78.73870967741935,72.98,86.75321197509766,402.75103759765625,-0.0024827141651295737,-0.008147974399961067,82.87096774193549,-0.017662345588981276,151.27999877929688,-0.009689114043595293,189.95835876464844,-0.014950205612163647,23.46712303161621,-0.014487387947886066,85.98637390136719,-0.013852822714361612,45.94309616088867,78.73870967741935,-0.92,112.92654516129032,98.71764193548387,9.319354838709677,2.9,1190.1781195652175
2021-07-09,10.733705520629883,65981200,-0.060082952572814485,-0.045580379251870196,-0.050414363045536814,0.028314793303590324,0.09741935483870968,272.1024838709678,5.322580645161291,16.18,112.8375,1.37,78.38709677419355,74.56,87.5641098022461,407.0503234863281,0.009347179299611375,0.010674797796466073,82.70967741935483,0.028622434333647417,155.61000061035156,0.01383271464123026,192.58599853515625,0.022765659711833974,24.001367568969727,0.02496307586434776,88.13285827636719,0.010535460552137277,46.427127838134766,78.38709677419355,-0.91,112.98075161290323,98.69891935483871,9.293548387096774,2.8971428571428572,1190.3275652173913
2021-07-12,10.830072402954102,49205200,-0.09103372497414175,-0.039698827613644516,-0.05407288418244416,0.03490759283468692,0.0964516129032258,272.17729032258063,5.2935483870967746,16.17,112.7611,1.38,77.33225806451613,74.21,88.16390991210938,408.5084228515625,0.006849839634273325,0.0035821108130953405,82.2258064516129,0.01870062110851123,158.52000427246094,0.00038022976367924066,192.6592254638672,-0.016488009937355885,23.605632781982422,0.0035178219750253703,88.4428939819336,0.0,46.427127838134766,77.33225806451613,-0.95,113.14337096774194,98.64275161290323,9.216129032258065,2.8885714285714283,1190.7759021739132
2021-07-13,10.689228057861328,45360600,-0.035367545323767735,-0.04368919998700982,-0.033980469052505624,0.046463174093016146,0.09612903225806452,272.2022258064516,5.283870967741936,17.12,113.0063,1.42,76.98064516129033,75.24,87.10826873779297,407.1158142089844,-0.011973620219075776,-0.0034090083941406,82.06451612903226,-0.006245303220295484,157.52999877929688,-0.010502359593588362,190.63584899902344,-0.04233028849844256,22.606399536132812,-0.012404520311476874,87.3458023071289,0.004344241895197776,46.62881851196289,76.98064516129033,-0.94,113.19757741935484,98.62402903225806,9.19032258064516,2.8857142857142857,1190.925347826087
2021-07-14,10.563211441040039,39056200,-0.004210600442565382,-0.02736854174622827,-0.02456138450190637,0.09754386154980943,0.09580645161290323,272.2271612903226,5.274193548387097,16.33,112.8801,1.37,76.62903225806451,73.06,86.9499282836914,407.7232971191406,-0.0018177430959877006,0.001492162399381547,81.90322580645162,-0.010918563029463924,155.80999755859375,-0.0008161836972809811,190.48025512695312,-0.011816223465829001,22.339277267456055,0.00036414967818299004,87.37760925292969,-0.0017302786075797938,46.54813766479492,76.62903225806451,-0.97,113.25178387096774,98.6053064516129,9.164516129032258,2.8828571428571426,1191.074793478261
2021-07-15,10.38530445098877,44952300,-0.007137792761856221,0.02712350230000027,-0.029978564307216127,0.10706634045257668,0.09548387096774194,272.25209677419355,5.264516129032258,17.01,113.0041,1.31,76.27741935483871,71.67,86.47972106933594,406.33074951171875,-0.005407793009573614,-0.0034154231981866623,81.74193548387096,-0.014248130771379208,153.58999633789062,-0.0008656355195423293,190.31536865234375,-0.027900785632777425,21.715993881225586,0.01901550700713317,89.03913879394531,0.0025999164912560158,46.669158935546875,76.27741935483871,-1.01,113.30599032258066,98.58658387096774,9.138709677419355,2.88,1191.2242391304349
2021-07-16,10.08879280090332,48065200,0.015429631115471132,0.024981789163413204,-0.011021313626621176,0.13519473637344492,0.09516129032258065,272.27703225806454,5.254838709677419,18.45,113.0428,1.31,75.9258064516129,71.76,85.41448211669922,403.1436767578125,-0.012317788950575559,-0.007843543117856844,81.58064516129032,-0.025001604462850713,149.75,-0.022032858186982085,186.12217712402344,-0.04692486497002535,20.69697380065918,-0.012589393907975754,87.9181900024414,-0.011236271910178508,46.144771575927734,75.9258064516129,-1.02,113.36019677419355,98.56786129032258,9.112903225806452,2.8657142857142857,1191.3736847826087
2021-07-19,9.844170570373535,99949200,0.056476129831150024,0.04743982505552746,-0.02183725215578103,0.18222904624242453,0.09419354838709677,272.3518387096774,5.225806451612903,22.5,113.5472,1.19,74.87096774193549,66.45,84.43562316894531,397.1900329589844,-0.011460105165966183,-0.014768044600646846,81.09677419354838,-0.01722872675161724,147.1699981689453,-0.021889941081529862,182.0479736328125,-0.05736134566072337,19.509767532348633,-0.0190794328133026,86.24076080322266,-0.016608502820013138,45.37837600708008,74.87096774193549,-1.05,113.52281612903226,98.51169354838709,9.035483870967742,2.8228571428571425,1191.8220217391306
2021-07-20,10.311176300048828,70731800,-0.008626762061447746,0.007908027079410962,-0.06542051407077953,0.1186198512548775,0.09387096774193548,272.3767741935484,5.216129032258064,19.73,113.7502,1.23,74.51935483870967,67.32,85.99508666992188,402.8818359375,0.01846926027722051,0.014330175750163932,80.93548387096774,0.04063325271414531,153.14999389648438,0.009605726271124437,183.7966766357422,0.07454361178706614,20.964096069335938,0.019634990125842355,87.93409729003906,0.0008890630699289748,45.41872024536133,74.51935483870967,-1.03,113.57702258064516,98.49297096774193,9.009677419354839,2.8085714285714283,1191.9714673913045
2021-07-21,10.518733978271484,53817500,-0.023255862448380293,-0.06131059688702101,-0.10711767835402841,0.08668084294647582,0.0935483870967742,272.4017096774194,5.2064516129032254,17.91,113.3926,1.3,74.16774193548387,70.26,86.78681182861328,406.1437683105469,0.009206632487392064,0.008096498978308109,80.7741935483871,0.018935744504394725,156.0500030517578,0.011656414672645221,185.9390869140625,0.09438411954846893,22.942773818969727,0.0015369134259808348,88.06924438476562,0.008881053598342792,45.822086334228516,74.16774193548387,-0.98,113.63122903225806,98.47424838709676,8.983870967741934,2.794285714285714,1192.1209130434784
2021-07-22,10.311176300048828,40440100,0.03450760318207857,-0.014378121747842143,-0.09633360993824303,0.15312754692633734,0.09322580645161291,272.4266451612903,5.196774193548387,17.69,113.4695,1.27,73.81612903225806,72.15,87.16106414794922,406.9942932128906,0.004312317867777082,0.0020941473653079967,80.61290322580645,-0.009996780058224908,154.49000549316406,-0.010881849747868433,183.9157257080078,-0.020698632037704057,22.4678897857666,-0.007221348419340856,87.43326568603516,0.0008801209791720055,45.8624153137207,73.81612903225806,-1.01,113.68543548387098,98.4555258064516,8.958064516129031,2.78,1192.2703586956522
2021-07-23,10.24445915222168,37927900,0.009407011333172122,-0.001447017685751062,-0.07887093521989286,0.19754006993422335,0.0929032258064516,272.4515806451613,5.187096774193548,17.2,113.4398,1.3,73.46451612903226,72.24,87.9383773803711,411.1814880371094,0.008918124623885415,0.010288092226464096,80.45161290322581,0.018771401342287497,157.38999938964844,0.006819987652969983,185.17002868652344,-0.0330251038974434,21.72588539123535,0.030005271354329732,90.05672454833984,-0.006156510632471912,45.58006286621094,73.46451612903226,-1.05,113.73964193548387,98.43680322580644,8.932258064516128,2.7828571428571425,1192.4198043478261
2021-07-26,10.400131225585938,43838000,-0.008553250301137183,-0.019957308941097374,-0.06771194777451905,0.1603706004991321,0.09193548387096774,272.5263870967742,5.158064516129032,17.58,113.2238,1.29,72.40967741935484,72.15,88.5909652709961,412.1907958984375,0.00742096806951853,0.002454652971237481,79.96774193548387,0.014994603338862378,159.75,0.015080299189892399,187.9624481201172,0.05464486966952897,22.91309356689453,0.013683087348561829,91.28897857666016,0.016814104484732084,46.34645080566406,72.40967741935484,-1.11,113.90226129032258,98.38063548387096,8.854838709677418,2.7914285714285714,1192.868141304348
2021-07-27,10.222224235534668,41963200,0.016678672076362533,0.0021751544648882515,-0.044960251536112494,0.16026079089791856,0.09161290322580645,272.55132258064515,5.148387096774194,19.36,113.2227,1.25,72.05806451612904,71.68,87.69366455078125,410.3122253417969,-0.010128580464949688,-0.0045575266971839,79.80645161290323,-0.0053208519781885455,158.89999389648438,-0.001217780982402883,187.73355102539062,-0.015544082856491226,22.556930541992188,-0.004093125286189103,90.91532135009766,0.0034814761893631196,46.50780487060547,72.05806451612904,-1.13,113.95646774193548,98.3619129032258,8.829032258064515,2.794285714285714,1193.0175869565219
2021-07-28,10.2741117477417,70653500,-0.038960801478708174,0.00505068741496828,-0.06926390491504508,0.1500723973323772,0.09129032258064516,272.57625806451614,5.138709677419355,18.31,113.1807,1.26,71.70645161290322,72.37,87.41056823730469,410.14398193359375,-0.003228241343622096,-0.00041003752218926603,79.64516129032258,0.021523055752678877,162.32000732421875,0.024091735993561514,192.25637817382812,0.0008772799130887243,22.576719284057617,-0.011367560464510706,89.8818359375,0.00433654189860655,46.70948791503906,71.70645161290322,-1.15,114.0106741935484,98.34319032258064,8.803225806451612,2.797142857142857,1193.1670326086958
2021-07-29,10.666990280151367,111154800,-0.047255065868584634,-0.034051398506054875,-0.07505201092519997,0.07783176801383984,0.09096774193548388,272.6011935483871,5.129032258064516,17.7,112.4834,1.28,71.35483870967742,73.62,88.39422607421875,411.844970703125,0.011253305598512897,0.004147296667653233,79.48387096774194,0.032836288391852264,167.64999389648438,-0.0013809043602101,191.9908905029297,-0.004820430148496535,22.4678897857666,0.01061387699779437,90.83583068847656,0.0051812176653698305,46.951499938964844,71.35483870967742,-1.15,114.0648806451613,98.32446774193548,8.77741935483871,2.8,1193.3164782608696
2021-07-30,10.340828895568848,74955700,-0.010752876587004967,-0.02580653491214957,-0.06451633728037387,0.20860211682127283,0.09064516129032257,272.62612903225806,5.119354838709677,18.24,112.6714,1.24,71.00322580645161,73.93,86.57566833496094,409.8450012207031,-0.020573263888649107,-0.004856122144717201,79.3225806451613,-0.004771773469092411,166.85000610351562,0.004673146396350747,192.88809204101562,-0.04667543037162836,21.419191360473633,-0.016716397752601697,89.3173828125,-0.006872654279872381,46.62881851196289,71.00322580645161,-1.16,114.1190870967742,98.30574516129032,8.751612903225805,2.7957142857142854,1193.4659239130435
2021-08-02,10.311176300048828,64673700,-0.011502441904644889,-0.03235084329968074,-0.06326393916714423,0.22789365052998267,0.08967741935483871,272.7158064516129,5.087096774193548,19.46,112.6691,1.2,70.38064516129032,71.31,86.82520294189453,408.98504638671875,0.0028822717945202747,-0.0020982440469520247,78.83870967741936,0.004854645064209517,167.66000366210938,-0.0019935743004928508,192.50355529785156,-0.008776004968910955,21.231216430664062,0.0012460912301417437,89.42868041992188,-0.003460311785569825,46.46746826171875,70.38064516129032,-1.17,113.7862870967742,98.22949677419355,8.664516129032258,2.782857142857143,1193.9142608695654
2021-08-03,10.392717361450195,53257700,-0.014265586571078237,-0.07346648614909368,-0.06490731773386949,0.2803141879361186,0.08935483870967742,272.7556129032258,5.074193548387097,18.04,112.8228,1.19,70.46129032258064,70.64,87.46817016601562,412.31231689453125,0.007405306320463101,0.008135433158762417,78.6774193548387,0.008827363087273499,169.13999938964844,0.01764493778611187,195.9002685546875,-0.0013978636044470472,21.2015380859375,0.01920182200444387,91.1458740234375,0.013020754659980094,47.072509765625,70.46129032258064,-1.19,113.3450741935484,98.19069354838709,8.629032258064516,2.7785714285714285,1194.0637065217393
2021-08-04,9.873824119567871,81502700,0.045795727126838326,-0.024024154255753327,-0.02327339038031262,0.35210159313968137,0.08903225806451613,272.7954193548387,5.0612903225806445,17.97,112.8953,1.19,70.54193548387096,68.19,86.61884307861328,410.2841796875,-0.009710127533139268,-0.004918934322182822,78.51612903225806,-0.020219925394859728,165.72000122070312,-0.005655013194667324,194.79244995117188,-0.018198744263975164,20.815696716308594,-0.012036657572920717,90.04878234863281,-0.00599824502486912,46.790157318115234,70.54193548387096,-1.16,112.90386129032258,98.15189032258064,8.593548387096774,2.7742857142857145,1194.2131521739132
2021-08-05,10.162920951843262,60524400,0.013858554256777067,-0.07585706316135687,-0.05981019265534626,0.358862375833932,0.08870967741935483,272.8352258064516,5.048387096774193,17.28,112.7674,1.23,70.62258064516129,69.1,87.448974609375,412.8824462890625,0.009583729143187725,0.006332846183690233,78.35483870967742,-0.036628091235256566,159.64999389648438,-0.004042247490544715,194.0050506591797,0.07176797007720759,22.30959701538086,0.01853972176607166,91.71826171875,0.006896597267237903,47.112850189208984,70.62258064516129,-1.1,112.46264838709678,98.1130870967742,8.558064516129031,2.77,1194.362597826087
2021-08-06,10.229635238647461,44450600,-0.015217287944399693,-0.08913042870261179,-0.06159436165402665,0.40724659839370525,0.08838709677419354,272.8750322580645,5.035483870967742,16.15,113.3088,1.31,70.70322580645161,68.26,86.85396575927734,413.5648193359375,-0.006804068918537909,0.0016527053959500826,78.19354838709677,0.02192295730540006,163.14999389648438,0.006229513741007775,195.21360778808594,0.023503302739398713,22.833946228027344,-0.004594027331917272,91.29690551757812,0.004280769024297415,47.31452941894531,70.70322580645161,-1.06,112.02143548387097,98.07428387096773,8.52258064516129,2.7842857142857143,1194.512043478261
2021-08-09,10.192572593688965,38760400,-0.021090999390232845,-0.07418181314628691,-0.05236380893265302,0.40290925435971325,0.08741935483870968,272.9944516129032,4.9967741935483865,16.72,113.4521,1.33,70.94516129032257,66.56,86.73400115966797,413.22833251953125,-0.0013812219000093329,-0.000813625339182722,77.70967741935483,0.013239373232706741,165.30999755859375,0.0067066770292052436,196.52284240722656,-0.016031238691953664,22.4678897857666,-0.02002763054227863,89.46844482421875,0.007672443123640571,47.677547454833984,70.94516129032257,-1.04,110.69779677419355,97.95787419354838,8.416129032258064,2.8271428571428574,1194.9603804347828
2021-08-10,10.24445915222168,32120800,-0.06005765728730361,-0.05354514678423039,-0.07670012941610826,0.4580321118024102,0.08709677419354839,273.0342580645161,4.983870967741935,16.79,113.4973,1.36,71.0258064516129,68.33,87.07470703125,413.7422790527344,0.0039281696569586355,0.0012437349831979638,77.54838709677419,0.026919103586973803,169.75999450683594,0.011087773959512326,198.70184326171875,0.0413914850574868,23.397869110107422,0.02203643139718836,91.44001007080078,0.010998462761142802,48.201927185058594,71.0258064516129,-1.04,110.25658387096775,97.91907096774193,8.380645161290323,2.8414285714285716,1195.1098260869567
2021-08-11,10.326003074645996,42795600,-0.06676244659596275,-0.05455863298964059,-0.08973439079153189,0.4443645354801189,0.0867741935483871,273.07406451612906,4.970967741935484,16.06,113.282,1.35,71.10645161290323,69.3,87.32901763916016,414.7703857421875,0.002920602509967507,0.002484896375122725,77.38709677419355,-0.009542855617389101,168.13999938964844,0.002165775721379992,199.13218688964844,0.014376360026744361,23.73424530029297,0.026430292297391134,93.85679626464844,0.019246910733163425,49.12966537475586,71.10645161290323,-1.07,109.81537096774194,97.88026774193548,8.34516129032258,2.855714285714286,1195.2592717391306
2021-08-12,10.303764343261719,38547900,-0.08848928387638977,-0.07194241541315105,-0.06546766651734315,0.3928058139922328,0.08645161290322581,273.11387096774195,4.958064516129032,15.59,113.2691,1.36,71.18709677419355,69.12,87.36737823486328,416.0135192871094,0.0004392651691289551,0.0029971608091001745,77.2258064516129,-0.009634799114238812,166.52000427246094,-0.00680473370514012,197.7771453857422,-0.02626093133969487,23.1109619140625,0.0005929931056727344,93.9124526977539,-0.010673305253098286,48.605289459228516,71.18709677419355,-1.05,109.37415806451614,97.84146451612902,8.309677419354838,2.87,1195.4087173913044
2021-08-13,10.073967933654785,45118500,-0.07505527854355654,-0.020603274292241958,-0.05371577745294309,0.43855800652086585,0.08612903225806451,273.15367741935484,4.945161290322581,15.45,113.0615,1.29,71.26774193548387,68.36,87.11788177490234,416.7705078125,-0.002855716458495916,0.0018196248205775145,77.06451612903226,-0.009548471990657115,164.92999267578125,-0.002268329115336254,197.32852172851562,-0.021404083586425426,22.61629295349121,-0.03682396706293367,90.4542236328125,0.00829873206512377,49.00865173339844,71.26774193548387,-1.08,108.93294516129032,97.80266129032258,8.274193548387096,2.8685714285714288,1195.5581630434783
2021-08-16,9.977601051330566,38664300,-0.05423467730195919,-0.03046068478618369,-0.01783035101454533,0.448737191239418,0.08516129032258064,273.27309677419356,4.906451612903226,16.12,113.1698,1.26,71.50967741935483,67.44,86.71482849121094,417.7519226074219,-0.004626527590889218,0.0023548086453453188,76.58064516129032,-0.004183515511175462,164.24000549316406,0.0193477141647751,201.14637756347656,-0.003062125240913871,22.547039031982422,0.013886620935734229,91.7103271484375,0.005761355438689053,49.29100799560547,71.50967741935483,-1.1,107.60930645161291,97.68625161290322,8.167741935483871,2.8642857142857143,1196.0065000000002
2021-08-17,9.62920093536377,74625300,0.006928627647817098,0.0030791479683616174,0.03156250467344135,0.5288686711203552,0.08483870967741935,273.31290322580645,4.893548387096774,17.91,113.6174,1.26,71.59032258064516,66.5,84.65633392333984,415.013427734375,-0.023738668503273774,-0.006555313631962267,76.41935483870968,-0.03647105024855457,158.25,-0.01329074702960309,198.47299194335938,-0.03290917239637259,21.805034637451172,-0.039961795762227914,88.04541778564453,-0.009820110016436345,48.80696487426758,71.59032258064516,-1.07,107.16809354838709,97.64744838709677,8.132258064516128,2.862857142857143,1196.155945652174
2021-08-18,9.636613845825195,50966700,0.013076856542911353,0.008461489588728943,0.04230784379817676,0.5223075904512762,0.08451612903225807,273.35270967741934,4.880645161290323,21.57,113.6959,1.27,71.67096774193548,65.36,84.9586410522461,410.4710998535156,0.0035709924455269437,-0.010945014250880236,76.25806451612904,-0.010552911020191513,156.5800018310547,-0.005351220554025593,197.41091918945312,0.0199636672749528,22.24034309387207,-0.005869350412281649,87.52864837646484,0.0033060420793291634,48.96832275390625,71.67096774193548,-1.05,106.72688064516129,97.60864516129033,8.096774193548386,2.861428571428571,1196.305391304348
2021-08-19,9.39199161529541,69038800,0.018153235250604194,0.026835111370921316,0.011839097371635798,0.5753751161250813,0.08419354838709678,273.3925161290323,4.867741935483871,21.67,114.1106,1.24,71.7516129032258,63.69,84.41641998291016,411.1067199707031,-0.006382176817099627,0.0015485136893056417,76.09677419354838,-0.023374655890337825,152.9199981689453,-0.0006954964018611731,197.27362060546875,-0.03647687954344403,21.42908477783203,-0.00308789105826901,87.25836944580078,0.02141678829660343,50.017066955566406,71.7516129032258,-1.04,106.28566774193548,97.56984193548386,8.061290322580644,2.86,1196.4548369565218
2021-08-20,9.317863464355469,53615600,0.058870549761690594,0.025457684406346992,0.015910873643158796,0.5639216792446806,0.08387096774193549,273.4323225806452,4.854838709677419,18.56,114.5009,1.26,71.83225806451613,62.25,85.22734069824219,414.3779296875,0.00960619646623484,0.00795708159922559,75.93548387096774,0.01131307708771856,154.64999389648438,0.01304124121206729,199.8463134765625,0.013850363488708384,21.72588539123535,0.026147820838603897,89.53998565673828,0.03145159039189038,51.59018325805664,71.83225806451613,-1.01,105.84445483870968,97.53103870967742,8.025806451612903,2.861428571428571,1196.6042826086957
2021-08-23,9.436469078063965,64573600,0.025137306206103993,0.01728170852427846,0.03927738203339004,0.53084315030387,0.08290322580645161,273.5517419354839,4.816129032258065,17.15,113.9418,1.25,72.0741935483871,65.65,86.32615661621094,418.0229797363281,0.012892763155185616,0.008796438679967933,75.45161290322581,0.003556437591106354,155.1999969482422,-0.0010537424693414232,199.63572692871094,0.039617506367738864,22.586610794067383,-0.004172906272353449,89.16634368896484,-0.008600525715027674,51.146480560302734,72.0741935483871,-1.02,104.52081612903226,97.41462903225806,7.919354838709677,2.8657142857142857,1197.0526195652174
2021-08-24,9.695918083190918,53672500,-0.0038229915941987436,-0.0038229915941987436,0.048164894200369845,0.5736328659247105,0.08258064516129032,273.5915483870968,4.803225806451613,17.22,113.6795,1.29,72.15483870967742,67.5,86.935546875,418.68658447265625,0.007059161240066558,0.0015874838669076574,75.29032258064517,0.015721665524387696,157.63999938964844,0.004769429060360597,200.58787536621094,0.04424007014421427,23.585844039916992,0.08318485907373452,96.58363342285156,-0.004731892608621724,50.90446090698242,72.15483870967742,-1.01,104.07960322580645,97.37582580645162,7.883870967741935,2.867142857142857,1197.2020652173915
2021-08-25,9.762630462646484,51195500,-0.004555791522009689,-0.031131225786032002,0.04631752314674609,0.5415123387444978,0.08225806451612903,273.6313548387097,4.790322580645161,16.79,113.6322,1.35,72.23548387096774,68.54,87.27141571044922,419.5650634765625,0.0038634235076722145,0.002098178056057609,75.12903225806451,-0.0013955926259511253,157.4199981689453,0.022137231360426002,205.02833557128906,0.01132553357957744,23.85296630859375,0.003292333528971625,96.90161895751953,0.01426316961273133,51.63051986694336,72.23548387096774,-1.0,103.63839032258065,97.33702258064515,7.848387096774193,2.8685714285714288,1197.3515108695653
2021-08-26,9.56248664855957,57559800,0.008527081994863073,-0.017054263720512886,0.09767443762308026,0.5776714337317843,0.08193548387096775,273.6711612903226,4.77741935483871,18.84,113.7883,1.34,72.31612903225806,67.42,86.46530151367188,417.08837890625,-0.009236863985934263,-0.005902980934090252,74.96774193548387,-0.02039125582782131,154.2100067138672,0.00334902737174958,205.71498107910156,-0.026544992157254144,23.219789505004883,-0.031175830670897575,93.88063049316406,-0.011718900943808563,51.02546691894531,72.31612903225806,-0.99,103.19717741935483,97.29821935483871,7.812903225806451,2.87,1197.5009565217392
2021-08-27,9.866411209106445,57587300,-0.03155519375136406,-0.024042204274208334,0.07513153796917393,0.4913183103830179,0.08161290322580646,273.7109677419355,4.764516129032258,16.39,113.3404,1.31,72.39677419354838,68.84,87.25222778320312,420.8174743652344,0.009101064308517204,0.008940780054249808,74.80645161290323,0.014266239883668597,156.41000366210938,0.0064531002199494925,207.04248046875,0.03749469046662868,24.090408325195312,-0.004996049612510989,93.4115982055664,0.01027682374876826,51.54984664916992,72.39677419354838,-1.08,102.75596451612903,97.25941612903226,7.77741935483871,2.87,1197.650402173913
2021-08-30,9.673676490783691,42720100,-0.007662971227628157,-0.014559053825644486,0.0957856615782291,0.5148690527067108,0.08064516129032258,273.8303870967742,4.725806451612903,16.19,113.246,1.29,72.63870967741936,69.28,87.90960693359375,422.6680603027344,0.007534239148873301,0.004397597652738838,74.3225806451613,-0.021098414260553144,153.11000061035156,0.0021227474688874093,207.4819793701172,-0.029568865757235496,23.378082275390625,0.007234120231352614,94.08734893798828,0.0007824777668348215,51.59018325805664,72.63870967741936,-1.08,101.4323258064516,97.1430064516129,7.670967741935484,2.87,1198.0987391304348
2021-08-31,9.65885066986084,42212700,0.0,0.014582092347788178,0.08672320475859152,0.4801714329891502,0.08032258064516129,273.87019354838714,4.712903225806452,16.48,113.1076,1.3,72.71935483870968,68.43,88.1207275390625,422.04180908203125,0.0024015646620765274,-0.0014816620405492253,74.16129032258064,-0.006008739894702297,152.19000244140625,-0.002434116938366593,206.97694396972656,0.021582710334663524,23.882644653320312,-0.015547082896773534,92.62456512451172,0.004691121902251627,51.83219909667969,72.71935483870968,-1.03,100.9911129032258,97.10420322580644,7.635483870967741,2.87,1198.2481847826089
2021-09-01,9.718153953552246,58875700,-0.026697060505937897,0.022120320624975598,0.0800916721842102,0.5010368271626637,0.08,273.91,4.7,16.11,112.8732,1.31,72.8,68.63,88.11592102050781,422.2662048339844,-5.454469894794478e-05,0.0005316908114889607,74.0,-0.005190935884412218,151.39999389648438,0.0033275237807439684,207.66566467285156,-0.02609767418681508,23.259363174438477,0.0023172052323765513,92.83919525146484,-0.01245137074517022,51.18681716918945,72.8,-1.03,100.5499,97.0654,7.6,2.87,1198.3976304347827
2021-09-02,9.644026756286621,49053200,-0.0253650558047247,0.04150667070787173,0.10299782595689777,0.5349769765028314,0.08,273.99800000000005,4.693333333333333,16.41,112.7863,1.29,72.76333333333334,70.07,88.11112976074219,423.5653076171875,-5.4374507014620654e-05,0.0030765019040863706,74.26666666666667,-0.002179567936384741,151.07000732421875,0.005438964047155936,208.79515075683594,0.021692871560825555,23.763925552368164,-0.004452764935774511,92.4258041381836,0.004728163748106473,51.428836822509766,72.76333333333334,-1.03,100.25322999999999,97.11099666666667,7.58,2.87,1198.5470760869566
2021-09-03,9.555074691772461,41616700,0.0077577879799448635,-0.005430661183073893,0.10861122749850227,0.49234820827405557,0.08,274.086,4.6866666666666665,16.41,112.5476,1.33,72.72666666666666,69.34,88.058349609375,423.4625244140625,-0.000599017984566852,-0.00024266199633582453,74.53333333333333,-0.007546267248076943,149.92999267578125,-0.0072130146462199285,207.2891082763672,-0.04412992837949259,22.715225219726562,-0.019267180021189545,90.64501953125,-0.005490232322023836,51.146480560302734,72.72666666666666,-1.01,99.95656,97.15659333333333,7.56,2.8714285714285714,1198.6965217391305
2021-09-07,9.599547386169434,64008900,-0.006949335153347613,-0.013899465072763295,0.09034781446782225,0.49164308446724103,0.08,274.43800000000005,4.66,18.14,112.9795,1.38,72.58,68.49,88.31745910644531,421.94842529296875,0.002942475054548588,-0.0035755209346772787,75.6,0.0045355030200049384,150.61000061035156,-0.008195570684772835,205.5902557373047,0.026132390430352093,23.308828353881836,-0.02210120945803995,88.64165496826172,-0.027224940096181705,49.75402069091797,72.58,-0.98,98.76988,97.33897999999999,7.4799999999999995,2.8771428571428572,1199.2943043478263
2021-09-08,9.65885066986084,57980900,0.014582092347788178,0.015349466959990954,0.14274757433299778,0.5395630881753122,0.08,274.526,4.653333333333333,17.96,113.2319,1.35,72.54333333333334,69.36,88.418212890625,421.4343566894531,0.0011408138911497279,-0.0012183209432733433,75.86666666666666,-0.017063988538634334,148.0399932861328,0.004645319133476322,206.5452880859375,-0.03310688669296824,22.537145614624023,-0.0045739363093441066,88.23621368408203,0.008183340312962306,50.16117477416992,72.54333333333334,-1.03,98.47321,97.38457666666666,7.46,2.8785714285714286,1199.4437500000001
2021-09-09,9.458707809448242,68806400,0.05015640983914982,0.07445130525034149,0.18495299638824636,0.560325015471598,0.08,274.61400000000003,4.6466666666666665,18.8,113.043,1.3,72.50666666666666,68.26,88.30304718017578,419.6304931640625,-0.0013025111759686903,-0.004280295369273546,76.13333333333334,0.006011884828502012,148.92999267578125,8.902086796891417e-05,206.5636749267578,0.021949051092357674,23.031814575195312,0.012613597385350284,89.34918975830078,-0.0154220887244646,49.3875846862793,72.50666666666666,-1.08,98.17653999999999,97.43017333333333,7.4399999999999995,2.88,1199.593195652174
2021-09-10,9.399405479431152,48792500,0.0686120756400852,0.08675078944369985,0.19006287647787024,0.5511465057141387,0.08,274.702,4.640000000000001,20.95,112.9425,1.35,72.47,69.82,87.7608413696289,416.3219299316406,-0.006140284258147388,-0.00788446808875809,76.4,-0.01671919933411714,146.44000244140625,-0.002534024920817224,206.0402374267578,-0.022766383355648845,22.507463455200195,-0.00925372402790936,88.52237701416016,0.014014812624631556,50.079742431640625,72.47,-1.05,97.87987,97.47577,7.42,2.8771428571428572,1199.742641304348
2021-09-13,9.62920093536377,62270800,-0.013086923584540222,0.09006938630669525,0.20400311024647144,0.6595849894854375,0.08,274.966,4.62,19.37,113.0341,1.33,72.36,70.54,87.97674560546875,417.387451171875,0.0024601431853930045,0.002559368516593219,77.2,0.012359994048197098,148.25,-0.004679682439223232,205.07603454589844,0.02461545136674692,23.061494827270508,0.012833448463539732,89.6584243774414,0.0,50.079742431640625,72.36,-1.04,96.98986,97.61256,7.359999999999999,2.8685714285714283,1200.1909782608695
2021-09-14,9.5328369140625,47640800,-0.006998766694838232,0.11275268349916123,0.20606500422573082,0.5966461862778993,0.08,275.05400000000003,4.613333333333333,19.46,113.0061,1.28,72.32333333333334,70.53,87.68407440185547,415.13494873046875,-0.0033266882242469764,-0.005396670252260871,77.46666666666667,0.010657685201043376,149.8300018310547,-0.006716809538906743,203.69857788085938,-0.019304987691120545,22.61629295349121,-0.01695370435057575,88.13838195800781,0.0016260535413186172,50.16117477416992,72.32333333333334,-1.05,96.69319,97.65815666666667,7.34,2.8657142857142857,1200.3404239130437
2021-09-15,9.799696922302246,60282100,0.0007563455120984663,0.08169426844446148,0.16868353937390523,0.5242774550160783,0.08,275.142,4.6066666666666665,18.18,112.9773,1.31,72.28666666666666,72.59,88.25025939941406,418.6024475097656,0.006457101833153622,0.008352702632965281,77.73333333333333,0.02963360066171994,154.27000427246094,0.003200772458180401,204.35057067871094,0.013560756017461095,22.92298698425293,-0.008169072702522429,87.41837310791016,0.0064934269879404205,50.48689270019531,72.28666666666666,-1.04,96.39652,97.70375333333334,7.319999999999999,2.8628571428571425,1200.4898695652175
2021-09-16,9.933122634887695,76426100,0.02313454946669591,0.05671675867258785,0.1716420719084406,0.5143035940010949,0.08,275.23,4.6000000000000005,18.69,113.3036,1.34,72.25,72.69,88.65331268310547,417.9388732910156,0.004567162594584673,-0.0015852134231358894,78.0,-0.03299417550861061,149.17999267578125,-0.004943206624633101,203.34042358398438,-0.0034527498061905915,22.843839645385742,0.002654104724683526,87.650390625,-0.021774127008449495,49.3875846862793,72.25,-1.01,96.09985,97.74934999999999,7.3,2.86,1200.6393152173914
2021-09-17,10.044318199157715,76182400,0.016974086496963414,0.04501838214524545,0.14833941640664738,0.5094069812938968,0.08,275.31800000000004,4.593333333333334,20.81,113.5989,1.37,72.21333333333334,72.09,88.34142303466797,413.86767578125,-0.0035180822802680645,-0.009741131466684094,78.26666666666667,-0.018434107353636153,146.42999267578125,-0.030483746279299062,197.141845703125,0.01992209740354456,23.29893684387207,0.0005475904973595291,87.6983871459961,-0.023083407078227647,48.24755096435547,72.21333333333334,-0.96,95.80318,97.79494666666666,7.28,2.8628571428571425,1200.7887608695653
2021-09-20,9.50318431854248,126152200,0.10452421024342562,0.11934486263713384,0.20280806128686235,0.5498864955893292,0.08,275.582,4.573333333333333,25.71,113.9422,1.31,72.10333333333334,70.41,86.3255615234375,406.96673583984375,-0.022818983914707602,-0.016674266547585526,79.06666666666666,-0.020146125082270094,143.47999572753906,-0.01048081840957138,195.0756378173828,-0.013163598301252577,22.992238998413086,-0.026911205002817407,85.33831787109375,-0.0059069533482724035,47.962554931640625,72.10333333333334,-0.98,94.91317,97.93173666666667,7.22,2.8714285714285714,1201.237097826087
2021-09-21,9.466118812561035,60473100,0.1205954697512428,0.119029170522303,0.2560693213593266,0.5284094360788822,0.08,275.67,4.566666666666666,24.36,113.8179,1.33,72.06666666666666,70.51,86.4552993774414,406.5823059082031,0.001502890357321096,-0.000944622490698932,79.33333333333333,-0.008224091935589373,142.3000030517578,-0.008944049881743354,193.33087158203125,-0.012048142797473682,22.715225219726562,0.0020624982566659344,85.51432800292969,-0.007640202540408536,47.59611129760742,72.06666666666666,-0.96,94.6165,97.97733333333333,7.2,2.874285714285714,1201.386543478261
2021-09-22,9.807108879089355,75784000,0.08087675216383072,0.06727126632676295,0.2509446444250152,0.4897005386979665,0.08,275.75800000000004,4.5600000000000005,20.87,113.6223,1.32,72.03,72.37,87.63263702392578,410.5484313964844,0.013617877156892666,0.009754791171794563,79.6,0.020168623019239273,145.1699981689453,0.013584783489232866,195.9572296142578,0.02831018059805257,23.35829734802246,-0.0008422154047977859,85.44230651855469,0.0042772982523491265,47.7996940612793,72.03,-0.96,94.31983,98.02293,7.18,2.8771428571428572,1201.535989130435
2021-09-23,10.162920951843262,68708100,0.03282286696641834,0.08606848622848107,0.1874545293313672,0.4763971043283526,0.08,275.846,4.553333333333334,18.63,113.513,1.41,71.99333333333334,73.43,88.52165222167969,415.53662109375,0.01014479568281379,0.012150063952986567,79.86666666666666,0.052283505087997506,152.75999450683594,0.023993609221061085,200.65895080566406,0.045743285312712434,24.426782608032227,-0.005898870033593795,84.93829345703125,0.006814146360655693,48.12540817260742,71.99333333333334,-0.9,94.02316,98.06852666666667,7.16,2.88,1201.6854347826088
2021-09-24,10.214811325073242,57440200,0.027576214596462645,0.09724240654892724,0.16110279463945787,0.4769202818110643,0.08,275.934,4.546666666666667,17.75,113.7597,1.47,71.95666666666666,74.18,88.85321807861328,416.2211608886719,0.0037455904698127096,0.0016473633373637053,80.13333333333334,-0.011324926615270625,151.02999877929688,-0.007184808657693331,199.21725463867188,0.030376673278586397,25.168787002563477,-0.013469017245257175,83.79425811767578,-0.0025378519786359854,48.003273010253906,71.95666666666666,-0.87,93.72649,98.11412333333334,7.14,2.8985714285714286,1201.8348804347827
2021-09-27,10.49649715423584,68769700,0.013418132673109984,0.0656777549374794,0.12570623843000073,0.47632322176920194,0.08,276.19800000000004,4.526666666666666,18.76,113.7432,1.48,71.84666666666666,75.54,89.32897186279297,415.0303955078125,0.0053543787660990105,-0.0028608958235496473,80.93333333333334,0.020989195488094303,154.1999969482422,0.0005991160166489706,199.33660888671875,0.036949707756917416,26.098766326904297,0.051938067287312206,88.14636993408203,0.006785247982123099,48.32898712158203,71.84666666666666,-0.87,92.83648,98.25091333333333,7.08,2.954285714285714,1202.2832173913043
2021-09-28,10.60768985748291,107090900,-0.0013977383196878135,0.09294182155861441,0.08385719676104464,0.45803813711968444,0.08,276.286,4.5200000000000005,23.25,114.2469,1.54,71.81,75.44,87.60861206054688,406.666748046875,-0.019258699236889498,-0.02015189140714413,81.2,6.491417524712162e-05,154.2100067138672,-0.02096109807586255,195.15829467773438,-0.00796059713796482,25.89100456237793,-0.007169848914456489,87.51437377929688,-0.014321635051559034,47.636837005615234,71.81,-0.84,92.53981,98.29651,7.06,2.972857142857143,1202.4326630434784
2021-09-29,10.600275993347168,56805500,-0.012587453481472832,0.08461524966498568,0.17902097084216706,0.4450020894820108,0.08,276.374,4.513333333333334,22.56,114.7092,1.55,71.77333333333334,75.06,87.69510650634766,407.3512268066406,0.0009872824573571304,0.0016831441544040704,81.46666666666667,-0.02315029614675268,150.63999938964844,0.0015057982497743705,195.45216369628906,-0.024837592508160422,25.247934341430664,0.0003656277167081168,87.54637145996094,0.0025640407597518067,47.75897979736328,71.77333333333334,-0.82,92.24314,98.34210666666667,7.04,2.991428571428571,1202.5821086956523
2021-09-30,10.49649715423584,78820500,0.05155348604785859,0.09110156613780651,0.20621458018648275,0.452900614416645,0.08,276.462,4.506666666666667,23.14,114.6403,1.52,71.73666666666666,75.22,86.23424530029297,402.3724365234375,-0.016658411902937154,-0.01222235249475856,81.73333333333333,-0.011086020815929909,148.97000122070312,-0.026451944168361496,190.28207397460938,-0.01998430331394374,24.743371963500977,-0.03399434834949877,84.5702896118164,-0.011935321288877643,47.188961029052734,71.73666666666666,-0.85,91.94647,98.38770333333333,7.0200000000000005,3.01,1202.7315543478262
2021-10-01,10.49649715423584,51880900,0.06779661786918956,0.10875697039215915,0.2676556086813324,0.474193456065235,0.08,276.55,4.5,21.15,114.3798,1.48,71.7,76.01,86.88299560546875,407.1542053222656,0.007523116865192581,0.01188393727995729,82.0,0.025038569490329676,152.6999969482422,0.011775634414048275,192.52276611328125,0.04318268591628871,25.811857223510742,-0.0037841017747100025,84.2502670288086,0.0086280829176133,47.59611129760742,71.7,-0.9,91.6498,98.4333,7.0,3.007142857142857,1202.881
2021-10-04,10.637340545654297,78332500,0.05156768028861247,0.08432050751026976,0.25505179280011037,0.524712077933954,0.08,276.7792580645161,4.461290322580645,22.96,114.2739,1.49,71.28387096774193,77.68,86.19580078125,401.90362548828125,-0.007909428299862853,-0.01289580155466774,81.61290322580645,0.03248203544855599,157.66000366210938,-0.008156265128192008,190.95249938964844,-0.028746648801985297,25.069852828979492,0.001709431740046119,84.394287109375,-0.005132549519978102,47.35182189941406,71.28387096774193,-0.89,92.26000967741935,98.48955483870968,6.961290322580645,2.9985714285714287,1204.8300217391304
2021-10-05,10.592863082885742,55915800,0.09447160646277775,0.07907622488818733,0.30370899746133717,0.7097555130254347,0.08,276.85567741935483,4.448387096774193,21.3,114.3654,1.54,71.14516129032259,79.17,86.54178619384766,406.0853576660156,0.004013947425068887,0.010404813274958347,81.48387096774194,0.002790831099745761,158.10000610351562,0.014571293571183475,193.73492431640625,0.0031570723373253173,25.14900016784668,0.00834200587828593,85.09830474853516,0.014617421934237207,48.043983459472656,71.14516129032259,-0.91,92.4634129032258,98.50830645161291,6.948387096774193,2.995714285714286,1205.479695652174
2021-10-06,10.466845512390137,61020300,0.09844183516725713,0.13597754153583108,0.37535414804338085,0.6840744789906557,0.08,276.93209677419355,4.435483870967742,21.0,114.7185,1.53,71.00645161290323,77.66,86.81571960449219,407.7730712890625,0.0031653311387742633,0.004156056334429392,81.35483870967742,-0.0025301020862170676,157.6999969482422,-0.0031283148606888744,193.1288604736328,-0.02045631205433862,24.634544372558594,-0.005640664496743497,84.61829376220703,-0.0042374247306867785,47.84040069580078,71.00645161290323,-0.9,92.66681612903226,98.52705806451613,6.935483870967742,2.992857142857143,1206.1293695652175
2021-10-07,11.037628173828125,96557500,0.037609194981212735,0.11148429140596261,0.295500644905317,0.6509843964709232,0.08,277.0085161290323,4.422580645161291,19.54,114.5044,1.58,70.86774193548388,78.46,88.1660385131836,411.29852294921875,0.015553852629950793,0.00864562156841675,81.2258064516129,0.04502223361390345,164.8000030517578,0.01435968527189102,195.90213012695312,-0.01646590679981008,24.228914260864258,0.017207056944543497,86.07432556152344,0.007659710803078035,48.206844329833984,70.86774193548388,-0.88,92.87021935483871,98.54580967741936,6.922580645161291,2.99,1206.779043478261
2021-10-08,11.208124160766602,99468900,0.0383596949433187,0.07671956006218217,0.332671747541176,0.6245410152843165,0.08,277.084935483871,4.409677419354838,18.77,114.5986,1.61,70.72903225806452,79.55,87.76238250732422,410.5484313964844,-0.004578361608013171,-0.0018237156490518158,81.09677419354838,0.0019416993901946178,165.1199951171875,-0.03075044852874631,189.8780517578125,-0.02694976882890554,23.575950622558594,-0.003160185124288062,85.80231475830078,-0.010979941260420234,47.67753601074219,70.72903225806452,-0.89,93.07362258064516,98.56456129032259,6.909677419354838,2.9985714285714287,1207.4287173913044
2021-10-11,11.185883522033691,45302300,0.03114666591185844,0.060304798713029184,0.33333344700926726,0.5884756134003124,0.08,277.3141935483871,4.370967741935484,20.0,114.7153,1.5950000000000002,70.31290322580645,80.64,87.40678405761719,407.57623291015625,-0.004051832226379615,-0.007239580665838075,80.70967741935483,-0.030099329988326762,160.14999389648438,-0.003675631524910905,189.1801300048828,0.0020981202512373454,23.625415802001953,0.015198268654322167,87.10636138916016,-0.007685716068802528,47.311100006103516,70.31290322580645,-0.8975,93.68383225806451,98.62081612903226,6.870967741935484,3.0242857142857145,1209.377739130435
2021-10-12,11.593587875366211,89134000,-0.014066497005204792,0.019181676562122885,0.23785173645802615,0.5647444820403598,0.08,277.3906129032258,4.358064516129033,19.85,114.7542,1.59,70.1741935483871,80.75,88.0987548828125,406.57293701171875,0.007916671831092348,-0.002461615318620991,80.58064516129032,0.017920764816460988,163.02000427246094,-0.0016018571864467868,188.87709045410156,0.018844353564301475,24.070621490478516,0.00404109412067144,87.45836639404297,0.0017212100864023583,47.39253234863281,70.1741935483871,-0.9,93.88723548387097,98.63956774193548,6.858064516129033,3.032857142857143,1210.0274130434784
2021-10-13,11.497220993041992,63363500,0.03417177420492035,0.0,0.2604774003356085,0.5856356863262304,0.08,277.46703225806453,4.34516129032258,18.64,114.4705,1.56,70.03548387096775,80.67,88.5312728881836,408.0356750488281,0.004909467857365568,0.0035977260263813093,80.45161290322581,0.01140964643359288,164.8800048828125,-0.001264152950873787,188.63832092285156,-0.02794910719846644,23.397869110107422,0.013355440904106342,88.62641143798828,0.002577338673248608,47.514678955078125,70.03548387096775,-0.96,94.09063870967742,98.65831935483871,6.84516129032258,3.0414285714285714,1210.6770869565219
2021-10-14,11.452744483947754,50875100,0.07119741881825514,0.09126224813522232,0.2621360532990349,0.6275715869159926,0.08,277.5434516129032,4.332258064516129,16.86,114.2053,1.52,69.8967741935484,81.43,89.45873260498047,414.8990478515625,0.010476068925025839,0.01682052139659862,80.3225806451613,0.014798655805113858,167.32000732421875,0.011245368187487337,190.75962829589844,0.0033826729474693007,23.47701644897461,0.01697034401500419,90.13043212890625,0.020565624315573627,48.49184799194336,69.8967741935484,-1.0,94.29404193548386,98.67707096774194,6.832258064516129,3.05,1211.3267608695653
2021-10-15,11.63806438446045,77211800,0.036942752406195156,0.08789808082095196,0.2649683960897766,0.6125376585777975,0.08,277.6198709677419,4.319354838709677,16.3,114.0905,1.59,69.75806451612904,82.39,90.8282699584961,418.0588684082031,0.015309152204995291,0.007615878062393389,80.19354838709677,0.008486720695593641,168.74000549316406,0.00972409742319047,192.61459350585938,-0.002528451785149377,23.41765594482422,0.008698890158238326,90.91446685791016,0.003358677932483012,48.65471649169922,69.75806451612904,-0.97,94.49744516129032,98.69582258064516,6.819354838709677,3.0557142857142856,1211.9764347826087
2021-10-18,11.534286499023438,48643800,0.028277386491266876,0.15359918363405223,0.2718507039849929,0.5747273819272374,0.08,277.8491290322581,4.280645161290322,16.31,113.9899,1.59,69.34193548387097,82.62,91.93833923339844,419.2964782714844,0.012221627422933201,0.0029603722269870847,79.80645161290323,-0.005570714773055596,167.8000030517578,-0.0010964740291479202,192.4033966064453,-0.02281366808290486,22.883413314819336,0.017335606626228683,92.49052429199219,-0.0033474349764970324,48.49184799194336,69.34193548387097,-0.95,95.10765483870968,98.75207741935485,6.780645161290322,3.0728571428571425,1213.9254565217393
2021-10-19,11.430506706237793,44668300,0.033722531455048,0.167963386536768,0.2944229212093856,0.4632323120237316,0.08,277.9255483870968,4.267741935483871,15.7,113.647,1.65,69.20322580645161,83.19,91.67884826660156,422.5313415527344,-0.002822445662610029,0.007714978419531393,79.6774193548387,-0.007270567333224731,166.5800018310547,0.008400195759511453,194.01962280273438,-0.03415470174242152,22.101837158203125,-0.014445202054488848,91.15447998046875,0.009236029980536964,48.939720153808594,69.20322580645161,-0.89,95.31105806451613,98.77082903225806,6.767741935483871,3.0785714285714283,1214.5751304347827
2021-10-20,11.890101432800293,105213700,-0.03304264828847403,0.1614712446386355,0.2255916199291368,0.3565465894803963,0.08,278.00196774193546,4.254838709677419,15.49,113.5083,1.65,69.06451612903226,84.4,91.61158752441406,424.19085693359375,-0.0007336560554502825,0.003927555704532848,79.54838709677419,0.014407455097271704,168.97999572753906,0.016044881469288397,197.1326446533203,0.004476201029226745,22.200769424438477,0.005178108103583989,91.6264877319336,0.001663775617818386,49.02114486694336,69.06451612903226,-0.92,95.51446129032257,98.7895806451613,6.754838709677419,3.084285714285714,1215.2248043478262
2021-10-21,12.268150329589844,95855000,0.01873121514716014,0.1734140033867928,0.1775005736901054,0.25401676356691594,0.08,278.0783870967742,4.241935483870967,15.01,113.6188,1.68,68.92580645161291,82.64,92.95711517333984,425.29730224609375,0.014687308508513741,0.002608366716101207,79.41935483870968,0.003136458709298573,169.50999450683594,0.007919246305039263,198.69378662109375,-0.0049018879261885084,22.091943740844727,0.026805156212907466,94.08255004882812,-0.000830467124528611,48.98043441772461,68.92580645161291,-0.96,95.71786451612903,98.80833225806452,6.741935483870967,3.09,1215.8744782608696
2021-10-22,12.06800651550293,60646800,0.04913996293094902,0.18488951750648908,0.26431945006180535,0.25876359684538497,0.08,278.1548064516129,4.229032258064516,15.43,113.67,1.66,68.78709677419356,84.53,92.62553405761719,424.8565979003906,-0.003567033197021563,-0.0010362265252463754,79.29032258064517,-0.00666621238063847,168.3800048828125,0.005222554900336407,199.73147583007812,-0.001791316775826668,22.052370071411133,0.006717626310577263,94.71456146240234,0.01080621408517346,49.509727478027344,68.78709677419356,-0.98,95.92126774193548,98.82708387096774,6.729032258064516,3.097142857142857,1216.524152173913
2021-10-25,11.860445976257324,67808000,0.1218754771710131,0.25937510628927773,0.2688574567009143,0.2550379006960033,0.08,278.384064516129,4.190322580645161,15.24,113.605,1.64,68.37096774193549,84.64,94.92253875732422,427.1350402832031,0.024798828131756823,0.00536285041605189,78.90322580645162,0.011343320750285102,170.2899932861328,0.0023905998058610933,200.20895385742188,-0.010767274591406362,21.814926147460938,0.017653815194209166,96.38663482666016,-0.00657886727754553,49.18400955200195,68.37096774193549,-1.02,96.53147741935483,98.88333870967742,6.690322580645161,3.1185714285714288,1218.4731739130436
2021-10-26,11.815972328186035,64882300,0.12986159341304582,0.26223320603925204,0.2767854901696496,0.2553482682933621,0.08,278.4604838709677,4.177419354838709,15.98,113.674,1.63,68.23225806451613,85.64,94.93695068359375,427.5194396972656,0.00015182828502280366,0.0008999482079663501,78.7741935483871,-0.006518296166037607,169.17999267578125,-0.028070724449111517,194.5889434814453,-0.010430779841123394,21.587379455566406,0.006224992755423653,96.98664093017578,-0.0057947182306336,48.89900207519531,68.23225806451613,-1.06,96.73488064516128,98.90209032258065,6.677419354838709,3.125714285714286,1219.122847826087
2021-10-27,11.497220993041992,96094300,0.20116077775593477,0.24822710566196426,0.27978401935680264,0.26682418538601205,0.08,278.53690322580644,4.164516129032258,16.98,113.6218,1.54,68.09354838709677,82.66,95.14838409423828,425.6254577636719,0.002227092919270257,-0.004430165643309447,78.64516129032258,0.00023648508484419573,169.22000122070312,-0.017555426623049875,191.1728515625,-0.008249334423278132,21.409297943115234,-0.020457224155661757,95.0025634765625,0.0016653170632003889,48.98043441772461,68.09354838709677,-1.11,96.93828387096774,98.92084193548388,6.664516129032258,3.132857142857143,1219.7725217391305
2021-10-28,12.497947692871094,215237600,0.15183866552797065,0.1595493583846468,0.17254076444435773,0.17078045040353906,0.08,278.61332258064516,4.151612903225806,16.53,113.4389,1.57,67.95483870967742,82.78,96.41224670410156,429.7322998046875,0.0132830696169417,0.009648957707073968,78.51612903225806,0.016842016800357573,172.07000732421875,0.034153253201608,197.7020263671875,0.015249489560376084,21.73577880859375,0.019958037856194766,96.89862823486328,0.009974900947645526,49.46900939941406,67.95483870967742,-1.0,97.14168709677419,98.9395935483871,6.651612903225806,3.14,1220.422195652174
2021-10-29,12.661027908325195,100560700,0.12939127225341873,0.14168626963592335,0.1291938490740845,0.20065034404058446,0.08,278.6897419354839,4.138709677419355,16.26,114.1349,1.55,67.81612903225808,83.5,96.66211700439453,430.6043395996094,0.002591686314082464,0.0020292628581053407,78.38709677419355,0.004765456096509801,172.88999938964844,0.011287143232020735,199.9335174560547,0.008648267854284741,21.923755645751953,0.009246972823617527,97.79464721679688,-0.00658428236141817,49.14329147338867,67.81612903225808,-0.96,97.34509032258065,98.95834516129032,6.638709677419355,3.132857142857143,1221.0718695652174
2021-11-01,13.305943489074707,125246500,0.12256229137389818,0.1064065956757072,0.09630008486777042,0.1627173397232986,0.08,278.919,4.1,16.41,114.2067,1.58,67.4,84.08,98.43534851074219,431.3449401855469,0.01834463760261995,0.0017199097125359941,78.0,0.01642660852516986,175.72999572753906,0.006981385642795157,201.32933044433594,0.041065002128869876,22.824054718017578,0.013661654499014686,99.13068389892578,-0.010770403129984674,48.61399841308594,67.4,-0.92,97.9553,99.0146,6.6,3.111428571428571,1223.020891304348
2021-11-02,13.35041332244873,115146200,0.11715736989195524,0.09883417460043176,0.10883151511012668,0.15716166165068546,0.08,278.9832,4.093333333333333,16.03,114.2847,1.56,67.50666666666667,83.91,97.7721939086914,433.0888977050781,-0.006736955901348929,0.004043069379186637,78.0,-0.006373386128819991,174.61000061035156,-0.013957219012212807,198.5193328857422,-0.006935515491822142,22.66575813293457,-0.0006455656191515224,99.06668853759766,0.011725246997222438,49.18400955200195,67.50666666666667,-0.95,98.29527999999999,99.01068000000001,6.6,3.104285714285714,1223.6705652173914
2021-11-03,13.81001091003418,104755500,0.03918403662327474,0.07139016601654347,0.03254796025038864,0.07852517732734676,0.08,279.0474,4.086666666666666,15.1,114.3593,1.6,67.61333333333334,80.82,99.53099822998047,435.73309326171875,0.017988798767588188,0.006105433712690678,78.0,0.02010190993967531,178.1199951171875,0.004903243718007211,199.4927215576172,0.01134878656207805,22.92298698425293,0.010255937121891545,100.08271026611328,0.01821187186237072,50.079742431640625,67.61333333333334,-0.93,98.63525999999999,99.00676,6.6,3.097142857142857,1224.3202391304349
2021-11-04,14.39561939239502,157505500,0.006694247282575727,0.012280769512830858,-0.005315569807314402,-0.06574478361931624,0.08,279.1116,4.08,15.44,114.3558,1.53,67.72,78.88,100.8717269897461,437.7864685058594,0.013470464313717345,0.004712461082012176,78.0,-0.0037053021637806216,177.4600067138672,0.005109471464449733,200.51202392578125,-0.012516218047440741,22.636077880859375,0.028057619274097334,102.89079284667969,-0.011382146271845528,49.509727478027344,67.72,-1.03,98.97524,99.00284,6.6,3.09,1224.9699130434783
2021-11-05,14.299254417419434,122232200,0.010886393125717264,0.010245263809740779,0.03994302999462107,-0.06311438919477341,0.08,279.1758,4.073333333333333,16.48,114.0732,1.45,67.82666666666667,81.25,101.52045440673828,439.3054504394531,0.006431211562959893,0.0034696868059398422,78.0,-0.013693270836444893,175.02999877929688,0.03695906080289446,207.92276000976562,0.08347907754614492,24.52571678161621,0.003576645052810745,103.25879669189453,-0.0016448516559236515,49.42829132080078,67.82666666666667,-1.09,99.31522,98.99892,6.6,3.0716666666666663,1225.6195869565217
2021-11-08,14.936750411987305,153490400,-0.014391803307786222,0.021494966453879938,-0.01192307549878635,-0.11162338805788519,0.08,279.3684,4.053333333333333,17.22,113.8256,1.51,68.14666666666668,81.96,100.08362579345703,439.6804504394531,-0.01415309477954707,0.0008536201852831216,78.0,-0.010283968829980505,173.22999572753906,0.00026507317472690417,207.97787475585938,-0.008067712824917361,24.327850341796875,0.007902714407066913,104.07482147216797,0.004942530598510686,49.67259216308594,68.14666666666668,-1.11,100.33516,98.98716,6.6,3.0166666666666666,1227.5686086956523
2021-11-09,14.914512634277344,164928500,-0.016401624144766314,0.009031651640130534,-0.0224383912014835,-0.07866711426561801,0.08,279.4326,4.046666666666666,17.78,113.762,1.46,68.25333333333333,84.12,98.2334976196289,438.22723388671875,-0.01848582282226907,-0.0033051652655511354,78.0,-0.004387199247128493,172.47000122070312,0.002870204763919304,208.57481384277344,-0.01708015805814278,23.91232681274414,0.021907744096143267,106.35486602783203,0.009016484591638951,50.12046432495117,68.25333333333333,-1.17,100.67514,98.98324000000001,6.6,2.998333333333333,1228.2182826086957
2021-11-10,14.351142883300781,229109600,0.030991747619526056,0.051237671003113716,0.11353342817483791,-0.05658785624707274,0.08,279.4968,4.04,18.73,114.1484,1.56,68.36,81.23,97.86829376220703,434.70166015625,-0.0037177120460067936,-0.008045081313636682,78.0,-0.006088032958347145,171.4199981689453,-0.01998886690834456,204.4056396484375,-0.02813412453080677,23.239574432373047,-0.012712278100407093,105.00285339355469,0.002436908330675225,50.24260330200195,68.36,-1.14,101.01512,98.97932,6.6,2.98,1228.8679565217392
2021-11-11,14.491987228393555,96436500,0.005549373352768283,0.015316910097756375,0.05027471135401207,-0.09314317301649455,0.08,279.561,4.033333333333333,17.66,114.3314,1.57,68.46666666666667,81.47,97.60398864746094,434.8423156738281,-0.0027006204418795754,0.0003235679328383867,78.0,-0.014059057798694874,169.00999450683594,-0.003324368420015378,203.7261199951172,-0.020008486379525015,22.774585723876953,0.012571302020339514,106.3228759765625,0.001620782705860524,50.32403564453125,68.46666666666667,-1.145,101.3551,98.97540000000001,6.6,2.995,1229.5176304347826
2021-11-12,14.45492172241211,77837900,-0.0006342248944454232,0.013796783075161523,0.03338208061656189,-0.09548043673835949,0.08,279.6252,4.026666666666666,16.29,114.5144,1.58,68.57333333333334,80.87,97.93075561523438,438.1239929199219,0.0033478853917916496,0.007546821290859151,78.0,0.00881607917633409,170.5,0.015055056044705362,206.79322814941406,-0.028670714199692138,22.12162208557129,0.0205418330947178,108.50694274902344,0.0016181600200846358,50.40546798706055,68.57333333333334,-1.15,101.69508,98.97148,6.6,3.01,1230.167304347826
2021-11-15,14.721783638000488,84838600,0.036410786641289494,-0.02887074089767583,0.021735115494947888,-0.0803395291116894,0.08,279.8178,4.006666666666667,16.49,114.5876,1.63,68.89333333333333,80.85,97.84908294677734,438.2740478515625,-0.0008339838485257323,0.0003424942118339658,78.0,0.009560145940249232,172.1300048828125,-0.002664324941388574,206.2422637939453,-0.00268337032071031,22.0622615814209,-0.02410959412671243,105.89088439941406,0.000807886424564197,50.446189880371094,68.89333333333333,-1.13,102.71502,98.95972,6.6,3.055,1232.1163260869566
2021-11-16,14.669890403747559,66557200,0.025857378793232133,-0.00562945087906741,0.03347493368273491,-0.08065960691032237,0.08,279.882,4.0,16.37,115.136,1.63,69.0,80.76,99.3916244506836,440.0086669921875,0.015764496277857587,0.003957841330391787,78.0,0.014523905937852133,174.6300048828125,0.002805059049844516,206.82078552246094,-0.031838477445148006,21.359832763671875,0.019416643310592008,107.94692993164062,-0.00645689111888037,50.12046432495117,69.0,-1.1,103.055,98.9558,6.6,3.0700000000000003,1232.766
2021-11-17,14.795909881591797,80855200,0.01963732826216491,0.0005034600876230311,-0.0045318497965405324,-0.11227701378234078,0.08,279.94620000000003,3.993333333333333,17.11,115.0263,1.6,69.10666666666667,78.32,100.02596282958984,438.93975830078125,0.006382211603966681,-0.002429290083563851,78.0,0.010765559018824034,176.50999450683594,-0.01021203232324841,204.70872497558594,-0.012042643505891348,21.102603912353516,-0.015341279343436431,106.29088592529297,-0.012997783127336238,49.46900939941406,69.10666666666667,-1.1,103.39498,98.95188,6.6,3.085,1233.4156739130435
2021-11-18,14.572408676147461,111368800,0.009713632173446118,-0.021472776869635446,-0.007157592289878445,-0.0729678478362763,0.08,280.0104,3.9866666666666664,17.59,115.0678,1.59,69.21333333333334,78.92,101.16004943847656,440.43060302734375,0.011337922443384274,0.003396467734738451,78.0,-0.0014163503925004317,176.25999450683594,-0.014085863442565572,201.82522583007812,-0.01781523995010048,20.726655960083008,0.02069860668706669,108.49095916748047,-0.010699410641761053,48.939720153808594,69.21333333333334,-1.14,103.73496,98.94796000000001,6.6,3.1,1234.065347826087
2021-11-19,14.445754051208496,64610400,0.014440166282543077,-0.008767668213393476,0.011345986402614638,-0.10371863395546355,0.08,280.07460000000003,3.98,17.91,115.2187,1.54,69.32,76.11,101.59735107421875,439.6429748535156,0.004322868940551006,-0.001788313910101369,78.0,-0.0011346701150295457,176.05999755859375,-0.005733124928459787,200.6681365966797,-0.02195718917279399,20.271556854248047,0.003834353940720847,108.90695190429688,-0.009983589069169518,48.45112609863281,69.32,-1.11,104.07494,98.94404,6.6,3.1,1234.7150217391304
2021-11-22,15.25781536102295,137861700,-0.06298808192697791,-0.025390620238953998,-0.01660187190695106,-0.16810797739030725,0.08,280.2672,3.96,19.17,115.6481,1.63,69.64,76.74,101.3426513671875,438.40533447265625,-0.0025069522417487944,-0.002815103280728537,78.0,-0.0031807200179437833,175.5,0.0020593131146735555,201.0813751220703,-0.007808614381414447,20.113264083862305,0.013737007389041711,110.40300750732422,0.005042211852575473,48.69542694091797,69.64,-0.98,105.09488,98.93228,6.6,3.1,1236.664043478261
2021-11-23,15.049215316772461,90984500,-0.030693184377480587,-0.019307113463250203,0.002474993102135503,-0.14662528074657388,0.08,280.33140000000003,3.953333333333333,19.38,116.0118,1.67,69.74666666666667,78.32,100.607421875,438.98663330078125,-0.0072548870812901844,0.0013259392220312805,78.0,-0.029629612240696268,170.3000030517578,0.011325938572639194,203.3588104248047,-0.008853933986480822,19.935182571411133,-0.12311613854243697,96.81061553955078,-0.00591223930910989,48.407527923583984,69.74666666666667,-0.95,105.43486,98.92836,6.6,3.1,1237.3137173913044
2021-11-24,15.086462020874023,77324300,-0.018765366512378368,-0.033580242668102556,0.02716080646288943,-0.11497921968997116,0.08,280.3956,3.9466666666666663,18.58,116.2711,1.64,69.85333333333332,78.32,100.81405639648438,440.1586608886719,0.0020538695618410596,0.00266984800671044,78.0,-0.004345305225503471,169.55999755859375,-0.011740842478268121,200.97120666503906,0.0004963749226567504,19.945077896118164,-0.03569952339638527,93.35452270507812,-0.00934557933915603,47.95513153076172,69.85333333333332,-0.97,105.77484,98.92444,6.6,3.1,1237.9633913043479
2021-11-26,14.713959693908691,49434000,-0.030886390011345743,0.08607592147234655,0.051138964676555876,-0.10631475551577396,0.08,280.524,3.933333333333333,28.62,116.5103,1.48,70.06666666666666,74.94399999999999,98.0653305053711,430.3417663574219,-0.027265303960223752,-0.02230308160114325,78.0,-0.036270311305938496,163.41000366210938,-0.02238982468024653,196.47149658203125,-0.10962301203073743,17.758638381958008,-0.01645376770040019,91.81848907470703,-0.010291818966443045,47.461585998535156,70.06666666666666,-1.07,106.4548,98.9166,6.6,3.1025,1239.262739130435
2021-11-29,14.654353141784668,68778700,-0.022877479882310592,0.03863797712421224,0.04524715702376181,-0.14662600773919232,0.08,280.7166,3.913333333333333,22.96,116.581,1.52,70.38666666666666,69.88,99.58866882324219,435.62060546875,0.015533913055926218,0.01226662044916127,78.0,0.012728730092654628,165.49000549316406,0.007384849715236674,197.9224090576172,0.011699087098299588,17.966398239135742,-0.033284051386504476,88.76239776611328,0.0034663074466092514,47.626102447509766,70.38666666666666,-1.02,107.47474000000001,98.90484000000001,6.6,3.10625,1241.2117608695653
2021-11-30,14.296754837036133,103238400,0.040124848961733184,0.04481452294053989,0.06670131358098996,-0.051951226963704245,0.08,280.7808,3.9066666666666667,27.19,116.2071,1.43,70.49333333333333,66.14,98.24312591552734,427.1444396972656,-0.013511004049095332,-0.019457678688921454,78.0,-0.03105927378714579,160.35000610351562,-0.04552000945490664,188.91297912597656,-0.02973565557737423,17.43215560913086,-0.03686326553503805,85.49032592773438,-0.022452728284422352,46.556766510009766,70.49333333333333,-1.07,107.81472000000001,98.90092,6.6,3.1075,1241.8614347826087
2021-12-01,14.58730697631836,125295600,0.011746611837158971,0.03115423087232516,0.060776155701854684,-0.09650213455893408,0.08,280.845,3.9,31.12,115.889,1.43,70.6,65.44,96.46990966796875,422.4000244140625,-0.018049265340796095,-0.011107285597737548,78.0,-0.002182763269055754,160.0,-0.011508407386685016,186.7388916015625,-0.07037464973351848,16.205373764038086,-0.04314058558257872,81.8022232055664,-0.005300224661616726,46.31000518798828,70.6,-1.01,108.1547,98.897,6.6,3.1087499999999997,1242.5111086956522
2021-12-02,14.803359031677246,94142300,-0.01509819940116397,0.02415701596533082,0.09562171479793102,-0.14762788367066093,0.08,280.8997741935484,3.903225806451613,27.95,116.018,1.44,70.49032258064516,66.6,97.84427642822266,428.86968994140625,0.01424658491942421,0.015316442124543528,78.16129032258064,0.036062526702880904,165.77000427246094,0.03191764748180281,192.69915771484375,0.09218560634103179,17.699275970458984,0.016332336347173237,83.13824462890625,0.019538233048240095,47.214820861816406,70.49032258064516,-1.03,108.72066774193549,98.86656451612903,6.52258064516129,3.11,1243.1607826086956
2021-12-03,14.259498596191406,120275200,0.12068998957208077,0.03291549426143425,0.27011521004846917,-0.16133165437948527,0.08,280.9545483870968,3.9064516129032256,30.67,116.2377,1.35,70.38064516129032,66.39,95.9413070678711,425.137939453125,-0.019448959405893862,-0.008701362152198522,78.3225806451613,-0.020630983174279027,162.35000610351562,-0.01682773852513464,189.4564666748047,-0.03856892135992407,17.016633987426758,0.018764448803607836,84.69828796386719,-0.01480833689233052,46.515647888183594,70.38064516129032,-1.08,109.28663548387097,98.83612903225807,6.44516129032258,3.1085714285714285,1243.8104565217393
2021-12-06,14.319098472595215,88147400,0.0629557253466162,0.010406160964118838,0.23100958043480557,-0.1616845479648794,0.08,281.11887096774194,3.9161290322580644,27.18,116.1538,1.43,70.0516129032258,69.62,97.03694152832031,430.1729736328125,0.011419840879113075,0.011843295345892457,78.80645161290323,0.012688620148743723,164.41000366210938,0.02601379695380701,194.38494873046875,0.08081393765278211,18.391815185546875,-0.011429100053740093,83.73026275634766,0.02298832570459175,47.584964752197266,70.0516129032258,-1.01,110.98453870967742,98.74482258064516,6.212903225806452,3.104285714285714,1245.7594782608696
2021-12-07,14.870409965515137,75885600,0.00450876063915584,-0.01753513089893355,0.2254505377657765,-0.1756429829109737,0.08,281.1736451612903,3.9193548387096775,21.89,115.8555,1.48,69.94193548387096,71.94,99.30033111572266,439.071044921875,0.023325030156085225,0.02068486826105853,78.96774193548387,0.019524307423988585,167.6199951171875,0.019904370851195452,198.25405883789062,-0.004841428791878766,18.302772521972656,0.019300676565622288,85.3463134765625,0.0017289405667562097,47.667236328125,69.94193548387096,-0.99,111.5505064516129,98.7143870967742,6.135483870967741,3.1028571428571428,1246.409152173913
2021-12-08,14.758658409118652,63246800,0.01918229209577027,0.016657927088331137,0.2337203625713422,-0.17143065766538557,0.08,281.2284193548387,3.92258064516129,19.9,115.4418,1.52,69.83225806451613,72.43,99.55021667480469,440.2336730957031,0.0025164624958886606,0.002647927225615687,79.12903225806451,0.01646587427529389,170.3800048828125,0.0013938512610620624,198.5303955078125,0.055135180311974175,19.311899185180664,0.0023434471799610446,85.54631805419922,0.002588094445440392,47.79060363769531,69.83225806451613,-1.0,112.1164741935484,98.68395161290323,6.058064516129032,3.1014285714285714,1247.0588260869565
2021-12-09,14.579854965209961,63357600,0.039856984059351896,0.03474705728369143,0.21870232807429257,-0.17616397500642,0.08,281.28319354838715,3.925806451612903,21.58,115.7784,1.49,69.72258064516129,70.87,97.8250503540039,437.2614440917969,-0.0173296088991578,-0.006751480374060592,79.29032258064517,-0.021011865996347523,166.8000030517578,-0.01837491799176194,194.88241577148438,-0.016905684021437217,18.98541831970215,-0.023847454771707133,83.50625610351562,-0.005163305933419626,47.543846130371094,69.72258064516129,-0.98,112.68244193548388,98.65351612903227,5.980645161290322,3.1,1247.7085000000002
2021-12-10,15.980477333068848,169657200,-0.07832183398386738,-0.030302901906068325,0.13519779646942176,-0.262427637348423,0.08,281.33796774193553,3.9290322580645163,18.69,115.5732,1.48,69.61290322580645,71.71,98.50743103027344,441.377685546875,0.00697552082825581,0.009413684903382347,79.45161290322581,0.013009581110570823,168.97000122070312,0.005105304540138134,195.87734985351562,0.004689854465021348,19.0744571685791,-0.005365118207469655,83.05823516845703,0.0034600693522295334,47.708351135253906,69.61290322580645,-0.96,113.24840967741936,98.6230806451613,5.903225806451613,3.1028571428571428,1248.3581739130436
2021-12-13,15.22056770324707,126632300,-0.04943720902896642,0.016152397236026683,0.1977479589185962,-0.20985973490346632,0.08,281.5022903225807,3.9387096774193546,20.31,115.842,1.42,69.28387096774193,71.19,95.97013854980469,437.4676513671875,-0.025757371336675994,-0.00885870379886311,79.93548387096774,-0.03556841133584343,162.9600067138672,-0.009406234376239109,194.03488159179688,-0.048755118364475214,18.144479751586914,-0.027928439424985352,80.7385482788086,0.00603456230373145,47.99625015258789,69.28387096774193,-0.98,114.94631290322582,98.53177419354839,5.670967741935484,3.1114285714285717,1250.307195652174
2021-12-14,14.937457084655762,124559700,-0.021944947024715944,0.025436985201932716,0.2478805066111287,-0.16881561896689534,0.08,281.55706451612906,3.9419354838709677,21.89,116.2397,1.44,69.1741935483871,70.57,95.4126968383789,434.45794677734375,-0.0058084912645665066,-0.006879833469829677,80.09677419354838,-0.01313205266004902,160.82000732421875,-0.010966973805998093,191.9069061279297,-0.010360001484295167,17.95650291442871,0.011272978011092505,81.64871215820312,0.0,47.99625015258789,69.1741935483871,-0.93,115.5122806451613,98.50133870967743,5.593548387096774,3.1142857142857143,1250.9568695652174
2021-12-15,15.041763305664062,79679700,-0.0024768532842620594,0.013868311494384722,0.24764741417176506,-0.1745794180631116,0.08,281.61183870967744,3.945161290322581,19.29,116.4219,1.47,69.06451612903226,70.89,96.62369537353516,441.2463073730469,0.012692215766708426,0.01562489683076751,80.25806451612904,0.022509606717586284,164.44000244140625,0.012240781864337524,194.25599670410156,-0.014325002212041804,17.699275970458984,0.01104864014292839,82.55081939697266,0.023993220753351974,49.14783477783203,69.06451612903226,-0.92,116.07824838709678,98.47090322580645,5.516129032258064,3.1171428571428574,1251.6065434782608
2021-12-16,15.160964012145996,107020900,-0.0049140668899607665,0.0206387538407955,0.19803442356663714,-0.16723905503426562,0.08,281.6666129032258,3.9483870967741934,20.57,115.7146,1.44,68.95483870967742,72.34,94.49005126953125,437.3551940917969,-0.022081996509815793,-0.008818460837475728,80.41935483870968,-0.013865231971820768,162.16000366210938,0.0,194.25599670410156,-0.017887028184007003,17.382688522338867,-0.022148591773773596,80.7224349975586,0.007531312554283298,49.517982482910156,68.95483870967742,-0.98,116.64421612903226,98.44046774193549,5.438709677419355,3.12,1252.2562173913045
2021-12-17,14.728857040405273,98710700,0.05209945710806685,0.10116362475125174,0.13555903961105198,-0.1621279556000048,0.08,281.7213870967742,3.9516129032258065,21.57,115.791,1.41,68.84516129032258,70.93,93.84610748291016,432.700439453125,-0.006814937424303613,-0.01064296183411706,80.58064516129032,-0.023063674202653983,158.4199981689453,-0.01887420555613295,190.58956909179688,0.04040978610385548,18.085119247436523,-0.0018958549120449142,80.56939697265625,-0.02076406137598774,48.48978805541992,68.84516129032258,-0.97,117.21018387096775,98.41003225806452,5.361290322580645,3.11,1252.905891304348
2021-12-20,14.46810531616211,74565600,0.06900081392623303,0.25180219931463554,0.11482990998297526,-0.11545498792821107,0.08,281.88570967741936,3.9612903225806453,22.87,116.0092,1.43,68.51612903225806,68.69,92.33110046386719,428.0994567871094,-0.01614352539149111,-0.010633182327779989,81.06451612903226,-0.03194039652239844,153.36000061035156,-0.021799005610513844,186.43490600585938,0.033916832976316424,18.698509216308594,-0.042587150173970856,77.13817596435547,-0.016115494653696882,47.708351135253906,68.51612903225806,-0.96,118.9080870967742,98.31872580645162,5.129032258064516,3.08,1254.8549130434783
2021-12-21,14.609655380249023,58930900,0.04844505642347108,0.20652725503602176,0.053034159317892016,-0.14504044366419588,0.08,281.94048387096774,3.964516129032258,21.01,116.1089,1.48,68.40645161290323,71.1,94.7229995727539,435.70208740234375,0.025905670969694095,0.01775902887682257,81.2258064516129,0.030386043580876487,158.02000427246094,0.028955497365487082,191.83322143554688,0.08677251289450072,20.321025848388672,0.017855420840687364,78.51551055908203,0.012069044648772564,48.28414535522461,68.40645161290323,-0.96,119.47405483870969,98.28829032258065,5.051612903225807,3.07,1255.5045869565217
2021-12-22,15.004507064819336,75806400,0.016385749877044775,0.21449853769371408,0.012413618293758644,-0.16005278209379992,0.08,281.9952580645161,3.967741935483871,18.63,115.7485,1.46,68.29677419354839,72.82,96.45073699951172,440.0585021972656,0.018239893526923012,0.009998608959839617,81.38709677419355,0.017719294874400715,160.82000732421875,-0.005234576377853517,190.8290557861328,0.0345666961076847,21.023456573486328,-0.0011286358179354306,78.42689514160156,-0.011073286067698418,47.749481201171875,68.29677419354839,-1.01,120.04002258064517,98.25785483870968,4.974193548387096,3.06,1256.1542608695652
2021-12-23,15.086462020874023,50610500,0.02567900909913723,0.2069136805151075,-0.013333331647628954,-0.18248497942576736,0.08,282.0500322580645,3.9709677419354836,17.96,115.5337,1.5,68.18709677419355,73.89,97.78865814208984,442.7965393066406,0.013871549188731347,0.006221984340044839,81.54838709677419,0.009824564732672236,162.39999389648438,0.0063723730672844425,192.0450897216797,-0.0023528566423155484,20.97399139404297,0.007291744693600943,78.99876403808594,0.00430685997871727,47.95513153076172,68.18709677419355,-0.97,120.60599032258065,98.22741935483872,4.896774193548387,3.05,1256.8039347826088
2021-12-27,15.496222496032715,59651800,0.04663453375220716,0.14663449067254541,-0.042788627732458284,-0.19443746793257688,0.08,282.2691290322581,3.9838709677419355,17.68,115.4684,1.48,67.7483870967742,75.49,98.74156188964844,449.0629577636719,0.009744522173256387,0.014151913804122396,82.19354838709677,0.006465536275987116,163.4499969482422,0.019331206980019777,195.75755310058594,-0.011792482857135633,20.726655960083008,0.010195734696112568,79.80421447753906,0.012864296424750288,48.57204055786133,67.7483870967742,-1.02,122.86986129032259,98.10567741935485,4.587096774193548,3.084285714285714,1259.4026304347826
2021-12-28,15.466416358947754,53020500,0.17100210122105386,0.17292863673194847,-0.058284913538672156,-0.1405942995784918,0.08,282.3239032258065,3.9870967741935486,17.54,115.4192,1.49,67.63870967741936,76.01,98.7848892211914,448.696044921875,0.0004387952824909114,-0.0008170632546137258,82.35483870967742,-0.005016776266379197,162.6300048828125,0.010776459609575628,197.86712646484375,-0.002386733018384435,20.677186965942383,0.004440684972550013,80.15859985351562,0.004233609880067046,48.77767562866211,67.63870967741936,-1.01,123.43582903225807,98.07524193548387,4.509677419354839,3.0928571428571425,1260.052304347826
2021-12-29,15.317420959472656,37883000,0.15077776145162214,0.19017450446658724,-0.04472477007100217,-0.15570115580880461,0.08,282.37867741935486,3.990322580645161,16.95,115.3678,1.55,67.52903225806452,76.58,98.98220825195312,449.2700500488281,0.0019974616797908684,0.0012792738724787256,82.51612903225806,0.003566388819041366,163.2100067138672,0.010801146257312544,200.0043182373047,-0.005263079729994069,20.568361282348633,0.013464745985075188,81.2379150390625,0.007588700043599683,49.14783477783203,67.52903225806452,-0.98,124.00179677419355,98.04480645161291,4.432258064516129,3.1014285714285714,1260.7019782608697
2021-12-30,15.250367164611816,51470100,0.19491889554791153,0.22227624509502708,-0.003206457264006146,-0.16966602003893527,0.08,282.43345161290324,3.9935483870967743,17.33,115.283,1.52,67.41935483870968,76.83,98.62605285644531,448.02801513671875,-0.0035981758923910867,-0.0027645620089172818,82.6774193548387,-0.00042894014667549385,163.13999938964844,-0.008428773090913055,198.3185272216797,-0.012506044977881103,20.311132431030273,0.006841180554199022,81.7936782836914,0.0008369418673512818,49.188968658447266,67.41935483870968,-1.06,124.56776451612905,98.01437096774194,4.354838709677419,3.11,1261.3516521739132
2021-12-31,15.473867416381836,51899600,0.1766972608468902,0.21280715337055955,-0.00018199718147815513,-0.1942413453961369,0.08,282.4882258064516,3.996774193548387,17.22,115.314775,1.52,67.30967741935484,75.33,98.3902359008789,446.89892578125,-0.0023910209192864462,-0.002520131146540483,82.83870967741936,0.01109475030872531,164.9499969482422,0.005992304533591231,199.5069122314453,-0.019970733080643344,19.90550422668457,0.0004922179291384499,81.83393859863281,0.004180356836388732,49.394596099853516,67.30967741935484,-1.04,125.13373225806453,97.98393548387098,4.27741935483871,3.1257142857142854,1262.0013260869566
2022-01-03,16.218881607055664,110449000,0.09554429334739845,0.11988959664791521,-0.047493727483178705,-0.23079228046779132,0.08,282.66925806451616,3.9935483870967743,16.6,115.4101,1.63,66.91612903225807,75.99,101.21527862548828,449.4864807128906,0.02871263290247006,0.005790022715129961,83.25806451612904,0.006547449839563013,166.02999877929688,-0.026596562799596324,194.20071411132812,0.06411518656616666,21.18174934387207,0.005118617716833418,82.25281524658203,-0.010824422324845928,48.859928131103516,66.91612903225807,-0.97,124.9248806451613,97.99019677419355,4.193548387096774,3.172857142857143,1263.3073111111112
2022-01-04,18.1112060546875,311645200,0.0016452024371995666,-0.07651170745516189,-0.17761167198568417,-0.34589317579043855,0.08,282.7323870967742,3.990322580645161,16.91,115.3103,1.66,66.7741935483871,77.0,100.59925842285156,449.33587646484375,-0.006086237285539475,-0.00033505846006320894,83.38709677419355,0.03722223682471615,172.2100067138672,0.02423985659619632,198.90811157226562,0.01494632715783406,21.49833869934082,0.02957274719574854,84.68525695800781,0.015993411166492555,49.64136505126953,66.7741935483871,-0.91,124.53747096774194,98.00854516129033,4.190322580645161,3.1885714285714286,1263.6354666666666
2022-01-05,17.6269474029541,253540000,0.0342348838626052,-0.08495349883791725,-0.23701011848926112,-0.3461906529791333,0.08,282.79551612903225,3.9870967741935486,19.73,115.137,1.71,66.63225806451614,77.83,97.8849105834961,440.7076110839844,-0.026981787757780262,-0.019202262344913068,83.51612903225806,-0.022821019576987456,168.27999877929688,-0.008984904617662881,197.12094116210938,-0.025770803617428673,20.94430923461914,-0.020353849316739447,82.96158599853516,0.0016570884332245406,49.72362518310547,66.63225806451614,-0.82,124.15006129032258,98.02689354838711,4.187096774193549,3.2042857142857146,1263.9636222222223
2022-01-06,18.222951889038086,155058800,0.02289473339909942,-0.1557643204601178,-0.2648410756666658,-0.3852444637497612,0.08,282.8586451612903,3.9838709677419355,19.61,115.4046,1.73,66.49032258064517,79.47,97.62984466552734,440.29364013671875,-0.0026057736217798277,-0.0009393324209840959,83.64516129032258,0.03470404314389097,174.1199951171875,0.00014034117535777213,197.1486053466797,-0.0047236780394960265,20.845375061035156,-0.0011650789718281596,82.86492919921875,-0.00827135157943193,49.31234359741211,66.49032258064517,-0.73,123.76265161290323,98.04524193548387,4.183870967741935,3.22,1264.291777777778
2022-01-07,18.208057403564453,127017500,0.03068749603248011,-0.16571180815619424,-0.2712314427442102,-0.38104008415436985,0.08,282.9217741935484,3.9806451612903224,18.76,115.0451,1.76,66.34838709677419,79.0,96.00314331054688,438.5529479980469,-0.016661927103883367,-0.003953480086905992,83.7741935483871,-0.02670568588837141,169.47000122070312,-0.0035980502357099153,196.4392547607422,0.039392514214501295,21.666526794433594,-0.003693305903765265,82.55888366699219,0.010842245280880514,49.84700012207031,66.34838709677419,-0.72,123.37524193548387,98.06359032258065,4.180645161290323,3.252857142857143,1264.6199333333334
2022-01-10,17.768503189086914,122800700,0.02222210772156985,-0.16226431337769442,-0.2266523061379614,-0.3560352703516054,0.08,283.11116129032257,3.9709677419354836,19.4,115.2216,1.78,65.92258064516129,78.11,95.41600799560547,438.0071716308594,-0.006115792615687288,-0.0012444936687323604,84.16129032258064,-0.025963261136430882,165.07000732421875,-0.027105581449144545,191.11465454101562,-0.022831110524230813,21.171855926513672,0.002438833256108053,82.7602310180664,0.0024753020794527902,49.97038650512695,65.92258064516129,-0.7,122.21301290322582,98.11863548387097,4.170967741935484,3.3514285714285714,1265.6044000000002
2022-01-11,18.141002655029297,106011600,-0.0780285371528665,-0.18234065214259954,-0.25367727846697175,-0.36595591892008394,0.08,283.17429032258065,3.967741935483871,18.41,114.8332,1.75,65.78064516129032,81.17,96.33523559570312,441.99676513671875,0.00963389288032257,0.009108511833275879,84.29032258064517,-0.03253171465261506,159.6999969482422,0.0203893207844541,195.0113525390625,0.027102876988148727,21.74567413330078,0.013041379209257409,83.83953857421875,-0.003292126218859659,49.805877685546875,65.78064516129032,-0.79,121.82560322580646,98.13698387096774,4.167741935483871,3.3842857142857143,1265.9325555555556
2022-01-12,18.230403900146484,104050000,-0.11524305025893544,-0.20106226397999072,-0.27910771332274953,-0.3629037489294288,0.08,283.2374193548387,3.964516129032258,17.62,114.355,1.74,65.63870967741936,82.51,96.97050476074219,443.19171142578125,0.006594359385854842,0.0027035181777697037,84.41935483870968,0.0005635337483431702,159.7899932861328,0.0054324386413300285,196.07073974609375,0.015013600566125884,22.072154998779297,-0.013545889823074253,82.703857421875,0.002477116049310002,49.92925262451172,65.63870967741936,-0.74,121.4381935483871,98.15533225806452,4.164516129032258,3.4171428571428573,1266.260711111111
2022-01-13,18.640161514282227,185780500,-0.17466025391051687,-0.21500933252278542,-0.29857048323752844,-0.3781139064054536,0.08,283.3005483870968,3.9612903225806453,20.31,114.177,1.7,65.49677419354839,81.97,95.02137756347656,437.08514404296875,-0.020100206780141572,-0.013778613691053043,84.54838709677419,-0.007634933432467572,158.57000732421875,-0.006248710085813736,194.84555053710938,0.026445610959953347,22.655866622924805,-0.0007792320408555042,82.63941192626953,0.011532354663817967,50.50505447387695,65.49677419354839,-0.73,121.05078387096775,98.1736806451613,4.161290322580645,3.45,1266.5888666666667
2022-01-14,18.766817092895508,146012200,-0.1905517481726442,-0.18998158085140315,-0.2785647983980839,-0.37472951353751016,0.08,283.3636774193548,3.958064516129032,19.19,114.3825,1.78,65.35483870967742,83.82,94.57860565185547,437.2638854980469,-0.004659708404304186,0.00040893967116972796,84.6774193548387,-0.037648993787940066,152.60000610351562,-0.011488873633667018,192.60699462890625,0.0021834118118411183,22.705333709716797,-0.02495127040385947,80.57745361328125,0.007328923984619706,50.87520217895508,65.35483870967742,-0.66,120.66337419354839,98.19202903225806,4.158064516129032,3.4657142857142857,1266.9170222222224
2022-01-18,18.16335678100586,110518100,-0.18047586694291506,-0.14822731267910905,-0.2574818095041075,-0.33416599897299437,0.08,283.6161935483871,3.945161290322581,22.79,114.7373,1.87,64.78709677419354,85.42,92.78831481933594,429.5201721191406,-0.018929131172747526,-0.017709473925764718,85.19354838709677,-0.019921418239391753,149.55999755859375,-0.010570011531613077,190.57113647460938,-0.042265821268477,21.74567413330078,-0.013994387890751359,79.44982147216797,-0.007275601653161434,50.50505447387695,64.78709677419354,-0.59,119.11373548387097,98.26542258064516,4.145161290322581,3.5285714285714285,1268.2296444444446
2022-01-19,16.725486755371094,153198200,-0.11314028599931669,-0.07634458178222026,-0.21469135720811972,-0.28140231260859316,0.08,283.6793225806452,3.9419354838709677,23.85,114.6109,1.83,64.64516129032258,86.84,91.11347961425781,425.0601501464844,-0.018050065984484442,-0.010383731107788674,85.3225806451613,-0.024605460924399414,145.8800048828125,-0.0029971327387429136,189.99996948242188,-0.03457697906393442,20.9937744140625,0.007197862573985914,80.02169036865234,0.010586198356339782,51.039710998535156,64.64516129032258,-0.57,118.72632580645161,98.28377096774194,4.141935483870967,3.5442857142857145,1268.5578
2022-01-20,16.12947654724121,152014100,-0.09699750168243537,-0.07656987987097719,-0.16245940544369997,-0.27109843787452736,0.08,283.7424516129032,3.9387096774193546,25.59,114.4642,1.83,64.50322580645161,86.29,89.45311737060547,420.3555908203125,-0.018223014318866193,-0.011067984906490524,85.45161290322581,-0.02659723576188089,142.0,-0.015466632315646933,187.06130981445312,-0.019792611538483884,20.5782527923584,-0.044790998381767366,76.43743896484375,-0.022562447710174682,49.88813018798828,64.50322580645161,-0.5,118.33891612903226,98.30211935483871,4.138709677419355,3.56,1268.8859555555555
2022-01-21,15.384466171264648,145532900,-0.048887841405245824,-0.12579465802352152,-0.15840692615360163,-0.26354527974652764,0.08,283.8055806451613,3.935483870967742,28.85,114.6125,1.75,64.36129032258064,85.16,86.83021545410156,412.103759765625,-0.02932152610889105,-0.01963059665409539,85.58064516129032,-0.01274646168023763,140.19000244140625,-0.011326712482411239,184.94252014160156,-0.038942226991719564,19.77688980102539,0.01633268149264855,77.68586730957031,-0.014839109170190823,49.14783477783203,64.36129032258064,-0.59,117.9515064516129,98.32046774193549,4.135483870967742,3.5585714285714287,1269.2141111111112
2022-01-24,15.190767288208008,186674000,0.0007043900829410976,-0.1180981543096431,-0.16443622363041643,-0.2462149077820288,0.08,283.9949677419355,3.925806451612903,29.9,115.2034,1.75,63.935483870967744,84.48,87.8745346069336,413.8537902832031,0.01202713994627902,0.004246577411896046,85.96774193548387,-0.002139974652494936,139.88999938964844,-0.001942676281206368,184.58323669433594,-0.012506285692461927,19.52955436706543,0.05111455582069602,81.65674591064453,-0.0025105151348863153,49.02444839477539,63.935483870967744,-0.63,116.78927741935485,98.37551290322581,4.125806451612903,3.5542857142857143,1270.1985777777777
2022-01-25,14.885309219360352,116775800,0.03935034120777958,-0.10855330387308659,-0.13722854482381197,-0.25505488142329713,0.08,284.05809677419353,3.92258064516129,31.16,115.1654,1.78,63.79354838709677,86.61,86.38744354248047,408.8011169433594,-0.016922889789458884,-0.012208836691784741,86.09677419354838,-0.028308004368754136,135.92999267578125,-0.02340659512350618,180.2627716064453,0.02330299964518412,19.984651565551758,-0.03304371436075393,78.95850372314453,-0.010905993985899642,48.48978805541992,63.79354838709677,-0.63,116.40186774193549,98.39386129032258,4.12258064516129,3.552857142857143,1270.5267333333334
2022-01-26,14.833160400390625,135786400,0.04148988124751818,-0.07361407860871139,-0.09986597397814645,-0.2453210478075436,0.08,284.1212258064516,3.9193548387096775,31.96,115.0922,1.85,63.651612903225804,88.33,85.96875,407.7755126953125,-0.004846694442052546,-0.002508809799042111,86.2258064516129,-0.00529674097482935,135.2100067138672,-0.0020951097374142247,179.88510131835938,0.004455457025784204,20.073692321777344,-0.01132294720128968,78.06446075439453,-0.002544584911685299,48.36640167236328,63.651612903225804,-0.53,116.01445806451613,98.41220967741936,4.119354838709677,3.551428571428571,1270.854888888889
2022-01-27,14.564957618713379,105674400,0.022621888477073027,-0.07043722149633347,-0.09717219846305103,-0.24332810715231623,0.08,284.1843548387097,3.9161290322580644,30.49,115.978,1.81,63.50967741935484,87.61,83.88485717773438,405.7619934082031,-0.024240120069974558,-0.004937813145768466,86.35483870967742,-0.02366697765057546,132.00999450683594,0.005633071647602295,180.89840698242188,-0.05815678163383442,18.90627098083496,-0.008460755477999848,77.40397644042969,0.0034015402838181164,48.530921936035156,63.50967741935484,-0.59,115.62704838709678,98.43055806451613,4.116129032258065,3.55,1271.1830444444445
2022-01-28,14.632352828979492,87677100,-0.08085988169040303,-0.10184249189246475,-0.14534292667977744,-0.27051122671548067,0.08,284.24748387096776,3.9129032258064513,27.66,116.0393,1.78,63.36774193548387,87.67,85.71366119384766,415.8392333984375,0.021801360551147342,0.024835347208324032,86.48387096774194,-0.007802430286772966,130.97999572753906,0.015939206559599572,183.7817840576172,-0.007326127426535711,18.76776123046875,0.016025143773186423,78.6443862915039,0.011864324179439167,49.10670852661133,63.36774193548387,-0.66,115.23963870967742,98.4489064516129,4.112903225806451,3.55,1271.5112
2022-01-31,15.201467514038086,91361900,-0.1187189199627049,-0.1399014949534796,-0.10837418366772078,-0.2923671888909676,0.08,284.4368709677419,3.903225806451613,24.83,115.566,1.79,62.941935483870964,89.16,89.01034545898438,423.3288879394531,0.03846159666054905,0.018010937736217425,86.87096774193549,0.04275466701926445,136.5800018310547,0.02967422909531736,189.23536682128906,0.044280564309199244,19.59880828857422,0.016796149272070737,79.9653091430664,0.005862489706191187,49.394596099853516,62.941935483870964,-0.65,114.07740967741935,98.50395161290322,4.103225806451612,3.55,1272.4956666666667
2022-02-01,15.471051216125488,117651800,-0.1423039366196719,-0.12487895724063003,-0.148112139794347,-0.2905675320431599,0.08,284.5,3.9,21.96,115.3685,1.81,62.8,88.22,89.54937744140625,426.1892395019531,0.006055835191317804,0.006756806927168846,87.0,0.024967078755259164,139.99000549316406,0.004722164143402985,190.12896728515625,0.05653705639282869,20.706867218017578,0.011784895507800375,80.9076919555664,0.015820214500571028,50.176029205322266,62.8,-0.62,113.69,98.5223,4.1,3.55,1272.8238222222221
2022-02-02,15.448586463928223,95377600,-0.11051855800879773,-0.12699955805960328,-0.18322815514052493,-0.2690418807511592,0.08428571428571428,284.6133571428571,3.892857142857143,22.09,115.1538,1.78,62.67857142857142,88.16,89.01517486572266,430.3293762207031,-0.005965452702707319,0.009714315461338607,86.89285714285714,-0.0014287606199216984,139.7899932861328,-0.027569177351541962,184.88726806640625,-0.0038221827901464556,20.627721786499023,-0.013937078849604267,79.78007507324219,-0.005737780009571702,49.88813018798828,62.67857142857142,-0.63,113.29437142857142,98.53830357142857,4.067857142857142,3.55,1273.1519777777778
2022-02-03,14.894444465637207,103016000,-0.09100050666037818,-0.11814976824433565,-0.1970838439368222,-0.26462180680866265,0.08857142857142858,284.7267142857143,3.8857142857142857,24.35,114.9065,1.82,62.55714285714286,90.17,86.29118347167969,420.21441650390625,-0.03060142720779968,-0.02350515738811476,86.78571428571429,-0.05672789939655798,131.86000061035156,-0.03771780140783365,177.91372680664062,-0.0244604949834335,20.123157501220703,-0.019687032547016203,78.20944213867188,-0.030502817201022103,48.36640167236328,62.55714285714286,-0.56,112.89874285714285,98.55430714285714,4.035714285714286,3.55,1273.4801333333335
2022-02-04,13.449182510375977,211100500,-0.02282852177168715,0.0044544615879891225,-0.10746088102172024,-0.20353313492865444,0.09285714285714286,284.84007142857143,3.8785714285714286,23.22,115.1362,1.93,62.43571428571428,92.27,88.74563598632812,422.1903991699219,0.02844383882455359,0.004702320026179541,86.67857142857143,0.002578464555717197,132.1999969482422,-0.019779576824691114,174.39466857910156,-0.018682448795440565,19.747207641601562,-0.0027808809774747534,77.99195098876953,-0.01700675496937365,47.543846130371094,62.43571428571428,-0.48,112.50311428571429,98.57031071428571,4.003571428571428,3.57,1273.808288888889
2022-02-07,13.39676570892334,84610000,-0.024036116819707853,-0.033538358744567676,-0.08496370927067809,-0.2476828839695414,0.10571428571428572,285.18014285714287,3.857142857142857,22.86,115.0098,1.92,62.07142857142857,91.25,88.56275939941406,420.8354797363281,-0.0020606825888569436,-0.0032092615944315783,86.35714285714286,-0.01028744812213589,130.83999633789062,-0.04141356703559829,167.17236328125,0.07815642740850581,21.290578842163086,0.007745612865504015,78.5960464477539,-0.006055442307812631,47.25594711303711,62.07142857142857,-0.48,111.31622857142857,98.61832142857143,3.907142857142857,3.63,1274.7927555555557
2022-02-08,13.26945972442627,142694300,0.02031603049495989,-0.043453528260705365,-0.07844236722958264,-0.2416014130190972,0.11,285.2935,3.85,21.44,115.0892,1.96,61.949999999999996,89.32,89.80924224853516,424.2980041503906,0.014074571045144424,0.008227738821431796,86.25,0.025986007722692106,134.24000549316406,0.015815446930066646,169.81626892089844,0.04786239870565412,22.30959701538086,0.019266160933380183,80.11029052734375,0.011314057961409496,47.79060363769531,61.949999999999996,-0.46,110.9206,98.634325,3.8749999999999996,3.65,1275.1209111111111
2022-02-09,13.741230964660645,87118600,-0.01852877336474945,-0.06539523795478086,-0.1258854617601488,-0.29616548306668355,0.1142857142857143,285.4068571428571,3.842857142857143,19.96,114.8232,1.94,61.82857142857143,89.57,90.99797058105469,430.5082092285156,0.01323614700177389,0.014636423026689105,86.14285714285714,0.0375446445164922,139.27999877929688,0.024356822339027362,173.95245361328125,0.028381364448328616,22.942773818969727,0.02774981009914468,82.33333587646484,0.013769614033183109,48.44866180419922,61.82857142857143,-0.48,110.52497142857142,98.65032857142857,3.8428571428571425,3.67,1275.4490666666666
2022-02-10,13.539042472839355,76195300,-0.029867191107238567,-0.01382742416115279,-0.12942451827764379,-0.3073690638996416,0.11857142857142858,285.5202142857143,3.835714285714286,23.91,114.5527,2.03,61.707142857142856,89.83,89.42906188964844,422.7738037109375,-0.017241139350561374,-0.017965756173241032,86.03571428571429,-0.02412407122199811,135.9199981689453,-0.011068014204727916,172.0271453857422,-0.003018467370449196,22.87352180480957,-0.017119804811059014,80.9238052368164,-0.013582587051906403,47.79060363769531,61.707142857142856,-0.42,110.12934285714286,98.66633214285714,3.8107142857142855,3.69,1275.7772222222222
2022-02-11,13.142157554626465,94534100,0.02792036399705644,0.0005700062355997737,-0.08490037880197965,-0.22565120944728556,0.12285714285714286,285.63357142857143,3.8285714285714287,27.36,114.8413,1.92,61.58571428571428,93.1,86.85909271240234,414.43719482421875,-0.028737516898224014,-0.019718839751998285,85.92857142857143,-0.014125943163704302,134.0,-0.017403894333238967,169.033203125,-0.04671284013350885,21.805034637451172,0.0009952063973783787,81.00434112548828,-0.002581413503490615,47.667236328125,61.58571428571428,-0.51,109.73371428571429,98.68233571428571,3.7785714285714285,3.722857142857143,1276.105377777778
2022-02-14,13.074759483337402,78625000,-0.009736263901380937,-0.04352780939933898,-0.05040080951845016,-0.24760430051935545,0.13571428571428573,285.97364285714286,3.8071428571428574,28.33,115.1946,1.98,61.22142857142857,95.52,87.35478210449219,413.082275390625,0.005706822125475242,-0.003269299789002811,85.60714285714286,0.019403030623250883,136.60000610351562,-0.009319393090299832,167.45791625976562,-0.03085298804648451,21.13228416442871,0.0006962155804419723,81.06073760986328,-0.0017259564905631741,47.584964752197266,61.22142857142857,-0.5,108.54682857142856,98.73034642857142,3.682142857142857,3.821428571428571,1277.0898444444445
2022-02-15,13.539042472839355,65883300,-0.062499810695643365,0.001106312270127363,-0.08296461540574707,-0.24668023553336105,0.14,286.087,3.8000000000000003,25.7,114.93,2.05,61.1,92.07,89.3087387084961,419.7440490722656,0.022368055382092633,0.016126989896482424,85.5,0.051317673452545565,143.61000061035156,0.015348458912379126,170.02813720703125,0.06647939424172944,22.537145614624023,0.015401335348368628,82.3091812133789,0.020743438832083738,48.57204055786133,61.1,-0.43,108.1512,98.74635,3.65,3.854285714285714,1277.4180000000001
2022-02-16,13.48662281036377,57442100,-0.04775123642768653,-0.022764935228308802,-0.06385320514456871,-0.2856727976150616,0.1442857142857143,286.2003571428571,3.7928571428571427,24.29,114.6886,2.03,60.97857142857143,93.83,89.5638198852539,420.21441650390625,0.0028561726483495864,0.0011206053610057776,85.39285714285714,0.018452711407434874,146.25999450683594,0.000541687113051692,170.1202392578125,0.0232659992357791,23.061494827270508,-0.02505128411189428,80.24723052978516,-0.0033869821483281104,48.407527923583984,60.97857142857143,-0.43,107.75557142857143,98.76235357142858,3.617857142857143,3.887142857142857,1277.7461555555556
2022-02-17,13.134669303894043,55368600,0.01653357849467274,-0.03933854940124659,-0.06043332537798152,-0.2625144860858427,0.14857142857142858,286.3137142857143,3.7857142857142856,28.11,114.6755,1.97,60.857142857142854,91.78,87.16710662841797,411.2380676269531,-0.026759837397584474,-0.021361353928869065,85.28571428571429,-0.021400175998756432,143.1300048828125,-0.010667862588572996,168.305419921875,-0.038180973817836805,22.180984497070312,-0.010037302133974912,79.44176483154297,0.0016993251951595845,48.48978805541992,60.857142857142854,-0.46,107.35994285714285,98.77835714285715,3.5857142857142854,3.92,1278.074311111111
2022-02-18,13.5090913772583,106404200,-0.0266074675815402,-0.11474504368383354,-0.05266090559690584,-0.3024852475861981,0.15285714285714286,286.4270714285714,3.7785714285714285,27.75,114.7982,1.92,60.73571428571428,91.26,86.62808227539062,408.57525634765625,-0.006183804578086205,-0.006475108918448602,85.17857142857143,-0.013833654152036523,141.14999389648438,-0.010016532995638094,166.6195831298828,-0.011150787017259245,21.93364906311035,-0.00932784164863476,78.70074462890625,0.0076333613844745685,48.859928131103516,60.73571428571428,-0.49,106.96431428571428,98.79436071428572,3.5535714285714284,3.9157142857142855,1278.4024666666667
2022-02-22,12.947460174560547,98550700,-0.03412378366099511,-0.0728744211644976,-0.03528071809337319,-0.2530154541750256,0.17,286.8805,3.75,28.81,114.7002,1.94,60.25,92.11,84.10140991210938,404.1906433105469,-0.029166897118292012,-0.010731469830807638,84.75,-0.02571724959963917,137.52000427246094,-0.01326919045703312,164.40867614746094,-0.02976995010847816,21.280685424804688,-0.07327804158882234,72.93370819091797,-0.005101989430790321,48.61064529418945,60.25,-0.51,105.3818,98.858375,3.425,3.8985714285714286,1279.7150888888889
2022-02-23,12.692854881286621,79855400,0.06784651746360448,-0.034218312844967014,-0.007079645751735475,-0.2623816224039164,0.1742857142857143,286.9938571428571,3.742857142857143,31.02,114.6668,1.99,60.128571428571426,92.14,81.29082489013672,397.0208435058594,-0.03341900004898701,-0.01773865853490031,84.64285714285714,-0.031050059189941637,133.25,-0.019779136043580614,161.1568145751953,-0.06043707350441074,19.994543075561523,-0.02120378464840511,71.38723754882812,-0.005982819258495753,48.31981658935547,60.128571428571426,-0.54,104.98617142857142,98.87437857142857,3.392857142857143,3.8942857142857146,1280.0432444444446
2022-02-24,12.842619895935059,110443900,0.026239258222444883,-0.047813297374373676,-0.039650055103556126,-0.25396119233387415,0.17857142857142858,287.1072142857143,3.7357142857142858,30.32,115.9419,1.96,60.00714285714285,92.77,83.14850616455078,402.9955749511719,0.022852287166782892,0.015048911267612874,84.53571428571429,0.0072795588795731,134.22000122070312,-0.003772544108723186,160.54884338378906,0.020781751307534346,20.410064697265625,0.033284321206626055,73.76331329345703,-0.012897625673515267,47.69660568237305,60.00714285714285,-0.59,104.59054285714285,98.89038214285713,3.3607142857142858,3.89,1280.3714
2022-02-25,13.351832389831543,78888000,-0.054963386432012595,-0.1003924099085377,-0.06505894719805017,-0.25926567441484394,0.18285714285714286,287.2205714285714,3.7285714285714286,27.59,115.2577,1.97,59.885714285714286,91.68,84.79444885253906,411.88739013671875,0.019795216581894648,0.022064299804344545,84.42857142857143,0.013261799754940906,136.0,0.03465675650836464,166.11294555664062,0.02278241753476773,20.87505531311035,0.04640761746759137,77.18649291992188,0.027874624931388592,49.02613067626953,59.885714285714286,-0.57,104.19491428571428,98.90638571428572,3.3285714285714287,3.8714285714285714,1280.6995555555554
2022-02-28,13.149648666381836,82367800,-0.09054679706994417,-0.10364461272753356,0.010819887374943882,-0.2186400661541298,0.19571428571428573,287.56064285714285,3.7071428571428573,30.15,115.2224,1.83,59.52142857142857,96.13,85.3912124633789,410.8334655761719,0.007037767435432496,-0.0025587686969417156,84.10714285714286,-0.04823527616613055,129.44000244140625,-0.022848095114830658,162.3175811767578,-0.03649289632155428,20.113264083862305,0.008452515709221009,77.83891296386719,-0.014406890308721554,48.31981658935547,59.52142857142857,-0.79,103.00802857142857,98.95439642857143,3.232142857142857,3.815714285714286,1281.6840222222222
2022-03-01,12.505643844604492,94819500,-0.04011967252944726,-0.03832353220645157,0.034131546745785446,-0.1753881113553618,0.2,287.674,3.7,33.32,115.7962,1.72,59.4,103.66,84.09660339355469,404.5763854980469,-0.015160916825948889,-0.01523021029786309,84.0,-0.0879944312022426,118.05000305175781,-0.04888346997855253,154.3829345703125,-0.07230684306509638,18.658937454223633,0.005587845020760485,78.27386474609375,-0.03181431701107229,46.782554626464844,59.4,-0.9,102.6124,98.9704,3.2,3.797142857142857,1282.0121777777777
2022-03-02,13.554020881652832,138638200,-0.09558005634648736,-0.08397802175998026,-0.06574601188636331,-0.24640038456502233,0.20419354838709677,287.70261290322577,3.7,30.74,115.7623,1.86,59.58709677419355,110.74,85.86286926269531,412.01910400390625,0.021002820540502398,0.01839632458206175,83.90322580645162,0.031003777535779875,121.70999908447266,0.03025063157020802,159.05311584472656,0.00848348255489273,18.817230224609375,0.037662025250323694,81.22181701660156,0.014209664470114625,47.44731903076172,59.58709677419355,-0.85,102.25075483870967,98.9687870967742,3.1806451612903226,3.7785714285714285,1282.3403333333333
2022-03-03,13.179600715637207,95395500,-0.07215915294946462,-0.05795469157216526,-0.053977213729302975,-0.2055445323319498,0.20838709677419356,287.7312258064516,3.7,30.48,115.9495,1.86,59.774193548387096,107.69,83.91854095458984,409.9678649902344,-0.022644576460132515,-0.004978504622087709,83.80645161290323,-0.03976662866073499,116.87000274658203,-0.0036630929213748997,158.47048950195312,-0.0394321792141783,18.075225830078125,0.09222540570995075,88.71253204345703,-0.0061295076471112875,47.156490325927734,59.774193548387096,-0.83,101.88910967741936,98.96717419354839,3.1612903225806455,3.76,1282.668488888889
2022-03-04,12.61797046661377,91304000,-0.0480711782213471,0.0005934592058394195,-0.011276102814162137,-0.19348251490960444,0.21258064516129033,287.7598387096774,3.7,31.98,116.6503,1.74,59.961290322580645,115.77,82.58544158935547,406.63702392578125,-0.015885635642256313,-0.008124639389803123,83.70967741935483,-0.09412167144251826,105.87000274658203,-0.022000531124001244,154.9840545654297,-0.05692396363937202,17.04631233215332,-0.03668067943447939,85.45849609375,-0.0052863699119326535,46.907203674316406,59.961290322580645,-0.93,101.52746451612903,98.96556129032258,3.141935483870968,3.7728571428571427,1282.9966444444444
2022-03-07,11.958990097045898,87999200,-0.014401857748580382,0.03193475870241502,-0.009392651143429243,-0.1515620128055145,0.22516129032258064,287.84567741935484,3.7,36.45,117.3278,1.78,60.52258064516129,119.26,78.53797149658203,394.6496276855469,-0.04900948659812121,-0.02947935267798507,83.41935483870968,-0.07783135240761185,97.62999725341797,-0.053762146138120026,146.6517791748047,-0.09866510420460506,15.364436149597168,-0.013100809769225008,84.33892059326172,-0.04428703847828497,44.8298225402832,60.52258064516129,-0.99,100.44252903225807,98.96072258064515,3.0838709677419356,3.8114285714285714,1283.9811111111112
2022-03-08,12.003921508789062,101020300,0.0018712127664173295,0.06612579748795278,-0.0399251642008468,-0.1371544218871752,0.22935483870967743,287.87429032258063,3.7,35.13,117.6176,1.86,60.70967741935484,123.64,78.70160675048828,391.6575927734375,0.0020835177021776285,-0.007581496857494541,83.3225806451613,0.025709333266857204,100.13999938964844,0.00214390408627807,146.9661865234375,0.022537023194223016,15.710704803466797,-0.03418960527373949,81.45540618896484,0.01390187382109187,45.453041076660156,60.70967741935484,-1.04,100.08088387096774,98.95910967741935,3.064516129032258,3.8242857142857143,1284.3092666666666
2022-03-09,12.258526802062988,62846700,0.012828149874315464,0.018936833422319888,-0.08613320821531234,-0.16798906985897066,0.2335483870967742,287.9029032258064,3.7,32.45,116.5961,1.94,60.89677419354839,108.81,81.23307800292969,402.1582336425781,0.032165432917615755,0.026810768035371524,83.2258064516129,0.04463751995154497,104.61000061035156,0.04329239576160737,153.32870483398438,0.08753147712486231,17.085886001586914,0.00603173898468623,81.94672393798828,0.013711093740269797,46.07625198364258,60.89677419354839,-0.9,99.71923870967741,98.95749677419354,3.045161290322581,3.837142857142857,1284.637422222222
2022-03-10,12.228571891784668,72992600,0.015309157192694434,0.03061862633491974,-0.07838316870066864,-0.1813620761551472,0.237741935483871,287.9315161290322,3.7,30.23,116.7401,1.98,61.08387096774194,105.93,81.81059265136719,400.3421936035156,0.007109353266371077,-0.004515735069287485,83.12903225806451,0.01022846466476679,105.68000030517578,-0.012967642097616028,151.34039306640625,0.02200353318430337,17.461835861206055,-0.030273288482430938,79.46592712402344,-0.017132679058431632,45.286842346191406,61.08387096774194,-0.88,99.35759354838709,98.95588387096774,3.0258064516129033,3.85,1284.9655777777778
2022-03-11,12.011409759521484,54985900,0.05112213887615891,0.026807806603256656,-0.04738164948984014,-0.19982372196439246,0.24193548387096775,287.96012903225807,3.7,30.75,117.0192,2.0,61.270967741935486,109.31,80.2368392944336,395.2519226074219,-0.01923654756591342,-0.012714800182003771,83.03225806451613,0.004447399880260106,106.1500015258789,-0.007760345480510411,150.1659393310547,-0.024929243822331082,17.026525497436523,-0.04125278256272846,76.18773651123047,0.0,45.286842346191406,61.270967741935486,-0.94,98.99594838709677,98.95427096774193,3.006451612903226,3.8942857142857146,1285.2937333333334
2022-03-14,11.786758422851562,66341700,0.04701370108627412,0.05908476135241192,-0.024142605996191335,-0.24469031933169094,0.25451612903225806,288.04596774193544,3.7,31.77,117.1506,2.14,61.83225806451613,103.22,78.89894104003906,392.3633117675781,-0.016674363872747233,-0.007308277770764482,82.74193548387096,-0.01582666303369018,104.47000122070312,0.021862207894810304,153.4488983154297,-0.005229419759795295,16.93748664855957,0.0005286359140559416,76.22801208496094,0.035779958243462584,46.907203674316406,61.83225806451613,-0.79,97.9110129032258,98.94943225806452,2.948387096774194,4.027142857142858,1286.2782
2022-03-15,12.026383399963379,65263700,0.06413457528549249,0.10523055368521206,-0.03424649006940761,-0.2352944674934383,0.25870967741935486,288.0745806451613,3.7,29.83,117.246,2.15,62.01935483870968,96.42,81.54107666015625,400.9914855957031,0.03348759292949666,0.021990266595659724,82.64516129032258,0.03445963848048339,108.06999969482422,0.007232290355212667,154.55868530273438,0.053738344331119015,17.847679138183594,0.04670316087162529,79.78810119628906,-0.004428679450527273,46.699466705322266,62.01935483870968,-0.69,97.54936774193548,98.94781935483871,2.9290322580645163,4.071428571428571,1286.6063555555556
2022-03-16,12.415781021118164,82677600,0.006031312961396917,0.041616374360640584,-0.06634490344414923,-0.25502773277906177,0.26290322580645165,288.1031935483871,3.7,26.67,116.8073,2.19,62.20645161290323,94.85,84.32279968261719,409.8832092285156,0.03411437690545216,0.022174345222325975,82.54838709677419,0.07994817631208173,116.70999908447266,0.017770381309088146,157.3052520751953,0.0715077302014977,19.123926162719727,-0.002220886507210862,79.61090087890625,0.01957288789358924,47.61351013183594,62.20645161290323,-0.61,97.18772258064516,98.94620645161291,2.9096774193548387,4.115714285714286,1286.934511111111
2022-03-17,12.415781021118164,58500200,0.015078628055079868,0.01990346335209847,-0.0548853243248848,-0.3169571292176214,0.2670967741935484,288.1318064516129,3.7,25.67,116.0467,2.2,62.39354838709677,102.97,85.72810363769531,415.0111999511719,0.01666576489831395,0.012510858232783306,82.45161290322581,-0.008653946912461574,115.69999694824219,0.005761285816095363,158.21153259277344,-0.009312074219725908,18.945842742919922,0.0045531473651525545,79.97338104248047,0.013088951124519577,48.23672103881836,62.39354838709677,-0.71,96.82607741935483,98.94459354838709,2.8903225806451616,4.16,1287.2626666666665
2022-03-18,12.625458717346191,89144000,-0.023131785901587598,-0.012455478246327312,-0.04211159464943559,-0.32949485499125186,0.27129032258064517,288.16041935483867,3.7,23.87,116.1378,2.14,62.58064516129032,104.69,87.53284454345703,419.5567321777344,0.02105191680652263,0.010952794110369313,82.35483870967742,0.025929127736641577,118.69999694824219,0.00023378387201833384,158.24851989746094,0.016188033558178105,19.252538681030273,0.025682030163120206,82.02725982666016,0.0051681431829755375,48.48601531982422,62.58064516129032,-0.72,96.4644322580645,98.94298064516128,2.870967741935484,4.1971428571428575,1287.5908222222222
2022-03-21,12.340897560119629,72583600,0.011529037541356146,0.010922331503838922,-0.02609222349069029,-0.29998495406120185,0.2838709677419355,288.2462580645161,3.7,23.53,115.9398,2.32,63.14193548387097,112.14,86.79974365234375,419.4339599609375,-0.008375152149309173,-0.0002926236367597479,82.06451612903226,-0.02114569984302861,116.19000244140625,-0.002045227184522158,157.92486572265625,-0.026207576376763186,18.747976303100586,-0.027494082906004413,79.7719955444336,-0.01799498643542985,47.61351013183594,63.14193548387097,-0.58,95.37949677419354,98.93814193548387,2.8129032258064517,4.308571428571429,1288.5752888888887
2022-03-22,12.797690391540527,77647100,0.03861915527807569,-0.07431238664224527,-0.08133418672780823,-0.3237927825272623,0.2880645161290323,288.2748709677419,3.7,22.94,116.0824,2.38,63.329032258064515,111.03,88.95431518554688,424.34197998046875,0.024822325994795058,0.011701532274564386,81.96774193548387,0.018159915362904178,118.30000305175781,0.00046831985734163695,157.9988250732422,-0.0010554117626830894,18.72818946838379,0.0026252226619005725,79.98141479492188,-0.0008727249303694951,47.571956634521484,63.329032258064515,-0.53,95.01785161290321,98.93652903225806,2.793548387096774,4.345714285714286,1288.9034444444444
2022-03-23,12.4906644821167,63296800,0.03537172346504214,-0.07733787998254005,-0.0929255407805405,-0.30234326463451444,0.292258064516129,288.30348387096774,3.7,23.57,116.005,2.32,63.516129032258064,114.89,87.85050964355469,418.8771667480469,-0.012408678990893152,-0.012878323357668697,81.87096774193549,-0.0030431158162697036,117.94000244140625,-0.036581866764478166,152.21893310546875,-0.03328049341249306,18.10490608215332,-0.018593720846555972,78.4942626953125,-0.02008723966884629,46.61636734008789,63.516129032258064,-0.62,94.6562064516129,98.93491612903226,2.774193548387097,4.382857142857143,1289.2316
2022-03-24,12.602993965148926,56314200,0.004753164103418195,-0.1111111699659112,-0.09144018057392556,-0.2816455933271369,0.2964516129032258,288.33209677419353,3.7,21.67,115.9599,2.34,63.70322580645161,114.2,88.53495788574219,425.1914978027344,0.00779105602192387,0.015074421706269714,81.7741935483871,0.007122234360711799,118.77999877929688,0.01348741256357866,154.27197265625,0.010382435656279387,18.292879104614258,0.0012423700478207955,78.59178161621094,0.005347702545972943,46.865657806396484,63.70322580645161,-0.58,94.29456129032258,98.93330322580645,2.7548387096774194,4.42,1289.5597555555555
2022-03-25,12.333409309387207,62023100,0.010929117665184673,-0.08621716870737539,-0.10091863788000432,-0.2641103042818347,0.3006451612903226,288.3607096774193,3.7,20.81,115.7921,2.48,63.89032258064516,116.2,88.38070678710938,427.2679443359375,-0.0017422620659274246,0.0048835561010358575,81.6774193548387,-0.00454622765681878,118.23999786376953,0.037885070058775394,160.1165771484375,-0.005408343488096934,18.193944931030273,-0.004239513484957325,78.25859069824219,0.0053190939502836265,47.11494064331055,63.89032258064516,-0.47,93.93291612903225,98.93169032258065,2.735483870967742,4.4557142857142855,1289.887911111111
2022-03-28,12.483176231384277,54634400,-0.0005997910242813154,-0.08338317585794908,-0.10325114849171002,-0.28682792139903257,0.3132258064516129,288.44654838709675,3.7,19.63,116.1911,2.46,64.45161290322581,107.55,90.73770904541016,430.30706787109375,0.026668741900631066,0.007112921939135042,81.38709677419355,0.005159003901999082,118.8499984741211,0.002079116396973335,160.44947814941406,0.054921197664250965,19.193178176879883,0.0044652162171912035,78.6080322265625,0.000881879124750462,47.156490325927734,64.45161290322581,-0.49,92.84798064516129,98.92685161290322,2.6774193548387095,4.562857142857143,1290.8723777777777
2022-03-29,13.291926383972168,90676900,-0.10873238890927739,-0.13464797908103943,-0.17085802823227392,-0.3466677715918708,0.3174193548387097,288.47516129032255,3.7,18.9,115.5679,2.41,64.63870967741936,104.25,92.31871032714844,435.63037109375,0.017423861571676413,0.012370940707510991,81.29032258064517,0.06133782927321363,126.13999938964844,0.03112403671745434,165.4433135986328,0.02731956155537163,19.717527389526367,0.04155886961396482,81.87489318847656,0.019383032766044916,48.070526123046875,64.63870967741936,-0.45,92.48633548387096,98.92523870967742,2.6580645161290324,4.598571428571429,1291.2005333333332
2022-03-30,12.932480812072754,57853400,-0.10885907050888044,-0.10191075099502689,-0.17462571407691752,-0.3512419612307309,0.32161290322580643,288.50377419354834,3.7,19.33,115.0818,2.35,64.8258064516129,107.81,90.91606903076172,432.9404602050781,-0.015193467190087517,-0.006174755175857527,81.19354838709677,-0.031552209820810195,122.16000366210938,-0.011570862900257328,163.52899169921875,-0.01655790094917975,19.39104652404785,-0.04287823162937243,78.36424255371094,-0.0034568381290968064,47.904354095458984,64.8258064516129,-0.51,92.12469032258063,98.92362580645161,2.638709677419355,4.634285714285714,1291.5286888888888
2022-03-31,12.662898063659668,52529400,-0.11531621716535712,-0.08456522592126181,-0.15050590031895594,-0.326119702717523,0.3258064516129032,288.5323870967742,3.7,20.56,115.2218,2.32,65.01290322580645,100.53,89.17119598388672,426.2769470214844,-0.019192130340398017,-0.01539129232790426,81.09677419354838,-0.02005570157326908,119.70999908447266,-0.016173501703269477,160.8841552734375,0.03163263870835298,20.004436492919922,-0.057347236850278205,73.87026977539062,-0.01734645586712813,47.07338333129883,65.01290322580645,-0.52,91.76304516129032,98.9220129032258,2.6193548387096777,4.67,1291.8568444444445
2022-04-01,12.468202590942383,64695700,-0.09609604142862804,-0.058858984088705824,-0.11970743448490873,-0.32285183149457486,0.33,288.561,3.7,19.63,115.4814,2.39,65.2,99.32,89.28205871582031,427.48504638671875,0.0012432572055400826,0.002834071543572181,81.0,-0.005346248388130248,119.06999969482422,0.006150589963451081,161.87368774414062,-0.008407539755108773,19.83624839782715,-0.005720733989071247,73.44767761230469,0.018535000593597806,47.94588851928711,65.2,-0.41,91.4014,98.9204,2.6,4.677142857142857,1292.185
2022-04-04,12.475688934326172,51146500,-0.08283306736398643,-0.030612210576783982,-0.09485802618434835,-0.33171754024780253,0.374,288.8347,3.6900000000000004,18.57,115.4112,2.42,64.52,103.29,91.28720092773438,431.1470642089844,0.022458512278444642,0.008566423207591711,80.7,-0.002855432424305304,118.7300033569336,-0.002685191591615621,161.43902587890625,-0.015461292105785174,19.52955436706543,0.04381488436505321,76.66577911376953,-0.005199253671433923,47.69660568237305,64.52,-0.38,91.69563,98.87635,2.6,4.698571428571428,1293.1233736263737
2022-04-05,11.846663475036621,91708000,-0.029077226468542827,0.014538492482004006,-0.07543168734307737,-0.2586908023078496,0.38866666666666666,288.9259333333333,3.686666666666667,21.03,115.73,2.54,64.29333333333334,101.98,89.14710998535156,425.7011413574219,-0.023443493946944116,-0.012631241874635046,80.6,-0.05011374049867956,112.77999877929688,0.004811783818402748,162.21583557128906,0.02431607587807183,20.004436492919922,-0.01929177766320289,75.18675994873047,0.0,47.69660568237305,64.29333333333334,-0.3,91.79370666666667,98.86166666666666,2.6,4.7057142857142855,1293.4361648351648
2022-04-06,11.524662971496582,102881600,0.007797105131083448,0.020142687090099365,-0.07053002258681274,-0.2399408001251191,0.4033333333333333,289.01716666666664,3.6833333333333336,22.1,115.9995,2.61,64.06666666666666,96.39,86.87203216552734,421.44439697265625,-0.025520488776338945,-0.00999937273175322,80.5,-0.0123248750194489,111.38999938964844,-0.006385113992815494,161.18006896972656,-0.06379819921385088,18.72818946838379,-0.015780406842133776,74.00028228759766,0.00174208907848028,47.77969741821289,64.06666666666666,-0.22,91.89178333333334,98.84698333333334,2.6,4.712857142857143,1293.748956043956
2022-04-07,11.20266056060791,101229100,0.034759302522269664,0.011363565745037274,-0.10033727365510436,-0.2402997537806122,0.41800000000000004,289.10839999999996,3.68,21.55,116.3512,2.66,63.84,96.05,87.31546783447266,423.56805419921875,0.005104469849403159,0.0050389974141720195,80.4,-0.010503619493277827,110.22000122070312,-0.0031555139558029355,160.6714630126953,-0.010037004918542869,18.54021453857422,0.011091550838637332,74.82106018066406,0.002608988419390279,47.904354095458984,63.84,-0.16,91.98986,98.8323,2.6,4.72,1294.0617472527472
2022-04-08,11.270057678222656,75085800,0.041195811774932034,0.01601733088995383,-0.10705519063572777,-0.22678335338267475,0.4326666666666667,289.19963333333334,3.6766666666666667,21.16,116.4176,2.72,63.61333333333334,98.35,86.5105209350586,422.4354248046875,-0.009218835097350997,-0.00267401987308169,80.3,-0.016784598563165276,108.37000274658203,0.01185657989518285,162.57647705078125,-0.021344671398701998,18.144479751586914,0.014011191659462519,75.86939239501953,0.01647855176356372,48.693748474121094,63.61333333333334,-0.15,92.08793666666666,98.81761666666667,2.6,4.76,1294.3745384615384
2022-04-11,11.442289352416992,66117100,0.05693713426531355,-0.030898616532103795,-0.1547537070421925,-0.24171598693460883,0.4766666666666667,289.4733333333333,3.666666666666667,24.37,116.5401,2.79,62.93333333333334,94.22,84.90544128417969,415.215087890625,-0.018553577455438064,-0.01709216720496587,80.0,-0.001476457119628738,108.20999908447266,-0.0012513829691780387,162.37303161621094,0.01090515406762571,18.342348098754883,0.008568782705119071,76.51950073242188,0.0008532074285059199,48.735294342041016,62.93333333333334,-0.12,92.38216666666666,98.77356666666667,2.6,4.88,1295.312912087912
2022-04-12,11.502195358276367,49138700,0.04492192390534533,-0.026770664209365025,-0.18471566776879322,-0.2535295382792333,0.49133333333333334,289.5645666666667,3.6633333333333336,24.26,116.3866,2.72,62.70666666666667,100.52,85.09341430664062,413.67657470703125,0.002213910199604152,-0.003705340264511303,79.9,0.02448943303114004,110.86000061035156,-0.011903362368376968,160.44024658203125,-0.001618127183902418,18.312667846679688,-0.009876501112112135,75.76375579833984,-0.005967517150770596,48.44446563720703,62.70666666666667,-0.14,92.48024333333333,98.75888333333333,2.6,4.92,1295.6257032967033
2022-04-13,11.614521980285645,51871800,0.01225006689953756,-0.051110836132138515,-0.12380261323265052,-0.22894635219545845,0.506,289.6558,3.66,21.82,116.2796,2.7,62.480000000000004,104.26,87.20942687988281,418.4146728515625,0.024866937006628564,0.011453629318717962,79.8,-0.017679948346397856,108.9000015258789,-0.005648710575340332,159.53396606445312,0.054024887950478995,19.3020076751709,0.021452379017506296,77.38906860351562,0.003430312519636658,48.61064529418945,62.480000000000004,-0.1,92.57831999999999,98.7442,2.6,4.96,1295.9384945054944
2022-04-14,11.592057228088379,39312900,-0.022609834693154363,-0.07918526406043591,-0.15136781906406283,-0.222249691139223,0.5206666666666667,289.7470333333333,3.6566666666666667,22.7,116.7558,2.83,62.25333333333334,106.84,85.98994445800781,413.2046813964844,-0.013983378466122076,-0.012451741760324042,79.7,-0.012763997889551182,107.51000213623047,-0.03489654639434592,153.96678161621094,0.0025626960819722377,19.351472854614258,-0.014596482095994068,76.25946044921875,-0.002563841183571558,48.48601531982422,62.25333333333334,-0.06,92.67639666666666,98.72951666666667,2.6,5.0,1296.2512857142856
2022-04-18,11.734336853027344,40205800,-0.02418227253724381,-0.08328375734618598,-0.130821927605405,-0.19120832447467329,0.5793333333333334,290.11196666666666,3.6433333333333335,22.17,116.8441,2.85,61.346666666666664,108.24,86.25023651123047,413.37457275390625,0.003027005714020037,0.000411155451694567,79.3,-0.016091557274284463,105.77999877929688,-0.013874718332841596,151.83053588867188,-0.026584839260202164,18.837017059326172,-0.003836233977757897,75.96691131591797,-0.011996474045732008,47.904354095458984,61.346666666666664,-0.07,93.06870333333333,98.67078333333333,2.6,5.062857142857143,1297.5024505494505
2022-04-19,12.093780517578125,55398300,-0.08310404464923327,-0.09245367648357639,-0.20340363976794718,-0.2065203677114429,0.594,290.2032,3.64,21.37,117.1324,2.93,61.12,102.54,88.75186157226562,420.0475158691406,0.029004268999418104,0.016142606621348587,79.2,0.04433732742984464,110.47000122070312,0.02954072242166772,156.3157196044922,0.045693296349481605,19.697742462158203,0.022357535576247534,77.66534423828125,0.019947619968690544,48.85993194580078,61.12,0.0,93.16678,98.6561,2.6,5.078571428571429,1297.8152417582417
2022-04-20,12.018896102905273,47351500,-0.06861047363879846,-0.06045699954121042,-0.19405008091106635,-0.18464219566465223,0.6086666666666667,290.2944333333333,3.6366666666666667,20.32,116.7306,2.85,60.89333333333333,102.56,87.6095199584961,419.7360534667969,-0.012871184823986859,-0.0007414932610642078,79.1,0.005159769064231767,111.04000091552734,0.012128101978982064,158.21153259277344,-0.014565583032915663,19.41083335876465,-0.012242341463721274,76.71453857421875,0.02125857390709074,49.898624420166016,60.89333333333333,-0.07,93.26485666666666,98.64141666666667,2.6,5.094285714285714,1298.1280329670328
2022-04-21,11.756800651550293,49898500,-0.0625941208635794,-0.06836477164519272,-0.19852425786421513,-0.17800640644443955,0.6233333333333333,290.3856666666667,3.6333333333333333,22.68,117.1432,2.9,60.666666666666664,103.89,86.76117706298828,413.45953369140625,-0.009683227301207742,-0.014953492137618207,79.0,-0.014229123000968458,109.45999908447266,0.00853397933809652,159.56170654296875,-0.005606440567612836,19.3020076751709,-0.008050618550057287,76.09693908691406,-0.006661073152085639,49.566246032714844,60.666666666666664,-0.12,93.36293333333333,98.62673333333333,2.6,5.11,1298.4408241758242
2022-04-22,11.329962730407715,56193700,-0.057884181134071455,-0.05455750502490375,-0.14637383297614615,-0.14570869976895418,0.638,290.4769,3.6300000000000003,28.21,118.0186,2.9,60.44,102.86,84.74638366699219,402.11456298828125,-0.023222292091926833,-0.02743913195527503,78.9,-0.02722451811130877,106.4800033569336,-0.029674469897588596,154.82679748535156,-0.034341451633829956,18.639148712158203,-0.025202878873827994,74.1790771484375,-0.02933768238165957,48.11208724975586,60.44,-0.08,93.46101,98.61205,2.6,5.1085714285714285,1298.7536153846154
2022-04-25,11.450573921203613,58361400,-0.060566111011954304,-0.11981563442773291,-0.18235687669242684,-0.1744566848261031,0.682,290.7506,3.62,27.02,118.6271,2.81,59.76,99.6,85.35851287841797,404.4457702636719,0.007223071769423495,0.005797370923515954,78.6,0.01080009260170156,107.62999725341797,0.00758609005917088,156.00132751464844,0.002123045569090154,18.678720474243164,0.019609783190027485,75.63371276855469,0.006044736505132597,48.40291213989258,59.76,-0.1,93.75524,98.568,2.6,5.104285714285714,1299.691989010989
2022-04-26,11.088738441467285,60345300,-0.010197047745473253,-0.09245406426294478,-0.1359618693283141,-0.10333105853121749,0.6966666666666667,290.84183333333334,3.6166666666666667,33.52,118.9624,2.77,59.53333333333333,102.62,81.03974151611328,392.7327575683594,-0.050595672495562516,-0.028960650738605542,78.5,-0.04757033585286008,102.51000213623047,0.03278195777009563,161.1153564453125,-0.07309321763470733,17.313432693481445,-0.002578614816902469,75.43868255615234,-0.0034334938483432387,48.23672103881836,59.53333333333333,-0.08,93.85331666666667,98.55331666666667,2.6,5.102857142857142,1300.00478021978
2022-04-27,11.194273948669434,65847900,0.008754096827180868,-0.136026802414405,-0.11649825562974825,-0.05723890865320269,0.7113333333333334,290.93306666666666,3.6133333333333333,31.6,119.4708,2.82,59.306666666666665,101.96,81.04937744140625,393.8370056152344,0.00011890370221689928,0.002811703443614144,78.4,0.01170614499302669,103.70999908447266,0.040810387034353024,167.69053649902344,-0.005142761141207819,17.224393844604492,0.002154552751802985,75.6012191772461,0.03531452474332286,49.94017791748047,59.306666666666665,-0.06,93.95139333333333,98.53863333333334,2.6,5.101428571428571,1300.3175714285715
2022-04-28,11.020894050598145,131556500,-0.00615597886683783,-0.14911080545627065,-0.06771550793531977,0.004787973948285007,0.726,291.0243,3.6100000000000003,29.99,120.0675,2.85,59.08,105.47,82.71231079101562,403.78509521484375,0.02051753390470612,0.025259407972770154,78.3,0.039822556068620285,107.83999633789062,0.012353128141843195,169.7620391845703,0.024124020006327518,17.639915466308594,0.005912079911976731,76.04817962646484,0.009983105091403432,50.43873596191406,59.08,-0.12,94.04947,98.52395,2.6,5.1,1300.6303626373626
2022-04-29,10.674137115478516,83184900,0.003531069155777722,-0.046610166462901836,-0.033898246026586754,0.08333348224065729,0.7406666666666667,291.11553333333336,3.606666666666667,33.4,119.4933,2.89,58.85333333333333,104.59,78.50921630859375,388.8630065917969,-0.05081582707852994,-0.03695552114202538,78.2,-0.013353068072256224,106.4000015258789,-0.016179101660371065,167.01544189453125,-0.029725154502467266,17.11556625366211,-0.03900414404922581,73.08198547363281,-0.023064143881523003,49.27540969848633,58.85333333333333,0.01,94.14754666666667,98.50926666666666,2.6,5.124285714285714,1300.9431538461538
2022-05-02,10.757057189941406,64734000,-0.06306939116237542,-0.08549404978477948,-0.05045545973648691,0.0623685679411099,0.7841935483870968,291.4160322580645,3.6,32.34,119.8825,2.99,58.12903225806451,105.18,79.65637969970703,391.2037048339844,0.014611830878608734,0.006019338951016806,78.19354838709677,0.02152256468690328,108.69000244140625,-0.0074752930969773645,165.76695251464844,0.002890181140305925,17.1650333404541,0.043144786899512066,76.23509216308594,-0.013490794056600142,48.61064529418945,58.12903225806451,0.18,94.6890193548387,98.46242903225807,2.5870967741935487,5.197142857142857,1301.8815274725273
2022-05-03,10.975666046142578,55734200,-0.08310443642354304,-0.07074174415795886,-0.046016359626790626,0.07760978102012195,0.7983870967741936,291.53406451612904,3.6,29.25,119.7043,2.97,57.85806451612903,102.53,79.45877075195312,392.99700927734375,-0.002480767372291637,0.004584068149662279,78.38709677419355,-0.009936533322252084,107.61000061035156,0.01071172509042273,167.5426025390625,0.008069185784285393,17.30354118347168,0.008954107198292816,76.91770935058594,0.023077081836922142,49.73243713378906,57.85806451612903,0.14,95.03433870967741,98.44495806451613,2.574193548387097,5.221428571428571,1302.1943186813187
2022-05-04,11.292269706726074,59774900,-0.1435244721156158,-0.14686225250094942,-0.09879819806139833,0.02603480524082702,0.8125806451612904,291.6520967741935,3.6,25.42,119.5592,2.93,57.58709677419355,107.84,81.79168701171875,404.96490478515625,0.029360084955861065,0.030452892071162196,78.58064516129032,0.02611279195851468,110.41999816894531,0.023403307373576432,171.46365356445312,0.013722163231441042,17.540983200073242,0.03317486890679189,79.46944427490234,0.0960735779385844,54.51041030883789,57.58709677419355,0.07,95.37965806451612,98.4274870967742,2.5612903225806454,5.2457142857142856,1302.5071098901099
2022-05-05,10.953049659729004,57889200,-0.14384030446391216,-0.11562271307053784,-0.07364051090521162,0.0529938559551697,0.8267741935483871,291.77012903225807,3.6,31.2,120.0068,3.05,57.31612903225806,108.17,77.20777893066406,390.5714111328125,-0.056043691584426236,-0.03554257043577602,78.7741935483871,-0.05243616203170465,104.62999725341797,-0.03311592143199249,165.7854766845703,-0.0671179457201615,16.36366844177246,-0.05706101225406268,74.9348373413086,-0.03658540767161966,52.5161247253418,57.31612903225806,0.18,95.72497741935484,98.41001612903226,2.5483870967741935,5.27,1302.819901098901
2022-05-06,10.711828231811523,66622200,-0.04996480643181378,-0.12033778703056919,-0.03307536587333204,0.11048554659893739,0.8409677419354838,291.88816129032256,3.6,30.19,119.8577,3.12,57.04516129032258,109.72,76.22930908203125,388.24005126953125,-0.012673202910182368,-0.005969100135924887,78.96774193548387,-0.02666540178501442,101.83999633789062,-0.010765751823046621,164.00067138671875,-0.03748486905944848,15.75027847290039,-0.008675750690373407,74.28472137451172,0.013449398178383865,53.222434997558594,57.04516129032258,0.26,96.07029677419355,98.39254516129033,2.535483870967742,5.274285714285714,1303.1326923076922
2022-05-09,10.07861614227295,71242000,-0.023934172297161438,-0.04038882704189317,0.011967133460349721,0.1361256108540767,0.8835483870967742,292.24225806451614,3.6,34.75,120.4972,3.05,56.23225806451613,103.08,72.9806137084961,375.8095703125,-0.04261740546591075,-0.03201751317614965,79.54838709677419,-0.06510209634553188,95.20999908447266,-0.005244349898231748,163.14059448242188,-0.11180904035781469,13.98925495147705,-0.0036103804523260896,74.01652526855469,-0.015612808596824679,52.391483306884766,56.23225806451613,0.3,97.10625483870967,98.34013225806451,2.4967741935483874,5.2871428571428565,1304.071065934066
2022-05-10,10.063539505004883,75506700,0.013483206546841542,-0.06966301270632058,-0.005243363917885491,0.17262835154058997,0.8977419354838709,292.3602903225806,3.6,32.99,120.7742,2.99,55.961290322580645,99.74,72.7636947631836,376.677978515625,-0.002972281737434135,0.0023107666002302185,79.74193548387096,0.007247163617700059,95.9000015258789,-0.026472321869672744,158.82188415527344,0.0035360772938639595,14.038722038269043,-0.025691713049557086,72.11491394042969,-0.003965236051283405,52.183738708496094,55.961290322580645,0.34,97.45157419354838,98.32266129032259,2.4838709677419355,5.291428571428571,1304.383857142857
2022-05-11,9.671552658081055,71644900,-0.0038971112152830223,-0.009353185244027507,-0.00623555543547516,0.24613222410647562,0.9119354838709678,292.47832258064517,3.6,32.56,120.3925,2.91,55.69032258064516,105.5,70.15606689453125,370.69403076171875,-0.03583693594915871,-0.015886109874241106,79.93548387096774,-0.05380608529726594,90.73999786376953,0.0,158.82188415527344,-0.04510216826452229,13.405545234680176,-0.05578071074324553,68.09229278564453,-0.0039808755396884,51.97600173950195,55.69032258064516,0.21,97.79689354838709,98.30519032258064,2.470967741935484,5.295714285714285,1304.6966483516483
2022-05-12,9.377559661865234,113203900,0.03295832721453418,0.05466250466283018,-0.05064291121686748,0.3136152401423602,0.9261290322580645,292.59635483870966,3.6,31.77,121.2796,2.84,55.41935483870968,106.15,70.6380386352539,370.30694580078125,0.006869993744763825,-0.0010442168711001232,80.12903225806451,0.008265373789472674,91.48999786376953,0.004134004819690951,159.47845458984375,-0.021402199216560502,13.118637084960938,0.04260619588161019,70.99344635009766,0.004796040747153896,52.22528076171875,55.41935483870968,0.25,98.1422129032258,98.28771935483871,2.458064516129032,5.3,1305.0094395604394
2022-05-13,10.176613807678223,78944200,-0.07407407754490158,0.009629411731079784,-0.09629646011935389,0.22094558939581121,0.9403225806451613,292.7143870967742,3.6,28.87,120.8442,2.93,55.148387096774194,110.52,73.41922760009766,379.1603088378906,0.03937239791162206,0.02390817438750492,80.3225806451613,0.07257623286356973,98.12999725341797,0.010669870010084681,161.18006896972656,0.07692306014704386,14.127762794494629,-0.01144654530081024,70.18081665039062,0.015910982061779322,53.056236267089844,55.148387096774194,0.24,98.48753225806452,98.27024838709677,2.445161290322581,5.292857142857143,1305.3222307692306
2022-05-16,9.837392807006836,65055400,-0.016858140381225684,0.04827598040726877,-0.05976992907784917,0.27156044824490033,0.9829032258064516,293.0684838709677,3.6,27.47,120.6881,2.88,54.33548387096774,114.07,71.83341979980469,377.621826171875,-0.021599352814368977,-0.004057604739090448,80.90322580645162,-0.030673541129963677,95.12000274658203,-0.0047047755028662985,160.4217529296875,-0.013305357156960573,13.939787864685059,-0.018411325898981867,68.8886947631836,0.013312411644955668,53.762542724609375,54.33548387096774,0.2,99.52349032258064,98.21783548387097,2.406451612903226,5.271428571428571,1306.2606043956043
2022-05-17,10.199228286743164,50891400,-0.08204005622990007,0.0014782135318671674,-0.16851447254173246,0.1965908986779017,0.9970967741935484,293.18651612903227,3.6,26.1,119.8871,2.98,54.064516129032256,112.31,73.64575958251953,385.38958740234375,0.02522975778914227,0.020570212556869638,81.09677419354838,0.04257774711333062,99.16999816894531,0.026978807997412924,164.74974060058594,0.05535842109630851,14.711472511291504,-0.0031850473880872254,68.66928100585938,0.03013922418857784,55.382904052734375,54.064516129032256,0.27,99.86880967741935,98.20036451612903,2.393548387096774,5.264285714285714,1306.5733956043955
2022-05-18,9.633861541748047,68362500,-0.005477420144219369,0.08685450842797282,-0.12128329939230853,0.27629640790050436,1.011290322580645,293.30454838709676,3.6,30.96,120.0274,2.89,53.79354838709677,109.67,68.83053588867188,369.8539733886719,-0.0653835838090886,-0.04031145241465184,81.29032258064517,-0.05062011430628821,94.1500015258789,-0.054336193469339156,155.79786682128906,-0.0692669701221249,13.692453384399414,-0.10508881610377951,61.45290756225586,-0.045011136293129694,52.89005661010742,53.79354838709677,0.17,100.21412903225806,98.1828935483871,2.3806451612903228,5.257142857142857,1306.8861868131867
2022-05-19,9.686628341674805,58459600,0.02101166801842158,0.05058369627906045,-0.10817121626248893,0.24812275392565208,1.0254838709677419,293.4225806451613,3.6,29.35,119.4278,2.84,53.52258064516129,112.21,68.87870025634766,367.5886535644531,0.0006997529084138421,-0.006124903305657292,81.48387096774194,0.008284639051041154,94.93000030517578,-0.0038583326420426056,155.19674682617188,-0.018786107238978556,13.435225486755371,-0.030415075913849954,59.58381271362305,0.01806746590342989,53.845645904541016,53.52258064516129,0.25,100.55944838709677,98.16542258064516,2.367741935483871,5.25,1307.1989780219778
2022-05-20,9.42279052734375,78183400,0.09039976875692268,0.07680006866040956,-0.08160002234702002,0.21843179786634548,1.0396774193548388,293.5406129032258,3.6,29.43,119.3677,2.78,53.251612903225805,112.63,67.67852783203125,367.74920654296875,-0.01742443483761591,0.0004367734884054286,81.6774193548387,-0.014220988831572634,93.58000183105469,-0.01978325772929912,152.12644958496094,-0.03313698217365246,12.990022659301758,-0.013093536243291126,58.80364990234375,-0.0023148618808523924,53.72100067138672,53.251612903225805,0.23,100.90476774193547,98.14795161290323,2.3548387096774195,5.228571428571429,1307.5117692307692
2022-05-23,9.671552658081055,51929600,0.06625098926593465,0.07092738467570125,-0.09898684180166006,0.2059851353240858,1.082258064516129,293.89470967741937,3.6,28.48,118.7169,2.86,52.438709677419354,110.32,68.18463897705078,374.6298522949219,0.007478164215918293,0.018710157981399078,82.25806451612904,0.004488118836581734,94.0,0.013373944144487337,154.16098022460938,-0.0015232332718548847,12.970235824584961,0.003178457587870165,58.99055480957031,0.009280718569915747,54.21957015991211,52.438709677419354,0.26,101.94072580645161,98.09553870967741,2.3161290322580648,5.164285714285714,1308.4501428571427
2022-05-24,9.362483024597168,51082800,0.09098247731677067,0.08937215265947018,-0.03301119709899136,0.2620605004953003,1.0964516129032258,294.01274193548386,3.6,29.45,118.6245,2.76,52.16774193548387,112.55,66.43013763427734,371.7699279785156,-0.025731621800680893,-0.007634000064028035,82.45161290322581,-0.031170216012508356,91.06999969482422,-0.02321536353121134,150.5820770263672,-0.10297480683850724,11.634628295898438,0.012123238330007391,59.705711364746094,0.00232021548777972,54.34537124633789,52.16774193548387,0.21,102.28604516129032,98.07806774193548,2.303225806451613,5.142857142857142,1308.762934065934
2022-05-25,9.581092834472656,41193100,0.09284045474923408,0.044846645161341625,-0.05271465576483125,0.26584421804838776,1.1106451612903225,294.1307741935484,3.6,28.37,118.9598,2.75,51.89677419354839,112.88,68.30514526367188,375.0545349121094,0.028225255827665885,0.008835052774315733,82.64516129032258,0.026682774934871256,93.5,0.015476341147283357,152.91253662109375,0.03571429742408716,12.050150871276855,0.08969622963788626,65.06108856201172,0.0007715680541344749,54.38730239868164,51.89677419354839,0.19,102.63136451612903,98.06059677419354,2.2903225806451615,5.121428571428571,1309.075725274725
2022-05-26,9.89016056060791,45709200,0.028963457702723572,-0.028201302048052268,-0.09984750137046272,0.1862568022922526,1.1248387096774193,294.2488064516129,3.6,27.5,118.7687,2.75,51.6258064516129,116.19,71.65509033203125,382.54864501953125,0.04904381734974583,0.01998138779785208,82.83870967741936,0.08823529411764697,101.75,0.021167064952606784,156.1492462158203,0.0845648438577693,13.069169998168945,0.024856564271179327,66.67828369140625,0.010023142522377126,54.93243408203125,51.6258064516129,0.13,102.97668387096773,98.04312580645161,2.27741935483871,5.1,1309.3885164835165
2022-05-27,10.274608612060547,54195700,-0.012472214765798406,-0.13352877208106995,-0.15480538362465368,0.15372627511345205,1.139032258064516,294.36683870967744,3.6,25.72,118.2834,2.74,51.354838709677416,114.96,74.11331176757812,391.9398193359375,0.03430630572309812,0.02454896766377712,83.03225806451613,0.025552810556472627,104.3499984741211,0.028190932102018618,160.55123901367188,0.057532177789025196,13.821067810058594,0.023643836782591965,68.25481414794922,0.01603053233675511,55.81303024291992,51.354838709677416,0.11,103.32200322580644,98.02565483870967,2.264516129032258,5.098571428571428,1309.7013076923076
2022-05-31,10.312302589416504,79689900,0.004385829843858824,-0.10818734785424489,-0.18640373327754978,0.14064970208262406,1.1958064516129032,294.8389677419355,3.6,26.19,118.0704,2.85,50.270967741935486,114.38,74.4892807006836,389.74078369140625,0.005072893440311033,-0.005610646165671751,83.80645161290323,0.018112117079878587,106.23999786376953,-0.0017357154411290487,160.27256774902344,-0.006442462414886663,13.732026100158691,-0.022978786190260836,66.6864013671875,-0.015777608867606263,54.93243408203125,50.270967741935486,0.21,104.70328064516129,97.95577096774193,2.2129032258064516,5.0928571428571425,1310.9524725274725
2022-06-01,10.21430492401123,50726200,-0.001476031641920672,-0.09446481131789208,-0.16457580079314882,0.13594065622673135,1.21,294.957,3.6,25.69,118.6954,2.94,50.0,115.26,73.7132568359375,386.5882873535156,-0.010417926679468836,-0.008088700156119066,84.0,0.012048181523292234,107.5199966430664,0.0029556468277660564,160.74627685546875,-0.02953877655874093,13.326398849487305,-0.024128561491501888,65.07735443115234,0.006870317428748329,55.309837341308594,50.0,0.29,105.0486,97.9383,2.2,5.091428571428572,1311.2652637362637
2022-06-02,10.470605850219727,42979700,-0.043916574811375564,-0.19006494629038517,-0.19366456251105502,0.10449916961359573,1.2256666666666667,294.95553333333334,3.5966666666666667,24.72,118.0658,2.92,50.05,116.88,75.96903991699219,393.9502868652344,0.03060213559787961,0.0190435141274381,84.06666666666666,0.03134303247580461,110.88999938964844,0.025596535173201485,164.86082458496094,0.043801009064000196,13.91010856628418,0.014735365428035552,66.03629302978516,0.019711925022873666,56.40010070800781,50.05,0.26,105.41494333333333,97.94107,2.236666666666667,5.09,1311.5780549450549
2022-06-03,10.176613807678223,43625200,-0.05555567529910399,-0.16814814946706258,-0.18074083917340844,0.13416261884013547,1.2413333333333334,294.9540666666667,3.5933333333333333,24.79,118.2153,2.96,50.1,118.97,73.74699401855469,387.4849548339844,-0.02924936133016065,-0.016411542894653852,84.13333333333334,-0.041572735465105426,106.27999877929688,-0.001014038922767857,164.6936492919922,-0.039118098787273015,13.365971565246582,-0.01070647607205999,65.32927703857422,-0.004461158740632687,56.14849090576172,50.1,0.22,105.78128666666666,97.94384,2.2733333333333334,5.11,1311.890846153846
2022-06-06,10.146461486816406,37711100,-0.12258546961953265,-0.14858850213960717,-0.13447258362739933,0.12777836887565175,1.2883333333333333,294.94966666666664,3.5833333333333335,25.07,118.3081,3.04,50.25,118.41,74.48446655273438,388.664794921875,0.010000035174235533,0.0030448668346261254,84.33333333333333,0.03396688607277998,109.88999938964844,0.015170341255084319,167.19210815429688,0.007401872690415479,13.46490478515625,-0.01393229511847649,64.4190902709961,0.007468311344732248,56.56782531738281,50.25,0.28,106.88031666666666,97.95215,2.3833333333333333,5.17,1312.8292197802198
2022-06-07,10.35753059387207,38940300,-0.11208160684186907,-0.16448322007745753,-0.1542939663508417,0.1341985909141048,1.304,294.9482,3.58,24.02,118.4414,2.98,50.3,119.55,74.30130004882812,392.3929138183594,-0.00245912352445421,0.009592118826285079,84.4,-0.002092963225193478,109.66000366210938,0.008943970768913179,168.68746948242188,0.012490849194729092,13.633092880249023,-0.011605856264772396,63.671451568603516,-0.0007412544517751973,56.52589416503906,50.3,0.25,107.24665999999999,97.95492,2.42,5.19,1313.142010989011
2022-06-08,10.199228286743164,39441900,-0.09312623694840028,-0.14560239655918195,-0.16555804547799813,0.1547885646919689,1.3196666666666665,294.9467333333333,3.5766666666666667,23.96,118.3951,3.03,50.35,121.94,73.8626708984375,388.12677001953125,-0.005903384598955563,-0.010872122427784014,84.46666666666667,0.0010030364516122603,109.7699966430664,-0.015582126695891207,166.0589599609375,-0.06168355352872479,12.792155265808105,-0.01569879592637724,62.6718864440918,-0.009643996014556455,55.98075866699219,50.35,0.28,107.61300333333332,97.95769,2.4566666666666666,5.21,1313.454802197802
2022-06-09,10.010772705078125,30468000,-0.1528615261269446,-0.09563262308975007,-0.12951812393875006,0.172725190758247,1.3353333333333333,294.94526666666667,3.5733333333333333,26.09,118.9226,3.04,50.4,121.52,72.52751159667969,378.89599609375,-0.01807623912752465,-0.023782883941029787,84.53333333333333,-0.02323034982550809,107.22000122070312,-0.02707069110636562,161.56362915039062,-0.09280744310211164,11.604948043823242,-0.028397183307942386,60.892181396484375,-0.013483116206996604,55.2259635925293,50.4,0.29,107.97934666666666,97.96046,2.493333333333333,5.23,1313.7675934065933
2022-06-10,9.611245155334473,55644400,-0.11921557599874022,-0.05568647171432051,-0.09725483549959357,0.2309792668692905,1.351,294.9438,3.5700000000000003,27.75,119.9981,3.15,50.45,120.73,69.63549041748047,367.9095458984375,-0.03987481599095166,-0.028995952210046916,84.6,-0.05502706079749298,101.31999969482422,-0.02908898688865391,156.86390686035156,-0.05797100258286236,10.932197570800781,-0.031095842009908226,58.998687744140625,-0.031131254725116908,53.506710052490234,50.45,0.39,108.34568999999999,97.96323,2.5300000000000002,5.308571428571429,1314.0803846153844
2022-06-13,8.902652740478516,80676300,-0.029635972074452677,0.0,-0.03556284512187757,0.26054235258981473,1.398,294.9394,3.56,34.02,121.1523,3.43,50.6,120.92,66.42048645019531,353.9408264160156,-0.046169043227964446,-0.037967809311145184,84.8,-0.06000791402850025,95.23999786376953,-0.04553233375157939,149.72152709960938,-0.1031674291038136,9.804350852966309,-0.031650794586785436,57.13133239746094,-0.03683387608123301,51.535850524902344,50.6,0.69,109.44471999999999,97.97154,2.64,5.5442857142857145,1315.0187582417582
2022-06-14,9.19664192199707,82369300,-0.059016249285260836,-0.055737522681367446,-0.02622939803873703,0.21362389818173666,1.4136666666666666,294.9379333333333,3.5566666666666666,32.69,121.6669,3.49,50.65,118.92,66.36747741699219,352.874267578125,-0.0007980825801821023,-0.003013381781046709,84.86666666666666,-0.003359929672425488,94.91999816894531,-0.0006826230744536588,149.61932373046875,-0.03935419377474503,9.418508529663086,0.016414567330073293,58.06911849975586,-0.016273281038510223,50.69719314575195,50.65,0.89,109.81106333333332,97.97431,2.6766666666666667,5.622857142857143,1315.3315494505493
2022-06-15,9.249412536621094,70393200,-0.05786489999909261,-0.09290986267042467,-0.02526500426035949,0.22563160964053774,1.4293333333333333,294.93646666666666,3.5533333333333332,29.62,121.6403,3.33,50.7,115.32,68.23284149169922,357.9048767089844,0.028106599004611876,0.01425609513945525,84.93333333333334,0.005689011019218704,95.45999908447266,6.200632056541089e-05,149.62860107421875,0.03361343261487271,9.73509693145752,0.016574575835946792,59.03158950805664,0.0008270149695652762,50.73912048339844,50.7,0.63,110.17740666666666,97.97708,2.7133333333333334,5.701428571428572,1315.6443406593405
2022-06-16,8.480510711669922,80380100,0.06755554705896905,0.00622212526117627,0.11911113460167377,0.3214943896289666,1.4449999999999998,294.935,3.5500000000000003,32.95,120.6714,3.28,50.75,117.56,64.89252471923828,346.05975341796875,-0.04895467782720586,-0.03309573035141122,85.0,-0.0974229573806481,86.16000366210938,-0.04835489483033961,142.39332580566406,-0.11077245479006692,8.656716346740723,-0.045707799214166345,56.3333854675293,-0.03223159297722655,49.10371780395508,50.75,0.66,110.54375,97.97985,2.75,5.78,1315.9571318681317
2022-06-17,8.465435028076172,80248800,0.07212786983200425,-0.002671390069138635,0.13357063000780034,0.34273383703675675,1.4606666666666666,294.93353333333334,3.546666666666667,31.13,121.2369,3.25,50.8,109.56,65.60108947753906,346.80584716796875,0.010919050558849897,0.0021559679871205883,85.06666666666666,0.007892208064985251,86.83999633789062,0.010436365027487904,143.87939453125,0.0971430145226102,9.497655868530273,0.02964348842952602,58.00330352783203,0.0008540856703707078,49.14565658569336,50.8,0.67,110.91009333333334,97.98262,2.7866666666666666,5.784285714285715,1316.269923076923
2022-06-21,8.638813972473145,66283400,0.030541086872118317,-0.034904083511831385,0.13438034066081705,0.15362590058147907,1.5233333333333332,294.92766666666665,3.533333333333333,30.19,120.6427,3.31,51.0,110.49,67.47752380371094,355.5360412597656,0.028603706754204872,0.025173145617607195,85.33333333333333,0.04433448026109321,90.69000244140625,0.002840301698538994,144.28805541992188,-0.0031251085699849357,9.467974662780762,-0.0005671737162861179,57.97040557861328,0.017064963244103337,49.98432540893555,51.0,0.7,112.37546666666667,97.9937,2.933333333333333,5.801428571428572,1317.5210879120878
2022-06-22,8.653890609741211,46098900,0.0034843604912444537,0.014808366785089566,0.11672486423689321,0.14809689206681487,1.539,294.9262,3.5300000000000002,28.95,120.5197,3.16,51.05,106.22,67.34707641601562,354.8915710449219,-0.0019331976092480385,-0.0018126719658581036,85.4,0.002977137896107651,90.95999908447266,0.002252946311054327,144.61312866210938,0.005224674606117308,9.517441749572754,-0.008372599807562109,57.485042572021484,-0.005033621456189241,49.732723236083984,51.05,0.62,112.74181,97.99647,2.9699999999999998,5.805714285714285,1317.833879120879
2022-06-23,8.71419620513916,53655000,-0.037197385673560235,0.005190371061134069,0.1107264932617762,0.11568868367343921,1.5546666666666666,294.92473333333334,3.526666666666667,29.05,120.7622,3.09,51.1,105.75,68.40510559082031,358.370361328125,0.015710098063782985,0.009802403232515244,85.46666666666667,0.012972738753877389,92.13999938964844,-0.0013488979954978664,144.41806030273438,0.003118511555537218,9.54712200164795,0.02017789874141296,58.64496994018555,0.006745500449293562,50.06819534301758,51.1,0.59,113.10815333333333,97.99924,3.0066666666666664,5.81,1318.1466703296703
2022-06-24,9.05341625213623,55457600,-0.057452206554273855,-0.05994999576012083,0.044130137430022254,0.035201847217928295,1.5703333333333334,294.9232666666667,3.5233333333333334,27.23,120.4853,3.13,51.15,109.07,71.01395416259766,369.76434326171875,0.03813821423480768,0.03179387349826457,85.53333333333333,0.05372256328447844,97.08999633789062,0.06341273180368656,153.5760040283203,0.12435236731864707,10.734329223632812,0.04769242407694785,61.441890716552734,0.03936319764066898,52.039039611816406,51.15,0.57,113.47449666666667,98.00201,3.043333333333333,5.794285714285714,1318.4594615384615
2022-06-27,9.076028823852539,44009900,-0.06976710708291123,-0.03986684327868739,0.09551518108931623,0.005779399313180056,1.6173333333333333,294.9188666666667,3.513333333333333,26.95,120.1736,3.2,51.3,111.44,70.26996612548828,368.3519287109375,-0.010476645694251774,-0.003819769473503709,85.73333333333333,0.004222923860069949,97.5,0.009676239575381773,155.06204223632812,-0.02764975443683948,10.437527656555176,-0.034141172857898305,59.34419250488281,-0.003222980207337467,51.87131881713867,51.3,0.65,114.57352666666667,98.01032,3.1533333333333333,5.747142857142857,1319.397835164835
2022-06-28,8.902652740478516,45866900,-0.0635056391420431,-0.025402277081314928,0.1854360977934053,0.018525227560302504,1.633,294.9174,3.5100000000000002,28.36,120.62,3.2,51.35,113.66,67.46304321289062,360.825439453125,-0.039944845107581894,-0.020432875929689676,85.8,-0.019384609124599383,95.61000061035156,-0.01695114398080877,152.43356323242188,-0.020853135823603708,10.21987247467041,-0.04560581006643816,56.637752532958984,-0.0032336220206938826,51.70358657836914,51.35,0.72,114.93987,98.01309,3.19,5.731428571428571,1319.7106263736262
2022-06-29,8.684043884277344,39474200,0.011284686378471909,-0.01128446674017225,0.2751734044375722,0.06783649685697601,1.6486666666666665,294.9159333333333,3.506666666666667,28.16,120.9616,3.1,51.4,111.65,67.4098892211914,360.5315856933594,-0.0007878979240749651,-0.0008143931320668818,85.86666666666666,-0.02970404716196262,92.7699966430664,-0.0007310393732220533,152.32212829589844,-0.1413359240253621,8.775437355041504,-0.024691244107409305,55.239295959472656,0.017842469834072228,52.62610626220703,51.4,0.74,115.30621333333333,98.01586,3.2266666666666666,5.715714285714286,1320.0234175824176
2022-06-30,8.390050888061523,59238200,0.0440253859970543,0.06738560467472632,0.37825744867410527,0.0408263338912882,1.6643333333333332,294.91446666666667,3.5033333333333334,28.71,120.9652,2.98,51.45,107.76,66.41948699951172,357.6025695800781,-0.014692239271153373,-0.008124159517530982,85.93333333333334,-0.03988355160211943,89.06999969482422,-0.012987921062113883,150.34378051757812,-0.024802664460410795,8.557783126831055,-0.02918846874967629,53.62694549560547,-0.009561659361690067,52.1229133605957,51.45,0.65,115.67255666666667,98.01863,3.263333333333333,5.7,1320.3362087912087
2022-07-01,8.53327751159668,54356000,-0.002650039842240326,0.05653731256544914,0.33922275779829425,-0.0007329184077855544,1.68,294.913,3.5,26.7,121.5058,2.88,51.5,110.3,67.64176940917969,361.384765625,0.01840246687959146,0.010576534864845,86.0,0.026720526120718846,91.44999694824219,0.015877003084361796,152.7307891845703,0.019653231754080958,8.725971221923828,0.024236835699462445,54.926692962646484,0.00804510693253202,52.5422477722168,51.5,0.54,116.0389,98.0214,3.3,5.642857142857143,1320.649
2022-07-05,8.44282054901123,87269800,0.03214277202181104,0.12410703383362298,0.4008926301197828,0.034320918736704176,1.7638709677419355,294.9367419354839,3.5129032258064514,27.54,122.6203,2.82,52.36451612903226,101.55,69.1539535522461,362.0671691894531,0.02235577449074211,0.001888301968880457,85.48387096774194,-0.00896664540391745,90.62999725341797,-0.008088025564059298,151.49549865722656,0.06349201144850114,9.280000686645508,0.04807571904219432,57.56733322143555,-0.007182853328115635,52.16484451293945,52.36451612903226,0.52,115.8746935483871,98.01888387096774,3.2870967741935484,5.414285714285715,1321.8197391304348
2022-07-06,8.337284088134766,71282900,0.04068723064794577,0.1509945465002478,0.38969256976100963,0.1286863969977612,1.7848387096774194,294.9426774193548,3.5161290322580645,26.73,123.0073,2.93,52.58064516129032,100.31,68.92689514160156,363.2900695800781,-0.0032833756998865704,0.0033775511692006877,85.35483870967742,-0.034094631264860675,87.54000091552734,0.016062593714662565,153.9289093017578,-0.0682302539589299,8.64682388305664,-0.020863325132160493,56.36628723144531,0.016881027234160406,53.045440673828125,52.58064516129032,0.64,115.83364193548387,98.01825483870968,3.2838709677419353,5.357142857142857,1322.1124239130434
2022-07-07,8.7820405960083,63000400,-0.022317309282578912,0.11587968990416275,0.3133045639653296,0.0845293391410693,1.805806451612903,294.9486129032258,3.5193548387096776,26.08,122.7257,3.01,52.79677419354839,104.62,70.70478057861328,368.7311096191406,0.025793783883044208,0.014977122951232102,85.2258064516129,0.05894443658612758,92.69999694824219,0.008628468702805314,155.257080078125,0.06750567892803372,9.230533599853516,0.034588392973402105,58.3159065246582,0.000790404172609227,53.08736801147461,52.79677419354839,0.68,115.79259032258065,98.01762580645162,3.2806451612903227,5.3,1322.405108695652
2022-07-08,8.75942611694336,55235600,0.02237514431257126,0.10327031557365096,0.3580033977417778,0.07429174155387686,1.826774193548387,294.9545483870968,3.52258064516129,24.64,122.4662,3.09,53.012903225806454,106.78,70.71443176269531,368.42779541015625,0.0001364997388160205,-0.0008225891471367319,85.09677419354838,-0.0025889738044277966,92.45999908447266,-0.01322073237275001,153.2044677734375,-0.03429795237400557,8.913945198059082,0.003949914846866687,58.54624938964844,-0.017377457822654874,52.16484451293945,53.012903225806454,0.72,115.75153870967742,98.01699677419354,3.2774193548387096,5.33,1322.6977934782608
2022-07-11,8.510663986206055,48833600,0.059344618009838035,0.13728947685127801,0.34543837469820415,0.09137963608117272,1.8896774193548387,294.9723548387097,3.532258064516129,26.17,123.2974,2.99,53.66129032258065,106.09,68.77711486816406,364.2190856933594,-0.02739634394620505,-0.011423431590202093,84.70967741935483,-0.05353663202743286,87.51000213623047,-0.007275003167201977,152.08990478515625,-0.05771359188971714,8.399489402770996,-0.017704000665122566,57.50974655151367,0.012861707177363568,52.83577346801758,53.66129032258065,0.67,115.62838387096774,98.01510967741936,3.267741935483871,5.42,1323.5758478260868
2022-07-12,8.71419620513916,58414500,0.08910033021077868,0.08477529459106803,0.35420312586696334,-0.00750019398091184,1.9106451612903226,294.9782903225806,3.535483870967742,27.29,123.4524,2.96,53.87741935483871,97.69,68.36164855957031,360.9960632324219,-0.006040763841143049,-0.008849131161816737,84.58064516129032,0.027425453860036697,89.91000366210938,0.013923741522833932,154.2075653076172,0.07538277307427532,9.032666206359863,0.007295118313513038,57.92928695678711,-0.011111014043381995,52.248714447021484,53.87741935483871,0.64,115.58733225806452,98.0144806451613,3.264516129032258,5.45,1323.8685326086957
2022-07-13,8.676505088806152,48274300,0.10599468563059355,0.1459599526268207,0.3890423967970895,0.014360997914371065,1.9316129032258065,294.9842258064516,3.5387096774193547,26.82,123.2834,2.91,54.093548387096774,98.44,68.92205047607422,359.1002502441406,0.008197606820665948,-0.005251616794116232,84.45161290322581,-0.002891804311426549,89.6500015258789,-0.017948581195187496,151.43975830078125,-0.014238810858373419,8.904051780700684,0.012354424178089962,58.64496994018555,-0.006420676766578648,51.91324234008789,54.093548387096774,0.6,115.54628064516129,98.01385161290322,3.261290322580645,5.4799999999999995,1324.1612173913043
2022-07-14,8.58604907989502,48176300,0.14135158625477273,0.22914810135369668,0.43471172509545286,0.023273918778202063,1.9525806451612904,294.9901612903226,3.541935483870968,26.4,124.0622,2.96,54.30967741935484,97.79,68.86406707763672,358.2281188964844,-0.0008412895152855038,-0.002428657031186443,84.3225806451613,-0.023089789844863318,87.58000183105469,0.0060103240825266635,152.34996032714844,-0.032222201396122196,8.617143630981445,-0.0021040201381253842,58.52157974243164,0.0008078628852257186,51.95518112182617,54.30967741935484,0.62,115.50522903225806,98.01322258064516,3.258064516129032,5.51,1324.4539021739129
2022-07-15,8.955419540405273,49306900,0.07912474370205103,0.23653188488119503,0.3874382643280323,0.0006218027316724495,1.9735483870967743,294.9960967741935,3.545161290322581,24.23,123.4765,2.93,54.5258064516129,99.59,69.97525787353516,365.0721130371094,0.016136003042714453,0.01910512821189969,84.19354838709677,0.04441652555742581,91.47000122070312,0.018167728939735728,155.11781311035156,0.05396099706387858,9.082133293151855,0.018695357908611543,59.61566162109375,0.007263942429440062,52.33258056640625,54.5258064516129,0.57,115.46417741935484,98.0125935483871,3.2548387096774194,5.514285714285714,1324.7465869565217
2022-07-18,9.015726089477539,45873400,0.07357837809935064,0.2826088566201881,0.387446721771874,-0.014516049527411257,2.036451612903226,295.0139032258065,3.554838709677419,25.3,122.7727,2.96,55.174193548387095,104.48,70.17817687988281,362.05780029296875,0.0028998679320966225,-0.008256759792096835,83.80645161290323,-0.007106171610411938,90.81999969482422,-0.010478761093198674,153.49237060546875,0.05119818147204547,9.54712200164795,0.012004757136728994,60.33133316040039,-0.012019166286649341,51.70358657836914,55.174193548387095,0.59,115.34102258064516,98.0107064516129,3.2451612903225806,5.527142857142857,1325.6246413043477
2022-07-19,9.490633964538574,62650800,-0.003971200356604143,0.2041302493425463,0.2859313494816087,-0.050994051137846386,2.05741935483871,295.0198387096774,3.5580645161290323,24.5,122.4819,3.01,55.39032258064516,106.12,72.32805633544922,371.84033203125,0.030634586863750313,0.027019254191914754,83.6774193548387,0.06925788302866298,97.11000061035156,0.03866659986265408,159.42739868164062,0.07357522807928141,10.249553680419922,0.03586058661324398,62.494850158691406,0.024330768121229696,52.96157455444336,55.39032258064516,0.62,115.29997096774194,98.01007741935484,3.241935483870968,5.531428571428571,1325.9173260869563
2022-07-20,9.596168518066406,51932200,0.03613513474835606,0.23252161133544647,0.2813096035980598,-0.045562987909736896,2.0783870967741938,295.0257741935484,3.5612903225806454,23.88,122.5997,3.04,55.60645161290323,104.45,73.51653289794922,374.2101135253906,0.016431750315368365,0.0063731157972972685,83.54838709677419,0.013180916190421943,98.38999938964844,0.009729108287582333,160.97848510742188,0.07046331794857852,10.971771240234375,0.02830067174724471,64.26349639892578,-0.011876421600542031,52.33258056640625,55.60645161290323,0.66,115.25891935483871,98.00944838709678,3.238709677419355,5.535714285714286,1326.2100108695652
2022-07-21,9.799700736999512,66949200,0.07692328652822855,0.18230771124701484,0.23372147441383984,-0.05761711745860221,2.0993548387096777,295.03170967741937,3.564516129032258,23.11,122.9032,2.91,55.822580645161295,98.44,75.19779968261719,378.0207214355469,0.02286923387698092,0.010183070345846534,83.41935483870968,0.020530585272810375,100.41000366210938,0.01563580876608528,163.49551391601562,-0.11181247444530673,9.744990348815918,0.001023964326863691,64.32929992675781,0.012820555808900513,53.00351333618164,55.822580645161295,0.58,115.21786774193548,98.0088193548387,3.235483870967742,5.54,1326.5026956521738
2022-07-22,9.66401481628418,46724700,0.14586556567977715,0.1934474661847776,0.18801841899119487,-0.07274686400115893,2.1203225806451615,295.0376451612903,3.567741935483871,23.03,122.451,2.77,56.038709677419355,97.71,74.76300048828125,374.513427734375,-0.005782073360804052,-0.00927804615538752,83.29032258064517,-0.027686548225278718,97.62999725341797,-0.004147238008735954,162.8174591064453,-0.059898439701153716,9.161280632019043,-0.01790270607476252,63.17763137817383,-0.0031646933874015515,52.83577346801758,56.038709677419355,0.43,115.17681612903226,98.00819032258065,3.232258064516129,5.505714285714285,1326.7953804347826
2022-07-25,9.679088592529297,36830500,0.19470444150608035,0.22897216151719446,0.20504618070677072,-0.04115433046350181,2.183225806451613,295.0554516129032,3.57741935483871,23.36,122.4594,2.81,56.68709677419355,99.83,74.12044525146484,374.9684143066406,-0.008594561917256383,0.0012148738565078698,82.90322580645162,0.002458317114780728,97.87000274658203,-0.0029663353921430824,162.33448791503906,-0.008639331338739287,9.082133293151855,-0.012499972074016541,62.38791275024414,0.011111158441656777,53.4228401184082,56.68709677419355,0.45,115.05366129032258,98.00630322580646,3.2225806451612904,5.402857142857143,1327.6734347826086
2022-07-26,9.4529447555542,49272300,0.20893115718506938,0.21132347827122144,0.2499829754066003,0.005140771444606562,2.2041935483870967,295.0613870967742,3.5806451612903225,24.69,122.7581,2.81,56.903225806451616,97.74,71.73381042480469,370.5321960449219,-0.03219941297658335,-0.011830911864728177,82.7741935483871,-0.016654795515160248,96.23999786376953,-0.017278716781938597,159.52955627441406,-0.07407405851769766,8.409382820129395,-0.05050115205999628,59.23725128173828,0.012558983816389535,54.09377670288086,56.903225806451616,0.45,115.01260967741935,98.00567419354839,3.2193548387096773,5.368571428571428,1327.9661195652172
2022-07-27,9.942927360534668,64572300,0.1895375130144452,0.18685285655983197,0.21977869568282493,-0.01759202909289015,2.2251612903225806,295.06732258064517,3.5838709677419356,23.24,122.8169,2.78,57.11935483870968,100.03,74.44896697998047,380.1535339355469,0.037850443732136085,0.02596626688132253,82.64516129032258,0.042082326908305934,100.29000091552734,0.07236835372100558,171.07444763183594,0.04117646458438928,8.755651473999023,0.03443960823482217,61.27735900878906,-0.0015503838795618563,54.009910583496094,57.11935483870968,0.36,114.97155806451613,98.00504516129033,3.2161290322580647,5.3342857142857145,1328.258804347826
2022-07-28,10.553525924682617,144096500,0.09785694676407575,0.14199117057078636,0.11169199038439115,-0.07515298422020111,2.2461290322580645,295.0732580645161,3.5870967741935487,22.33,122.1161,2.68,57.33548387096774,99.11,75.7292251586914,384.9216003417969,0.017196453230240216,0.012542475554254251,82.51612903225806,0.03260541044187115,103.55999755859375,0.02687437536430104,175.67196655273438,0.028248661415367415,9.002986907958984,0.04698604761654557,64.15653991699219,0.012422118528582438,54.68082809448242,57.33548387096774,0.2,114.9305064516129,98.00441612903226,3.2129032258064516,5.3,1328.5514891304347
2022-07-29,11.073661804199219,94551600,0.04152485416277685,0.11241480054042619,0.07047570458997132,-0.10621805343219559,2.2670967741935484,295.0791935483871,3.5903225806451613,21.33,121.7678,2.67,57.55161290322581,101.31,78.66661071777344,390.53326416015625,0.03878800493371881,0.014578718921921752,82.38709677419355,0.012842814430370941,104.88999938964844,0.006979078486121226,176.8979949951172,-0.004395615570495726,8.96341323852539,-0.012822260006569053,63.33390808105469,-0.006901651157078192,54.30344009399414,57.55161290322581,0.14,114.88945483870968,98.0037870967742,3.209677419354839,5.255714285714285,1328.8441739130435
2022-08-01,11.563650131225586,109521700,0.028683010475724968,0.07449564821383525,0.01721556281270198,-0.12697216727313632,2.33,295.097,3.6,22.84,121.4109,2.6,58.2,96.59,79.05794525146484,389.3768310546875,0.004974595067980925,-0.0029611641608958683,82.0,0.014205337710361254,106.37999725341797,-0.00015759255845693154,176.8701171875,-0.01545268448592485,8.824904441833496,-0.0001295579898189514,63.32570266723633,0.006949614975313878,54.68082809448242,58.2,0.09,114.7663,98.0019,3.2,5.122857142857143,1329.7222282608695
2022-08-02,11.427959442138672,74626800,0.0019788728844760684,0.09458207920431838,0.015303239132764102,-0.10927796216733521,2.3374193548387097,295.13738709677415,3.596774193548387,23.93,121.9486,2.75,58.21290322580646,97.14,78.51683044433594,386.8079833984375,-0.006844534162983251,-0.006597330532717827,81.80645161290323,0.019364591475603765,108.44000244140625,0.0002101565303811448,176.90728759765625,0.048206408263696376,9.250321388244629,-0.030787171892236898,61.37608337402344,-0.022239041300448847,53.464778900146484,58.21290322580646,0.27,114.32205483870968,98.00163225806452,3.206451612903226,5.078571428571428,1330.0149130434781
2022-08-03,11.827485084533691,95846000,-0.0022568909557211247,0.03185957574481635,-0.02221179022734765,-0.1374351446220401,2.3448387096774193,295.1777741935484,3.5935483870967744,21.95,122.3888,2.73,58.225806451612904,93.25,80.42999267578125,392.8651428222656,0.02436626925231833,0.015659344387390473,81.61290322580645,0.011988153754106667,109.73999786376953,0.013912699516189564,179.36854553222656,0.0470587386265402,9.685629844665527,0.014475145456267713,62.26451110839844,-0.0023528998775710352,53.33898162841797,58.225806451612904,0.23,113.87780967741935,98.00136451612904,3.2129032258064516,5.034285714285715,1330.307597826087
2022-08-04,11.586261749267578,85039800,0.04020034116174753,0.06122778390718775,-0.0038258053534276915,-0.14181835721498492,2.3522580645161293,295.21816129032254,3.5903225806451613,21.44,121.8333,2.68,58.23870967741936,91.29,80.75851440429688,392.5997619628906,0.004084567430459929,-0.0006755011591726978,81.41935483870968,-0.09722980113587187,99.06999969482422,0.002123079035417641,179.74935913085938,-0.004085812700697966,9.646056175231934,0.007927023376898434,62.75808334350586,-0.010220136693782966,52.79384994506836,58.23870967741936,0.22,113.43356451612904,98.00109677419356,3.2193548387096778,4.99,1330.6002826086956
2022-08-05,11.533493995666504,68093500,0.06806361470330313,0.04826007163207091,-0.007849677663949395,-0.12468949857963763,2.359677419354839,295.25854838709677,3.5870967741935487,21.15,122.321,2.83,58.25161290322581,91.77,79.38163757324219,391.93621826171875,-0.017049308561592702,-0.0016901276196764625,81.2258064516129,-0.006661916167839954,98.41000366210938,-0.001240062227218952,179.52645874023438,0.00717950634442821,9.715310096740723,0.0011796989421428705,62.83211898803711,-0.0254171528623931,51.45198059082031,58.25161290322581,0.37,112.98931935483871,98.00082903225807,3.2258064516129035,5.022857142857143,1330.8929673913042
2022-08-08,11.895330429077148,75988100,0.04453523317831776,-0.034829030466863364,-0.012427887147745564,-0.1353143285766123,2.3819354838709677,295.3797096774193,3.57741935483871,21.29,121.8783,2.77,58.29032258064517,93.52,79.7391357421875,391.4811706542969,0.004503537340300623,-0.0011610246418155556,80.64516129032258,0.0413575809711233,102.4800033569336,0.01971144995268337,183.065185546875,0.019348221957250278,9.903284072875977,0.028279838405086632,64.60900115966797,0.009780003125781311,51.95518112182617,58.29032258064517,0.29,111.65658387096774,98.00002580645162,3.2451612903225806,5.121428571428571,1331.7710217391304
2022-08-09,11.450573921203613,67676800,0.09242031825806674,0.018616955046379058,0.02859055583266712,-0.08909561809031996,2.3893548387096777,295.42009677419355,3.574193548387097,21.77,121.8614,2.8,58.303225806451614,93.18,78.4685287475586,389.9266357421875,-0.015934546854596388,-0.003970905955735349,80.45161290322581,-0.029761933566051724,99.43000030517578,-0.01735156734481591,179.8887176513672,-0.05394591050798958,9.36904239654541,-0.028011446276175578,62.79920959472656,0.000807137346758191,51.99711608886719,58.303225806451614,0.33,111.21233870967743,97.99975806451613,3.2516129032258068,5.154285714285714,1332.063706521739
2022-08-10,11.80079174041748,71607000,0.034193638012911975,0.0012904448972028693,-0.005161213887766691,-0.1148389283456388,2.3967741935483873,295.4604838709677,3.5709677419354837,19.74,120.7543,2.78,58.31612903225807,94.68,80.68123626708984,398.1166076660156,0.02819866199670651,0.021003879122643898,80.25806451612904,0.05933824306316304,105.33000183105469,0.018742089679296692,183.2602081298828,0.09186898860390302,10.229766845703125,0.028425562292239137,64.58431243896484,0.02499997799091047,53.29704284667969,58.31612903225807,0.35,110.7680935483871,97.99949032258066,3.2580645161290325,5.187142857142857,1332.3563913043479
2022-08-11,12.052033424377441,61567000,0.020214800854569503,0.006317402221156065,-0.018319722621761514,-0.15919131934050423,2.404193548387097,295.50087096774195,3.567741935483871,20.2,120.7163,2.87,58.329032258064515,97.02,80.27055358886719,398.1166076660156,-0.005090188217532043,0.0,80.06451612903226,0.031330061378488816,108.62999725341797,0.00734895618627629,184.6069793701172,0.019342317032060574,10.427634239196777,0.024328086948971706,66.15552520751953,-0.0062943134237555265,52.96157455444336,58.329032258064515,0.4,110.32384838709677,97.99922258064517,3.264516129032258,5.22,1332.6490760869565
2022-08-12,12.31850528717041,53182500,-0.018541538910801236,-0.04758978729320973,-0.08899898419813002,-0.12360964006116337,2.4116129032258065,295.5412580645161,3.564516129032258,19.53,121.018,2.84,58.34193548387097,94.86,82.08711242675781,404.8563537597656,0.022630451101592675,0.016929075461740162,79.87096774193549,0.025775597188185673,111.43000030517578,0.018665686702616924,188.05279541015625,0.017077844155846567,10.60571575164795,-0.001492076529294839,66.05681610107422,0.014251893192516407,53.71637725830078,58.34193548387097,0.37,109.87960322580645,97.99895483870968,3.270967741935484,5.207142857142857,1332.941760869565
2022-08-15,12.425091743469238,51779600,-0.07598045630657291,-0.045955863587740065,-0.10171573377539489,-0.11151951011359351,2.4338709677419357,295.6624193548387,3.554838709677419,19.95,121.4315,2.79,58.380645161290325,92.24,82.65235137939453,406.5246887207031,0.006885842806823694,0.004120807158994211,79.29032258064517,-0.023691998406337733,108.79000091552734,-0.006371352428728216,186.85464477539062,-0.000932838253454138,10.59582233428955,0.012826917006643068,66.90412139892578,0.017174112905894656,54.63890838623047,58.380645161290325,0.35,108.54686774193549,97.99815161290323,3.2903225806451615,5.168571428571428,1333.8198152173914
2022-08-16,12.50883960723877,54028900,-0.06755949333620204,-0.05964699798398487,-0.09373109485487285,-0.1353031063466852,2.4412903225806453,295.7028064516129,3.5516129032258066,19.69,121.6807,2.82,58.39354838709678,89.23,83.56546020507812,407.3209533691406,0.011047584375333708,0.0019587116613835054,79.09677419354838,-0.006618266519385241,108.06999969482422,0.014613693975667807,189.5852813720703,0.044817864142333574,11.070704460144043,0.044509814229415356,69.88201141357422,0.019953764722030476,55.72916030883789,58.39354838709678,0.38,108.10262258064516,97.99788387096774,3.296774193548387,5.155714285714286,1334.1125
2022-08-17,12.204303741455078,57118300,-0.03181531185874342,-0.049282574075144914,-0.08172169719171629,-0.09859781169855142,2.448709677419355,295.74319354838707,3.5483870967741935,19.9,122.0711,2.89,58.406451612903226,90.85,82.66683959960938,404.4297790527344,-0.010753493168869532,-0.0070980250156345015,78.90322580645162,-0.018228937043269666,106.0999984741211,-0.015530001180716346,186.64102172851562,-0.056300160012404676,10.44742202758789,-0.03166544299271523,67.6691665649414,-0.021068425665845103,54.55503463745117,58.406451612903226,0.43,107.65837741935484,97.99761612903227,3.303225806451613,5.142857142857142,1334.4051847826086
2022-08-18,12.295662879943848,39414200,-0.0136220319699073,-0.0594427010695856,-0.07554182572985502,-0.13032212908509522,2.4561290322580644,295.7835806451613,3.545161290322581,19.56,122.3627,2.88,58.41935483870968,93.2,82.64270782470703,405.60516357421875,-0.0002919160212150329,0.0029062759034148566,78.70967741935483,0.0061263104168418625,106.75,-0.007215592003274152,185.29429626464844,-0.010416784574158289,10.338593482971191,0.001944860005594462,67.80077362060547,-0.0222903901924828,53.33898162841797,58.41935483870968,0.36,107.21413225806451,97.99734838709678,3.3096774193548386,5.13,1334.6978695652174
2022-08-19,12.09010124206543,48597200,-0.029597022731019607,-0.04534008971878278,-0.17569263073866148,-0.1148993601995364,2.463548387096774,295.82396774193546,3.541935483870968,20.6,123.0501,2.98,58.432258064516134,93.55,80.93727111816406,400.1545715332031,-0.02063626363938076,-0.013438172218974365,78.51612903225806,-0.02791572231319528,103.7699966430664,-0.012280779913643958,183.01873779296875,-0.05550235632957379,9.764777183532715,-0.03506431967563517,65.42338562011719,-0.018868021684829595,52.33258056640625,58.432258064516134,0.43,106.7698870967742,97.99708064516129,3.3161290322580643,5.1899999999999995,1334.990554347826
2022-08-22,11.481027603149414,71321800,0.03249346068895975,-0.0033157151958720377,-0.13461536225166604,-0.06258376091165763,2.4858064516129033,295.945129032258,3.532258064516129,23.8,123.605,3.03,58.47096774193549,93.42,78.69076538085938,391.8223571777344,-0.027756133932720695,-0.020822489478362405,77.93548387096774,-0.0737206721013759,96.12000274658203,-0.01360069219453619,180.52955627441406,-0.04863215175614366,9.289895057678223,-0.026530715295106533,63.68765640258789,0.0,52.33258056640625,58.47096774193549,0.46,105.43715161290322,97.99627741935484,3.335483870967742,5.37,1335.868608695652
2022-08-23,11.663748741149902,51289000,0.008485791099453133,0.0071801841438907665,-0.16644894286146228,-0.07990726658412317,2.493225806451613,295.98551612903225,3.5290322580645164,24.11,123.0547,3.05,58.483870967741936,96.46,78.91300201416016,390.8745422363281,0.002824176791586197,-0.002418991474180565,77.74193548387096,-0.0009363708355528688,96.02999877929688,-0.004527357149769817,179.7122344970703,0.015974379234672265,9.438295364379883,0.018341468638818137,64.85578155517578,0.008012656035511379,52.75190353393555,58.483870967741936,0.47,104.9929064516129,97.99600967741935,3.3419354838709676,5.43,1336.1612934782609
2022-08-24,11.816020011901855,39508700,-0.018041250218422178,-0.0032217123574302953,-0.20682994625905826,-0.08395160772865529,2.5006451612903224,296.0259032258064,3.5258064516129033,22.82,123.109,3.11,58.49677419354839,95.52,79.25117492675781,392.1257629394531,0.004285389022926411,0.0032010800600272837,77.54838709677419,0.015307729244916413,97.5,0.0011887799751748584,179.92587280273438,0.05345905785422911,9.94285774230957,-0.01534789113983348,63.860382080078125,0.007154305986978526,53.12930679321289,58.49677419354839,0.49,104.54866129032257,97.99574193548388,3.3483870967741933,5.49,1336.4539782608695
2022-08-25,12.12817096710205,56401300,-0.04645345961162062,-0.032015184973487654,-0.24733227760684273,-0.11006573796390418,2.5080645161290325,296.06629032258064,3.52258064516129,21.78,123.0586,3.03,58.50967741935484,93.33,80.1980972290039,397.66162109375,0.011948369259146219,0.014117557879387954,77.35483870967742,0.024205134465144162,99.86000061035156,0.010220816101465857,181.76486206054688,0.04875625393133709,10.427634239196777,0.007214190923440222,64.32108306884766,0.019731712639047494,54.17763900756836,58.50967741935484,0.43,104.10441612903226,97.99547419354839,3.3548387096774195,5.55,1336.7466630434783
2022-08-26,11.732270240783691,54517300,-0.01622322618183758,0.008435986573758436,-0.227125166545726,-0.076756821170757,2.515483870967742,296.1066774193548,3.5193548387096776,25.56,123.0656,3.04,58.52258064516129,93.63,77.14478302001953,384.2012023925781,-0.038072152762748224,-0.03384892578808485,77.16129032258064,-0.053174419448614674,94.55000305175781,-0.03536022320754739,175.33761596679688,-0.05407965691396521,9.8637113571167,-0.05166912138776725,60.9976692199707,-0.03869974130324838,52.08097839355469,58.52258064516129,0.47,103.66017096774193,97.9952064516129,3.361290322580645,5.565714285714286,1337.039347826087
2022-08-29,11.854085922241211,50416500,-0.034682230201184105,-0.05330778742565312,-0.21772635521898387,-0.1089583914927783,2.537741935483871,296.2278387096774,3.509677419354839,26.21,123.4686,3.12,58.561290322580646,97.4,76.73412322998047,381.6607360839844,-0.005323234753703221,-0.006612333050425745,76.58064516129032,0.0008460518146822249,94.62999725341797,-0.014778878569055243,172.74632263183594,-0.014042163036091293,9.725203514099121,-0.00606891495170192,60.627479553222656,-0.012882418414035701,51.41004943847656,58.561290322580646,0.54,102.32743548387096,97.99440322580645,3.3806451612903223,5.612857142857143,1337.917402173913
2022-08-30,11.762724876403809,66034400,-0.0012946210715957251,-0.051132748845863274,-0.2576051893808966,-0.1007295945366472,2.545161290322581,296.2682258064516,3.5064516129032257,26.21,123.6848,3.11,58.5741935483871,92.08,75.8790054321289,377.4709167480469,-0.011143905238725216,-0.010977863164356338,76.38709677419355,-0.003275891023895694,94.31999969482422,-0.009893293966144467,171.03729248046875,-0.006103780148593585,9.66584300994873,0.01614672503150727,61.606414794921875,-0.006525196270103728,51.074588775634766,58.5741935483871,0.56,101.88319032258065,97.99413548387096,3.3870967741935485,5.628571428571429,1338.2100869565218
2022-08-31,11.60284423828125,52058200,0.015091813036228086,-0.022966081188420917,-0.265091977422528,-0.07839270308941038,2.5525806451612905,296.3086129032258,3.503225806451613,25.87,123.535,3.15,58.58709677419355,90.09,75.13015747070312,374.5987243652344,-0.009868974391020413,-0.007609042857014692,76.19354838709677,-0.009435956239695287,93.43000030517578,-0.002878107965849197,170.54502868652344,-0.03172977091810447,9.359148025512695,-0.0560823472707197,58.15138244628906,-0.013957385735359651,50.36172103881836,58.58709677419355,0.67,101.43894516129032,97.99386774193549,3.393548387096774,5.644285714285714,1338.5027717391304
2022-09-01,11.564775466918945,65299800,0.015141656989549945,-0.030941209475476406,-0.24489792889088124,-0.06338532010681364,2.56,296.349,3.5,25.56,124.4006,3.26,58.6,87.09,75.81615447998047,375.774169921875,0.009130780932341986,0.003137879229654139,76.0,0.0013913866316317414,93.55999755859375,0.010293071234183548,172.3004608154297,-0.011627835885425597,9.250321388244629,0.01640969622480548,59.105628967285156,-0.0008325239245531302,50.319793701171875,58.6,0.81,100.9947,97.9936,3.4,5.66,1338.7954565217392
2022-09-02,11.541934967041016,64565400,0.025065861902686004,-0.01517153840382679,-0.18469657253699945,-0.07619538816300242,2.5773333333333333,296.4042666666667,3.5033333333333334,25.47,123.7743,3.2,58.64333333333334,87.29,75.1205062866211,371.81182861328125,-0.009175461326557555,-0.010544474915392787,75.9,-0.02404873940479635,91.30999755859375,-0.00016170907899060172,172.27259826660156,0.002138939849984478,9.27010726928711,-0.009881448434916118,58.52157974243164,0.00166666262351578,50.40365982055664,58.64333333333334,0.73,100.66471333333332,98.00178,3.4,5.692857142857143,1339.0881413043478
2022-09-06,11.442959785461426,58676700,-0.01929474190488678,-0.1290750176704979,-0.16766458482184865,-0.10047493864601442,2.6466666666666665,296.62533333333334,3.5166666666666666,26.91,124.767,3.33,58.81666666666667,87.35,74.96591186523438,370.408935546875,-0.0020579523359023355,-0.0037731265076705878,75.5,-0.026284021034435945,88.91000366210938,-0.006496069948982552,171.15350341796875,0.007470568119952059,9.339360237121582,0.0033733607168882074,58.718994140625,-0.014143249796772395,49.69078826904297,58.81666666666667,0.85,99.34476666666666,98.03450000000001,3.4,5.824285714285714,1340.2588804347827
2022-09-07,11.747496604919434,55087200,-0.049902732903815084,-0.1542449214950663,-0.19896302551447897,-0.13034245502751507,2.664,296.68059999999997,3.52,24.64,124.8408,3.27,58.86,82.5,77.26554870605469,377.0633239746094,0.03067576693997065,0.017964978133990783,75.4,0.035766421603876886,92.08999633789062,0.02800668216971891,175.9469451904297,0.04025434827161245,9.715310096740723,0.026057907992499407,60.249088287353516,0.03154310769834989,51.2581901550293,58.86,0.82,99.01478,98.04268,3.4,5.857142857142857,1340.5515652173913
2022-09-08,11.777952194213867,60075900,-0.03749207090028095,-0.17453136733225494,-0.21137688361158524,-0.14434823812448794,2.6813333333333333,296.73586666666665,3.5233333333333334,23.61,124.578,3.29,58.903333333333336,84.04,77.98541259765625,379.5279235839844,0.009316751173801707,0.006536301604186168,75.3,0.014442413768535056,93.41999816894531,0.0020138135415583847,176.30126953125,0.02647664858424381,9.972538948059082,0.01993429503992572,61.450111389160156,0.006611655986104692,51.59709167480469,58.903333333333336,0.88,98.68479333333333,98.05086,3.4,5.89,1340.84425
2022-09-09,11.739885330200195,63328600,-0.045395503324814124,-0.20168613540585412,-0.26329450416655764,-0.14026306071357952,2.6986666666666665,296.79113333333333,3.526666666666667,22.79,123.7874,3.33,58.946666666666665,87.27,79.4637680053711,385.4239807128906,0.018956819723991325,0.015535239339514728,75.2,0.035538426031866965,96.73999786376953,0.010579379751568307,178.1664276123047,0.03174592245455532,10.2891263961792,0.02061553024071716,62.71693801879883,0.009031065510915814,52.06306838989258,58.946666666666665,0.91,98.35480666666666,98.05904,3.4,5.908571428571428,1341.1369347826087
2022-09-12,11.831243515014648,52656500,-0.039253478046596624,-0.22844265634302485,-0.25611299022614775,-0.14300040351579457,2.7506666666666666,296.9569333333333,3.5366666666666666,23.87,123.3332,3.37,59.07666666666667,88.18,80.48796844482422,389.5664367675781,0.01288889848998731,0.010747790127187962,74.9,0.03111434983148542,99.75,0.005234099970752748,179.09896850585938,0.019230913609513234,10.486995697021484,0.02072426950181283,64.0167007446289,0.006509441918355785,52.40196990966797,59.07666666666667,0.95,97.36484666666666,98.08358,3.4,5.9642857142857135,1342.0149891304347
2022-09-13,11.22217082977295,80842500,-0.11194013171586781,-0.19199444154516687,-0.2170962087391508,-0.07729318342297586,2.7680000000000002,297.0122,3.54,27.27,124.4242,3.42,59.12,87.84,76.33795166015625,372.6271057128906,-0.05156070981606242,-0.04348252173683487,74.8,-0.027268182663690466,97.02999877929688,-0.038427492219335946,172.21664428710938,-0.033962350628550464,10.13083267211914,-0.053071180246644034,60.619258880615234,-0.03476157800813606,50.58039474487305,59.12,0.98,97.03486,98.09176000000001,3.4,5.982857142857142,1342.3076739130436
2022-09-14,11.161264419555664,59571800,-0.10982263838117945,-0.16916769898475947,-0.1971350460044462,-0.06467623092504304,2.7853333333333334,297.0674666666667,3.5433333333333334,26.16,124.4509,3.41,59.163333333333334,88.88,77.31871032714844,374.0490417480469,0.01284758951037035,0.0038159758465126092,74.7,0.006286721818260066,97.63999938964844,-0.024259484210628957,168.03875732421875,0.03222645917122069,10.457313537597656,-0.001899883424396509,60.50408935546875,-0.016750372397675406,49.733154296875,59.163333333333334,0.95,96.70487333333332,98.09994,3.4,6.001428571428571,1342.6003586956522
2022-09-15,11.336372375488281,61377000,-0.14237731689146038,-0.22968427485108156,-0.21625251281899427,-0.08523142162797692,2.8026666666666666,297.1227333333333,3.546666666666667,26.27,124.8843,3.45,59.20666666666666,85.72,76.92255401611328,369.80230712890625,-0.005123679758223476,-0.011353416651715853,74.6,-0.009115110561366824,96.75,-0.00460627420184978,167.2647247314453,0.033112673374379176,10.803583145141602,-0.015363553277063735,59.57453155517578,0.0042589509687933624,49.94496536254883,59.20666666666666,1.02,96.37488666666667,98.10812,3.4,6.02,1342.8930434782608
2022-09-16,11.206947326660156,68454800,-0.16372291627096702,-0.2391305975763096,-0.19633171921898918,-0.10555718941233572,2.82,297.178,3.55,26.3,124.8794,3.45,59.25,85.57,76.30414581298828,366.9810791015625,-0.008039361290519076,-0.007629016836718461,74.5,-0.035865645692022,93.27999877929688,-0.03339670152723151,161.6786346435547,-0.014651965179834248,10.645289421081543,0.0028994488479492375,59.74726486206055,-0.011026235618688318,49.39426040649414,59.25,1.07,96.0449,98.11630000000001,3.4,6.058571428571428,1343.1857282608696
2022-09-19,11.366826057434082,48696200,-0.19691893124085025,-0.2317480831624784,-0.1942395914550078,-0.17972618632414972,2.872,297.3438,3.56,25.76,125.0104,3.49,59.38,86.15,77.38375854492188,369.8269958496094,0.01414880830432974,0.007754941358323553,74.2,0.03130358283831147,96.19999694824219,0.03385841388984345,167.15281677246094,0.0018586513019831497,10.665075302124023,0.03094126074141834,61.59592056274414,0.00857618878118549,49.817874908447266,59.38,1.15,95.05494,98.14084,3.4,6.174285714285714,1344.0637826086956
2022-09-20,9.965959548950195,196340000,-0.09014517228886398,-0.05576787744689837,-0.0733385798711702,-0.0976169911271374,2.8893333333333335,297.39906666666667,3.5633333333333335,27.16,125.1248,3.57,59.42333333333333,84.69,76.07176208496094,365.58184814453125,-0.016954416335300038,-0.011478739390902715,74.1,-0.0329521649636938,93.02999877929688,-0.019024737444163442,163.9727783203125,-0.03339517641821954,10.308913230895996,-0.04123316769473162,59.05612564086914,-0.027210779131169094,48.4622917175293,59.42333333333333,1.17,94.72495333333333,98.14902000000001,3.4,6.212857142857143,1344.3564673913042
2022-09-21,9.935504913330078,94271600,-0.06666655788196962,-0.041379299091238275,-0.09808428228784205,-0.11188541285520281,2.9066666666666667,297.45433333333335,3.566666666666667,27.99,125.7399,3.51,59.46666666666667,83.38,74.27079010009766,359.2048034667969,-0.023674645302048658,-0.017443548442299117,74.0,-0.023433304673555755,90.8499984741211,-0.016436350980633008,161.2776641845703,-0.068138101048144,9.606483459472656,-0.013254197395048406,58.27338409423828,-0.019230879734170814,47.53031921386719,59.46666666666667,1.13,94.39496666666666,98.1572,3.4,6.251428571428572,1344.649152173913
2022-09-22,9.722330093383789,82004400,-0.10180112965665555,-0.032106599159045124,-0.04541893837542654,-0.06788298356326217,2.924,297.5096,3.57,27.35,126.1667,3.7,59.51,84.02,72.55696868896484,356.1875305175781,-0.02307530872935415,-0.008399868042125558,73.9,-0.043808429217230827,86.87000274658203,-0.023302820674558355,157.51943969726562,-0.007209180703352525,9.53722858428955,-0.020148706292438257,57.09925079345703,-0.006238709679490584,47.23379135131836,59.51,1.29,94.06498,98.16538,3.4,6.29,1344.9418369565217
2022-09-23,9.372113227844238,104043700,-0.09017068956271423,-0.008935857018961268,0.013809794336696157,-0.07163094348815291,2.9413333333333336,297.56486666666666,3.5733333333333333,29.92,127.2853,3.69,59.553333333333335,79.07,70.88670349121094,350.21966552734375,-0.02302005207678881,-0.016754839737265437,73.8,-0.03821802221544013,83.55000305175781,-0.019477983267581767,154.45127868652344,-0.07157675674308173,8.854584693908691,0.0030624203562934493,57.274112701416016,-0.015246742160327953,46.51362991333008,59.553333333333335,1.32,93.73499333333334,98.17356000000001,3.4,6.348571428571429,1345.2345217391305
2022-09-26,9.128482818603516,89300400,-0.04336940973523773,-0.052543756166482214,0.07005855050006748,-0.04264008805767883,2.993333333333333,297.73066666666665,3.5833333333333335,32.26,128.4539,3.88,59.68333333333333,77.17,70.72694396972656,346.75506591796875,-0.0022537304404934844,-0.009892647245145936,73.5,0.0009574410381600895,83.62999725341797,-0.011773819296137522,152.63279724121094,-0.005586607221231055,8.8051176071167,-0.05030523046223656,54.39292526245117,-0.01639338884428776,45.75111389160156,59.68333333333333,1.56,92.74503333333334,98.19810000000001,3.4,6.524285714285714,1346.1125760869566
2022-09-27,9.06757640838623,87044400,0.03778327464442466,-0.029386909588019372,0.076406364590484,-0.04978406176749517,3.010666666666667,297.78593333333333,3.586666666666667,32.6,128.4386,3.97,59.72666666666667,78.91,70.94963073730469,345.8699035644531,0.0031485421973476146,-0.002552702009334218,73.4,-0.007533149277871298,83.0,-0.004093695225495186,152.00796508789062,0.03595515353626477,9.12170696258545,0.0013778879664241295,54.467872619628906,-0.012037307247831697,45.20039367675781,59.72666666666667,1.64,92.41504666666667,98.20628,3.4,6.582857142857143,1346.4052608695652
2022-09-28,9.273138999938965,72701600,0.027093488403615584,-0.0525451965225604,0.06732348162319868,-0.0915878711887409,3.028,297.8412,3.59,30.18,128.0884,3.72,59.769999999999996,82.61,72.86680603027344,352.67535400390625,0.027021638774516132,0.019676330230869343,73.3,0.03542171616152112,85.94000244140625,0.022454038819939015,155.42115783691406,0.06616048443444167,9.725203514099121,0.031035003438053987,56.15828323364258,0.021555974455929272,46.17473220825195,59.769999999999996,1.39,92.08506,98.21446,3.4,6.6414285714285715,1346.697945652174
2022-09-29,8.732585906982422,84534900,0.07759365191694023,0.02615515497805987,0.156059444477207,0.0166195977188488,3.0453333333333332,297.8964666666667,3.5933333333333333,31.84,127.5437,3.76,59.81333333333333,81.78,70.34931182861328,345.308349609375,-0.03454925965348654,-0.020888911887076866,73.2,-0.06388184008846332,80.44999694824219,-0.01836067711132916,152.56752014160156,-0.06815878026381661,9.062345504760742,-0.03499412460244522,54.19307327270508,-0.013761491764708644,45.53929901123047,59.81333333333333,1.57,91.75507333333333,98.22264,3.4,6.7,1346.9906304347826
2022-09-30,8.527023315429688,71688200,0.0892857941724361,0.041964239379987056,0.19375014539383395,0.04924746388417156,3.062666666666667,297.9517333333333,3.5966666666666667,31.62,127.5148,3.83,59.85666666666666,79.91,68.96469116210938,339.9686584472656,-0.019682078338977282,-0.015463544881407665,73.1,-0.02784335548465766,78.20999908447266,-0.005501334428146154,151.7281951904297,-0.23253265068205842,6.95505428314209,-0.026736421197533056,52.744144439697266,-0.0018605521561915195,45.45457077026367,59.85666666666666,1.68,91.42508666666667,98.23082000000001,3.4,6.694285714285715,1347.2833152173914
2022-10-03,8.732585906982422,66198300,-0.00959027081572339,0.031386142290193764,0.1682648267185627,0.028952972551486544,3.1251612903225805,298.05725806451613,3.6,30.1,127.0813,3.67,59.693548387096776,84.05,69.03248596191406,348.9442443847656,0.0009830363721246016,0.026401215860585747,72.74193548387096,0.06175683272720578,83.04000091552734,0.03319019688828839,156.7640838623047,-0.025604618627177667,6.776972770690918,0.0052100446379979015,53.018943786621094,0.027959212943858835,46.72544479370117,59.693548387096776,1.43,91.66239677419355,98.18845161290324,3.425806451612903,6.677142857142857,1348.0508695652175
2022-10-04,9.410179138183594,87629200,-0.0647246740948475,-0.026698825452343145,0.05663420384608209,-0.018160106404110254,3.147741935483871,298.0823870967742,3.6,29.07,126.1819,3.62,59.59032258064516,86.87,71.4434585571289,359.7568054199219,0.0349251886502393,0.030986500591864585,72.61290322580645,0.061295716302657954,88.12999725341797,0.03384849709807303,162.0703125,0.13284678907951974,7.677271842956543,0.05858317507996125,56.124961853027344,0.022665494850717893,47.78450012207031,59.59032258064516,1.38,91.94604516129033,98.16317741935484,3.4387096774193546,6.671428571428572,1348.2883043478262
2022-10-05,9.524380683898926,87919100,-0.07753791239583874,-0.030375776118582554,0.059952216057675534,-0.010547472688846593,3.1703225806451614,298.10751612903226,3.6,28.55,126.8616,3.76,59.487096774193546,88.22,71.02224731445312,358.91925048828125,-0.0058957286108841656,-0.0023281142122190124,72.48387096774194,-0.011687266667388063,87.0999984741211,-0.011162704868643014,160.26116943359375,-0.0425258220196435,7.350789546966553,0.007418495241769296,56.541324615478516,-0.016843918693449478,46.97962188720703,59.487096774193546,1.54,92.2296935483871,98.13790322580645,3.4516129032258065,6.6657142857142855,1348.5257391304349
2022-10-06,9.410179138183594,64531900,-0.04773459536196778,-0.04773459536196778,0.09304208005279668,0.02843831050639234,3.1929032258064516,298.1326451612903,3.6,30.52,127.2493,3.83,59.383870967741935,88.9,70.5187759399414,355.2166748046875,-0.007088924858750012,-0.0103159016368074,72.35483870967742,0.014580990754417433,88.37000274658203,-0.010183210770078555,158.6291961669922,-0.06056530725156384,6.9055867195129395,-0.016052995388129654,55.6336669921875,-0.0018035916906162797,46.89488983154297,59.383870967741935,1.61,92.51334193548388,98.11262903225807,3.464516129032258,6.66,1348.7631739130436
2022-10-07,9.288365364074707,56494500,-0.04344273563982426,-0.0008196471359015467,0.12295086932598687,0.05103661285621097,3.215483870967742,298.1577741935484,3.6,31.36,127.3111,3.89,59.28064516129032,93.07,68.0932388305664,345.308349609375,-0.034395621266040566,-0.02789375020404239,72.2258064516129,-0.035985065139072625,85.19000244140625,-0.02686649372066341,154.3673858642578,-0.031518571419200225,6.68793249130249,-0.03412670789532002,53.73507308959961,-0.026196892041414066,45.66638946533203,59.28064516129032,1.62,92.79699032258064,98.08735483870969,3.47741935483871,6.6971428571428575,1349.000608695652
2022-10-10,8.64883804321289,115548900,0.04137319323353794,0.09859152600010312,0.20774622106780893,0.14209638498950938,3.283225806451613,298.2331612903226,3.6,32.45,127.57585,3.92,58.97096774193548,91.6,67.67205810546875,342.6717529296875,-0.006185353088368428,-0.007635484872202225,71.83870967741936,-0.021011865996347523,83.4000015258789,-0.0009064291328102492,154.2274627685547,-0.05621302344689294,6.311983585357666,-0.018441003108901288,52.744144439697266,0.010204098680413054,46.13237380981445,58.97096774193548,1.62,93.64793548387097,98.01153225806452,3.5161290322580645,6.808571428571429,1349.7129130434782
2022-10-11,8.801108360290527,75173200,0.040657384611000325,0.10986147349482289,0.15138388348174292,0.15555243242470085,3.305806451612903,298.25829032258065,3.6,33.63,127.6641,3.93,58.86774193548387,89.75,67.1201400756836,340.5016174316406,-0.008155774262472937,-0.006332986245563554,71.70967741935483,-0.01774584328364015,81.91999816894531,0.005986375793461729,155.15072631835938,0.04075230775960059,6.569211483001709,0.008051676769082361,53.1688232421875,-0.010101026806110025,45.66638946533203,58.86774193548387,1.62,93.93158387096774,97.98625806451614,3.529032258064516,6.845714285714286,1349.950347826087
2022-10-12,8.785880088806152,59628500,0.05112636813047433,0.11091852594629814,0.22876924945588484,0.17594293854013765,3.3283870967741933,298.2834193548387,3.6,33.57,128.1481,3.91,58.76451612903226,87.83,67.29441833496094,339.3784484863281,0.0025965121509108346,-0.003298571542139528,71.58064516129032,-0.0013427809180941441,81.80999755859375,-0.017491024254820853,152.43698120117188,0.10090359510867497,7.2320685386657715,-0.010179878041780777,52.62757110595703,-0.017625261357077093,44.861507415771484,58.76451612903226,1.62,94.21523225806452,97.96098387096775,3.541935483870968,6.882857142857143,1350.1877826086957
2022-10-13,8.96098804473877,70487400,0.0,0.10450309202251051,0.23194580151266297,0.0920103781529642,3.350967741935484,298.3085483870968,3.6,31.94,127.7286,3.97,58.66129032258065,89.59,68.03031921386719,348.3350830078125,0.010935541120858927,0.02639128843163774,71.45161290322581,0.01992427492306259,83.44000244140625,0.017618825017942763,155.12274169921875,-0.028727715969680268,7.024307727813721,0.02072781665296941,53.71842575073242,0.04438156745116473,46.85253143310547,58.66129032258065,1.63,94.4988806451613,97.93570967741935,3.554838709677419,6.92,1350.4252173913044
2022-10-14,8.88485336303711,55127700,0.0445588467015956,0.13624704876667537,0.21739260172658148,0.09703863405393731,3.373548387096774,298.33367741935484,3.6,32.02,128.3325,4.0,58.55806451612903,86.1,65.48860931396484,340.39697265625,-0.037361428393595464,-0.02278871907767177,71.3225806451613,-0.02456858810853202,81.38999938964844,0.0010218250338083212,155.28125,0.0042253632991722245,7.053987979888916,-0.01798172598521952,52.75247573852539,-0.0198915332951749,45.920562744140625,58.55806451612903,1.59,94.78252903225807,97.91043548387097,3.5677419354838706,6.922857142857143,1350.662652173913
2022-10-17,9.006668090820312,59561700,0.054945079380138706,0.1301776883446475,0.22142683490862525,0.059993269926354564,3.4412903225806453,298.40906451612904,3.6,31.37,127.6448,4.02,58.248387096774195,86.0,68.14651489257812,349.1441345214844,0.04058576913537393,0.02569694376826237,70.93548387096774,0.04853172352701307,85.33999633789062,0.017957135018363823,158.0696563720703,0.019635327785545886,7.192495346069336,0.03535902932623314,54.61775207519531,0.01383757829503729,46.555992126464844,58.248387096774195,1.57,95.63347419354838,97.8346129032258,3.606451612903226,6.9314285714285715,1351.3749565217393
2022-10-18,9.15893840789795,53603400,0.06650035824200784,0.11388159927229125,0.16752241784877153,0.023052021987448157,3.4638709677419355,298.4341935483871,3.6,30.5,127.9153,4.01,58.145161290322584,83.29,69.08572387695312,353.2464294433594,0.013782201274056494,0.011749574219533487,70.80645161290323,0.03304438065656057,88.16000366210938,0.021770006003328568,161.51083374023438,0.1114167452721988,7.993859767913818,0.014788811288057424,55.42548370361328,0.019108313134291066,47.44559860229492,58.145161290322584,1.6,95.91712258064516,97.80933870967742,3.6193548387096772,6.934285714285714,1351.612391304348
2022-10-19,9.23507022857666,54130000,0.05688389106075764,0.0766693588269658,0.1587303701808187,0.03294473078551907,3.4864516129032257,298.45932258064516,3.6,30.76,128.3968,4.14,58.04193548387097,86.0,68.31111145019531,350.7431945800781,-0.011212337126805805,-0.007086369895446087,70.6774193548387,-0.025068133190391806,85.94999694824219,-0.011086112939208692,159.72030639648438,-0.04950490442838218,7.5981245040893555,-0.04236758177765476,53.077239990234375,-0.012499940703894263,46.85253143310547,58.04193548387097,1.72,96.20077096774193,97.78406451612904,3.632258064516129,6.937142857142858,1351.8498260869565
2022-10-20,8.96098804473877,55568100,0.10450309202251051,0.12659322410354656,0.2010396245236279,0.09887831105873102,3.509032258064516,298.48445161290323,3.6,29.98,128.0052,4.24,57.938709677419354,86.02,66.98944854736328,347.80206298828125,-0.019347700173135585,-0.008385427393161837,70.54838709677419,-0.015008648422752402,84.66000366210938,-0.014888754928382597,157.34226989746094,0.041666650977361996,7.914712905883789,-0.013963107343170966,52.336116790771484,-0.015370730273544186,46.13237380981445,57.938709677419354,1.73,96.4844193548387,97.75879032258065,3.6451612903225805,6.94,1352.0872608695652
2022-10-21,9.280752182006836,55132700,0.08777696187687622,0.10828536062100547,0.1563427457880915,0.056043246447080364,3.5316129032258066,298.5095806451613,3.6,29.69,127.6735,4.21,57.83548387096774,85.47,68.94048309326172,356.2541809082031,0.029124505249793264,0.024301517499068614,70.41935483870968,0.028112416140647634,87.04000091552734,0.013750362092803892,159.5057830810547,0.024999945777762544,8.112580299377441,0.014638110049717934,53.10221862792969,0.03764919904162012,47.86922073364258,57.83548387096774,1.69,96.76806774193548,97.73351612903225,3.658064516129032,6.96,1352.324695652174
2022-10-24,9.501540184020996,64717700,0.07131424226246352,0.0977565487483949,0.13918858683056778,0.03555243470221625,3.599354838709677,298.5849677419355,3.6,29.85,128.0304,4.25,57.52580645161291,86.12,69.22611999511719,360.6134338378906,0.004143239052576186,0.012236355847317748,70.03225806451613,0.017693025038245658,88.58000183105469,0.015084129320579898,161.9117889404297,0.0024391485397847745,8.132368087768555,0.00047038783577635357,53.127197265625,0.0,47.86922073364258,57.52580645161291,1.66,97.61901290322581,97.6576935483871,3.696774193548387,7.0200000000000005,1353.037
2022-10-25,9.768011093139648,66391600,0.04442684023884014,0.06936830473647948,0.10496136588501526,0.017540831332031992,3.6219354838709674,298.61009677419355,3.6,28.46,127.3771,4.1,57.42258064516129,86.93,70.9593276977539,366.3719787597656,0.02503690374036527,0.015968747643671177,69.90322580645162,0.019417489107570907,90.30000305175781,0.019525681292079433,165.07322692871094,0.04866169149211386,8.52810287475586,0.029623803473201926,54.701026916503906,0.015044113584041785,48.58937072753906,57.42258064516129,1.59,97.90266129032258,97.63241935483872,3.7096774193548385,7.04,1353.2744347826088
2022-10-26,9.760396957397461,86833600,0.018720568960844064,0.038221536177863946,0.10976413349412262,0.04592136141633629,3.644516129032258,298.6352258064516,3.6,27.28,126.4723,4.04,57.31935483870968,89.39,70.38805389404297,363.61163330078125,-0.008050721761968194,-0.007534270138040089,69.7741935483871,-0.00996679396968625,89.4000015258789,-0.0777921434348049,152.23182678222656,0.005800479604721964,8.577569961547852,0.004566811250509506,54.950836181640625,0.0008719196646853611,48.631736755371094,57.31935483870968,1.6,98.18630967741936,97.60714516129032,3.72258064516129,7.0600000000000005,1353.5118695652175
2022-10-27,9.897439002990723,88421500,0.020000063594738826,0.0907689634934401,0.0671936229508403,0.0019030243827047322,3.6670967741935483,298.6603548387097,3.6,27.39,126.7028,3.96,57.21612903225807,89.06,70.116943359375,361.6700134277344,-0.0038516554964863614,-0.00533981780346604,69.64516129032258,-0.009955250273578686,88.51000213623047,0.0317935903430655,157.0718231201172,-0.0023068112303948896,8.557783126831055,-0.0022730251484341935,54.825931549072266,0.005226489855526761,48.88591003417969,57.21612903225807,1.51,98.46995806451612,97.58187096774193,3.735483870967742,7.08,1353.7493043478262
2022-10-28,10.095388412475586,55777900,0.018853496132831715,0.09351430059678156,0.04779231236766446,0.029503535969284123,3.6896774193548385,298.68548387096774,3.6,25.75,127.2135,4.02,57.112903225806456,87.85,70.17987060546875,370.2742919921875,0.0008974613421355304,0.023790411825702407,69.51612903225806,0.022935247207116705,90.54000091552734,0.01899860878218762,160.05596923828125,0.033525989788138144,8.844691276550293,0.03812273744286654,56.916046142578125,0.018197604896954767,49.775516510009766,57.112903225806456,1.51,98.7536064516129,97.55659677419355,3.7483870967741932,7.061428571428571,1353.986739130435
2022-10-31,10.1791353225708,54676700,0.024682119813967063,0.06260054600150267,0.0505082775750294,0.042194960143239424,3.7574193548387096,298.76087096774194,3.6,25.88,127.6219,4.1,56.803225806451614,86.54,69.7296142578125,367.5997314453125,-0.006415747760315282,-0.007223187255277819,69.12903225806451,0.005853752749476415,91.06999969482422,-0.012118868636116331,158.11627197265625,0.013422962799149563,8.96341323852539,0.0008778032466052466,56.966007232666016,-0.014468032862078428,49.055362701416016,56.803225806451614,1.58,99.60455161290322,97.48077419354838,3.7870967741935484,7.005714285714286,1354.6990434782608
2022-11-01,10.201972961425781,47454700,0.023880528091307696,0.07831947220782642,0.061729776479535925,0.0798275753761799,3.78,298.786,3.6,25.81,127.3987,4.07,56.7,88.36,69.0228042602539,365.9912109375,-0.010136439231476224,-0.004375739072191909,69.0,0.005709856646633593,91.58999633789062,-0.004541459296519612,157.398193359375,-0.0011038619741626787,8.953518867492676,0.00687035153723925,57.357383728027344,0.0008635592685881655,49.09772491455078,56.7,1.56,99.8882,97.4555,3.8,6.9871428571428575,1354.9364782608695
2022-11-02,9.943117141723633,73673500,0.019142606727683864,0.07544402449464882,0.07234910341475254,0.023606206492658766,3.7906666666666666,298.78753333333333,3.5966666666666667,25.86,127.3115,4.1,56.803333333333335,90.06,66.4133071899414,356.8062438964844,-0.03780630326860179,-0.025096141017944107,69.06666666666666,-0.03919638040650786,88.0,-0.019433560879971057,154.33938598632812,-0.0397790049363872,8.597356796264648,-0.04166662787061415,54.96749496459961,-0.06471098560961142,45.920562744140625,56.803333333333335,1.57,100.50428,97.3988,3.813333333333333,6.968571428571429,1355.1739130434783
2022-11-03,10.095388412475586,58782600,0.06938127008472317,0.05998460954514262,0.0195971351006472,0.0013083587022668652,3.801333333333333,298.78906666666666,3.5933333333333333,25.3,128.1743,4.14,56.906666666666666,88.14,66.01631927490234,353.1322326660156,-0.005977535705362191,-0.010296936483921604,69.13333333333334,0.04113639484752318,91.62000274658203,0.012386618955655626,156.25112915039062,0.016110403770079662,8.73586368560791,0.01605819923509655,55.85017395019531,-0.0064575753044576745,45.624027252197266,56.906666666666666,1.74,101.12035999999999,97.3421,3.8266666666666667,6.95,1355.411347826087
2022-11-04,10.285721778869629,61489100,0.07327923469599207,0.04635357128982509,-0.006749426375250667,0.005965400694515566,3.812,298.7906,3.5900000000000003,24.55,127.1468,4.17,57.010000000000005,92.58,66.56822204589844,358.2149353027344,0.008360096065002987,0.014393199392607858,69.2,0.06559696929347836,97.62999725341797,0.04183856483849624,162.7884521484375,0.019252600675289777,8.904051780700684,0.016848068560244123,56.791141510009766,0.03621175971869728,47.276153564453125,57.010000000000005,1.69,101.73644,97.2854,3.84,6.968571428571429,1355.6487826086957
2022-11-07,10.430377960205078,48176900,0.03700506279393223,0.028891810255129213,-0.03380054062139637,-0.010198642338825725,3.844,298.7952,3.58,24.35,126.3062,4.22,57.32,91.8,66.10346984863281,361.6413879394531,-0.006981592462318997,0.009565353923121522,69.4,0.01577384982947372,99.16999816894531,0.009051128443125611,164.26187133789062,-0.026666630964780946,8.666610717773438,0.006744939716702536,57.1741943359375,0.005376191382988615,47.53031921386719,57.32,1.69,103.58467999999999,97.1153,3.88,7.024285714285714,1356.3610869565218
2022-11-08,10.445601463317871,52731900,0.05316923471335322,0.03623005079792252,-0.03373557599296706,-0.006485981429574572,3.8546666666666662,298.79673333333335,3.5766666666666667,25.54,125.633,4.14,57.42333333333333,88.8,65.93887329101562,363.5926818847656,-0.0024899836270938502,0.005395659928280061,69.46666666666667,0.01976403267784299,101.12999725341797,-0.0002837883204803715,164.2152557373047,0.038812887891192416,9.002986907958984,0.00233021739176853,57.30742263793945,0.0,47.53031921386719,57.42333333333333,1.64,104.20076,97.0586,3.893333333333333,7.042857142857143,1356.5985217391305
2022-11-09,10.133454322814941,74199200,0.05524390541156965,0.0651130932869628,0.0005838675806395521,0.027345970810197295,3.865333333333333,298.7982666666667,3.5733333333333333,26.09,125.9861,4.12,57.52666666666667,85.79,63.924869537353516,356.1018371582031,-0.03054349662259881,-0.020602297845303097,69.53333333333333,-0.036191002987406296,97.47000122070312,-0.031177258599717095,159.09547424316406,-0.05934070427303495,8.468743324279785,-0.02208643303906721,56.04170608520508,-0.01782542367494533,46.68307113647461,57.52666666666667,1.7,104.81684,97.00189999999999,3.9066666666666667,7.061428571428571,1356.8359565217393
2022-11-10,10.795819282531738,75638500,-0.008787006844467982,0.0033271388222702036,-0.040853384960049866,-0.008415018166139099,3.876,298.7998,3.5700000000000003,23.53,124.7044,3.82,57.63,86.52,68.59675598144531,375.6711730957031,0.07308402000510705,0.0549543245653239,69.6,0.12157585232084811,109.31999969482422,0.07075023682486936,170.3515167236328,0.14252328318499274,9.675736427307129,0.0702821598833625,59.980438232421875,0.05444664502368779,49.22480773925781,57.63,1.43,105.43292,96.9452,3.92,7.08,1357.073391304348
2022-11-11,11.039451599121094,60187600,-0.025087286267858944,-0.043205752324005475,-0.05435557094410848,-0.03918819969826459,3.8866666666666663,298.80133333333333,3.566666666666667,22.52,124.385225,3.835,57.733333333333334,89.14,70.24279022216797,379.3070983886719,0.023995802967240687,0.00967847828995505,69.66666666666667,0.021862416724481415,111.70999908447266,0.006350322733727154,171.4333038330078,0.05828226512690793,10.239660263061523,0.034985440911674104,62.078880310058594,0.001721095834869013,49.30952835083008,57.733333333333334,1.45,106.04899999999999,96.8885,3.933333333333333,7.012857142857143,1357.3108260869565
2022-11-14,10.816354751586914,57691600,-0.007823734743342525,-0.02204849860295177,-0.041252114969709264,-0.022394829025804586,3.9186666666666663,298.8059333333333,3.5566666666666666,23.73,123.4277,3.88,58.04333333333334,85.85,69.12930297851562,376.0804138183594,-0.01585197911601377,-0.00850678667501803,69.86666666666666,-0.01861965668338994,109.62999725341797,-0.01784263946062381,168.37448120117188,0.024154652362070816,10.486995697021484,-0.0038898569868288657,61.83740234375,0.012886698229958915,49.94496536254883,58.04333333333334,1.51,107.89724,96.7184,3.973333333333333,6.811428571428571,1358.0231304347826
2022-11-15,11.000986099243164,61835700,-0.01608400944226318,-0.027972054645841404,-0.08881136885942975,-0.04028904144383749,3.929333333333333,298.80746666666664,3.5533333333333332,24.54,123.039,3.8,58.14666666666667,86.87,70.07335662841797,379.28802490234375,0.013656345561530392,0.008529056462731832,69.93333333333334,0.013864857343262926,111.1500015258789,0.026197711015996106,172.78550720214844,0.05283005038370692,11.041024208068848,0.018044448765427212,62.953224182128906,-0.0016963556918003775,49.8602409362793,58.14666666666667,1.45,108.51332,96.6617,3.986666666666667,6.744285714285715,1358.2605652173913
2022-11-16,10.693265914916992,47484200,0.009352518242257801,0.012949510296447642,-0.12805780444356762,-0.014200769805529534,3.9399999999999995,298.80899999999997,3.5500000000000003,24.11,123.2817,3.67,58.25,85.62,69.00341796875,376.39453125,-0.015268836989522194,-0.007628750348996016,70.0,-0.020332902430993394,108.88999938964844,0.006854402604950183,173.9698486328125,-0.137096709411901,9.527336120605469,-0.08571412989666605,57.55724334716797,-0.00679695281679904,49.52134323120117,58.25,1.38,109.1294,96.60499999999999,4.0,6.677142857142857,1358.498
2022-11-17,10.700956344604492,54317900,0.01222153639065282,-0.003594407012854517,-0.1595973037847862,-0.06764110400306,3.9506666666666663,298.81053333333335,3.546666666666667,23.93,123.977,3.77,58.35333333333333,81.69,68.16588592529297,375.2428283691406,-0.012137544314635651,-0.0030598289434083936,70.06666666666666,-0.019928351373942665,106.72000122070312,-0.0037522953547002302,173.3170623779297,-0.012461091620774689,9.408615112304688,0.013165378758064339,58.315006256103516,0.008554334428488408,49.94496536254883,58.35333333333333,1.49,109.74548,96.5483,4.013333333333334,6.61,1358.7354347826088
2022-11-18,10.76250171661377,37101900,-0.01858470589309047,-0.04360255876205699,-0.18012864698956632,-0.07221296091260654,3.961333333333333,298.8120666666667,3.5433333333333334,23.12,123.8524,3.82,58.45666666666666,80.07,68.25785064697266,376.9465637207031,0.001349131173626672,0.004540354199351837,70.13333333333334,0.012275089426625918,108.02999877929688,0.012752292180653768,175.52725219726562,-0.004206008566289832,9.36904239654541,0.02884490403533624,59.99709701538086,0.0025444571596864307,50.07204818725586,58.45666666666666,1.57,110.36156,96.49159999999999,4.026666666666666,6.605,1358.9728695652175
2022-11-21,10.731730461120605,34087100,-0.014336932214287113,-0.048028731804353186,-0.15555563454659116,-0.08022129141160583,3.993333333333333,298.81666666666666,3.533333333333333,22.36,124.7009,3.83,58.766666666666666,79.74,67.27023315429688,375.5758972167969,-0.014468921645126254,-0.003636235572429425,70.33333333333333,-0.02027216945434185,105.83999633789062,0.005100338562127105,176.42250061035156,-0.015839635233693916,9.220640182495117,-0.01693267095963802,58.98118591308594,0.014382504092803838,50.79220962524414,58.766666666666666,1.52,112.2098,96.3215,4.066666666666666,6.59,1359.6851739130436
2022-11-22,10.82404613494873,28738800,-0.012082378290080853,-0.0689410022260235,-0.1961619706365776,-0.10242104841171695,4.004,298.8182,3.5300000000000002,21.29,124.2365,3.76,58.87,80.83,68.03031921386719,380.630126953125,0.011298995468425277,0.013457279271067435,70.4,0.011621347311907115,107.06999969482422,0.011206254959663209,178.3995361328125,0.016094567309114405,9.36904239654541,0.12777064467734323,66.51725006103516,0.010364800325170176,51.318660736083984,58.87,1.44,112.82588,96.2648,4.08,6.585,1359.9226086956521
2022-11-23,10.793274879455566,25974200,0.0035636628325392827,-0.06486092552207989,-0.19030659322686705,-0.08622364043020192,4.014666666666666,298.8197333333333,3.526666666666667,20.35,123.7574,3.71,58.97333333333333,77.93,69.01309967041016,383.0286560058594,0.014446212628422384,0.006301469281830618,70.46666666666667,-0.0014943124420554454,106.91000366210938,0.008938987949630883,179.99424743652344,0.027454987722605795,9.626269340515137,0.03142220110250005,68.60736846923828,0.0075063486410604785,51.70387649536133,58.97333333333333,1.39,113.44196,96.2081,4.093333333333334,6.58,1360.1600434782608
2022-11-25,10.831738471984863,12980900,-0.01562498211597374,-0.06392026132293283,-0.20454545254444456,-0.08871348676133028,4.036,298.8228,3.52,20.5,123.3386,3.68,59.18,76.45,69.05183410644531,382.9429626464844,0.0005612620824182457,-0.0002237257135500048,70.6,-0.009821373265277988,105.86000061035156,-0.003367637600315998,179.38809204101562,0.0,9.626269340515137,-0.014079391671175001,67.64141845703125,0.0,51.70387649536133,59.18,1.36,114.67412,96.09469999999999,4.12,6.5575,1360.6349130434783
2022-11-28,10.562483787536621,35249700,-0.025491606885679086,-0.019664907448982083,-0.202476225370674,-0.04612702898190224,4.068,298.8274,3.5100000000000002,22.21,123.6032,3.69,59.489999999999995,77.1,68.62580108642578,376.8323974609375,-0.006169756756392419,-0.015956854627428907,70.8,-0.03627436184720423,102.0199966430664,-0.02406948806851905,175.0703125,-0.04213773204047011,9.220640182495117,0.01058686003084186,68.35752868652344,-0.007450423167243647,51.318660736083984,59.489999999999995,1.43,116.52235999999999,95.9246,4.16,6.52375,1361.3472173913044
2022-11-29,10.57787036895752,28380800,-0.03418186263766032,-0.01309095872670929,-0.16072728610336684,-0.029732590159074812,4.078666666666666,298.82893333333334,3.506666666666667,21.89,123.6615,3.75,59.593333333333334,77.96,68.4079360961914,376.1851501464844,-0.0031746804668990602,-0.001717599969679462,70.86666666666666,-0.0013722740075972073,101.87999725341797,0.0036754554531661654,175.71377563476562,0.046137359697046465,9.646056175231934,0.025216417675566705,70.08126068115234,0.010008340965528717,51.832275390625,59.593333333333334,1.5,117.13844,95.86789999999999,4.173333333333334,6.5125,1361.5846521739131
2022-11-30,10.693265914916992,61537300,-0.05755401329670584,-0.03021608886065108,-0.16330916490958203,0.00032998290688546206,4.089333333333333,298.83046666666667,3.5033333333333334,20.58,123.5175,3.68,59.696666666666665,80.48,70.76569366455078,388.03515625,0.03446614096124789,0.03150046220299041,70.93333333333334,0.04701610762329156,106.66999816894531,0.02605878749638091,180.29266357421875,0.01846158774281559,9.824137687683105,0.01354563309390655,71.03055572509766,0.019818406891029428,52.8595085144043,59.696666666666665,1.34,117.75452,95.8112,4.1866666666666665,6.501250000000001,1361.8220869565218
2022-12-01,10.831738471984863,45335100,-0.06818161207779505,-0.07457390234339956,-0.17045447041667294,-0.020008450505071274,4.1,298.832,3.5,19.84,122.0045,3.53,59.8,81.06,70.75596618652344,387.7496337890625,-0.00013746036424733266,-0.000735815959813535,71.0,-0.0138745266048943,105.19000244140625,-0.0008277150832031177,180.1434326171875,0.004028207939635209,9.8637113571167,0.013716476387998222,72.00484466552734,0.002429131741282564,52.987911224365234,59.8,1.17,118.3706,95.7545,4.2,6.49,1362.0595217391306
2022-12-02,10.662492752075195,42417400,-0.049061870049051715,-0.12554128041898915,-0.13347755552244212,-0.015957698958734556,4.10741935483871,298.8832258064516,3.5,19.06,122.0102,3.51,59.964516129032255,79.86,70.66400146484375,387.30230712890625,-0.001299745118839235,-0.0011536481821659006,71.03225806451613,-0.013879637328518157,103.7300033569336,-0.0029507330245606145,179.61187744140625,0.0030089382511648832,9.893390655517578,0.001503101511058924,72.11307525634766,0.009692981436255854,53.501522064208984,59.964516129032255,1.08,118.30066774193548,95.80865161290322,4.22258064516129,6.467142857142857,1362.2969565217393
2022-12-05,10.293229103088379,39714500,0.005979116729899259,-0.12630793757533076,-0.08445421311668155,0.03126162476062544,4.129677419354838,299.03690322580644,3.5,20.75,122.6384,3.6,60.45806451612903,76.83,68.62580108642578,380.3350524902344,-0.02884354602296335,-0.017989189608294653,71.12903225806451,-0.020244924665523523,101.62999725341797,-0.006438086545254573,178.4555206298828,-0.03199998997491027,9.576802253723145,-0.026327747393277923,70.2145004272461,-0.01840000747231585,52.517093658447266,60.45806451612903,1.21,118.09087096774194,95.9711064516129,4.290322580645162,6.398571428571429,1363.0092608695652
2022-12-06,10.216299057006836,39996000,0.02183734503946111,-0.1362951696166913,-0.05271090045092841,-0.0033982521087851936,4.137096774193548,299.08812903225805,3.5,22.17,123.0191,3.51,60.622580645161285,74.21,67.55586242675781,374.8525695800781,-0.015590909581084667,-0.014414876762632867,71.16129032258064,-0.018892041924961633,99.70999908447266,0.0019410426154662375,178.80191040039062,-0.03925610473207297,9.200854301452637,-0.012333922442901324,69.34848022460938,-0.00977995198823045,52.00347900390625,60.622580645161285,1.2,118.02093870967741,96.02525806451612,4.312903225806452,6.3757142857142854,1363.246695652174
2022-12-07,10.077825546264648,36609800,0.029007417742510366,-0.10076342581490982,-0.03129777089200847,-0.018106214926217223,4.144516129032258,299.13935483870966,3.5,22.68,122.7608,3.42,60.78709677419355,71.93,67.14920806884766,374.2148742675781,-0.006019527296406535,-0.0017011896522795,71.19354838709677,-0.01925582375463386,97.79000091552734,0.004084157296294411,179.53216552734375,-0.04408603209334361,8.795225143432617,-0.022934891619517783,67.75798034667969,-0.0016460784601390888,51.917877197265625,60.78709677419355,1.16,117.9510064516129,96.07940967741935,4.335483870967742,6.352857142857143,1363.4841304347826
2022-12-08,10.093213081359863,32376300,-0.006860017304292754,-0.1379573734627133,-0.021341709137647324,-0.025275190128484004,4.151935483870967,299.1905806451613,3.5,22.29,122.4152,3.48,60.95161290322581,71.3,67.79792022705078,377.146484375,0.009660756647167146,0.007834028813418215,71.2258064516129,-0.04427857439939098,93.45999908447266,-0.06539425216432004,167.7917938232422,0.0157479640469107,8.933732032775879,0.02494805303893388,69.44841003417969,0.024732107956232152,53.2019157409668,60.95161290322581,1.2,117.88107419354839,96.13356129032258,4.358064516129033,6.33,1363.7215652173913
2022-12-09,10.139370918273926,41553600,-0.08042522216864134,-0.1380881932591359,0.003034828860803085,-0.037777910084001,4.159354838709677,299.2418064516129,3.5,22.83,122.4201,3.57,61.116129032258065,71.05,67.50260162353516,374.3291015625,-0.004355865231951417,-0.007470261368520803,71.25806451612904,-0.001925960913107705,93.27999877929688,-0.008313809524805538,166.3968048095703,-0.017718762679877487,8.775437355041504,-0.01906480486868678,68.1243896484375,-0.004826924024220136,52.94511413574219,61.116129032258065,1.31,117.81114193548386,96.1877129032258,4.380645161290323,6.327142857142857,1363.959
2022-12-12,10.35477352142334,35473800,-0.13150079569767892,-0.167904966094778,-0.0022289113406098737,-0.07516959978971738,4.1816129032258065,299.3954838709677,3.5,25.0,122.7714,3.61,61.60967741935484,72.96,67.67205810546875,379.7259216308594,0.002510369642916288,0.01441731365750698,71.35483870967742,0.030338785035262994,96.11000061035156,0.009959026980423058,168.053955078125,0.015783582904617788,8.913945198059082,0.01902891636428805,69.42072296142578,0.008892415177656599,53.415924072265625,61.60967741935484,1.33,117.60134516129031,96.35016774193548,4.448387096774193,6.3185714285714285,1364.6713043478262
2022-12-13,10.439395904541016,57872100,-0.15475311743479647,-0.19307285433700272,-0.06263810350340293,-0.07404905677613849,4.189032258064516,299.44670967741934,3.5,22.55,121.8493,3.51,61.774193548387096,75.44,67.67205810546875,382.6003112792969,0.0,0.007569642957458544,71.38709677419355,0.015294987112348446,97.58000183105469,0.033091861831716196,173.61517333984375,-0.011098808819861916,8.815011024475098,0.019401011944790714,70.7675552368164,0.006410137385286063,53.75832748413086,61.774193548387096,1.27,117.5314129032258,96.4043193548387,4.4709677419354845,6.315714285714286,1364.908739130435
2022-12-14,10.370157241821289,51199900,-0.12611264148330248,-0.1439167444829812,-0.06008875566057359,-0.10887429696324169,4.196451612903226,299.49793548387095,3.5,21.14,121.8226,3.49,61.938709677419354,77.14,67.16857147216797,380.1541748046875,-0.0074400963617226035,-0.006393451344642753,71.41935483870968,-0.010043075820292846,96.5999984741211,-0.019359302881936435,170.2541046142578,0.0022447831700007637,8.834798812866211,-0.03865855150773878,68.03178405761719,-0.006369309238021037,53.415924072265625,61.938709677419354,1.3,117.46148064516129,96.45847096774193,4.493548387096775,6.312857142857142,1365.1461739130436
2022-12-15,10.02397346496582,55725300,-0.1320028983251479,-0.10744400716285141,-0.04758251863922569,-0.08788877981691001,4.203870967741936,299.54916129032256,3.5,22.83,122.5519,3.44,62.10322580645161,75.89,66.06473541259766,370.8549499511719,-0.016433817712316556,-0.02446171966490518,71.45161290322581,-0.006521710800924563,95.97000122070312,-0.002914560100837349,169.7578887939453,-0.03359471189312391,8.537996292114258,-0.0004947818014497951,67.99812316894531,-0.017628074200737753,52.47430419921875,62.10322580645161,1.28,117.39154838709676,96.51262258064516,4.516129032258065,6.31,1365.3836086956521
2022-12-16,9.323909759521484,118345700,-0.06270612513588247,-0.03630339001565741,0.0049507877196981465,0.027958045288308142,4.211290322580645,299.60038709677417,3.5,22.62,122.6505,3.48,62.26774193548387,74.19,64.83021545410156,366.4765625,-0.01868651937809296,-0.01180619930177107,71.48387096774194,-0.02594558541312575,93.4800033569336,-0.011195880219532994,167.8572998046875,-0.020857418144035966,8.359915733337402,-0.01609308118236441,66.90382385253906,-0.014681999420754432,51.70387649536133,62.26774193548387,1.35,117.32161612903225,96.56677419354838,4.538709677419355,6.304285714285714,1365.6210434782608
2022-12-19,8.993112564086914,88062500,-0.04191618163466615,0.027373917307408124,0.060735875711906306,0.04394524601477712,4.233548387096774,299.75406451612906,3.5,22.42,122.5275,3.57,62.76129032258065,75.05,63.789371490478516,363.3689880371094,-0.01605492063125935,-0.00847959946385557,71.58064516129032,-0.0039580951358041405,93.11000061035156,-0.01567273561600102,165.2265167236328,-0.042603548000817226,8.003753662109375,0.004026014634372244,67.17317962646484,-0.004967145524068739,51.44705581665039,62.76129032258065,1.42,117.1118193548387,96.72922903225806,4.606451612903226,6.2871428571428565,1366.333347826087
2022-12-20,8.823866844177246,82057900,-0.04533555543666867,0.06800371143134898,0.11595466952427436,0.05840781324388722,4.240967741935484,299.8052903225807,3.5,21.48,122.1357,3.69,62.92580645161291,75.92,63.04662322998047,363.86627197265625,-0.011643762011496084,0.0013685370846674427,71.61290322580645,0.006336551756235709,93.69999694824219,0.01065284114705145,166.9866485595703,0.0012362163367864998,8.01364803314209,-0.007017529512955978,66.70178985595703,0.0024959706112843705,51.57546615600586,62.92580645161291,1.45,117.04188709677419,96.78338064516129,4.629032258064516,6.281428571428571,1366.5707826086957
2022-12-21,9.062349319458008,49256000,-0.020373452969841166,0.06791168529076685,0.08149391711414244,0.03867683262682209,4.248387096774193,299.8565161290323,3.5,20.07,122.2828,3.68,63.090322580645164,78.17,64.051513671875,369.30694580078125,0.015938846371341908,0.014952399403849848,71.64516129032258,0.00469586398865407,94.13999938964844,0.014408829532631673,169.39273071289062,0.04691334047132911,8.389595031738281,0.017541760663737138,67.87185668945312,0.004149347210052223,51.78947067260742,63.090322580645164,1.41,116.97195483870968,96.83753225806451,4.651612903225807,6.275714285714285,1366.8082173913044
2022-12-22,8.700779914855957,75158700,0.02829374788799255,0.12201574649180702,0.13085759751076043,0.08277973117344373,4.255806451612903,299.9077419354839,3.5,21.97,122.2419,3.67,63.25483870967742,77.68,62.40582275390625,364.038330078125,-0.025693240075470247,-0.01426622429543567,71.6774193548387,-0.03335457202046366,91.0,-0.011717163054994706,167.40792846679688,-0.07075462582788383,7.795992374420166,-0.002108452018300122,67.72875213623047,-0.009917209395579718,51.27586364746094,63.25483870967742,1.48,116.90202258064515,96.89168387096774,4.674193548387097,6.27,1367.0456521739131
2022-12-23,8.739243507385254,38200700,0.028169110914175954,0.1302816605540018,0.13732385643842093,0.08550048391702925,4.263225806451612,299.9589677419355,3.5,20.87,121.9743,3.75,63.41935483870968,79.57,62.8330192565918,366.1324157714844,0.0068454590266386894,0.00575237693489572,71.70967741935483,0.0028571663322030094,91.26000213623047,0.012862896338301066,169.561279296875,-0.00888333325891666,7.726737976074219,0.011061192521230723,68.47791290283203,0.006677746647363536,51.61827087402344,63.41935483870968,1.55,116.83209032258064,96.94583548387097,4.6967741935483875,6.291428571428571,1367.2830869565219
2022-12-27,8.616155624389648,44837400,0.07232154182532358,0.18035729821065338,0.18482164420842584,0.14371897930356026,4.292903225806452,300.16387096774196,3.5,21.65,121.7539,3.84,64.07741935483871,79.45,61.81355285644531,364.68853759765625,-0.0162250105471341,-0.003943595572617364,71.83870967741936,0.002629825313955836,91.5,0.007012276771251713,170.7502899169922,-0.017925661485111433,7.588231086730957,0.006269374188976107,68.9072265625,0.001658436439043287,51.70387649536133,64.07741935483871,1.58,116.55236129032258,97.16244193548387,4.787096774193548,6.377142857142857,1368.2328260869565
2022-12-28,8.423831939697266,49375400,0.11872157543256967,0.22648382864856753,0.1771690296917432,0.19313071349937982,4.300322580645162,300.21509677419357,3.5,22.14,122.0075,3.88,64.24193548387098,78.89,61.294105529785156,360.15625,-0.008403453654678428,-0.012427831232404984,71.87096774193549,-0.013333346674351043,90.27999877929688,-0.018094167524329796,167.66070556640625,0.0,7.588231086730957,-0.020645146575303586,67.48462677001953,-0.014072816594474458,50.97625732421875,64.24193548387098,1.6,116.48242903225805,97.2165935483871,4.809677419354839,6.398571428571429,1368.4702608695652
2022-12-29,8.877717971801758,53550300,0.09012121867078204,0.10225307612169865,0.17071054753473058,0.16068687357408917,4.307741935483871,300.2663225806452,3.5,21.44,121.6577,3.83,64.40645161290323,78.43,62.87184524536133,366.63909912109375,0.02574048029478937,0.018000101681127978,71.90322580645162,0.03910056299321063,93.80999755859375,0.01306675068703389,169.8514862060547,0.053454972120203115,7.993859767913818,0.013347133435722469,68.3853530883789,0.009235642574488612,51.44705581665039,64.40645161290323,1.56,116.41249677419354,97.27074516129032,4.83225806451613,6.42,1368.707695652174
2022-12-30,8.9469575881958,39232200,0.09114321544433146,0.08942367291597941,0.185726368681558,0.15901696571947221,4.315161290322581,300.3175483870968,3.5,21.67,121.4256,3.88,64.57096774193549,80.16,62.701942443847656,365.6733703613281,-0.0027023670269357147,-0.0026340037439560593,71.93548387096774,-0.007248697610838906,93.12999725341797,-0.0023148957088635624,169.4582977294922,-0.0024751348681268937,7.974073886871338,-0.01267866396754358,67.51831817626953,-0.009151126045181202,50.97625732421875,64.57096774193549,1.58,116.34256451612903,97.32489677419355,4.85483870967742,6.428571428571429,1368.9451304347826
2023-01-03,8.985420227050781,45809000,0.09931493618694165,0.06249984079637483,0.22602743651596247,0.15769617919790235,4.345483870967742,300.48645161290324,3.5064516129032257,22.9,122.0905,3.79,65.02903225806452,76.87,62.32814025878906,364.1339416503906,-0.0059615726481416775,-0.004209846370317738,72.3225806451613,-0.0019327854663839794,92.94999694824219,0.012209855209331488,171.52735900878906,-0.011166401410764748,7.8850321769714355,0.0024932876718366526,67.68666076660156,0.0008394746137130316,51.01905059814453,65.02903225806452,1.53,115.57264838709676,97.43635483870968,4.9387096774193555,6.4628571428571435,1370.357888888889
2023-01-04,9.239289283752441,53429700,0.10074940413994615,0.014154895435088966,0.1015821786259985,0.10021720467910256,4.353225806451613,300.5196774193549,3.509677419354839,22.01,121.5008,3.69,65.09354838709677,72.82,63.23108673095703,366.9451904296875,0.014486979210656559,0.007720370055467107,72.48387096774194,0.03152232814819045,95.87999725341797,0.01954041097151671,174.8790740966797,0.0966123776019645,8.64682388305664,0.0190275372848836,68.97457122802734,0.009228269840346526,51.4898681640625,65.09354838709677,1.47,115.25762258064515,97.43793225806452,4.958064516129032,6.4714285714285715,1370.8268333333333
2023-01-05,9.423922538757324,50785600,0.09632624916018995,0.01224485789336427,0.07265278976823719,0.0699838155361745,4.360967741935484,300.55290322580646,3.5129032258064514,22.46,122.1017,3.71,65.15806451612904,73.61,62.64369201660156,362.757080078125,-0.00928965078292554,-0.01141344936735178,72.64516129032258,-0.00020855907007955032,95.86000061035156,-0.01964780176033676,171.44308471679688,0.02402741326317015,8.854584693908691,-0.005247640237660334,68.61261749267578,-0.009143887578383358,51.01905059814453,65.15806451612904,1.49,114.94259677419355,97.43950967741935,4.97741935483871,6.48,1371.2957777777779
2023-01-06,9.677788734436035,53089100,0.01112890680699663,0.017488155427671348,0.06915748159446244,0.07487226171097316,4.368709677419355,300.5861290322581,3.5161290322580645,21.13,121.0852,3.55,65.2225806451613,73.77,64.11463928222656,371.07586669921875,0.02348117134020744,0.022932113742072824,72.80645161290323,0.025558073572321982,98.30999755859375,0.028342263504150145,176.3021697998047,0.02793292840214101,9.101919174194336,0.018770752501364063,69.90052795410156,0.02348991030434555,52.21748352050781,65.2225806451613,1.34,114.62757096774193,97.4410870967742,4.996774193548387,6.458571428571429,1371.7647222222222
2023-01-09,9.762412071228027,50865500,-0.0015759091052515162,0.003939968139908601,0.05752576213795346,0.07812033080024072,4.391935483870967,300.6858064516129,3.5258064516129033,21.97,120.1508,3.53,65.41612903225807,74.69,64.50301361083984,370.8654479980469,0.006057498458404975,-0.0005670503529199289,73.29032258064517,-0.003356669818483926,97.9800033569336,0.00621318472973198,177.39756774902344,0.029348010813853298,9.36904239654541,-0.011802005718837383,69.0755615234375,0.0,52.21748352050781,65.41612903225807,1.31,113.68249354838709,97.4458193548387,5.054838709677419,6.394285714285714,1373.1715555555556
2023-01-10,9.877806663513184,47065500,-0.0334891250711673,-0.0038939406124817166,0.0506230623585644,0.04896727832841319,4.3996774193548385,300.71903225806454,3.5290322580645164,20.58,120.2483,3.61,65.48064516129033,75.11,65.3136978149414,373.46630859375,0.012568160132681472,0.00701294933173946,73.45161290322581,0.016942192037569193,99.63999938964844,0.0013194646758061257,177.6316375732422,0.022175143241356388,9.576802253723145,0.026931681826294795,70.93588256835938,-0.006557256090879204,51.87508010864258,65.48064516129033,1.37,113.36746774193547,97.44739677419355,5.074193548387097,6.372857142857143,1373.6405
2023-01-11,10.17014217376709,51911600,-0.07866868551477113,-0.022693099235974068,0.02363991486629935,0.0019287019792544324,4.4074193548387095,300.7522580645161,3.532258064516129,21.09,120.1614,3.54,65.54516129032258,77.46,67.075927734375,378.18988037109375,0.026981015903075445,0.0126479194204423,73.61290322580645,-0.003613012972267904,99.27999877929688,0.01507387469078747,180.30923461914062,0.01859509131891479,9.754883766174316,0.018749459544223246,72.2658920288086,0.004950384745175951,52.13188171386719,65.54516129032258,1.31,113.05244193548387,97.44897419354838,5.093548387096774,6.351428571428571,1374.1094444444445
2023-01-12,10.331693649291992,58113700,-0.07669376823845442,-0.011913436443734216,0.03612947020399382,-0.008988545415239968,4.4151612903225805,300.78548387096777,3.535483870967742,18.83,119.4218,3.43,65.60967741935484,78.32,67.18758392333984,379.56671142578125,0.0016646238484692155,0.003640581427870382,73.7741935483871,0.024073322109536832,101.66999816894531,0.0020250075613033047,180.6743621826172,0.04259636355886354,10.170406341552734,0.006406437476212945,72.7288589477539,0.0016420241093628718,52.21748352050781,65.60967741935484,1.22,112.73741612903225,97.45055161290323,5.112903225806452,6.33,1374.5783888888889
2023-01-13,9.785491943359375,96444000,0.0062892560759204574,0.013364900624043052,0.08393481152405569,0.05969896008432851,4.422903225806452,300.81870967741935,3.5387096774193547,18.35,119.1673,3.49,65.67419354838711,79.9,67.81867980957031,381.0392761230469,0.009393043318100869,0.003879593897299749,73.93548387096774,-0.0011802411660134515,101.55000305175781,0.012229285914865606,182.88388061523438,0.022373505829277107,10.397953987121582,-0.0071758135692059355,72.20697021484375,-0.0057376630017897945,51.917877197265625,65.67419354838711,1.31,112.42239032258064,97.45212903225807,5.1322580645161295,6.304285714285714,1375.0473333333334
2023-01-17,9.747027397155762,60774900,0.00552458348657936,0.06629823064412022,0.08485632648660313,0.06807573681089352,4.453870967741936,300.9516129032258,3.5516129032258066,19.36,119.2121,3.53,65.93225806451613,80.25,67.86722564697266,380.34124755859375,0.0007158180834345718,-0.0018319071239987217,74.58064516129032,0.009847365533709684,102.55000305175781,-0.0093682538151586,181.1705780029297,0.03520456899884383,10.764009475708008,-0.01585450690974688,71.06216430664062,0.0016487925019617045,52.00347900390625,65.93225806451613,1.36,111.1622870967742,97.45843870967742,5.209677419354839,6.201428571428572,1376.9231111111112
2023-01-18,9.54700756072998,48774400,0.03062064300193712,0.1112009144557713,0.10587185012770761,0.04676646525344763,4.461612903225807,300.98483870967743,3.554838709677419,20.34,119.0755,3.37,65.99677419354839,79.53,66.98369598388672,374.33642578125,-0.013018502740657523,-0.015787984647704256,74.74193548387096,0.0008775849362501198,102.63999938964844,-0.021859322617037824,177.21031188964844,-0.04136022685450247,10.318807601928711,-0.01729434222364412,69.83319091796875,-0.022222132566532715,50.84785079956055,65.99677419354839,1.25,110.84726129032258,97.46001612903225,5.2290322580645165,6.175714285714286,1377.3920555555555
2023-01-19,9.370070457458496,52918500,0.060755110999425765,0.1756978538214522,0.12500896925476868,0.035985820587831396,4.469354838709678,301.018064516129,3.5580645161290323,20.52,119.6107,3.39,66.06129032258065,80.31,65.87198638916016,371.6112976074219,-0.01659671922245065,-0.007279890457202232,74.90322580645162,-0.015003906125146127,101.0999984741211,-0.016589178858851916,174.27053833007812,-0.029722032810557186,10.01211166381836,-0.017358127932861733,68.62101745605469,-0.0109427546909443,50.29143524169922,66.06129032258065,1.19,110.53223548387096,97.4615935483871,5.248387096774193,6.15,1377.861
2023-01-20,9.53931713104248,44349200,0.07016126347498819,0.0669355340993465,0.045895812720146756,0.012461336685228641,4.477096774193549,301.05129032258066,3.5612903225806454,19.85,119.3486,3.48,66.1258064516129,81.27,67.46915435791016,378.53411865234375,0.024246543277353316,0.018629199622007375,75.06451612903226,0.02947580021671703,104.08000183105469,0.023369507067423356,178.34315490722656,0.0345850724772967,10.358381271362305,0.014107166165571172,69.58906555175781,0.011063823396314065,50.84785079956055,66.1258064516129,1.25,110.21720967741935,97.46317096774193,5.267741935483871,6.147142857142858,1378.3299444444444
2023-01-23,9.84703540802002,49688000,0.007031422133745302,0.02656245081892994,0.014042215456790075,0.00988962617786382,4.500322580645162,301.15096774193546,3.5709677419354837,19.81,119.1434,3.52,66.31935483870969,81.62,68.52259826660156,383.07598876953125,0.015613711461434754,0.011998575276008117,75.54838709677419,0.031418107086261804,107.3499984741211,0.007401844831452564,179.66322326660156,0.023877715427356172,10.60571575164795,0.018991077687553037,70.91063690185547,0.010101010101010166,51.36146545410156,66.31935483870969,1.24,109.27213225806452,97.46790322580645,5.325806451612904,6.138571428571429,1379.736777777778
2023-01-24,9.800875663757324,41537400,0.060439742752795844,0.055730180209853764,0.007136252217702754,-0.00562997064405113,4.508064516129033,301.1841935483871,3.574193548387097,19.2,119.0958,3.46,66.38387096774194,79.86,68.4449234008789,382.6648254394531,-0.0011335656803387328,-0.0010733205477033714,75.70967741935483,-0.01238939776394421,106.0199966430664,-0.010422009291506718,177.790771484375,-0.003731353013816552,10.566142082214355,-0.007241135225634299,70.39716339111328,-0.021666728559651238,50.24863052368164,66.38387096774194,1.19,108.9571064516129,97.4694806451613,5.345161290322581,6.135714285714286,1380.2057222222222
2023-01-25,9.839343070983887,37739000,0.07818616093223629,0.049257271694849614,-0.012593024589090618,-0.028872769898400708,4.515806451612903,301.2174193548387,3.57741935483871,19.08,118.9686,3.46,66.4483870967742,79.78,68.79447174072266,382.8082580566406,0.0051070016953114195,0.00037482571601077375,75.87096774193549,-0.0023580457264271715,105.7699966430664,-0.02532910230407659,173.28749084472656,0.01872655051901262,10.764009475708008,0.004424143368168876,70.70861053466797,0.0034072058520644433,50.419837951660156,66.4483870967742,1.17,108.64208064516129,97.47105806451613,5.364516129032258,6.132857142857143,1380.6746666666668
2023-01-26,9.939350128173828,48970900,0.10835935799897212,0.04411770914370572,-0.007717878935698974,-0.03281257136233895,4.523548387096774,301.2506451612903,3.5806451612903225,18.73,119.021,3.49,66.51290322580645,80.64,70.2022933959961,387.0154113769531,0.020464168408463657,0.010990236578673818,76.03225806451613,0.009738171895450565,106.80000305175781,0.016478480428375963,176.14300537109375,-0.02297791365232671,10.516674995422363,-0.0005953871629650331,70.66651153564453,0.004244526360913881,50.633846282958984,66.51290322580645,1.16,108.32705483870967,97.47263548387097,5.383870967741935,6.13,1381.143611111111
2023-01-27,10.20860767364502,62114600,-0.003014246063408277,0.01978289319604909,-0.033088791341137735,-0.036423276526388326,4.531290322580645,301.2838709677419,3.5838709677419356,18.51,118.9223,3.52,66.57741935483871,79.73,71.79459381103516,387.9046936035156,0.022681601098944792,0.0022977953859733002,76.19354838709677,0.03548682750782395,110.58999633789062,-0.00366753906110584,175.4969940185547,0.036688622922280034,10.902517318725586,0.014651600594705494,71.70188903808594,0.010143626794091753,51.147457122802734,66.57741935483871,1.19,108.01202903225806,97.4742129032258,5.403225806451613,6.1242857142857146,1381.6125555555557
2023-01-30,9.916274070739746,64512600,0.01939465666701956,0.07953574001533181,0.016033615032630788,0.00701329404103701,4.554516129032258,301.38354838709677,3.5935483870967744,19.94,118.8953,3.55,66.7709677419355,77.97,70.57123565673828,383.0377197265625,-0.01703969741115574,-0.012546829046435226,76.6774193548387,-0.006872181318406834,109.83000183105469,-0.009709103375588835,173.79307556152344,-0.03448276163699504,10.526568412780762,0.01408804536231223,72.71202850341797,-0.01422591096553627,50.419837951660156,66.7709677419355,1.26,107.06695161290322,97.47894516129033,5.461290322580645,6.107142857142857,1383.019388888889
2023-01-31,10.393238067626953,83093300,-0.004441141116341418,0.020551564034097636,-0.012496123177434648,-0.05991392995109235,4.562258064516129,301.41677419354835,3.596774193548387,19.4,118.9802,3.52,66.83548387096775,78.95,72.18782043457031,388.6696472167969,0.022907134369804405,0.01470332345925307,76.83870967741936,0.029682185673187922,113.08999633789062,0.02052467917732348,177.36012268066406,0.016917247083165332,10.704648971557617,0.02708962824763539,74.68177032470703,0.023769075249949756,51.61827087402344,66.83548387096775,1.28,106.75192580645161,97.48052258064516,5.480645161290322,6.101428571428571,1383.4883333333335
2023-02-01,10.608643531799316,70641000,-0.026831070816540348,-0.003253874583792893,0.00830935433207336,-0.0797827645869923,4.57,301.45,3.6,17.87,118.6259,3.39,66.9,76.34,73.55682373046875,392.80035400390625,0.018964463640224194,0.010627809031882762,77.0,0.014678607444195357,114.75,0.011718700598349674,179.4385528564453,0.04805918908030704,11.21910572052002,0.010482404742861995,75.46461486816406,0.0008291812684848576,51.66107177734375,66.9,1.14,106.4369,97.4821,5.5,6.095714285714285,1383.9572777777778
2023-02-02,11.016371726989746,102579800,-0.0579610289673993,-0.041629387967955345,-0.03643300789516313,-0.1311282176873434,4.572857142857143,301.46325,3.5964285714285715,18.73,118.3421,3.4,66.72500000000001,75.87,75.80936431884766,398.518310546875,0.030623135613261354,0.014556902723442677,76.96428571428571,0.03424836867255587,118.68000030517578,-0.016174582907620416,176.5362091064453,0.0617283877156618,11.911643028259277,0.01974331376933547,76.95453643798828,0.010770425854929266,52.21748352050781,66.72500000000001,1.18,106.38160357142857,97.45971071428572,5.517857142857143,6.09,1384.4262222222223
2023-02-03,10.177836418151855,165500200,0.02286606320044493,0.03572241428341871,0.03090121235148957,-0.024561022128916754,4.575714285714286,301.4765,3.592857142857143,18.33,119.5095,3.53,66.55000000000001,73.4,73.47428894042969,394.28240966796875,-0.030801938512461935,-0.010629124852741256,76.92857142857143,-0.02485673188958981,115.7300033569336,-0.03903262005706909,169.64553833007812,-0.01993352742051946,11.674201965332031,-0.012032219031515634,76.02860260009766,-0.013934324432918088,51.4898681640625,66.55000000000001,1.31,106.32630714285713,97.43732142857144,5.535714285714286,6.094285714285714,1384.8951666666667
2023-02-06,10.108596801757812,77262800,0.05899685951361322,-0.013005262824218766,0.050097493950733485,-0.015422044840802007,4.5842857142857145,301.51625,3.5821428571428573,19.43,120.541,3.63,66.025,74.11,73.36749267578125,391.8728332519531,-0.0014535188592981196,-0.0061112957538348445,76.82142857142857,-0.006739880636533968,114.94999694824219,-0.014679853821183642,167.15516662597656,0.005932137206476895,11.743454933166504,-0.026018590054350033,74.05044555664062,-0.008312490368772352,51.061859130859375,66.025,1.38,106.16041785714285,97.37015357142857,5.589285714285714,6.107142857142857,1386.3020000000001
2023-02-07,10.34708023071289,70671100,0.02510419642939432,-0.03496354737919016,-0.01599472796482848,-0.05091901158557377,4.587142857142857,301.5295,3.5785714285714287,18.66,120.3475,3.67,65.85000000000001,77.17,73.53739166259766,396.99798583984375,0.0023157256793169267,0.013078611613261293,76.78571428571429,0.008351515783853847,115.91000366210938,0.02834085264554953,171.89248657226562,0.02695871049841614,12.060043334960938,-0.0020461696651741246,73.89892578125,-0.003353016235405959,50.890647888183594,65.85000000000001,1.36,106.10512142857142,97.34776428571429,5.607142857142857,6.111428571428571,1386.7709444444445
2023-02-08,10.324002265930176,62028400,0.02422723899799184,-0.04389625939714015,-0.04151955646209815,-0.04639147878698635,4.590000000000001,301.54275,3.575,19.63,120.1436,3.63,65.675,78.47,72.9111557006836,392.65692138671875,-0.00851588488190258,-0.01093472664336459,76.75,-0.0010353096608628487,115.79000091552734,-0.0004899181954677312,171.8082733154297,-0.026251016932640203,11.743454933166504,-0.01583334021606264,72.7288589477539,-0.05298568783385671,48.19417190551758,65.675,1.29,106.049825,97.325375,5.625,6.115714285714286,1387.239888888889
2023-02-09,10.377851486206055,78667100,0.017336481293913186,-0.06382973444320628,-0.05200944388173978,-0.05293501192707273,4.592857142857143,301.556,3.5714285714285716,20.71,119.9781,3.67,65.5,78.04,72.77523040771484,389.25286865234375,-0.0018642592023468962,-0.008669279844483957,76.71428571428571,0.0019000018910408922,116.01000213623047,-0.014168142514845328,169.3740692138672,-0.028643634980130228,11.407079696655273,-0.016666601977169737,71.51671600341797,-0.0035524508713243863,48.02296447753906,65.5,1.34,105.99452857142856,97.30298571428571,5.642857142857143,6.12,1387.7088333333334
2023-02-10,10.410563468933105,68205200,0.01256894870746561,-0.05263154519763946,-0.06284355265403452,-0.0718182323682629,4.595714285714286,301.56925,3.567857142857143,20.53,120.1419,3.74,65.325,79.74,71.92082214355469,390.1612854003906,-0.011740371818453,0.0023337445172644244,76.67857142857143,-0.027670020044505805,112.80000305175781,0.0026531294901064317,169.8234405517578,-0.032090201727420054,11.041024208068848,0.006591322936098987,71.98810577392578,0.009804167660926177,48.49378967285156,65.325,1.41,105.93923214285714,97.28059642857143,5.660714285714286,6.148571428571429,1388.177777777778
2023-02-13,10.704972267150879,64201900,-0.06799087427974237,-0.07792220866020483,-0.1054241803791669,-0.099665504882549,4.604285714285715,301.609,3.5571428571428574,20.34,119.9828,3.72,64.8,80.14,72.9742660522461,394.7414245605469,0.014647272893915542,0.011739091835972548,76.57142857142857,-8.867141808388546e-05,112.79000091552734,0.02150060168655532,173.47474670410156,0.04301078148001536,11.515907287597656,0.020346187984367825,73.45278930664062,0.01059119175076595,49.00739669799805,64.8,1.41,105.77334285714285,97.21342857142857,5.714285714285714,6.234285714285715,1389.5846111111111
2023-02-14,10.60683536529541,75352900,-0.05859672023371898,-0.050115567484586676,-0.08866611467124874,-0.1217805349776071,4.607142857142858,301.62225,3.553571428571429,18.91,119.9229,3.77,64.625,79.08,73.84808349609375,394.55975341796875,0.011974323156906275,-0.00046022821846070094,76.53571428571429,0.07367672214860099,121.0999984741211,-0.005666716598464183,172.49171447753906,0.020618528527314828,11.753348350524902,0.012032796529645395,74.33663177490234,-0.004366779935697007,48.793392181396484,64.625,1.46,105.71804642857143,97.19103928571428,5.732142857142857,6.262857142857143,1390.0535555555557
2023-02-15,10.574124336242676,65850000,-0.06651209399759539,-0.029388859241616827,-0.12606345746796943,-0.09948724599610759,4.61,301.6355,3.55,18.23,120.4557,3.81,64.45,78.57,74.71220397949219,395.84100341796875,0.011701325782464522,0.003247290147818882,76.5,0.016267557766519003,123.06999969482422,0.007544484602788559,173.79307556152344,0.02609426482474153,12.060043334960938,0.007247534780028042,74.8753890991211,0.009649051141456422,49.26420211791992,64.45,1.46,105.66275,97.16865,5.75,6.291428571428572,1390.5225
2023-02-16,10.557766914367676,64145500,-0.07978305824036425,0.013168276648618082,-0.1340044971280292,-0.08711227671871347,4.612857142857143,301.64875,3.5464285714285713,20.17,120.4651,3.86,64.275,78.45,73.0810546875,390.3907775878906,-0.02183243439639293,-0.013768724773373764,76.46428571428571,-0.01901353980412035,120.7300033569336,-0.019285753105239056,170.44134521484375,-0.04840022103655639,11.476334571838379,-0.008431876407609562,74.24404907226562,-0.008688110828952267,48.83618927001953,64.275,1.49,105.60745357142856,97.14626071428572,5.767857142857143,6.32,1390.9914444444444
2023-02-17,10.541413307189941,54401000,-0.06439116465928851,0.006981878003411213,-0.09076821375507949,-0.08491059778225363,4.615714285714286,301.66200000000003,3.5428571428571427,20.02,120.5526,3.82,64.10000000000001,76.31,73.09563446044922,389.41546630859375,0.00019950140308688802,-0.00249829487602915,76.42857142857143,-0.009028443112542583,119.63999938964844,0.002471789726163909,170.86264038085938,-0.026724206774430326,11.169638633728027,-0.014285632076894816,73.18342590332031,0.0008764958662295097,48.87899398803711,64.10000000000001,1.46,105.55215714285714,97.12387142857143,5.785714285714286,6.345714285714286,1391.460388888889
2023-02-21,9.977131843566895,77724200,-0.010655833839381623,0.05163929545074586,-0.05901643324401462,-0.03481529578950271,4.627142857142857,301.71500000000003,3.5285714285714285,22.87,120.6256,3.95,63.4,76.28,70.65376281738281,381.6034240722656,-0.0334065318823884,-0.020060944960356153,76.28571428571429,-0.02791705412010903,116.30000305175781,-0.01917803497053938,167.58583068847656,-0.014171785610151422,11.011344909667969,-0.043823388305909594,69.97628021240234,-0.02977234264147466,47.42375183105469,63.4,1.53,105.33097142857143,97.03431428571429,5.857142857142857,6.448571428571428,1393.3361666666667
2023-02-22,9.985309600830078,52844700,0.009009053751372065,0.0630628987209223,-0.06470104741424265,-0.0273133024321236,4.630000000000001,301.72825,3.525,22.29,120.8389,3.93,63.225,73.95,71.01301574707031,381.0774841308594,0.005084696346832285,-0.001378236955511869,76.25,-0.00171972977118251,116.0999984741211,0.019273771374695547,170.8158416748047,-0.00808627437938192,10.922304153442383,0.0006010729910637114,70.01834106445312,0.005415283257876657,47.680564880371094,63.225,1.52,105.27567499999999,97.01192499999999,5.875,6.474285714285714,1393.805111111111
2023-02-23,9.870817184448242,57952800,0.03976830820975086,0.031483139332552756,-0.046395844295171296,-0.049585123216694504,4.6328571428571435,301.74150000000003,3.5214285714285714,21.14,121.0896,3.88,63.050000000000004,75.26,70.95476531982422,383.10467529296875,-0.0008202781790533908,0.005319629856203267,76.21428571428571,0.002928544115019527,116.44000244140625,-0.003891523644418471,170.15110778808594,-0.013586992111843443,10.773902893066406,-0.002163674330238341,69.8668441772461,0.014362469071956374,48.36537551879883,63.050000000000004,1.49,105.22037857142857,96.98953571428571,5.892857142857143,6.5,1394.2740555555556
2023-02-24,9.715435981750488,50631600,0.10101024081478127,0.018518807547343252,-0.030303101692654266,-0.030123467551448235,4.635714285714286,301.75475,3.517857142857143,21.67,121.5681,3.95,62.875,76.19,69.83821105957031,379.0121765136719,-0.015736141966238737,-0.010682455848828432,76.17857142857143,-0.012882170805130433,114.94000244140625,-0.0004952908804869427,170.06683349609375,-0.027548194003924498,10.47710132598877,0.009879458420651632,70.55709075927734,-0.0017698196493912688,48.27977752685547,62.875,1.57,105.16508214285714,96.96714642857143,5.910714285714286,6.521428571428571,1394.743
2023-02-27,9.862639427185059,60378100,0.07628513110044377,-0.0024875922561096164,-0.038142565550221885,0.015008421707515485,4.644285714285715,301.7945,3.507142857142857,20.95,121.3941,3.92,62.35,75.57,70.70230865478516,380.3030700683594,0.012372848360588495,0.003405942169356413,76.07142857142857,0.01174524487076889,116.29000091552734,0.0012110717329865128,170.27279663085938,0.022662858317334944,10.714542388916016,-0.014196924997991522,69.5553970336914,0.004432749216316312,48.49378967285156,62.35,1.56,104.99919285714286,96.89997857142856,5.964285714285714,6.585714285714286,1396.1498333333334
2023-02-28,9.870817184448242,59796800,0.06296608543402882,-0.011598888612139091,-0.0016570530985472454,0.05610966713821486,4.647142857142858,301.80775,3.5035714285714286,20.7,121.3341,3.92,62.175,76.88,70.65376281738281,378.8974609375,-0.0006866230866572343,-0.0036960236229666155,76.03571428571429,-8.601028593790971e-05,116.27999877929688,0.0059077884949885195,171.2787322998047,-0.019390633494650422,10.506780624389648,0.0058090781104920275,69.9594497680664,-0.0059785141322348245,48.2038688659668,62.175,1.49,104.94389642857142,96.87758928571428,5.982142857142857,6.607142857142858,1396.6187777777777
2023-03-01,10.075267791748047,85328800,0.05357121897824868,-0.04951317048384973,-0.0024351887855803556,-0.013809026375043443,4.65,301.821,3.5,20.58,120.6347,4.01,62.0,77.57,69.76538848876953,377.4440612792969,-0.012573630804483038,-0.0038358653937848874,76.0,0.01565187232482379,118.0999984741211,-0.0058730915125208005,170.27279663085938,-0.002824775681713909,10.47710132598877,-0.006858329993538526,69.47964477539062,0.0008976480955149579,48.24713897705078,62.0,1.57,104.8886,96.8552,6.0,6.628571428571429,1397.0877222222223
2023-03-02,10.263362884521484,78214100,-0.007968283714535618,-0.058167523329488935,0.003983863096497009,-0.023008170664034155,4.655806451612904,301.85403225806454,3.496774193548387,19.59,121.1302,4.08,62.05483870967742,78.05,69.5323715209961,380.3794860839844,-0.003340008173407516,0.0077771121758765105,75.80645161290323,-0.00990684321813684,116.93000030517578,0.0024846316846727223,170.69586181640625,0.01605292245056167,10.645289421081543,-0.0212020947780327,68.00653076171875,0.005381216407918554,48.50676727294922,62.05483870967742,1.6,104.41449032258065,96.8848322580645,5.993548387096774,6.65,1397.5566666666666
2023-03-03,10.696794509887695,80080200,-0.0749234023530897,-0.1360857073418018,-0.03058101876163144,-0.0409215896505849,4.661612903225807,301.88706451612904,3.4935483870967743,18.49,120.7742,3.97,62.10967741935484,79.62,71.02758026123047,386.4800109863281,0.021503778851881705,0.016037996594266524,75.61290322580645,0.020268560167592264,119.30000305175781,0.009693186316208413,172.35044860839844,0.03252778637559417,10.991557121276855,0.030573208678006836,70.08570861816406,0.001784164184313708,48.59331130981445,62.10967741935484,1.45,103.94038064516128,96.91446451612903,5.987096774193549,6.661428571428572,1398.0256111111112
2023-03-06,10.615012168884277,50571200,-0.07318945610259675,-0.13867468800331195,-0.020030641525151216,-0.01793184169797135,4.679032258064517,301.9861612903226,3.4838709677419355,18.61,120.485,3.98,62.274193548387096,80.39,70.50812530517578,386.74774169921875,-0.007313426054276317,0.0006927414233075524,75.03225806451613,-0.007124946200938953,118.44999694824219,-0.016145766518204874,169.56771850585938,-0.0036003697198633278,10.951983451843262,-0.011530246104133224,69.27760314941406,-0.016028643998541425,47.81442642211914,62.274193548387096,1.49,102.51805161290322,97.00336129032257,5.967741935483871,6.695714285714286,1399.4324444444444
2023-03-07,10.49234390258789,46540400,-0.07014802736224801,-0.08651602160330563,-0.03117691114904353,0.020381257260030372,4.68483870967742,302.01919354838714,3.4806451612903224,19.59,121.4623,3.97,62.329032258064515,77.45,69.54692077636719,380.8193359375,-0.013632535607042029,-0.015328869758027941,74.83870967741936,-0.01578721118924653,116.58000183105469,-0.014414561959687933,167.12347412109375,-0.01806680902721325,10.75411605834961,-0.0004859942685053742,69.24393463134766,-0.011764710575370763,47.25190353393555,62.329032258064515,1.59,102.04394193548387,97.0329935483871,5.961290322580645,6.707142857142857,1399.901388888889
2023-03-08,10.615012168884277,46421000,-0.09784282980135839,-0.11556228492377851,-0.05007696318102628,0.06007215932730592,4.690645161290323,302.05222580645164,3.47741935483871,19.11,121.4511,3.98,62.383870967741935,76.56,69.42070770263672,381.4408874511719,-0.001814790249827336,0.0016321427380827647,74.64516129032258,0.00274489354776275,116.9000015258789,0.0023061182527917,167.50888061523438,-0.03127883206396875,10.417739868164062,-0.013493807418977322,68.3095703125,0.0027472786965287987,47.381717681884766,62.383870967741935,1.66,101.56983225806451,97.0626258064516,5.95483870967742,6.718571428571429,1400.3703333333333
2023-03-09,10.181581497192383,65423500,-0.05060245432768817,-0.08273094769449918,0.02168672599760102,0.10438610804144788,4.696451612903226,302.08525806451615,3.4741935483870967,22.61,121.4458,3.93,62.438709677419354,75.6,67.76528930664062,374.40338134765625,-0.023846175741784048,-0.018449794804487274,74.45161290322581,-0.029683500217362657,113.43000030517578,-0.017846917733161494,164.5193634033203,-0.051281917487993156,9.883498191833496,-0.026493967926632278,66.4997787475586,-0.009132318259169936,46.949012756347656,62.438709677419354,1.63,101.09572258064516,97.09225806451613,5.948387096774193,6.73,1400.8392777777779
2023-03-10,9.895354270935059,73897400,-0.06611593585254327,-0.04876045570796772,0.06363598952239058,0.14971919416971669,4.702258064516129,302.11829032258066,3.4709677419354836,24.8,121.2421,3.7,62.49354838709677,76.55,67.09049987792969,369.0009460449219,-0.00995774437939001,-0.014429451153161188,74.25806451612904,-0.020717609695835137,111.08000183105469,-0.024342926751314997,160.5144805908203,-0.030030108266442923,9.586695671081543,-0.0049365215053843725,66.17150115966797,-0.010138289136894962,46.47303009033203,62.49354838709677,1.44,100.62161290322581,97.12189032258064,5.941935483870967,6.711428571428572,1401.3082222222222
2023-03-13,9.838105201721191,119167600,-0.07065654607827199,-0.042394043971108575,0.05320036320275667,0.15977606051026938,4.719677419354839,302.21738709677425,3.4612903225806453,26.52,120.8897,3.55,62.65806451612903,74.68,67.23127746582031,368.4750671386719,0.0020983237290939094,-0.0014251424336076957,73.6774193548387,-0.007472108546748735,110.25,0.004451076797829412,161.22894287109375,-0.046439653737687325,9.14149284362793,-0.036128116500067864,63.78084945678711,0.0009309979638216781,46.51629638671875,62.65806451612903,1.31,99.19928387096773,97.21078709677418,5.922580645161291,6.655714285714286,1402.7150555555556
2023-03-14,9.756326675415039,93844200,-0.017602795630605295,-0.02766139634906284,0.04442560054739619,0.1992017790376579,4.725483870967742,302.25041935483875,3.458064516129032,23.73,121.0141,3.64,62.71290322580645,71.18,68.37210845947266,374.5660095214844,0.016968753780297163,0.016530134399894703,73.48387096774194,0.024943310657596474,113.0,0.015860140257232924,163.7860565185547,-0.018398213978331968,8.973305702209473,-0.012274034680028745,62.99800109863281,0.013023406326800213,47.12209701538086,62.71290322580645,1.33,98.72517419354838,97.2404193548387,5.916129032258064,6.637142857142857,1403.184
2023-03-15,9.576409339904785,108909300,-0.019641206330509475,0.029035034580668695,0.06917179375822147,0.22778427685726754,4.731290322580645,302.28345161290326,3.454838709677419,26.14,122.1079,3.51,62.76774193548387,67.38,68.27017211914062,372.2232666015625,-0.0014909053213190138,-0.006254552896870602,73.29032258064517,-0.037522104989110905,108.76000213623047,-0.01721949084036034,160.9657440185547,-0.037486211623037224,8.636930465698242,0.009487029254448887,63.595664978027344,-0.013774151961806202,46.47303009033203,62.76774193548387,1.22,98.25106451612903,97.27005161290322,5.909677419354838,6.618571428571428,1403.6529444444445
2023-03-16,9.66636848449707,74017200,-0.033840927347309924,0.039763032904160056,0.0727581565840778,0.23777274529144954,4.737096774193549,302.3164838709678,3.4516129032258065,22.99,121.7221,3.56,62.82258064516129,68.15,69.50322723388672,378.7540283203125,0.018061403340162263,0.017545280762206295,73.09677419354838,0.03135340167098888,112.16999816894531,0.0028616792164526395,161.42637634277344,0.03436424181674158,8.933732032775879,0.020383868681012052,64.8919906616211,0.004655482323761673,46.68938446044922,62.82258064516129,1.34,97.77695483870967,97.29968387096774,5.903225806451613,6.6,1404.1218888888889
2023-03-17,9.241113662719727,249885100,0.01858419134758371,0.11504425692027143,0.12654857941323083,0.2920441774569893,4.742903225806452,302.3495161290323,3.4483870967741934,25.51,121.5643,3.39,62.877419354838715,66.61,68.61483001708984,374.3253479003906,-0.012782100229782323,-0.011692761234942006,72.90322580645162,-0.04430775877536819,107.19999694824219,-0.030516561730007274,156.5001983642578,-0.053156181289809035,8.45884895324707,-0.004669789265163371,64.58895874023438,-0.008341052974906615,46.29994583129883,62.877419354838715,1.29,97.30284516129032,97.32931612903225,5.896774193548387,6.574285714285714,1404.5908333333334
2023-03-20,9.14297866821289,74975100,0.030411256449807356,0.13416819754194909,0.09302315150721152,0.2877997202075955,4.760322580645162,302.4486129032258,3.4387096774193546,24.15,121.0141,3.47,63.04193548387097,67.56,68.91188049316406,377.92474365234375,0.004329245966218087,0.009615687989451782,72.3225806451613,0.015018662837545493,108.80999755859375,0.018682194146735887,159.42396545410156,0.007017562847910108,8.518209457397461,0.018245638571363187,65.76742553710938,0.020560665580589,47.25190353393555,63.04193548387097,1.33,95.88051612903226,97.41821290322581,5.877419354838709,6.497142857142857,1405.9976666666666
2023-03-21,9.584588050842285,74794900,-0.010238832799727038,0.08532433633703085,0.01279888925250905,0.21118639895508218,4.766129032258065,302.4816451612904,3.435483870967742,21.38,120.8958,3.59,63.09677419354839,69.4,70.81580352783203,382.8870544433594,0.027628371494764714,0.013130420472231563,72.12903225806451,0.019943073679156154,110.9800033569336,0.01651137551661752,162.0562744140625,0.059233384721657734,9.022771835327148,-0.004607629368367672,65.46439361572266,0.006410290048207035,47.55480194091797,63.09677419354839,1.36,95.4064064516129,97.44784516129032,5.870967741935484,6.4714285714285715,1406.4666111111112
2023-03-22,9.388317108154297,69729100,0.049651455391125365,0.08275262881380652,0.028745584783334,0.2515006556035515,4.771935483870968,302.5146774193549,3.432258064516129,22.26,120.6217,3.48,63.15161290322581,70.71,69.23812866210938,376.3602294921875,-0.022278570419702937,-0.017046345326719337,71.93548387096774,-0.02901424692110488,107.76000213623047,-0.009977948349045085,160.4392852783203,-0.014254319441094454,8.894158363342285,-0.011841200370745542,64.68921661376953,-0.016378599872326816,46.77592086791992,63.15161290322581,1.2,94.93229677419355,97.47747741935483,5.864516129032258,6.445714285714286,1406.9355555555555
2023-03-23,9.339249610900879,74225300,0.07618203082167696,0.07968466583946987,0.06479849254251513,0.24300379264065763,4.7777419354838715,302.5477096774194,3.4290322580645163,22.61,119.7587,3.38,63.20645161290323,69.77,69.16509246826172,377.3775939941406,-0.001054855110311892,0.0027031668657599983,71.74193548387096,-0.0005568410059274553,107.69999694824219,-0.006035541800223698,159.470947265625,0.02558405078337911,9.12170696258545,-0.01777744754801447,63.539207458496094,0.0027752344697984377,46.90573501586914,63.20645161290323,1.19,94.45818709677418,97.50710967741935,5.858064516129033,6.42,1407.4045
2023-03-24,9.41285228729248,72425300,0.09470014004936722,0.10512587979178711,0.03536066688746842,0.24120122094112406,4.783548387096775,302.5807419354839,3.425806451612903,21.74,120.4598,3.38,63.26129032258065,69.22,68.94107055664062,379.85400390625,-0.0032389447281356842,0.006562154064048142,71.54838709677419,-0.004828195522756595,107.18000030517578,0.0006484492332281544,159.57435607910156,0.0010846015333509929,9.131600379943848,-0.003619805021750744,63.309207916259766,0.008302824230564276,47.29518508911133,63.26129032258065,1.16,93.98407741935483,97.53674193548386,5.851612903225806,6.405714285714286,1407.8734444444444
2023-03-27,9.421028137207031,55941100,0.10069468907941403,0.11718750632676644,0.01424747314009256,0.26649099513861385,4.800967741935484,302.6798387096774,3.4161290322580644,20.6,120.2541,3.53,63.42580645161291,72.87,69.08230590820312,380.5642395019531,0.00204863879284356,0.0018697594033481035,70.96774193548387,0.008583673878762577,108.0999984741211,0.013609183136328529,161.74603271484375,-0.047670763684055095,8.696290016174316,-0.006323824067648531,62.908851623535156,0.003659417224296968,47.468257904052734,63.42580645161291,1.29,92.56174838709677,97.62563870967742,5.832258064516129,6.362857142857143,1409.2802777777779
2023-03-28,9.48645305633545,41385900,0.09655174632388985,0.09224131613236075,0.01336236375277755,0.29092423074599294,4.806774193548387,302.71287096774194,3.4129032258064513,19.97,119.7138,3.55,63.480645161290326,73.12,68.99952697753906,379.71002197265625,-0.001198265309413138,-0.0022446079810725106,70.7741935483871,-0.0011100381025095363,107.9800033569336,0.0030223992253721743,162.23489379882812,0.0614335058611839,9.230533599853516,-0.007176685619426304,62.457374572753906,0.005469674615355968,47.7278938293457,63.480645161290326,1.24,92.08763870967742,97.65527096774193,5.825806451612903,6.348571428571429,1409.7492222222222
2023-03-29,9.854460716247559,48655400,0.03153539515681136,0.03402485843863112,-0.0017945155354838205,0.25615942320014495,4.81258064516129,302.7459032258065,3.4096774193548387,19.12,119.7258,3.57,63.535483870967745,72.95,70.30937957763672,385.2290344238281,0.018983501155363625,0.014534808490172857,70.58064516129032,0.01463228516892534,109.55999755859375,0.0035348195194495613,162.80836486816406,0.06002149414252589,9.784564018249512,0.021003887783330732,63.769222259521484,0.007252800425461725,48.07405471801758,63.535483870967745,1.24,91.61352903225806,97.68490322580645,5.819354838709677,6.3342857142857145,1410.2181666666668
2023-03-30,10.050732612609863,57751300,0.003254686398284079,0.018714470511645542,-0.006458513873811245,0.2464579749210476,4.8183870967741935,302.778935483871,3.4064516129032256,19.02,119.4078,3.55,63.590322580645164,74.32,70.92292785644531,387.4847106933594,0.008726407237473977,0.005855416045950301,70.38709677419355,0.00310335866065814,109.9000015258789,0.0056587704615893575,163.7296600341797,0.027300277713368182,10.051685333251953,0.006144567005044399,64.16105651855469,0.002700295382003004,48.2038688659668,63.590322580645164,1.21,91.13941935483871,97.71453548387096,5.812903225806451,6.32,1410.687111111111
2023-03-31,10.304250717163086,66868200,0.00952383155989156,0.006349313591471839,-0.051795361131498185,0.22463018716698802,4.824193548387097,302.8119677419355,3.403225806451613,18.7,119.3602,3.48,63.645161290322584,75.68,72.817138671875,392.94610595703125,0.026708017740944667,0.014094479376745905,70.19354838709677,0.020837132700021854,112.19000244140625,0.027388339084863933,168.2139434814453,-0.0009842545832259297,10.041791915893555,0.03916635492414855,66.67401123046875,0.021544108249570426,49.24237823486328,63.645161290322584,1.16,90.66530967741934,97.74416774193548,5.806451612903226,6.314285714285715,1411.1560555555557
2023-04-03,10.369675636291504,55956300,0.014984007291928059,0.003943019442045337,-0.05857647194394611,0.22568714291849834,4.8453333333333335,302.87760000000003,3.413333333333333,18.55,119.3204,3.43,63.38666666666667,80.4,72.15001678466797,394.4434509277344,-0.009161605349712887,0.0038105606545109083,70.46666666666667,-0.015152906147092637,110.48999786376953,-0.0031853937053550885,167.67811584472656,-0.017733942335032893,9.8637113571167,0.0030664498936732176,66.87846374511719,-0.0070302001906636935,48.89619445800781,63.38666666666667,1.14,90.30782666666666,97.76191999999999,5.819999999999999,6.297142857142857,1411.6165604395605
2023-04-04,10.402386665344238,54655700,-0.003930895378151944,-0.03930822035420323,-0.07984438139210559,0.19238146874870798,4.853,302.89390000000003,3.42,19.0,119.142,3.35,63.230000000000004,80.7,72.03315734863281,392.2550354003906,-0.0016196730263268178,-0.005548109677563584,70.7,-0.029595408691184932,107.22000122070312,-0.016763926463239986,164.86717224121094,-0.012036139745221108,9.744990348815918,-0.00853398409791406,66.30772399902344,-0.007079583742788609,48.55002975463867,63.230000000000004,1.1,90.36614,97.75598,5.83,6.291428571428572,1411.6123406593406
2023-04-05,10.1652250289917,53332900,0.0024133571116495833,-0.045052115998379216,-0.02335085309509488,0.22020054205779505,4.860666666666667,302.91020000000003,3.4266666666666667,19.08,119.2953,3.3,63.07333333333334,80.69,70.55773162841797,391.22802734375,-0.020482591274931128,-0.002618215099756016,70.93333333333334,-0.025368412513857685,104.5,0.008097190722400782,166.20213317871094,-0.01928939106978289,9.557015419006348,-0.020041223847054312,64.97883605957031,0.008021466635876662,48.93947219848633,63.07333333333334,1.07,90.42445333333333,97.75004,5.84,6.285714285714286,1411.6081208791209
2023-04-06,10.083444595336914,36355800,0.015409630598250734,-0.04217356655819804,-0.01296610751388072,0.23748725321939568,4.868333333333333,302.92650000000003,3.433333333333333,18.4,119.3072,3.3,62.91666666666667,80.7,70.57234191894531,392.7541809082031,0.00020706859744712425,0.003900931062672086,71.16666666666667,-0.014162711549603801,103.0199966430664,0.0004524328963886326,166.27732849121094,0.00724639633530999,9.626269340515137,-0.015731417019279048,63.956626892089844,-0.00530508982290312,48.67984390258789,62.91666666666667,1.06,90.48276666666666,97.7441,5.85,6.28,1411.6039010989011
2023-04-10,10.402386665344238,61326200,-0.003144569617058335,-0.04402525813661973,-0.05596499644791986,0.21228118539823226,4.899,302.99170000000004,3.46,18.97,119.7948,3.41,62.29,79.79,70.88399505615234,393.1572265625,0.0044160804180903845,0.001026203345219301,72.1,0.012813043465703222,104.33999633789062,0.0016961314016847862,166.55935668945312,0.01438852769625143,9.764777183532715,-0.001598189557508789,63.85441207885742,-0.014222017503310203,47.987518310546875,62.29,1.14,90.71602,97.72034,5.89,6.274285714285714,1411.587021978022
2023-04-11,10.525054931640625,63633600,-0.010877991939342135,-0.07404787102947363,-0.0646075865868333,0.19736542615654495,4.906666666666666,303.00800000000004,3.466666666666667,19.1,119.5248,3.43,62.13333333333333,81.54,70.99596405029297,393.2628173828125,0.0015796089660569113,0.0002685714853463139,72.33333333333333,0.006037999855513787,104.97000122070312,0.005474991191533274,167.4712677001953,0.017223956259483808,9.932965278625488,0.0038686183583525047,64.1014404296875,-0.009017269174634523,47.55480194091797,62.13333333333333,1.14,90.77433333333333,97.7144,5.8999999999999995,6.272857142857142,1411.5828021978023
2023-04-12,10.361495971679688,53845500,-0.03551693834483716,-0.07781134995751426,-0.051440079611104306,0.21386887730082127,4.914333333333333,303.02430000000004,3.473333333333333,19.09,119.003,3.41,61.97666666666667,83.26,69.8954849243164,391.65985107421875,-0.015500587120656495,-0.004076068821511236,72.56666666666666,-0.007430682768659769,104.19000244140625,-0.005332745594532895,166.57818603515625,-0.04183277776545635,9.517441749572754,-0.027641234653478564,62.32959747314453,0.0027296997979979754,47.68461227416992,61.97666666666667,1.14,90.83264666666666,97.70846,5.91,6.271428571428571,1411.5785824175823
2023-04-13,10.189757347106934,75485700,-0.04735119776016905,-0.05658062647318818,-0.05170507270418967,0.21726285209694018,4.922,303.04060000000004,3.48,17.8,118.3915,3.45,61.82,82.16,71.4390869140625,396.8622741699219,0.02208443065267418,0.01328301351653538,72.8,0.01775600758970608,106.04000091552734,0.013262595095956176,168.78744506835938,0.015592557777686311,9.66584300994873,0.0002732670189047326,62.34663009643555,0.015426509981612435,48.42021942138672,61.82,1.16,90.89095999999999,97.70251999999999,5.92,6.27,1411.5743626373626
2023-04-14,10.238826751708984,43542000,-0.05670932737019885,-0.039267196140753136,-0.05867576089390392,0.1394549909148386,4.929666666666667,303.05690000000004,3.486666666666667,17.07,118.8567,3.52,61.663333333333334,82.58,71.5316162109375,395.8927917480469,0.0012952194781872262,-0.002442868685119448,73.03333333333333,0.00971330413432736,107.06999969482422,-0.008911867972004939,167.28323364257812,-0.01740015239698678,9.497655868530273,0.0025960922784458162,62.508487701416016,-0.00804297147971289,48.03077697753906,61.663333333333334,1.22,90.94927333333334,97.69658,5.93,6.2871428571428565,1411.5701428571429
2023-04-17,10.369675636291504,40191100,-0.04100964620703029,-0.03701714818916235,-0.10169521142112681,0.13146503579885316,4.9526666666666666,303.1058,3.506666666666667,16.95,119.2787,3.6,61.193333333333335,80.93,72.03803253173828,397.3133544921875,0.0070796152474372764,0.003588251096636963,73.73333333333333,0.004950021302022156,107.5999984741211,0.005282916087221423,168.16697692871094,0.015624940380644103,9.646056175231934,-0.0009539109831581127,62.44886016845703,0.0,48.03077697753906,61.193333333333335,1.28,91.12421333333333,97.67876,5.96,6.338571428571428,1411.5574835164834
2023-04-18,10.410563468933105,38865900,-0.06386459766878183,-0.0614784339738117,-0.08533924646584767,0.12145369841173737,4.960333333333333,303.1221,3.513333333333333,16.83,119.1049,3.58,61.03666666666667,80.85,72.15489959716797,397.572509765625,0.0016222967413526135,0.0006522692240453765,73.96666666666667,-0.0008363972041530721,107.51000213623047,0.0023478832348198253,168.5618133544922,0.009230793871407794,9.73509693145752,0.009139252980069124,63.019596099853516,0.005405456922336516,48.2904052734375,61.03666666666667,1.3,91.18252666666666,97.67282,5.97,6.355714285714285,1411.5532637362637
2023-04-19,9.993487358093262,69451800,-0.0438518967249617,-0.02313814262160907,-0.035566318739955416,0.16245741097064204,4.968,303.1384,3.52,16.46,119.303,3.6,60.88,79.18,72.08673858642578,397.5053405761719,-0.000944648403957582,-0.0001689482743481019,74.2,-0.000930131821543223,107.41000366210938,0.003959855767250664,169.2292938232422,-0.004065051402386888,9.695523262023926,-0.017166974098208998,61.937740325927734,-0.007168316080840231,47.944244384765625,60.88,1.32,91.24084,97.66688,5.9799999999999995,6.372857142857143,1411.549043956044
2023-04-20,9.707260131835938,79563100,-0.009688175423429035,-0.013953020002357874,-0.006276181868196673,0.1882036192871459,4.975666666666666,303.1547,3.526666666666667,17.17,119.1199,3.54,60.723333333333336,77.27,70.97650146484375,395.3361511230469,-0.015401405908396781,-0.005457007068083275,74.43333333333334,-0.012382476358893113,106.08000183105469,-0.011221654063964581,167.33026123046875,-0.04795921268032155,9.230533599853516,-0.00178775035941936,61.82701110839844,-0.0054152925742678715,47.68461227416992,60.723333333333336,1.28,91.29915333333334,97.66094,5.989999999999999,6.39,1411.5448241758243
2023-04-21,9.65818977355957,46926500,0.01849072797552287,0.027921234250315896,-0.002942034369122992,0.20984016937902594,4.983333333333333,303.171,3.533333333333333,16.77,119.3117,3.57,60.56666666666667,77.86,71.7604751586914,395.64324951171875,0.011045538701790925,0.0007768032035508909,74.66666666666667,-0.0074472181550818695,105.29000091552734,0.0005619106640466498,167.42428588867188,0.005359071201775034,9.280000686645508,0.0024799507390986797,61.98033905029297,0.00362969176179484,47.85769271850586,60.56666666666667,1.29,91.35746666666667,97.655,6.0,6.395714285714285,1411.5406043956043
2023-04-24,9.944418907165527,57794700,0.004163230633214443,0.0008328954678307188,-0.023313688764081908,0.1430327502937192,5.006333333333333,303.2199,3.5533333333333332,16.89,119.2039,3.52,60.096666666666664,78.64,71.750732421875,396.0559997558594,-0.00013576745130050583,0.00104323843424603,75.36666666666666,0.0030392220727679664,105.61000061035156,0.005783645716429309,168.39260864257812,-0.010661009295651946,9.181066513061523,0.010857733496293154,62.65330505371094,0.0009042208958083275,47.90096664428711,60.096666666666664,1.24,91.53240666666667,97.63718,6.029999999999999,6.412857142857143,1411.5279450549451
2023-04-25,9.745697021484375,63114700,0.002548951454060866,0.007646462938433851,-0.0373832187244596,0.1740698597450423,5.013999999999999,303.2362,3.56,18.76,119.613,3.4,59.94,77.05,70.32886505126953,389.7690734863281,-0.019816764548761245,-0.015873831663721027,75.6,-0.031152361485782154,102.31999969482422,-0.046281829880956304,160.59909057617188,-0.03448274787510108,8.86447811126709,-0.029639760577509167,60.7962760925293,-0.022583587369258695,46.819190979003906,59.94,1.15,91.59072,97.63124,6.04,6.418571428571428,1411.5237252747252
2023-04-26,9.555253982543945,58105300,0.02166375065996906,0.030329131156425326,-0.013864688639350975,0.20272560959178243,5.0216666666666665,303.2525,3.566666666666667,18.84,119.3228,3.43,59.78333333333333,74.33,69.96854400634766,388.11810302734375,-0.0051233735203775055,-0.004235765665595581,75.83333333333333,0.005277569557641915,102.86000061035156,-0.033425013268380765,155.23106384277344,-0.02232138102322745,8.666610717773438,0.0019617403840368475,60.91554260253906,-0.009242041916767807,46.3864860534668,59.78333333333333,1.18,91.64903333333334,97.62530000000001,6.05,6.424285714285714,1411.5195054945054
2023-04-27,9.613214492797852,53280300,-0.004306567358975277,0.02239472565287981,0.0413438799641197,0.15455121562241003,5.029333333333333,303.2688,3.5733333333333333,17.03,119.4298,3.53,59.626666666666665,74.77,71.81403350830078,395.8448181152344,0.026375988355362923,0.019908154315971816,76.06666666666666,-0.011763553152758677,101.6500015258789,0.026284000655446116,159.3111572265625,0.01598166732690709,8.8051176071167,0.028247608250268508,62.636260986328125,0.018656672537584296,47.25190353393555,59.626666666666665,1.26,91.70734666666667,97.61936,6.06,6.43,1411.5152857142857
2023-04-28,9.836776733398438,55045000,0.00925929516662194,-0.017676677581930367,0.05976436525750661,0.12405696852463999,5.037,303.2851,3.58,15.78,119.2248,3.44,59.47,76.78,71.99907684326172,399.2234191894531,0.0025767015988531483,0.008535165599250494,76.3,0.011903581567233035,102.86000061035156,0.02962315633483703,164.03045654296875,0.03483155498825652,9.11181354522705,0.013463810588731029,63.479583740234375,0.004578744006827229,47.468257904052734,59.47,1.26,91.76566,97.61342,6.069999999999999,6.424285714285714,1411.511065934066
2023-05-01,9.985819816589355,59834200,-0.003316527695685134,-0.03482578512182011,-0.004975221306381616,0.12488249567300436,5.06,303.334,3.6,16.08,119.4435,3.59,59.0,75.65,71.28814697265625,398.8202819824219,-0.009874152583277285,-0.0010098035026345764,77.0,-0.00651369011247982,102.19000244140625,0.0011464292691094613,164.218505859375,0.030401712127433367,9.38882827758789,-0.011674564527938358,62.738487243652344,0.008204110107438156,47.85769271850586,59.0,1.36,91.9406,97.5956,6.1,6.407142857142857,1411.4984065934066
2023-05-02,9.770538330078125,91090400,0.005084551210172483,-0.046610435843216336,0.02627115732397134,0.11711373340288178,5.0606451612903225,303.35593548387095,3.6,17.78,119.6105,3.44,59.16774193548387,71.71,71.36119079589844,394.337890625,0.0010246278847758639,-0.011239125891845836,77.19354838709677,-0.009394256400209966,101.2300033569336,-0.007556523633033496,162.9775848388672,-0.004214974250627224,9.349254608154297,-0.006109864714220925,62.35516357421875,-0.012658136031202027,47.25190353393555,59.16774193548387,1.24,92.24194516129033,97.57386129032258,6.090322580645161,6.401428571428571,1411.4941868131868
2023-05-03,9.762256622314453,94050700,0.008481636439443774,-0.024597058282212148,0.05089069784617117,0.12320587530777227,5.0612903225806445,303.37787096774196,3.6,18.34,119.1233,3.38,59.33548387096774,68.62,70.79634857177734,391.6311340332031,-0.007915257828819189,-0.006864054041337053,77.38709677419355,-0.013731176261467137,99.83999633789062,-0.014882455119180515,160.5520782470703,-0.00211630572401178,9.329468727111816,-0.005737783946587194,61.99738311767578,-0.0833333669712839,43.31424331665039,59.33548387096774,1.18,92.54329032258065,97.55212258064516,6.080645161290322,6.395714285714285,1411.4899670329671
2023-05-04,9.57181453704834,79792900,0.026816781286817637,0.0069204500449595585,0.0891002338898701,0.1271896600252571,5.061935483870967,303.3998064516129,3.6,20.09,119.0465,3.37,59.50322580645161,68.52,70.25094604492188,388.85723876953125,-0.007703822836321983,-0.007082928354303686,77.58064516129032,-0.07802477535925556,92.05000305175781,-0.01540001032128957,158.07957458496094,-0.004241792388305132,9.289895057678223,-0.016213393819757282,60.99219512939453,0.019980150721705003,44.17966842651367,59.50322580645161,1.18,92.84463548387097,97.53038387096774,6.070967741935483,6.39,1411.4857472527472
2023-05-05,9.927858352661133,64173300,-0.02668885278297628,-0.028356846044145123,0.07839885326904206,0.09098055986706766,5.06258064516129,303.42174193548385,3.6,17.19,118.5548,3.44,59.670967741935485,71.32,71.6728286743164,396.0559997558594,0.020240049557272988,0.018512606346502203,77.7741935483871,0.014883162105026493,93.41999816894531,0.023372130028630478,161.77423095703125,0.06602755051476916,9.903284072875977,0.02751405395472739,62.67033767700195,0.020568003878621344,45.088356018066406,59.670967741935485,1.23,93.14598064516129,97.50864516129033,6.0612903225806445,6.384285714285714,1411.4815274725274
2023-05-08,9.952701568603516,49943800,-0.03161410648586971,-0.03244611717485468,0.13061552118192088,0.08321132170786116,5.064516129032258,303.48754838709675,3.6,16.98,118.5759,3.52,60.174193548387095,73.13,71.91629791259766,396.1614685058594,0.0033969531101887274,0.0002662975691947178,78.35483870967742,0.005887423062920227,93.97000122070312,-0.0013947321061728024,161.54859924316406,0.059940028962825354,10.49688720703125,-0.015087785955428035,61.72478103637695,0.0038386949452444696,45.261436462402344,60.174193548387095,1.29,94.05001612903226,97.44342903225807,6.032258064516129,6.3671428571428565,1411.468868131868
2023-05-09,9.82021713256836,42878300,-0.051433470936495196,-0.010960991115681051,0.1450253096848051,0.0850396475017976,5.06516129032258,303.50948387096776,3.6,17.71,118.8239,3.53,60.34193548387097,73.68,71.89682006835938,394.4242858886719,-0.00027084047432412994,-0.004385036797595054,78.54838709677419,-0.006385000173745881,93.37000274658203,-0.009951215844644867,159.9409942626953,0.003770038550770183,10.536460876464844,0.002622246725915156,61.88663864135742,-0.01434039605852977,44.612369537353516,60.34193548387097,1.3,94.35136129032259,97.42169032258064,6.02258064516129,6.361428571428571,1411.4646483516483
2023-05-10,9.845056533813477,49193100,-0.03280049286613085,-0.04709826034142217,0.15559303284127446,0.03384085887347932,5.065806451612903,303.5314193548387,3.6,16.94,118.5864,3.43,60.50967741935484,72.53,72.26203155517578,396.26715087890625,0.0050796611932093505,0.004672290870939344,78.74193548387096,0.016493529722892974,94.91000366210938,0.013989267015032558,162.17845153808594,-0.015023424460639978,10.378167152404785,-0.005918803620319046,61.52034378051758,0.007759559430570606,44.95854187011719,60.50967741935484,1.26,94.65270645161291,97.39995161290322,6.012903225806451,6.355714285714285,1411.4604285714286
2023-05-11,9.828499794006348,43030800,-0.019376710241260198,-0.0412806065324145,0.1609095114084329,0.033879041860272796,5.066451612903226,303.5533548387097,3.6,16.93,119.0303,3.39,60.67741935483871,70.81,72.59801483154297,395.57598876953125,0.004649513293999208,-0.0017441821958797954,78.93548387096774,-0.006532533164673726,94.29000091552734,-0.0011591446302954278,161.99046325683594,-0.02383219278062343,10.13083267211914,-0.008307833435820755,61.00924301147461,-0.0028873341494697335,44.828731536865234,60.67741935483871,1.23,94.95405161290323,97.37821290322582,6.003225806451613,6.35,1411.4562087912088
2023-05-12,9.662895202636719,45155400,-0.0017137307693826376,0.03598992526854761,0.21079697758056426,0.05679531161791829,5.067096774193548,303.57529032258066,3.6,17.03,119.3671,3.46,60.84516129032258,70.02,71.98446655273438,395.05780029296875,-0.008451309312414113,-0.0013099593789156483,79.12903225806451,-0.016968909307302882,92.69000244140625,0.004874622358060687,162.7801055908203,-0.04003907389926031,9.725203514099121,0.0015357145067902422,61.102935791015625,-0.005791389976992911,44.56911087036133,60.84516129032258,1.28,95.25539677419356,97.3564741935484,5.993548387096774,6.355714285714285,1411.451989010989
2023-05-15,9.638055801391602,53197000,-0.0008591726651094866,0.08161497151164321,0.21993118306977655,0.04041287783362235,5.0690322580645155,303.64109677419356,3.6,17.12,119.1608,3.5,61.348387096774196,71.07,72.07698822021484,396.4207458496094,0.001285300453156557,0.0034499902435285446,79.70967741935483,0.0025892529663189556,92.93000030517578,0.0008086834245770724,162.9117431640625,0.04883014312660361,10.20008659362793,0.013523045158351676,61.92923355102539,0.00582512555072201,44.828731536865234,61.348387096774196,1.31,96.15943225806453,97.29125806451613,5.9645161290322575,6.372857142857143,1411.4393296703297
2023-05-16,9.315129280090332,60514900,0.04266699127658624,0.06666669396775315,0.28444459505543884,0.061205077469733915,5.069677419354838,303.6630322580645,3.6,17.99,119.1743,3.54,61.516129032258064,70.85,71.78482055664062,393.7716369628906,-0.004053549833152981,-0.006682568746600781,79.90322580645162,-0.021844385802544886,90.9000015258789,-0.0294301997717622,158.11721801757812,0.004849673219724959,10.249553680419922,-0.026960258468803566,60.259605407714844,-0.013513668754243535,44.222930908203125,61.516129032258064,1.35,96.46077741935484,97.2695193548387,5.954838709677419,6.378571428571428,1411.43510989011
2023-05-17,9.522133827209473,50077500,-0.01478264553469455,0.05304355742562028,0.2539129692776365,0.03989321241209409,5.070322580645161,303.6849677419355,3.6,16.87,119.607,3.57,61.68387096774194,72.78,73.27973937988281,398.5515441894531,0.02082499909660762,0.012138779886304851,80.09677419354838,0.0325632457072067,93.86000061035156,0.012247873797210485,160.05381774902344,0.06563705054861457,10.922304153442383,0.045236364013887975,62.985530853271484,0.002935448765679638,44.352745056152344,61.68387096774194,1.35,96.76212258064517,97.2477806451613,5.945161290322581,6.384285714285714,1411.43089010989
2023-05-18,9.638055801391602,38181400,-0.022336708213959833,0.06443300244185912,0.2216494294511684,0.038675930123921454,5.070967741935484,303.70690322580646,3.6,16.05,120.0886,3.65,61.851612903225806,71.82,74.41918182373047,402.390869140625,0.015549215287745222,0.009633195523003346,80.29032258064517,0.010334553743825081,94.83000183105469,0.004522709694186,160.77769470214844,0.021739100064560368,11.159745216369629,-0.012172224816744959,62.21885681152344,-0.002926857126540172,44.222930908203125,61.851612903225806,1.42,97.06346774193548,97.22604193548388,5.935483870967742,6.39,1411.4266703296703
2023-05-19,9.64633560180664,43474200,0.03776838087434431,0.08068658207344481,0.20343342445948132,0.03865222410151503,5.071612903225806,303.7288387096774,3.6,16.81,119.7751,3.7,62.01935483870968,71.57,73.79589080810547,401.80535888671875,-0.008375408064836387,-0.0014550783797770972,80.48387096774194,-0.004850775868297186,94.37000274658203,-0.0012863577086129618,160.5708770751953,-0.030141923822072147,10.823369026184082,-0.03436460396191365,60.08073043823242,0.0009786266895865925,44.26620864868164,62.01935483870968,1.46,97.36481290322581,97.20430322580646,5.925806451612903,6.4157142857142855,1411.4224505494506
2023-05-22,9.629775047302246,57417200,0.08254506463993105,0.11177997516427496,0.22012040345228256,0.0317464105900529,5.073548387096774,303.7946451612903,3.6,17.21,120.0875,3.72,62.52258064516129,71.81,73.5670166015625,401.9685363769531,-0.0031014492004456384,0.0004061107862933788,81.06451612903226,0.0006357693848422219,94.43000030517578,-0.00017570746009787364,160.54266357421875,0.025594219818708464,11.100384712219238,-0.0029775610526684426,59.90183639526367,0.003910076428882414,44.439292907714844,62.52258064516129,1.48,98.26884838709678,97.13908709677419,5.896774193548387,6.492857142857143,1411.4097912087911
2023-05-23,9.712577819824219,56843800,0.023017610504561192,0.15856769231615164,0.19522570651358517,0.030706446816181954,5.074193548387097,303.8165806451613,3.6,18.53,120.3204,3.7,62.690322580645166,72.87,72.89505004882812,397.457275390625,-0.00913407371640107,-0.01122292064694741,81.25806451612904,-0.020650184707616814,92.4800033569336,-0.006792681225290642,159.4521484375,-0.016042737562133813,10.922304153442383,-0.011803228535964716,59.194801330566406,-0.002660888103809489,44.321044921875,62.690322580645166,1.44,98.5701935483871,97.11734838709678,5.887096774193548,6.518571428571429,1411.4055714285714
2023-05-24,9.38137149810791,71391000,0.06884389790020018,0.19858777212467804,0.24536628294511353,0.048358654360983744,5.07483870967742,303.83851612903226,3.6,20.03,120.4752,3.73,62.85806451612903,74.37,72.62722778320312,394.5777893066406,-0.003674080276309555,-0.007244768840007687,81.45161290322581,-0.021410070123933922,90.5,-0.028476947433534017,154.91143798828125,-0.033514493228157916,10.556248664855957,-0.004892778904314943,58.905174255371094,-0.01778655344030755,43.5327262878418,62.85806451612903,1.48,98.87153870967742,97.09560967741936,5.877419354838709,6.5442857142857145,1411.4013516483517
2023-05-25,9.422773361206055,51328900,0.0887521413403014,0.20738112891926264,0.2662564240209042,0.05796511793843506,5.075483870967742,303.86045161290326,3.6,19.14,120.8413,3.83,63.02580645161291,71.68,72.30098724365234,397.9948425292969,-0.004491986676465554,0.008660024246830433,81.64516129032258,-0.008729291884280066,89.70999908447266,-0.0012745910375171476,154.7139892578125,0.03092782573792152,10.882730484008789,0.030802625990843824,60.719608306884766,-0.013078430889734483,42.96338653564453,63.02580645161291,1.58,99.17288387096775,97.07387096774194,5.8677419354838705,6.57,1411.397131868132
2023-05-26,10.010662078857422,123257500,0.04135624286696893,0.1397846420004305,0.22332489277827627,-0.005001552833492462,5.0761290322580646,303.8823870967742,3.6,17.95,120.6304,3.8,63.193548387096776,72.35,74.00039672851562,403.14910888671875,0.02350465117628775,0.012950585803238157,81.83870967741936,0.026975790810861433,92.12999725341797,-0.009722530153848385,153.20977783203125,0.025454524741551632,11.159745216369629,0.042789029106164556,63.31774139404297,-0.0020387843155847962,42.87579345703125,63.193548387096776,1.57,99.47422903225807,97.05213225806452,5.858064516129032,6.601428571428571,1411.392912087912
2023-05-30,10.424665451049805,86226900,0.027005721497670665,0.12231940305116051,0.18745045079824862,-0.03247280637347505,5.078709677419355,303.97012903225806,3.6,17.46,120.5546,3.69,63.86451612903226,69.45,74.4970932006836,403.3027648925781,0.006712078503986918,0.0003811393910400085,82.61290322580645,-0.009768738991805304,91.2300033569336,0.0005525480352275292,153.29443359375,0.008865186255735402,11.258678436279297,-0.012511593008613042,62.525535583496094,-0.005107195680427945,42.65681838989258,63.86451612903226,1.47,100.67960967741936,96.96517741935484,5.819354838709677,6.727142857142857,1411.3760329670329
2023-05-31,9.936138153076172,86275300,0.13250024283036166,0.18333346770586534,0.26083349745978324,0.01341268223314862,5.079354838709677,303.99206451612906,3.6,17.94,120.9662,3.64,64.03225806451613,68.11,73.82510375976562,401.0663146972656,-0.009020344446295847,-0.005545338118146059,82.80645161290323,-0.03452813120651388,88.08000183105469,-0.011836293227837857,151.47999572753906,-0.013180970354696675,11.110278129577637,-0.00994582657695886,61.90366744995117,-0.010267004905730293,42.2188606262207,64.03225806451613,1.46,100.98095483870968,96.94343870967742,5.809677419354839,6.758571428571429,1411.3718131868131
2023-06-01,10.0272216796875,64407800,0.12138711226154397,0.19322857699377916,0.25846389832365513,0.012554611318067233,5.08,304.014,3.6,15.65,120.0491,3.61,64.2,70.09,74.69670867919922,404.8768310546875,0.01180634872210784,0.009500963351405156,83.0,0.024182529622370996,90.20999908447266,-0.011729363388756742,149.70323181152344,0.055209321980286497,11.723669052124023,0.0031652100501149416,62.099605560302734,0.008298681327836066,42.56922149658203,64.2,1.45,101.2823,96.9217,5.8,6.79,1411.3675934065934
2023-06-02,10.259064674377441,65261200,0.10895867211147214,0.1638416834388281,0.2389022300816117,-0.009512048858605238,5.081333333333333,304.03383333333335,3.5966666666666667,14.6,120.0049,3.69,64.44333333333334,71.76,76.44972229003906,410.7318420410156,0.02346841837929614,0.014461215207291822,82.96666666666667,0.03857669207683867,93.69000244140625,0.04452361447937103,156.36856079101562,0.027848092410428738,12.050150871276855,0.004252339465492971,62.36367416381836,0.025720060799697686,43.66410446166992,64.44333333333334,1.51,101.82195333333334,96.93456,5.79,6.7785714285714285,1411.3633736263737
2023-06-05,10.424665451049805,49890200,0.09451943060568535,0.12946793602885864,0.18983320364166167,-0.029260764789927896,5.085333333333334,304.09333333333336,3.586666666666667,14.73,120.0048,3.69,65.17333333333333,72.14,76.67857360839844,409.9447937011719,0.0029934878964130718,-0.0019162097000630096,82.86666666666666,-0.015156428234996744,92.2699966430664,-0.0018635273820548637,156.07716369628906,0.009852242479699402,12.168871879577637,-0.005190520852276448,62.039974212646484,0.0030092738402500707,43.795501708984375,65.17333333333333,1.5,103.44091333333334,96.97314,5.76,6.744285714285715,1411.3507142857143
2023-06-06,10.706191062927246,57258400,0.09280735205106239,0.0842999735886989,0.15854583741416883,-0.056350759892769275,5.086666666666667,304.1131666666667,3.5833333333333335,13.96,119.9718,3.7,65.41666666666667,71.71,77.4771728515625,410.8374328613281,0.0104148943516158,0.002177461877481246,82.83333333333333,0.034464077391019865,95.44999694824219,0.013982067859633407,158.2594451904297,0.03821132419649009,12.63386058807373,0.020870473204046336,63.33477783203125,0.0,43.795501708984375,65.41666666666667,1.5,103.98056666666668,96.986,5.75,6.732857142857143,1411.3464945054945
2023-06-07,11.252678871154785,99342000,0.04488584015528385,0.0441500331079272,0.10890342629966931,-0.11036148025529335,5.088,304.133,3.58,13.94,119.859,3.79,65.66,72.52,76.95124816894531,409.4168701171875,-0.006788124337278045,-0.0034577247118086074,82.8,0.006705075014255657,96.08999633789062,0.026146170378581468,162.39732360839844,0.0203601975699228,12.891088485717773,0.01788839398001496,64.46773529052734,0.010999912200689632,44.27724838256836,65.66,1.58,104.52022000000001,96.99886000000001,5.74,6.7214285714285715,1411.3422747252748
2023-06-08,11.244397163391113,64254700,0.06406482110120737,0.032400627448718744,0.12150233172937264,-0.08439685664984964,5.089333333333333,304.1528333333333,3.5766666666666667,13.65,119.5712,3.73,65.90333333333334,71.28,78.0907211303711,411.8932189941406,0.014807725521541748,0.006048477866201107,82.76666666666667,0.013633106857261046,97.4000015258789,-0.03286791693707458,157.05966186523438,-0.021488929064606643,12.614072799682617,-0.0042283265571310125,64.19514465332031,-0.0029674296104553743,44.14585876464844,65.90333333333334,1.53,105.05987333333334,97.01172,5.7299999999999995,6.71,1411.3380549450549
2023-06-09,11.37687873840332,70329500,0.04949058310970056,0.026928740313316935,0.10771479360195646,-0.10094469837098252,5.0906666666666665,304.17266666666666,3.5733333333333333,13.83,119.4322,3.75,66.14666666666668,70.16,78.49485778808594,412.63226318359375,0.005175219947580523,0.0017942616080397489,82.73333333333333,0.006057457172974123,97.98999786376953,-0.02243618079828913,153.5358428955078,0.026666739246503424,12.950448989868164,-0.0015925485840222464,64.09291076660156,-0.006944350832295498,43.83929443359375,66.14666666666668,1.55,105.59952666666668,97.02458,5.72,6.707142857142857,1411.3338351648351
2023-06-12,11.409998893737793,44584700,0.03193045682508666,0.045718532651981336,0.10232241032054579,-0.08668181568574584,5.094666666666667,304.23216666666667,3.5633333333333335,15.01,119.6376,3.73,66.87666666666667,67.08,79.84369659423828,416.3756408691406,0.01718378559005518,0.009071946184395552,82.63333333333334,0.023267668425369648,100.2699966430664,0.019813111047616738,156.57786560058594,0.1245225718415881,14.563072204589844,0.015417366898764051,65.0810546875,0.0019981364764716236,43.9268913269043,66.87666666666667,1.56,107.21848666666668,97.06316,5.6899999999999995,6.698571428571428,1411.3211758241757
2023-06-13,11.699804306030273,61781100,-0.007784883992952851,0.04670914093373946,0.06015560312595225,-0.0957118662055696,5.096,304.252,3.56,14.61,119.1899,3.84,67.12,69.39,80.67149353027344,419.1208190917969,0.010367718070995346,0.006593032716625702,82.6,0.008776352969723122,101.1500015258789,0.015144101434811486,158.9490966796875,0.042119544575130785,15.176462173461914,0.012565671750971674,65.89884185791016,0.012960988594958867,44.4962272644043,67.12,1.64,107.75814000000001,97.07602,5.68,6.695714285714286,1411.316956043956
2023-06-14,11.75776481628418,69748500,-0.0007041985057884004,0.052816915688410404,-0.007746589114528413,-0.10159340931193428,5.097333333333333,304.27183333333335,3.5566666666666666,13.88,118.776,3.83,67.36333333333333,68.22,80.61306762695312,419.619873046875,-0.0007242447209482306,0.0011907162143831584,82.56666666666666,-0.0013840769899802208,101.01000213623047,-0.006894669502062412,157.8531951904297,0.016949197275248906,15.433691024780273,0.0026161526266939017,66.07124328613281,0.0,44.4962272644043,67.36333333333333,1.62,108.29779333333335,97.08888,5.67,6.692857142857143,1411.3127362637363
2023-06-15,11.964767456054688,61463400,-0.029757767595134932,0.04705886385171709,-0.019377062017056024,-0.11783634391543163,5.0986666666666665,304.2916666666667,3.5533333333333332,14.5,118.5521,3.72,67.60666666666667,70.61,81.13896179199219,424.8222351074219,0.006523683820999215,0.01239779713666156,82.53333333333333,0.0026729693827969303,101.27999877929688,0.011849995751598286,159.7237548828125,0.03333335805002147,15.948147773742676,0.030532708089638705,68.08857727050781,0.011811046911123446,45.02177429199219,67.60666666666667,1.51,108.83744666666668,97.10174,5.66,6.69,1411.3085164835165
2023-06-16,11.939927101135254,75398100,-0.021497899227958417,0.05686545466221382,-0.022191274210116796,-0.13492888653211155,5.1000000000000005,304.3115,3.5500000000000003,13.54,118.4184,3.77,67.85,71.81,81.01721954345703,423.3751525878906,-0.0015004166413572495,-0.0034063248105771216,82.5,0.0015798150082726448,101.44000244140625,0.011947851553394617,161.63211059570312,-0.019851167669137637,15.631558418273926,0.010255693704503077,68.78687286376953,0.006809500068970298,45.32835006713867,67.85,1.55,109.37710000000001,97.11460000000001,5.65,6.687142857142858,1411.3042967032966
2023-06-20,11.774325370788574,56645800,0.013361438976533302,0.07946550680265907,-0.013361438976533413,-0.10712243166461144,5.105333333333333,304.3908333333333,3.5366666666666666,13.88,118.938,3.74,68.82333333333334,70.94,81.62419128417969,421.1785888671875,0.0074918856033696635,-0.005188220676807687,82.36666666666666,-0.012618284192532747,100.16000366210938,-0.017826862632664198,158.75071716308594,0.006329008508818568,15.730490684509277,-0.01215712054292617,67.95062255859375,-0.01545913315780989,44.62761306762695,68.82333333333334,1.52,111.53571333333333,97.16604000000001,5.61,6.675714285714286,1411.2874175824177
2023-06-21,11.608722686767578,49984300,0.05492158307967676,0.06847354572899134,-0.006419402613798808,-0.10880583880489902,5.1066666666666665,304.41066666666666,3.533333333333333,13.2,118.727,3.72,69.06666666666666,72.55,80.64347839355469,419.0205993652344,-0.01201497834398857,-0.00512369232196086,82.33333333333333,-0.003893839903986618,99.7699966430664,0.010413992385730486,160.40394592285156,-0.0006288112817425251,15.720599174499512,0.0025374942850240334,68.123046875,-0.003925339398425209,44.45243453979492,69.06666666666666,1.51,112.07536666666667,97.1789,5.6,6.672857142857143,1411.2831978021977
2023-06-22,11.74948501586914,46862500,0.05355883024242725,0.0556729144947643,-0.005499735881511314,-0.1308808570750476,5.1080000000000005,304.4305,3.5300000000000002,12.91,118.7552,3.8,69.31,69.22,81.6729965209961,420.5331726074219,0.01276629118621564,0.003609782536894146,82.3,-0.011726954077497465,98.5999984741211,-0.01107243342113895,158.6278839111328,-0.008181267407911919,15.591984748840332,0.0003796607557555731,68.14891052246094,-0.00788187426365139,44.10206604003906,69.31,1.56,112.61502,97.19176,5.59,6.67,1411.278978021978
2023-06-23,11.608722686767578,48260200,0.07917263223685134,0.07489294834279003,-0.02084003552889313,-0.10375853102551069,5.109333333333334,304.45033333333333,3.526666666666667,13.44,119.152,3.74,69.55333333333333,68.91,80.7264175415039,417.3538513183594,-0.011589864702084784,-0.007560215212868537,82.26666666666667,-0.012170354632988545,97.4000015258789,-0.000357258391027071,158.5712127685547,0.0025380777412917777,15.631558418273926,0.0010120444484547075,68.21788024902344,-0.01986092663219008,43.226158142089844,69.55333333333333,1.53,113.15467333333333,97.20462,5.58,6.675714285714285,1411.2747582417583
2023-06-26,11.683243751525879,44956300,0.0800850134387483,0.07937640486078879,-0.02063764323692663,-0.09872882265594918,5.113333333333333,304.50983333333335,3.5166666666666666,14.25,119.0761,3.72,70.28333333333333,69.09,79.69203186035156,415.648681640625,-0.012813471880138039,-0.004085668964951439,82.16666666666667,0.004825474469610125,97.87000274658203,0.00798316186211423,159.8371124267578,-0.07594932229678741,14.444352149963379,0.028687056937272137,70.17485046386719,0.009118404501160304,43.62031173706055,70.28333333333333,1.54,114.77363333333334,97.2432,5.55,6.692857142857143,1411.2620989010989
2023-06-27,11.931647300720215,49813100,0.06523246818320705,0.056210979584036425,-0.03681793625715246,-0.12801489924379195,5.1146666666666665,304.5296666666666,3.513333333333333,13.74,118.8949,3.77,70.52666666666667,67.68,81.40462493896484,420.20556640625,0.021490141970709864,0.01096330859907546,82.13333333333334,0.02728106768177807,100.54000091552734,0.007151827407605671,160.98023986816406,0.08835612779901436,15.720599174499512,0.018550313015127884,71.47661590576172,0.011044265476195747,44.10206604003906,70.52666666666667,1.57,115.31328666666667,97.25606,5.54,6.698571428571428,1411.2578791208791
2023-06-28,12.246292114257812,58380800,0.012846417086046946,0.0270453591137505,-0.09368906317556158,-0.1531527350160048,5.1160000000000005,304.54949999999997,3.5100000000000002,13.43,119.3382,3.71,70.77,69.54,81.7266616821289,420.4175109863281,0.003956000576202046,0.0005043830853805886,82.1,0.0062661353459434466,101.16999816894531,-0.0289319403855981,156.32276916503906,0.08810577470861114,17.105674743652344,-0.007598801227464147,70.93347930908203,-0.02581918732244326,42.96338653564453,70.77,1.53,115.85294,97.26892000000001,5.53,6.704285714285715,1411.2536593406594
2023-06-29,12.37877368927002,58488600,0.002006612437437827,0.002006612437437827,-0.10676956275710059,-0.15072112393716985,5.117333333333334,304.5693333333333,3.506666666666667,13.54,119.527,3.85,71.01333333333334,69.85,81.81448364257812,422.0745849609375,0.0010745815213986099,0.003941496087357832,82.06666666666666,-0.0027676068435753542,100.88999938964844,0.01522943074655947,158.70347595214844,-0.0075188162751023135,16.977060317993164,0.011303060976340262,71.73524475097656,0.009174263051655807,43.3575439453125,71.01333333333334,1.65,116.39259333333334,97.28178,5.52,6.71,1411.2494395604394
2023-06-30,12.527815818786621,54036900,-0.003965708327119621,-0.06873772634397324,-0.1033653368545504,-0.17017878687463583,5.118666666666667,304.58916666666664,3.5033333333333334,13.59,119.3606,3.81,71.25666666666666,70.66,82.853759765625,427.0552978515625,0.012702837893436403,0.011800551533056591,82.03333333333333,0.011894111958586251,102.08999633789062,0.02267990963379618,162.3028564453125,0.0973192617484877,18.629255294799805,-0.01514270380948346,70.64897918701172,0.008080912059912349,43.70791244506836,71.25666666666666,1.59,116.93224666666667,97.29464,5.51,6.724285714285714,1411.2452197802197
2023-07-03,12.618896484375,29412700,-0.0006560674105674513,-0.07020986901928916,-0.13504302339079455,-0.1834645165854083,5.133548387096774,304.7040322580645,3.5129032258064514,13.57,119.2119,3.86,71.36451612903225,69.71,83.85398864746094,427.546630859375,0.012072220798010402,0.001150513786585261,81.74193548387096,0.009207586199680984,103.02999877929688,0.009778803160384708,163.88998413085938,0.006903792785879492,18.75786781311035,0.0026847433554464395,70.83865356445312,0.010019840689726056,44.14585876464844,71.36451612903225,1.61,117.50059677419355,97.30478387096774,5.506451612903226,6.767142857142857,1411.5694782608696
2023-07-05,12.709978103637695,52003900,-0.00846903269345256,-0.08143312210398779,-0.1372900956212092,-0.20512144249228914,5.147096774193549,304.799064516129,3.5258064516129033,14.18,119.3483,3.95,71.22903225806452,71.78,83.88813781738281,426.9107971191406,0.000407245623883723,-0.0014871681691336347,81.48387096774194,0.0042706245425547795,103.47000122070312,-0.027957225110407213,159.30807495117188,0.01318569020872884,19.005203247070312,-0.013629993611176117,69.87312316894531,-0.0317460975831475,42.74440002441406,71.22903225806452,1.69,117.5292935483871,97.30206774193549,5.512903225806451,6.795714285714285,1411.8979565217392
2023-07-06,12.403613090515137,64841400,0.014018850033111319,-0.063417783505333,-0.13015261802299238,-0.19088682099234588,5.153870967741936,304.8465806451613,3.532258064516129,15.44,119.8193,4.05,71.16129032258064,71.76,82.53660583496094,423.5677795410156,-0.016111121519517324,-0.007830716863298393,81.35483870967742,0.013627099797817621,104.87999725341797,0.006167475734199845,160.2906036376953,-0.018219525902731792,18.658937454223633,-0.005675766863462162,69.4765396118164,0.007172302686933918,43.05097579956055,71.16129032258064,1.78,117.54364193548388,97.30070967741936,5.516129032258064,6.81,1412.0621956521738
2023-07-07,12.403613090515137,53375500,0.0,-0.07009340441058143,-0.12677859388007084,-0.1969603412421419,5.160645161290323,304.89409677419354,3.5387096774193547,14.83,119.0761,4.06,71.09354838709677,73.91,82.6390609741211,422.4985046386719,0.0012413296878843738,-0.0025244481615255276,81.2258064516129,0.025457721856040783,107.55000305175781,0.011669612144156849,162.1611328125,0.009543930651969124,18.837017059326172,-0.016006933123840272,68.36443328857422,0.011190233887478307,43.5327262878418,71.09354838709677,1.79,117.55799032258065,97.29935161290322,5.519354838709678,6.831428571428571,1412.2264347826087
2023-07-10,12.478134155273438,51882000,-0.06502990766318528,-0.06357266189513644,-0.13601834324446938,-0.1950481463546463,5.180967741935484,305.0366451612903,3.5580645161290323,15.07,118.9548,4.01,70.89032258064516,73.05,82.89277648925781,423.5677795410156,0.0030701645462327676,0.002530837128662089,80.83870967741936,0.01022778654494072,108.6500015258789,0.009437781160231973,163.6915740966797,0.013655396879431736,19.0942440032959,0.007314190925381325,68.86446380615234,-0.023138944340541645,42.52542495727539,70.89032258064516,1.76,117.60103548387097,97.29527741935485,5.529032258064516,6.895714285714286,1412.719152173913
2023-07-11,12.610617637634277,45849700,-0.06959946354854896,-0.09863284890916268,-0.155051303425928,-0.19885850548479567,5.187741935483871,305.0841612903226,3.564516129032258,14.84,118.7344,3.99,70.8225806451613,74.87,83.58563995361328,426.2653503417969,0.008358550572199253,0.006368687447624977,80.70967741935483,0.01592264798198828,110.37999725341797,0.021123091632672786,167.1492462158203,-0.02072534460746367,18.698509216308594,0.023535145398347446,70.48519897460938,0.016477981948880505,43.226158142089844,70.8225806451613,1.75,117.61538387096775,97.2939193548387,5.532258064516129,6.917142857142857,1412.883391304348
2023-07-12,12.602336883544922,47636800,-0.07358730268277869,-0.09206290540669393,-0.19235441834081146,-0.1896977170848888,5.194516129032258,305.13167741935484,3.5709677419354837,13.54,117.6385,3.86,70.75483870967741,75.77,84.33702850341797,429.69500732421875,0.008989445438494892,0.00804582633721429,80.58064516129032,0.01830045590437246,112.4000015258789,0.005595705720122801,168.08456420898438,-0.03597882939436137,18.025758743286133,-0.008317028617644384,69.89897155761719,0.0020263023058422203,43.31374740600586,70.75483870967741,1.6,117.62973225806452,97.29256129032258,5.535483870967742,6.938571428571429,1413.0476304347826
2023-07-13,12.577497482299805,49664300,-0.07636606906855403,-0.08627700485469803,-0.19209048030012899,-0.18476991479370375,5.201290322580645,305.1791935483871,3.57741935483871,13.61,117.1831,3.76,70.68709677419355,76.86,85.12747192382812,433.10546875,0.00937243621736239,0.007936935192751626,80.45161290322581,-0.00026689305061944335,112.37000274658203,0.01017276423686786,169.79444885253906,-0.025795896997562795,17.560768127441406,0.0027135503314961174,70.0886459350586,0.009100229434496843,43.70791244506836,70.68709677419355,1.52,117.6440806451613,97.29120322580646,5.538709677419354,6.96,1413.2118695652173
2023-07-14,12.403613090515137,48747900,-0.07009340441058143,-0.105184239648209,-0.17671550440326955,-0.19021198540903517,5.208064516129032,305.22670967741936,3.5838709677419356,13.34,117.0463,3.83,70.61935483870968,75.44,85.34703063964844,432.83575439453125,0.002579175803749667,-0.0006227452085681984,80.3225806451613,-0.012102879568479219,111.01000213623047,-0.00728851170629119,168.55690002441406,-0.029295745582117783,17.04631233215332,-0.0131612591694108,69.16619110107422,-0.005010051260424531,43.48893356323242,70.61935483870968,1.59,117.65842903225807,97.28984516129033,5.541935483870968,6.934285714285714,1413.3761086956522
2023-07-17,11.666682243347168,99402100,0.0015586014782640323,-0.0522500566686146,-0.14049622987160648,-0.15269291790681627,5.228387096774194,305.3692580645161,3.603225806451613,13.48,117.1267,3.81,70.41612903225807,74.17,85.6934585571289,434.3385925292969,0.004059050618212545,0.003472074844805384,79.93548387096774,-0.01603458017334758,109.2300033569336,-0.009192014335704046,167.0075225830078,0.02785834945419574,17.521194458007812,0.0254269061658543,70.92487335205078,-0.005035278262630727,43.269954681396484,70.41612903225807,1.56,117.70147419354839,97.28577096774194,5.551612903225807,6.857142857142858,1413.8688260869565
2023-07-18,11.732925415039062,71710800,-0.031205254321270193,-0.04261950713264817,-0.1574767468778001,-0.14891589470549293,5.235161290322581,305.41677419354835,3.609677419354839,13.3,117.0264,3.8,70.3483870967742,75.76,86.04476165771484,437.5660095214844,0.004099532292207941,0.007430647535585422,79.80645161290323,-0.0026549565743370085,108.94000244140625,0.0031680204805752954,167.53660583496094,0.030491330864109267,18.055438995361328,0.015801614949659815,72.04560089111328,0.007085100104831543,43.5765266418457,70.3483870967742,1.57,117.71582258064517,97.28441290322581,5.554838709677419,6.831428571428572,1414.0330652173914
2023-07-19,11.674964904785156,58280800,-0.019943166557861658,-0.06511046154871625,-0.15186020554663548,-0.136804440549684,5.241935483870968,305.4642903225806,3.6161290322580646,13.76,117.3462,3.75,70.28064516129032,75.4,86.3472671508789,438.5390625,0.0035156758800427568,0.0022237855714153376,79.6774193548387,0.013218237375992592,110.37999725341797,0.00045101500690503116,167.61216735839844,-0.005479572164267754,17.95650291442871,0.007777904030228822,72.60596466064453,0.003015059100568429,43.70791244506836,70.28064516129032,1.53,117.73017096774194,97.28305483870967,5.558064516129032,6.805714285714286,1414.197304347826
2023-07-20,11.617003440856934,45952600,-0.010730372124970744,-0.05612285902560077,-0.13826171912038043,-0.15339252072293363,5.248709677419355,305.51180645161287,3.6225806451612903,13.99,117.5947,3.85,70.21290322580646,75.65,83.40510559082031,435.6295166015625,-0.034073592102429884,-0.006634633370744436,79.54838709677419,-0.015944868188347727,108.62000274658203,-0.0021418106807593595,167.253173828125,-0.027548073006196105,17.461835861206055,-0.007124176269089122,72.08870697021484,-0.0030059958454382585,43.5765266418457,70.21290322580646,1.5,117.74451935483872,97.28169677419355,5.561290322580645,6.78,1414.361543478261
2023-07-21,11.534201622009277,57579800,-0.03773587089721131,-0.06458628629721952,-0.13134968023033966,-0.16328009612974903,5.255483870967742,305.55932258064513,3.6290322580645165,13.6,117.9418,3.84,70.14516129032259,77.06,83.42462158203125,435.6295166015625,0.00023399036632931747,0.0,79.41935483870968,0.0057079276515394906,109.23999786376953,0.007512473196130687,168.50965881347656,0.013031086404841297,17.689382553100586,-0.010284786096367071,71.3472900390625,0.007035079541201972,43.88309097290039,70.14516129032259,1.49,117.75886774193549,97.28033870967742,5.564516129032258,6.784285714285715,1414.5257826086956
2023-07-24,11.684865951538086,46687000,-0.0537249224034011,-0.07306592058580841,-0.14971332310954444,-0.16618893986273786,5.275806451612904,305.7018709677419,3.6483870967741936,13.91,117.8124,3.86,69.94193548387098,78.81,83.9710922241211,437.57568359375,0.006550471931748625,0.004467481926775596,79.03225806451613,0.0017393120205220214,109.43000030517578,-0.004260897116471485,167.79165649414062,-0.0016777490473436352,17.659704208374023,0.024528766743601604,73.09735107421875,0.008981988299579413,44.27724838256836,69.94193548387098,1.48,117.80191290322581,97.27626451612903,5.574193548387097,6.797142857142857,1415.0185000000001
2023-07-25,11.366796493530273,58772700,-0.011781910319281441,-0.05154640299690827,-0.11929305853284056,-0.15463912509071687,5.28258064516129,305.74938709677417,3.6548387096774193,13.86,117.8565,3.91,69.8741935483871,79.76,83.77591705322266,438.770263671875,-0.0023243138290676146,0.002729996484983177,78.90322580645162,0.004294994237342475,109.9000015258789,-0.016609263000216257,165.0047607421875,-0.022409021672530782,17.263967514038086,0.0018869606313149934,73.23528289794922,0.0069240024243959475,44.583824157714844,69.8741935483871,1.52,117.81626129032259,97.2749064516129,5.577419354838709,6.801428571428572,1415.1827391304348
2023-07-26,11.442129135131836,42019700,-0.046086403818254795,-0.06876379299049784,-0.14045350444267857,-0.16678852089800067,5.289354838709677,305.79690322580643,3.6612903225806455,13.19,117.76,3.86,69.80645161290323,79.11,83.75640869140625,438.83770751953125,-0.00023286360212582125,0.00015371107214923185,78.7741935483871,0.004458579226262804,110.38999938964844,0.03412349386225988,170.6352996826172,0.01146134844189639,17.461835861206055,-0.008593101745529186,72.60596466064453,-0.0029470244063213302,44.45243453979492,69.80645161290323,1.5,117.83060967741936,97.27354838709678,5.580645161290322,6.805714285714285,1415.3469782608695
2023-07-27,11.492348670959473,67313500,-0.045884848398847544,-0.11434798978075866,-0.13255629325043627,-0.15950457574688603,5.296129032258064,305.8444193548387,3.667741935483871,14.41,117.8938,4.01,69.73870967741937,80.17,82.88790893554688,435.92822265625,-0.010369352858230707,-0.006629979177784628,78.64516129032258,-0.010327016903266095,109.25,0.015834380704933704,173.3372039794922,0.0322945929948244,18.025758743286133,-0.008074199538932403,72.01972961425781,0.0029557350295921214,44.583824157714844,69.73870967741937,1.64,117.84495806451613,97.27219032258064,5.583870967741936,6.81,1415.5112173913044
2023-07-28,11.09894847869873,116696500,-0.02790337350000094,-0.084464625684745,-0.10256424356881211,-0.14404226603830472,5.3029032258064515,305.89193548387095,3.674193548387097,13.33,117.788,3.96,69.67096774193548,80.55,84.29312896728516,440.19610595703125,0.016953257112940046,0.00979033491976189,78.51612903225806,-0.0007322822064502743,109.16999816894531,0.006104054225473776,174.395263671875,0.014818813739400305,18.292879104614258,-0.007660885805480411,71.4679946899414,0.0039291091880113704,44.75899887084961,69.67096774193548,1.58,117.85930645161291,97.27083225806452,5.587096774193548,6.822857142857143,1415.675456521739
2023-07-31,11.057097434997559,64507700,-0.02043908651967319,-0.07645723420325345,-0.0878123876863679,-0.24602579546837489,5.323225806451613,306.03448387096773,3.6935483870967745,13.63,117.8241,3.97,69.46774193548387,81.8,84.77128601074219,441.0343017578125,0.00567255064932537,0.0019041417891667578,78.12903225806451,0.002931205461128572,109.48999786376953,-0.0031962081579341994,173.83786010742188,0.018929202208339158,18.639148712158203,0.0018094566367186093,71.5973129272461,0.003913816936288006,44.93417739868164,69.46774193548387,1.6,117.90235161290323,97.26675806451613,5.596774193548387,6.861428571428571,1416.1681739130436
2023-08-01,11.232873916625977,59129900,-0.04023858001878333,-0.1073025970491035,-0.10357683247524607,-0.2719820873960247,5.33,306.082,3.7,13.93,118.5738,4.05,69.4,81.37,83.81007385253906,439.7721862792969,-0.011338888477889997,-0.0028617172711629113,78.0,0.0,109.48999786376953,0.006902001099306387,175.03768920898438,-0.0451167905306048,17.79821014404297,-0.003371551711920273,71.35591888427734,-0.024366373848873746,43.83929443359375,69.4,1.68,117.9167,97.2654,5.6,6.8742857142857146,1416.3324130434783
2023-08-02,10.914802551269531,57997400,-0.023773001310615993,-0.09432512013979899,-0.0697853211009174,-0.24064211446046313,5.33,306.12051612903224,3.7,16.09,119.1268,4.08,69.3483870967742,79.5,82.30728149414062,433.6546936035156,-0.017930927504521077,-0.013910594773031137,77.96774193548387,-0.02931773812313543,106.27999877929688,-0.0007018403367717863,174.9148406982422,-0.015008271009628982,17.531089782714844,-0.018484911891812117,70.03691101074219,-0.015983960610528425,43.13856887817383,69.3483870967742,1.72,117.47421290322582,97.26663548387097,5.590322580645161,6.887142857142857,1416.4966521739132
2023-08-03,10.9650239944458,51996300,-0.071755637951058,-0.09694658765813324,-0.07328247023459811,-0.2317158246359846,5.33,306.1590322580645,3.7,15.92,119.3963,4.2,69.29677419354839,81.56,82.50244903564453,432.4118347167969,0.0023712062646341625,-0.0028660104572858502,77.93548387096774,0.031050085525599735,109.58000183105469,5.417326494416841e-05,174.92431640625,-0.009029368949467598,17.37279510498047,0.0008615582908617636,70.09725189208984,-0.008122019889964305,42.7881965637207,69.29677419354839,1.83,117.03172580645162,97.26787096774194,5.580645161290322,6.9,1416.6608913043478
2023-08-04,10.789250373840332,48412900,-0.05818480451721242,-0.07214901617549319,-0.06206349684783874,-0.2010777710472823,5.33,306.1975483870968,3.7,17.1,118.821,4.05,69.24516129032259,82.76,83.70275115966797,430.4561462402344,0.014548684773040499,-0.004522745030425379,77.90322580645162,-0.02536958142766732,106.80000305175781,-0.0007561166240980244,174.79205322265625,-0.022778993512325152,16.977060317993164,-0.018201989227656257,68.82134246826172,0.00818852727133157,43.13856887817383,69.24516129032259,1.67,116.58923870967743,97.2691064516129,5.570967741935483,6.908571428571429,1416.8251304347827
2023-08-07,10.831100463867188,43929200,-0.05718699767689872,-0.07496122294587271,-0.0672333716525294,-0.17120104617040488,5.33,306.3130967741935,3.7,15.77,119.0809,4.09,69.09032258064516,81.94,84.56147003173828,434.21337890625,0.01025914752111623,0.008728491157189211,77.80645161290323,0.003277139177153998,107.1500015258789,0.010053013608176231,176.5492401123047,0.05128207144718111,17.847679138183594,0.003006468230155823,69.02825164794922,0.0060913380596234745,43.40134048461914,69.09032258064516,1.68,115.26177741935484,97.27281290322581,5.541935483870968,6.934285714285714,1417.317847826087
2023-08-08,10.780879020690918,45103800,-0.06987571664594794,-0.07841597881069529,-0.07142853983578856,-0.18705283022239416,5.33,306.3516129032258,3.7,15.99,119.6407,4.02,69.03870967741936,82.94,83.88813781738281,432.32513427734375,-0.00796263610486847,-0.004348656030964793,77.7741935483871,-0.007746167235044066,106.31999969482422,-0.012307426641467778,174.37637329101562,-0.0066520086298176295,17.72895622253418,-0.011365134740199956,68.24373626708984,-0.020181762073781195,42.52542495727539,69.03870967741936,1.66,114.81929032258066,97.27404838709677,5.532258064516129,6.942857142857143,1417.4820869565217
2023-08-09,10.655324935913086,42932600,-0.07227019834925841,-0.060486973948971956,-0.03377837374265169,-0.18864284155669986,5.33,306.3901290322581,3.7,15.96,119.476,4.0,68.98709677419355,84.35,82.89277648925781,429.4349670410156,-0.011865340607414732,-0.006685170505201343,77.74193548387096,-0.018811136246620563,104.31999969482422,-0.005201029407775559,173.4694366455078,-0.03627231140262499,17.085886001586914,-0.001389515724311785,68.14891052246094,-0.001029711283452306,42.48163604736328,68.98709677419355,1.66,114.37680322580646,97.27528387096774,5.52258064516129,6.951428571428571,1417.6463260869566
2023-08-10,10.178221702575684,104063900,-0.027138273860851103,-0.033717059107873926,0.0049342060571897495,-0.16063271698780401,5.33,306.4286451612903,3.7,15.85,119.1581,4.09,68.93548387096774,82.81,83.09284210205078,429.5890197753906,0.002413547009357364,0.00035873355967375176,77.70967741935483,-0.010927908291635036,103.18000030517578,0.005827245528497116,174.48028564453125,0.005211363122598067,17.1749267578125,0.017204307816453657,69.32136535644531,0.002061724956192945,42.56922149658203,68.93548387096774,1.76,113.93431612903227,97.27651935483871,5.512903225806451,6.96,1417.8105652173913
2023-08-11,10.161479949951172,64371700,-0.014826912673799653,-0.018945509955623052,0.025535603473421764,-0.18852971970938948,5.33,306.46716129032257,3.7,14.84,119.6268,4.16,68.88387096774194,83.17,82.80982208251953,429.3385314941406,-0.0034060697933964157,-0.0005830881836341728,77.6774193548387,-0.04341929970617442,98.69999694824219,0.0014620358661412425,174.73538208007812,-0.032834077841034315,16.611003875732422,-0.013928543520920433,68.35581970214844,-0.0030863140998700356,42.43783950805664,68.88387096774194,1.8,113.49182903225807,97.27775483870968,5.503225806451613,6.978571428571429,1417.9748043478262
2023-08-14,10.211702346801758,48099600,-0.018852333628384566,-0.024590329281251155,0.036065666854630196,-0.17920157986564123,5.33,306.58270967741936,3.7,14.82,120.0725,4.19,68.72903225806452,82.5,83.06356048583984,431.7085266113281,0.003064109992501507,0.005520108127587964,77.58064516129032,0.007396184189513155,99.43000030517578,-0.003947008319813983,174.0457000732422,0.0023823767503545756,16.650577545166016,-0.0013872373272985072,68.26099395751953,-0.0041279750467985155,42.262657165527344,68.72903225806452,1.83,112.1643677419355,97.28146129032258,5.474193548387096,7.034285714285714,1418.4675217391305
2023-08-15,10.027557373046875,42616400,-0.00918185055221965,0.005842892054671145,0.0534223849073141,-0.16751931779793838,5.33,306.6212258064516,3.7,16.46,120.2127,4.21,68.6774193548387,81.06,81.93158721923828,426.6795959472656,-0.013627796111563728,-0.011648902799156646,77.54838709677419,-0.021422078315201376,97.30000305175781,-0.021223259966304475,170.3518829345703,-0.013071929865156817,16.43292236328125,-0.008840624984282619,67.65752410888672,-0.01761654719935246,41.51813507080078,68.6774193548387,1.89,111.72188064516129,97.28269677419355,5.4645161290322575,7.0528571428571425,1418.6317608695654
2023-08-16,9.885262489318848,44838900,0.012701138175490456,0.01862832955909588,0.06773927497014354,-0.10565938822331766,5.33,306.65974193548385,3.7,16.78,120.3551,4.28,68.6258064516129,79.4,80.91671752929688,423.5486145019531,-0.012386793962940623,-0.007338015398560271,77.51612903225806,-0.0172661896452575,95.62000274658203,-0.011257879104611401,168.43408203125,-0.025887972306926632,16.00750732421875,-0.000509810152382606,67.62303161621094,-0.00738404940218107,41.21156311035156,68.6258064516129,1.96,111.2793935483871,97.28393225806452,5.454838709677419,7.071428571428571,1418.796
2023-08-17,9.902002334594727,36104900,-0.006762302463198977,0.025359236182368017,0.04311084597691495,-0.10116178346108384,5.33,306.69825806451615,3.7,17.89,120.5242,4.3,68.5741935483871,80.43,79.54566192626953,420.3211364746094,-0.016944033876941877,-0.007620088737957276,77.48387096774194,0.004601493404866597,96.05999755859375,-0.00549658214307458,167.50827026367188,-0.023485786907998296,15.631558418273926,-0.009178894173240693,67.00232696533203,0.01700312976587659,41.912288665771484,68.5741935483871,1.97,110.8369064516129,97.28516774193548,5.445161290322581,7.09,1418.9602391304347
2023-08-18,10.01081657409668,44519900,-0.0041805824121743385,0.0150500585780724,0.05016717947486837,-0.13725578735921595,5.33,306.7367741935484,3.7,17.3,120.4321,4.26,68.5225806451613,81.25,79.3651351928711,420.5235290527344,-0.002269473017469714,0.0004815189162803435,77.45161290322581,-0.0018738320815174792,95.87999725341797,-0.0009023647860203488,167.35711669921875,-0.013291174108621573,15.423796653747559,0.011193754953952473,67.75233459472656,0.0,41.912288665771484,68.5225806451613,1.94,110.39441935483872,97.28640322580645,5.435483870967742,7.11,1419.1244782608696
2023-08-21,10.019187927246094,33456700,-0.005848248790201294,0.010025147821981495,0.032581278293679405,-0.12864357864357867,5.33,306.8523225806452,3.7,17.13,120.4627,4.34,68.36774193548388,80.71,80.27754211425781,423.2595520019531,0.01149631912261495,0.006506230353820808,77.35483870967742,0.007092201967616729,96.55999755859375,0.0029352887093592184,167.84835815429688,0.007697262286710416,15.54251766204834,0.003690134964124514,68.00234985351562,-0.012539028884446246,41.386749267578125,68.36774193548388,2.0,109.06695806451613,97.29010967741935,5.406451612903226,7.17,1419.617195652174
2023-08-22,9.93548583984375,32027500,0.015163975968006449,0.01684902216447659,0.027801006554738494,-0.11531369599405339,5.33,306.89083870967744,3.7,16.97,120.3554,4.34,68.31612903225806,80.25,80.3946304321289,422.11309814453125,0.0014585438814811447,-0.002708630796397493,77.3225806451613,-0.004453192999666844,96.12999725341797,-0.005909668176045546,166.85643005371094,-0.0031827559435302355,15.493049621582031,-0.058950126127484626,63.99360275268555,-0.014814981407074823,40.77360534667969,68.31612903225806,1.99,108.62447096774194,97.29134516129032,5.396774193548387,7.19,1419.7814347826088
2023-08-23,10.01081657409668,30437700,0.005852853482799292,0.0,0.03929770330897031,-0.134708512882889,5.33,306.9293548387097,3.7,15.98,120.0307,4.19,68.26451612903226,78.91,81.03868865966797,426.814453125,0.008011209505873529,0.01113766666122018,77.29032258064517,0.02028507888641795,98.08000183105469,0.030290889806890764,171.91065979003906,0.037675708682452624,16.07676124572754,0.006331540226516719,64.3987808227539,0.006444743331091685,41.036380767822266,68.26451612903226,1.84,108.18198387096774,97.2925806451613,5.387096774193548,7.21,1419.9456739130435
2023-08-24,9.835041999816895,33338200,0.0323402330834075,0.046808482167142174,0.07063811738997083,-0.11319333693339406,5.33,306.96787096774193,3.7,17.2,120.2354,4.23,68.21290322580646,79.52,79.45294952392578,420.8992614746094,-0.01956768010402654,-0.013858930050473894,77.25806451612904,-0.017536716849433476,96.36000061035156,-0.0024180885056074297,171.49496459960938,-0.033230796645759564,15.54251766204834,-0.021017425085094854,63.045284271240234,0.0032015978521284794,41.167762756347656,68.21290322580646,1.91,107.73949677419355,97.29381612903227,5.377419354838709,7.23,1420.1099130434784
2023-08-25,9.968965530395508,47610000,0.019311373779825614,0.02602853972814878,0.04366081334953509,-0.11316859554636671,5.33,307.0063870967742,3.7,15.68,120.5137,4.25,68.16129032258064,80.47,80.34097290039062,423.866455078125,0.01117672008132864,0.00704965267251878,77.2258064516129,0.012972187547555025,97.61000061035156,0.015589868720734978,174.16854858398438,0.01209411670285121,15.730490684509277,-0.006290092487158727,62.64872360229492,0.0021278031023690414,41.2553596496582,68.16129032258064,1.92,107.29700967741935,97.29505161290324,5.3677419354838705,7.222857142857143,1420.274152173913
2023-08-28,9.960593223571777,29693500,0.015966774280552487,0.04621875813531018,0.04117684061345939,-0.11754369957065192,5.33,307.12193548387097,3.7,15.08,120.3155,4.2,68.00645161290322,80.65,80.66300201416016,426.5544128417969,0.004008279986462027,0.006341520380933385,77.12903225806451,0.012908535276628719,98.87000274658203,0.009221056726162136,175.77456665039062,-0.011949596883588987,15.54251766204834,0.01926525302613946,63.85566711425781,0.011677282476078021,41.73711013793945,68.00645161290322,1.9,105.96954838709678,97.29875806451614,5.338709677419355,7.201428571428571,1420.7668695652173
2023-08-29,10.08614730834961,32009000,0.0016598758785382195,0.0489628872366088,0.04232376193399223,-0.1260003222362287,5.33,307.1604516129032,3.7,14.45,120.2669,4.12,67.95483870967742,81.14,82.67810821533203,432.7200927734375,0.024981790298582274,0.014454615275372618,77.09677419354838,0.019722836998804505,100.81999969482422,0.007846826120645911,177.15383911132812,0.021005784257485782,15.869000434875488,0.038612182769015346,66.32127380371094,0.018887623429858724,42.52542495727539,67.95483870967742,1.83,105.52706129032258,97.2999935483871,5.329032258064516,7.194285714285714,1420.9311086956523
2023-08-30,10.069408416748047,30617900,-0.005818796916998048,0.049044091323232175,0.03241887609461158,-0.10597468968247503,5.33,307.1989677419355,3.7,13.88,119.7937,4.12,67.90322580645162,81.64,83.0342788696289,434.50244140625,0.004307919738188115,0.004118941233786755,77.06451612903226,0.008133303881237008,101.63999938964844,0.0015465177553675158,177.4278106689453,-0.010598591225535414,15.700811386108398,-0.01299882593327717,65.45917510986328,0.004119742172996599,42.700618743896484,67.90322580645162,1.86,105.08457419354839,97.30122903225806,5.319354838709677,7.187142857142857,1421.095347826087
2023-08-31,10.153109550476074,39025700,0.01401500069460715,0.03957146830351599,0.014839511954708895,-0.14097442427688778,5.33,307.23748387096776,3.7,13.57,120.225,4.09,67.8516129032258,83.55,83.29289245605469,433.8665771484375,0.003114540042334024,-0.0014634308054853884,77.03225806451613,-0.0018693668097916616,101.44999694824219,0.003035111471890506,177.96632385253906,-0.003150607033962527,15.651344299316406,0.006848242950209693,65.90745544433594,-0.0010257545509260169,42.65681838989258,67.8516129032258,1.85,104.64208709677419,97.30246451612904,5.309677419354839,7.18,1421.2595869565218
2023-09-01,10.161479949951172,34716900,0.006589905813975783,0.016474576831116527,-0.005765979883405881,-0.11491181111289217,5.33,307.276,3.7,13.09,120.759,4.18,67.8,85.52,82.78545379638672,434.6758117675781,-0.0060922204128724955,0.0018651692980347079,77.0,0.029965510172250687,104.48999786376953,0.0033973520648404865,178.57093811035156,-0.005688955584164046,15.562304496765137,-0.015434984885320802,64.89017486572266,0.004106784076770342,42.832000732421875,67.8,1.92,104.1996,97.3037,5.3,7.171428571428571,1421.4238260869565
2023-09-05,10.11963176727295,35202000,0.029776548427167038,0.03887485707322713,-0.008271540936498956,-0.10117137519657293,5.33,307.332,3.726666666666667,14.01,121.4345,4.27,67.26666666666667,86.74,82.84398651123047,432.7971496582031,0.0007070410580549691,-0.004321984473291796,76.2,-0.012728435533075233,103.16000366210938,-0.022049889663393274,174.6334686279297,-0.022886203730434707,15.20614242553711,-0.017536802117742112,63.7522087097168,-0.0306748608319517,41.51813507080078,67.26666666666667,1.98,102.88492000000001,97.23467333333333,5.3133333333333335,7.137142857142857,1422.0807826086957
2023-09-06,10.102889060974121,41881500,0.04722462434325014,0.024026475490452004,-0.014084667914647353,-0.1080960126385182,5.33,307.346,3.7333333333333334,14.45,121.8671,4.3,67.13333333333333,87.55,82.10723876953125,429.88775634765625,-0.008893195181998492,-0.006722302383101453,76.0,-0.007851930585824451,102.3499984741211,-0.0033140875852648577,174.05471801757812,0.0039037188058097527,15.2655029296875,-0.0028398913635793166,63.57115936279297,-0.008229255962799553,41.17647171020508,67.13333333333333,2.0,102.55625,97.21741666666668,5.316666666666666,7.128571428571429,1422.2450217391306
2023-09-07,10.01081657409668,38559600,0.055183992686743455,0.02006687178994726,0.003344446876861751,-0.0922506992882417,5.33,307.36,3.74,14.4,121.9528,4.27,67.0,86.87,82.3365707397461,428.5679016113281,0.0027930785841985273,-0.003070231047149763,75.8,-0.01631654317383857,100.68000030517578,-0.005669225070900397,173.06796264648438,-0.008425167926112476,15.13688850402832,-0.01451028689336653,62.64872360229492,-0.014008494404152638,40.59965133666992,67.0,1.95,102.22758,97.20016000000001,5.32,7.12,1422.4092608695653
2023-09-08,10.295405387878418,49493500,0.025203244124990754,0.01056911133929228,-0.01869924686316493,-0.1066089019375176,5.33,307.374,3.7466666666666666,13.84,121.9475,4.26,66.86666666666666,87.51,82.3365707397461,429.2133483886719,0.0,0.0015060548746581581,75.6,-0.00198646153790194,100.4800033569336,-0.007401045054646449,171.78707885742188,0.0,15.13688850402832,0.007706089032403218,63.131500244140625,0.01092891964684628,41.04336166381836,66.86666666666666,1.93,101.89891,97.18290333333334,5.323333333333333,7.128571428571429,1422.5735000000002
2023-09-11,10.228443145751953,34673600,0.009819958416081631,0.029459782010759605,-0.0016366908151753679,-0.08496946472359745,5.33,307.416,3.7666666666666666,13.8,121.3386,4.29,66.46666666666667,87.3,84.55171966552734,432.0361022949219,0.026903584954770743,0.006576575301879606,75.0,-0.007066149384420739,99.7699966430664,-0.00011023039306856663,171.7681427001953,0.011764674010082299,15.314969062805176,-0.00792033907399503,62.63147735595703,0.01945940389455747,41.842041015625,66.46666666666667,1.94,100.91290000000001,97.13113333333334,5.333333333333333,7.154285714285714,1423.0662173913045
2023-09-12,10.42095947265625,49507700,0.008835226107990701,-0.0016064546641910704,-0.016064272096850685,-0.09697919900197383,5.33,307.43,3.7733333333333334,14.23,121.2913,4.27,66.33333333333333,88.87,83.78567504882812,429.6661071777344,-0.00906007139452114,-0.00548564137255747,74.8,0.02906687003562647,102.66999816894531,0.004639869762779636,172.56512451171875,-0.0012919931235677584,15.295182228088379,0.0017894485392240256,62.743553161621094,0.0010605690404643653,41.886417388916016,66.33333333333333,1.93,100.58423,97.11387666666667,5.336666666666667,7.162857142857143,1423.2304565217391
2023-09-13,10.579994201660156,62579700,-0.022152027667747598,-0.01977838687974176,-0.050633012941854294,-0.10332192529102402,5.33,307.444,3.7800000000000002,13.48,121.0549,4.25,66.2,88.59,84.44926452636719,430.1671142578125,0.007920082724789612,0.0011660381670990372,74.6,-0.013441095529651781,101.29000091552734,-0.0035738955833236608,171.94839477539062,-0.028460494940785286,14.85987377166748,-0.007007482925119768,62.30387878417969,-0.0243644215403388,40.86587905883789,66.2,1.9,100.25556,97.09662,5.34,7.171428571428571,1423.394695652174
2023-09-14,10.563253402709961,43461600,-0.03328056636585219,-0.004754444008481462,-0.06418391072746366,-0.09546282926163385,5.33,307.458,3.7866666666666666,12.82,121.2395,4.29,66.06666666666666,90.13,85.2787094116211,433.87615966796875,0.009821813012888203,0.008622336034579625,74.4,0.009872642817270405,102.29000091552734,0.00927001165162955,173.5423583984375,0.040612495152167805,15.463370323181152,0.01632760221466434,63.32115173339844,0.03474478296645733,42.2857551574707,66.06666666666666,1.95,99.92689,97.07936333333333,5.343333333333334,7.18,1423.5589347826087
2023-09-15,10.554883003234863,63982400,-0.0142743722959916,-0.015067498391927336,-0.053925436569473906,-0.027092963359616418,5.33,307.47200000000004,3.7933333333333334,13.79,121.199,4.33,65.93333333333334,90.83,83.81983947753906,428.6487121582031,-0.017107082695639764,-0.01204824785433245,74.2,0.0016619236232648937,102.45999908447266,-0.012847841852371089,171.31271362304688,-0.028151004664399903,15.028060913085938,-0.01443154694847848,62.40732955932617,-0.01888766911770612,41.48707580566406,65.93333333333334,1.98,99.59822,97.06210666666666,5.346666666666667,7.1814285714285715,1423.7231739130436
2023-09-18,10.328886032104492,47444100,0.019448836825807447,-0.0024309776483751877,-0.024311253776560515,-0.010743611955065901,5.33,307.514,3.8133333333333335,14.0,121.1938,4.32,65.53333333333333,91.47,82.90823364257812,428.9001159667969,-0.010875776434828621,0.000586503123567006,73.6,-0.010443096861069256,101.38999938964844,0.007975131711966066,172.678955078125,-0.009874880569085143,14.879660606384277,-0.01161310529583448,61.682586669921875,-0.007486767612013279,41.17647171020508,65.53333333333333,1.96,98.61221,97.01033666666667,5.3566666666666665,7.185714285714286,1424.215891304348
2023-09-19,10.513031005859375,40900000,-0.010350234113518209,-0.03901272094191144,-0.0644903459016346,-0.03534880083949943,5.33,307.528,3.82,14.11,121.1645,4.37,65.39999999999999,91.16,82.4927749633789,428.0106201171875,-0.005011066584656554,-0.0020738997647606894,73.4,0.011638231702132407,102.56999969482422,0.0010989964555001563,172.8687286376953,0.003324476821115585,14.92912769317627,0.011324995114324832,62.381141662597656,-0.00969811004371346,40.777137756347656,65.39999999999999,2.0,98.28354,96.99308,5.36,7.187142857142858,1424.3801304347828
2023-09-20,10.345625877380371,37449600,0.0024274129058574623,-0.029935265609192352,-0.06715203248472668,-0.01234428832499479,5.33,307.54200000000003,3.8266666666666667,15.14,120.9648,4.35,65.26666666666667,89.2,81.67161560058594,424.07574462890625,-0.009954318583142663,-0.009193406199135667,73.2,-0.007019608295265045,101.8499984741211,0.008068142950139467,174.26345825195312,-0.02915845940339168,14.493817329406738,-0.009658443468113953,61.77863693237305,0.0076170201699203854,41.087738037109375,65.26666666666667,2.0,97.95487,96.97582333333334,5.363333333333333,7.188571428571429,1424.5443695652175
2023-09-21,10.211702346801758,40140500,0.02950817100069436,-0.024590329281251155,-0.04590144368385274,-0.017705500298568877,5.33,307.55600000000004,3.8333333333333335,17.54,121.5528,4.49,65.13333333333333,89.56,79.4427261352539,417.0665283203125,-0.027290870260634814,-0.016528217888828522,73.0,-0.0387824939363729,97.9000015258789,-0.01960040383414785,170.8478240966797,-0.013651848163712899,14.295949935913086,-0.004240532775165784,61.51666259765625,-0.016199011707838107,40.422157287597656,65.13333333333333,2.11,97.6262,96.95856666666667,5.366666666666667,7.19,1424.7086086956522
2023-09-22,10.404218673706055,65205500,-0.0008046114188824394,-0.034593799560644456,-0.07642800194397348,0.008239063270249591,5.33,307.57000000000005,3.84,17.2,121.5306,4.44,65.0,90.0,78.66067504882812,416.12872314453125,-0.009844212610407022,-0.0022485745369166255,72.8,0.00030642266424218967,97.93000030517578,0.004387192171110055,171.5973663330078,-0.02768166805533412,13.900214195251465,-0.017033125671576888,60.468841552734375,-0.006585994183321842,40.15593719482422,65.0,2.07,97.29753000000001,96.94131,5.37,7.207142857142857,1424.872847826087
2023-09-25,10.529770851135254,41219400,-0.021462395839607185,-0.04054046343421702,-0.09459441467983964,-0.002975383708297863,5.33,307.612,3.86,16.9,122.1143,4.55,64.6,89.68,79.14457702636719,417.87860107421875,0.006151764871566101,0.0042051361330319725,72.2,0.011743097337845398,99.08000183105469,0.023167038731331413,175.57276916503906,-0.01067618515020241,13.751812934875488,0.007797915458582549,60.940372467041016,0.01546970647228485,40.777137756347656,64.6,2.18,96.31152,96.88954,5.38,7.258571428571429,1425.3655652173913
2023-09-26,10.404218673706055,41261000,-0.028962252926638787,-0.018503679415238672,-0.07160097506657892,0.017226640649247615,5.33,307.62600000000003,3.8666666666666667,18.94,122.4742,4.56,64.46666666666667,91.43,77.70264434814453,411.73944091796875,-0.018218970046959382,-0.014691252771662389,72.0,-0.026544255492617297,96.44999694824219,-0.013563743179084709,173.19134521484375,-0.010071900337736528,13.613306045532227,-0.02521866300748421,59.40353775024414,-0.009793365104127538,40.37779235839844,64.46666666666667,2.23,95.98285,96.87228333333334,5.383333333333334,7.275714285714286,1425.5298043478263
2023-09-27,10.370738983154297,41616600,-0.03228431116147967,-0.01129954568979119,-0.08393887797038724,0.015592521519134372,5.33,307.64000000000004,3.873333333333333,18.22,122.9895,4.61,64.33333333333333,93.67,77.40450286865234,411.9037170410156,-0.0038369540958782533,0.0003989807793993716,71.8,-0.006117121374376366,95.86000061035156,-0.002794207149998562,172.70741271972656,0.015988344600676996,13.830960273742676,0.0049979190588713696,59.70043182373047,-0.00769235420314196,40.06719207763672,64.33333333333333,2.27,95.65418,96.85502666666667,5.386666666666667,7.292857142857143,1425.694043478261
2023-09-28,10.513031005859375,49109800,-0.05254790763764505,-0.044585979749833804,-0.20700640582772845,-0.0021964470769918476,5.33,307.65400000000005,3.88,17.34,122.5342,4.59,64.2,91.65,78.26964569091797,414.2917175292969,0.01117690560888529,0.005797472539058157,71.6,0.03421655287307268,99.13999938964844,0.008295495016014787,174.14010620117188,0.032904168315484705,14.286056518554688,0.007752022190259389,60.163230895996094,0.015504065645953302,40.68839645385742,64.2,2.2,95.32551000000001,96.83777,5.390000000000001,7.31,1425.8582826086958
2023-09-29,10.39584732055664,62364900,-0.033816397201095416,-0.0491143064623667,-0.21336537858197302,-0.003214707569217601,5.33,307.668,3.8866666666666667,17.52,122.3077,4.59,64.06666666666666,90.77,78.68509674072266,413.2863464355469,0.005307945962158556,-0.002426722647862034,71.4,-0.005547741125114802,98.58999633789062,-0.004740175769506361,173.3146514892578,-0.049861495475038264,13.573732376098633,0.008272807221666012,60.66094970703125,-0.0010906395227774368,40.644020080566406,64.06666666666666,2.24,94.99684,96.82051333333334,5.3933333333333335,7.335714285714285,1426.0225217391305
2023-10-02,10.303776741027832,51204000,-0.019496509396774053,-0.030869303525922542,-0.19561131857494052,0.003217147109949803,5.33,307.7105806451613,3.893548387096774,17.61,123.0545,4.69,63.71935483870968,88.81,78.7486572265625,413.1219482421875,0.0008077830297303912,-0.00039778278372182285,70.96774193548387,-0.013591605514398752,97.25,-0.006295369159725617,172.22357177734375,-0.005830919357637687,13.494585037231445,-0.005470162566696413,60.329124450683594,-0.01091717688514593,40.20030212402344,63.71935483870968,2.34,94.5053,96.80091290322581,5.4064516129032265,7.412857142857143,1426.5059021739132
2023-10-03,10.102889060974121,55074700,0.010770511798250393,-0.0024855462901491876,-0.16615392225170422,-0.014698526390392264,5.33,307.7251612903226,3.8870967741935485,19.78,123.7848,4.81,63.63870967741935,89.26,76.83260345458984,407.5919189453125,-0.024331256423333114,-0.013385948919937496,70.93548387096774,-0.027557843755020905,94.56999969482422,-0.011128442990795295,170.30699157714844,-0.06598236987475281,12.604180335998535,-0.02142110379579587,59.036808013916016,-0.014348657673158405,39.62348175048828,63.63870967741935,2.45,94.6711,96.81582580645161,5.412903225806452,7.438571428571429,1426.6608043478261
2023-10-04,10.035926818847656,45217900,0.021684845780350015,-0.02001656873917179,-0.1411085280923562,-0.010665436903093961,5.33,307.7397419354839,3.8806451612903223,18.58,123.5946,4.73,63.55806451612903,84.32,78.34784698486328,410.5599060058594,0.01972136127300428,0.007281761297492917,70.90322580645162,0.01998518976152508,96.45999908447266,0.021281418666870167,173.93136596679688,0.027472524562399236,12.950448989868164,0.014050721287504064,59.86631774902344,0.013437876249463576,40.15593719482422,63.55806451612903,2.4,94.8369,96.83073870967742,5.419354838709678,7.464285714285714,1426.8157065217392
2023-10-05,9.960593223571777,47425000,0.008403515018853502,-0.031092239611912098,-0.09876806212377709,0.011325548456934786,5.33,307.7543225806452,3.8741935483870966,18.49,123.8993,4.72,63.47741935483871,82.3,77.95682525634766,410.4053039550781,-0.004990842040511589,-0.0003765639277475419,70.87096774193549,-0.02488079565268464,94.05999755859375,-0.0028911901516357474,173.42849731445312,0.01604282327886164,13.158210754394531,-0.013564513830991998,59.05426025390625,-0.013259694120763,39.62348175048828,63.47741935483871,2.41,95.0027,96.84565161290323,5.425806451612903,7.49,1426.9706086956523
2023-10-06,10.044297218322754,57558500,-0.015833335627882028,-0.029999784470665203,-0.12743670392412454,0.013053671836553926,5.33,307.76890322580647,3.867741935483871,17.45,123.3563,4.78,63.39677419354838,82.83,78.50426483154297,415.2779541015625,0.007022343116143581,0.011872775764656618,70.83870967741936,0.030937739077620208,96.97000122070312,0.005525695045051737,174.38681030273438,-0.0030075266441812465,13.118637084960938,0.016708589781353922,60.04097366333008,-0.008958552075091886,39.26851272583008,63.39677419354838,2.47,95.1685,96.86056451612903,5.432258064516129,7.501428571428572,1427.1255108695652
2023-10-09,10.102889060974121,33328000,-0.011598932832102116,-0.0488814664109537,-0.14427703698263683,-0.0037600837558585676,5.33,307.81264516129033,3.8483870967741933,17.7,123.035225,4.69,63.15483870967741,85.125,78.58737182617188,417.9366455078125,0.0010586303152730903,0.006402197323481795,70.74193548387096,-0.0013406711475295596,96.83999633789062,0.004950994057547176,175.2501983642578,-0.04298646514132709,12.554713249206543,0.021669467179173063,61.3420295715332,0.014689423601406792,39.84534454345703,63.15483870967741,2.3725,95.6659,96.90530322580645,5.451612903225807,7.535714285714286,1427.5902173913043
2023-10-10,10.211702346801758,40404600,-0.013114804927199408,-0.06639333805639391,-0.16338471233815222,-0.015208242705794461,5.33,307.8272258064516,3.8419354838709676,17.03,122.9282,4.66,63.07419354838709,85.89,79.44762420654297,420.11187744140625,0.010946445470576327,0.0052046930006597325,70.70967741935483,0.013217745323174768,98.12000274658203,-0.0021656572368763394,174.87066650390625,0.01654843139210538,12.762474060058594,0.001850508490281122,61.455543518066406,0.0011134281735432072,39.88970947265625,63.07419354838709,2.34,95.8317,96.92021612903226,5.458064516129032,7.547142857142857,1427.7451195652175
2023-10-11,10.253554344177246,31321500,-0.04081631893802906,-0.05795920637529317,-0.19581652309310094,-0.029176503546299193,5.33,307.8418064516129,3.835483870967742,16.09,122.7697,4.58,62.99354838709677,83.7,79.73111724853516,421.8327941894531,0.0035683010640465973,0.004096329669438736,70.6774193548387,0.008153234814204602,98.91999816894531,0.011936311748254269,176.95797729492188,-0.019379822369998134,12.51513957977295,0.008099029422474091,61.95327377319336,-0.004449237475767087,39.71223068237305,62.99354838709677,2.26,95.9975,96.93512903225806,5.464516129032258,7.558571428571429,1427.9000217391306
2023-10-12,10.044297218322754,51644000,-0.03916661737343041,-0.05416669950245001,-0.1655215919091617,-0.03010906828757387,5.33,307.8563870967742,3.829032258064516,16.69,123.2101,4.7,62.912903225806446,82.87,78.86109161376953,419.2611083984375,-0.010911996028521886,-0.006096457711300296,70.64516129032258,-0.019409605787357065,97.0,-0.01737164354109355,173.88392639160156,-0.0039525035100386186,12.465673446655273,-0.00803396212682983,61.455543518066406,-0.029050587575428777,38.55856704711914,62.912903225806446,2.36,96.16329999999999,96.95004193548387,5.470967741935484,7.57,1428.0549239130437
2023-10-13,9.885262489318848,47221800,-0.01439435956898727,-0.1566469527755141,-0.1555360505849771,-0.014505401550863883,5.33,307.8709677419355,3.8225806451612905,19.32,123.5954,4.63,62.832258064516125,87.67,77.70264434814453,417.1728210449219,-0.014689718870474433,-0.004980875429855147,70.61290322580645,-0.021030937273477823,94.95999908447266,-0.0031646266643511334,173.33364868164062,-0.026984120669508282,12.129298210144043,-0.012645589422156212,60.678401947021484,0.002301665717408863,38.647315979003906,62.832258064516125,2.29,96.3291,96.96495483870967,5.47741935483871,7.578571428571429,1428.2098260869566
2023-10-16,9.985706329345703,29183000,-0.0377200458571727,-0.18105608640891047,-0.11465534728480387,-0.04059280442740998,5.33,307.91470967741935,3.803225806451613,17.21,123.3185,4.71,62.59032258064516,86.65,78.95883178710938,421.5620422363281,0.01616659831210554,0.0105213498338943,70.51612903225806,0.01758633303544732,96.62999725341797,5.466744674142987e-05,173.34312438964844,0.008156549389389145,12.228231430053711,0.018276011931993352,61.78736114501953,0.020665941379675923,39.44599914550781,62.59032258064516,2.33,96.8265,97.00969354838709,5.496774193548387,7.604285714285714,1428.6745326086957
2023-10-17,10.077777862548828,40516500,-0.05398655628354443,-0.1775725264579956,-0.11683922388617884,-0.072976619607098,5.33,307.9292903225807,3.796774193548387,17.88,123.1202,4.83,62.50967741935484,86.66,79.14457702636719,421.542724609375,0.002352431451349446,-4.582392392504797e-05,70.48387096774194,-0.0005173902906379091,96.58000183105469,0.008593235251269427,174.83270263671875,0.011326890876236062,12.366739273071289,0.003815724533879017,62.02312469482422,-0.004499478363395593,39.26851272583008,62.50967741935484,2.42,96.9923,97.02460645161291,5.503225806451613,7.612857142857143,1428.8294347826088
2023-10-18,9.835041999816895,44840100,-0.01787237186759083,-0.1434449982444128,-0.1218365856219884,-0.03194596534458327,5.33,307.943870967742,3.7903225806451615,19.22,123.8148,4.91,62.42903225806452,88.35,77.28717803955078,415.9256896972656,-0.023468430265255025,-0.013324948063839659,70.45161290322581,-0.047318281302359266,92.01000213623047,-0.027405262215308368,170.04136657714844,-0.06480001566998517,11.565374374389648,-0.011685104671323332,61.298377990722656,-0.02146900064649282,38.42545700073242,62.42903225806452,2.47,97.1581,97.03951935483872,5.509677419354839,7.621428571428571,1428.984336956522
2023-10-19,9.650896072387695,49057500,-0.015611533071441475,-0.10684231881228079,-0.09539138420929161,-0.013474809228496754,5.33,307.9584516129033,3.7838709677419358,21.4,123.798,4.98,62.34838709677419,89.35,75.31246948242188,412.2711486816406,-0.02555027376104191,-0.008786523905952914,70.41935483870968,-0.019128378386782385,90.25,-0.012777742232451317,167.86862182617188,-0.02566294505216138,11.268572807312012,-0.009971683369010775,60.687129974365234,-0.004618880784608148,38.24797439575195,62.34838709677419,2.49,97.3239,97.05443225806452,5.516129032258064,7.63,1429.1392391304348
2023-10-20,9.74297046661377,53307500,-0.14433013303811726,-0.07863779695964612,-0.09783281430701785,-0.00796525533598691,5.33,307.97303225806456,3.7774193548387096,21.71,123.612,4.93,62.26774193548387,89.12,74.14427947998047,407.20513916015625,-0.015511242832291772,-0.012288052505455282,70.38709677419355,0.01939058171745156,92.0,-0.017295011797548665,164.96533203125,-0.031606755442112,10.912409782409668,-0.01179840021542844,59.97111892700195,-0.012760912930833035,37.75989532470703,62.26774193548387,2.46,97.4897,97.06934516129033,5.52258064516129,7.652857142857143,1429.294141304348
2023-10-23,9.609045028686523,49073800,-0.14895461547821343,-0.08791299640902461,-0.09852911139487097,-0.024217199722027405,5.33,308.01677419354843,3.7580645161290325,20.37,123.2846,4.86,62.0258064516129,85.49,74.23225402832031,406.4994201660156,0.001186531839770577,-0.0017330797828243316,70.29032258064517,-0.02554346167522925,89.6500015258789,-0.01495361093269476,162.49850463867188,0.03173163955296099,11.258678436279297,-0.006988837718351126,59.5519905090332,-0.0070505418481330295,37.49366760253906,62.0258064516129,2.45,97.9871,97.11408387096775,5.541935483870968,7.7214285714285715,1429.758847826087
2023-10-24,9.533713340759277,47775600,-0.13063870391623422,-0.09318920621081317,-0.08516435671612876,0.0111342373472052,5.33,308.0313548387097,3.7516129032258068,18.97,123.6416,4.83,61.94516129032258,84.58,75.02409362792969,409.5641784667969,0.01066705585024108,0.007539391567962461,70.25806451612904,0.012716111212997205,90.79000091552734,0.010509787218219158,164.20632934570312,0.006151243733895306,11.327933311462402,-0.003079392310532003,59.36860656738281,0.021301814881663272,38.29235076904297,61.94516129032258,2.43,98.1529,97.12899677419355,5.548387096774193,7.744285714285715,1429.9137500000002
2023-10-25,9.659266471862793,74213800,-0.12785774758786494,-0.11553674171086958,-0.0847346713103404,0.002391672981371773,5.33,308.045935483871,3.7451612903225806,20.19,123.7871,4.95,61.86451612903225,86.07,73.50885772705078,403.68603515625,-0.020196657201798196,-0.014352190986408275,70.2258064516129,-0.015640468714902878,89.37000274658203,-0.027387913088841587,159.7090606689453,-0.01572056504525643,11.14985179901123,-0.005883266110325969,59.019325256347656,-0.008111487122575811,37.98174285888672,61.86451612903225,2.52,98.31869999999999,97.14390967741936,5.554838709677419,7.767142857142857,1430.068652173913
2023-10-26,9.50023078918457,84725900,-0.09267762555720838,-0.1320485611211083,-0.0747816088677109,0.03348861450951102,5.33,308.0605161290323,3.738709677419355,20.68,124.0064,4.86,61.78387096774193,83.8,72.3602066040039,398.8520202636719,-0.01562602329248519,-0.011974689416013762,70.19354838709677,0.0002237511743521381,89.38999938964844,0.014970631124845202,162.10000610351562,0.008873137990296653,11.248785972595215,-0.02189656092901282,57.72700500488281,0.014018921556831154,38.51420593261719,61.78387096774193,2.44,98.4845,97.15882258064516,5.561290322580645,7.79,1430.2235543478262
2023-10-27,8.336766242980957,187029600,0.07677299226594991,0.005395726453782057,0.057399144997908325,0.20117269653511505,5.33,308.0750967741936,3.732258064516129,21.27,123.62,4.84,61.70322580645161,86.04,73.11781311035156,397.044189453125,0.010469932880287525,-0.004532585316608828,70.16129032258064,-0.03781180530816042,86.01000213623047,-0.0018143932640685145,161.80589294433594,-0.021108150115551227,11.011344909667969,-0.025714627073345597,56.242576599121094,-0.0023043168030009165,38.42545700073242,61.70322580645161,2.42,98.6503,97.17373548387097,5.567741935483871,7.785714285714286,1430.3784565217393
2023-10-30,8.177733421325684,106474700,0.07172545692553034,0.020789914839401957,0.10083143099542569,0.21829498045183815,5.33,308.11883870967745,3.7129032258064516,19.75,123.4076,4.88,61.461290322580645,83.03,73.7874526977539,401.7910461425781,0.009158364547797726,0.011955487110871132,70.06451612903226,0.004418058876642039,86.38999938964844,0.012255152742177033,163.78884887695312,0.02425864992146365,11.278465270996094,0.001241822413901028,56.31241989135742,0.023094701748823,39.31288146972656,61.461290322580645,2.44,99.1477,97.21847419354839,5.587096774193548,7.772857142857143,1430.8431630434784
2023-10-31,8.288241386413574,82238800,0.043077024332830005,0.06666677405929522,0.05230776594835196,0.24102610895066556,5.33,308.13341935483874,3.706451612903226,18.14,123.8364,4.88,61.38064516129032,81.64,74.34467315673828,404.3144836425781,0.0075516966450495104,0.006280472211181554,70.03225806451613,0.009376057001000637,87.19999694824219,0.00834157345408526,165.1551055908203,0.005263172135932637,11.337825775146484,0.0361297477848983,58.34697341918945,0.0033861083391650837,39.44599914550781,61.38064516129032,2.46,99.31349999999999,97.2333870967742,5.5935483870967735,7.768571428571429,1430.9980652173915
2023-11-01,8.424254417419434,75469700,0.014127289261491871,0.05650870422283605,0.0676085312330792,0.22502524771972432,5.33,308.148,3.7,16.87,123.7922,4.77,61.3,81.05,75.26359558105469,408.6263732910156,0.012360299471342984,0.01066469251754354,70.0,-0.012843981151195227,86.08000183105469,-0.0011490626274702764,164.96533203125,-0.013961559050153394,11.179532051086426,-0.01272082832716881,57.60475158691406,-0.020247507575045454,38.647315979003906,61.3,2.36,99.4793,97.2483,5.6,7.764285714285714,1431.1529673913044
2023-11-02,8.619771957397461,66914000,-0.04339244426555511,0.0019724542362515862,0.05522683776906878,0.1429979534183048,5.33,308.1677666666667,3.7033333333333336,15.66,122.8818,4.67,61.58,83.04,77.22852325439453,416.45745849609375,0.026107278800196587,0.01916441452862605,70.1,-0.10315990583086743,77.19999694824219,0.013458397834535507,167.1855010986328,0.053097229630758136,11.773134231567383,0.0057603799548895385,57.93657684326172,0.01148111144605135,39.09103012084961,61.58,2.27,99.79835666666666,97.24817333333334,5.6,7.76,1431.3078695652175
2023-11-03,8.976804733276367,60912400,-0.0662881278828904,-0.0274619982742762,0.0037877958903467235,0.1429923226325851,5.33,308.18753333333336,3.706666666666667,14.91,121.7564,4.57,61.86,81.19,78.31364440917969,420.2569274902344,0.014050782134092055,0.009123306394514419,70.2,0.0038860500468536063,77.5,0.02854562823792528,171.95791625976562,0.05462191817173978,12.416205406188965,0.012660157287536,58.67006301879883,0.03405198488330652,40.422157287597656,61.86,2.18,100.11741333333333,97.24804666666667,5.6,7.722857142857142,1431.4627717391306
2023-11-06,8.76428508758545,48435500,-0.04752666996662358,0.0029098960513573857,0.03685715992534955,0.24151288479381816,5.33,308.24683333333337,3.716666666666667,14.89,121.6484,4.67,62.699999999999996,81.54,78.41139221191406,421.2237243652344,0.0012481580122061242,0.002300490037781655,70.5,-0.03935487808719762,74.44999694824219,-0.011752675422740833,169.93695068359375,-0.023107478223734157,12.129298210144043,-0.0034233408896811035,58.469215393066406,-0.005488454314690583,40.20030212402344,62.699999999999996,2.25,101.07458333333332,97.24766666666667,5.6,7.611428571428571,1431.9274782608697
2023-11-07,8.64527416229248,50430800,0.022615539577773403,0.0019664151818812314,0.0639134574346567,0.26155362684243877,5.33,308.26660000000004,3.72,14.81,122.0777,4.58,62.98,77.96,79.28632354736328,422.4225158691406,0.011158217074945354,0.0028459733736811987,70.6,0.01705848656171005,75.72000122070312,-0.010384585131994362,168.17222595214844,0.02446980541952648,12.42609977722168,-0.02075850795903844,57.2554817199707,-0.0011035969098527332,40.15593719482422,62.98,2.19,101.39363999999999,97.24754,5.6,7.574285714285714,1432.0823804347826
2023-11-08,8.543266296386719,38700600,0.04179102111748434,0.02089534311558583,0.09552219046011601,0.2616914393235117,5.33,308.2863666666667,3.7233333333333336,14.45,122.0926,4.49,63.26,75.85,79.07613372802734,422.73193359375,-0.002651022394932645,0.0007324839775000314,70.7,-0.023243556627799644,73.95999908447266,0.007785535962748558,169.48153686523438,0.018311996199454894,12.653646469116211,-0.024859117895906557,55.83216094970703,0.00220991735442988,40.24467849731445,63.26,2.15,101.71269666666666,97.24741333333333,5.6,7.537142857142857,1432.2372826086958
2023-11-09,8.245738983154297,59356900,0.04742268470478184,0.07216487452875708,0.14123709098613935,0.3381442247328448,5.33,308.3061333333333,3.7266666666666666,15.29,122.1281,4.62,63.54,76.34,77.5999984741211,419.43511962890625,-0.01866726639649885,-0.007798828767954014,70.8,-0.015548966199491754,72.80999755859375,-0.004422289730337425,168.73204040527344,-0.03752927087172364,12.178764343261719,-0.016577815377438188,54.906585693359375,-0.008820272341892088,39.88970947265625,63.54,2.29,102.03175333333333,97.24728666666667,5.6,7.5,1432.3921847826089
2023-11-10,8.381749153137207,45069700,0.04158255963970925,0.04868185453448626,0.13184594979508812,0.2860043593618815,5.33,308.3259,3.73,14.17,122.202675,4.61,63.82,76.97,78.89039611816406,425.9803161621094,0.01662883594608977,0.015604788981413709,70.9,0.042851295854957394,75.93000030517578,0.012651809459973018,170.86680603027344,0.036555664836386725,12.623967170715332,0.019719966718153126,55.989341735839844,0.008898761844869485,40.24467849731445,63.82,2.29,102.35081,97.24716000000001,5.6,7.491428571428571,1432.5470869565218
2023-11-13,8.347747802734375,34458300,0.05295325803633122,0.056008124070059395,0.14460278059070197,0.2790223697534904,5.33,308.3852,3.74,14.76,122.4264,4.63,64.66,78.86,79.22769165039062,425.57427978515625,0.004275495482635838,-0.0009531810779693783,71.2,-0.006585012485057495,75.43000030517578,-0.0023323959872215694,170.46827697753906,0.0015674022634262208,12.643754005432129,-0.004366752127609508,55.744850158691406,-0.013230266331409224,39.71223068237305,64.66,2.32,103.30798,97.24678,5.6,7.465714285714286,1433.0117934782609
2023-11-14,8.840791702270508,67684000,-0.020192460995085093,0.018269210232052302,0.16153850136814119,0.23632932128416928,5.33,308.40496666666667,3.743333333333333,14.16,121.35,4.44,64.94,78.9,81.89645385742188,433.83074951171875,0.03368471492022951,0.019400772365121943,71.3,0.052764196484571535,79.41000366210938,0.046084568756948885,178.32423400878906,0.08685446310387501,13.741920471191406,0.041353359276127266,58.050086975097656,0.03463686957647716,41.087738037109375,64.94,2.16,103.62703666666667,97.24665333333334,5.6,7.457142857142857,1433.166695652174
2023-11-15,8.900298118591309,45193700,-0.020057456417204134,-0.020057456417204134,0.14804204898528694,0.20648403950908212,5.33,308.42473333333334,3.7466666666666666,14.18,121.0749,4.53,65.22,77.15,81.99421691894531,434.74920654296875,0.001193739861968135,0.002117086057831896,71.4,0.011081692643692298,80.29000091552734,0.005427043850093405,179.29200744628906,0.04895600442154335,14.41466999053955,0.03610111055166687,60.14575958251953,0.009719147065093248,41.48707580566406,65.22,2.22,103.94609333333334,97.24652666666667,5.6,7.448571428571429,1433.321597826087
2023-11-16,8.636774063110352,45408100,0.023621972471360886,0.041338562245081256,0.17421248865708505,0.23824218109045248,5.33,308.4445,3.75,14.32,121.1754,4.45,65.5,73.5,81.15349578857422,435.28094482421875,-0.01025341983815986,0.001223092010858906,71.5,-0.014198522563822369,79.1500015258789,0.0010582905768905526,179.48175048828125,0.01647224783900003,14.652112007141113,-0.03092336135626328,58.285850524902344,-0.007486767612013279,41.17647171020508,65.5,2.18,104.26514999999999,97.2464,5.6,7.44,1433.4765000000002
2023-11-17,8.730283737182617,36501200,0.0068158734313221725,0.041869311320958724,0.1703991297704286,0.21397942795820057,5.33,308.4642666666667,3.7533333333333334,13.8,120.8477,4.44,65.78,76.47,81.69605255126953,435.82232666015625,0.006685562432317216,0.0012437526668118704,71.6,0.025647488820744302,81.18000030517578,0.004176232363892307,180.23130798339844,-0.001350442496423243,14.632325172424316,0.022022364134030914,59.56944274902344,0.009698295329004125,41.57581329345703,65.78,2.16,104.58420666666666,97.24627333333333,5.6,7.415,1433.631402173913
2023-11-20,8.789788246154785,46933100,0.002901236128396878,0.025144950595984872,0.14119916964321844,0.20377451471292352,5.33,308.5235666666667,3.763333333333333,13.41,120.2533,4.42,66.62,78.1,82.11640930175781,439.1771545410156,0.005145374070852249,0.007697696229948647,71.9,0.0034491103503855314,81.45999908447266,-0.0016846095618059387,179.9276885986328,-0.014874955232333953,14.41466999053955,-0.0016122801997877634,59.4734001159668,0.0,41.57581329345703,66.62,2.12,105.54137666666666,97.24589333333333,5.6,7.34,1434.0961086956522
2023-11-21,8.662274360656738,47284300,0.03925431239914601,0.049067642784865306,0.2109913924315976,0.2235106411907979,5.33,308.54333333333335,3.7666666666666666,13.35,120.2241,4.41,66.9,78.35,81.90625,438.2200012207031,-0.0025592850874121,-0.002179424203685665,72.0,-0.007733823477762081,80.83000183105469,-0.0008964749140945028,179.76638793945312,-0.025394583098492962,14.048615455627441,-0.007194209072841629,59.045536041259766,-0.0005407910008854433,41.55332946777344,66.9,2.16,105.86043333333333,97.24576666666667,5.6,7.315,1434.2510108695653
2023-11-22,8.721780776977539,41116300,0.0,0.05458091181953861,0.20370380899791707,0.19614474957492534,5.33,308.5631,3.77,12.85,120.6802,4.42,67.18,76.8,82.155517578125,439.91192626953125,0.0030433279282715553,0.003860903299975238,72.1,0.00989725849611367,81.62999725341797,0.0017417624904827456,180.07949829101562,0.019014134846274677,14.3157377243042,0.0060631460561930695,59.40353775024414,0.0043289443196135036,41.733211517333984,67.18,2.16,106.17949,97.24564000000001,5.6,7.29,1434.4059130434784
2023-11-24,8.840791702270508,22028100,0.017307746658609346,0.058653808606075275,0.19711545825880283,0.1849801763535408,5.33,308.6026333333333,3.7766666666666664,12.46,120.2105,4.47,67.74,74.83,82.23372650146484,440.1825256347656,0.0009519619088940168,0.0006151216847631868,72.3,0.01813063097795986,83.11000061035156,-0.00031614116283340543,180.02256774902344,-0.004146587410855385,14.256376266479492,0.021755258590568705,60.69587707519531,0.00862075348230018,42.09298324584961,67.74,2.21,106.81760333333334,97.24538666666666,5.6,7.2725,1434.7157173913045
2023-11-27,8.789788246154785,32247600,0.03481613551658769,0.07059953057261659,0.19825923662336487,0.22165259574377583,5.33,308.6619333333333,3.7866666666666666,12.69,120.173,4.39,68.58,74.46,82.36568450927734,439.3898010253906,0.001604670169120359,-0.001800899770457387,72.6,-0.015641956951157776,81.80999755859375,0.0025824805799037343,180.4874725341797,0.014573185146673717,14.464137077331543,-0.002158247156380577,60.56488037109375,-0.001068293285475863,42.04801559448242,68.58,2.18,107.77477333333333,97.24500666666667,5.6,7.24625,1435.1804239130436
2023-11-28,8.815289497375488,38510600,0.02217936688707023,0.07618120017512853,0.1899710942855959,0.23198331454716126,5.33,308.6817,3.79,12.69,119.5904,4.34,68.86,76.09,82.83981323242188,439.8248596191406,0.005756386606501573,0.0009901426768093025,72.7,0.0017112748298051539,81.94999694824219,-0.0027861692852312325,179.98460388183594,0.0006840623107908783,14.474031448364258,0.023933154958958758,62.01438903808594,-0.0053475416722045255,41.82316207885742,68.86,2.12,108.09383,97.24488,5.6,7.2375,1435.3353260869567
2023-11-29,9.00230598449707,77246800,0.009442665061514255,0.061378647108214945,0.15108592502099127,0.20735958994881343,5.33,308.70146666666665,3.793333333333333,12.98,119.8159,4.27,69.14,77.56,82.61498260498047,439.5154724121094,-0.0027140407331750493,-0.0007034327420673003,72.8,0.0039048164336885627,82.2699966430664,0.014022415891658646,182.5084228515625,0.01913874053328435,14.751046180725098,-0.0033794066446449778,61.80481719970703,0.02043007231779881,42.6776123046875,69.14,2.06,108.41288666666667,97.24475333333334,5.6,7.22875,1435.4902282608696
2023-11-30,8.721780776977539,80525700,0.05458091181953861,0.1773879907494984,0.18518520138429495,0.2752203554773138,5.33,308.7212333333333,3.7966666666666664,12.92,120.2434,4.37,69.42,75.66,82.49766540527344,441.2460632324219,-0.0014200475023758985,0.003937496923179573,72.9,0.006928403039776487,82.83999633789062,0.011124774180343966,184.53878784179688,0.010060388840073653,14.899447441101074,0.002260803485448104,61.94454574584961,-0.0010537484089641058,42.63264083862305,69.42,2.14,108.73194333333333,97.24462666666668,5.6,7.22,1435.6451304347827
2023-12-01,8.993805885314941,61619800,0.04064262961062548,0.13610596214126036,0.10680523978682777,0.2211193689029507,5.33,308.741,3.8,12.63,119.9424,4.22,69.7,73.7,83.62676239013672,443.8564147949219,0.013686411358631023,0.005915863686980938,73.0,0.014123682400559057,84.01000213623047,0.003547563596758563,185.19345092773438,0.046480737656676485,15.591984748840332,0.03495894390029153,64.11006164550781,0.008438790249475359,42.992408752441406,69.7,2.0,109.051,97.2445,5.6,7.192857142857143,1435.8000326086958
2023-12-04,9.09581470489502,54196100,0.034579471490522984,0.11495322801112606,0.09158877975535495,0.1882286973535312,5.33,308.8336129032258,3.790322580645161,13.08,120.4727,4.28,70.60000000000001,72.73,83.30905151367188,441.5264892578125,-0.0037991531345271667,-0.005249277602951574,72.70967741935483,-0.014045950186530098,82.83000183105469,0.0016907204331144676,185.50656127929688,0.03743658551965967,16.175695419311523,0.01729791882312992,65.21903228759766,-0.008368172992817668,42.63264083862305,70.60000000000001,2.07,110.58826774193548,97.09945483870968,5.677419354838709,7.111428571428571,1436.264739130435
2023-12-05,9.010807037353516,41551100,0.052830095223419304,0.1339624127217438,0.11792455026799975,0.20234489733625893,5.33,308.8644838709677,3.7870967741935484,12.85,120.7913,4.18,70.9,71.95,83.4556884765625,441.43939208984375,0.0017601564323002084,-0.0001972637431452151,72.61290322580645,-0.02390442246967628,80.8499984741211,-0.007703811963092666,184.07745361328125,0.00917421781138228,16.324094772338867,-0.009238231905450256,64.61652374267578,-0.011603459625724732,42.13795471191406,70.9,2.01,111.10069032258065,97.05110645161291,5.703225806451613,7.0842857142857145,1436.419641304348
2023-12-06,9.087311744689941,47223500,0.051450155461316704,0.1038356919705099,0.11973842913284316,0.17012674397456862,5.33,308.89535483870964,3.7838709677419353,12.97,120.5334,4.12,71.2,68.98,83.577880859375,439.66058349609375,0.001464158825396522,-0.004029564704973065,72.51612903225806,0.0003710424225484843,80.87999725341797,-0.0003105183318550253,184.02029418945312,0.05939398216538905,17.29364776611328,0.014729703355024215,65.56830596923828,0.004268884211166668,42.31783676147461,71.2,1.98,111.61311290322581,97.00275806451613,5.729032258064516,7.057142857142857,1436.574543478261
2023-12-07,9.197823524475098,40523200,0.11645107317377135,0.14048064324379084,0.09426989169191469,0.14942355927664108,5.33,308.9262258064516,3.7806451612903227,13.06,120.6013,4.14,71.5,69.0,84.26708221435547,443.01531982421875,0.008246217155710056,0.00763028675768207,72.41935483870968,-0.0003709048011324434,80.8499984741211,0.0043489386443762434,184.82058715820312,0.025743664945672373,17.738849639892578,-0.0070581576880789365,65.10551452636719,0.024442083273725546,43.3521728515625,71.5,1.97,112.12553548387096,96.95440967741936,5.754838709677419,7.03,1436.729445652174
2023-12-08,9.35933780670166,48961200,0.09173498164913174,0.12170764207008022,0.07447775759001685,0.1295879336175334,5.33,308.95709677419353,3.7774193548387096,12.35,120.7607,4.23,71.8,70.87,84.65322875976562,444.9198913574219,0.004582412672458291,0.004299109868161732,72.3225806451613,-0.01261591419068353,79.83000183105469,-0.011753160108127214,182.6483612060547,0.010039067699784132,17.91693115234375,-0.0076449198512686944,64.6077880859375,0.001037440059018735,43.39714813232422,71.8,2.02,112.63795806451613,96.90606129032258,5.780645161290322,7.018571428571429,1436.8843478260872
2023-12-11,9.410343170166016,39700900,0.07768736838051526,0.12466126034460734,0.05781386496626295,0.1475860049090647,5.33,309.04970967741934,3.767741935483871,12.63,120.9279,4.23,72.7,70.95,84.87805938720703,446.6505126953125,0.0026559013842157864,0.003889736942555233,72.03225806451613,0.009770747355707154,80.61000061035156,0.005372745945858348,183.6296844482422,-0.026504764078473575,17.442047119140625,0.014643483345834873,65.55387115478516,-0.008290215924295907,43.037376403808594,72.7,2.04,114.1752258064516,96.76101612903226,5.858064516129033,6.984285714285715,1437.3490543478263
2023-12-12,9.486848831176758,40206200,0.07706116862199663,0.11021532453490179,0.026881840412670943,0.11164460222994665,5.33,309.08058064516126,3.764516129032258,12.07,120.6817,4.2,73.0,68.27,85.14201354980469,448.6903991699219,0.003109804400611038,0.004567075188830927,71.93548387096774,-0.002108896757947454,80.44000244140625,-0.00939094783226857,181.9052276611328,0.01077711397782477,17.630022048950195,-0.012543706400526933,64.73158264160156,-0.013583951058279586,42.4527587890625,73.0,2.04,114.68764838709677,96.71266774193549,5.883870967741935,6.972857142857143,1437.5039565217392
2023-12-13,9.554855346679688,68066700,0.04982217772007402,0.0978648351051683,0.019573026907297564,0.10190526152730728,5.33,309.1114516129032,3.761290322580645,12.19,121.1571,4.04,73.3,69.09,86.25646209716797,454.87786865234375,0.013089290479504356,0.013790064360344578,71.83870967741936,0.01417204568683128,81.58000183105469,0.028963520127475606,187.17384338378906,0.025252593552737013,18.075225830078125,-0.011473807878792597,63.98886489868164,0.031779530038272163,43.80188751220703,73.3,1.88,115.20007096774194,96.66431935483871,5.909677419354838,6.961428571428572,1437.6588586956523
2023-12-14,10.268919944763184,110777600,0.021523173426408748,0.009105900837343528,-0.06705295622304508,0.03548440931400387,5.33,309.14232258064516,3.758064516129032,12.48,119.5683,3.92,73.60000000000001,71.21,87.41487121582031,456.33782958984375,0.013429824160274384,0.0032095668708291836,71.74193548387096,0.08911493601240594,88.8499984741211,0.012674309355670266,189.546142578125,0.027914687762224277,18.579790115356445,0.07088565321098117,68.5247573852539,-0.0030801046679954647,43.66697311401367,73.60000000000001,1.7,115.7124935483871,96.61597096774193,5.935483870967742,6.95,1437.8137608695654
2023-12-15,10.217916488647461,85298200,0.027454154098527805,0.011647092445564722,-0.08569073632882973,0.05090579267148776,5.33,309.1731935483871,3.7548387096774194,12.28,119.7382,3.91,73.9,71.05,87.59573364257812,455.5864562988281,0.002069012105632151,-0.0016465286073060748,71.64516129032258,-0.01857064214086057,87.19999694824219,-0.005880891598326055,188.4314422607422,-0.009052206405376073,18.411602020263672,-0.0023227288177920524,68.36559295654297,-0.011328523062959062,43.17229080200195,73.9,1.69,116.22491612903225,96.56762258064516,5.961290322580645,6.91,1437.9686630434783
2023-12-18,10.14140796661377,43424400,0.0435876798246988,-0.018440879978130598,-0.0611903080645666,0.11048447546308138,5.33,309.2658064516129,3.7451612903225806,12.56,119.9102,3.95,74.8,72.16,88.13925170898438,458.149169921875,0.006204846329890934,0.005625087373900994,71.35483870967742,0.001146859025407787,87.30000305175781,0.0059156810774729784,189.546142578125,-0.013433672620543624,18.16426658630371,0.0,68.36559295654297,0.008333394448898357,43.53206253051758,74.8,1.74,117.76218387096775,96.42257741935484,6.038709677419355,6.79,1438.4333695652174
2023-12-19,10.217916488647461,35722900,0.030782054797614533,-0.028286315940379336,-0.06821981765986307,0.10387817658369758,5.33,309.2966774193548,3.741935483870968,12.53,119.4632,3.93,75.10000000000001,73.23,88.82968139648438,460.93505859375,0.007833396291809347,0.0060807458678797666,71.25806451612904,0.017640243210756745,88.83999633789062,0.007690328588669804,191.00381469726562,0.019063020860295765,18.51053237915039,0.001551979367948153,68.47169494628906,0.006198304560007806,43.80188751220703,75.10000000000001,1.74,118.2746064516129,96.37422903225807,6.064516129032258,6.75,1438.5882717391305
2023-12-20,10.030899047851562,54981100,0.04576266191044831,0.004237243015888792,-0.03644078431969089,0.12358882161899043,5.33,309.3275483870968,3.738709677419355,13.67,119.5435,3.86,75.4,73.87,87.20889282226562,454.5478515625,-0.018246024850460563,-0.013857064920894668,71.16129032258064,-0.024763586660616288,86.63999938964844,0.0030925991877372994,191.59451293945312,-0.0342061958711366,17.877357482910156,-0.023631149800517504,66.85363006591797,-0.012320331582189814,43.26223373413086,75.4,1.67,118.78702903225806,96.32588064516129,6.090322580645162,6.71,1438.7431739130436
2023-12-21,10.48993968963623,66424600,-0.012155644543446975,-0.02998372925894166,-0.10615874413916493,0.073588260701692,5.33,309.3584193548387,3.735483870967742,13.65,119.3168,3.89,75.7,73.59,88.53587341308594,458.8577575683594,0.015216115557443732,0.009481743211510407,71.06451612903226,0.02804709513266812,89.06999969482422,0.007956380275841557,193.11891174316406,0.06198124291306706,18.98541831970215,0.002777473772455963,67.03931427001953,0.009355489648781079,43.66697311401367,75.7,1.7,119.29945161290323,96.27753225806451,6.116129032258065,6.67,1438.8980760869565
2023-12-22,10.498440742492676,43764600,-0.015384688056307438,-0.04129559819385409,-0.081781361218915,0.034466911806452005,5.33,309.3892903225806,3.732258064516129,13.03,119.0625,3.9,76.0,73.29,87.88462829589844,459.7799072265625,-0.007355720253065745,0.002009663437074538,70.96774193548387,-0.0005613905010568576,89.0199966430664,-0.005426887809737546,192.0708770751953,-0.013548758683469164,18.72818946838379,0.0042204503323497455,67.32225036621094,-0.003089533665267874,43.53206253051758,76.0,1.71,119.81187419354839,96.22918387096774,6.141935483870968,6.661428571428571,1439.0529782608696
2023-12-26,10.58344841003418,26293700,-0.05943780383958619,-0.04979928002126599,-0.08514050398511386,0.07730084568215512,5.33,309.51277419354835,3.7193548387096773,12.99,118.8875,3.89,77.2,75.84,88.25678253173828,461.72137451171875,0.004234577116112304,0.004222601411330462,70.58064516129032,0.004718106202855621,89.44000244140625,0.0014881362602767734,192.35670471191406,-0.01690432749276527,18.411602020263672,0.022852740608576783,68.86074829101562,0.0,43.53206253051758,77.2,1.71,121.86156451612904,96.03579032258064,6.245161290322581,6.627142857142857,1439.6725869565219
2023-12-27,10.532444953918457,39891300,-0.057304422853569625,-0.0548831232401753,-0.06779666081405322,0.10075299239800106,5.33,309.5436451612903,3.7161290322580647,12.43,118.4729,3.79,77.5,74.31,88.56036376953125,462.5561828613281,0.003439749660982594,0.0018080348792433032,70.48387096774194,0.002124271095991892,89.62999725341797,0.004209962186334071,193.16651916503906,-0.003761428333752148,18.342348098754883,0.0008988760559272002,68.92264556884766,0.004132086200537399,43.71194076538086,77.5,1.64,122.37398709677419,95.98744193548387,6.270967741935484,6.618571428571429,1439.827489130435
2023-12-28,10.48993968963623,26688500,-0.03970826307634556,-0.07131279342813701,-0.04538097598808821,0.10604528442613614,5.33,309.57451612903225,3.7129032258064516,12.47,118.4104,3.84,77.8,72.02,88.10008239746094,462.7309265136719,-0.005197374451488712,0.0003777782220157899,70.38709677419355,0.009371906649847883,90.47000122070312,0.00014803274825636592,193.1951141357422,0.0070117804775102766,18.47096061706543,0.006542519235199107,69.37357330322266,-0.0010287269469124727,43.66697311401367,77.8,1.68,122.88640967741935,95.93909354838709,6.296774193548387,6.61,1439.9823913043479
2023-12-29,10.362427711486816,40964700,-0.01804746326384099,-0.05988509076143822,-0.038556228707835705,0.11881314138783972,5.33,309.60538709677417,3.709677419354839,12.45,118.4208,3.88,78.1,71.89,87.55654907226562,461.3913269042969,-0.006169498488584613,-0.002894986119617915,70.29032258064517,-0.00829004078567841,89.72000122070312,-0.0030575216398716076,192.6044158935547,-0.006962957746318943,18.342348098754883,-0.002293869315874164,69.21443939208984,-0.007209115722979775,43.3521728515625,78.1,1.72,123.39883225806452,95.89074516129033,6.322580645161291,6.611428571428572,1440.137293478261
2024-01-02,10.336925506591797,47494800,-0.026315770050738707,-0.0731907181550564,-0.004933918575166896,0.15282203646591963,5.33,309.73893548387093,3.706451612903226,13.2,119.2686,3.95,78.93225806451613,70.62,86.74372100830078,458.8092041015625,-0.00928346391649093,-0.00559638348657121,70.09677419354838,0.0050155700191669705,90.16999816894531,-0.012316871991439382,190.2321319580078,-0.0674217580237989,17.105674743652344,-0.013030425784619326,68.31254577636719,0.011410960717010976,43.84686279296875,78.93225806451613,1.74,124.33545161290323,95.78471935483871,6.390322580645162,6.617142857142857,1441.0187032967033
2024-01-03,9.954391479492188,70120100,0.010247619835952237,-0.061486006428857154,0.036720765484670626,0.15853488659060555,5.33,309.77987096774194,3.7129032258064516,14.04,119.6958,3.91,78.86451612903225,72.97,84.99072265625,455.062255859375,-0.0202089365279019,-0.008166680634763557,70.19354838709677,-0.06299213064786313,84.48999786376953,-0.014724490222348452,187.43106079101562,-0.05436671386996417,16.175695419311523,-0.023686315469235497,66.69447326660156,-0.015384726477511435,43.17229080200195,78.86451612903225,1.71,123.73480322580644,95.82373870967741,6.380645161290323,6.618571428571428,1441.4354065934067
2024-01-04,9.928889274597168,54920300,0.0025684851738920766,-0.041095954883181074,-0.007705551572129821,0.16766538327252545,5.33,309.8208064516129,3.7193548387096778,14.13,119.6208,3.99,78.79677419354839,72.38,84.3933334350586,453.596435546875,-0.007028875652788424,-0.0032211423681619555,70.29032258064517,-0.010652166512420291,83.58999633789062,-0.005337167425327749,186.4307098388672,0.03058100117171625,16.670364379882812,-0.0017233336284677714,66.57953643798828,0.0041666088645961885,43.3521728515625,78.79677419354839,1.77,123.13415483870968,95.86275806451613,6.370967741935484,6.62,1441.85210989011
2024-01-05,10.073402404785156,44443800,-0.0329113842560369,-0.054852401765907444,0.01856537439949224,0.16218054654062852,5.33,309.86174193548385,3.7258064516129035,13.35,119.388,4.05,78.72903225806452,74.0,84.52555084228516,454.2176818847656,0.0015666807062231225,0.001369601454521252,70.38709677419355,-0.0013158629713585501,83.4800033569336,0.0020951187857378706,186.82130432128906,0.02848672184851564,17.145248413085938,0.007038388910005411,67.04814910888672,0.010373520657992241,43.80188751220703,78.72903225806452,1.83,122.5335064516129,95.90177741935484,6.361290322580645,6.6257142857142854,1442.2688131868133
2024-01-08,10.17541217803955,41514400,-0.042606567967794384,-0.05012543472431685,0.0693397645086884,0.1616830962240432,5.33,309.98454838709677,3.7451612903225806,13.08,119.2506,4.01,78.52580645161291,71.06,85.96515655517578,460.7021179199219,0.017031604036237047,0.014276053737602767,70.6774193548387,0.012937160496298228,84.55999755859375,-0.0035696430789803335,186.1544189453125,0.0011539597964100867,17.1650333404541,-0.003824247124105451,66.79174041748047,0.0071869108919893065,44.1166877746582,78.52580645161291,1.79,120.73156129032257,96.01883548387097,6.332258064516129,6.642857142857143,1443.518923076923
2024-01-09,10.064901351928711,49536700,-0.04814183763329538,-0.06841204516206179,0.08361489031358715,0.1328037427985751,5.33,310.0254838709677,3.7516129032258068,12.76,119.6666,4.02,78.45806451612903,72.43,85.64685821533203,460.0032043457031,-0.003702643636081304,-0.0015170617781710138,70.7741935483871,-0.02719956822100844,82.26000213623047,5.106634395146692e-05,186.16392517089844,0.0017291112394897112,17.194713592529297,-0.0050305401993734344,66.45574188232422,-0.004077674520154728,43.93679428100586,78.45806451612903,1.8,120.1309129032258,96.05785483870967,6.322580645161291,6.648571428571429,1443.9356263736265
2024-01-10,10.056400299072266,37539200,-0.07100598393536217,-0.04142002294948266,0.0718513214919061,0.13202505476581106,5.33,310.0664193548387,3.7580645161290325,12.69,119.7614,4.04,78.39032258064516,71.57,86.3323974609375,462.6047058105469,0.008004254445409975,0.0056553985717209265,70.87096774193549,0.008023292190314057,82.91999816894531,0.003480120674346221,186.81179809570312,0.02301502099505015,17.590450286865234,0.00811607892876709,66.99510192871094,-0.0010234622735465493,43.89182662963867,78.39032258064516,1.82,119.53026451612902,96.09687419354839,6.312903225806452,6.654285714285715,1444.3523296703297
2024-01-11,9.954391479492188,48692000,-0.04355257591155948,-0.02732695429441223,0.1084542959450987,0.10591404277627303,5.33,310.1073548387097,3.764516129032258,12.44,119.8916,3.98,78.3225806451613,72.15,86.21977233886719,462.40087890625,-0.0013045522351128325,-0.000440607070651744,70.96774193548387,0.0082006792111875,83.5999984741211,0.0032640147782003748,187.4215545654297,-0.014060778998059353,17.343114852905273,-0.01478149524745076,66.00481414794922,0.008196955687125751,44.25160598754883,78.3225806451613,1.76,118.92961612903225,96.13589354838709,6.303225806451613,6.66,1444.7690329670331
2024-01-12,9.741872787475586,55030100,-0.022687701160654994,0.007853476433990814,0.10645726803884537,0.09598580296960546,5.33,310.14829032258064,3.770967741935484,12.7,119.534,3.96,78.25483870967741,72.94,85.18169403076172,462.72119140625,-0.012039910103514795,0.0006927160276115618,71.06451612903226,-0.032535900363025894,80.87999725341797,0.0020334028095576606,187.8026580810547,-0.03251577321672661,16.779190063476562,-0.010582816643304294,65.3062973022461,-0.009146406905411797,43.84686279296875,78.25483870967741,1.69,118.32896774193549,96.1749129032258,6.2935483870967746,6.651428571428571,1445.1857362637363
2024-01-16,9.741872787475586,45207700,-0.007853476433990703,0.027923091065045424,0.09598599875830804,0.0834401523862629,5.33,310.3120322580645,3.796774193548387,13.84,120.5759,4.07,77.98387096774194,72.63,85.08375549316406,461.02239990234375,-0.0011497603882154595,-0.003671306902421012,71.45161290322581,-0.0011127144033974412,80.79000091552734,-0.0047688322113516035,186.9070587158203,0.004127483424135603,16.848445892333984,-0.027078292586988018,63.53791427612305,-0.017435936340718827,43.08235168457031,77.98387096774194,1.77,115.92637419354838,96.33099032258065,6.254838709677419,6.6171428571428565,1446.8525494505495
2024-01-17,9.580358505249023,52671300,-0.021295407582960113,0.03992888921805027,0.14088945616119242,0.09714919785851395,5.33,310.35296774193546,3.803225806451613,14.79,121.0402,4.1,77.91612903225807,72.79,84.33948516845703,458.4597473144531,-0.008747502039526567,-0.0055586292302357565,71.54838709677419,-0.023889098691727395,78.86000061035156,0.00096863935193503,187.08810424804688,-0.009982410019745425,16.68025779724121,-0.010019402520988874,62.901302337646484,-0.012526275525112096,42.54269027709961,77.91612903225807,1.8,115.32572580645162,96.37000967741935,6.245161290322581,6.6085714285714285,1447.2692527472527
2024-01-18,9.34233570098877,71667200,0.03184731061154755,0.10100132205012402,0.14939860551324813,0.12697142519984128,5.33,310.3939032258064,3.8096774193548386,14.13,120.8895,4.14,77.8483870967742,74.32,84.81935119628906,462.5367431640625,0.0056896959576355766,0.008892810925040795,71.64516129032258,0.0019021243306864832,79.01000213623047,0.0107959330580214,189.10789489746094,0.024910983196724024,17.095779418945312,-0.0028111735445730535,62.7244758605957,-0.0010568213171243679,42.49773025512695,77.8483870967742,1.8,114.72507741935483,96.40902903225806,6.235483870967742,6.6,1447.6859560439561
2024-01-19,9.520852088928223,61143300,0.016964467892849777,0.08392865031001162,0.12326269262472067,0.11317608531095358,5.33,310.4348387096774,3.8161290322580643,13.3,120.6442,4.15,77.78064516129032,73.69,85.6370849609375,468.30279541015625,0.00964088681551023,0.012466149622298195,71.74193548387096,-0.00012659329148256848,79.0,0.010630276256467619,191.1181640625,0.0028936378347164116,17.145248413085938,0.000845595759128015,62.77751541137695,0.0021162377895116435,42.58766555786133,77.78064516129032,1.81,114.12442903225806,96.44804838709678,6.225806451612903,6.612857142857143,1448.1026593406593
2024-01-22,9.520852088928223,45479600,0.031250172161873424,0.03482142293704005,0.11317608531095358,0.18103035087366082,5.33,310.5576451612903,3.835483870967742,13.19,120.6178,4.11,77.57741935483871,75.26,85.26004028320312,469.2929992675781,-0.004402820085554704,0.0021144521602836086,72.03225806451613,0.012658227848101333,80.0,0.007377813545898171,192.5281982421875,-0.03981545097990358,16.462602615356445,0.035070535498840094,64.97915649414062,-0.0010560635379418537,42.54269027709961,77.57741935483871,1.8,112.32248387096774,96.5651064516129,6.196774193548387,6.651428571428571,1449.3527692307694
2024-01-23,9.665365219116211,45465200,0.03605976199004024,0.06156556522185297,0.09472563535595424,0.1687914102499588,5.33,310.5985806451613,3.8419354838709676,12.55,121.1001,4.14,77.50967741935484,74.72,85.05438995361328,470.66162109375,-0.0024120365051054637,0.0029163482692218246,72.12903225806451,0.020499992370605513,81.63999938964844,-0.005196025719142461,191.52781677246094,-0.02343744659601943,16.07676124572754,-0.0057151928132002094,64.6077880859375,0.0010571799871792464,42.58766555786133,77.50967741935484,1.85,111.72183548387096,96.6041258064516,6.187096774193548,6.664285714285715,1449.7694725274725
2024-01-24,9.376340866088867,59064600,0.06255646215964794,0.16047112809182762,0.13033271811913294,0.20575029653758414,5.33,310.63951612903224,3.8483870967741933,13.14,120.4916,4.18,77.44193548387098,75.48,84.73120880126953,471.17620849609375,-0.003799699845240312,0.0010933277311795386,72.2258064516129,0.017638442579273717,83.08000183105469,-0.012783972424401657,189.07933044433594,-0.010461565767014847,15.908573150634766,0.0035583410641510937,64.83768463134766,-0.016895404296324412,41.86812973022461,77.44193548387098,1.88,111.1211870967742,96.64314516129032,6.177419354838709,6.677142857142857,1450.186175824176
2024-01-25,9.639863967895508,49356700,0.06701961688264801,0.13139324484350712,0.08222608929643771,0.18093960010407462,5.33,310.6804516129032,3.8548387096774195,13.45,120.8311,4.14,77.3741935483871,77.91,83.6833267211914,473.73883056640625,-0.012367132428570127,0.005438776457945327,72.3225806451613,0.017332628554101115,84.5199966430664,0.009825442482643165,190.93711853027344,0.024253675422393872,16.294414520263672,0.025637516686954687,66.49996185302734,0.01718576473974398,42.58766555786133,77.3741935483871,1.85,110.52053870967742,96.68216451612902,6.167741935483871,6.69,1450.6028791208792
2024-01-26,9.682368278503418,35837000,0.0658471210463345,0.11325717427454518,0.08198351985023877,0.15321423396872103,5.33,310.72138709677415,3.861290322580645,13.26,120.6173,4.15,77.30645161290323,78.45,84.06526184082031,473.136962890625,0.004564052776025562,-0.0012704630419710927,72.41935483870968,0.017983960397916388,86.04000091552734,0.0029440780995833027,191.49925231933594,-0.038858518224232697,15.661237716674805,-0.005185581973416897,66.15512084960938,0.00739172818303957,42.902462005615234,77.30645161290323,1.85,109.91989032258064,96.72118387096774,6.158064516129032,6.6814285714285715,1451.0195824175826
2024-01-29,9.818380355834961,58249600,0.0034630304765719266,0.12380938597525604,0.09366995754769314,0.13368222331743418,5.33,310.84419354838707,3.8806451612903223,13.6,120.8538,4.08,77.10322580645162,77.25,85.29431915283203,476.88397216796875,0.0146202757845324,0.007919502324340577,72.70967741935483,0.016271519188538974,87.44000244140625,-0.005422827476604719,190.46078491210938,0.0454832597105419,16.37356185913086,-0.019780571840844807,64.8465347290039,0.004192991976347038,43.08235168457031,77.10322580645162,1.78,108.11794516129032,96.83824193548386,6.129032258064516,6.655714285714286,1452.2696923076924
2024-01-30,10.013895988464355,70213300,0.024618081087158128,0.0764008296500367,0.08452190697607542,0.05923965634988071,5.33,310.885129032258,3.8870967741935485,13.31,120.6025,4.06,77.03548387096775,78.3,85.24534606933594,476.51507568359375,-0.000574165829360096,-0.0007735560553606691,72.80645161290323,-0.008234231479872123,86.72000122070312,0.006653080210138773,191.72793579101562,-0.004833849809108615,16.294414520263672,-0.0002728374922716936,64.82884216308594,-0.002087697830133073,42.992408752441406,77.03548387096775,1.8,107.51729677419355,96.87726129032258,6.119354838709677,6.647142857142857,1452.6863956043956
2024-01-31,9.962891578674316,74558900,0.09215008276658354,0.07167242486227177,0.09095039087862755,0.06904368963311325,5.33,310.92606451612903,3.893548387096774,14.35,120.4331,3.99,76.96774193548387,76.28,83.69309997558594,468.73968505859375,-0.018209159389035112,-0.01631719754898764,72.90322580645162,-0.06215405112749994,81.33000183105469,-0.008894967816366006,190.02252197265625,0.006678827938680687,16.403242111206055,-0.011320609053804054,64.09494018554688,-0.013598425298854466,42.407779693603516,76.96774193548387,1.73,106.91664838709677,96.91628064516128,6.109677419354838,6.638571428571429,1453.103098901099
2024-02-01,10.285923957824707,81065800,0.06033031346596052,0.0626298667673939,0.08130221732308529,0.06008368771877026,5.33,310.967,3.9,13.88,120.3335,3.87,76.9,74.36,85.30410766601562,474.87457275390625,0.01924899054879825,0.013088048421898923,73.0,0.026681398255135935,83.5,5.010713612341178e-05,190.03204345703125,0.013268918001730912,16.620895385742188,0.03793643938878133,66.52647399902344,0.00318126967435739,42.54269027709961,76.9,1.68,106.316,96.9553,6.1,6.63,1453.5198021978022
2024-02-02,10.319924354553223,73130900,0.044481100799586004,0.040518055950227394,0.06420456094388571,0.05151551695856993,5.33,311.0145172413793,3.9,13.85,120.902,4.03,76.98620689655174,72.72,86.82697296142578,479.8737487792969,0.017852191847226306,0.010527360933223484,72.89655172413794,0.0,83.5,-0.0030082046324295675,189.46038818359375,-0.02142840093383902,16.26473617553711,0.0059811292928082516,66.92437744140625,-0.007399452902631554,42.22789764404297,76.98620689655174,1.82,106.05012413793104,96.95993103448275,6.093103448275862,6.631428571428572,1453.9365054945056
2024-02-05,9.852381706237793,81026800,0.11993103068433753,0.0854652481359206,0.09698430089485299,0.10761747371084485,5.33,311.1570689655172,3.9,13.67,121.349,4.17,77.2448275862069,73.21,85.6028060913086,478.1264343261719,-0.014098923737224434,-0.0036411961637197177,72.58620689655173,-0.01520954063552582,82.2300033569336,-0.01468363487353419,186.6784210205078,-0.03710471859789488,15.661237716674805,-0.01955343373257734,65.61577606201172,-0.01810440848471384,41.46338653564453,77.2448275862069,1.9,105.25249655172414,96.97382413793103,6.072413793103448,6.635714285714285,1455.1866153846154
2024-02-06,10.260418891906738,98636800,0.05053858556539925,0.032938807745712895,0.05591184691196416,0.048068335317905,5.33,311.2045862068965,3.9,13.06,120.9588,4.09,77.33103448275862,73.83,86.12185668945312,479.5146179199219,0.006063476442476512,0.0029033818130268507,72.48275862068965,0.023835571013720358,84.19000244140625,0.012758950208011877,189.06024169921875,0.008844051740841685,15.7997465133667,0.008489265197361373,66.17280578613281,-0.004338334723477222,41.283504486083984,77.33103448275862,1.85,104.98662068965517,96.97845517241379,6.06551724137931,6.637142857142857,1455.6033186813188
2024-02-07,10.880972862243652,137224000,-0.018749857027377193,-0.027575639200468127,-0.022761416840505255,-0.013328335171124972,5.33,311.2521034482759,3.9,12.83,120.9049,4.09,77.41724137931035,74.26,87.08649444580078,483.51397705078125,0.011200847188258534,0.008340432139916976,72.37931034482759,-0.025775100788838934,82.0199966430664,0.023331970972019,193.4713897705078,-0.015654392540457085,15.552411079406738,0.008551546440485502,66.73868560791016,0.021786559009179474,42.18292999267578,77.41724137931035,1.86,104.7207448275862,96.98308620689654,6.058620689655172,6.638571428571428,1456.020021978022
2024-02-08,10.906476974487305,68653900,0.0021687140999644416,-0.028248546073151526,-0.030649853492441204,-0.017256063384302744,5.33,311.29962068965517,3.9,12.79,121.0798,4.15,77.50344827586207,76.67,87.46841430664062,483.7275390625,0.0043855234186460645,0.00044168735932181846,72.27586206896552,-0.008900216501054548,81.29000091552734,-0.0004923757472884427,193.37612915039062,-0.0019084019785521322,15.522730827331543,0.00013249389287750546,66.74752807617188,-0.023454146598996806,41.193565368652344,77.50344827586207,1.91,104.45486896551724,96.9877172413793,6.051724137931035,6.64,1456.4367252747254
2024-02-09,10.778965950012207,47649600,-0.0037942714773151476,-0.03214164218476068,-0.019182813812616883,-0.017107090293221106,5.33,311.34713793103447,3.9,12.93,121.039,4.17,77.5896551724138,77.26,88.09027862548828,486.5231628417969,0.0071095872010160654,0.005779335583653067,72.17241379310344,0.008980141706452116,82.0199966430664,0.008868234112921813,195.09103393554688,-0.024219250473819676,15.146781921386719,0.0014572397462855324,66.84479522705078,-0.006550358257877864,40.92373275756836,77.5896551724138,1.92,104.18899310344828,96.99234827586207,6.044827586206896,6.658571428571428,1456.8534285714286
2024-02-12,11.033987998962402,54036500,-0.030774915243982792,-0.05055516541738425,-0.02128059913699032,-0.012596483570621375,5.33,311.4896896551724,3.9,13.93,120.9378,4.17,77.84827586206897,77.34,88.0168228149414,486.30963134765625,-0.0008338696584122562,-0.00043889276081610085,71.86206896551724,0.021458207854965217,83.77999877929688,0.00996239016647471,197.03460693359375,0.011756989682766283,15.324862480163574,0.004232731886310015,67.12773132324219,0.008791273529394461,41.283504486083984,77.84827586206897,1.93,103.39136551724138,97.00624137931034,6.024137931034483,6.7142857142857135,1458.1035384615384
2024-02-13,10.778965950012207,67907700,-0.01675309984945894,-0.0037942714773151476,-0.02161261625126687,0.019781969844897995,5.33,311.5372068965517,3.9,15.85,121.5202,4.31,77.93448275862069,78.28,86.26385498046875,479.6116638183594,-0.0199162816653623,-0.013773051359759259,71.75862068965517,-0.055979977437827455,79.08999633789062,-0.014312398647549851,194.21456909179688,-0.02388637999592136,14.958806991577148,-0.03977852754642064,64.45748901367188,-0.032679699910083126,39.93437194824219,77.93448275862069,2.02,103.12548965517242,97.0108724137931,6.017241379310345,6.732857142857142,1458.5202417582418
2024-02-14,10.676956176757812,52978800,-0.00899442638179282,0.017170942155847024,-0.013900103612133341,0.018766569009253553,5.33,311.58472413793106,3.9,14.38,121.4002,4.27,78.02068965517242,77.09,87.17462158203125,483.97015380859375,0.010557916774861287,0.009087539605552752,71.65517241379311,0.0006322297897725093,79.13999938964844,0.012459885830079509,196.63446044921875,0.009920661484537963,15.107208251953125,0.023319443806598228,65.96060180664062,0.007883035635478208,40.249176025390625,78.02068965517242,1.97,102.85961379310345,97.01550344827587,6.010344827586207,6.751428571428571,1458.936945054945
2024-02-15,10.930130004882812,57811800,-0.030351436584640568,-0.0055909255259891655,-0.027156447494614766,0.0008279330240661409,5.33,311.63224137931036,3.9,14.01,121.2121,4.24,78.10689655172415,78.47,88.18331909179688,487.3094177246094,0.011570999580611252,0.006899731088244598,71.55172413793103,0.0034117295241760104,79.41000366210938,0.011046948171733906,198.80667114257812,-0.0032744029185932666,15.057741165161133,0.0006702840801573462,66.00481414794922,0.004469021180770083,40.42905044555664,78.10689655172415,1.94,102.59373793103448,97.02013448275862,6.003448275862069,6.77,1459.3536483516484
2024-02-16,10.738067626953125,43228600,-0.028455337984738427,0.035772242195160064,0.0,0.010500031972489499,5.33,311.67975862068965,3.9,14.24,121.1505,4.3,78.19310344827586,79.65,87.65938568115234,484.88262939453125,-0.00594141177765295,-0.0049799742049096984,71.44827586206897,-0.005666849979651056,78.95999908447266,0.0007669049506047187,198.95913696289062,-0.02759521611817095,14.642219543457031,-0.012056222687170326,65.20904541015625,0.0055616818388499745,40.65390396118164,78.19310344827586,1.97,102.32786206896552,97.02476551724138,5.996551724137931,6.788571428571428,1459.7703516483516
2024-02-20,10.694417953491211,44591000,-0.020408314316772702,0.026938596796300285,0.05306115351380569,0.0038833020775090876,5.33,311.8698275862069,3.9,15.42,121.0199,4.27,78.53793103448277,78.72,86.83185577392578,482.21319580078125,-0.009440288690096166,-0.005505319085328586,71.03448275862068,-0.015197529915855434,77.76000213623047,0.004213977988779094,199.79754638671875,-0.002702709743979903,14.602645874023438,-0.006508538588617441,64.78462982177734,0.008849716956000675,41.01367950439453,78.53793103448277,1.95,101.26435862068965,97.04328965517242,5.968965517241379,6.862857142857143,1461.4371648351648
2024-02-21,10.598384857177734,41835800,0.013179627995938636,0.01976935201092167,0.06425037153974933,0.012979595818022771,5.33,311.91734482758625,3.9,15.34,121.0379,4.32,78.62413793103448,78.89,87.47332000732422,482.6500244140625,0.00738742973625417,0.0009058827445729278,70.93103448275862,-0.0016718734470292373,77.62999725341797,0.005817427492368132,200.95985412597656,-0.003387542724705095,14.553178787231445,0.011600961955736455,65.53619384765625,0.009868399635771352,41.418418884277344,78.62413793103448,1.98,100.99848275862068,97.04792068965517,5.962068965517242,6.881428571428572,1461.8538681318682
2024-02-22,10.580923080444336,36980500,0.026402847001262275,0.023927475880363813,0.06518173842364727,0.004629964284497579,5.33,311.96486206896554,3.9,14.54,121.102,4.33,78.71034482758621,79.64,89.17242431640625,492.63873291015625,0.019424257692971514,0.02069555162297987,70.82758620689656,0.0021899498177859744,77.80000305175781,0.026027658853137403,206.19036865234375,0.03399050623081856,15.04784870147705,0.014705889200881117,66.49996185302734,0.005428921151010568,41.64327621459961,78.71034482758621,2.02,100.73260689655172,97.05255172413793,5.955172413793104,6.9,1462.2705714285714
2024-02-23,10.598384857177734,32152100,0.02553555173787747,0.003294996981970666,0.0626030530147359,0.009644556407274463,5.33,312.01237931034484,3.9,13.75,121.0369,4.26,78.79655172413794,77.6,88.77092742919922,492.9784851074219,-0.004502478095497531,0.0006896579066340003,70.72413793103448,-0.007326473939146427,77.2300033569336,-0.00799362564283057,204.5421600341797,0.0013148644324512127,15.067634582519531,0.014226821226433373,67.446044921875,0.001079829817794753,41.6882438659668,78.79655172413794,1.96,100.46673103448276,97.0571827586207,5.948275862068965,6.905714285714286,1462.6872747252746
2024-02-26,10.432512283325195,40241300,0.06610872633139908,0.013389178558519621,0.041004245068369194,0.02993240324182156,5.33,312.1549310344828,3.9,13.74,121.0592,4.28,79.05517241379312,78.53,89.04513549804688,491.1728820800781,0.003088940003092233,-0.0036626406260920064,70.41379310344827,0.003754930383630173,77.5199966430664,-0.0017700276951482241,204.18011474609375,-0.02954696206729812,14.622431755065918,0.0022285473052461313,67.59635162353516,-0.014023652119359964,41.10362243652344,79.05517241379312,1.97,99.66910344827586,97.07107586206897,5.927586206896552,6.9228571428571435,1463.9373846153846
2024-02-27,10.476162910461426,36508800,0.048333312547513385,0.009166728644823152,0.08833339265636675,-0.014844625692748137,5.33,312.2024482758621,3.9,13.43,120.9647,4.31,79.14137931034483,79.8,89.33892822265625,492.0853576660156,0.00329936860633806,0.0018577482984671878,70.3103448275862,0.016898932465387873,78.83000183105469,-0.0009798860307053125,203.98004150390625,0.076454677252213,15.740385055541992,0.03413999723927419,69.90409088134766,-0.007210070507211674,40.8072624206543,79.14137931034483,1.99,99.4032275862069,97.07570689655172,5.920689655172414,6.928571428571429,1464.3540879120878
2024-02-28,10.738067626953125,51447900,0.006504003666178759,0.005691014309465281,0.07967473320733798,-0.04874738891336161,5.33,312.2499655172414,3.9,13.84,121.128,4.27,79.22758620689656,79.44,89.69148254394531,491.43499755859375,0.003946256445011231,-0.0013216408439921112,70.20689655172414,-0.0007611973435809327,78.7699966430664,0.0002801458643588717,204.0371856689453,-0.027655515089678895,15.305076599121094,0.00784210020246734,70.45228576660156,-0.008938825108468107,40.4424934387207,79.22758620689656,1.94,99.13735172413793,97.08033793103449,5.913793103448276,6.934285714285715,1464.7707912087913
2024-02-29,10.860289573669434,43098500,-0.0024116954937630775,-0.02893894091758764,0.06832771344940869,-0.04236694951518016,5.33,312.29748275862073,3.9,13.4,121.1824,4.25,79.31379310344828,79.22,90.29867553710938,493.2016906738281,0.00676979548048573,0.0035949680507312287,70.10344827586206,0.009140551623554094,79.48999786376953,0.011066588661600152,206.29518127441406,0.025210025387985446,15.69091796875,0.015060228569027556,71.51331329345703,0.021420411729867084,41.30878829956055,79.31379310344828,1.92,98.87147586206896,97.08496896551725,5.906896551724138,6.94,1465.1874945054944
2024-03-01,10.869020462036133,48761400,-0.021686771090692836,-0.031325277524933304,0.06666652627877134,-0.013869358885334138,5.33,312.345,3.9,13.11,121.0111,4.19,79.4,80.9,90.59735107421875,497.8320007324219,0.0033076402874439026,0.009388268828250945,70.0,-0.005535222340372736,79.05000305175781,0.0008774563396498625,206.4761962890625,0.00882726194180794,15.829425811767578,-0.03659741995241206,68.89611053466797,0.003311431656045416,41.445579528808594,79.4,1.87,98.6056,97.0896,5.9,6.9314285714285715,1465.6041978021979
2024-03-04,11.1221923828125,81871700,-0.04945044203351878,-0.04395589131078992,0.07142864492443457,-0.031549507891299844,5.33,312.41061290322585,3.9,13.49,120.872,4.22,79.18709677419355,79.67,89.37320709228516,497.298095703125,-0.013511918035338133,-0.0010724602446435805,70.29032258064517,-0.007084189327881685,78.48999786376953,-0.002722289652742349,205.9141082763672,0.0043749513506037285,15.89867877960205,-0.004876776107595404,68.56011962890625,0.008800971217823639,41.810340881347656,79.18709677419355,1.88,97.85794193548386,97.03873548387097,5.890322580645162,6.905714285714286,1466.8543076923077
2024-03-05,10.982510566711426,47896200,-0.03736081209468878,-0.022257473669018868,0.0500795545535484,-0.032105426911799295,5.33,312.43248387096776,3.9,14.46,120.8846,4.13,79.11612903225807,79.11,88.26167297363281,492.3280334472656,-0.012436994875931862,-0.009994130882066354,70.38709677419355,0.011976079334818701,79.43000030517578,0.0039475243292095286,206.72695922851562,-0.011200905909930947,15.720599174499512,-0.020376879859056785,67.16307830810547,0.0,41.810340881347656,79.11612903225807,1.81,97.60872258064516,97.0217806451613,5.887096774193549,6.897142857142857,1467.271010989011
2024-03-06,10.807908058166504,48834500,-0.0008077358398498324,0.042003322534991616,0.0726979021192522,-0.013198724811529061,5.33,312.4543548387097,3.9,14.5,120.4649,4.11,79.04516129032258,80.08,87.94828033447266,494.82275390625,-0.003550721718743932,0.005067191566396234,70.48387096774194,-0.01636665046913144,78.12999725341797,-0.009946001116912795,204.6708526611328,0.0075518784817718565,15.839319229125977,0.029621163851913268,69.15252685546875,0.0032715255836275325,41.94712448120117,79.04516129032258,1.81,97.35950322580645,97.00482580645162,5.883870967741935,6.888571428571429,1467.6877142857143
2024-03-07,10.834097862243652,38971000,-0.026591375724833055,0.04109591452746941,0.08058026253534756,-0.01558416865640444,5.33,312.4762258064516,3.9,14.44,120.1909,4.09,78.9741935483871,79.81,88.6191177368164,499.734619140625,0.007627635239626285,0.009926514485438576,70.58064516129032,0.008191468221515175,78.7699966430664,0.009905609421209993,206.6982421875,-0.02186139457983849,15.493049621582031,0.016749742937965273,70.3108139038086,0.023912925453159373,42.95020294189453,78.9741935483871,1.81,97.11028387096773,96.98787096774194,5.880645161290323,6.88,1468.1044175824175
2024-03-08,10.633306503295898,54723800,-0.009852168149648954,0.059934277024851434,0.11165838402917361,0.009652792912537622,5.33,312.4980967741936,3.9,14.74,119.975,4.09,78.90322580645162,78.96,88.29105377197266,496.7351379394531,-0.003701954761251902,-0.006002148112792316,70.6774193548387,-0.007363136046435348,78.19000244140625,-0.001896845279435344,206.30616760253906,0.04533844157570899,16.195480346679688,-0.011820812977394568,69.47968292236328,-0.0063694041231220355,42.6766357421875,78.90322580645162,1.81,96.86106451612903,96.97091612903226,5.87741935483871,6.86,1468.5211208791209
2024-03-11,10.572195053100586,35135400,0.005780393748731516,0.06523536973141186,0.07844755654782043,0.03471222064361901,5.33,312.56370967741935,3.9,15.22,120.0394,4.1,78.69032258064517,78.87,88.05111694335938,496.3079833984375,-0.0027175667110391766,-0.0008599241494925414,70.96774193548387,0.004092590930202533,78.51000213623047,0.0011125343839468727,206.5356903076172,-0.008552252854048481,16.05697250366211,-0.02774244109455737,67.5521469116211,0.011752124528399133,43.17817687988281,78.69032258064517,1.83,96.1134064516129,96.92005161290322,5.867741935483871,6.8,1469.7712307692307
2024-03-12,10.572195053100586,31245200,0.015689511309564086,0.027250208601132142,0.07679597681708494,0.012145682520352752,5.33,312.5855806451613,3.9,13.84,120.1668,4.16,78.61935483870968,78.51,88.8100814819336,501.64703369140625,0.008619590130383381,0.010757534578448524,71.06451612903226,0.00254740724494118,78.70999908447266,0.003796824104986607,207.3198699951172,0.0006161446285184446,16.066865921020508,0.012303546511004182,68.3832778930664,0.002112042689660587,43.269371032714844,78.61935483870968,1.86,95.86418709677419,96.90309677419354,5.864516129032258,6.78,1470.187934065934
2024-03-13,10.799178123474121,50595300,0.04284566635513887,0.05578015215618781,0.019401772856522337,-0.011582637885529046,5.33,312.6074516129033,3.9,13.75,119.9642,4.19,78.54838709677419,80.67,88.62401580810547,500.8606262207031,-0.0020950963080241802,-0.0015676509934012817,71.16129032258064,0.012831941913079126,79.72000122070312,-0.009041051629453789,205.4454803466797,0.025246374351306722,16.472496032714844,0.002327534356569183,68.54244232177734,0.0031611225652630193,43.406150817871094,78.54838709677419,1.89,95.61496774193549,96.88614193548388,5.861290322580645,6.76,1470.6046373626373
2024-03-14,10.546004295349121,52619900,0.0695363576655228,0.09933771840068895,0.012417022636507902,0.00041561590868455234,5.33,312.6293225806452,3.9,14.4,120.241,4.29,78.47741935483872,82.16,88.0609130859375,499.8704833984375,-0.00635383893443997,-0.0019768829299616764,71.25806451612904,-0.04415459381035236,76.19999694824219,0.005306565805671681,206.5356903076172,-0.027026867424735368,16.02729606628418,-0.0007741544824991786,68.4893798828125,-0.009453659841552553,42.99580383300781,78.47741935483872,1.99,95.36574838709677,96.8691870967742,5.858064516129033,6.74,1471.0213406593407
2024-03-15,10.528545379638672,88254000,0.07048083420440987,0.10198967751753174,0.0024875950862228713,-0.017228292080239238,5.33,312.65119354838714,3.9,14.41,120.4003,4.31,78.40645161290323,81.94,87.18441772460938,496.43817138671875,-0.009953284954844488,-0.006866402649709835,71.35483870967742,0.01364830652465443,77.23999786376953,-0.0013429107984966882,206.25833129882812,0.003703593953482187,16.086654663085938,0.007229443112651834,68.9845199584961,0.005302148185819089,43.22377395629883,78.40645161290323,1.99,95.11652903225806,96.85223225806452,5.854838709677419,6.758571428571429,1471.4380439560439
2024-03-18,10.633306503295898,36599200,0.059113277960291866,0.0903118702258241,-0.011494435341166676,-0.01527682484845061,5.33,312.7168064516129,3.9,14.33,120.5752,4.34,78.19354838709678,83.68,87.850341796875,499.3885192871094,0.0076381088461139335,0.00594303192308776,71.64516129032258,0.007379592317306116,77.80999755859375,-0.00561005096710554,205.10121154785156,-0.00430505428003658,16.01740074157715,-0.011407177155253967,68.19760131835938,-0.006329179277147046,42.95020294189453,78.19354838709678,2.03,94.36887096774194,96.80136774193548,5.845161290322581,6.814285714285714,1472.688153846154
2024-03-19,10.738067626953125,32668700,0.011382117431401273,0.10975604990550347,-0.0195120998110071,-0.030644032512469277,5.33,312.7386774193549,3.9,13.82,120.9332,4.3,78.12258064516129,84.39,88.61096954345703,502.1637268066406,0.008658221823891532,0.0055572112941100205,71.74193548387096,0.0014137079270402086,77.91999816894531,0.003450430022275075,205.80889892578125,-0.006794335279374897,15.908573150634766,0.014261764112303288,69.17021942138672,-0.0042461509930866725,42.76782989501953,78.12258064516129,2.0,94.11965161290323,96.7844129032258,5.841935483870968,6.832857142857143,1473.104857142857
2024-03-20,11.261876106262207,67721500,0.012403068084136049,0.024030960290823966,-0.058914806274199316,-0.06317674933035866,5.33,312.7605483870968,3.9,13.04,120.9289,4.27,78.05161290322582,82.79,89.9310302734375,506.808349609375,0.01489726087844101,0.009249220034809102,71.83870967741936,0.013988757609077807,79.01000213623047,0.005854732526031414,207.01385498046875,0.0478855785515655,16.670364379882812,0.01681968975364656,70.3336410522461,-0.024520373586363053,41.719146728515625,78.05161290322582,1.96,93.87043225806451,96.76745806451612,5.838709677419355,6.851428571428571,1473.5215604395603
2024-03-21,11.279335021972656,55822500,0.027863812690027467,0.027863812690027467,-0.003095904031709895,-0.07246077698600861,5.33,312.78241935483874,3.9,12.92,120.8086,4.27,77.98064516129033,81.99,90.45609283447266,508.48321533203125,0.005838502677426138,0.0033047319049639423,71.93548387096774,0.01961771143469604,80.55999755859375,0.009978359030755835,209.0795135498047,0.010088932905815806,16.838550567626953,0.023540014173255797,71.98929595947266,0.014207660566196045,42.3118782043457,77.98064516129033,1.93,93.62121290322581,96.75050322580645,5.835483870967742,6.87,1473.9382637362637
2024-03-22,11.27060604095459,33137500,0.029434289999726637,0.03872961842301548,0.0023237263357427373,-0.0411663918195897,5.33,312.8042903225807,3.9,13.06,121.1842,4.22,77.90967741935484,81.1,89.66603088378906,507.5191955566406,-0.00873420381012191,-0.0018958733470899602,72.03225806451613,-0.02284007439985758,78.72000122070312,-0.013950570837531262,206.16273498535156,0.003525387251154033,16.897912979125977,0.015166630086052235,73.08113098144531,-0.005387761505002975,42.08391189575195,77.90967741935484,1.87,93.3719935483871,96.73354838709677,5.832258064516129,6.8585714285714285,1474.354967032967
2024-03-25,11.261876106262207,39063500,0.029457276114615905,0.04961235701819966,0.003875879387240211,-0.05140752344009403,5.33,312.86990322580647,3.9,13.19,121.0295,4.25,77.69677419354839,82.41,89.37158966064453,506.1169738769531,-0.003283754396647076,-0.0027628938805941416,72.3225806451613,0.004700141151550152,79.08999633789062,0.008024672489196139,207.81712341308594,0.0017563319661559884,16.92759132385254,-0.01151135465591524,72.2398681640625,0.006500426711457452,42.35747528076172,77.69677419354839,1.92,92.62433548387096,96.68268387096774,5.82258064516129,6.824285714285715,1475.605076923077
2024-03-26,10.860289573669434,67140200,0.09726682999294245,0.04983921883686615,0.04823145111201521,-0.01470384328405061,5.33,312.89177419354843,3.9,13.24,121.0742,4.24,77.6258064516129,82.41,89.48446655273438,505.1822204589844,0.0012630064265215513,-0.001846911813307428,72.41935483870968,-0.0316095601941796,76.58999633789062,0.009663862183517224,209.825439453125,-0.004675528254692196,16.848445892333984,-0.00817626721686282,71.64921569824219,-0.010764283587592627,41.901527404785156,77.6258064516129,1.92,92.37511612903226,96.66572903225806,5.819354838709677,6.812857142857143,1476.02178021978
2024-03-27,11.401557922363281,53555800,0.011485437542867682,-0.0015314418589089662,-0.02067375411947736,-0.0521790153403483,5.33,312.91364516129033,3.9,12.78,121.0089,4.2,77.55483870967743,82.15,90.5198974609375,509.427734375,0.011571068679198548,0.008403925839191917,72.51612903225806,0.02676593745629452,78.63999938964844,0.022013479629295674,214.44442749023438,0.009395096224142918,17.006738662719727,0.022608065460389293,73.2690658569336,0.03155604660279443,43.22377395629883,77.55483870967743,1.88,92.12589677419355,96.64877419354838,5.816129032258065,6.801428571428572,1476.4384835164835
2024-03-28,11.593620300292969,61846400,0.0,-0.05045179682271439,-0.03990962418374844,-0.04425386236763773,5.33,312.9355161290323,3.9,13.01,121.0635,4.2,77.48387096774194,83.96,90.24018096923828,509.33038330078125,-0.003090110567347093,-0.0001910988893021326,72.61290322580645,0.01284336398867536,79.6500015258789,-0.00441481076688699,213.49769592285156,-0.049447261902719086,16.165802001953125,0.001954178690465991,73.41224670410156,0.0031646337658779444,43.36056137084961,77.48387096774194,1.88,91.87667741935483,96.6318193548387,5.812903225806451,6.79,1476.8551868131867
2024-04-01,11.602348327636719,35898300,0.00902955002916328,-0.07975920323157826,-0.08577854706548049,-0.02821795004152572,5.33,313.023,3.9,13.65,121.5151,4.33,77.2,84.54,89.56787872314453,508.4441223144531,-0.007450142928269732,-0.0017400512818116498,73.0,-0.0107972453719557,78.79000091552734,0.0014332695935508344,213.80369567871094,-0.004895973540788412,16.086654663085938,-0.004754377596185577,73.06321716308594,-0.006309300905072757,43.08698654174805,77.2,1.98,90.8798,96.564,5.8,6.807142857142857,1478.522
2024-04-02,11.593620300292969,42653400,0.01957835586888379,-0.08960826178485248,-0.08132523777654499,-0.019102654713513245,5.33,313.0280666666667,3.9,14.61,121.3035,4.36,76.93,85.95,88.24781799316406,505.2115783691406,-0.014738104204307323,-0.006357717207149283,73.0,-0.020687869456500252,77.16000366210938,-0.01431311050605133,210.74349975585938,-0.04797054555112379,15.314969062805176,-0.01800566425751593,71.74766540527344,-0.014814791861350929,42.44866180419922,76.93,2.0,91.05823333333333,96.58202,5.8,6.811428571428571,1478.9308021978022
2024-04-03,11.916635513305664,57498900,-0.04322340734238839,-0.11794880043996647,-0.0849816469899799,-0.04569109610517319,5.33,313.03313333333335,3.9,14.33,121.0198,4.36,76.66,86.22,88.31161499023438,505.7664794921875,0.0007229300227600266,0.0010983539309177281,73.0,0.00531358233872381,77.56999969482422,0.0034940989564620217,211.4798583984375,-0.009043889594243293,15.176462173461914,-0.01072754359530037,70.97798919677734,-0.013963490264172318,41.85593032836914,76.66,2.0,91.23666666666666,96.60003999999999,5.8,6.815714285714286,1479.3396043956043
2024-04-04,11.532509803771973,67812400,-0.012869072473645882,-0.08705515462080349,-0.05904605525658302,-0.01620347725113458,5.33,313.0382,3.9,16.35,120.7613,4.31,76.39,87.37,87.27617645263672,499.5930480957031,-0.011724828469190096,-0.012206090452421381,73.0,-0.02965067759193607,75.2699966430664,-0.018088185296716852,207.65457153320312,-0.01825291884199709,14.899447441101074,-0.003908428763481742,70.70057678222656,-0.0010891992284922658,41.810340881347656,76.39,1.97,91.4151,96.61806,5.8,6.82,1479.7484065934066
2024-04-05,11.593620300292969,46937400,-0.05045179682271439,-0.08584337052077551,-0.05873490308956508,-0.010719028506862682,5.33,313.0432666666667,3.9,16.03,120.9646,4.39,76.12,87.69,87.76200103759766,504.8121643066406,0.005566520036823341,0.010446735059327139,73.0,-0.007174084100116107,74.7300033569336,0.004467313549638696,208.5822296142578,0.003984010193044174,14.958806991577148,0.007721488580929137,71.24649047851562,0.004362003698793693,41.99271774291992,76.12,2.02,91.59353333333334,96.63607999999999,5.8,6.828571428571429,1480.1572087912086
2024-04-08,11.707112312316895,29900500,-0.08799420518276735,-0.03952272915558963,-0.08144554687569372,-0.026347454263051073,5.33,313.0584666666667,3.9,15.19,120.7359,4.42,75.31,87.24,88.59622192382812,505.0946044921875,0.00950549071770923,0.0005594956015666508,73.0,0.017931169245241296,76.06999969482422,0.000412593011742457,208.6682891845703,0.03571425383760207,15.493049621582031,0.006657443122069839,71.72080993652344,-0.0065147251501820325,41.719146728515625,75.31,2.04,92.12883333333333,96.69014,5.8,6.854285714285714,1481.3836153846153
2024-04-09,11.82060432434082,35497900,-0.10708997207055027,-0.044313172570243586,-0.09175983609903571,-0.015512551148457288,5.33,313.06353333333334,3.9,14.98,120.7048,4.36,75.04,86.04,89.01335906982422,505.6788635253906,0.004708294969448357,0.001156731883506401,73.0,0.037596958351850285,78.93000030517578,0.0060494534483193085,209.9306182861328,-0.010217079782637084,15.334755897521973,0.030072367798191335,73.87762451171875,0.025136735737385507,42.76782989501953,75.04,2.0,92.30726666666666,96.70815999999999,5.8,6.862857142857143,1481.7924175824176
2024-04-10,11.401557922363281,51395000,-0.07810119276644867,-0.008422721113471754,-0.0599289860648744,0.04392065510146037,5.33,313.0686,3.9,15.8,121.5727,4.55,74.77,86.98,87.63932800292969,500.6154479980469,-0.015436234305198027,-0.010013104941827389,73.0,-0.050424469042762765,74.94999694824219,-0.018221671981266452,206.10533142089844,-0.035483841477464306,14.790619850158691,-0.03222283587971353,71.49707794189453,-0.028784809652378396,41.536766052246094,74.77,2.15,92.4857,96.72618,5.8,6.871428571428571,1482.2012197802196
2024-04-11,11.3840970993042,38383100,-0.07515323456946088,0.0,-0.06935358036560169,0.08898817978349993,5.33,313.07366666666667,3.9,14.91,121.6081,4.56,74.5,85.79,88.34596252441406,504.3935546875,0.008062984251325567,0.0075469239004943844,73.0,0.010940623458470355,75.7699966430664,-0.0024126919635198973,205.60806274414062,0.0013377961787439663,14.810406684875488,0.001502145121282883,71.60447692871094,-0.0043906414535404,41.354393005371094,74.5,2.16,92.66413333333334,96.74419999999999,5.8,6.88,1482.610021978022
2024-04-12,11.00870132446289,52356300,-0.037272013763637646,0.01427448962442801,-0.010328445717315282,0.14217556954327382,5.33,313.07873333333333,3.9,17.31,122.2885,4.5,74.23,86.46,86.91304779052734,497.43133544921875,-0.016219357319138816,-0.013803148699223056,73.0,-0.02085250457516996,74.19000244140625,-0.017534822590137278,202.0027618408203,-0.04074814178667807,14.206910133361816,-0.025122153247052692,69.80561828613281,-0.017640570267561273,40.6248779296875,74.23,2.11,92.84256666666667,96.76222,5.8,6.911428571428571,1483.0188241758242
2024-04-15,10.67695426940918,59484400,0.05314821057347707,0.042518586322945806,0.029525354518802782,0.19090601502483384,5.33,313.0939333333333,3.9,19.23,122.425,4.63,73.42,86.21,85.46539306640625,491.199462890625,-0.01665635667972598,-0.012528106121352134,73.0,-0.015905112095227714,73.01000213623047,0.0002365835343449696,202.05055236816406,-0.020891352468026314,13.91010856628418,-0.021922907347914578,68.27527618408203,0.003366991036631628,40.761661529541016,73.42,2.2,93.37786666666666,96.81627999999999,5.8,7.005714285714285,1484.2452307692306
2024-04-16,10.554736137390137,56392200,0.0703058511347201,0.004962663914329646,0.030563518601360862,0.21223059382370435,5.33,313.09900000000005,3.9,18.4,123.1234,4.67,73.14999999999999,86.15,84.97956848144531,490.3036193847656,-0.005684459727265945,-0.0018237876332101166,73.0,-0.014655522031456591,71.94000244140625,-0.0008992881139229247,201.8688507080078,-0.011379899060771859,13.751812934875488,-0.014681007672720625,67.2729263305664,-0.01230423684598414,40.2601203918457,73.14999999999999,2.24,93.5563,96.8343,5.8,7.0371428571428565,1484.654032967033
2024-04-17,10.511082649230957,43646600,0.07558147500165346,0.013289185149726324,0.040728132917074555,0.22314968812799596,5.33,313.1040666666667,3.9,18.21,123.0207,4.59,72.88,83.58,84.5673599243164,487.4018859863281,-0.004850678398289454,-0.005918237768831047,73.0,-0.036002278000958676,69.3499984741211,-0.010279993986247682,199.79364013671875,0.01582738093628211,13.969468116760254,0.01410134756668957,68.22156524658203,0.0,40.2601203918457,72.88,2.2,93.73473333333334,96.85232,5.8,7.0685714285714285,1485.0628351648352
2024-04-18,10.528545379638672,39902100,0.08126020155833613,0.035654955896659235,0.03060938516192957,0.1732832849334871,5.33,313.1091333333334,3.9,18.0,123.0017,4.64,72.61,83.5,84.04227447509766,486.39892578125,-0.00620907936216375,-0.0020577684122999873,73.0,-0.00043257072756919257,69.31999969482422,0.0020583982679882595,200.20489501953125,0.004249303098317059,14.028828620910645,-0.003017131523069372,68.01573181152344,0.007927364439604512,40.57927703857422,72.61,2.24,93.91316666666667,96.87034,5.8,7.1,1485.4716373626372
2024-04-19,10.598384857177734,39623800,0.05354212625476773,0.02388814322987809,0.012979595818022771,0.17722401048409764,5.33,313.11420000000004,3.9,18.71,123.1075,4.62,72.34,83.79,83.30618286132812,482.15350341796875,-0.008758587489057557,-0.008728272490450717,73.0,0.004471978649141617,69.62999725341797,0.010604218029807821,202.32791137695312,-0.004231322924703185,13.969468116760254,0.0019738735729322165,68.14998626708984,0.007865203606748583,40.898441314697266,72.34,2.21,94.0916,96.88836,5.8,7.109999999999999,1485.8804395604395
2024-04-22,11.244415283203125,86462700,-0.010093189300243943,-0.02950310348290297,-0.04521957446866254,0.08679939246642077,5.33,313.12940000000003,3.9,16.94,123.0609,4.62,71.53,83.82,83.67423248291016,486.59368896484375,0.004418034879772215,0.009209070379865958,73.0,0.006749981893472645,70.0999984741211,0.0009453412512230308,202.51918029785156,0.011331474928845564,14.127762794494629,-0.01352602922680013,67.22818756103516,0.006689032775094583,41.17201232910156,71.53,2.21,94.62689999999999,96.94242,5.8,7.14,1487.1068461538462
2024-04-23,11.296795845031738,62807100,-0.06105094833510882,-0.048082279681591844,-0.05903297517067385,0.06924524984025648,5.33,313.1344666666667,3.9,15.69,122.7227,4.61,71.25999999999999,84.17,84.67041778564453,492.3679504394531,0.011905520650432377,0.01186670029957293,73.0,0.002139822099058719,70.25,-0.002077861880275922,202.09837341308594,0.03571424472998008,14.632325172424316,-0.0010651707218092277,67.15657806396484,-0.005537016783847548,40.94404220581055,71.25999999999999,2.2,94.80533333333334,96.96044,5.8,7.1499999999999995,1487.5156483516482
2024-04-24,11.305525779724121,74510400,-0.05791498951934937,-0.05038051143077982,-0.05350694994214533,-0.1277569754383555,5.33,313.13953333333336,3.9,15.97,122.89,4.65,70.99,84.09,85.48011016845703,492.1342468261719,0.009562872181195115,-0.00047465236734567373,73.0,0.016370128482261936,71.4000015258789,0.005157904822291837,203.14077758789062,0.014874955232333953,14.849980354309082,-0.00812885472476832,66.61067199707031,0.008908404595632247,41.30878829956055,70.99,2.24,94.98376666666667,96.97846,5.8,7.16,1487.9244505494505
2024-04-25,11.3840970993042,86944100,-0.042177863936867066,-0.058487113820276604,-0.0561585733073493,-0.1314485246028534,5.33,313.1446,3.9,15.37,122.8384,4.7,70.72,84.92,85.55371856689453,490.2646789550781,0.000861117262161315,-0.0037988981322694126,73.0,-0.017787174304199738,70.12999725341797,0.022314222287721952,207.6737060546875,0.011325748412162273,15.018167495727539,0.010882858993122468,67.33558654785156,-0.012140900267258226,40.8072624206543,70.72,2.28,95.1622,96.99648,5.8,7.17,1488.3332527472528
2024-04-26,11.165844917297363,57257800,-0.028146936212514295,-0.05116278394432916,-0.07569482920443105,-0.1287159629583856,5.33,313.1496666666667,3.9,15.03,122.9471,4.67,70.44999999999999,85.38,86.32416534423828,494.90936279296875,0.009005415430789698,0.009473829213620055,73.0,0.01539999819409732,71.20999908447266,0.008611249407058263,209.4620361328125,-0.006587569351441336,14.919234275817871,-0.002525320622129845,67.16554260253906,0.0022343790941687924,40.898441314697266,70.44999999999999,2.24,95.34063333333333,97.0145,5.8,7.177142857142857,1488.7420549450549
2024-04-29,11.1309232711792,50285600,-0.01960781961782676,-0.021195431413585375,-0.08232097020987406,-0.13947765087259956,5.33,313.1648666666667,3.9,14.67,122.5449,4.63,69.64,84.26,88.33124542236328,496.662109375,0.023250500831618615,0.003541550663215931,73.0,0.016851630291600195,72.41000366210938,-0.002922059568288171,208.8499755859375,0.003315658557099699,14.968701362609863,-0.0006663242279624226,67.12078857421875,0.008918710366792926,41.26320266723633,69.64,2.22,95.87593333333334,97.06856,5.8,7.198571428571428,1489.9684615384615
2024-04-30,10.607115745544434,75890500,0.013811898132834566,0.036303873087446314,-0.019509875910406427,-0.0986487858205003,5.33,313.16993333333335,3.9,15.65,122.9853,4.69,69.36999999999999,83.49,86.18184661865234,488.7943115234375,-0.02433339180754679,-0.01584134908431678,73.0,-0.01947249814665042,71.0,-0.005082634918835094,207.78846740722656,-0.020489148035008786,14.662005424499512,-0.01813323912642184,65.90367126464844,-0.012154682750632584,40.761661529541016,69.36999999999999,2.28,96.05436666666667,97.08658,5.8,7.2057142857142855,1490.3772637362638
2024-05-01,10.650766372680664,48749400,0.007997662636332059,0.02127167483066561,0.006338299186489316,-0.11312807918383527,5.33,313.175,3.9,15.39,123.0168,4.63,69.1,80.7,85.64205932617188,487.2071838378906,-0.006263352592907223,-0.003247025687758587,73.0,-0.017605633802816878,69.75,0.0025313518326433027,208.314453125,-0.023616667036332917,14.3157377243042,-0.021863306925599346,64.46279907226562,0.0961968288580004,44.682804107666016,69.1,2.25,96.2328,97.1046,5.8,7.212857142857143,1490.7860659340658
2024-05-02,10.903940200805664,46868600,-0.017027430531564414,0.0032317876856040595,-0.012165099211884911,-0.18720404141823976,5.33,313.1707741935484,3.9064516129032256,14.68,122.4384,4.58,69.07096774193548,80.59,86.72164916992188,491.7641906738281,0.012605837041334222,0.009353324390745765,73.09677419354838,0.11526883033014124,77.79000091552734,0.007712295606476793,209.92103576660156,-0.0006911534161397892,14.305843353271484,0.005692209076573196,64.8297348022461,0.007142802870131915,45.0019645690918,69.07096774193548,2.21,96.66199677419354,97.09885161290323,5.796774193548387,7.22,1491.1948681318681
2024-05-03,10.851560592651367,47463300,-0.023682435739943997,-6.846133200266724e-05,-0.020425469162256515,-0.20933761596022604,5.33,313.1665483870968,3.9129032258064513,13.49,122.1375,4.5,69.04193548387096,79.65,87.30562591552734,497.85980224609375,0.006733921128059039,0.012395395370112805,73.19354838709677,0.038951005831548535,80.81999969482422,0.009293481282961924,211.87193298339844,-0.0013831295526014475,14.286056518554688,0.02802328204644189,66.64647674560547,0.014184459686555684,45.64029312133789,69.04193548387096,2.15,97.0911935483871,97.09310322580646,5.793548387096774,7.201428571428571,1491.6036703296702
2024-05-06,10.912670135498047,29780300,-0.0016193639928254733,-0.016194251668565363,-0.022672057205759044,-0.2080971870083137,5.33,313.15387096774197,3.932258064516129,13.49,121.8913,4.49,68.95483870967742,80.1,88.23800659179688,503.0010681152344,0.010679502798269347,0.010326734245154512,73.48387096774194,0.04429598916818556,84.4000015258789,0.0026631878644651774,212.43618774414062,0.011080428752546112,14.444352149963379,-0.0009400735185113307,66.58382415771484,0.007992090488317505,46.00505447387695,68.95483870967742,2.14,98.37878387096774,97.07585806451614,5.783870967741936,7.145714285714286,1492.8300769230768
2024-05-07,10.753620147705078,48102900,0.022185550392568754,-0.0016434036644948913,-0.008217018322474234,-0.18470159776686534,5.33,313.1496451612903,3.9387096774193546,13.23,122.093,4.47,68.9258064516129,79.97,87.60497283935547,503.5561218261719,-0.007174161984074723,0.0011034841596206935,73.58064516129032,-0.016587695504361233,83.0,0.007922803679700996,214.11927795410156,-0.032876796984233625,13.969468116760254,-0.018010891142997143,65.38459014892578,0.0029730639822771465,46.14183044433594,68.9258064516129,2.15,98.8079806451613,97.07010967741935,5.780645161290322,7.127142857142857,1493.2388791208791
2024-05-08,10.735947608947754,38177200,0.01316869342694349,-0.009876653315220252,0.0,-0.1532684513029896,5.33,313.14541935483874,3.9451612903225803,13.0,122.1926,4.48,68.89677419354838,80.57,87.27617645263672,503.6047668457031,-0.003753170351661117,9.660297516567162e-05,73.6774193548387,0.0024096017860504304,83.19999694824219,0.0053594788847990404,215.266845703125,0.012747909294951176,14.147549629211426,0.002327163696899781,65.53675079345703,0.009881443184760696,46.5977783203125,68.89677419354838,2.17,99.23717741935484,97.06436129032258,5.77741935483871,7.1085714285714285,1493.6476813186812
2024-05-09,10.718274116516113,29103800,0.020610156220457032,-0.0016488231748142956,0.020610156220457032,-0.1543839824538379,5.33,313.1411935483871,3.9516129032258065,12.69,122.1634,4.45,68.86774193548386,80.86,87.86994934082031,506.5064697265625,0.006803378794966175,0.005761865398999255,73.7741935483871,0.005889489316554863,83.69000244140625,0.01128381550877644,217.6958770751953,0.01818186598103466,14.404778480529785,0.012699718382921166,66.36904907226562,0.009784673813097777,47.0537223815918,68.86774193548386,2.13,99.66637419354838,97.05861290322581,5.774193548387097,7.09,1494.0564835164835
2024-05-10,10.594569206237793,51447800,0.024186776180594727,0.01417832463529578,0.010008181499118196,-0.1648388890984247,5.33,313.1369677419355,3.958064516129032,12.55,122.014,4.5,68.83870967741935,79.81,87.39885711669922,507.1589660644531,-0.0053612438342700575,0.0012882290294196075,73.87096774193549,-0.010873505025244756,82.77999877929688,-0.008917483714246055,215.75457763671875,-0.008928594482242258,14.276164054870605,0.00013484116331707874,66.37799835205078,0.0038760905989054795,47.236106872558594,68.83870967741935,2.16,100.09557096774193,97.05286451612903,5.7709677419354835,7.08,1494.4652857142858
2024-05-13,10.894998550415039,60962300,-0.014598528006341649,-0.052716882374783336,-0.020275670123703682,-0.1648058854536768,5.33,313.12429032258063,3.9774193548387093,13.6,122.0261,4.48,68.7516129032258,80.71,87.2859878540039,507.2270812988281,-0.0012914272156282491,0.00013430746360176826,74.16129032258064,-0.0004832195713603271,82.73999786376953,-0.0023933336030232955,215.2382049560547,0.009009032479932788,14.404778480529785,0.00714550319374152,66.85230255126953,0.0009653013221229134,47.28170394897461,68.7516129032258,2.15,101.38316129032258,97.03561935483872,5.7612903225806456,7.05,1495.6916923076922
2024-05-14,10.992195129394531,39980400,-0.023311769617475164,-0.07073930657863958,-0.040192858813591914,-0.16892541413647855,5.33,313.12006451612905,3.9838709677419355,13.42,121.9256,4.45,68.72258064516129,79.62,87.68348693847656,509.5542907714844,0.004553985058146193,0.004588101776224374,74.25806451612904,0.0012085868588700421,82.83999633789062,0.002976708034134301,215.87890625,-0.0027472598406899085,14.365204811096191,-0.004685097172998698,66.53909301757812,0.005785980443926642,47.555274963378906,68.72258064516129,2.12,101.81235806451612,97.02987096774194,5.758064516129032,7.04,1496.1004945054945
2024-05-15,10.877326011657715,50739900,-0.0227458140896708,-0.04386682697243649,-0.04874079221596428,-0.13704889562703848,5.33,313.1158387096774,3.990322580645161,12.45,121.3543,4.36,68.69354838709677,80.23,87.81597900390625,515.8640747070312,0.0015110264207747193,0.012382947312628012,74.35483870967742,-0.013399239860291123,81.7300033569336,0.0016389781054917396,216.23272705078125,0.023415905812709692,14.701579093933105,-0.013584497556129671,65.63519287109375,-0.008629083298773543,47.14491653442383,68.69354838709677,2.05,102.24155483870967,97.02412258064517,5.754838709677419,7.029999999999999,1496.5092967032967
2024-05-16,10.939179420471191,41502200,-0.021809482552771375,-0.020193955640007477,-0.04281089652023118,-0.13782665032686714,5.33,313.1116129032258,3.996774193548387,12.42,121.2236,4.38,68.66451612903225,80.85,87.24674224853516,514.802734375,-0.006482154635499504,-0.0020574030719894276,74.45161290322581,0.006851799040654694,82.29000091552734,-0.0067665521513330384,214.7695770263672,0.002691732330686092,14.741151809692383,0.004090463999732119,65.90367126464844,0.0019342560097266315,47.236106872558594,68.66451612903225,2.07,102.67075161290322,97.0183741935484,5.751612903225807,7.02,1496.9180989010988
2024-05-17,10.850817680358887,24011300,-0.00977209604543261,-0.00732894019963426,-0.04071653951820842,-0.11343843819430055,5.33,313.1073870967742,4.003225806451613,11.99,121.2354,4.42,68.63548387096775,81.66,87.69328308105469,515.5427856445312,0.005118137606187068,0.001437543393062457,74.54838709677419,-0.0021873897578462698,82.11000061035156,0.0076586810261696225,216.4144287109375,0.006711492326756385,14.840086936950684,-0.003938122690037127,65.64413452148438,-0.008687227350629434,46.82575607299805,68.63548387096775,2.1,103.09994838709677,97.01262580645161,5.748387096774193,7.008571428571428,1497.326901098901
2024-05-20,10.735947608947754,27019100,-0.038683070252899965,-0.009876653315220252,-0.017284010056622945,-0.10729599055985739,5.33,313.09470967741936,4.02258064516129,12.15,121.2289,4.44,68.54838709677419,81.39,87.0406265258789,516.1367797851562,-0.00744249197025193,0.0011521723456615618,74.83870967741936,-0.0020703710593308333,81.94000244140625,-0.001104707798159743,216.17535400390625,0.07266666533855659,15.918466567993164,0.007634725180111657,66.14530944824219,-0.019474234447630523,45.91386032104492,68.54838709677419,2.11,104.38753870967741,96.99538064516129,5.7387096774193544,6.974285714285714,1498.5533076923077
2024-05-21,10.735947608947754,32851000,-0.04855954590810341,-0.006584435543480205,-0.025514465655964713,-0.09308620943433321,5.33,313.0904838709677,4.0290322580645155,11.86,121.3793,4.41,68.51935483870967,80.66,87.60005950927734,517.4026489257812,0.0064272628280324096,0.0024525846446206145,74.93548387096774,0.004515439421082235,82.30999755859375,0.013669608000639322,219.13038635253906,0.006836682278796635,16.02729606628418,-0.01677732283958633,65.03556823730469,0.012569081050973319,46.4909553527832,68.51935483870967,2.09,104.81673548387096,96.98963225806452,5.735483870967742,6.962857142857143,1498.9621098901098
2024-05-22,10.629912376403809,35403000,-0.02161260927533526,0.003325058219022292,0.016625111662905034,-0.07813016568500797,5.33,313.08625806451613,4.035483870967742,12.29,121.5462,4.43,68.49032258064516,79.15,86.68730163574219,515.9127197265625,-0.01041960335013803,-0.002879631950690853,75.03225806451613,-0.007289496925254713,81.70999908447266,0.0003491417581689138,219.20689392089844,-0.03395076163414168,15.48315715789795,-0.029860838525718414,63.09355163574219,0.0,46.4909553527832,68.49032258064516,2.1,105.24593225806451,96.98388387096774,5.732258064516129,6.951428571428572,1499.370912087912
2024-05-23,10.700601577758789,43590100,0.0016515462825994476,0.0033031816886288645,-0.0016513680357391758,-0.0548680376108005,5.33,313.0820322580645,4.041935483870968,12.77,121.7477,4.47,68.46129032258065,77.47,85.2838134765625,512.1444702148438,-0.01619023931644692,-0.007304044594434456,75.12903225806451,-0.017500921811263614,80.27999877929688,-0.009554193553461876,217.112548828125,-0.05559107836046062,14.622431755065918,-0.012340506986990518,62.314945220947266,-0.01886788117983229,45.61376953125,68.46129032258065,2.17,105.67512903225806,96.97813548387097,5.7290322580645165,6.94,1499.7797142857141
2024-05-24,10.744782447814941,40840400,0.002467266208154184,0.0180922204428422,-0.004111844076018167,-0.07211725576589678,5.33,313.0778064516129,4.048387096774193,11.93,121.6172,4.46,68.43225806451613,78.48,86.14258575439453,515.5330200195312,0.010069581117735149,0.0066163943999355546,75.2258064516129,0.028276087530862526,82.55000305175781,8.813180807676346e-05,217.13168334960938,0.023680712848872076,14.968701362609863,0.026856190224853416,63.988487243652344,0.006072904289369241,45.890777587890625,68.43225806451613,2.14,106.10432580645161,96.9723870967742,5.725806451612903,6.952857142857143,1500.1885164835164
2024-05-28,10.320648193359375,57460100,0.029965577476366523,0.03681487608926415,0.04708887021085961,-0.031376778971397457,5.33,313.06090322580644,4.074193548387097,12.92,121.43,4.54,68.31612903225806,80.9,85.93157958984375,515.8932495117188,-0.0024494988477870017,0.0006987515410241674,75.61290322580645,0.007025974321242634,83.12999725341797,-0.00946925855354852,215.0756072998047,0.03436876605562711,15.48315715789795,0.014685292256595428,64.92817687988281,-0.011066507774901257,45.38292694091797,68.31612903225806,2.2,107.8211129032258,96.94939354838709,5.712903225806452,7.0042857142857144,1501.8237252747251
2024-05-29,10.214614868164062,45759500,0.04411743287149417,0.04498263435037542,0.08477490010083288,-0.030107368263808443,5.33,313.0566774193548,4.080645161290322,14.28,122.1641,4.61,68.28709677419356,80.24,85.36724853515625,512.28076171875,-0.006567213792427418,-0.007002393996021206,75.70967741935483,-0.019367264086916136,81.5199966430664,-0.013117023212520285,212.25445556640625,-0.02747604951615512,15.057741165161133,-0.008959296924443971,64.34646606445312,-0.01017285062229012,44.9212532043457,68.28709677419356,2.25,108.25030967741935,96.94364516129032,5.709677419354839,7.017142857142858,1502.2325274725274
2024-05-30,10.400172233581543,42218900,0.025488541380206176,0.014443525121703882,0.08411222323385426,-0.0413718157777484,5.33,313.0524516129032,4.087096774193548,14.47,121.9601,4.55,68.25806451612904,78.96,85.87269592285156,508.8824157714844,0.005920858366275539,-0.00663375672329336,75.80645161290323,0.005397478649720622,81.95999908447266,0.006893449088258841,213.71762084960938,-0.0013140639422449807,15.037954330444336,0.1342141707038873,72.98267364501953,0.015416229012001459,45.61376953125,68.25806451612904,2.19,108.6795064516129,96.93789677419355,5.706451612903226,7.03,1502.6413296703297
2024-05-31,10.718274116516113,57205800,0.0016489121512957006,-0.03462475281221289,0.06100583463276066,-0.06312454260527589,5.33,313.04822580645157,4.0935483870967735,12.92,122.098,4.51,68.22903225806452,77.97,86.35359954833984,513.5175170898438,0.005600192474687571,0.0091083935595071,75.90322580645162,0.015861433214731324,83.26000213623047,0.01839092950135357,217.64808654785156,-0.007894694452297735,14.919234275817871,0.04009822302669308,75.90914916992188,0.029352259224766364,46.95263671875,68.22903225806452,2.16,109.10870322580645,96.93214838709677,5.703225806451613,7.024285714285715,1503.0501318681318
2024-06-03,10.771292686462402,53784100,0.01558649819438962,-0.027891670287154335,0.05578334057430867,-0.0852316065872305,5.33,313.079,4.1066666666666665,13.11,122.3509,4.41,68.08,75.26,86.31434631347656,513.93603515625,-0.0004545639680174629,0.0008150025120428062,75.93333333333334,0.016694683569357993,84.6500015258789,-0.001933287693273611,217.22731018066406,0.06167105739464418,15.839319229125977,0.024994060041223953,77.80642700195312,0.003933101685749563,47.137306213378906,68.08,2.08,110.24747333333333,96.87572666666667,5.673333333333334,7.007142857142857,1504.2765384615384
2024-06-04,10.629912376403809,41533100,0.006650026721941371,-0.020781210146424756,0.06733175606442732,-0.07559765952218456,5.33,313.0965,4.109999999999999,13.16,122.7256,4.33,68.02,74.27,86.40269470214844,514.5106201171875,0.0010235655188886028,0.001118008704648954,75.9,-0.010159487239804088,83.79000091552734,0.0014088020202569496,217.53334045410156,0.058088728036400195,16.7594051361084,0.010466998043976883,78.6208267211914,-0.002938229286928107,46.99880599975586,68.02,2.02,110.60225999999999,96.85039,5.66,7.001428571428572,1504.6853406593407
2024-06-05,10.665257453918457,45509800,0.0008286438398998897,-0.010770492124306807,0.07539344487014743,-0.09380638133551067,5.33,313.114,4.113333333333333,12.63,122.5339,4.29,67.96000000000001,75.08,86.90812683105469,520.6256713867188,0.005849726454118187,0.011885179878577512,75.86666666666666,-0.026256170827049452,81.58999633789062,0.005869559804058122,218.81016540527344,0.0005903203173411864,16.769298553466797,0.012407582385580485,79.59632110595703,0.0029468879193179642,47.137306213378906,67.96000000000001,1.99,110.95704666666666,96.82505333333333,5.6466666666666665,6.9957142857142856,1505.0941428571427
2024-06-06,10.665257453918457,28289900,-0.010770492124306807,-0.019055499822816735,0.06876554601387608,-0.1097931180266205,5.33,313.13149999999996,4.116666666666666,12.58,122.3713,4.28,67.9,76.52,87.54117584228516,520.6159057617188,0.007284117542437407,-1.875747881197043e-05,75.83333333333333,-0.0035542750232743225,81.30000305175781,-0.004387534873743881,217.85012817382812,-0.019469077480265495,16.44281578063965,-0.008769991782685671,78.89826202392578,-0.004897156714679829,46.90646743774414,67.9,2.0,111.31183333333333,96.79971666666667,5.633333333333334,6.99,1505.502945054945
2024-06-07,10.735947608947754,31934000,-0.036213951339099104,0.006584257883463396,0.08395057604928002,-0.10896768248814981,5.33,313.149,4.12,12.22,123.549,4.43,67.84,76.53,87.18293762207031,519.9830322265625,-0.004092225364441648,-0.0012156246633115986,75.8,0.0014759546455502814,81.41999816894531,-0.002776208434445704,217.24533081054688,0.004813490579902879,16.521963119506836,-0.002722274348433862,78.68347930908203,-0.014763851968189634,46.21394729614258,67.84,2.13,111.66662,96.77438000000001,5.62,6.984285714285715,1505.9117472527473
2024-06-10,10.939179420471191,68322800,-0.04281089652023118,-0.023424835106146902,0.08804521417914946,-0.15341307195001186,5.33,313.2015,4.13,12.74,123.9125,4.47,67.66,78.75,87.46265411376953,521.589599609375,0.0032083857154683315,0.0030896534756781335,75.7,-0.021616243507939892,79.66000366210938,-0.0068497105157616645,215.75726318359375,-0.010179667747484578,16.353775024414062,-0.008757901644697919,77.99437713623047,-0.009989922168167631,45.75227355957031,67.66,2.16,112.73097999999999,96.69837,5.58,6.967142857142857,1507.1381538461537
2024-06-11,10.700601577758789,48201800,-0.027250023484023833,0.0,0.15854674978436578,-0.12363558712822387,5.33,313.219,4.133333333333333,12.85,124.0349,4.39,67.60000000000001,78.88,87.23200988769531,522.8457641601562,-0.0026370595359958005,0.002408338954078104,75.66666666666667,-0.04243038824287948,76.27999877929688,0.0021803598166545424,216.22769165039062,-0.011494167076428474,16.165802001953125,-0.00045916615074870215,77.95856475830078,0.00706355111573731,46.07544708251953,67.60000000000001,2.12,113.08576666666666,96.67303333333334,5.566666666666666,6.961428571428572,1507.546956043956
2024-06-12,10.674095153808594,57116200,-0.011589532369601363,0.012417043403677441,0.17797991530118118,-0.10716732483962621,5.33,313.2365,4.136666666666667,12.04,123.8295,4.31,67.54,79.56,88.13986206054688,527.139892578125,0.010407328388057913,0.008212992649689665,75.63333333333334,-0.013240720403689843,75.2699966430664,0.0132309643462869,219.08859252929688,0.024479749717303934,16.56153678894043,-0.008380353262345541,77.30524444580078,0.00701400731653079,46.39862060546875,67.54,2.09,113.44055333333333,96.64769666666668,5.553333333333334,6.9557142857142855,1507.9557582417583
2024-06-13,10.550387382507324,41422300,-0.008375212862686832,0.05025127717612121,0.20519262474347788,-0.09074451930839367,5.33,313.254,4.14,11.94,124.0235,4.24,67.48,79.61,88.20854949951172,528.2012939453125,0.0007793005044376411,0.002013509852188289,75.6,-0.01009691166109472,74.51000213623047,0.000657255545441382,219.2325897216797,-0.01373946722423025,16.3339900970459,0.01562873641026097,78.513427734375,-0.0009948927577793087,46.35245895385742,67.48,2.03,113.79534,96.62236,5.54,6.95,1508.3645604395604
2024-06-14,10.347156524658203,49382100,0.04440633819303241,0.08966688725485672,0.23654977335945993,-0.06334552405670901,5.33,313.2715,4.1433333333333335,12.66,124.1694,4.2,67.42,79.41,87.51173400878906,528.5225830078125,-0.007899636652867859,0.0006082701163039328,75.56666666666666,-0.05650246898094702,70.30000305175781,-0.008013640665922028,217.47573852539062,-0.07086620701412882,15.176462173461914,-0.005927268642468175,78.04805755615234,-0.007968220607670884,45.98311233520508,67.42,2.03,114.15012666666667,96.59702333333334,5.526666666666666,6.938571428571429,1508.7733626373627
2024-06-17,10.470863342285156,31970100,0.02025311544355035,0.08607580894423572,0.22784789028567443,-0.06584136466737633,5.33,313.324,4.153333333333333,12.75,124.239,4.28,67.24000000000001,81.33,89.04771423339844,532.7291259765625,0.017551705974139464,0.00795906003639546,75.46666666666667,0.009246000971092627,70.94999694824219,0.008210845964459645,219.2613983154297,0.02281616426225641,15.522730827331543,0.04643968205014404,81.6725845336914,0.0,45.98311233520508,67.24000000000001,2.06,115.21448666666666,96.52101333333334,5.486666666666666,6.904285714285715,1509.9997692307693
2024-06-18,10.40900993347168,29023400,0.02801338899192074,0.09252959191133958,0.18675708713381067,-0.05339334204212731,5.33,313.3415,4.156666666666666,12.3,123.9776,4.22,67.18,82.67,88.74837493896484,534.0826416015625,-0.003361560675763209,0.002540720150261855,75.43333333333334,-0.00465108126644298,70.62000274658203,-0.005911125044930188,217.96531677246094,0.01657104671242071,15.779958724975586,0.025969573625904685,83.79358673095703,0.001003965672703,46.02927780151367,67.18,2.01,115.56927333333333,96.49567666666667,5.473333333333334,6.892857142857143,1510.4085714285713
2024-06-20,10.550387382507324,53468000,0.024288063066381538,0.07537691576418193,0.18257962232810376,-0.0711814451983267,5.33,313.3765,4.163333333333333,13.28,124.192,4.25,67.06,83.34,88.86123657226562,532.6316528320312,0.0012717036608096421,-0.0027167869848384596,75.36666666666666,0.037241534283928734,73.25,-0.0045805352976899805,216.9669189453125,0.006896570063275043,15.888786315917969,-0.0034521555280969674,83.50431823730469,-0.009027043006310409,45.61376953125,67.06,2.0,116.27884666666667,96.44500333333333,5.446666666666666,6.87,1511.2261758241757
2024-06-21,10.46202564239502,50178700,0.05912164641230366,0.09628367830790041,0.168074340107212,-0.06676779491111806,5.33,313.394,4.166666666666667,13.2,124.1086,4.25,67.0,81.71,89.61205291748047,531.9177856445312,0.008449312368101536,-0.0013402642965439915,75.33333333333333,0.02675766668222046,75.20999908447266,0.00415932210827874,217.86935424804688,0.0006226066288128607,15.89867877960205,-0.021327212103924742,81.72340393066406,0.007085082881060245,45.936946868896484,67.0,2.02,116.63363333333334,96.41966666666667,5.433333333333334,6.868571428571428,1511.634978021978
2024-06-24,10.806635856628418,58436900,0.04333614935747265,0.05478336249520033,0.11774334362404382,-0.09403614447730546,5.33,313.4465,4.176666666666667,13.33,123.7125,4.25,66.82000000000001,82.63,89.22943878173828,530.1886596679688,-0.004269672697873816,-0.0032507391616305448,75.23333333333333,0.011700535356071295,76.08999633789062,0.0113685914401771,220.34622192382812,0.019912874911380385,16.215267181396484,-0.011836458435441788,80.75608825683594,0.0060300138804751935,46.21394729614258,66.82000000000001,2.03,117.69799333333333,96.34365666666667,5.3933333333333335,6.864285714285715,1512.8613846153846
2024-06-25,10.682930946350098,38818900,0.06451604264111377,0.08932994639731873,-0.07692317306091445,-0.08690543940674167,5.33,313.464,4.18,12.84,123.9417,4.23,66.76,81.97,88.87042999267578,532.2302856445312,-0.004023434350412747,0.003850753763464221,75.2,-0.0358785104340924,73.36000061035156,-0.016556364308709992,216.69808959960938,0.08724832293709195,17.630022048950195,-0.031456432781079235,78.21578979492188,-0.012986940090760735,45.61376953125,66.76,2.01,118.05278,96.31832,5.38,6.862857142857143,1513.2701868131867
2024-06-26,10.700601577758789,41426600,0.06275813487476456,0.11230398861216462,-0.07597023776526923,-0.1261515415590575,5.33,313.4815,4.183333333333334,12.55,124.26,4.32,66.7,82.19,90.1589126586914,532.89453125,0.014498440776328225,0.001248041728148408,75.16666666666667,-0.07933478253001791,67.54000091552734,-0.0073542096814103175,215.1044464111328,0.030864281008900596,18.17416000366211,-0.026121011714901665,76.17271423339844,-0.004048463475598618,45.42910385131836,66.7,2.06,118.40756666666667,96.29298333333334,5.366666666666666,6.861428571428572,1513.678989010989
2024-06-27,10.806635856628418,48080200,0.049877426614596265,0.1471791354055776,-0.09975476498023794,-0.11313533621395566,5.33,313.499,4.1866666666666665,12.24,124.3379,4.29,66.64,83.04,90.709716796875,533.7347412109375,0.006109258884573476,0.0015766909053591682,75.13333333333334,0.0213207347036799,68.9800033569336,-0.0029457153730717556,214.47080993652344,0.013064813810031328,18.411602020263672,0.0007119312587702264,76.22694396972656,-0.003048795080211386,45.29059982299805,66.64,2.03,118.76235333333334,96.26764666666668,5.3533333333333335,6.86,1514.0877912087913
2024-06-28,11.080557823181152,65914700,0.035087595482049094,0.1347686556803982,-0.13556624186975474,-0.12696088333337496,5.33,313.5165,4.19,12.44,124.2103,4.36,66.58,82.83,89.70155334472656,531.634521484375,-0.011114172634955954,-0.003934950387148306,75.1,0.02087553989466384,70.41999816894531,-0.021262263564188366,209.91067504882812,0.005910712358108583,18.520427703857422,-0.00035561229872072,76.19983673095703,-0.0030581186573285235,45.152095794677734,66.58,2.08,119.11713999999999,96.24231,5.34,6.875,1514.4965934065933
2024-07-01,11.274953842163086,56152700,0.010971740167133426,0.12774289275006634,-0.15203762338819926,-0.1595231727313835,5.33,313.569,4.2,12.22,124.4667,4.48,66.4,84.7,90.0064697265625,532.728515625,0.003399231902530442,0.0020577936466021907,75.0,-0.02811695227240474,68.44000244140625,-0.024193873155390566,204.83212280273438,-0.053953032933547695,17.521194458007812,-0.02372766807857496,74.39179229736328,-0.018405081092982112,44.321067810058594,66.4,2.16,120.1815,96.1663,5.3,6.92,1515.723
2024-07-02,11.372151374816895,46990400,0.023310032693016458,0.12509705804781968,-0.16938622079715282,-0.15171371031144532,5.33,313.58490322580644,4.2,12.03,124.2917,4.43,66.4483870967742,84.09,91.7572250366211,536.3136596679688,0.01945143849522535,0.006729776870987747,75.03225806451613,0.01461133787737845,69.44000244140625,0.008248957566509452,206.5217742919922,-0.008469705269409822,17.37279510498047,-0.001458462234586455,74.28329467773438,-0.0020832289739245446,44.228736877441406,66.4483870967742,2.13,120.13380322580645,96.18107741935485,5.296774193548387,6.9350000000000005,1515.5756847826087
2024-07-03,11.372151374816895,26894300,0.046620065386032916,0.13053608244829062,-0.22066825917758848,-0.17301956088125647,5.33,313.6008064516129,4.2,12.09,123.7768,4.36,66.49677419354839,85.19,92.34243774414062,538.7069702148438,0.006377837900895189,0.004462520213184051,75.06451612903226,0.00504030042937309,69.79000091552734,0.007949101751058896,208.16343688964844,-0.006264253407972542,17.263967514038086,0.0019474223691156034,74.4279556274414,0.0041753282518699475,44.41340637207031,66.49677419354839,2.09,120.0861064516129,96.19585483870968,5.293548387096774,6.95,1515.4283695652173
2024-07-05,11.345643043518066,31589300,0.09267911312727017,0.08878503062470156,-0.24376954784950433,-0.17346012181963022,5.33,313.63261290322583,4.2,12.48,123.4762,4.28,66.59354838709677,84.44,93.09486389160156,541.8133544921875,0.00814821620310413,0.005766371049746866,75.12903225806451,0.0055881843320289,70.18000030517578,-0.0036434008916010896,207.40501403808594,-0.013753618130275536,17.026525497436523,0.0014574460702414527,74.53643035888672,-0.01247398801034949,43.85939407348633,66.59354838709677,2.0,119.99071290322581,96.22540967741936,5.287096774193548,6.9350000000000005,1515.1337391304348
2024-07-08,11.469347953796387,44346200,0.0963020527281333,0.08782758849781769,-0.2465330886843643,-0.17298581804838542,5.33,313.68032258064517,4.2,12.37,123.3576,4.28,66.73870967741937,83.63,93.13912963867188,542.438720703125,0.00047549075448305445,0.001154209666027084,75.2258064516129,-0.007124536874120291,69.68000030517578,-0.004351151131561926,206.5025634765625,0.020337068041044404,17.37279510498047,0.03711355148332496,77.30274200439453,0.013684219590089253,44.45957565307617,66.73870967741937,2.01,119.84762258064517,96.26974193548388,5.27741935483871,6.9125,1514.691793478261
2024-07-09,11.398659706115723,40680900,0.11550387408814045,0.0720930366812047,-0.23083857657913776,-0.17415546602047915,5.33,313.69622580645165,4.2,12.51,123.4071,4.3,66.78709677419356,82.78,93.44895935058594,542.9661865234375,0.003326525737528785,0.0009723970656607683,75.25806451612904,-0.008610770256792466,69.08000183105469,-0.00976291756838954,204.4864959716797,0.019362128017067493,17.709169387817383,0.01064188764067131,78.1253890991211,-0.007268929543344793,44.13640213012695,66.78709677419356,2.04,119.79992580645161,96.28451935483871,5.274193548387097,6.904999999999999,1514.5444782608695
2024-07-10,11.637236595153809,36305500,0.09946841338683376,0.03796508706762136,-0.21884671920824272,-0.19108623976001038,5.33,313.7121290322581,4.2,12.85,123.1895,4.28,66.83548387096775,83.39,94.15220642089844,548.3389892578125,0.007525467112738715,0.00989528053077593,75.29032258064517,0.0075274555483964,69.5999984741211,0.016525949452240507,207.86582946777344,-0.00893857155396971,17.550874710083008,-0.009835693201137419,77.35697174072266,0.01987442970423836,45.013587951660156,66.83548387096775,2.01,119.75222903225806,96.29929677419355,5.2709677419354835,6.8975,1514.3971630434783
2024-07-11,11.902321815490723,51443400,0.0801781084058486,-0.17149223880570708,-0.2385061995567641,-0.19930068445234794,5.33,313.72803225806456,4.2,12.92,122.769,4.2,66.88387096774194,83.92,92.95716857910156,543.6107788085938,-0.012692616426369985,-0.00862278725723753,75.3225806451613,0.030890827198485127,71.75,0.0060963707988763716,209.133056640625,0.021420685474541568,17.92682647705078,0.005142152841809189,77.75475311279297,0.006153961146917908,45.29059982299805,66.88387096774194,1.95,119.70453225806452,96.3140741935484,5.267741935483871,6.89,1514.249847826087
2024-07-12,12.397147178649902,85609700,-0.0035637933001424482,-0.20242341329194047,-0.2862735224243118,-0.226917020703572,5.33,313.743935483871,4.2,12.46,122.4404,4.18,66.93225806451613,83.49,94.17188262939453,547.0396728515625,0.013067459657609026,0.006307627031391316,75.35483870967742,0.01351918077635017,72.72000122070312,0.013037161645511608,211.85955810546875,0.006070442885383498,18.0356502532959,0.0030228217300525273,77.98979187011719,0.010193588479211035,45.75227355957031,66.93225806451613,1.94,119.65683548387096,96.32885161290322,5.264516129032258,6.872857142857143,1514.1025326086956
2024-07-15,12.573869705200195,65643300,-0.007730045026575594,-0.2262825474881487,-0.27632153977752016,-0.23492782292874037,5.33,313.7916451612903,4.2,13.12,122.6347,4.23,67.07741935483871,83.22,94.06370544433594,548.5441284179688,-0.00114872063760596,0.0027501763419899294,75.45161290322581,-0.006325619867312282,72.26000213623047,-0.00829252742712916,210.1027069091797,0.004936930744114054,18.124691009521484,-0.008925407820057352,77.293701171875,-0.007063467738519735,45.42910385131836,67.07741935483871,1.96,119.51374516129032,96.37318387096774,5.254838709677419,6.821428571428571,1513.6605869565217
2024-07-16,12.715249061584473,52040100,-0.03891590017329305,-0.2466991252093973,-0.2815450196337558,-0.22931941688626745,5.33,313.8075483870968,4.2,13.19,122.7264,4.17,67.1258064516129,81.92,95.75050354003906,551.7970581054688,0.01793250741861674,0.005930114860369873,75.48387096774194,0.015914772929439325,73.41000366210938,0.02111030989177287,214.5380401611328,0.04694335988267584,18.97552490234375,0.020467888785356658,78.87574005126953,0.02337381571382302,46.4909553527832,67.1258064516129,1.91,119.46604838709678,96.38796129032258,5.251612903225807,6.804285714285714,1513.5132717391305
2024-07-17,12.794774055480957,58087100,-0.055939148019501395,-0.25276236886001224,-0.26637231312703147,-0.23972053979441266,5.33,313.8234516129032,4.2,14.48,122.518,4.16,67.17419354838711,84.16,94.15220642089844,544.0602416992188,-0.016692310327874993,-0.014021126594645938,75.51612903225806,-0.013622121647109409,72.41000366210938,-0.0027744023544866714,213.9428253173828,-0.040667468116245,18.203838348388672,0.021891006162364945,80.60240936279297,0.025819283558943473,47.69131851196289,67.17419354838711,1.9,119.41835161290322,96.40273870967742,5.248387096774193,6.7871428571428565,1513.365956521739
2024-07-18,12.856627464294434,58077000,-0.23298967573317741,-0.2652921104436854,-0.2664118961355748,-0.23011633057147718,5.33,313.8393548387097,4.2,15.93,122.7909,4.2,67.2225806451613,84.17,93.19322204589844,539.879150390625,-0.010185468949213461,-0.007684978589016733,75.54838709677419,-0.010081526308713507,71.68000030517578,0.00484624551662205,214.97964477539062,-0.008152091343992862,18.055438995361328,-0.011888721318569884,79.64414978027344,-0.0009681656356710366,47.645145416259766,67.2225806451613,1.89,119.37065483870968,96.41751612903226,5.245161290322581,6.77,1513.2186413043478
2024-07-19,12.35296630859375,75908600,-0.1995708492472491,-0.28254653121927353,-0.22124632827052582,-0.19582052808672323,5.33,313.85525806451614,4.2,16.52,123.147,4.25,67.2709677419355,81.43,92.36211395263672,536.2940673828125,-0.00891811738038617,-0.006640528727991368,75.58064516129032,-0.03920197470187303,68.87000274658203,-0.017594694719377024,211.1971435546875,0.009863039746467628,18.2335205078125,0.005675383686629454,80.09616088867188,-0.020348859785703444,46.675621032714844,67.2709677419355,1.93,119.32295806451613,96.4322935483871,5.241935483870968,6.771428571428571,1513.0713260869566
2024-07-22,12.476673126220703,59116800,-0.2202550841796137,-0.31232303019092333,-0.23184462887743695,-0.2016362015907982,5.33,313.90296774193547,4.2,14.91,123.2172,4.26,67.41612903225807,81.25,93.3801040649414,541.8232421875,0.01102172816038749,0.010309968244979206,75.6774193548387,0.015391280910706184,69.93000030517578,0.019046217416409217,215.2196502685547,-0.0005425950163688853,18.2236270904541,0.004063014008658827,80.42159271240234,0.00395668948017347,46.86030197143555,67.41612903225807,1.96,119.17986774193548,96.47662580645161,5.232258064516129,6.775714285714286,1512.6293804347827
2024-07-23,12.220423698425293,85897700,-0.2161967148073407,-0.29284168938718247,-0.2032535711016421,-0.20105067541914756,5.33,313.91887096774195,4.2,14.72,123.3843,4.25,67.46451612903226,78.24,92.96208190917969,540.9733276367188,-0.004476565537676058,-0.00156861958772736,75.70967741935483,-0.019162075810630008,68.58999633789062,-0.016147670606151854,211.74435424804688,0.035287718397404966,18.866697311401367,-0.00011232310652320443,80.41255950927734,-0.00788186595292295,46.4909553527832,67.46451612903226,1.96,119.13217096774194,96.49140322580645,5.2290322580645165,6.777142857142858,1512.4820652173912
2024-07-24,12.079045295715332,81768700,-0.20848573524429614,-0.27416371824054975,-0.18872764185309465,-0.1746120674443148,5.33,313.9347741935484,4.2,18.04,123.5575,4.28,67.51290322580645,78.78,89.16059112548828,528.7135620117188,-0.040892917903939785,-0.022662421599522586,75.74193548387096,-0.022014792060890964,67.08000183105469,-0.02616071136461673,206.20497131347656,-0.04614579890802106,17.996078491210938,-0.013715489853493912,79.30966186523438,0.0009930809262901352,46.53712463378906,67.51290322580645,2.0,119.08447419354839,96.5061806451613,5.225806451612903,6.7785714285714285,1512.33475
2024-07-25,9.861166000366211,259484000,-0.042114732603352634,-0.07815510403975479,0.025586686965471284,0.006476094908194119,5.33,313.95067741935486,4.2,18.46,123.5286,4.27,67.56129032258065,79.43,88.8114242553711,525.958740234375,-0.003916156966991768,-0.0052104238954299165,75.7741935483871,0.011180679480136568,67.83000183105469,-0.026490972335120766,200.74240112304688,-0.05992308742393315,16.91769790649414,-0.004331390527774315,78.96614074707031,0.006944505922736655,46.86030197143555,67.56129032258065,1.99,119.03677741935483,96.52095806451612,5.22258064516129,6.78,1512.1874347826088
2024-07-26,9.887674331665039,79599900,-0.10366399311418295,-0.08334923164381713,0.008315796966390065,0.020114240211543732,5.33,313.9665806451613,4.2,16.39,123.672,4.2,67.60967741935484,78.58,89.80482482910156,531.849365234375,0.011185504365677224,0.011199785362203674,75.80645161290323,0.013415833822050915,68.73999786376953,0.02219042564625595,205.19696044921875,0.009941547367872783,17.085886001586914,0.0,78.96614074707031,0.022660018640284996,47.922157287597656,67.60967741935484,1.93,118.9890806451613,96.53573548387097,5.219354838709678,6.772857142857143,1512.0401195652173
2024-07-29,9.728622436523438,91667500,-0.11807444222248364,-0.09050101948790334,0.02756783515664818,0.02111084970395649,5.33,314.0142903225807,4.2,16.6,124.1392,4.17,67.75483870967743,77.27,91.30477905273438,532.1619873046875,0.016702379036841464,0.000587801905478802,75.90322580645162,0.002327664636045945,68.9000015258789,-0.0038833895953743758,204.4001007080078,-0.0011579690609153648,17.06610107421875,-0.021408081930388123,77.27562713623047,0.0038536100997683675,48.10683059692383,67.75483870967743,1.92,118.84599032258065,96.58006774193548,5.209677419354839,6.751428571428572,1511.5981739130434
2024-07-30,9.578408241271973,69337000,-0.09778598281965922,-0.05000513257628747,0.034313786498168186,0.06523101223066541,5.33,314.0301935483871,4.2,17.69,124.2855,4.15,67.80322580645162,76.17,90.7982406616211,529.4656982421875,-0.005547775224566509,-0.0050666697863112065,75.93548387096774,-0.01843257248672081,67.62999725341797,0.013479909208756746,207.1553955078125,-0.007536251256209492,16.93748664855957,-0.0015209300410685689,77.15809631347656,0.00575818554669727,48.38383865356445,67.80322580645162,1.9,118.7982935483871,96.59484516129032,5.206451612903226,6.744285714285715,1511.4508586956522
2024-07-31,9.560736656188965,75478000,-0.08297763656416823,-0.04449475564427452,0.04279602946945782,-0.02290676886022458,5.33,314.0460967741936,4.2,16.36,123.6373,4.09,67.85161290322581,79.36,92.2047348022461,538.0719604492188,0.015490323715264376,0.016254617127424487,75.96774193548387,0.026023986510534947,69.38999938964844,0.004866112124981559,208.16343688964844,-0.026869228471098516,16.482389450073242,0.013708133455601734,78.21578979492188,0.0047709892819296496,48.61467742919922,67.85161290322581,1.85,118.75059677419355,96.60962258064515,5.203225806451613,6.7371428571428575,1511.303543478261
2024-08-01,9.445865631103516,60516500,-0.037624935535706894,-0.006274187992215463,0.0630775788645157,-0.005324033782722282,5.33,314.062,4.2,18.59,123.8693,3.99,67.9,77.74,89.94253540039062,530.452392578125,-0.024534525333295143,-0.014160871465467961,76.0,0.05389822592111826,73.12999725341797,-0.012820953572074467,205.4945831298828,-0.054021578845108165,15.591984748840332,-0.009824227704132937,77.44738006591797,-0.002849095177465566,48.47616958618164,67.9,1.79,118.7029,96.6244,5.2,6.73,1511.1562282608695
2024-08-02,8.862678527832031,110703000,0.02266422559654413,0.06417816397207754,0.11176751755478631,0.041902287179690356,5.323548387096774,314.0836129032258,4.1967741935483875,23.39,123.4681,3.8,67.9709677419355,74.99,86.63282775878906,520.5762329101562,-0.03679802472620963,-0.018618371424376612,75.80645161290323,-0.04785997718380086,69.62999725341797,-0.01714576195824946,201.97122192382812,-0.06091368229781913,14.642219543457031,-0.038636482073074685,74.45508575439453,0.001904745117088824,48.568504333496094,67.9709677419355,1.76,118.22375161290323,96.60704516129032,5.187096774193549,6.692857142857143,1511.0089130434783
2024-08-05,8.579920768737793,115594200,0.03126502287116639,0.12121290264351403,0.14526883693674764,0.06891772193334456,5.304193548387097,314.1484516129032,4.187096774193549,38.57,123.5787,3.78,68.18387096774194,74.46,84.1837158203125,505.4150695800781,-0.028270021905502207,-0.029123810062021582,75.2258064516129,-0.007324350523522427,69.12000274658203,-0.03854919311056659,194.18539428710938,-0.027027097439798697,14.246482849121094,-0.02586223945399191,72.52951049804688,-0.021863043359763967,47.506649017333984,68.18387096774194,1.71,116.7863064516129,96.55498064516128,5.148387096774194,6.581428571428572,1510.5669673913044
2024-08-06,8.64177417755127,111817600,0.05295955209463443,0.10903424212858792,0.11838009737178723,0.07580474304802154,5.297741935483871,314.17006451612906,4.183870967741935,27.71,123.6532,3.9,68.25483870967743,74.6,85.11320495605469,510.0747985839844,0.011041198724538903,0.00921960836620439,75.03225806451613,-0.0010127270260804622,69.05000305175781,0.01656206040263286,197.40150451660156,0.009722248254847132,14.384990692138672,0.02206154300575558,74.12962341308594,0.019436414403790403,48.43000793457031,68.25483870967743,1.78,116.30715806451613,96.5376258064516,5.135483870967742,6.5442857142857145,1510.419652173913
2024-08-07,8.767409324645996,69482400,0.04196504082594976,0.11054230284136435,0.08290661835609536,0.08495376249755937,5.291290322580645,314.19167741935485,4.180645161290323,27.85,123.5698,3.96,68.3258064516129,76.68,83.62801361083984,506.6653747558594,-0.017449599577194497,-0.0066841644354708185,74.83870967741936,-0.016509765956041034,67.91000366210938,-0.013617321917413827,194.7134246826172,-0.03645119955533627,13.860640525817871,-0.01585353628812891,72.95440673828125,-0.009533039542091504,47.96832275390625,68.3258064516129,1.85,115.82800967741936,96.52027096774194,5.122580645161291,6.507142857142857,1510.2723369565217
2024-08-08,9.090465545654297,73007600,0.03257643376383901,0.07798610665246608,0.05231973331218365,0.10463957153366055,5.28483870967742,314.21329032258063,4.17741935483871,23.79,123.4466,3.99,68.3967741935484,77.64,85.45252227783203,518.3782958984375,0.021816955685238115,0.023117666464226083,74.64516129032258,0.015167114176899421,68.94000244140625,0.02420855093110208,199.42715454101562,0.034261196296804686,14.335522651672363,0.02304816424534728,74.63587188720703,0.021174337999244175,48.9840202331543,68.3967741935484,1.87,115.34886129032257,96.50291612903226,5.109677419354838,6.47,1510.1250217391305
2024-08-09,9.063544273376465,48860800,0.04059390886712344,0.11584169094200591,0.021781989653628653,0.09989220118447162,5.2783870967741935,314.2349032258065,4.174193548387096,20.37,122.9276,3.94,68.46774193548387,78.28,85.73777770996094,520.6640625,0.0033381745152174513,0.004409456606590423,74.45161290322581,-0.01885702068059425,67.63999938964844,0.0006258006139103767,199.5519561767578,0.019323724203584636,14.61253833770752,0.01417168906698607,75.69358825683594,-0.00471253226125623,48.75318145751953,68.46774193548387,1.84,114.8697129032258,96.48556129032258,5.096774193548387,6.472857142857142,1509.977706521739
2024-08-12,8.848172187805176,56118700,0.08722091584365166,0.12677488776922474,0.05983769529168037,0.12769265209747682,5.259032258064516,314.2997419354839,4.164516129032258,20.71,123.2204,3.9,68.68064516129033,81.45,85.3984375,520.9376831054688,-0.00395788436584954,0.0005255223572662171,73.87096774193549,-0.005765810070485045,67.25,-0.0019243243358973983,199.16795349121094,-0.01150971746709728,14.444352149963379,-0.03021627184313358,73.40641021728516,-0.0056819239905248065,48.47616958618164,68.68064516129033,1.79,113.43226774193549,96.43349677419354,5.058064516129033,6.481428571428571,1509.5357608695651
2024-08-13,9.099438667297363,44766100,0.053254362831321345,0.09861936122307569,0.04733723469580586,0.12254265676307363,5.252580645161291,314.3213548387097,4.161290322580645,18.12,123.0146,3.85,68.7516129032258,79.81,87.53770446777344,529.5048217773438,0.025050422822705976,0.016445611346070477,73.6774193548387,0.010706337854321513,67.97000122070312,0.007856935948205468,200.73280334472656,0.018493066255574675,14.711472511291504,0.02389153486583462,75.16020202636719,0.01904768724754069,49.39952850341797,68.7516129032258,1.76,112.9531193548387,96.41614193548386,5.04516129032258,6.484285714285714,1509.388445652174
2024-08-14,9.135334014892578,37026400,0.06581531944781416,0.08447919698443229,0.050098172144082076,0.10518815353271482,5.2461290322580645,314.3429677419355,4.158064516129032,16.19,122.4297,3.83,68.8225806451613,78.47,87.07051086425781,531.17529296875,-0.00533705568767362,0.003154779942889041,73.48387096774194,-0.014565217684121334,66.9800033569336,-0.0006695438504472628,200.59840393066406,-0.0073973993551317285,14.602645874023438,-0.0027664093969200776,74.95227813720703,-0.003738361780384114,49.2148551940918,68.8225806451613,1.77,112.47397096774193,96.39878709677419,5.032258064516129,6.4871428571428575,1509.2411304347827
2024-08-15,9.386600494384766,41597900,0.04397705719769762,0.06214153141396905,0.03250484325019376,0.07560377560156084,5.239677419354838,314.3645806451613,4.154838709677419,15.23,122.5844,3.92,68.89354838709677,79.66,89.8490982055664,540.27978515625,0.03191192188639369,0.017140277998652476,73.29032258064517,0.025529994009706902,68.69000244140625,0.017037341809559292,204.0160675048828,0.06639557617092606,15.572196960449219,0.013870520029987343,75.99190521240234,0.017823598547101138,50.092041015625,68.89354838709677,1.8,111.99482258064516,96.3814322580645,5.019354838709678,6.49,1509.0938152173912
2024-08-16,9.431468963623047,34142600,0.07231234147507504,0.06470031382424302,0.03710752251958915,0.06759345058228772,5.233225806451613,314.3861935483871,4.151612903225806,14.8,122.3972,3.89,68.96451612903226,78.05,90.06055450439453,541.4910278320312,0.002353460447030109,0.002241880427621412,73.09677419354838,0.003493927139895714,68.93000030517578,0.0021649319762158115,204.45774841308594,-0.01778905912020068,15.295182228088379,0.014037573349131804,77.05864715576172,-0.03686626364066148,48.24533462524414,68.96451612903226,1.81,111.51567419354839,96.36407741935483,5.006451612903226,6.485714285714286,1508.9465
2024-08-19,9.619917869567871,41066300,0.03638080481084227,0.024253869873894773,0.024253869873894773,0.04100685868200493,5.2138709677419355,314.4510322580645,4.141935483870967,14.65,121.8788,3.86,69.1774193548387,75.82,91.1670913696289,546.66845703125,0.012286587300329943,0.00956143118372177,72.51612903225806,0.029885355425409266,70.98999786376953,0.0013614846638376754,204.73611450195312,0.009055714055994368,15.433691024780273,-0.0023461839635152693,76.87785339355469,0.01626791647970216,49.03018569946289,69.1774193548387,1.79,110.07822903225806,96.3120129032258,4.967741935483871,6.472857142857143,1508.5045543478261
2024-08-20,9.584023475646973,32468000,0.04307126558660124,0.02528086505531535,0.022471990612142223,0.06388666906079732,5.207419354838709,314.47264516129036,4.138709677419355,15.88,121.7728,3.82,69.2483870967742,75.27,91.0834732055664,545.779541015625,-0.0009171967955353688,-0.0016260605567995912,72.3225806451613,-0.01605859168831225,69.8499984741211,-0.004360769515470264,203.8433074951172,-0.01794876453016847,15.156675338745117,-0.0035278995734049357,76.60663604736328,0.016007507681688127,49.81503677368164,69.2483870967742,1.75,109.5990806451613,96.29465806451613,4.95483870967742,6.468571428571429,1508.357239130435
2024-08-21,9.736578941345215,48943900,0.017511361674072967,-0.007373297707840565,0.0027648642059687756,0.03227069027477536,5.200967741935484,314.49425806451615,4.135483870967742,16.27,121.8535,3.79,69.31935483870967,72.76,92.2342529296875,547.655029296875,0.012634341704601981,0.003436347719740329,72.12903225806451,0.014745866883282499,70.87999725341797,0.012150841282049907,206.32017517089844,0.011096572147885064,15.324862480163574,0.027142058274163272,78.68589782714844,0.012975091802691407,50.46139144897461,69.31935483870967,1.72,109.11993225806451,96.27730322580645,4.941935483870967,6.464285714285714,1508.2099239130434
2024-08-22,9.799395561218262,50885400,0.017399304027838847,-0.03113559155930601,-0.000915778454020022,-0.004048791819616704,5.194516129032258,314.51587096774193,4.132258064516129,17.55,122.3626,3.86,69.39032258064516,73.72,90.640869140625,543.3568725585938,-0.01727540190819543,-0.00784829227953876,71.93548387096774,-0.011004497876998198,70.0999984741211,0.005956114452358108,207.54904174804688,-0.0025822558480051994,15.285289764404297,-0.01482113086921455,77.51968383789062,0.0,50.46139144897461,69.39032258064516,1.76,108.64078387096774,96.25994838709677,4.929032258064516,6.46,1508.0626086956522
2024-08-23,10.113480567932129,64612700,-0.007098703760474168,-0.05412620171351468,-0.0354926701263103,-0.02868336490251122,5.188064516129033,314.5374838709678,4.129032258064516,15.86,121.4597,3.81,69.46129032258064,75.82,92.39161682128906,549.1301879882812,0.019315212853352692,0.010625273593212858,71.74193548387096,0.031241119672987372,72.29000091552734,0.01322900111116554,210.29470825195312,0.07508085332798253,16.43292236328125,0.027988536177768086,79.68934631347656,0.015553345286124953,51.24623489379883,69.46129032258064,1.68,108.16163548387097,96.24259354838709,4.916129032258064,6.444285714285714,1507.915293478261
2024-08-26,9.969898223876953,53070300,-0.011701234604746258,-0.07110723770627603,-0.062106354233266714,0.01997322414846625,5.168709677419355,314.6023225806452,4.119354838709677,16.15,121.6943,3.82,69.6741935483871,78.4,91.67361450195312,547.8211669921875,-0.007771292938024366,-0.0023838081109496256,71.16129032258064,-0.002766697677462071,72.08999633789062,-0.0046109114043562105,209.32505798339844,-0.0006019324981335616,16.423030853271484,0.00839470056702507,80.35831451416016,0.0063063625711474725,51.56941223144531,69.6741935483871,1.67,106.72419032258064,96.19052903225806,4.877419354838709,6.397142857142857,1507.473347826087
2024-08-27,9.996819496154785,44841000,-0.017055786232670345,-0.061939007433871485,-0.04129273522109622,0.037243385953154906,5.162258064516129,314.623935483871,4.116129032258065,15.43,121.8672,3.83,69.74516129032257,76.5,91.43263244628906,548.573486328125,-0.002628695911831125,0.0013732936609005542,70.96774193548387,-0.017478076998787118,70.83000183105469,-0.0028434954203964136,208.72984313964844,0.026505975681960336,16.858339309692383,-0.00011250649760630171,80.34927368164062,-0.0008952102479159452,51.52324676513672,69.74516129032257,1.68,106.24504193548387,96.17317419354839,4.864516129032258,6.381428571428571,1507.3260326086956
2024-08-28,9.907079696655273,35442200,-0.02445639461064275,-0.03804337676734437,-0.023550762654156232,0.019095761915827403,5.155806451612903,314.6455483870968,4.112903225806451,17.11,121.8943,3.84,69.81612903225806,75.49,90.54741668701172,545.3888549804688,-0.009681617335007275,-0.005805295784476527,70.7741935483871,-0.011435905224460141,70.0199966430664,0.006347172691856917,210.0546875,-0.024061208615593466,16.452707290649414,-0.012263733509059405,79.3638916015625,0.0071684691308118165,51.8925895690918,69.81612903225806,1.69,105.7658935483871,96.15581935483871,4.851612903225806,6.365714285714286,1507.1787173913044
2024-08-29,9.969898223876953,44989200,-0.0477048641521548,-0.03780386363523314,-0.049505098239979395,0.012674623663072593,5.1493548387096775,314.6671612903226,4.109677419354838,15.65,122.2333,3.87,69.88709677419354,76.9,90.65560913085938,545.4375,0.001194870575067064,8.919327757994644e-05,70.58064516129032,0.01285349284529036,70.91999816894531,-0.001005582972254282,209.8434600830078,-0.00541180532200658,16.36366844177246,0.14113235965909343,90.56470489501953,0.006227739367659302,52.215763092041016,69.88709677419354,1.71,105.28674516129033,96.13846451612903,4.838709677419355,6.35,1507.031402173913
2024-08-30,10.041687965393066,44977100,-0.04736371896295288,-0.03485245652845115,-0.03932086629596754,0.008152259851941235,5.142903225806451,314.6887741935484,4.106451612903226,15.0,122.3262,3.91,69.95806451612903,74.52,92.02278137207031,550.6443481445312,0.015080944845204725,0.009546186583304639,70.38709677419355,0.008601249663013455,71.52999877929688,0.01496040553504474,212.98280334472656,-0.0024183861689944797,16.324094772338867,0.002196032735613418,90.76358795166016,0.011494260431125003,52.81594467163086,69.95806451612903,1.76,104.80759677419354,96.12110967741935,4.825806451612903,6.35,1506.8840869565217
2024-09-03,9.853238105773926,49613500,-0.06010935678723761,-0.00728600023867898,-0.045537453097789005,0.013586989924088355,5.11,314.79193333333336,4.1,20.72,122.7811,3.84,70.12666666666667,71.28,90.75889587402344,539.3126831054688,-0.013734484865619123,-0.020578918275010016,70.0,-0.019851785169557545,70.11000061035156,-0.008744708516044586,211.12033081054688,-0.009696878913859841,16.165802001953125,0.005378443273331479,91.25175476074219,-0.011363643750411212,52.215763092041016,70.12666666666667,1.73,103.30579333333333,96.04363333333333,4.8133333333333335,6.35,1506.2948260869566
2024-09-04,9.826315879821777,47900700,-0.04566202290278221,0.0027398087219476785,-0.04566202290278221,0.0015536258597568242,5.1,314.8219,4.1,21.32,122.5144,3.77,70.14,70.11,90.99494934082031,538.208740234375,0.002600885175206624,-0.0020469440190744592,70.0,-0.009271167026390414,69.45999908447266,-0.0005935249120734287,210.99502563476562,-0.011627996152691722,15.977826118469238,-0.00970866724356323,90.3658218383789,0.001768403955888731,52.308101654052734,70.14,1.7,103.03404,96.02225,4.819999999999999,6.35,1506.1475108695652
2024-09-05,9.664788246154785,50551900,-0.013927601064310013,0.013927601064310124,-0.018569970293849658,0.01076368143126305,5.09,314.8518666666667,4.1,19.9,122.4533,3.73,70.15333333333332,70.09,92.02770233154297,536.8998413085938,0.011349563884633707,-0.0024319540504140758,70.0,0.021739161476148405,70.97000122070312,-0.0007766979057360901,210.83114624023438,0.0,15.977826118469238,-0.005502164772991591,89.86861419677734,-0.009708906376084792,51.80024719238281,70.15333333333332,1.7,102.76228666666667,96.00086666666667,4.826666666666666,6.35,1506.000195652174
2024-09-06,9.494285583496094,47508900,0.010396987387850665,0.02835533796461842,-0.008506671702419144,0.00017467766496448434,5.08,314.88183333333336,4.1,22.38,122.4991,3.72,70.16666666666666,68.58,89.70155334472656,527.8635864257812,-0.025276617017298997,-0.016830429416384796,70.0,-0.0349443893796938,68.48999786376953,-0.008320746209568908,209.07687377929688,-0.02972132268391392,15.502943992614746,-0.009154056295052171,89.04595184326172,-0.0013517808659821995,51.730224609375,70.16666666666666,1.69,102.49053333333333,95.97948333333333,4.833333333333333,6.328571428571428,1505.8528804347827
2024-09-09,9.566076278686523,39223300,0.013133304581767424,0.023452165828345084,-0.015947548530230726,-0.0006754225353656773,5.05,314.97173333333336,4.1,19.45,122.7156,3.7,70.20666666666666,69.65,91.00970458984375,533.773681640625,0.014583373379164488,0.011196254802991135,70.0,0.00861445445594411,69.08000183105469,0.012309242214784799,211.65045166015625,0.022973834608297272,15.859106063842773,-0.004162471594100103,88.67530059814453,0.0018049125241283992,51.82359313964844,70.20666666666666,1.66,101.67527333333334,95.91533333333334,4.8533333333333335,6.264285714285714,1505.4109347826088
2024-09-10,9.260966300964355,63019200,0.05620159848383666,0.05329463700671422,0.029069820726906226,0.04108754074189558,5.04,315.0017,4.1,19.08,123.0071,3.65,70.22,66.73,92.05228424072266,536.0986938476562,0.011455697560798894,0.004355801507269996,70.0,-0.0535611534389594,65.37999725341797,-0.0005464026246935205,211.53480529785156,0.006862031387876444,15.967931747436523,-0.01753477138006354,87.12039947509766,-0.006306254050350457,51.49678039550781,70.22,1.63,101.40352,95.89395,4.859999999999999,6.242857142857143,1505.2636195652174
2024-09-11,9.377626419067383,55840200,0.05071770461440961,-0.002870899815054284,0.022009520038026364,0.024256408472805413,5.03,315.0316666666667,4.1,17.69,122.7754,3.65,70.23333333333333,68.25,92.97193145751953,541.5985107421875,0.009990487736208031,0.010258963429025103,70.0,0.0013766284959648711,65.47000122070312,-0.005285813572605602,210.4166717529297,0.0247832155469645,16.36366844177246,0.012763326530371044,88.23234558105469,-0.01178600328958579,50.88983917236328,70.23333333333333,1.61,101.13176666666666,95.87256666666667,4.866666666666666,6.2214285714285715,1505.1163043478261
2024-09-12,9.530180931091309,43779600,0.028248637887730466,0.0056496875500031685,0.009416079204100258,-0.006455742196205261,5.02,315.06163333333336,4.1,17.07,122.4423,3.68,70.24666666666667,69.89,94.01942443847656,546.1605834960938,0.011266765834972992,0.008423348039961365,70.0,0.023369463124632617,67.0,0.0007787602302473662,210.58053588867188,0.0229746686054475,16.7396183013916,0.0015368199509027125,88.3679428100586,-0.0018349433970297202,50.79645919799805,70.24666666666667,1.63,100.86001333333334,95.85118333333334,4.873333333333333,6.2,1504.968989130435
2024-09-13,9.592997550964355,35184800,0.017773559106896153,0.008418939203321374,0.02151548659919733,-0.014857857953290976,5.01,315.0916,4.1,16.56,121.6551,3.66,70.25999999999999,69.59,94.65874481201172,549.0130615234375,0.00679987542312066,0.005222782664183523,70.0,0.029104432063316255,68.94999694824219,0.0043483597749258696,211.4962158203125,0.02009450136679347,17.075992584228516,0.00716102299637833,89.00074768066406,0.010110403382040056,51.31003189086914,70.25999999999999,1.58,100.58826,95.8298,4.88,6.184285714285714,1504.8216739130435
2024-09-16,9.691710472106934,34802400,0.010185097262040532,-0.02222239715739094,0.0037035196573282914,-0.024891820364979278,4.98,315.1815,4.1,17.14,121.4976,3.63,70.3,71.1,94.49645233154297,549.8237915039062,-0.001714500660145668,0.0014767043578509664,70.0,-0.0023204646816002983,68.79000091552734,0.007383149493500163,213.05772399902344,0.03302431055169941,17.639915466308594,0.0034535150039785023,89.30811309814453,0.01182882539886454,51.916969299316406,70.3,1.54,99.77300000000001,95.76565,4.8999999999999995,6.137142857142857,1504.3797282608696
2024-09-17,9.781447410583496,52068600,-0.0027522789979633755,-0.013761492488098659,0.011926672322216891,-0.07103364070966656,4.97,315.21146666666664,4.1,17.61,121.6031,3.65,70.31333333333333,72.16,94.97840881347656,550.0484619140625,0.005100260063125361,0.00040862256895390914,70.0,0.020787909378454428,70.22000122070312,-0.0038001995423460055,212.24806213378906,0.011217188364339048,17.837785720825195,0.006984746783067264,89.9319076538086,-0.011690540041890629,51.31003189086914,70.31333333333333,1.53,99.50124666666667,95.74426666666666,4.906666666666666,6.121428571428571,1504.2324130434783
2024-09-18,9.853238105773926,55017300,-0.05100190488284351,-0.045537453097789005,0.00819667767758192,-0.07964822240777536,4.96,315.2414333333333,4.1,18.23,121.5618,3.7,70.32666666666667,71.87,94.7915267944336,548.4171752929688,-0.0019676263413717088,-0.002965714357998861,70.0,-0.007832569669560918,69.66999816894531,-0.04922799887188167,201.7995147705078,0.018302768661323077,18.16426658630371,-0.00412171989865584,89.56123352050781,0.0018198421678350396,51.40340805053711,70.32666666666667,1.58,99.22949333333334,95.72288333333333,4.913333333333333,6.105714285714286,1504.0850978260871
2024-09-19,9.799395561218262,52436400,-0.021978098978230665,-0.043040322182733126,0.016483525573818936,-0.1005807942864767,4.95,315.27139999999997,4.1,16.33,121.3059,3.73,70.34,72.86,96.95045471191406,557.7755737304688,0.022775536912305938,0.017064378832593485,70.0,0.012200351607013049,70.5199966430664,0.03061723462440802,207.97805786132812,0.021786444561747276,18.560001373291016,0.003362901515209682,89.86241912841797,0.009082533369894508,51.87028121948242,70.34,1.56,98.95774,95.7015,4.92,6.09,1503.9377826086957
2024-09-20,9.76349925994873,68809100,-0.00919125852688052,-0.028492432581271876,0.0,-0.09261596103292402,4.94,315.30136666666664,4.1,16.15,121.4052,3.73,70.35333333333332,72.72,96.72915649414062,556.8113403320312,-0.002282590818485808,-0.001728712126973564,70.0,-0.009642659352602778,69.83999633789062,-0.01941885759773443,203.93936157226562,0.01279321115478238,18.797443389892578,-0.0117814343435938,88.8037109375,-0.01890180704767197,50.88983917236328,70.35333333333332,1.58,98.68598666666666,95.68011666666666,4.926666666666667,6.088571428571428,1503.7904673913044
2024-09-23,9.790421485900879,40421300,-0.032080748871931686,-0.03849687916453548,0.018331870413805795,-0.08210460918521245,4.91,315.39126666666664,4.1,15.89,121.4303,3.75,70.39333333333333,71.33,97.90448760986328,558.2027587890625,0.012150742943714654,0.0024989046670664816,70.0,0.024627739273949123,71.55999755859375,0.019425350738513147,207.9009552001953,-0.0015790530024837324,18.76776123046875,0.005755484686864154,89.3148193359375,0.01651381593416601,51.730224609375,70.39333333333333,1.58,97.87072666666667,95.61596666666667,4.946666666666666,6.0842857142857145,1503.3485217391305
2024-09-24,9.754526138305664,37746300,-0.011039597542597757,-0.034958676667877,0.017479240566573573,-0.07686206256681183,4.9,315.4212333333333,4.1,15.39,121.1291,3.74,70.40666666666667,72.34,98.761962890625,559.7998657226562,0.008758283728307115,0.00286115915488927,70.0,0.007685900929600642,72.11000061035156,0.012935122114155373,210.59017944335938,-0.012651488173637593,18.53032112121582,0.011445097291527428,90.3370361328125,0.009927756304067836,52.24378967285156,70.40666666666667,1.55,97.59897333333333,95.59458333333333,4.953333333333333,6.082857142857143,1503.201206521739
2024-09-25,9.350704193115234,74109600,0.005758127243005617,0.01919392745930515,0.07869494959879342,-0.025322174858265045,4.89,315.4512,4.1,15.41,121.4447,3.79,70.42,70.42,98.40715026855469,558.5652465820312,-0.0035926039913084518,-0.0022054652318131973,70.0,-0.02149498042765663,70.55999755859375,0.0015563096585973213,210.9179229736328,-0.036839187975574395,17.847679138183594,-0.01151760510566302,89.29656982421875,-0.00983016482327348,51.730224609375,70.42,1.61,97.32722000000001,95.5732,4.96,6.081428571428572,1503.0538913043479
2024-09-26,9.584023475646973,51408500,-0.02153553328662494,0.0,0.03651686036138635,-0.044305048859270446,4.88,315.48116666666664,4.1,15.37,121.0785,3.79,70.43333333333334,68.28,98.8260269165039,560.7798461914062,0.004256567198685168,0.003964800214346642,70.0,0.02480158815973299,72.30999755859375,0.01343556407904467,213.75172424316406,0.03547670252734658,18.48085594177246,0.022076795838787078,91.26795196533203,0.024368162629137213,52.99079513549805,70.43333333333334,1.63,97.05546666666667,95.55181666666667,4.966666666666667,6.08,1502.9065760869566
2024-09-27,9.673760414123535,45469600,-0.019480221809200726,-0.0055658339932684875,0.0547312595743179,-0.05693144879571732,4.87,315.5111333333333,4.1,16.96,121.1111,3.75,70.44666666666667,68.72,98.97386169433594,559.9664916992188,0.0014959093514599342,-0.0014503989358952696,70.0,0.02669064265438359,74.23999786376953,0.0026154245803224896,214.31077575683594,-0.007494666018390772,18.342348098754883,0.02259996574344214,93.33060455322266,0.0,52.99079513549805,70.44666666666667,1.6,96.78371333333334,95.53043333333333,4.973333333333334,6.085714285714285,1502.7592608695652
2024-09-30,9.476337432861328,59662900,-0.006628786735180636,0.03409103260049151,-0.014204471120074502,-0.05168185285598981,4.84,315.6010333333333,4.1,16.73,121.2864,3.81,70.48666666666666,68.75,98.74225616455078,562.2105102539062,-0.0023400676281626343,0.004007415779251344,70.0,-0.030037658832252512,72.01000213623047,-0.007106265251346944,212.78782653808594,-0.0032363583538714824,18.28298568725586,0.01017025300929153,94.27980041503906,-0.001762048384666648,52.897422790527344,70.48666666666666,1.63,95.96845333333334,95.46628333333334,4.993333333333333,6.102857142857143,1502.3173152173913
2024-10-01,9.64684009552002,63963000,-0.024186083756078003,0.008372048881685412,-0.026046308392759787,-0.06655723005760006,4.83,315.631,4.1,19.26,121.6881,3.74,70.5,70.41,98.34307861328125,557.1738891601562,-0.004042621333305463,-0.00895860358689371,70.0,-0.02069164628470954,70.5199966430664,-0.0042579333211572035,211.8817901611328,-0.02489173808492995,17.827890396118164,-0.01887704591290007,92.50007629394531,-0.0008826875123226774,52.850730895996094,70.5,1.55,95.6967,95.4449,5.0,6.1085714285714285,1502.17
2024-10-02,9.404546737670898,51457400,0.013358878096396687,0.052481082266157,-0.018129710419898526,-0.06668750891102282,4.823870967741936,315.6599354838709,4.103225806451612,18.9,121.5724,3.79,70.54193548387097,70.74,97.51024627685547,557.4091186523438,-0.008468642106484792,0.0004221832658779512,69.96774193548387,-0.006664685389698,70.05000305175781,-0.015012222843556633,208.7009735107422,-0.017203153670786064,17.521194458007812,-0.016181561294505098,91.00328063964844,-0.00795041207543945,52.430545806884766,70.54193548387097,1.58,95.7735806451613,95.45392258064517,4.996774193548387,6.114285714285715,1503.0062826086958
2024-10-03,9.377626419067383,44458300,0.022009520038026364,0.05933009896926267,-0.022009520038026475,-0.04169964184431563,4.817741935483871,315.68887096774193,4.106451612903226,20.49,122.1197,3.85,70.58387096774193,74.33,96.38172912597656,556.3900756835938,-0.011573318640533126,-0.0018281777865668536,69.93548387096774,-0.015417584354089242,68.97000122070312,-0.018150782307227775,204.9128875732422,-0.02089209932515812,17.155139923095703,-0.015244154459656323,89.61601257324219,-0.0071239439208233835,52.05703353881836,70.58387096774193,1.64,95.85046129032258,95.46294516129032,4.993548387096774,6.12,1503.8425652173914
2024-10-04,9.485313415527344,45883000,0.0141908282988501,0.050141804724518346,-0.01986774276317327,-0.0487433632091141,4.811612903225806,315.7178064516129,4.109677419354838,19.21,122.2197,3.98,70.6258064516129,74.93,97.6580810546875,561.4461669921875,0.013242675144815808,0.009087313971913868,69.90322580645162,0.019718726783831464,70.33000183105469,0.009407803355843791,206.84066772460938,0.03921567973437212,17.827890396118164,0.014461674676383263,90.9120101928711,0.004484393327812475,52.29047775268555,70.6258064516129,1.75,95.92734193548388,95.47196774193549,4.990322580645161,6.148571428571429,1504.6788478260871
2024-10-07,9.413520812988281,38009100,0.04099154353571621,0.037178273030168185,0.010486291272270742,-0.05694841913394588,4.793225806451613,315.8046129032258,4.119354838709677,22.64,122.4241,4.03,70.7516129032258,77.76,96.14026641845703,556.370361328125,-0.015542130460053927,-0.009040591890144833,69.80645161290323,0.001990606938767625,70.47000122070312,-0.0029358541286901296,206.23341369628906,-0.0005549404409931347,17.817996978759766,-0.017970095549528775,89.27831268310547,-0.008035813617739307,51.87028121948242,70.7516129032258,1.76,96.15798387096774,95.49903548387097,4.980645161290322,6.234285714285715,1507.187695652174
2024-10-08,9.413520812988281,46355700,0.03336510383361335,0.05910407189210343,0.0667303089762199,-0.058880989488989344,4.787096774193548,315.83354838709676,4.12258064516129,21.42,122.6625,4.04,70.79354838709678,74.26,97.07658386230469,561.63232421875,0.009739076858517048,0.00945766211928345,69.7741935483871,-0.012345717773684872,69.5999984741211,0.0023368356519555267,206.71534729003906,0.0477512700494831,18.6688289642334,0.0052136890400666935,89.74378204345703,-0.002700132075914352,51.730224609375,70.79354838709678,1.77,96.23486451612904,95.50805806451613,4.97741935483871,6.262857142857143,1508.0239782608696
2024-10-09,9.530180931091309,40407000,0.0386064651086413,0.04143120881478546,0.04603697804459239,-0.07899115381293864,4.780967741935484,315.8624838709677,4.125806451612903,20.86,122.8821,4.06,70.83548387096774,73.85,97.77143096923828,565.5223999023438,0.00715772104135004,0.0069263742769880565,69.74193548387096,0.025287387569194797,71.36000061035156,0.00559550735471448,207.8720245361328,0.07048233201125109,19.984651565551758,0.003152539718744407,90.02670288085938,-0.0027076637547371885,51.59015655517578,70.83548387096774,1.77,96.31174516129033,95.51708064516129,4.974193548387097,6.291428571428572,1508.8602608695653
2024-10-10,9.584023475646973,39458300,0.03651686036138635,0.05243454525498925,0.041109590980794586,-0.0784709644993018,4.774838709677419,315.8914193548387,4.129032258064516,20.93,123.0951,4.09,70.87741935483871,76.46,97.28848266601562,564.5327758789062,-0.004939564640049188,-0.0017499289570287457,69.70967741935483,-0.008548214758045791,70.75,-0.0027357941484835724,207.30332946777344,0.009405869391536203,20.172624588012695,-0.01135434127854451,89.00450897216797,0.004524827991615021,51.82359313964844,70.87741935483871,1.76,96.38862580645161,95.52610322580645,4.970967741935484,6.32,1509.696543478261
2024-10-11,9.619917869567871,31915700,0.03544794078444835,0.032649348705267034,0.061808239439726353,-0.07529085084436093,4.768709677419355,315.92035483870967,4.132258064516129,20.46,122.9805,4.08,70.91935483870968,76.11,96.87454986572266,567.9132690429688,-0.004254694789659452,0.005988125594301508,69.6774193548387,0.007632521774238121,71.29000091552734,0.013763015306167192,210.1564483642578,0.001961751147498747,20.21219825744629,-0.0008203326607519879,88.9314956665039,0.00810820917165711,52.24378967285156,70.91935483870968,1.75,96.46550645161291,95.53512580645162,4.967741935483871,6.337142857142857,1510.5328260869567
2024-10-14,9.799395561218262,41940200,-0.003663113816079977,0.041208862594401374,0.030294457321463852,-0.07644774500990759,4.750322580645161,316.0071612903226,4.141935483870967,19.7,123.379425,4.0425,71.04516129032258,72.4425,97.29834747314453,572.557861328125,0.004374705307114146,0.008178347889252757,69.58064516129032,-0.0028055067340188033,71.08999633789062,0.011420470168294505,212.55653381347656,-0.01076850618188352,19.994543075561523,-0.005439315934579914,88.44776916503906,0.013404796765277949,52.94410705566406,71.04516129032258,1.75,96.69614838709678,95.5621935483871,4.958064516129032,6.388571428571429,1513.0416739130435
2024-10-15,9.727603912353516,53097100,0.024907912956420475,-0.03966781998507474,0.03789823504244838,-0.06402152442733089,4.744193548387097,316.03609677419354,4.145161290322581,20.64,123.5124,4.03,71.08709677419354,71.22,97.51024627685547,568.1093139648438,0.0021778253096171873,-0.007769603150609483,69.54838709677419,-0.015332626164585417,70.0,-0.00290227532384002,211.93963623046875,0.06630379630672767,21.32025718688965,0.006810560072926686,89.0501480102539,0.0026454393622585837,53.08416748046875,71.08709677419354,1.75,96.77302903225807,95.57121612903225,4.95483870967742,6.405714285714286,1513.8779565217392
2024-10-16,9.898107528686523,46996400,0.002719744004143765,-0.05077051384354325,0.017262589414426488,-0.06452262172222578,4.7380645161290325,316.0650322580645,4.148387096774194,19.58,123.9235,4.02,71.12903225806451,70.97,98.02276611328125,570.5784912109375,0.005256061347344021,0.004346306574101622,69.51612903225806,0.00514286586216528,70.36000061035156,-0.022512332181110595,207.1683807373047,-0.006960575525666313,21.171855926513672,0.011376303645456609,90.0632095336914,-0.006156501263034242,52.757354736328125,71.12903225806451,1.75,96.84990967741936,95.58023870967742,4.951612903225807,6.4228571428571435,1514.7142391304349
2024-10-17,9.934001922607422,37617200,0.01535689915169658,-0.07046071657465292,0.008093269982900386,-0.045012382211548574,4.731935483870967,316.0939677419355,4.151612903225806,19.11,124.1122,4.09,71.17096774193548,71.26,97.9340591430664,570.6275024414062,-0.0009049629359808575,8.589743781750592e-05,69.48387096774194,-0.006537792502591011,69.9000015258789,0.015958695401269818,210.47451782226562,0.00046729098255426926,21.18174934387207,-0.0243209415858765,87.87278747558594,-0.004424793478304934,52.5239143371582,71.17096774193548,1.79,96.92679032258064,95.58926129032258,4.948387096774193,6.44,1515.5505217391305
2024-10-18,9.96092414855957,26074900,-0.0027027839536396536,-0.07927926910134875,0.023631408053740977,-0.0841191959318267,4.725806451612903,316.12290322580645,4.154838709677419,18.03,123.9185,4.08,71.21290322580646,69.78,98.31843566894531,572.8224487304688,0.0039248503456534856,0.003846548369420555,69.45161290322581,0.026609450210998142,71.76000213623047,-0.004716950355010963,209.48171997070312,-0.004203654513140864,21.092708587646484,-0.001454114559013786,87.74501037597656,-0.0008888192307421328,52.477230072021484,71.21290322580646,1.77,97.00367096774194,95.59828387096775,4.945161290322581,6.454285714285715,1516.3868043478262
2024-10-21,9.76349925994873,41008600,0.04503695189118795,-0.04779409502322329,0.02942447140105009,-0.05348849861947491,4.707419354838709,316.20970967741937,4.164516129032258,18.37,124.4757,4.19,71.33870967741936,71.16,97.55460357666016,571.8817749023438,-0.0077689609999197495,-0.001642173469649788,69.35483870967742,-0.023132714781111563,70.0999984741211,-0.008834480792424881,207.6310577392578,-0.001876087270657023,21.053136825561523,-0.030892588189077808,85.03433990478516,-0.010676264199466323,51.916969299316406,71.33870967741936,1.88,97.23431290322581,95.62535161290323,4.935483870967742,6.497142857142857,1518.895652173913
2024-10-22,9.969898223876953,51597600,-0.06300637562180778,-0.0459046300643301,-0.021081295969580083,-0.07673263443692846,4.701290322580645,316.2386451612903,4.167741935483871,18.2,124.4107,4.2,71.38064516129032,72.84,97.16036987304688,571.5780639648438,-0.004041159403651129,-0.0005310729434451211,69.3225806451613,-0.00599141480866594,69.68000030517578,-0.014019818319698674,204.72010803222656,0.007988742793357373,21.221324920654297,0.006439838569784584,85.58194732666016,-0.011690540041890629,51.31003189086914,71.38064516129032,1.87,97.3111935483871,95.63437419354838,4.932258064516129,6.511428571428572,1519.7319347826087
2024-10-23,9.925027847290039,37335400,-0.05334517263426497,0.011754135091407436,-0.010240367532078465,-0.04873122756229231,4.695161290322581,316.2675806451613,4.170967741935484,19.24,124.6931,4.24,71.42258064516129,71.37,95.6326904296875,566.3552856445312,-0.015723277354290577,-0.009137471588891777,69.29032258064517,-0.0021527199371691452,69.52999877929688,-0.022317457925245532,200.15127563476562,-0.020979075660569224,20.776121139526367,-0.004478935710307885,85.1986312866211,0.004549456727524159,51.54346466064453,71.42258064516129,1.93,97.38807419354839,95.64339677419355,4.929032258064517,6.525714285714286,1520.5682173913044
2024-10-24,10.086557388305664,44736400,-0.08451965589444244,-0.011662624064886384,0.00817641186771989,-0.09101810595203219,4.689032258064516,316.2965161290323,4.174193548387096,19.08,124.5127,4.21,71.46451612903226,70.58,98.64861297607422,567.580078125,0.031536523053318666,0.002162586827586299,69.25806451612904,-0.01754640072086966,68.30999755859375,-0.012954450193846001,197.5584259033203,-0.004285725695745368,20.68708038330078,0.008248654200644578,85.90140533447266,0.002717474564843725,51.68353271484375,71.46451612903226,1.91,97.46495483870967,95.65241935483871,4.925806451612903,6.54,1521.4045
2024-10-25,9.934001922607422,39120700,-0.07678401575338334,0.004430927074169144,0.04380238535654213,-0.0651559882172188,4.682903225806451,316.32545161290324,4.17741935483871,20.33,124.6105,4.25,71.50645161290322,72.02,98.9590835571289,567.3840942382812,0.003147237165209704,-0.00034529733208077396,69.2258064516129,0.014639145597132197,69.30999755859375,0.01073383573839859,199.67898559570312,0.0,20.68708038330078,-0.01529966110588532,84.58714294433594,-0.0063233437610343834,51.356719970703125,71.50645161290322,1.96,97.54183548387097,95.66144193548386,4.922580645161291,6.565714285714286,1522.2407826086958
2024-10-28,10.203217506408691,97967000,-0.08883039661556114,0.0011065676317143502,-0.010482436007835938,-0.09427939397967011,4.664516129032258,316.41225806451615,4.187096774193549,19.8,124.8076,4.28,71.63225806451612,67.65,99.19068908691406,569.1381225585938,0.002340417084111923,0.0030914301936280086,69.12903225806451,0.01572650419391053,70.4000015258789,-0.0006276859479502628,199.55364990234375,0.04830228467890607,21.68631362915039,-0.012300345106695199,83.54669189453125,0.0072727510418295616,51.730224609375,71.63225806451612,1.99,97.77247741935484,95.68850967741935,4.912903225806452,6.642857142857142,1524.7496304347826
2024-10-29,9.341731071472168,156228000,0.0182517203026078,0.08077002587408622,0.08077002587408622,-0.018543996921039918,4.658387096774193,316.4411935483871,4.190322580645161,19.34,124.8612,4.28,71.6741935483871,67.48,98.67324829101562,570.0592041015625,-0.005216626688065884,0.0016183796278272933,69.09677419354838,-0.017755681433337833,69.1500015258789,-0.004057287886448213,198.74400329589844,0.008211700499055619,21.864395141601562,-0.017151156207239948,82.11376953125,-0.013537876320869113,51.0299072265625,71.6741935483871,1.98,97.84935806451612,95.69753225806451,4.909677419354839,6.668571428571428,1525.5859130434783
2024-10-30,9.395575523376465,48853700,0.06876773438828265,0.07457631591635172,0.07748060668038637,-0.042562125868163436,4.652258064516129,316.47012903225806,4.193548387096774,20.35,124.8153,4.29,71.71612903225807,68.91,98.53527069091797,568.334716796875,-0.0013983283462071228,-0.003025102116200995,69.06451612903226,-0.0011569317323116834,69.06999969482422,0.007614423065628095,200.25732421875,0.0027149392318401855,21.923755645751953,0.004890634569986174,82.5153579711914,0.011893758806038601,51.636844635009766,71.71612903225807,1.95,97.92623870967742,95.70655483870968,4.9064516129032265,6.694285714285714,1526.422195652174
2024-10-31,9.234045028686523,72098700,0.07958339280428661,0.09041860459351914,0.08155352520057124,0.0007818149632980997,4.646129032258064,316.49906451612907,4.1967741935483875,23.16,124.7988,4.28,71.75806451612902,69.58,97.02730560302734,557.1935424804688,-0.015303810273386897,-0.019603191547399645,69.03225806451613,-0.17721149439481954,56.83000183105469,-0.0035138505877447823,199.55364990234375,-0.007220235451084633,21.765460968017578,0.00022134995177736094,82.53362274169922,0.006329061089047405,51.96365737915039,71.75806451612902,1.95,98.0031193548387,95.71557741935483,4.903225806451613,6.72,1527.2584782608697
2024-11-01,9.171229362487793,43472300,0.08796960214442939,0.09193654267754803,0.07309302922167626,-0.007240194199047423,4.64,316.528,4.2,21.88,124.8076,4.37,71.8,69.81,98.60426330566406,559.545166015625,0.016252720745318916,0.004220478802908323,69.0,-0.00809436713617262,56.369998931884766,-0.004443739950640624,198.66688537597656,-0.004545466495258665,21.666526794433594,0.005197244886159025,82.96257019042969,-0.07816708622202051,47.90180969238281,71.8,2.04,98.08,95.7246,4.9,6.7299999999999995,1528.0947608695653
2024-11-04,9.29686164855957,55323800,0.09870496547867114,0.09674804220479416,0.050765012669685694,-0.09403315352384678,4.624,316.6356,4.19,21.98,124.5903,4.31,72.02,71.83,98.26422119140625,558.33984375,-0.00344855387442744,-0.0021541107650125957,69.2,-0.007805546124644458,55.93000030517578,-0.0026198492714921695,198.1464080810547,0.00045662221048470286,21.676420211791992,0.021122174126155135,84.71492004394531,-0.005847972776035881,47.621681213378906,72.02,2.03,99.86077,95.76738,4.84,6.76,1530.6036086956522
2024-11-05,9.51223373413086,49309000,0.06139769206861634,0.056616704931674366,-0.001712501127898669,-0.11645819756774911,4.618666666666666,316.6714666666667,4.1866666666666665,20.49,124.5532,4.26,72.09333333333333,72.26,100.00381469726562,565.0912475585938,0.017703223866913476,0.012091925525588465,69.26666666666667,-0.012336825012409847,55.2400016784668,0.00574015016337559,199.28379821777344,0.024646257305634522,22.210662841796875,0.00021524252068272354,84.733154296875,0.005882372731628838,47.90180969238281,72.09333333333333,1.99,100.45436,95.78164,4.82,6.77,1531.4398913043478
2024-11-06,10.041687965393066,100781800,0.0054348399012942306,-0.028079752899314192,-0.048007150975172275,-0.16304348755156117,4.613333333333333,316.70733333333334,4.183333333333334,16.27,125.7035,4.42,72.16666666666667,71.98,103.20208740234375,579.1425170898438,0.031981507053106206,0.024865487816271736,69.33333333333333,-0.025524978359327988,53.83000183105469,-0.01272072392416601,196.74876403808594,0.07928725857001728,23.9716854095459,-0.03705282409448318,81.59355163574219,-0.005847972776035881,47.621681213378906,72.16666666666667,2.04,101.04795,95.79589999999999,4.800000000000001,6.78,1532.2761739130435
2024-11-07,9.968921661376953,55407900,0.010036475052739968,-0.014598343928522328,-0.032846584749586016,-0.1596715331958567,4.608,316.7432,4.18,15.2,124.775,4.31,72.24,72.69,104.5277328491211,583.6205444335938,0.012845141800370552,0.0077321681824567,69.4,0.033624326528437054,55.63999938964844,0.006515679580323619,198.0307159423828,-0.022699035579616167,23.42755126953125,0.007941836229958366,82.2415542602539,0.0009804755594837733,47.668373107910156,72.24,1.98,101.64153999999999,95.81016,4.78,6.79,1533.1124565217392
2024-11-08,9.978018760681152,45463400,0.0036461869203880948,0.019143126480316575,-0.03737463454739409,-0.15861443558939936,4.602666666666667,316.77906666666667,4.176666666666667,14.94,125.5811,4.3,72.31333333333333,70.69,106.01103210449219,586.148681640625,0.014190485289795163,0.00433181667633864,69.46666666666667,0.01096334681960931,56.25,-0.0016548595056873339,197.7030029296875,0.016469556087610027,23.813392639160156,-0.01009883051867122,81.4110107421875,0.0009793551173025161,47.715057373046875,72.31333333333333,1.95,102.23513,95.82442,4.76,6.788571428571428,1533.948739130435
2024-11-11,10.214508056640625,56630500,-0.001781118075701582,0.015137963126178322,-0.0730188387524685,-0.1674087602962574,4.586666666666667,316.88666666666666,4.166666666666667,14.97,126.47742500000001,4.3975,72.53333333333333,68.995,108.14979553222656,586.7072143554688,0.020174913735640843,0.0009528857307679051,69.66666666666667,-0.005688883463541683,55.93000030517578,-0.0025839984736811816,197.192138671875,0.022019169126403337,24.337743759155273,0.00100902433428951,81.49315643310547,0.008806211853073176,48.13524627685547,72.53333333333333,2.0475,104.0159,95.8672,4.7,6.784285714285715,1536.4575869565217
2024-11-12,10.09626293182373,44921400,-0.004504425789379707,0.0,-0.063963941923729,-0.14594605929572568,4.581333333333333,316.9225333333333,4.163333333333333,14.71,126.7762,4.43,72.60666666666667,68.43,106.70588684082031,584.8847045898438,-0.01335100713136339,-0.0031063360412690866,69.73333333333333,0.008045785097158475,56.380001068115234,-0.009971613806628477,195.22581481933594,-0.0004065051163453237,24.327850341796875,0.01019138656089602,82.32368469238281,-0.011639066421119781,47.57499694824219,72.60666666666667,2.08,104.60949,95.88146,4.68,6.782857142857143,1537.2938695652174
2024-11-13,10.09626293182373,55150900,-0.033333430940088116,0.0,-0.063963941923729,-0.13571227443039613,4.576,316.9584,4.16,14.02,126.9572,4.44,72.67999999999999,68.76,107.6175765991211,585.1688232421875,0.008543949966516973,0.0004857686482722112,69.8,-0.004256858352607029,56.13999938964844,0.0021725267284644634,195.6499481201172,-0.0016267601216797267,24.28827476501465,0.005543296636896233,82.780029296875,-0.007850940143527274,47.20148849487305,72.67999999999999,2.09,105.20308,95.89572,4.66,6.781428571428572,1538.130152173913
2024-11-14,10.068974494934082,56780900,-0.024390029063035557,0.005420206410537531,-0.09756096867945274,-0.12870553703630916,4.570666666666667,316.99426666666665,4.156666666666666,14.31,127.0015,4.43,72.75333333333333,68.99,106.08989715576172,581.4061279296875,-0.014195445499112336,-0.006430102156933848,69.86666666666666,-0.037584621184385325,54.029998779296875,-0.015124649872505391,192.69081115722656,-0.00977599351533931,24.050832748413086,0.009702451875293061,83.58319854736328,0.0069239421034499316,47.5283088684082,72.75333333333333,2.1,105.79666999999999,95.90997999999999,4.640000000000001,6.78,1538.9664347826088
2024-11-15,10.014400482177734,58895400,0.015440640099953828,-0.002724729212654986,-0.09445950141226533,-0.11926756475183942,4.565333333333333,317.0301333333333,4.153333333333333,16.14,126.8848,4.43,72.82666666666667,67.33,105.18314361572266,573.9591064453125,-0.00854703005987234,-0.012808639480448747,69.93333333333334,-0.020359032000248578,52.93000030517578,-0.010905130072136227,190.58949279785156,0.0,24.050832748413086,0.011792978761100636,84.56889343261719,0.003929205753053999,47.715057373046875,72.82666666666667,2.1,106.39026,95.92424,4.62,6.788571428571429,1539.8027173913044
2024-11-18,10.196314811706543,47727300,0.016949269852784665,-0.03479026687372,-0.13559312997826056,-0.14511423956595504,4.549333333333333,317.13773333333336,4.1433333333333335,15.58,126.6045,4.42,73.04666666666667,69.46,106.15396118164062,576.310791015625,0.009229782763146677,0.0040973033512390344,70.13333333333334,-0.004156456063379443,52.709999084472656,0.0029332756253506176,191.14854431152344,0.008227168538671892,24.248703002929688,-0.03949934566959212,81.22847747802734,-0.006849258119623114,47.38824462890625,73.04666666666667,2.08,108.17103,95.96701999999999,4.5600000000000005,6.814285714285714,1542.3115652173913
2024-11-19,10.050785064697266,53227700,0.0045248074487438394,-0.02805433754131792,-0.11855209957062385,-0.1261939923780332,4.5440000000000005,317.1736,4.14,16.35,126.3994,4.39,73.12,69.75,106.2327880859375,578.4174194335938,0.0007425714822077989,0.0036553686844147393,70.2,-0.01138301052063273,52.11000061035156,-0.006605593260888276,189.88589477539062,0.025295705978555905,24.862091064453125,-0.022247104030242437,79.42137908935547,-0.025615767591565808,46.17435836791992,73.12,2.05,108.76462,95.98128,4.54,6.822857142857143,1543.147847826087
2024-11-20,9.759719848632812,68633300,0.03448286307501558,-0.027026987412701153,-0.07921713989553059,-0.09339749192089597,4.538666666666667,317.2094666666667,4.136666666666667,17.16,126.88,4.41,73.19333333333333,69.25,105.76463317871094,578.6134033203125,-0.004406877722609059,0.00033882777408522635,70.26666666666667,0.009211274930228663,52.59000015258789,0.0032487000940666366,190.50277709960938,-0.001989582425513836,24.812625885009766,-0.0028729330170580436,79.19320678710938,0.045500490692133244,48.27531433105469,73.19333333333333,2.06,109.35821,95.99554,4.52,6.831428571428571,1543.9841304347826
2024-11-21,9.823391914367676,53409500,0.030555484631777263,-0.026851904258141768,-0.08333361648910209,-0.09449289859894205,4.533333333333333,317.24533333333335,4.133333333333333,16.87,127.1047,4.43,73.26666666666667,70.39,105.95191192626953,581.7196044921875,0.001770712401017338,0.005368353297815709,70.33333333333333,0.014641575499706017,53.36000061035156,0.00986632534467935,192.38233947753906,0.010765501505808128,25.07974624633789,-0.0029965283277129107,78.95590209960938,0.02526439176539652,49.49496078491211,73.26666666666667,2.09,109.95179999999999,96.0098,4.5,6.84,1544.8204130434783
2024-11-22,10.169029235839844,82556700,-0.017889149395104553,-0.05187836443777549,-0.10375672887555099,-0.14189683953859145,4.5280000000000005,317.2812,4.13,15.24,127.4712,4.41,73.34,71.68,107.4795913696289,583.5226440429688,0.014418611383081759,0.0030994993753996614,70.4,0.01911545063899034,54.380001068115234,0.015030890383693096,195.27401733398438,-0.0177514504894285,24.634544372558594,0.035024951424826645,81.72132873535156,0.0019103174328527484,49.58951187133789,73.34,2.07,110.54539,96.02405999999999,4.48,6.835,1545.656695652174
2024-11-25,10.369134902954102,63469300,-0.050877205245444035,-0.07368415534287043,-0.11666663294345003,-0.1349042098162888,4.5120000000000005,317.3888,4.12,14.6,126.9948,4.27,73.56,69.41,108.57853698730469,585.5020141601562,0.010224691066199165,0.003392105066349016,70.6,0.05057006152970489,57.130001068115234,0.026408015704344256,200.43081665039062,0.011646539578971105,24.921451568603516,0.03897696449513788,84.90657806396484,-0.0009534144645912956,49.542232513427734,73.56,1.98,112.32616,96.06684,4.42,6.819999999999999,1548.1655434782608
2024-11-26,10.09626293182373,47458800,-0.03243239464917247,-0.06216224717449703,-0.09639643103105133,-0.1264087134242694,4.506666666666667,317.42466666666667,4.116666666666666,14.1,127.4301,4.3,73.63333333333334,69.05,108.97277069091797,588.5591430664062,0.0036308621809795216,0.005221380682413512,70.66666666666667,-0.03238232547226161,55.279998779296875,-0.01596612643327966,197.230712890625,0.00595475989700911,25.069852828979492,-0.04890898675742161,80.7538833618164,-0.008587840996353457,49.11677169799805,73.63333333333334,2.02,112.91975,96.08109999999999,4.4,6.8149999999999995,1549.0018260869565
2024-11-27,10.09626293182373,28474200,-0.0594595161343493,-0.063963941923729,-0.10990999177363969,-0.15152796919984213,4.501333333333334,317.46053333333333,4.113333333333333,14.1,126.8205,4.25,73.70666666666666,69.03,108.43561553955078,586.7757568359375,-0.004929260291001825,-0.0030300883971953185,70.73333333333333,0.004341564467557069,55.52000045776367,0.002590186134427297,197.7415771484375,-0.007892680843313293,24.871984481811523,-0.0035036840881536024,80.470947265625,0.010587102011880178,49.636775970458984,73.70666666666666,1.99,113.51334,96.09536,4.38,6.81,1549.8381086956522
2024-11-29,10.123550415039062,28935200,-0.05570528685355647,-0.06648697654859326,-0.11051234292501244,-0.10463988246412348,4.490666666666667,317.53226666666666,4.1066666666666665,13.51,126.5798,4.18,73.85333333333334,68.26,109.54935455322266,590.4208984375,0.010270970549022707,0.006212154403273384,70.86666666666666,0.00018008504053979024,55.529998779296875,0.0038994715102609323,198.51266479492188,0.011535432711586191,25.158893585205078,0.02075536848204984,82.14115142822266,0.013333401987998261,50.29860305786133,73.85333333333334,1.92,114.70052,96.12388,4.34,6.779999999999999,1551.5106739130435
2024-12-02,9.987113952636719,50034400,-0.034608328603371485,-0.09016402208962204,-0.12112938883800306,-0.09617018237154051,4.475161290322581,317.6477741935484,4.096774193548387,13.34,127.1272,4.19,73.9258064516129,68.35,110.50537872314453,591.479248046875,0.008726880900584488,0.001792534126376255,70.90322580645162,0.009724489958546023,56.06999969482422,0.0009226174325269731,198.69581604003906,0.02202121738165319,25.712923049926758,0.010333347110758062,82.98994445800781,-0.006579056639361647,49.96768569946289,73.9258064516129,1.93,116.43464838709677,96.13997741935484,4.325806451612903,6.735,1554.0195217391304
2024-12-03,9.841582298278809,43904300,-0.02402950410997584,-0.07855821037289357,-0.0868762274523538,-0.055126691833548236,4.470322580645162,317.69154838709676,4.0935483870967735,13.3,126.9565,4.23,73.85161290322581,70.15,110.42160034179688,591.7534790039062,-0.0007581384934894908,0.00046363580453046005,70.80645161290323,-0.006420556666862143,55.709999084472656,-0.004608604586994525,197.7801055908203,0.004617172776127498,25.83164405822754,-0.02155491558936673,81.20110321044922,-0.0009458933000293657,49.9204216003418,73.85161290322581,1.95,116.98159677419355,96.12755483870968,4.351612903225806,6.720000000000001,1554.855804347826
2024-12-04,9.768816947937012,66780700,-0.03072638269503125,-0.09776540812295043,-0.07635004457039285,-0.04231937080721759,4.465483870967742,317.7353225806452,4.090322580645161,13.45,126.7574,4.19,73.77741935483871,68.81,111.44661712646484,595.4279174804688,0.009282756104739942,0.006209407476146511,70.70967741935483,0.012565083009210776,56.40999984741211,0.0002448749652534943,197.8285369873047,0.02566073462140217,26.494503021240234,0.01708434998488695,82.58837127685547,-0.008522780893877147,49.49496078491211,73.77741935483871,1.9,117.52854516129032,96.11513225806452,4.377419354838709,6.705,1555.6920869565217
2024-12-05,9.495944023132324,68162000,-0.004789188627868923,-0.06704974551629328,-0.06513394954956797,-0.04150717183181363,4.460645161290323,317.77909677419353,4.087096774193548,13.54,126.4286,4.17,73.70322580645161,68.58,112.35830688476562,594.4481201171875,0.008180506342926774,-0.001645534807012794,70.61290322580645,0.00886367667705179,56.90999984741211,-0.00523590981212263,196.792724609375,-0.012322660763457671,26.168020248413086,-0.007625203198182606,81.9586181640625,-0.021967494391246012,48.40768051147461,73.70322580645161,1.92,118.07549354838709,96.10270967741936,4.403225806451613,6.69,1556.5283695652174
2024-12-06,9.559615135192871,56227000,-0.011417716889583707,-0.05994303861050043,-0.07326359192748033,-0.05771647856944695,4.4558064516129035,317.82287096774195,4.083870967741936,12.77,126.688,4.15,73.62903225806451,68.58,114.72373962402344,595.5750732421875,0.02105258440467428,0.0018957972729021222,70.51612903225806,-0.004217214533654756,56.66999816894531,-0.0038860951315219383,196.02796936035156,0.006049165211264862,26.32631492614746,-0.018151488296929585,80.470947265625,-0.005859438258321692,48.12403869628906,73.62903225806451,1.91,118.62244193548386,96.09028709677419,4.429032258064516,6.677142857142857,1557.364652173913
2024-12-09,9.64147663116455,53230100,-0.05754730969025068,-0.06603796447038979,-0.08962275395380392,-0.07156249353969768,4.441290322580645,317.9541935483871,4.074193548387097,14.19,126.5981,4.2,73.40645161290323,68.65,114.35906219482422,592.5079956054688,-0.003178744263343858,-0.005149775023360559,70.2258064516129,0.012881654853019286,57.400001525878906,0.007604954008709752,197.5187530517578,-0.04584747290921376,25.119319915771484,-0.009640304876383787,79.69518280029297,0.001964657877639997,48.21858596801758,73.40645161290323,1.93,120.26328709677419,96.05301935483871,4.506451612903225,6.638571428571429,1559.8735
2024-12-10,9.605093955993652,45084300,-0.05587126505621565,-0.051136400305371366,-0.08049250218757142,-0.04848738605540237,4.436451612903226,317.9979677419355,4.070967741935483,14.18,126.957,4.22,73.33225806451613,68.85,114.54633331298828,590.6658325195312,0.0016375713001652858,-0.0031090940537520373,70.12903225806451,0.017769975887658163,58.41999816894531,-0.012644511154429106,195.02122497558594,0.01732962746923672,25.554628372192383,-0.006985865237602029,79.13844299316406,-0.006862700810500555,47.88767623901367,73.33225806451613,1.93,120.81023548387097,96.04059677419355,4.532258064516129,6.6257142857142854,1560.7097826086956
2024-12-11,9.468656539916992,60487100,-0.06916419082396863,-0.03266077836103076,-0.06051866697097252,-0.015928520076232244,4.4316129032258065,318.04174193548386,4.067741935483871,13.58,126.8483,4.26,73.25806451612904,70.57,116.55696105957031,595.2319946289062,0.017552964712437946,0.00773053367569565,70.03225806451613,0.008045211150878862,58.88999938964844,-0.01935871394456934,191.24586486816406,0.030197525971256134,26.32631492614746,0.0041519029418575215,79.4670181274414,-0.01085891252193516,47.36766815185547,73.25806451612904,1.96,121.35718387096773,96.0281741935484,4.558064516129032,6.612857142857143,1561.5460652173913
2024-12-12,9.45046615600586,38432600,-0.06256016933998498,-0.03464876040563769,-0.04234841766493114,-0.011052590576426824,4.426774193548387,318.08551612903227,4.064516129032258,13.92,126.9556,4.32,73.18387096774194,70.25,115.59105682373047,592.1649780273438,-0.008286971683709066,-0.005152640700160305,69.93548387096774,-0.005943258239914595,58.540000915527344,0.0005567484042152682,191.3523406982422,-0.016159380741457507,25.900897979736328,0.015275010774391973,80.68087768554688,-0.002994004260236882,47.22584915161133,73.18387096774194,2.0,121.90413225806451,96.01575161290323,4.583870967741936,6.6,1562.382347826087
2024-12-13,9.45046615600586,40560700,-0.049085769136221535,-0.049085769136221535,-0.036573674720461025,0.010813527823513747,4.421935483870968,318.12929032258063,4.061290322580645,13.81,127.3096,4.4,73.10967741935484,71.54,116.04937744140625,592.0475463867188,0.003965017971716334,-0.0001983089932406923,69.83870967741936,-0.00973692664690462,57.970001220703125,-0.012799124625901048,188.9031982421875,-0.01069521551924113,25.623882293701172,-0.009049925654874502,79.95072174072266,-0.00900890494672324,46.80039596557617,73.10967741935484,2.07,122.45108064516128,96.00332903225807,4.609677419354838,6.6171428571428565,1563.2186304347827
2024-12-16,9.08663558959961,96264400,-0.009009104507249566,-0.009009104507249566,0.01901915065740778,0.034747274042435716,4.4074193548387095,318.2606129032258,4.051612903225807,14.69,127.2687,4.39,72.88709677419355,71.03,117.62139892578125,594.5755004882812,0.013546143193820415,0.004269849806811443,69.54838709677419,0.0005174879880140981,58.0,-0.010658919738028239,186.8896942138672,0.0003861014207371394,25.63377571105957,0.010958937051240403,80.82689666748047,-0.006060589758618895,46.51675796508789,72.88709677419355,2.07,124.09192580645161,95.96606129032259,4.687096774193548,6.668571428571428,1565.7274782608695
2024-12-17,9.068445205688477,76208600,0.005015062645165713,-0.03209637989625358,0.046138408073064685,0.035787111810615446,4.402580645161291,318.3043870967742,4.048387096774193,15.87,127.5043,4.4,72.81290322580645,70.31,117.99100494384766,592.1257934570312,0.00314233652585294,-0.004120094133105434,69.45161290322581,-0.0024137825801454627,57.86000061035156,-0.008287718414177414,185.34080505371094,-0.007333021267711182,25.445802688598633,-0.0015977696355429227,80.69775390625,-0.011178940878650345,45.99674987792969,72.81290322580645,2.09,124.63887419354838,95.95363870967742,4.712903225806452,6.685714285714285,1566.5637608695652
2024-12-18,8.813764572143555,84199500,0.03921573719349114,0.019607760393910212,0.035087690823815354,0.09235988436146592,4.397741935483872,318.3481612903226,4.04516129032258,27.62,127.6418,4.5,72.73870967741935,70.8,112.67369842529297,574.4784545898438,-0.04506535494875408,-0.029803361147563545,69.35483870967742,-0.020912531484767682,56.650001525878906,-0.024077974757327092,180.878173828125,-0.034992240795225005,24.555397033691406,-0.016803854624884318,79.34172058105469,-0.029804677016616377,44.625831604003906,72.73870967741935,2.18,125.18582258064515,95.94121612903226,4.7387096774193544,6.702857142857143,1567.4000434782608
2024-12-19,8.859243392944336,81659000,0.029774080449191054,0.018480578798418357,0.04312117111734759,0.09099335923329233,4.392903225806452,318.39193548387095,4.041935483870968,24.09,128.6366,4.57,72.66451612903226,70.1,112.52092742919922,574.3019409179688,-0.0013558709639325262,-0.0003072589937267445,69.25806451612904,0.006354753503225341,57.0099983215332,-0.0031576597734847,180.30702209472656,0.014504392540060973,24.911558151245117,-0.009417588075093741,78.59451293945312,-0.004237419256010733,44.43673324584961,72.66451612903226,2.28,125.73277096774193,95.9287935483871,4.764516129032258,6.72,1568.2363260869565
2024-12-20,8.98658275604248,87705500,0.0,-0.012145559085291913,0.02429164878068457,0.0765793476997787,4.388064516129033,318.43570967741937,4.038709677419354,18.36,127.893,4.52,72.59032258064516,69.71,112.80674743652344,581.1998901367188,0.0025401497646209137,0.012011014985817914,69.16129032258064,0.03245048839300879,58.86000061035156,0.010039689078102931,182.11724853515625,0.06433671793165385,26.514286041259766,0.004108026566901568,78.9173812866211,0.0,44.43673324584961,72.59032258064516,2.23,126.2797193548387,95.91637096774194,4.790322580645161,6.738571428571428,1569.0726086956522
2024-12-23,9.004773139953613,50646600,0.0,-0.016161400709093998,0.04848494348079657,0.032679921996901395,4.373548387096775,318.5670322580645,4.029032258064516,16.78,128.3021,4.59,72.36774193548388,69.5,113.1489028930664,584.6803588867188,0.0030331116206989694,0.0059884194905495125,68.87096774193549,0.01036358484583988,59.470001220703125,0.002391992919117847,182.55287170410156,-0.03992526646410266,25.45569610595703,-0.002688455053380001,78.70521545410156,0.0031915670793520867,44.578556060791016,72.36774193548388,2.27,127.92056451612902,95.87910322580646,4.8677419354838705,6.794285714285714,1571.581456521739
2024-12-24,9.113924026489258,29083100,-0.0369262550590469,-0.0369262550590469,0.005987981971073086,0.00176128811773002,4.368709677419355,318.6108064516129,4.025806451612903,14.27,128.3377,4.59,72.29354838709678,70.87,115.76569366455078,591.1790771484375,0.023126965481560458,0.011114993282984376,68.7741935483871,0.008071288588930248,59.95000076293945,0.004242386502264939,183.32733154296875,0.002331914393670864,25.515056610107422,0.017932542009780894,80.1166000366211,0.006362655625307578,44.8621940612793,72.29354838709678,2.24,128.4675129032258,95.8666806451613,4.893548387096774,6.812857142857142,1572.4177391304347
2024-12-26,9.159402847290039,35922700,-0.01886805222227894,-0.035749812844831474,0.013902583522223733,0.02857763113095868,4.359032258064516,318.6983548387097,4.019354838709678,14.73,128.3329,4.58,72.14516129032258,70.38,115.33614349365234,591.2184448242188,-0.003710513514851188,6.659179477574995e-05,68.58064516129032,0.002001650214472628,60.06999969482422,-0.00015855788070118226,183.2982635498047,-0.005040801397119488,25.38644027709961,0.029015498746172153,82.44122314453125,-0.0031612991274497793,44.72037124633789,72.14516129032258,2.23,129.56140967741933,95.84183548387097,4.94516129032258,6.85,1574.090304347826
2024-12-27,9.123019218444824,52899900,-0.010966970197818782,-0.024925207859898935,0.012961183352308225,0.023413528013640494,4.354193548387097,318.74212903225805,4.016129032258064,15.95,128.45,4.62,72.07096774193549,71.28,113.43032836914062,584.9949951171875,-0.016524005977507028,-0.01052648096742248,68.48387096774194,0.004494763761201392,60.34000015258789,-0.004436245669663608,182.485107421875,-0.022603184449119684,24.812625885009766,-0.014993795887665584,81.20511627197266,-0.002114017386242617,44.625831604003906,72.07096774193549,2.28,130.10835806451612,95.82941290322582,4.970967741935484,6.8585714285714285,1574.9265869565218
2024-12-30,8.98658275604248,47116700,-0.012145559085291913,0.0070851305539623155,0.020242987589560446,0.06090088044134023,4.339677419354839,318.87345161290324,4.006451612903226,17.4,128.8205,4.55,71.84838709677419,71.73,111.60845184326172,578.3192138671875,-0.016061634944314895,-0.011411689511399481,68.19354838709677,-0.0038117259140654225,60.11000061035156,-0.0067369915941877245,181.25570678710938,-0.0011962522451829383,24.782943725585938,-0.024764375076864575,79.19412231445312,-0.01059333443547894,44.15309524536133,71.84838709677419,2.24,131.74920322580644,95.79214516129032,5.048387096774193,6.884285714285714,1577.4354347826086
2024-12-31,9.004773139953613,54104200,-0.016161400709093998,0.011111300568120486,-0.0010098293944338366,-0.004872069389841749,4.3348387096774195,318.9172258064516,4.003225806451613,17.35,129.2775,4.58,71.7741935483871,72.44,110.76911163330078,576.2152709960938,-0.00752040007812016,-0.0036380303829519622,68.09677419354838,0.006155363968188832,60.47999954223633,-0.0005876027273521434,181.14920043945312,-0.00518955777548602,24.65433120727539,-0.0005822661985416255,79.14801025390625,0.0074946850693540235,44.4840087890625,71.7741935483871,2.24,132.29615161290323,95.77972258064517,5.074193548387097,6.892857142857143,1578.2717173913043
2025-01-02,8.77738094329834,67156200,0.0,0.05492238979520425,0.052849865234294136,0.02518886049829039,4.33,318.9841612903226,4.006451612903226,17.93,129.4598,4.57,71.4741935483871,73.79,109.31259155273438,574.799560546875,-0.013149153758569398,-0.002456912408398071,68.09677419354838,-0.002976195544612703,60.29999923706055,-0.020413595451538313,177.4512939453125,0.0036115664820512983,24.743371963500977,0.004312186285676312,79.48931121826172,-0.006376178950805778,44.20037078857422,71.4741935483871,2.23,132.31797096774193,95.80562580645162,5.103225806451612,6.91,1579.6182999999999
2025-01-03,8.98658275604248,77245900,-0.017206412104702085,0.05566810974927083,0.013157963157618191,-0.03421437603170496,4.33,319.00732258064517,4.012903225806451,16.13,129.4535,4.6,71.2483870967742,74.64,111.52452087402344,581.9864501953125,0.020234899656751626,0.012503297047756545,68.19354838709677,0.0038142544800394695,60.529998779296875,0.009710349106853533,179.17440795898438,-0.025189990050608735,24.120086669921875,-0.029592594096281344,77.13701629638672,-0.002139060601567544,44.1058235168457,71.2483870967742,2.26,131.79284193548386,95.84395161290323,5.106451612903226,6.912857142857143,1580.1286
2025-01-06,9.022967338562012,63840800,-0.014113014673404756,0.011088578305632923,-0.06653231538651216,-0.0953643946418593,4.33,319.0768064516129,4.032258064516129,16.04,128.538,4.62,70.57096774193549,74.31,111.96395111083984,585.3390502929688,0.003940211832990315,0.005760615382937484,68.48387096774194,0.014042661588638428,61.380001068115234,0.01593834432458041,182.0301513671875,-0.010254334378839158,23.872751235961914,0.01375272822727025,78.19786071777344,0.010718143461594387,44.578556060791016,70.57096774193549,2.28,130.21745483870967,95.95892903225807,5.116129032258065,6.921428571428572,1581.6595
2025-01-07,8.877435684204102,62404000,0.019467128802344025,0.040983530830303705,-0.05327884790366311,0.005169591432327758,4.33,319.0999677419355,4.038709677419355,17.82,128.613,4.67,70.34516129032258,74.99,109.79645538330078,578.7223510742188,-0.01935887136917247,-0.011304045433904064,68.58064516129032,0.007168436283028212,61.81999969482422,-0.007179496120885975,180.7232666015625,-0.012018187313606488,23.585844039916992,-0.005780351332497546,77.745849609375,0.007423155277840543,44.90946960449219,70.34516129032258,2.29,129.6923258064516,95.99725483870968,5.119354838709677,6.924285714285714,1582.1698
2025-01-08,8.859243392944336,61678800,0.027720706726561684,0.03901442367208885,-0.05133477365524208,-0.03093494976635136,4.33,319.1231290322581,4.04516129032258,17.7,129.0785,4.67,70.11935483870968,73.99,110.10749053955078,579.5678100585938,0.0028328342218715274,0.0014609060507264626,68.6774193548387,-0.016499522206388284,60.79999923706055,0.005463665623089753,181.71067810058594,0.014261783026134678,23.92222023010254,-0.0010679759897251895,77.6628189086914,0.005263087258811527,45.14583206176758,70.11935483870968,2.27,129.16719677419354,96.03558064516129,5.12258064516129,6.927142857142857,1582.6801
2025-01-10,8.77738094329834,73373400,0.05492238979520425,0.07564763540430408,-0.04559586629407941,-0.00156447083368505,4.33,319.16945161290323,4.058064516129033,19.54,129.8664,4.77,69.66774193548387,77.27,109.02622985839844,570.7193603515625,-0.009820046536833549,-0.015267324294868434,68.87096774193549,-0.023848697058134305,59.349998474121094,-0.015182988482852378,178.95176696777344,0.0037220941605387026,24.011260986328125,-0.010927635275130076,76.81414794921875,-0.014659676042731551,44.4840087890625,69.66774193548387,2.34,128.1169387096774,96.11223225806452,5.129032258064516,6.945714285714286,1583.7006999999999
2025-01-13,8.831955909729004,66023000,0.07415038391737716,0.03810505090337668,-0.04943355328492882,0.03267981337174253,4.33,319.238935483871,4.077419354838709,19.19,130.0413,4.79,68.99032258064517,79.57,109.64340209960938,571.6043090820312,0.00566076844088359,0.001550584739097749,69.16129032258064,0.021230028114994415,60.61000061035156,0.016769495138168944,181.95269775390625,-0.015657310425380766,23.63530921936035,0.01248954131152158,77.77352142333984,0.011689689994593966,45.00401306152344,68.99032258064517,2.34,126.54155161290322,96.22720967741935,5.138709677419355,6.992857142857143,1585.2316
2025-01-14,8.895626068115234,45419900,0.025562354868381876,0.04396724179704847,-0.04396724179704836,-0.002165261896236337,4.33,319.26209677419354,4.083870967741936,18.71,129.3812,4.78,68.76451612903226,78.2,109.43108367919922,572.3908081054688,-0.001936445023999367,0.0013759501300831811,69.25806451612904,0.01418908763720883,61.470001220703125,0.007182216843172329,183.259521484375,0.025952433195453484,24.248703002929688,-0.017910068255317824,76.3805923461914,0.0,45.00401306152344,68.76451612903226,2.34,126.01642258064516,96.26553548387098,5.141935483870967,7.008571428571429,1585.7419
2025-01-15,9.050253868103027,68674400,0.021105537805065744,0.021105537805065744,-0.04723632408800993,-0.024403050871354637,4.33,319.28525806451614,4.090322580645162,16.12,129.2092,4.66,68.53870967741936,80.73,112.21574401855469,582.802490234375,0.02544670349348621,0.01818981364038219,69.35483870967742,-0.009435526590803822,60.88999938964844,0.00485982793143358,184.15013122558594,0.017543826530066475,24.674118041992188,0.004951676381133918,76.75880432128906,0.009453756938315516,45.42947006225586,68.53870967741936,2.24,125.49129354838709,96.30386129032259,5.145161290322581,7.024285714285714,1586.2522
2025-01-16,9.104827880859375,45770000,0.010989091561168784,0.006993010655377718,-0.041599002168615784,-0.006522815714587349,4.33,319.3084193548387,4.096774193548387,16.6,129.436,4.61,68.31290322580645,79.35,111.60845184326172,581.6817016601562,-0.0054118268394901525,-0.0019231018964384061,69.45161290322581,0.00722618567608424,61.33000183105469,0.005309458213527352,185.12786865234375,0.0044105196955182,24.782943725585938,-0.012017775692704347,75.83633422851562,0.00936530439044625,45.85493087768555,68.31290322580645,2.19,124.96616451612903,96.3421870967742,5.148387096774194,7.04,1586.7625
2025-01-17,9.259455680847168,60802700,0.019646227826412455,-0.028487184840259916,-0.05253159283375641,-0.03934405596811208,4.33,319.3315806451613,4.103225806451613,15.97,129.4859,4.61,68.08709677419355,78.56,113.17359924316406,587.5217895507812,0.014023556227626743,0.010040006199192764,69.54838709677419,-0.002771922037616781,61.15999984741211,0.00041829658093028854,185.20530700683594,0.031936213770067834,25.574417114257812,-0.0037709179659598524,75.55036163330078,0.0,45.85493087768555,68.08709677419355,2.2,124.44103548387096,96.3805129032258,5.151612903225806,7.0285714285714285,1587.2728
2025-01-21,9.486848831176758,65670800,-0.03355706384663282,-0.025886834742003262,-0.07029114923456536,-0.04454856920436334,4.33,319.4242258064516,4.129032258064516,15.06,128.4151,4.57,67.18387096774194,76.79,114.00305938720703,592.8995971679688,0.007329095739553093,0.00915337560722529,69.93548387096774,0.010300867718885165,61.790000915527344,0.006167603767296859,186.3475799560547,-0.009671205128740534,25.32708168029785,0.03211237685857671,77.9764633178711,0.009278326072877485,46.28038787841797,67.18387096774194,2.19,122.3405193548387,96.53381612903226,5.164516129032258,6.982857142857143,1589.314
2025-01-22,9.123019218444824,64949200,0.01794614129633154,-0.0019940040845984885,-0.044539517815838536,0.00693997049396633,4.33,319.4473870967742,4.135483870967742,15.1,128.3402,4.6,66.95806451612904,76.12,113.5735092163086,596.232666015625,-0.0037678828375955487,0.005621641275482148,70.03225806451613,0.01521279515748919,62.72999954223633,-0.010233797817395751,184.44053649902344,-0.01367183572770947,24.98081398010254,-0.007216356958361536,77.41375732421875,-0.0071501895051205855,45.9494743347168,66.95806451612904,2.2,121.81539032258064,96.57214193548387,5.167741935483871,6.9714285714285715,1589.8243
2025-01-23,9.241264343261719,56241100,0.0,-0.08858267472762082,-0.049649913190359496,0.022515605508593772,4.33,319.47054838709676,4.141935483870967,15.02,128.2162,4.65,66.73225806451613,75.03,114.25979614257812,599.4868774414062,0.006042667264621215,0.005457955612408583,70.12903225806451,0.018970167948235916,63.91999816894531,0.014853449784260508,187.18011474609375,0.014257386402116268,25.33697509765625,0.020376423013575895,78.99117279052734,0.005144047356251624,46.18584060668945,66.73225806451613,2.23,121.29026129032258,96.61046774193548,5.170967741935484,6.96,1590.3346
2025-01-24,9.20488166809082,42909100,-0.0039526449287600185,-0.08695663435356216,-0.038750652972259325,0.024516116733309,4.33,319.49370967741936,4.148387096774194,14.85,127.4611,4.63,66.50645161290323,74.97,113.56363677978516,597.73681640625,-0.0060927761670804825,-0.002919264959769352,70.2258064516129,-0.0076657990895812045,63.43000030517578,-0.009516072179131085,185.39889526367188,-0.0074189965094514365,25.14900016784668,-0.010510134175480856,78.16096496582031,-0.0010235112730367923,46.13856887817383,66.50645161290323,2.2,120.76513225806451,96.64879354838709,5.174193548387096,6.958571428571428,1590.8449
2025-01-27,9.44136905670166,73082600,-0.04720599297393446,-0.10982654230159561,-0.057853677270276904,-0.0031355577726166484,4.33,319.56319354838706,4.167741935483871,17.9,128.0912,4.53,65.82903225806452,73.51,114.21044158935547,589.281494140625,0.005695527440923387,-0.01414556044324089,70.51612903225806,0.011666370175141605,64.16999816894531,0.02292198169230697,189.6486053466797,0.010228193948132791,25.40622901916504,0.0060191040960244635,78.63142395019531,0.013319692377371739,46.75312042236328,65.82903225806452,2.13,119.18974516129032,96.76377096774193,5.183870967741935,6.954285714285715,1592.3758
2025-01-28,9.168498039245605,92177600,0.00793655664260795,-0.08630959841653729,-0.048254568114994734,0.039851185792356025,4.33,319.58635483870967,4.174193548387097,16.41,128.2817,4.55,65.60322580645162,74.15,114.34867095947266,594.3449096679688,0.0012103041385147506,0.008592524248072664,70.61290322580645,-0.021349524247731178,62.79999923706055,-0.013322513312013506,187.12200927734375,0.08138628146269178,27.473947525024414,0.018066579743145406,80.0520248413086,-0.008088984623920381,46.374935150146484,65.60322580645162,2.13,118.66461612903225,96.80209677419354,5.187096774193549,6.952857142857143,1592.8861
2025-01-29,9.286742210388184,69986900,-0.019588605498849554,-0.095984279905585,-0.03407516337016725,0.012450996651726776,4.33,319.6095161290322,4.180645161290323,16.56,128.3418,4.55,65.37741935483871,72.94,114.02281188964844,591.6805419921875,-0.002849697045798738,-0.0044828644654661964,70.70967741935483,-0.0019108110404872924,62.68000030517578,-0.002017576448876235,186.74447631835938,0.005041424895036339,27.612455368041992,-0.019474621063134245,78.4930419921875,-0.00611619185169654,46.0912971496582,65.37741935483871,2.15,118.13948709677419,96.84042258064515,5.190322580645161,6.951428571428572,1593.3964
2025-01-30,9.241264343261719,69663100,-0.08858267472762082,-0.07972441757459725,-0.0455843490019987,0.03471250446844687,4.33,319.6326774193548,4.187096774193549,15.84,128.1004,4.52,65.15161290322581,73.1,115.1386489868164,594.8560791015625,0.009786086474063538,0.005366979111198988,70.80645161290323,0.0036694247146857872,62.90999984741211,-0.05401485118338989,176.65750122070312,0.020780998445866672,28.186269760131836,0.020801711468628303,80.1258316040039,0.0,46.0912971496582,65.15161290322581,2.14,117.61435806451613,96.87874838709678,5.193548387096774,6.95,1593.9067
2025-01-31,9.168498039245605,103652400,-0.08333337667350715,-0.05952391477851737,-0.06567066093175622,0.053169343823874504,4.33,319.65583870967737,4.193548387096774,16.43,128.4828,4.58,64.9258064516129,72.84,114.6301040649414,591.6903076171875,-0.004416804664203022,-0.005321911628030085,70.90322580645162,-0.00778893148394999,62.41999816894531,0.017754378218439948,179.7939453125,-0.028781971349713387,27.37501335144043,-0.011512958219536351,79.2033462524414,-0.003076997691796479,45.9494743347168,64.9258064516129,2.16,117.08922903225806,96.91707419354839,5.1967741935483875,6.941428571428571,1594.417
2025-02-03,8.99567985534668,131430300,-0.06572307221276219,-0.029970356169112145,0.007619594654908468,0.061916296304306284,4.33,319.6865714285714,4.2,18.62,129.109,4.54,64.15,73.52,113.11434173583984,587.7086181640625,-0.013223073829217169,-0.006729347095712601,70.92857142857143,-0.027875647465738007,60.68000030517578,-0.012868226159503338,177.48031616210938,-0.022406998248584498,26.761621475219727,-0.024225386681739902,77.28461456298828,-0.016460835312861466,45.19310760498047,64.15,2.09,115.46202142857143,96.98642857142858,5.192857142857143,6.9157142857142855,1595.9479
2025-02-04,9.241264343261719,68716500,-0.09350405483166024,-0.05066651063222016,-0.023223333176473293,0.06113939407448865,4.33,319.6903571428571,4.2,17.21,128.1083,4.52,63.875,73.04,114.44744110107422,591.6510620117188,0.011785414163905106,0.0067081606867906984,70.89285714285714,0.011865544118029758,61.400001525878906,-0.003926973223228547,176.78335571289062,0.0014788183451017733,26.801197052001953,0.015158764952962311,78.4561538696289,0.051255150837732355,47.50948715209961,63.875,2.08,114.91098214285714,97.00194285714285,5.189285714285714,6.907142857142857,1596.4582
2025-02-05,9.104827880859375,124187800,-0.07792205887774972,-0.031282365835755055,0.021331599613872543,0.06053416826715208,4.33,319.6941428571428,4.2,15.77,127.9751,4.43,63.6,71.39,113.1489028930664,594.0498657226562,-0.011346153269263692,0.004054423062778145,70.85714285714286,-0.00211728118704424,61.27000045776367,0.01100652409173608,178.7291259765625,0.003691408760288617,26.900131225585938,0.01681359432989371,79.77528381347656,0.016915486481124287,48.313133239746094,63.6,2.01,114.35994285714285,97.01745714285714,5.185714285714286,6.898571428571429,1596.9685
2025-02-06,8.422648429870605,222758300,0.009719210846004245,0.03491014898796818,0.11074406572531692,0.14643050155081871,4.33,319.6979285714286,4.2,15.5,128.2017,4.45,63.325,70.97,113.59819793701172,596.1146240234375,0.003970829875124204,0.0034757322910417,70.82142857142857,0.03606983952931597,63.47999954223633,-0.01597805278014741,175.87338256835938,0.009194510039269854,27.147464752197266,-0.006244174567959226,79.27715301513672,-0.01859092279367114,47.414947509765625,63.325,2.03,113.80890357142857,97.03297142857143,5.182142857142857,6.89,1597.4788
2025-02-07,8.40445613861084,140852700,0.025973959658951662,0.0449737884290089,0.08297242471697985,0.16567648706510396,4.33,319.7017142857143,4.2,16.54,128.4292,4.49,63.050000000000004,71.32,111.37640380859375,590.6580810546875,-0.019558357163816265,-0.009153513013858694,70.78571428571429,0.00976683894700181,64.0999984741211,-0.013925600453512321,173.4242401123047,-0.025145769471000334,26.464820861816406,-0.012217863221254177,78.30855560302734,-0.0009971403617059504,47.36766815185547,63.050000000000004,2.07,113.25786428571428,97.0484857142857,5.178571428571429,6.887142857142857,1597.9891
2025-02-10,8.40445613861084,72168000,0.03826779296404936,0.05279703373910705,0.07179663556424343,0.19629249160672568,4.33,319.7130714285714,4.2,15.81,128.6382,4.51,62.225,72.73,111.756591796875,594.6693725585938,0.003413541605586712,0.006791224284519393,70.67857142857143,-0.001872058264294818,63.97999954223633,0.014233914807851855,175.8927459716797,-0.02429905814609501,25.82175064086914,0.03746022894061696,81.24201202392578,0.0019960296847505443,47.462215423583984,62.225,2.07,111.60474642857143,97.09502857142857,5.167857142857143,6.878571428571428,1599.52
2025-02-11,8.377168655395508,54844600,0.04725618953704758,0.061832643488267,0.06856014129168408,0.20587725683388314,4.33,319.7168571428571,4.2,16.02,128.4322,4.54,61.95,73.67,110.4876708984375,595.12158203125,-0.011354327096372518,0.0007604384781254581,70.64285714285714,0.010628385819605013,64.66000366210938,-0.009411044574417993,174.23741149902344,-0.018773922417390843,25.33697509765625,-0.0006813132263134847,81.18666076660156,-0.0009959061834031724,47.414947509765625,61.95,2.08,111.05370714285715,97.11054285714286,5.164285714285715,6.8757142857142854,1600.0303
2025-02-12,8.395360946655273,67339600,0.05058107450789917,0.03939260998362637,0.088621217756232,0.20894009365258492,4.33,319.7206428571429,4.2,15.89,128.3288,4.62,61.675000000000004,71.72,110.46793365478516,593.204345703125,-0.00017863752119895437,-0.003221587631860312,70.60714285714286,0.01221764988231433,65.44999694824219,0.006667061920479833,175.39906311035156,0.010933182734672586,25.613988876342773,-0.013862030740986686,80.06124877929688,-0.003988159179451833,47.22584915161133,61.675000000000004,2.16,110.50266785714285,97.12605714285714,5.160714285714286,6.872857142857143,1600.5406
2025-02-13,8.504509925842285,72059800,0.024948458810501783,0.05476917901347056,0.09563454395088389,0.20463004443447663,4.33,319.7244285714286,4.2,15.1,127.8931,4.52,61.4,71.66,112.12688446044922,599.4672241210938,0.01501748743529796,0.010557708255736653,70.57142857142857,0.014667788519934666,66.41000366210938,0.009327223869466827,177.03504943847656,-0.001158677192757529,25.58431053161621,0.027422509393176142,82.25672912597656,0.011011090250358402,47.74585723876953,61.4,2.08,109.95162857142857,97.14157142857142,5.1571428571428575,6.87,1601.0509
2025-02-14,8.622753143310547,53778300,0.01851882164375107,0.022876009277991605,0.08387818455381635,0.1936371523131053,4.33,319.7282142857143,4.2,14.77,127.1491,4.47,61.125,71.05,112.07749938964844,599.4376831054688,-0.00044043915996083705,-4.927878362037674e-05,70.53571428571429,0.008884148552264826,67.0,-0.006944563555314476,175.8056182861328,0.014307699521983297,25.950363159179688,0.02164409694557956,84.03710174560547,-0.0029703690150995055,47.604034423828125,61.125,2.04,109.40058928571429,97.15708571428571,5.1535714285714285,6.867142857142857,1601.5612
2025-02-18,8.726076126098633,62175800,0.01399373155318595,-0.018299108388960206,0.09472561282821745,0.1740429514727615,4.33,319.7433571428571,4.2,15.35,127.2906,4.55,60.025,72.21,111.76644897460938,601.1975708007812,-0.002775315444518145,0.0029358976669520143,70.39285714285714,-0.0017910857698810734,66.87999725341797,0.011343045586475586,177.79978942871094,-0.019062047424475925,25.45569610595703,-0.0003292809174763045,84.00942993164062,0.009930514286593528,48.07676696777344,60.025,2.1,107.19643214285715,97.21914285714286,5.139285714285714,6.855714285714286,1603.6024
2025-02-19,8.773041725158691,50191700,0.013918708809601998,0.03319049121766127,0.07173449085415129,0.16449906899523126,4.33,319.7471428571429,4.2,15.27,127.7317,4.53,59.75,72.58,111.7022705078125,602.61328125,-0.0005742194315527804,0.0023548173146026308,70.35714285714286,-0.0032893779955612823,66.66000366210938,-0.0037566874211045764,177.13185119628906,0.013991411433858403,25.811857223510742,0.00032938937911319854,84.03710174560547,0.002949844783431521,48.21858596801758,59.75,2.08,106.64539285714287,97.23465714285715,5.135714285714285,6.852857142857142,1604.1127000000001
2025-02-20,8.82000732421875,39787800,-0.01064978686153617,0.023429012089379864,0.064962683468621,0.13236599265087512,4.33,319.7509285714286,4.2,15.66,127.1126,4.5,59.475,72.88,110.73948669433594,600.1063232421875,-0.008619196450525335,-0.004160143969300423,70.32142857142857,0.01440142561855784,67.62000274658203,0.00704999856570776,178.38063049316406,-0.05864316651182122,24.298168182373047,-0.0017563464652596839,83.8895034790039,0.018627375978553573,49.11677169799805,59.475,2.05,106.09435357142857,97.25017142857142,5.132142857142857,6.85,1604.623
2025-02-21,8.716684341430664,58437700,0.02909484857177813,0.0668102755044635,0.10452581184507048,0.1414153183781457,4.33,319.7547142857143,4.2,18.21,127.1408,4.42,59.2,70.72,107.82644653320312,589.842041015625,-0.026305342819345157,-0.01710410610424462,70.28571428571429,-0.01390124819913241,66.68000030517578,0.0004883513782689697,178.46774291992188,-0.05456024920799818,22.972454071044922,-0.012755688316152924,82.8194351196289,-0.013474486409131292,48.45494842529297,59.2,2.0,105.54331428571429,97.26568571428571,5.128571428571428,6.837142857142857,1605.1333
2025-02-24,8.78243637084961,72562600,0.004277964767708919,0.06524048295090523,0.10053466958379653,0.12418878729319793,4.33,319.7660714285714,4.2,18.98,127.1921,4.4,58.375,71.06,107.42160034179688,587.1580200195312,-0.0037546094156185594,-0.004550406396044981,70.17857142857143,0.001649679211879418,66.79000091552734,0.0009763970129432753,178.64199829101562,0.017657155961276594,23.378082275390625,-0.012029413441846715,81.82316589355469,0.0009756597571408676,48.50222396850586,58.375,1.98,103.89019642857143,97.31222857142856,5.117857142857143,6.798571428571428,1606.6642
2025-02-25,8.848186492919922,88876800,-0.03184717906754864,0.02866211625872661,0.0934183416332579,0.11044982127606007,4.33,319.7698571428572,4.2,19.43,127.3752,4.3,58.1,69.15,106.85873413085938,584.2379150390625,-0.005239786124453194,-0.004973286374205688,70.14285714285714,-0.0020961130068780642,66.6500015258789,0.009970803286308616,180.42320251464844,0.004655111983113525,23.486909866333008,0.015670703382072437,83.10539245605469,0.005847859388369292,48.785858154296875,58.1,1.92,103.33915714285715,97.32774285714285,5.114285714285714,6.785714285714286,1607.1745
2025-02-26,8.895151138305664,87948100,0.019007226359088802,0.012671698665050135,0.045406455627504894,0.08958757583431409,4.33,319.7736428571429,4.2,19.1,127.2822,4.25,57.825,68.87,106.4193115234375,584.5328369140625,-0.004112182415372367,0.0005047975617609168,70.10714285714286,-0.006451617334304438,66.22000122070312,-0.003380266681551336,179.81332397460938,0.016006863785289926,23.86286163330078,0.0035521661576143337,83.40059661865234,-0.010007725437331638,48.29762268066406,57.825,1.89,102.78811785714286,97.34325714285714,5.110714285714286,6.772857142857142,1607.6848
2025-02-27,8.726076126098633,70518800,0.034445637650200256,0.025834337527817164,0.04628657149533222,0.11615992823570487,4.33,319.7774285714286,4.2,21.13,127.9704,4.29,57.550000000000004,70.62,104.88379669189453,575.2025146484375,-0.014428911534583588,-0.015962015606997837,70.07142857142857,-0.013591082894717998,65.31999969482422,-0.0013996652819365796,179.5616455078125,-0.025704954962875948,23.249467849731445,-0.01979868605202062,81.74937438964844,-0.002973319815634423,48.15401840209961,57.550000000000004,1.92,102.23707857142858,97.35877142857143,5.107142857142857,6.76,1608.1951000000001
2025-02-28,8.970294952392578,137992600,0.036649126156863554,0.01884810987327712,0.050261661766975996,0.10277060389732728,4.33,319.7812142857143,4.2,19.63,128.2805,4.24,57.275,69.97,106.62669372558594,584.1788940429688,0.016617409825574025,0.015605598316998925,70.03571428571429,-0.0030618026512029273,65.12000274658203,0.013369758302180346,181.96234130859375,0.018297921877641787,23.674884796142578,0.014556529533122253,82.93936157226562,0.005964294402876158,48.44122314453125,57.275,1.86,101.68603928571429,97.3742857142857,5.103571428571429,6.741428571428571,1608.7054
2025-03-03,8.82000732421875,154435900,0.06070283359975637,0.05644298373089196,0.05857296272844925,0.07834103624737909,4.33,319.8183548387097,4.2,22.78,127.75,4.16,56.69032258064516,68.63,104.66162872314453,573.9441528320312,-0.018429390744297947,-0.01751987501654706,70.45161290322581,-0.017045463199244493,64.01000213623047,-0.010905835128708574,179.97789001464844,-0.027998322330677783,23.012027740478516,-0.035257659165260136,80.0151138305664,0.000988221041477333,48.48909378051758,56.69032258064516,1.8,100.63336774193549,97.38603225806452,5.1258064516129025,6.685714285714286,1610.2363
2025-03-04,8.566396713256836,167500000,0.062499735597524086,0.0910087794981318,0.11293859917675642,0.13362789810162368,4.33,319.83503225806453,4.2,23.51,127.9966,4.22,56.535483870967745,68.47,102.8150634765625,567.1504516601562,-0.017643192343840264,-0.011836867992038314,70.6774193548387,-0.018903341021528353,62.79999923706055,-0.0246881080685587,175.53457641601562,-0.05803954104996878,21.676420211791992,-0.13304113822032793,69.36981201171875,-0.01678191348130087,47.67535400390625,56.535483870967745,1.87,100.38255161290323,97.38414838709677,5.138709677419355,6.667142857142857,1610.7466
2025-03-05,9.064223289489746,157774900,-0.0062173530571274505,0.0538861113235829,-0.011398883921314495,0.07662348689208831,4.33,319.85170967741936,4.2,21.93,126.504,4.28,56.380645161290325,66.58,104.38020324707031,573.2461547851562,0.015222864409013326,0.010747947228388455,70.90322580645162,0.036464922430742064,65.08999633789062,0.013133882147464915,177.84002685546875,0.019625793477638265,22.101837158203125,0.004388151035365606,69.6742172241211,0.011044096692796046,48.20188522338867,56.380645161290325,1.94,100.13173548387097,97.38226451612903,5.151612903225806,6.648571428571429,1611.2569
2025-03-06,9.026651382446289,136680700,-0.008324555500030084,0.04162341140586556,-0.0031216686934041338,0.06632428714661076,4.33,319.8683870967742,4.2,24.87,126.1099,4.29,56.225806451612904,66.62,101.73379516601562,563.0703125,-0.025353544050786936,-0.017751261304090216,71.12903225806451,0.000768214081596108,65.13999938964844,-0.002297398078271451,177.43145751953125,-0.06580125111669866,20.64750862121582,0.04064621341805208,72.50621032714844,0.003972194951896713,48.39335250854492,56.225806451612904,1.95,99.88091935483871,97.38038064516128,5.164516129032258,6.63,1611.7672
2025-03-07,9.29904842376709,150644900,-0.017171688891090442,0.01010105982518894,-0.06666660513299527,0.05148573562324743,4.33,319.88506451612903,4.2,23.37,125.9814,4.32,56.07096774193548,67.29,101.5461654663086,566.2262573242188,-0.0018443202615300303,0.005604885844907148,71.35483870967742,0.02594415807861994,66.83000183105469,0.008443132990739288,178.92953491210938,-0.011020632242737083,20.419960021972656,0.010305219090077422,73.25340270996094,0.017804234533002283,49.25495910644531,56.07096774193548,1.99,99.63010322580645,97.37849677419355,5.177419354838709,6.632857142857143,1612.2775000000001
2025-03-10,9.355406761169434,167183800,-0.004016063438246564,0.029116434442710837,-0.12751014158720997,0.053300787830197205,4.33,319.9350967741936,4.2,27.86,126.268,4.22,55.60645161290323,66.31,97.92216491699219,551.14453125,-0.035688206764624586,-0.026635511651277977,72.03225806451613,-0.037258797320681825,64.33999633789062,0.014026132311177442,181.43922424316406,-0.07558140621001053,18.876590728759766,-0.006926022786094221,72.74604797363281,-0.0029153744470601373,49.11136245727539,55.60645161290323,1.91,98.87765483870969,97.37284516129031,5.216129032258064,6.6414285714285715,1613.8084000000001
2025-03-11,9.101794242858887,210127000,0.026832047995357877,0.06191982060207324,-0.01960776506683881,0.10987316222060883,4.33,319.95177419354843,4.2,26.92,126.0457,4.28,55.45161290322581,66.52,96.96431732177734,546.5628662109375,-0.009781724046101337,-0.008313000999340847,72.25806451612904,-0.01787376090514936,63.189998626708984,-0.03415186243550794,175.24273681640625,0.0010482207831443713,18.896377563476562,-0.05122994618756016,69.01927185058594,-0.02534112863593052,47.866825103759766,55.45161290322581,1.97,98.62683870967743,97.37096129032258,5.229032258064516,6.644285714285714,1614.3187
2025-03-12,9.007867813110352,129994600,0.060479486702252006,0.07403545459107552,-0.0469239422984693,0.12779381021560265,4.33,319.96845161290327,4.2,24.23,125.8664,4.32,55.29677419354839,67.65,97.52717590332031,549.4633178710938,0.00580480115870996,0.005306711888906301,72.48387096774194,0.009020409989110023,63.7599983215332,-0.017152286327175248,172.23692321777344,0.020942362400304226,19.292112350463867,-0.029136480939466747,67.00829315185547,-0.007000079136111004,47.53175354003906,55.29677419354839,1.99,98.37602258064517,97.36907741935484,5.241935483870967,6.647142857142858,1614.829
2025-03-13,8.951508522033691,137747600,0.05036725188963498,0.03882473003046871,-0.020986354954014574,0.12105435805256093,4.33,319.9851290322581,4.2,24.66,126.0031,4.27,55.14193548387097,66.82,95.09307098388672,542.1386108398438,-0.02495822212514942,-0.013330657012063596,72.70967741935483,-0.02493726779241323,62.16999816894531,-0.006607889512487031,171.0988006591797,-0.019487132639545712,18.91616439819336,-0.03221369315936373,64.8497085571289,-0.030211400106772257,46.09575271606445,55.14193548387097,1.98,98.12520645161291,97.36719354838709,5.254838709677419,6.65,1615.3393
2025-03-14,9.139368057250977,91313800,0.02774925020780894,-0.0010276186065750759,-0.0020554459090490473,0.08758361662062497,4.33,320.00180645161294,4.2,21.77,125.6942,4.31,54.98709677419355,67.43,97.11737060546875,553.3369750976562,0.02128756176067803,0.020655906135268243,72.93548387096774,0.017050046718844802,63.22999954223633,0.015634705418138717,173.7738800048828,0.04184091221210795,19.70763397216797,0.016927331955212566,65.94744110107422,0.015576239942567405,46.813751220703125,54.98709677419355,2.01,97.87439032258065,97.36530967741935,5.267741935483871,6.652857142857143,1615.8496
2025-03-17,9.317834854125977,98583100,0.03326609663538793,0.011088630645564423,-0.047379048146975355,0.08618551965527099,4.33,320.05183870967744,4.2,20.51,125.3688,4.31,54.52258064516129,67.84,97.27043151855469,557.6038818359375,0.0015760405386975318,0.007711226486406764,73.61290322580645,-0.009172829678260497,62.650001525878906,0.00604568929296323,174.824462890625,0.048694717510110896,20.66729164123535,0.031892685018261036,68.0506820678711,0.006134969325153339,47.1009521484375,54.52258064516129,2.02,97.12194193548387,97.35965806451613,5.306451612903226,6.661428571428572,1617.3805
2025-03-18,9.346014022827148,102730900,0.03417089744638924,-0.0010049993846942273,-0.05527639472873791,0.06251690049985692,4.33,320.0685161290323,4.2,21.7,125.488,4.29,54.36774193548387,67.49,95.53742980957031,551.5770874023438,-0.01781632590633464,-0.010808379622018083,73.83870967741936,0.0027134583368699783,62.81999969482422,0.0011684257786479524,175.0287322998047,-0.03685956668995105,19.90550422668457,-0.008675672588011607,67.46029663085938,0.008130081300812941,47.48388671875,54.36774193548387,1.99,96.87112580645162,97.35777419354838,5.319354838709677,6.664285714285715,1617.8908000000001
2025-03-19,9.552659034729004,124697400,0.012782866673808124,-0.001966518077979651,-0.053097285939495587,0.0405298597171182,4.33,320.0851935483871,4.2,19.9,125.8006,4.25,54.21290322580646,67.4,97.36917877197266,557.584228515625,0.019173102793883734,0.010890845995021214,74.06451612903226,-0.0014326671923767798,62.72999954223633,-0.004557357221012914,174.23106384277344,0.046222591960285886,20.82558822631836,0.00902506130857672,68.06912994384766,-0.008064516129032251,47.1009521484375,54.21290322580646,1.94,96.62030967741936,97.35589032258065,5.332258064516129,6.667142857142857,1618.4011
2025-03-20,9.402371406555176,109103700,-0.0109890343957324,-0.04695306397611709,-0.053945993656013824,0.07337900281171672,4.33,320.10187096774195,4.2,19.8,125.985,4.24,54.058064516129036,68.55,97.13713073730469,555.9718017578125,-0.002383177485879795,-0.0028918084037365954,74.29032258064517,-0.003985334000069174,62.47999954223633,-0.01150116649371491,172.22720336914062,0.007126001249610159,20.97399139404297,-0.004201096239311641,67.78316497802734,-0.012195121951219523,46.52655029296875,54.058064516129036,1.93,96.3694935483871,97.3540064516129,5.34516129032258,6.67,1618.9114
2025-03-21,9.39297866821289,240638600,-0.02799989278373627,-0.042000042236709945,-0.03500011980605233,0.09068576984323284,4.33,320.1185483870968,4.2,19.28,126.2679,4.25,53.903225806451616,68.52,97.4876708984375,556.1552124023438,0.0036087143862710835,0.00032989199083721665,74.51612903225806,-0.0004801341151834393,62.45000076293945,-0.013950904228391403,169.82447814941406,-0.012264182171421,20.71676254272461,0.0010888656898691007,67.85697174072266,-0.028806502372453524,45.186283111572266,53.903225806451616,1.92,96.11867741935484,97.35212258064516,5.358064516129033,6.667142857142857,1619.4217
2025-03-24,9.627802848815918,102847200,-0.021463460440674265,-0.09853654352149377,-0.04585367535163998,0.06210401225974027,4.33,320.1685806451613,4.2,17.48,126.1956,4.34,53.438709677419354,69.46,101.14244842529297,566.1151733398438,0.03748963836322461,0.017908599461789354,75.19354838709677,0.023378688016591376,63.90999984741211,0.01391898750873466,172.18826293945312,0.023877715427356172,21.2114315032959,0.02868368856874337,69.80335998535156,0.011652456967578662,45.71281433105469,53.438709677419354,1.98,95.36622903225808,97.34647096774194,5.396774193548387,6.658571428571428,1620.9526
2025-03-25,9.665375709533691,83674900,-0.03401362088020565,-0.155490922883061,-0.02235181646434725,0.033325206285105935,4.33,320.1852580645162,4.2,17.15,126.0535,4.31,53.28387096774194,69.48,101.94945526123047,567.4760131835938,0.007978913389006692,0.0024038215328545665,75.41935483870968,0.009075231070915235,64.48999786376953,-0.007457111638677016,170.90423583984375,-0.008395544281087353,21.033349990844727,-0.001338140130585308,69.70995330810547,-0.011518241158141262,45.186283111572266,53.28387096774194,1.96,95.11541290322582,97.34458709677419,5.409677419354838,6.655714285714286,1621.4629
2025-03-26,9.674769401550293,139742100,-0.01456322498842011,-0.07767017183600033,-0.025242956171040887,0.04709765098749297,4.33,320.201935483871,4.2,18.33,126.2364,4.35,53.12903225806452,70.05,100.61764526367188,560.7012939453125,-0.01306343417084499,-0.011938335860707916,75.64516129032258,0.02031330797615416,65.80000305175781,0.012806529778453868,173.09292602539062,-0.015522148063397356,20.706867218017578,0.002814264558598678,69.90613555908203,0.01694906668992191,45.9521484375,53.12903225806452,1.98,94.86459677419356,97.34270322580645,5.422580645161291,6.652857142857143,1621.9732000000001
2025-03-27,9.29904842376709,229032500,-0.0363636307696662,-0.07676756240206528,0.012121312812674478,0.10682706853897228,4.33,320.21861290322585,4.2,18.69,126.3626,4.38,52.9741935483871,70.3,100.6820068359375,559.2122802734375,0.0006396648629269919,-0.002655627315210407,75.87096774193549,-0.05395141165822448,62.25,0.0002811222817573622,173.14158630371094,-0.007166673329426554,20.558467864990234,0.0005345564322101204,69.9435043334961,0.011458333333333348,46.47868347167969,52.9741935483871,1.99,94.6137806451613,97.34081935483871,5.435483870967742,6.65,1622.4835
2025-03-28,9.129976272583008,136868300,-0.014403444350504335,-0.04012357478591366,0.044238590923211474,0.13254279480990916,4.33,320.2352903225807,4.2,21.65,126.4187,4.27,52.81935483870968,69.74,97.55302429199219,547.9507446289062,-0.031077872226405123,-0.020138212342233786,76.09677419354838,-0.026666664215455604,60.59000015258789,-0.012472540115644581,170.98207092285156,-0.04379212878012073,19.65816879272461,-0.032322730998779914,67.6827392578125,-0.007208980747708371,46.143619537353516,52.81935483870968,1.9,94.36296451612904,97.33893548387097,5.448387096774193,6.648571428571429,1622.9938000000002
2025-03-31,9.421156883239746,139951900,-0.07876362298696427,-0.03190418187474009,-0.0019939670804113296,0.1481170939908789,4.33,320.2853225806452,4.2,22.28,126.7075,4.23,52.35483870967742,71.87,97.76097106933594,551.6289672851562,0.0021316281976182516,0.006712688489439067,76.7741935483871,-0.017989769761394103,59.5,0.012516285557041318,173.12213134765625,-0.01711126777536054,19.321792602539062,0.01601116046871076,68.76641845703125,0.006223900535313742,46.43081283569336,52.35483870967742,1.85,93.61051612903226,97.33328387096775,5.487096774193549,6.644285714285714,1624.5247000000002
2025-04-01,9.336621284484863,135388700,-0.12575467380145178,-0.049295838667347214,0.0241447609062857,0.20138236802535436,4.33,320.302,4.2,21.77,126.4338,4.17,52.2,71.61,98.7808609008789,553.1870727539062,0.010432484665272135,0.0028245533885180585,77.0,-0.0058823272961527895,59.150001525878906,0.00893402029943946,174.66880798339844,-0.007168477887469771,19.183284759521484,0.010324682759532688,69.47640991210938,0.011340289276008164,46.95735168457031,52.2,1.84,93.3597,97.3314,5.5,6.642857142857142,1625.035
2025-04-02,9.533873558044434,136908500,-0.0640395695064645,-0.0738916339926684,0.012807753853134374,0.18052451982801632,4.33,320.31260000000003,4.203333333333333,21.51,126.3811,4.2,52.2,72.12,100.65725708007812,556.6878051757812,0.01899554389470315,0.006328297594604848,76.93333333333334,0.027557011181222446,60.779998779296875,0.0056805678645979185,175.66102600097656,0.03249096252512795,19.806568145751953,0.018287004804965923,70.7469253540039,-0.0010192867543576956,46.909488677978516,52.2,1.88,93.42538,97.32862666666666,5.48,6.6414285714285715,1625.5228351648352
2025-04-03,8.960901260375977,220271000,-0.04192860805437437,0.009434040577740888,0.06603775191338279,0.23261172139419117,4.33,320.32320000000004,4.206666666666667,30.02,124.7316,4.06,52.2,67.43,94.57752227783203,529.2538452148438,-0.06040036236442792,-0.04928069145016545,76.86666666666666,-0.0886804787413783,55.38999938964844,-0.02347986092224008,171.53652954101562,-0.1368631207011014,17.095779418945312,-0.17839706949499623,58.12588119506836,-0.02346938584656255,45.80855178833008,52.2,1.78,93.49106,97.32585333333334,5.46,6.64,1626.0106703296703
2025-04-04,8.998473167419434,177466200,-0.02609600275891799,-0.011482173385576666,0.08977039362591577,0.23699680242333732,4.33,320.3338,4.21,45.31,125.8129,4.01,52.2,62.42,90.49796295166016,498.2696838378906,-0.043134554891253285,-0.05854310111696115,76.8,-0.04314857223297053,53.0,-0.03453560625158669,165.61241149902344,-0.04513889818625494,16.324094772338867,-0.028608187866775547,56.46300506591797,-0.03657270300872628,44.133209228515625,52.2,1.83,93.55674,97.32308,5.44,6.637142857142857,1626.4985054945055
2025-04-07,8.679112434387207,274938500,0.05086581715776206,0.044372147268965545,0.11255397793732325,0.2989843978090059,4.33,320.36560000000003,4.22,46.98,126.8282,4.15,52.2,61.05,89.42855834960938,497.3821716308594,-0.011816891421324138,-0.0017811884523963872,76.6,-0.019245291655918373,51.97999954223633,-0.02331867610441718,161.75054931640625,-0.0042423188008871016,16.25484275817871,0.01307082460501463,57.20102310180664,-0.03253804739042854,42.697200775146484,52.2,1.96,93.75378,97.31476,5.38,6.628571428571428,1627.962010989011
2025-04-08,8.162497520446777,199286800,0.08745695612302318,0.12543160713069357,0.18296894298036492,0.3905392441335722,4.33,320.37620000000004,4.223333333333334,52.33,126.8668,4.26,52.2,60.04,87.30461120605469,489.5918273925781,-0.023750211149008882,-0.015662692960500824,76.53333333333333,-0.05040398143435698,49.36000061035156,-0.04029344320504613,155.23306274414062,0.015824634405663618,16.512069702148438,-0.08263926980531056,52.47397232055664,-0.03923758232401764,41.02186584472656,52.2,2.04,93.81946,97.31198666666667,5.36,6.6257142857142854,1628.4498461538462
2025-04-09,8.923328399658203,199663000,-0.010526154915554309,0.058947579019637875,0.09789491864088395,0.25809348250703135,4.33,320.3868,4.226666666666667,33.62,126.628,4.34,52.2,62.63,96.81038665771484,541.0084228515625,0.10888056564646753,0.10501930911064017,76.46666666666667,0.10251210486274975,54.41999816894531,0.058152601393797854,164.26026916503906,0.1749550656803449,19.40093994140625,0.1331672741344212,59.461788177490234,0.052508751458576475,43.175872802734375,52.2,2.07,93.88514,97.30921333333333,5.34,6.622857142857143,1628.9376813186814
2025-04-10,8.585183143615723,163535400,0.05361046062319974,0.09846807736360952,0.17110929452156065,0.31874681536781435,4.33,320.3974,4.23,40.72,125.089,4.4,52.2,60.57,93.02787017822266,517.3019409179688,-0.03907139109841329,-0.043819062573260736,76.4,-0.09187798912593936,49.41999816894531,-0.013502231917050134,162.04238891601562,-0.1024987022792695,17.412368774414062,-0.06127261428046005,55.81840896606445,0.0,43.175872802734375,52.2,2.21,93.95082000000001,97.30644,5.32,6.62,1629.4255164835165
2025-04-11,8.763648986816406,146073700,0.015005410610019032,0.07395505145520609,0.15269760044016167,0.25818033741661006,4.33,320.408,4.233333333333333,37.56,124.0163,4.48,52.2,61.91,93.92894744873047,526.5320434570312,0.00968610018461713,0.01784277577362925,76.33333333333333,-0.030352085301018406,47.91999816894531,0.01860962879051109,165.0579376220703,0.0022727332476293327,17.451942443847656,0.011380792335615952,56.45366668701172,0.03436807095343686,44.65974426269531,52.2,2.28,94.01650000000001,97.30366666666667,5.3,6.65,1629.9133516483516
2025-04-14,9.120582580566406,189955000,-0.006179352094979884,0.0453140985049183,0.11281141960411656,0.17446001641218856,4.33,320.4398,4.243333333333333,30.89,123.6598,4.38,52.2,61.99,94.20125579833984,531.6401977539062,0.002899088694228169,0.009701506983955888,76.13333333333334,0.04549249558587287,50.099998474121094,0.01532304413779606,167.58712768554688,0.010203999106432882,17.630022048950195,0.022008866821316753,57.69614791870117,0.02250812400211699,45.66495132446289,52.2,2.15,94.21354000000001,97.29534666666666,5.24,6.74,1631.3768571428573
2025-04-15,8.876364707946777,125469000,0.03492060149493792,0.059259248117360386,0.15416485317338857,0.19711045116847692,4.33,320.4504,4.246666666666667,30.12,123.776,4.35,52.2,61.74,93.5229721069336,530.151123046875,-0.007200367825862974,-0.0028009069165995104,76.06666666666666,0.012774515445869605,50.7400016784668,-0.016136498348810258,164.8828582763672,0.010101037421094805,17.808103561401367,-0.010038877467908658,57.116943359375,-0.018868006488793165,44.8033447265625,52.2,2.16,94.27922000000001,97.29257333333334,5.22,6.7700000000000005,1631.8646923076924
2025-04-16,8.829400062561035,133804900,0.0702128047955255,0.08297865147337569,0.16570077628747493,0.2045574904326357,4.33,320.461,4.25,32.64,123.2724,4.29,52.2,62.88,91.2158432006836,518.3668212890625,-0.02466911448891984,-0.022228193519776007,76.0,-0.0005913006109905528,50.709999084472656,-0.007964731412302806,163.56961059570312,-0.007222134455086571,17.67949104309082,-0.024697412599219537,55.706302642822266,-0.011752051609000946,44.27681350708008,52.2,2.12,94.34490000000001,97.2898,5.2,6.8,1632.3525274725275
2025-04-17,9.045438766479492,129204600,0.0425751436767976,0.06749725614481239,0.13259162262265112,0.19159183664862733,4.33,320.4716,4.253333333333333,29.65,123.1298,4.34,52.2,65.07,91.7901382446289,519.1065063476562,0.0062960010431718505,0.0014269529379875578,75.93333333333334,0.019719976692056385,51.709999084472656,0.01605707548850721,166.19606018066406,0.006715074583470315,17.79821014404297,0.039242151292402605,57.892337799072266,0.015135133831157832,44.94694900512695,52.2,2.11,94.41058,97.28702666666666,5.180000000000001,6.83,1632.8403626373627
2025-04-21,8.895151138305664,94138900,0.05807815429255503,0.07391756319821008,0.1485132475387687,0.19886768242959718,4.33,320.514,4.266666666666667,33.82,122.3145,4.42,52.2,63.48,89.33943939208984,506.7503662109375,-0.02669893410561963,-0.02380270712392807,75.66666666666667,-0.0139237559225186,50.9900016784668,-0.01065248477642633,164.4256591796875,-0.04168983220931333,17.05620574951172,0.002259139995449466,58.02312469482422,-0.00851978595846592,44.56401062011719,52.2,2.2,94.6733,97.27593333333333,5.1000000000000005,6.8185714285714285,1634.7917032967034
2025-04-22,9.064223289489746,121387100,0.0518136252335335,0.08186541003039927,0.1018568309606569,0.19648205534057617,4.33,320.5246,4.27,30.57,122.4175,4.41,52.2,64.6,92.16641998291016,519.9348754882812,0.0316431422679222,0.02601775974219156,75.6,0.025299020560237473,52.279998779296875,0.03431336884500458,170.06765747070312,0.042923437247689655,17.78831672668457,0.020447569671673715,59.209556579589844,0.02685284640171859,45.76068115234375,52.2,2.14,94.73898,97.27316,5.08,6.815714285714286,1635.2795384615386
2025-04-23,9.186332702636719,158691500,0.02351740470453989,0.05112468450780727,0.08306082033368467,0.16812878974744838,4.33,320.53520000000003,4.273333333333333,28.45,123.0252,4.4,52.2,62.64,94.22600555419922,527.991455078125,0.02234637703917497,0.015495362918822586,75.53333333333333,0.019701656810329204,53.310001373291016,-0.0261969032674374,165.61241149902344,0.027808643626702878,18.28298568725586,0.0014199722577108442,59.29363250732422,-0.004184017056511391,45.569217681884766,52.2,2.11,94.80466,97.27038666666667,5.0600000000000005,6.812857142857142,1635.7673736263737
2025-04-24,9.449337005615234,87031000,0.011928325488769653,0.02186863037107689,0.044847536642838914,0.15679566361617492,4.33,320.5458,4.276666666666666,26.47,122.9251,4.32,52.2,63.55,96.1024169921875,539.1051635742188,0.01991394442491745,0.02104903098185429,75.46666666666667,0.03282686090638087,55.060001373291016,0.01979439954116491,168.89060974121094,0.01190489851912524,18.500642776489258,0.03986124076541464,61.65715026855469,0.014705797409728438,46.239349365234375,52.2,2.02,94.87034,97.26761333333333,5.04,6.81,1636.2552087912088
2025-04-25,9.430549621582031,88682400,0.02390438005276363,0.03884474399331439,0.04187640211280663,0.13989971126487655,4.33,320.5564,4.28,24.84,122.8858,4.29,52.2,63.85,97.83028411865234,543.0003662109375,0.017979434654648685,0.007225311311978455,75.4,0.015800924631047986,55.93000030517578,-0.01653018973357978,166.09881591796875,-0.005347607365821405,18.401708602905273,0.025909215660507634,63.254638671875,-0.012422277749508104,45.66495132446289,52.2,2.02,94.93602,97.26483999999999,5.0200000000000005,6.8028571428571425,1636.743043956044
2025-04-28,9.411765098571777,77051500,0.014969980092109036,0.06825740648626177,0.029779862115031364,0.12192349521240908,4.33,320.58820000000003,4.29,25.15,122.7176,4.23,52.2,63.3,97.86494445800781,543.2073974609375,0.00035429049059532147,0.000381272763119167,75.2,0.006257794961762375,56.279998779296875,-0.003045440832406432,165.5929718017578,0.013978530845649262,18.658937454223633,-0.003396731264304842,63.03977966308594,0.00943396147606923,46.09575271606445,52.2,1.98,95.13306,97.25652,4.96,6.781428571428571,1638.2065494505496
2025-04-29,9.533873558044434,141980300,0.028571397133397403,0.05957322558357814,0.021588596008538907,0.08656234661009488,4.33,320.5988,4.293333333333333,24.17,122.5944,4.19,52.2,61.84,98.55806732177734,546.6292724609375,0.00708244272357339,0.006299389544388578,75.13333333333334,0.024342622180119955,57.650001525878906,0.008752705992950194,167.0423583984375,-0.007953565171507138,18.51053237915039,-0.011855556564097869,62.29240798950195,-0.03115272815294956,44.65974426269531,52.2,1.96,95.19874,97.25374666666666,4.94,6.774285714285714,1638.6943846153847
2025-04-30,9.402371406555176,136406200,0.026972946113443808,0.07946049036316793,0.0520938978107639,0.12203059893594759,4.33,320.6094,4.296666666666667,24.7,122.5921,4.17,52.2,59.55,97.66195678710938,546.8462524414062,-0.009092208877658936,0.00039694175083582195,75.06666666666666,-0.010234174101852234,57.060001373291016,-0.0035522039796522797,166.44898986816406,-0.019775370046935303,18.144479751586914,0.00015021818379779006,62.30176544189453,-0.013933462278697628,44.037479400634766,52.2,1.94,95.26442,97.25097333333333,4.920000000000001,6.767142857142857,1639.1822197802198
2025-05-01,9.562051773071289,126532500,0.009823131373959848,0.07140061704249256,-0.005341524661852337,0.07837720257979375,4.33,320.62,4.3,24.6,123.1405,4.25,52.2,60.59,98.20159912109375,550.7216796875,0.005525614596896933,0.0070868680708551235,75.0,-0.0017525812550219788,56.959999084472656,-0.009935003306167367,164.79531860351562,0.015812263157955586,18.431385040283203,0.005247846042936155,62.62871551513672,-0.013043477130992853,43.463077545166016,52.2,2.0,95.3301,97.2482,4.9,6.76,1639.670054945055
2025-05-02,9.655981063842773,82228700,0.014591561704014655,0.06591328618285575,0.005708921356282426,0.08071758799727013,4.33,320.6462903225806,4.293548387096774,22.68,122.4962,4.33,52.4741935483871,59.67,99.72647094726562,558.896728515625,0.015527973473135948,0.014844247338807959,75.06451612903226,0.035287959419549875,58.970001220703125,0.011864601066701175,166.75054931640625,0.05045639433265103,19.361366271972656,0.01536411036304508,63.59095001220703,0.026431540204421955,44.611873626708984,52.4741935483871,2.06,95.77875806451613,97.25888387096774,4.890322580645162,6.76,1640.15789010989
2025-05-05,9.552659034729004,105766300,0.05250148027956136,0.072454081383579,0.021574793826582894,0.10338066800316947,4.33,320.7251612903226,4.274193548387097,23.64,122.2613,4.36,53.29677419354839,58.5,98.66698455810547,555.6918334960938,-0.01062392340866447,-0.005734324171199123,75.25806451612904,-0.0032220186107023707,58.779998779296875,-0.0028584856523017343,166.27389526367188,-0.0005109875625213256,19.351472854614258,-0.0060231604273692785,63.20793151855469,-0.0010728759565735713,44.56401062011719,53.29677419354839,2.08,97.12473225806451,97.29093548387097,4.861290322580645,6.76,1641.6213956043957
2025-05-06,9.806269645690918,131814000,0.03014066747002886,0.041802774176501245,-0.018450649586452594,0.08942245161471019,4.33,320.7514516129032,4.267741935483871,24.76,122.0417,4.3,53.57096774193548,60.42,97.8055191040039,551.047119140625,-0.008731040661268397,-0.00835843551316362,75.3225806451613,-0.010037430500861033,58.189998626708984,-0.004329202565934609,165.55406188964844,-0.001533746412905157,19.321792602539062,-0.014484314026064649,62.29240798950195,-0.013963394528490713,43.94174575805664,53.57096774193548,2.04,97.57339032258065,97.3016193548387,4.851612903225806,6.76,1642.1092307692309
2025-05-07,9.655981063842773,116885100,0.05110898436844136,0.03433056494647424,0.01261764162674095,0.1132872692722886,4.33,320.7777419354839,4.261290322580645,23.55,122.117,4.26,53.84516129032259,59.42,98.56796264648438,553.3645629882812,0.007795506321782275,0.00420552756227166,75.38709677419355,0.01254510327314673,58.91999816894531,0.00863743324616384,166.98402404785156,0.008192546157108405,19.480087280273438,0.02549502035600293,63.88055419921875,-0.007625271669184919,43.6066780090332,53.84516129032259,2.01,98.02204838709677,97.31230322580645,4.841935483870968,6.76,1642.597065934066
2025-05-08,9.655981063842773,107173400,0.06097848598967115,0.030382823557066008,0.020513321935836215,0.11723501066169684,4.33,320.8040322580645,4.254838709677419,22.48,122.7568,4.37,54.11935483870968,61.25,99.73143005371094,557.2202758789062,0.01180370757382243,0.006967762571935099,75.45161290322581,0.037169085360911014,61.11000061035156,0.00792253641785301,168.3069610595703,0.028440810184804377,20.034116744995117,0.015209092324905304,64.85211944580078,0.006586080989192,43.89387512207031,54.11935483870968,2.08,98.4707064516129,97.3229870967742,4.832258064516129,6.76,1643.0849010989011
2025-05-09,9.796876907348633,76350700,0.050583630315873984,0.00778202957916907,0.031128313006131725,0.09820992779941529,4.33,320.83032258064515,4.248387096774193,21.9,122.5191,4.37,54.39354838709678,62.37,100.211669921875,556.51025390625,0.0048153312140959414,-0.0012742213508586397,75.51612903225806,0.014072992992343103,61.970001220703125,-0.00473927633902127,167.50930786132812,-0.0029629708614541395,19.974756240844727,-0.008210889572446756,64.31962585449219,-0.005452562704471142,43.654541015625,54.39354838709678,2.08,98.91936451612904,97.33367096774194,4.822580645161291,6.767142857142857,1643.5727362637363
2025-05-12,10.054187774658203,102035800,0.018957314054055097,-0.022748795835554447,0.010426480045681474,0.08067048103974539,4.33,320.9091935483871,4.229032258064516,18.39,123.4863,4.45,55.21612903225807,63.32,105.19230651855469,574.9014892578125,0.049701163552733796,0.033047433039141705,75.70967741935483,0.08003871206663149,66.93000030517578,0.06469212207446051,178.34584045410156,0.09608714230808713,21.894073486328125,0.0656499458751092,68.54220581054688,0.024122894401288564,44.70761489868164,55.21612903225807,2.16,100.26533870967742,97.36572258064515,4.7935483870967746,6.788571428571428,1645.0362417582419
2025-05-13,10.101837158203125,83671000,0.011320887597917828,-0.04056598679221912,-0.0066037016225752865,0.0937382936525919,4.33,320.93548387096774,4.22258064516129,18.22,122.9583,4.49,55.49032258064516,65.04,106.58351135253906,578.6981201171875,0.013225347746690819,0.006603967688927792,75.7741935483871,0.02779023758958088,68.79000091552734,-0.006599804775346607,177.16879272460938,0.027564466668989818,22.49757194519043,0.005451825051836723,68.91588592529297,-0.018201368568989018,43.89387512207031,55.49032258064516,2.17,100.71399677419355,97.37640645161291,4.783870967741936,6.795714285714285,1645.524076923077
2025-05-14,10.14948844909668,84453100,-0.015962587772997194,-0.04037562567477038,-0.02065734493084803,0.08860325242823364,4.33,320.96177419354837,4.216129032258064,18.62,122.6746,4.53,55.76451612903226,64.48,106.99444580078125,579.4376831054688,0.003855516139667836,0.001277977174232836,75.83870967741936,0.009158267844647794,69.41999816894531,-0.008894633282731657,175.5929412841797,0.010993787561337509,22.744905471801758,-0.005151145091915277,68.5608901977539,0.0010905994481735792,43.94174575805664,55.76451612903226,2.16,101.16265483870968,97.38709032258065,4.774193548387097,6.8028571428571425,1646.0119120879122
2025-05-15,10.24478816986084,71096500,-0.028837212852686478,-0.03441853381713411,-0.012093063781884128,0.07847677794586505,4.33,320.98806451612904,4.209677419354838,17.83,122.8174,4.45,56.038709677419355,63.03,106.75679779052734,582.2679443359375,-0.0022211247366652476,0.004884496319431886,75.90322580645162,-0.019014689277458308,68.0999984741211,0.007534199614361192,176.9158935546875,0.00043497289406913,22.754798889160156,-0.007494313915908379,68.04707336425781,0.014161132001599075,44.56401062011719,56.038709677419355,2.11,101.61131290322581,97.39777419354839,4.764516129032258,6.81,1646.4997472527473
2025-05-16,10.292438507080078,64913000,-0.04074078398102965,-0.07592590121718945,-0.0351851172361598,0.07536059621192837,4.33,321.01435483870966,4.203225806451613,17.24,123.0737,4.43,56.31290322580645,63.84,107.76677703857422,585.9559326171875,0.009460561471959839,0.006333833619255991,75.96774193548387,0.0023495398780395416,68.26000213623047,0.007367806416223033,178.21937561035156,0.016956567221578345,23.140642166137695,0.013179631140749493,68.94390869140625,0.01396356572929669,45.186283111572266,56.31290322580645,2.09,102.05997096774193,97.40845806451613,4.754838709677419,6.817142857142857,1646.9875824175824
2025-05-19,10.24478816986084,60195700,-0.04093018354584099,-0.0520930116521956,-0.029767448528216,0.09167489803758722,4.33,321.09322580645164,4.183870967741935,18.14,122.4186,4.46,57.13548387096775,63.98,107.51428985595703,586.596923828125,-0.0023429037181543766,0.001093923920310047,76.16129032258064,-0.013477963222206402,67.33999633789062,0.001965104665882178,178.56959533691406,0.0,23.140642166137695,-0.029810274111459423,66.888671875,0.0,45.186283111572266,57.13548387096775,2.1,103.40594516129032,97.44050967741936,4.725806451612903,6.838571428571429,1648.451087912088
2025-05-20,10.216198921203613,61063800,-0.05130604442807307,-0.04477626569655657,-0.012126905292817347,0.0862216441208048,4.33,321.11951612903226,4.177419354838709,18.09,122.3199,4.48,57.40967741935484,63.97,106.95484161376953,584.6246948242188,-0.00520347800219878,-0.003362153676216839,76.2258064516129,0.002227525007964859,67.48999786376953,0.0021788919976584165,178.95867919921875,-0.020949096387751776,22.655866622924805,-0.006284765818903804,66.46829223632812,-0.014830591644138025,44.516143798828125,57.40967741935484,2.13,103.85460322580646,97.4511935483871,4.716129032258064,6.845714285714286,1648.9389230769232
2025-05-21,9.987476348876953,89090500,-0.02480905461360794,-0.03625928468002493,0.025763447341011325,0.09562499498693167,4.33,321.1458064516129,4.170967741935484,20.87,121.7496,4.58,57.68387096774194,62.93,104.78632354736328,574.7733154296875,-0.02027508090037755,-0.016850775346555102,76.29032258064517,-0.00785299742291723,66.95999908447266,-0.02092735855588168,175.2135467529297,-0.03755459897582114,21.805034637451172,-0.014054883465952961,65.53408813476562,-0.012903140114005285,43.94174575805664,57.68387096774194,2.23,104.30326129032258,97.46187741935485,4.7064516129032254,6.852857142857143,1649.4267582417583
2025-05-22,9.949357032775879,94081100,-0.005747049864670117,-0.01724134129972832,0.02777777511519841,0.1396220540941775,4.33,321.17209677419356,4.164516129032258,20.28,122.0429,4.54,57.958064516129035,62.55,105.23685455322266,575.0001831054688,0.004299521069233148,0.00039470808698149895,76.35483870967742,0.00014937479640431128,66.97000122070312,0.0009994953319292232,175.388671875,0.017695058780883732,22.190876007080078,0.008695663309616464,66.10395050048828,-0.0024304055928150436,43.8349494934082,57.958064516129035,2.2,104.7519193548387,97.47256129032259,4.696774193548387,6.86,1649.9145934065934
2025-05-23,9.873116493225098,80519000,-0.03667946749803652,-0.0019304118640205425,0.011582954149313318,0.15624793230528078,4.33,321.1983870967742,4.158064516129032,22.29,121.3837,4.51,58.23225806451613,62.89,104.29122924804688,571.0752563476562,-0.008985685758001627,-0.006825957405117156,76.41935483870968,-0.013588228244321043,66.05999755859375,-0.015252466619895544,172.71356201171875,-0.008024901993311184,22.01279640197754,-0.011871251677991412,65.3192138671875,-0.007752020286363237,43.495140075683594,58.23225806451613,2.18,105.20057741935484,97.48324516129033,4.687096774193548,6.864285714285715,1650.4024285714286
2025-05-27,9.825467109680176,89066800,-0.011639223667392118,0.028127929739917068,0.031037832718238567,0.16382122868372306,4.33,321.3035483870968,4.132258064516129,18.96,121.6099,4.43,59.329032258064515,61.61,107.3707046508789,582.9482421875,0.02952765467465901,0.020790580064312447,76.6774193548387,0.035422404689155806,68.4000015258789,0.0214025039058372,176.41006469726562,0.06067414172633412,23.348403930664062,0.03289474298956252,67.4678726196289,0.023437487666626566,44.514556884765625,59.329032258064515,2.11,106.99520967741935,97.5259806451613,4.648387096774194,6.881428571428572,1652.3537692307693
2025-05-28,9.692046165466309,102335600,0.006882913813422542,0.048180888682078926,0.06194691310417255,0.18681782772091315,4.33,321.3298387096774,4.1258064516129025,19.31,121.9888,4.47,59.60322580645162,62.54,106.38549041748047,579.5758056640625,-0.009175819760165571,-0.005785138850033289,76.74193548387096,-0.0100877547662801,67.70999908447266,-0.019795938314415173,172.91786193847656,-0.02542379527383065,22.754798889160156,-0.009692588013613723,66.81393432617188,-0.015267082027048295,43.8349494934082,59.60322580645162,2.15,107.44386774193549,97.53666451612904,4.638709677419355,6.885714285714285,1652.8416043956045
2025-05-29,9.739696502685547,101642200,-0.01174152623195257,0.030332684083482553,0.06164384500566533,0.1611793108499402,4.33,321.3561290322581,4.119354838709677,19.18,121.5617,4.43,59.877419354838715,61.66,106.43003845214844,581.863525390625,0.0004187416394205723,0.003947231240857718,76.80645161290323,0.005612129058573778,68.08999633789062,0.010632133066898364,174.75634765625,0.006956540398596278,22.91309356689453,-0.07270684022127027,61.95610427856445,0.005537082755312062,44.077667236328125,59.877419354838715,2.11,107.89252580645162,97.54734838709678,4.629032258064516,6.89,1653.3294395604396
2025-05-30,9.89217758178711,152191600,-0.011560731535665725,0.004816875066279813,0.09344895735922187,0.14913841140686612,4.33,321.3824193548387,4.112903225806451,18.57,121.7674,4.41,60.15161290322581,61.46,105.85078430175781,581.2127685546875,-0.005442581425459725,-0.0011184011499958402,76.87096774193549,-0.018798631930379228,66.80999755859375,-0.010687312972022966,172.888671875,0.002590680476081797,22.972454071044922,-0.0006032107658560104,61.918731689453125,0.0033039380698549614,44.223297119140625,60.15161290322581,2.07,108.34118387096774,97.55803225806453,4.619354838709677,6.884285714285714,1653.8172747252747
2025-06-02,9.51097583770752,170340800,0.036072163378231714,0.0641281678968404,0.17935870929664866,0.19011888220783746,4.33,321.4594666666667,4.1066666666666665,18.36,121.1881,4.46,60.733333333333334,63.27,106.09832763671875,584.4866333007812,0.0023386065261004063,0.005632816282124864,77.23333333333333,-0.022601325580226872,65.30000305175781,-0.008721114958370468,171.38088989257812,0.01378125969866617,23.289043426513672,0.03002398281281038,63.77777862548828,-0.00878151678031125,43.8349494934082,60.733333333333334,2.13,109.68824666666667,97.59573,4.596666666666667,6.8671428571428565,1655.2807802197804
2025-06-03,9.711106300354004,121584300,0.04023546296006231,0.022571223548495833,0.1589793331580711,0.15564695993737687,4.33,321.4839333333333,4.113333333333333,17.69,121.4592,4.46,60.76666666666667,64.1,106.66273498535156,587.8197631835938,0.005319663006992492,0.005702662290135274,77.46666666666667,0.024349100514288846,66.88999938964844,0.019695648480922312,174.75634765625,0.016567506125633402,23.674884796142578,0.02299700184736353,65.24447631835938,0.007751846238152504,44.17475128173828,60.76666666666667,2.14,110.13799333333334,97.61206,4.593333333333333,6.861428571428571,1655.7686153846155
2025-06-04,9.758755683898926,123191200,0.041015667563814695,0.018554750963983846,0.13183609525333106,0.15594240753530042,4.33,321.5084,4.119999999999999,17.61,121.0539,4.37,60.800000000000004,63.57,106.38052368164062,587.6619873046875,-0.0026458284962380674,-0.0002684085986693896,77.7,-0.015099449027454637,65.87999725341797,0.00011193737933123948,174.77590942382812,-0.004178866103716095,23.575950622558594,-0.0024340121360324485,65.0856704711914,-0.003296676915817809,44.02912139892578,60.800000000000004,2.06,110.58774,97.62839000000001,4.59,6.855714285714285,1656.2564505494506
2025-06-05,9.625337600708008,133191400,0.042574095170683446,0.048514708065017675,0.15643554507337742,0.17798535167996343,4.33,321.5328666666667,4.126666666666666,18.48,120.9596,4.4,60.833333333333336,64.06,103.6971206665039,584.8218994140625,-0.02522457045960025,-0.004832859623354335,77.93333333333334,-0.006071553023078269,65.4800033569336,-0.005650982694951345,173.7882537841797,0.007973164383441977,23.763925552368164,0.011339119899180794,65.82368469238281,-0.003307580941555033,43.88349151611328,60.833333333333336,2.11,111.03748666666667,97.64472,4.586666666666666,6.85,1656.7442857142858
2025-06-06,9.777816772460938,105916700,0.01656915819157012,0.04775824790612959,0.1530213647337153,0.15467672000112365,4.33,321.55733333333336,4.133333333333333,16.77,121.161,4.51,60.86666666666667,65.3,105.04377746582031,590.8275146484375,0.012986443506443512,0.010269135339138424,78.16666666666667,0.017715271430144286,66.63999938964844,0.01209775381238698,175.8907012939453,0.010824341742339927,24.021154403686523,0.0363326387441667,68.2152328491211,0.007743358408538903,44.223297119140625,60.86666666666667,2.2,111.48723333333334,97.66105,4.583333333333333,6.848571428571428,1657.2321208791209
2025-06-09,9.854057312011719,63638900,0.027079199220186645,0.03771753209800943,0.1518375399023375,0.12614084102475154,4.33,321.63073333333335,4.153333333333333,17.16,120.9103,4.49,60.96666666666667,65.99,105.88543701171875,591.3599243164062,0.008012464576231615,0.0009011253788435702,78.86666666666666,0.00825334719080506,67.19000244140625,-0.0012787176873289008,175.66578674316406,-0.002883118258745876,23.9518985748291,-0.003697640571799443,67.96299743652344,0.007683859530235537,44.56310272216797,60.96666666666667,2.18,112.83647333333333,97.71004,4.573333333333333,6.844285714285714,1658.6956263736265
2025-06-10,10.101837158203125,87955500,-0.016981000975780702,-0.0113207931918905,0.1113207554294795,0.09182619397191072,4.33,321.6552,4.159999999999999,16.95,121.0485,4.47,61.0,65.66,107.15286254882812,594.712890625,0.011969781424891357,0.00566992481350459,79.1,0.047328474320996294,70.37000274658203,0.0025051177279380443,176.10585021972656,0.01239168691255621,24.248703002929688,0.029690686374991726,69.98086547851562,0.006535895120249657,44.85436248779297,61.0,2.18,113.28622,97.72637,4.569999999999999,6.8428571428571425,1659.1834615384616
2025-06-11,10.159017562866211,93094900,-0.02157596403173634,-0.0028141745479137725,0.11444663422733936,0.11800410833060626,4.33,321.67966666666666,4.166666666666666,17.26,120.587,4.41,61.03333333333334,68.91,106.30626678466797,593.0166015625,-0.007900822656738415,-0.0028522823184768953,79.33333333333333,-0.002557912436411347,70.19000244140625,-0.015214699452997915,173.42645263671875,-0.026111780226446224,23.61552619934082,-0.030169314208988274,67.86959075927734,-0.00865796779160799,44.46601486206055,61.03333333333334,2.14,113.73596666666667,97.7427,4.566666666666666,6.841428571428572,1659.6712967032968
2025-06-12,10.035127639770508,76393300,0.005698024650575784,0.025641015893989705,0.09876538047557482,0.12410723059352091,4.33,321.70413333333335,4.173333333333333,18.02,120.1723,4.36,61.06666666666667,68.73,105.80621337890625,595.37353515625,-0.004703893955514515,0.003974481637680771,79.56666666666666,-0.007266022488832569,69.68000030517578,0.011220714016482614,175.37242126464844,-0.012568190333564155,23.318721771240234,-0.001514197200634948,67.7668228149414,0.008733582870808831,44.85436248779297,61.06666666666667,2.11,114.18571333333334,97.75903000000001,4.5633333333333335,6.84,1660.159131868132
2025-06-13,9.939826965332031,90106200,0.03068073575047614,0.04026849565523749,0.07766056739428606,0.1348849008276578,4.33,321.7286,4.18,20.82,120.3245,4.41,61.1,73.84,104.83089447021484,588.7172241210938,-0.009217973855643602,-0.011180058639001067,79.8,-0.034873712608110896,67.25,-0.026207219621120492,170.77639770507812,-0.04921507319892493,22.17108917236328,-0.04052932940028253,65.02027893066406,-0.015151507420033905,44.17475128173828,61.1,2.13,114.63546000000001,97.77536,4.56,6.835,1660.646967032967
2025-06-16,10.12089729309082,75195200,0.010357850578514238,0.06873836870190231,0.049905818876365915,0.10790103773558246,4.33,321.802,4.199999999999999,19.11,120.1565,4.46,61.2,72.53,105.95970153808594,594.3182983398438,0.010767885493830454,0.009514031506572485,80.5,0.02869888929629405,69.18000030517578,0.010135184035885647,172.5072479248047,0.06381079686952096,23.585844039916992,0.023419395006393895,66.54301452636719,0.009890117102150597,44.61164474487305,61.2,2.16,115.9847,97.82435000000001,4.55,6.819999999999999,1662.1104725274727
2025-06-17,9.9302978515625,100969400,0.005757984117813475,0.12955848412395965,0.07101721825099272,0.1340286143652658,4.33,321.82646666666665,4.206666666666666,21.6,120.5048,4.39,61.233333333333334,75.62,104.13280487060547,589.2398071289062,-0.01724142896744396,-0.008545069578243969,80.73333333333333,-0.022838997168036723,67.5999984741211,-0.01394479734747045,170.10166931152344,-0.023489914704092563,23.031814575195312,-0.025831794491262605,64.82408905029297,-0.01305765230756728,44.02912139892578,61.233333333333334,2.08,116.43444666666667,97.84068,4.546666666666667,6.8149999999999995,1662.5983076923078
2025-06-18,9.939826965332031,82770200,0.0191755198095227,0.13231060696190533,0.08437209527237943,0.14071469635786005,4.33,321.85093333333333,4.213333333333333,20.14,120.7305,4.38,61.26666666666667,75.89,104.18230438232422,589.1510009765625,0.00047534983601238423,-0.0001507130904417897,80.96666666666667,0.0008876507299220293,67.66000366210938,-0.00011509014841781795,170.08209228515625,0.014175295296913415,23.35829734802246,-0.009935712105856642,64.18001556396484,-0.002205082841144068,43.93203353881836,61.26666666666667,2.07,116.88419333333334,97.85701,4.543333333333333,6.81,1663.086142857143
2025-06-20,10.092308044433594,116743400,0.01982999941790986,0.09442873514819494,0.056657127694718534,0.11199642581486957,4.33,321.89986666666664,4.226666666666667,20.62,121.0408,4.38,61.333333333333336,75.72,104.30608367919922,587.7673950195312,0.0011881028895344148,-0.002348474253184407,81.43333333333334,-0.009015675101022413,67.05000305175781,0.008911676310949579,171.59780883789062,0.006776807203705548,23.516592025756836,-0.0035419378253235267,63.952693939208984,-0.008839737076802412,43.54368591308594,61.333333333333336,2.05,117.78368666666667,97.88967,4.536666666666666,6.8,1664.0618131868132
2025-06-23,10.24478816986084,77576500,0.009302356755295449,0.08651173164678894,0.05860466138090237,0.0992166676487527,4.33,321.97326666666663,4.246666666666666,19.83,121.1694,4.34,61.43333333333334,69.36,106.37352752685547,593.572998046875,0.019820932535582703,0.00987738189722287,82.13333333333334,-0.008053704563003583,66.51000213623047,0.022224852331983458,175.4115447998047,0.011358885181330214,23.783714294433594,-0.017031980370794453,62.86345291137695,0.011148240569454293,44.02912139892578,61.43333333333334,2.04,119.13292666666668,97.93866,4.526666666666666,6.784999999999999,1665.5253186813188
2025-06-24,10.225728034973145,77244400,0.05778202058801285,0.10251628055632422,0.04939420112170234,0.10787708745377578,4.33,321.9977333333333,4.253333333333333,17.48,120.3645,4.3,61.46666666666667,65.45,106.96392822265625,600.1304321289062,0.005550259632517429,0.011047392828865465,82.36666666666666,0.029168467143304122,68.44999694824219,-0.0013936429318225363,175.16708374023438,0.06905151731630954,25.426015853881836,0.037215649691427544,65.20295715332031,0.012127912306131527,44.56310272216797,61.46666666666667,2.01,119.58267333333333,97.95499,4.523333333333333,6.779999999999999,1666.013153846154
2025-06-25,9.987476348876953,91927300,0.12309173972378273,0.1364505642709739,0.0944658780966916,0.12463538282845521,4.33,322.0222,4.26,16.76,120.3336,4.29,61.5,65.98,105.70372772216797,600.4666137695312,-0.011781546558995548,0.0005601809583832829,82.6,-0.015193474543456764,67.41000366210938,-0.01412382673838719,172.69305419921875,-0.008560333759547123,25.20836067199707,-0.012202148255814671,64.40734100341797,-0.01416124876411895,43.93203353881836,61.5,2.01,120.03242,97.97132,4.52,6.7749999999999995,1666.500989010989
2025-06-26,10.130428314208984,88416400,0.1110064801924664,0.1081842695766091,0.06114770839774053,0.10781204165789604,4.33,322.0466666666667,4.266666666666667,16.59,119.6451,4.26,61.53333333333334,66.44,106.6761703491211,605.1646118164062,0.00919970040705742,0.007823912169541813,82.83333333333333,0.007862316429375626,67.94000244140625,-0.0036807234600373384,172.0574188232422,0.027080058844888732,25.89100456237793,0.006323502288972049,64.81462097167969,0.017679560985398357,44.70873260498047,61.53333333333334,1.98,120.48216666666667,97.98765,4.516666666666667,6.77,1666.9888241758242
2025-06-27,10.292438507080078,182008200,0.07314820683139733,0.10000005559465719,0.025926012406503718,0.12697041363536798,4.33,322.0711333333333,4.273333333333333,16.32,119.659,4.29,61.56666666666667,66.66,108.4523696899414,608.1713256835938,0.01665038532042651,0.004968423150459644,83.06666666666666,0.012363796109884806,68.77999877929688,-0.0018186486200060248,171.7445068359375,0.041650781919979396,26.969385147094727,-0.0030688437553485493,64.61571502685547,-0.0021715636845542896,44.61164474487305,61.56666666666667,2.0,120.93191333333334,98.00398,4.513333333333334,6.755714285714285,1667.4766593406594
2025-06-30,10.340088844299316,88472200,0.07649776538688169,0.06635939064608487,0.0018432318619667765,0.12924924433027507,4.33,322.1445333333333,4.293333333333333,16.73,119.4088,4.24,61.66666666666667,66.3,107.82722473144531,611.0790405273438,-0.005764235122601269,0.004781078490475821,83.76666666666667,-0.008141866364241857,68.22000122070312,-0.0009109366415268605,171.5880584716797,0.03154806758971618,27.82021713256836,-0.015977805042228344,63.58329772949219,0.0,44.61164474487305,61.66666666666667,1.95,122.28115333333334,98.05297,4.503333333333333,6.712857142857143,1668.940164835165
2025-07-01,10.816591262817383,140150700,0.04229062235662129,-0.009691749739772937,-0.024669772169291226,0.0678949724819693,4.33,322.169,4.3,16.83,119.3436,4.26,61.7,66.64,108.28864288330078,610.8812866210938,0.004279236092783467,-0.00032361428413474336,84.0,0.05057163422030553,71.66999816894531,0.03197125527836553,177.07394409179688,0.01849215600426879,28.334672927856445,0.05243562807250779,66.91732788085938,0.030467883887324687,45.97086715698242,61.7,1.97,122.7309,98.0693,4.5,6.698571428571428,1669.428
2025-07-02,11.216852188110352,122331600,0.011894686849425629,-0.052676385311606566,-0.08071369141355322,0.05648025008582924,4.33,322.20519354838706,4.3,16.64,119.3037,4.3,61.587096774193554,68.66,109.15690612792969,613.6505737304688,0.008018045304756471,0.00453326557880418,83.90322580645162,0.007255536287794406,72.19000244140625,0.012977566538023622,179.37193298339844,0.035265321080117706,29.333904266357422,0.013305000531297129,67.80766296386719,0.02323129217548736,47.0388298034668,61.587096774193554,2.0,122.55827096774195,98.06977419354838,4.496774193548387,6.684285714285714,1669.7744565217392
2025-07-03,11.254971504211426,60311500,-0.002540228762093699,-0.0550380356445469,-0.0728196369792029,0.04861150006189785,4.33,322.2413870967742,4.3,16.38,119.2382,4.35,61.4741935483871,68.13,109.75227355957031,618.4869995117188,0.005454235125928353,0.007881400243543668,83.80645161290323,0.005125295812087094,72.55999755859375,-0.001035616302713649,179.18617248535156,0.010455274823865102,29.64059829711914,0.007123901541976174,68.29071807861328,-0.006191900751823853,46.7475700378418,61.4741935483871,2.02,122.38564193548387,98.07024838709677,4.493548387096774,6.67,1670.1209130434784
2025-07-07,11.04531192779541,73842100,0.02502156607291295,-0.024158750472398682,-0.045729140485254116,0.10786395160220108,4.33,322.38616129032255,4.3,17.79,119.6201,4.4,61.02258064516129,69.16,108.35810089111328,613.8780517578125,-0.012702904671039184,-0.007451971921066947,83.41935483870968,-0.0073042833121499395,72.02999877929688,-0.016044594527275247,176.3112030029297,-0.021695588412254385,28.997528076171875,-0.022052729074658828,66.78472137451172,0.005192093251551677,46.99028778076172,61.02258064516129,2.05,121.69512580645161,98.07214516129032,4.480645161290322,6.698571428571428,1671.5067391304349
2025-07-08,11.131082534790039,74190200,-0.009417924557561297,-0.0419521913784231,-0.04023977135975587,0.10193024443731225,4.33,322.4223548387097,4.3,16.81,119.8371,4.42,60.90967741935484,69.55,107.99095916748047,613.5418090820312,-0.0033882258974042845,-0.0005477352950125081,83.3225806451613,-0.007913365326726152,71.45999908447266,0.010759835084001468,178.20828247070312,-0.016035460239046673,28.53253936767578,0.024535600010372915,68.42332458496094,0.014462801530935154,47.669898986816406,60.90967741935484,2.07,121.52249677419356,98.07261935483871,4.47741935483871,6.7057142857142855,1671.853195652174
2025-07-09,11.274031639099121,63886900,-0.04987320329032785,-0.03803884372093003,-0.046491873108718273,0.021138790860418366,4.33,322.45854838709676,4.3,15.94,119.7311,4.34,60.79677419354839,69.61,108.6309814453125,617.2210083007812,0.0059266283285754895,0.005996656078344209,83.2258064516129,-0.007556687971532305,70.91999816894531,0.007023597279849136,179.45994567871094,-0.00034674156516212307,28.522645950317383,0.0030454768764309748,68.63170623779297,-0.0020366701455413194,47.572811126708984,60.79677419354839,2.01,121.34986774193548,98.07309354838709,4.474193548387097,6.712857142857143,1672.1996521739131
2025-07-10,11.350273132324219,67263000,-0.06381204783481653,-0.054576081381834896,-0.04953828149839046,-0.00103666524837287,4.33,322.49474193548383,4.3,15.78,119.8343,4.35,60.68387096774194,67.78,109.83165740966797,618.9617309570312,0.011052794961259993,0.002820258275139098,83.12903225806451,-0.004794082722347048,70.58000183105469,0.006048505550549921,180.54541015625,0.009365269587612968,28.78976821899414,0.017388762068967445,69.82512664794922,0.003061280047585768,47.71844482421875,60.68387096774194,2.01,121.17723870967743,98.07356774193548,4.470967741935484,6.72,1672.5461086956523
2025-07-11,11.226381301879883,65340700,-0.05263150294001362,-0.026315624045912145,-0.04162996144826492,-0.010659365322670977,4.33,322.53093548387096,4.3,16.4,119.9214,4.43,60.57096774193548,69.63,109.86141967773438,616.7858276367188,0.0002709807788421337,-0.0035154084840562927,83.03225806451613,-0.01841885828891865,69.27999877929688,-0.013107341443164056,178.17893981933594,-0.015120314983374294,28.35445785522461,-0.02618005731787365,67.99710083007812,-0.017294044401581443,46.8931999206543,60.57096774193548,2.06,121.00460967741935,98.07404193548388,4.467741935483871,6.724285714285714,1672.8925652173914
2025-07-14,11.321682929992676,62098100,-0.04797978713143802,-0.05050504795249522,-0.040313705472156514,-0.026664880898982446,4.33,322.63951612903224,4.3,17.2,120.2209,4.43,60.23225806451613,68.19,110.26826477050781,617.9627685546875,0.003703257194080267,0.0019081841138897104,82.74193548387096,0.017321082545909583,70.4800033569336,-0.009659218635392985,176.45787048339844,0.023028606000496943,29.007421493530273,-0.011700848559486499,67.20147705078125,-0.004140807634015142,46.69902420043945,60.23225806451613,2.04,120.48672258064516,98.07546451612903,4.458064516129032,6.737142857142857,1673.9319347826088
2025-07-15,11.026250839233398,65101900,-0.032843585228745975,-0.0423507909020191,0.0020419721321704998,0.01080120139818308,4.33,322.6757096774193,4.3,17.38,120.5105,4.5,60.11935483870968,67.76,108.6905288696289,615.3220825195312,-0.014308159325464254,-0.004273212189356279,82.64516129032258,-0.016742341784518278,69.30000305175781,-0.018121392629049438,173.2602081298828,-0.011937276383603312,28.661151885986328,-0.029316439439833086,65.23136901855469,-0.01871095010083834,45.82524108886719,60.11935483870968,2.09,120.3140935483871,98.07593870967742,4.45483870967742,6.741428571428571,1674.278391304348
2025-07-16,10.711759567260742,107978100,0.012455558153270374,-0.032918171803049345,0.03146136419442369,0.05039550060745568,4.33,322.71190322580645,4.3,17.16,120.4175,4.46,60.00645161290323,67.13,108.88898468017578,617.3792114257812,0.0018258795187657828,0.0033431741923299896,82.54838709677419,0.011976827779361932,70.12999725341797,0.005643966184816884,174.2380828857422,0.002416432405841995,28.730409622192383,-0.02933062269196074,63.318092346191406,0.002118571405262948,45.922325134277344,60.00645161290323,2.05,120.14146451612903,98.0764129032258,4.451612903225807,6.7457142857142856,1674.624847826087
2025-07-17,10.625988960266113,70345300,0.009865504497917232,-0.007174912362121644,0.039787089699059086,0.06887212233681494,4.33,322.7480967741935,4.3,16.52,120.6384,4.47,59.89354838709678,68.76,109.2610855102539,621.1574096679688,0.0034172495149169535,0.006119736739210957,82.45161290322581,0.001996283974495805,70.2699966430664,0.014704260939373492,176.8001251220703,0.014118427466915717,29.136037826538086,0.01226644065370408,64.09477996826172,0.005285397510039314,46.165042877197266,59.89354838709678,2.04,119.96883548387098,98.0768870967742,4.448387096774193,6.75,1674.9713043478262
2025-07-18,10.635519981384277,68812600,0.027777869937378075,-0.030465961230259575,0.04067152605806723,0.06609801104737545,4.33,322.78429032258066,4.3,16.41,120.356,4.44,59.78064516129032,68.53,110.22856903076172,620.7024536132812,0.008854785910185958,-0.0007324327901533367,82.35483870967742,-0.02945780267129794,68.19999694824219,-0.012168012612312373,174.64881896972656,0.0033955291664689025,29.234970092773438,-0.0017735323200211983,63.98110580444336,0.0031546314794326236,46.31067657470703,59.78064516129032,2.03,119.7962064516129,98.07736129032259,4.445161290322581,6.748571428571428,1675.3177608695653
2025-07-21,10.778470993041992,65515600,-0.0026525285775690355,-0.03183034293082865,0.03762194915858608,0.06808758343400823,4.33,322.89287096774194,4.3,16.65,119.9961,4.38,59.44193548387097,68.39,110.74952697753906,621.87939453125,0.0047261608434012725,0.001896143492131186,82.06451612903226,0.011730250550670007,69.0,0.002295604888611802,175.04974365234375,0.008121849136430548,29.472412109375,-0.020133180597036948,62.692962646484375,-0.013626861666155676,45.67960739135742,59.44193548387097,1.98,119.27831935483871,98.07878387096774,4.435483870967742,6.744285714285715,1676.3571304347827
2025-07-22,10.664109230041504,79403800,-0.009830060089630499,-0.011617465690120343,0.04059853002947822,0.0858813200956634,4.33,322.929064516129,4.3,16.5,119.681,4.35,59.32903225806452,67.56,111.87081146240234,621.9683227539062,0.010124508117228315,0.0001429991465198288,81.96774193548387,0.014057988705842295,69.97000122070312,0.014859406244388529,177.65087890625,0.0033567753419097013,29.57134437561035,0.02961170176257588,64.54940795898438,0.029755562486873277,47.0388298034668,59.32903225806452,1.96,119.10569032258066,98.07925806451613,4.432258064516129,6.742857142857143,1676.7035869565218
2025-07-23,10.84518051147461,76163200,-0.0448155275467913,-0.014938450558723337,0.008976172696508078,0.11851200088357405,4.33,322.96525806451615,4.3,15.37,119.5697,4.4,59.21612903225807,66.05,112.40168762207031,627.2598266601562,0.00474543942900052,0.008507674286080569,81.87096774193549,0.027726202766339636,71.91000366210938,-0.011063920138306704,175.68536376953125,0.02843768158736304,30.41228485107422,0.004548957405012821,64.8430404663086,0.01238396369719208,47.62135696411133,59.21612903225807,2.03,118.93306129032258,98.07973225806452,4.429032258064517,6.741428571428572,1677.050043478261
2025-07-24,10.730819702148438,63557800,-0.01687394686138033,0.0017762938052341415,0.05663006306389584,0.11873191445492748,4.33,323.0014516129032,4.3,15.39,119.5664,4.43,59.10322580645162,67.16,110.5411376953125,627.4674682617188,-0.016552686762262514,0.00033102965109055305,81.7741935483871,-0.020164156637371367,70.45999908447266,-0.006735010660328999,174.5021209716797,-0.031229687730090716,29.4625186920166,-0.01709044256061254,63.73484420776367,-0.0050969055291748555,47.37863540649414,59.10322580645162,1.98,118.76043225806453,98.08020645161291,4.425806451612903,6.74,1677.3965
2025-07-25,10.930952072143555,52312300,-0.05666966848701105,-0.013077723183539502,0.044352811663372016,0.0902973267862126,4.33,323.0376451612903,4.3,14.93,119.9857,4.4,58.99032258064516,66.38,111.56816101074219,630.1181030273438,0.009290869777914601,0.004224338152491125,81.6774193548387,0.006386667378425859,70.91000366210938,-0.0036985281174967133,173.85671997070312,-0.0010073901822670317,29.432838439941406,0.002229270599490407,63.87692642211914,-0.0020491907222408567,47.28154754638672,58.99032258064516,1.96,118.58780322580645,98.0806806451613,4.422580645161291,6.7371428571428575,1677.7429565217392
2025-07-28,10.74988079071045,54173600,-0.029255415178068067,0.0008508643534499427,0.0637408383041016,0.24342687104326122,4.33,323.1462258064516,4.3,15.03,120.6149,4.42,58.65161290322581,67.81,112.21810913085938,629.9598388671875,0.0058255698958289415,-0.0002511658677887274,81.38709677419355,-0.014666490788563635,69.87000274658203,-0.01929238466214389,170.5026092529297,-0.000672270693741317,29.41305160522461,0.005189802563196233,64.20843505859375,-0.011293570880290038,46.7475700378418,58.65161290322581,1.98,118.06991612903226,98.08210322580645,4.412903225806452,6.728571428571429,1678.7823260869566
2025-07-29,10.559280395507812,58371500,-0.0018051503367710886,0.028977689002952278,0.08934441983026331,0.212821868953329,4.33,323.1824193548387,4.3,15.98,120.9674,4.34,58.538709677419355,70.27,111.44412994384766,628.2982788085938,-0.006897097028334076,-0.0026375650574512743,81.29032258064517,-0.02332910861223969,68.23999786376953,-0.011986691675782257,168.45884704589844,-0.0010090844184941217,29.383371353149414,-0.01991444080795368,62.92975997924805,0.003115239630522293,46.8931999206543,58.538709677419355,1.91,117.89728709677419,98.08257741935485,4.409677419354839,6.725714285714286,1679.1287826086957
2025-07-30,10.359148025512695,79866900,0.03127885539359143,0.06657092928475716,0.09174364967298976,0.22413263276081774,4.33,323.2186129032258,4.3,15.48,121.4042,4.38,58.42580645161291,71.09,110.73959350585938,627.507080078125,-0.006321880195424123,-0.0012592724779846298,81.19354838709677,-0.022860457318712668,66.68000030517578,-0.022348672147465054,164.6940155029297,0.014814789330640954,29.818679809570312,-0.00978325368791344,62.31410217285156,-0.013457502787613929,46.26213455200195,58.42580645161291,1.96,117.72465806451613,98.08305161290323,4.4064516129032265,6.722857142857142,1679.4752391304348
2025-07-31,10.549748420715332,101090900,0.01897034526455066,0.04730138535571493,0.07751206743171557,0.2120866774125576,4.33,323.2548064516129,4.3,16.72,121.721,4.37,58.31290322580645,70.36,109.86141967773438,625.1531372070312,-0.007930079931876666,-0.0037512610547767444,81.09677419354838,0.02939410731107217,68.63999938964844,-0.0038593075556356826,164.05841064453125,-0.012275950172884298,29.452627182006836,-0.011096053030779762,61.62266159057617,-0.018887734747460305,45.38834762573242,58.31290322580645,1.98,117.55202903225806,98.08352580645162,4.403225806451613,6.72,1679.821695652174
2025-08-01,10.311498641967773,73541500,0.0462106897734913,0.07149954820349613,0.09772520229107529,0.2232329762429952,4.33,323.291,4.3,20.38,121.2122,4.23,58.2,68.39,107.2120132446289,614.9066162109375,-0.024115894741549737,-0.01639041762130744,81.0,-0.04356057532571089,65.6500015258789,-0.011623057568771245,162.15155029296875,-0.023513665209159207,28.760087966918945,-0.014448114465193784,60.732330322265625,-0.005347578301844069,45.1456298828125,58.2,1.9,117.3794,98.084,4.4,6.707142857142857,1680.168152173913
2025-08-04,10.435388565063477,56696800,0.03101359513330748,0.060629677605197774,0.07543771884114281,0.21518916775982522,4.319354838709677,323.38332258064514,4.309677419354839,17.52,120.9859,4.22,57.900000000000006,67.33,108.47222900390625,624.2530517578125,0.011754426776800386,0.015199764160073403,80.41935483870968,-0.012033524709301524,64.86000061035156,0.009226797546270982,163.64768981933594,0.02235981411763932,29.40315818786621,0.03275118249193376,62.72138595581055,0.010752657280448163,45.631065368652344,57.900000000000006,1.85,116.19415806451613,98.08044838709678,4.390322580645162,6.668571428571428,1681.2075217391305
2025-08-05,10.5402193069458,58864300,0.030838507481889765,0.06107641170041744,0.07023954732718418,0.19210754109965777,4.315806451612903,323.4140967741935,4.312903225806451,17.85,120.9082,4.22,57.800000000000004,66.2,108.61113739013672,621.0880737304688,0.0012805893960698977,-0.005070024116712868,80.2258064516129,-0.001233454059541228,64.77999877929688,0.0048998514193485665,164.4495391845703,-0.01480481972853298,28.967849731445312,0.011476742386206995,63.44122314453125,-0.002127670246641178,45.53397750854492,57.800000000000004,1.86,115.79907741935484,98.07926451612903,4.387096774193549,6.655714285714286,1681.5539782608696
2025-08-06,10.683170318603516,59519800,0.034221659550749184,0.03874187698109899,0.06134287486399881,0.15626717309479754,4.312258064516129,323.4448709677419,4.316129032258065,16.77,120.5082,4.22,57.7,65.38,110.86859893798828,625.8455200195312,0.020784807176290165,0.007659857740445197,80.03225806451613,0.005248594839335263,65.12000274658203,-0.0032705582486999285,163.9116973876953,-0.0013661896602310541,28.928274154663086,0.00671840380365607,63.86744689941406,0.0031982684311988585,45.67960739135742,57.7,1.88,115.40399677419356,98.0780806451613,4.383870967741935,6.642857142857142,1681.9004347826087
2025-08-07,10.74988079071045,71775000,0.027803596270320252,0.017920936772288565,0.05026442798822961,0.17784147308563725,4.308709677419355,323.47564516129034,4.319354838709677,16.57,120.5043,4.23,57.6,64.9,110.83386993408203,625.3212890625,-0.0003132447260894011,-0.0008376363499652539,79.83870967741936,0.010442264688194758,65.80000305175781,0.014198784094420214,166.23904418945312,-0.007865892402635799,28.700727462768555,0.0017796062085948527,63.98110580444336,0.024442081115624736,46.796112060546875,57.6,1.88,115.00891612903226,98.07689677419356,4.380645161290323,6.63,1682.2468913043479
2025-08-08,10.788000106811523,48465300,0.02417186010160144,0.051029531548603346,0.02864815340966853,0.17457482020481185,4.30516129032258,323.5064193548387,4.32258064516129,15.15,120.3329,4.27,57.5,64.94,111.0273666381836,630.197265625,0.0017458264717873373,0.007797554069860935,79.64516129032258,0.01671730126297777,66.9000015258789,0.004764819257025543,167.03114318847656,-0.022061350340692343,28.067550659179688,0.021021552070820793,65.32608795166016,0.0031120081647826314,46.941741943359375,57.5,1.88,114.61383548387097,98.0757129032258,4.37741935483871,6.622857142857143,1682.593347826087
2025-08-11,10.759027481079102,84333000,0.02872521042563081,0.06104111647419197,0.025134514802700014,0.19953086682826227,4.294516129032258,323.5987419354839,4.332258064516129,16.25,120.6892,4.27,57.2,65.03,111.31513214111328,628.9509887695312,0.0025918429991000913,-0.0019775980053369224,79.06451612903226,-0.0017937629872192273,66.77999877929688,0.0059130029334348855,168.018798828125,0.008459662885614394,28.30499267578125,-0.005509656673036711,64.9661636352539,-0.003102353615002551,46.796112060546875,57.2,1.87,113.4285935483871,98.07216129032258,4.367741935483871,6.601428571428571,1683.6327173913044
2025-08-12,10.865263938903809,63944100,0.02933330875695761,0.05244449359719594,0.04533340706246047,0.1833064968088014,4.290967741935484,323.62951612903225,4.335483870967742,14.73,120.2736,4.29,57.1,64.22,112.49596405029297,635.6468505859375,0.01060800887055291,0.010646078845516938,78.87096774193549,0.07367472684756327,71.69999694824219,0.016587081610857313,170.8057403564453,0.03600135795441073,29.324010848999023,0.0240559138345402,66.52898406982422,0.013485423058989143,47.42717742919922,57.1,1.91,113.03351290322581,98.07097741935485,4.364516129032258,6.594285714285714,1683.9791739130435
2025-08-13,11.048766136169434,63823300,0.004370646648720555,0.041083957656965264,0.020979121176860183,0.17603306762409576,4.287419354838709,323.66029032258064,4.338709677419355,14.49,120.13,4.24,57.0,63.68,114.03897857666016,637.82275390625,0.013716176748148623,0.003423132386020322,78.6774193548387,0.04212000559276152,74.72000122070312,0.027251388588006353,175.46043395996094,0.033738216562042345,30.313350677490234,0.035450105027621914,68.88744354248047,0.01740033379582151,48.25242614746094,57.0,1.87,112.63843225806453,98.0697935483871,4.361290322580645,6.587142857142857,1684.3256304347826
2025-08-14,11.048766136169434,52469200,-0.009615319049178006,0.023601543692095106,0.020979121176860183,0.18929657672096378,4.283870967741936,323.691064516129,4.341935483870968,14.83,120.6446,4.29,56.900000000000006,64.99,113.90996551513672,637.8821411132812,-0.0011313067087558304,9.310926376882023e-05,78.48387096774194,-0.0057548219773936315,74.29000091552734,-0.009307177378853337,173.827392578125,-0.012728430246261802,29.927509307861328,-0.013612146792384539,67.94973754882812,-0.11871231150018446,42.524269104003906,56.900000000000006,1.9,112.24335161290323,98.06860967741936,4.358064516129033,6.58,1684.6720869565218
2025-08-15,11.048766136169434,46141400,0.026223793577317744,0.028846216092552446,0.014860164079647742,0.17426455946417718,4.280322580645161,323.7218387096774,4.345161290322581,15.09,120.3377,4.33,56.800000000000004,63.78,113.6370849609375,636.388671875,-0.0023955810447766623,-0.0023412933863844465,78.29032258064517,-0.001480692004252937,74.18000030517578,-0.016764291141676213,170.91329956054688,-0.016198389434104454,29.442731857299805,-0.0015332952779086861,67.84555053710938,-0.0034246298850268975,42.378639221191406,56.800000000000004,1.95,111.84827096774194,98.06742580645162,4.354838709677419,6.58,1685.0185434782609
2025-08-18,11.068082809448242,37113800,0.03141354534821872,0.02268768020199685,0.01745190262117169,0.16427080908165514,4.269677419354839,323.8141612903226,4.354838709677419,14.99,120.5622,4.34,56.5,64.51,114.09355163574219,636.2501220703125,0.0040168812404999255,-0.00021771255650937515,77.70967741935483,0.020625488986283136,75.70999908447266,-0.014475259026581089,168.4392852783203,0.007056405573527824,29.65049171447754,0.0023734202125529347,68.00657653808594,-0.02863689234953115,41.16504669189453,56.5,1.96,110.66302903225807,98.06387419354839,4.345161290322581,6.58,1686.0579130434783
2025-08-19,11.183978080749512,58020200,0.02245257648190524,0.0034542622137105905,0.013816963583366704,0.12512616980739977,4.266129032258064,323.844935483871,4.358064516129033,15.57,120.7224,4.3,56.4,63.38,114.03897857666016,632.7984008789062,-0.0004783185228229847,-0.00542510102815319,77.51612903225806,0.005679570867462402,76.13999938964844,0.01764877948646215,171.4120330810547,-0.013346651745207883,29.254756927490234,0.03203340274663047,70.18505859375,0.005896209586170986,41.40776443481445,56.4,1.95,110.26794838709678,98.06269032258065,4.341935483870968,6.58,1686.4043695652174
2025-08-20,11.09705638885498,46469900,0.03655354836458624,0.016536200638237464,0.011314179218187004,0.1462644680046341,4.26258064516129,323.87570967741937,4.361290322580645,15.69,120.7757,4.29,56.300000000000004,64.19,112.9127197265625,631.1170654296875,-0.009876086792031002,-0.0026569843521784264,77.3225806451613,-0.013002336113810409,75.1500015258789,0.00228189230241016,171.8031768798828,-0.01048356106741477,28.948062896728516,-0.024696455033080822,68.45173645019531,0.004689263189353143,41.60193634033203,56.300000000000004,1.94,109.8728677419355,98.06150645161291,4.338709677419355,6.58,1686.7508260869565
2025-08-21,10.94252872467041,51779300,0.033539354333896876,0.03618706278058359,0.02912610020870532,0.15173792253195528,4.259032258064516,323.90648387096775,4.364516129032258,16.6,121.0843,4.33,56.2,64.56,112.24291229248047,628.5850830078125,-0.005932081307616022,-0.004011906127353915,77.12903225806451,-0.010379225062667086,74.37000274658203,0.0010814178119353812,171.9889678955078,0.0003417644003915754,28.957956314086914,0.001660479713458507,68.56539916992188,0.009334936654215031,41.99028778076172,56.2,1.94,109.4777870967742,98.06032258064516,4.335483870967742,6.58,1687.0972826086957
2025-08-22,11.338506698608398,58538700,0.0025554099716333933,-0.004258876437155279,-0.0008516911780909187,0.06929507793823775,4.255483870967741,323.93725806451613,4.367741935483871,14.22,120.2774,4.26,56.1,64.08,115.65144348144531,638.2380981445312,0.030367451443908955,0.015356735941821187,76.93548387096774,0.054591870494187233,78.43000030517578,0.014896549864086062,174.55101013183594,0.06935427279210304,30.9663143157959,0.0414420645634519,71.40689086914062,0.00693645115849173,42.281551361083984,56.1,1.85,109.0827064516129,98.05913870967743,4.332258064516129,6.577142857142857,1687.4437391304348
2025-08-25,11.415770530700684,45038800,-0.008460103307326494,-0.027918758614548067,-0.016074363364068533,0.0980017799048194,4.24483870967742,324.0295806451613,4.37741935483871,14.79,120.4214,4.28,55.800000000000004,65.18,115.41825103759766,635.42919921875,-0.002016338377004989,-0.0044010204560761546,76.35483870967742,0.005100108687013494,78.83000183105469,-0.015294017374200997,171.8814239501953,-0.0015974483203756717,30.916847229003906,-0.0141927234139122,70.3934326171875,-0.020665914521617257,41.40776443481445,55.800000000000004,1.87,107.89746451612903,98.0555870967742,4.32258064516129,6.5685714285714285,1688.4831086956522
2025-08-26,11.435087203979492,48613300,-0.018581120244779314,-0.03547299466797127,-0.018581120244779314,0.1072538075375642,4.241290322580645,324.06035483870966,4.380645161290323,14.62,120.5274,4.26,55.7,63.6,115.94912719726562,638.0897827148438,0.004599585896471803,0.004187065214133812,76.16129032258064,0.01331974372667899,79.87999725341797,-0.014507625380834055,169.38783264160156,0.0198400526314102,31.53023910522461,-0.008746009367689656,69.77777099609375,-0.009378710629042608,41.019412994384766,55.7,1.84,107.50238387096775,98.05440322580645,4.319354838709677,6.565714285714286,1688.8295652173913
2025-08-27,11.502693176269531,40381500,-0.019311445856252107,-0.01259442481532902,0.008396338482742793,0.11858211385564976,4.237741935483871,324.0911290322581,4.383870967741935,14.85,120.7274,4.24,55.6,64.49,115.97392272949219,639.5436401367188,0.00021384837321258843,0.002278452752666471,75.96774193548387,0.0008763106814106969,79.94999694824219,0.0002308800800936428,169.42694091796875,0.014747389226713592,31.995227813720703,0.024161723839022375,71.4637222290039,0.007100534706941497,41.310672760009766,55.6,1.81,107.10730322580645,98.05321935483872,4.316129032258065,6.562857142857142,1689.1760217391304
2025-08-28,11.309534072875977,47723700,0.002561787739948418,-0.002561956389569131,0.0324508011109963,0.13941437768374243,4.234193548387097,324.1219032258065,4.387096774193549,14.43,120.2595,4.22,55.5,64.96,116.17239379882812,641.80859375,0.001711342210945821,0.0035415153417788225,75.7741935483871,0.0043778125938167545,80.30000305175781,-0.012582266378615037,167.295166015625,0.00463829070349564,32.14363098144531,-0.03697800327173584,68.82113647460938,0.004700376615575541,41.50484848022461,55.5,1.81,106.71222258064516,98.05203548387098,4.312903225806451,6.56,1689.5224782608695
2025-08-29,11.367481231689453,44069700,-0.00679691749803768,-0.00764652169842317,0.016142731492185813,0.14134118500615966,4.230645161290322,324.15267741935486,4.390322580645162,15.36,120.2082,4.23,55.4,64.36,114.97667694091797,637.98095703125,-0.010292607553398114,-0.0059638290232071345,75.58064516129032,-0.009589093937700466,79.52999877929688,0.003331765758324501,167.85255432128906,-0.01846738647988555,31.55002212524414,0.013487353949726222,69.74935150146484,0.009356772874733466,41.8931999206543,55.4,1.82,106.31714193548387,98.05085161290323,4.309677419354839,6.551428571428571,1689.8689347826087
2025-09-02,11.319191932678223,57704200,-0.019624682145546357,-0.009385768832220753,0.046928338643931644,0.13585293764032835,4.2156666666666665,324.2584098360656,4.401639344262295,17.17,120.6837,4.28,55.050000000000004,65.95,114.11834716796875,633.2533569335938,-0.007465251177769527,-0.0074102526816088865,75.06666666666666,-0.014334206049871123,78.38999938964844,-0.01363243195579067,165.56431579589844,-0.022891129825482914,30.82780647277832,0.011135300557733041,70.52603149414062,-0.024333705971680497,40.873783111572266,55.050000000000004,1.87,104.88947666666667,98.01948333333334,4.286666666666666,6.517142857142857,1691.2547608695652
2025-09-03,11.222610473632812,47728700,-0.017211686846094754,0.0034422863824550287,0.05163523049416363,0.1282173497759982,4.211333333333333,324.27181967213113,4.4032786885245905,16.35,120.5052,4.22,55.0,64.36,114.57976531982422,636.685302734375,0.004043330133202128,0.005419546163007771,75.13333333333334,0.01581831704840253,79.62999725341797,-0.009324705589818905,164.02047729492188,0.005455726966538732,30.995994567871094,0.0057749966789224505,70.93331909179688,-0.008313534426206304,40.53397750854492,55.0,1.82,104.64705333333333,97.99166666666667,4.273333333333333,6.508571428571429,1691.6012173913043
2025-09-04,11.280559539794922,33136700,0.006849290748363934,0.005136904655221652,0.08476027947358444,0.13368049978171404,4.207,324.2852295081967,4.4049180327868855,15.3,120.7629,4.17,54.95,63.81,116.67349243164062,642.0064086914062,0.018273096527752664,0.008357513412322604,75.2,0.010297623045428583,80.44999694824219,0.0013789804419770402,164.2466583251953,0.013724839128196997,31.421409606933594,0.028842343836516404,72.97920227050781,0.0,40.53397750854492,54.95,1.79,104.40463,97.96385000000001,4.26,6.5,1691.9476739130434
2025-09-05,11.338506698608398,47547800,-0.005110651724586357,-0.010221471667852922,0.08177177334282315,0.13219481809084255,4.2026666666666666,324.2986393442623,4.406557377049181,15.18,120.1282,4.1,54.9,62.22,116.64869689941406,640.1469116210938,-0.00021252069951616104,-0.0028963839692857096,75.26666666666667,-0.00012423253219473462,80.44000244140625,0.006166534235334309,165.25949096679688,-0.005982383736472863,31.233434677124023,-0.011421322184970384,72.14568328857422,-0.00598800704590996,40.291259765625,54.9,1.73,104.16220666666666,97.93603333333334,4.246666666666666,6.478571428571429,1692.2941304347826
2025-09-08,11.290217399597168,39734500,-0.0008554184087359307,-0.002566424164374803,0.019674876808176922,0.1275186674562836,4.189666666666667,324.33886885245903,4.411475409836066,15.11,120.0971,4.05,54.75,62.6,117.10018920898438,641.7196044921875,0.00387053024655426,0.0024567686612921857,75.46666666666667,0.023122831351309436,82.30000305175781,0.0019041690434540293,165.5741729736328,-0.0003167572654327877,31.223541259765625,0.01864263945680955,73.49066925048828,-0.009638602582513811,39.90290832519531,54.75,1.7,103.43493666666667,97.85258333333334,4.206666666666666,6.414285714285714,1693.3335
2025-09-09,11.09705638885498,41262700,0.010443870961310386,0.02088782786201615,0.02175805017949739,0.15682916975582994,4.185333333333333,324.3522786885246,4.413114754098361,15.04,120.1569,4.08,54.7,62.97,116.93645477294922,643.203125,-0.0013982422841601894,0.002311789288386157,75.53333333333333,-0.001944151350866341,82.13999938964844,-0.008908523206331065,164.09915161132812,0.00031685763238997744,31.233434677124023,-0.00734643063548257,72.95077514648438,-0.003649510129147271,39.75728225708008,54.7,1.72,103.19251333333334,97.82476666666668,4.193333333333333,6.392857142857142,1693.679956521739
2025-09-10,11.029450416564941,47021300,0.021015688680982025,0.018388846486840693,0.007005316026495567,0.15860532491521773,4.181,324.36568852459015,4.414754098360656,15.35,120.1223,4.04,54.65,64.01,115.53732299804688,645.0625610351562,-0.011964889628465092,0.002890900188266654,75.6,-0.006452383530984873,81.61000061035156,-0.012883561540660282,161.98497009277344,-0.006651841506560285,31.02567481994629,-0.005323263267057121,72.56243896484375,0.0048839330682115545,39.951454162597656,54.65,1.69,102.95009,97.79695000000001,4.18,6.371428571428571,1694.0264130434782
2025-09-11,11.357823371887207,64196100,-0.0017007372492356954,-0.01190482487948108,-0.029762020215556628,0.15349390879127922,4.176666666666667,324.37909836065575,4.416393442622951,14.71,119.9534,4.01,54.6,62.71,117.78486633300781,650.423095703125,0.019452963567443415,0.008310100433307488,75.66666666666667,0.025854681957739434,83.72000122070312,0.023189482666809313,165.74131774902344,0.035395378777674624,32.12384033203125,0.024148282855131376,74.314697265625,0.012150729196525045,40.436893463134766,54.6,1.67,102.70766666666667,97.76913333333334,4.166666666666666,6.35,1694.3728695652173
2025-09-12,11.280559539794922,50100800,-0.0051370737380251885,0.028253398310727595,-0.011986279944987244,0.18044804237620848,4.1723333333333334,324.39250819672134,4.418032786885246,14.76,120.0611,4.06,54.550000000000004,63.02,118.3951187133789,650.2054443359375,0.005181076307763988,-0.000334630440747552,75.73333333333333,-0.011108460243856255,82.79000091552734,-0.01720554265075669,162.8896484375,-0.029565713248859482,31.174076080322266,-0.0330103681753523,71.86154174804688,-0.006002477856971611,40.19417190551758,54.550000000000004,1.7,102.46524333333333,97.74131666666668,4.153333333333333,6.337142857142857,1694.7193260869565
2025-09-15,11.280559539794922,47942400,-0.00171247063454405,0.03510268905909131,-0.0025686214104143623,0.19170684355884138,4.1593333333333335,324.43273770491805,4.422950819672131,15.69,119.5644,4.05,54.4,63.66,119.42213439941406,653.6671142578125,0.008674476593257596,0.0053239632981088025,75.93333333333334,0.00012081333639168967,82.80000305175781,-0.004829446669344595,162.1029815673828,-0.008568792073809228,30.906951904296875,-0.017398171107956273,70.61128234863281,0.0,40.19417190551758,54.4,1.68,101.73797333333333,97.65786666666668,4.113333333333333,6.298571428571428,1695.7586956521739
2025-09-16,11.212952613830566,58065000,0.010336008956904896,0.030146458900358608,0.012919947407781907,0.18930791597254304,4.155,324.4461475409836,4.424590163934426,16.36,119.1348,4.04,54.35,64.89,120.15644073486328,652.7671508789062,0.006148829437207182,-0.0013767915798059693,76.0,0.0038647304713768094,83.12000274658203,0.008371188585091893,163.45997619628906,-0.0012802897826630355,30.867382049560547,-0.006840939142934488,70.12823486328125,0.013285043525648188,40.728153228759766,54.35,1.67,101.49555,97.63005,4.1,6.285714285714286,1696.105152173913
2025-09-17,11.261241912841797,68585900,-0.0025727735854234046,0.05231580109801026,0.0068611247644447815,0.18594318828129586,4.150666666666666,324.4595573770492,4.426229508196721,15.72,119.1582,4.06,54.300000000000004,64.41,119.85379028320312,651.9561767578125,-0.0025188034017085137,-0.0012423635595048,76.06666666666666,-0.0028874577145503455,82.87999725341797,-0.00776027062930984,162.1914825439453,-0.000320575444044624,30.857486724853516,0.006482809550375501,70.5828628540039,-0.013110865111976677,40.19417190551758,54.300000000000004,1.68,101.25312666666667,97.60223333333333,4.086666666666667,6.272857142857142,1696.451608695652
2025-09-18,11.338506698608398,55040100,-0.010221471667852922,0.040885970780751624,0.015332207501779438,0.14684271200137666,4.146333333333333,324.47296721311477,4.427868852459016,15.7,119.6616,4.11,54.25,63.91,119.31298828125,655.0023803710938,-0.004512181055561615,0.0046724054804268,76.13333333333334,0.030043503567579677,85.37000274658203,0.0006062441453551504,162.28981018066406,0.00833602728608418,31.114715576171875,0.002174797277439078,70.73636627197266,0.0036231591772764027,40.33980178833008,54.25,1.73,101.01070333333334,97.57441666666666,4.073333333333333,6.26,1696.7980652173912
2025-09-19,11.222610473632812,71676300,0.03356288707451549,0.09036154714236178,0.03184165890534807,0.15955670407962086,4.1419999999999995,324.4863770491803,4.4295081967213115,15.45,119.7858,4.14,54.2,63.02,119.76448822021484,658.2465209960938,0.003784164200971496,0.004952868450893266,76.2,-0.0010542809463451874,85.27999877929688,-0.003999031574889567,161.64080810546875,-0.02957076386348323,30.194629669189453,-0.02034447935767425,69.29727172851562,-0.00601683033033984,40.097084045410156,54.2,1.75,100.76828,97.5466,4.06,6.265714285714285,1697.1445217391304
2025-09-22,11.261241912841797,58432700,0.03687831272122222,0.08919394444638273,0.07718710313824184,0.1685922101361521,4.129,324.526606557377,4.434426229508197,16.1,119.8152,4.15,54.050000000000004,62.99,119.37432861328125,661.3607788085938,-0.003257723660257228,0.004731142076964234,76.4,0.0012898758434112256,85.38999938964844,-0.007178505038849092,160.48046875,0.006225379298251399,30.38260269165039,0.001384464840207933,69.3932113647461,-0.0012106122891655247,40.04854202270508,54.050000000000004,1.78,100.04101,97.46315,4.02,6.282857142857143,1698.1838913043478
2025-09-23,11.328849792480469,55667600,0.01960778371534677,0.01619769411305172,0.05967602086342816,0.16075589519797706,4.124666666666666,324.5400163934426,4.436065573770492,16.64,119.6202,4.12,54.0,63.76,118.25106048583984,657.7606201171875,-0.009409628858146557,-0.0054435624348510014,76.46666666666667,0.0008197645546850207,85.45999908447266,0.0007353634715088209,160.59848022460938,0.0,30.38260269165039,0.009401455026091465,70.04560852050781,-0.01939403637762971,39.2718391418457,54.0,1.75,99.79858666666667,97.43533333333333,4.006666666666667,6.288571428571428,1698.5303478260869
2025-09-24,11.232269287109375,60193800,0.055030154812136134,0.00945823223993969,0.06104897584354685,0.15595020091887446,4.120333333333333,324.5534262295082,4.437704918032787,16.18,120.1707,4.16,53.95,65.4,119.0860595703125,655.6678466796875,0.007061239713555434,-0.0031816642308674092,76.53333333333333,-0.0049145585472119,85.04000091552734,-0.006735308430931286,159.5167999267578,-0.011071279384809118,30.046228408813477,0.0158879984768574,71.15849304199219,-0.01359695701075403,38.73786163330078,53.95,1.78,99.55616333333333,97.40751666666667,3.993333333333333,6.2942857142857145,1698.876804347826
2025-09-25,11.222610473632812,67656300,0.05163523049416363,-0.010326944125305104,0.19105003841002866,0.16303876013786822,4.116,324.5668360655738,4.439344262295082,16.74,120.5419,4.18,53.9,65.51,117.4061279296875,652.6429443359375,-0.014106870667201066,-0.004613467564511753,76.6,-0.003762931460243979,84.72000122070312,-0.021637171201748462,156.0653076171875,0.003622005047078103,30.15505599975586,0.0002698649903085659,71.17769622802734,-0.0012531883628964513,38.68931579589844,53.9,1.8,99.31374,97.3797,3.98,6.3,1699.2232608695651
2025-09-26,11.599273681640625,117681800,0.054954237210097734,-0.04995847968217637,0.10408000841916931,0.12106017404001745,4.111666666666666,324.58024590163933,4.440983606557377,15.29,120.4349,4.2,53.85,66.5,119.1407241821289,656.3820190429688,0.0147743246713683,0.005729127602591033,76.66666666666667,0.017705382181149476,86.22000122070312,0.012853572230300259,158.07130432128906,0.004593188055054487,30.293563842773438,0.026418517883727288,73.05810546875,0.010037593525331623,39.07766342163086,53.85,1.82,99.07131666666666,97.35188333333333,3.9666666666666663,6.305714285714285,1699.5697173913043
2025-09-29,11.67653751373291,83325000,0.05045493871683138,-0.04549207484610296,0.08602153084470854,0.11113200161029257,4.0986666666666665,324.62047540983605,4.445901639344262,16.12,120.115,4.15,53.7,64.27,119.66259002685547,658.2266845703125,0.004380247378124036,0.0028103535347194786,76.86666666666666,-0.0052192596992061135,85.7699966430664,-0.0020528293202640713,157.74681091308594,-0.03984328211234567,29.08656883239746,-0.00643460981934596,72.58800506591797,0.011180230330511298,39.51456069946289,53.7,1.8,98.34404666666667,97.26843333333333,3.9266666666666667,6.322857142857143,1700.6090869565217
2025-09-30,11.550983428955078,70765000,-0.0033445111510125303,-0.02591981693654044,0.1070234486484738,0.11898051565692569,4.094333333333333,324.63388524590164,4.447540983606557,16.28,120.1368,4.16,53.65,63.17,119.1059341430664,660.7061157226562,-0.00465187895117547,0.003766834755358328,76.93333333333334,0.005246643293101982,86.22000122070312,0.010908779615586894,159.46763610839844,-0.016666645901283972,28.60179328918457,-0.0005287854908240242,72.54962158203125,0.004914029582454127,39.708736419677734,53.65,1.8,98.10162333333334,97.24061666666667,3.913333333333333,6.328571428571428,1700.9555434782608
2025-10-01,11.850382804870605,73578400,-0.04319490051003427,-0.04156485415652167,0.064384617866998,0.0816408977704619,4.09,324.64729508196723,4.449180327868852,16.29,120.1502,4.12,53.6,62.59,119.8514633178711,662.9574584960938,0.006259378931608772,0.0034074798459751143,77.0,0.010206416619797709,87.0999984741211,0.0019733283474649976,159.78231811523438,-0.01902454303692347,28.05765724182129,0.02287757655093614,74.20938110351562,0.001222548027951964,39.75728225708008,53.6,1.77,97.8592,97.2128,3.9,6.3342857142857145,1701.302
2025-10-02,11.802092552185059,74530500,-0.058919835340960125,-0.039279971032834426,0.07446803094948673,0.10427807897140373,4.083225806451613,324.66070491803276,4.450819672131148,16.63,120.4296,4.1,53.516129032258064,61.28,118.98664855957031,663.7210693359375,-0.007215721313365342,0.001151824796685963,77.0,0.002985099205342845,87.36000061035156,0.0011691741407673373,159.96913146972656,0.01727783396292648,28.54243278503418,-0.009437560580221271,73.50902557373047,0.0048839330682115545,39.951454162597656,53.516129032258064,1.76,97.9756935483871,97.21012580645161,3.896774193548387,6.34,1702.1908804347825
2025-10-03,12.236702919006348,100778600,-0.09944764729295108,-0.05919502072813165,0.026835006440984577,0.0754367138688592,4.0764516129032256,324.67411475409835,4.452459016393443,16.65,120.0881,4.13,53.432258064516134,61.65,118.22122955322266,663.7112426757812,-0.006432814232635975,-1.4805406382656372e-05,77.0,0.007097100987297544,87.9800033569336,0.0046718073908187385,160.7164764404297,-0.009705398559453071,28.265417098999023,0.003132338174203886,73.7392807006836,-0.0060753168566052285,39.708736419677734,53.432258064516134,1.8,98.0921870967742,97.20745161290323,3.893548387096774,6.3342857142857145,1703.0797608695652
2025-10-06,12.265676498413086,90544900,-0.09133853345497811,-0.05590555809457287,0.007086657273253083,0.09918101271905111,4.056129032258064,324.71434426229507,4.457377049180328,16.37,120.2722,4.18,53.18064516129032,62.49,119.23515319824219,666.0914916992188,0.008576493823074793,0.003586271966467658,77.0,-0.004319218780554301,87.5999984741211,-0.004221703520887021,160.03797912597656,0.018200959173354514,28.779874801635742,-0.016393425661564653,72.53044128417969,-0.013447547972713525,39.17475128173828,53.18064516129032,1.84,98.44166774193549,97.19942903225807,3.8838709677419354,6.317142857142857,1705.7464021739129
2025-10-07,11.512351036071777,154390200,-0.02265106251669724,0.0536913368802332,0.09983229197515642,0.1660155364979301,4.049354838709677,324.72775409836066,4.4590163934426235,17.24,120.4884,4.14,53.09677419354839,62.52,117.14766693115234,663.6219482421875,-0.017507305614973823,-0.0037075138893177817,77.0,-0.026712287427515302,85.26000213623047,-0.00847929907079814,158.68096923828125,-0.013062942844969339,28.4039249420166,-0.0048942273404785075,72.17546081542969,-0.0136306547220848,38.64077377319336,53.09677419354839,1.79,98.55816129032259,97.19675483870968,3.8806451612903223,6.311428571428571,1706.6352826086957
2025-10-08,11.338506698608398,78469700,0.0017036346842023153,0.058773504144824074,0.11754692418030821,0.24076138802616076,4.04258064516129,324.7411639344262,4.4606557377049185,16.3,120.7766,4.13,53.012903225806454,63.37,117.4955825805664,667.5791625976562,0.0029698897001382285,0.005963055269571305,77.0,-0.009383099128704608,84.45999908447266,0.0036562020040549204,159.26113891601562,0.007314544202975171,28.61168670654297,0.022863196500870764,73.82562255859375,0.0012562383711569591,38.68931579589844,53.012903225806454,1.78,98.67465483870969,97.19408064516129,3.8774193548387097,6.305714285714285,1707.5241630434782
2025-10-09,11.106715202331543,70320500,0.020869491299119414,0.07304343420856618,0.16198041684716125,0.2490629804396014,4.0358064516129035,324.7545737704918,4.462295081967214,16.43,121.0902,4.14,52.92903225806452,62.36,116.90910339355469,665.6452026367188,-0.0049914998856197546,-0.002896974724933221,77.0,-0.020719867617447374,82.70999908447266,-0.007100469487526406,158.13031005859375,-0.016251705579795828,28.146697998046875,-0.022352154793606638,72.17546081542969,-0.01882062343253499,37.961158752441406,52.92903225806452,1.8,98.79114838709677,97.1914064516129,3.8741935483870966,6.3,1708.4130434782608
2025-10-10,11.019791603088379,84595400,0.04469770851613508,0.21297127179202158,0.16671329835711357,0.2438440759737983,4.029032258064516,324.7679836065574,4.463934426229509,21.66,121.1163,4.05,52.84516129032258,59.75,113.69337463378906,647.6542358398438,-0.02750623062209634,-0.027027862178845674,77.0,-0.02430180339111876,80.69999694824219,-0.013307726125489139,156.0259552001953,-0.02671353534762133,27.394800186157227,-0.06380426930475547,67.57035827636719,0.014066618498707273,38.49514389038086,52.84516129032258,1.75,98.90764193548387,97.18873225806452,3.8709677419354835,6.295714285714285,1709.3019239130433
2025-10-13,11.145347595214844,73939400,0.038994693474931896,0.14904681748825843,0.16584200013280004,0.22544885042403595,4.008709677419355,324.8082131147541,4.468852459016394,19.03,121.165725,4.035,52.593548387096774,59.5775,116.23316192626953,657.5919189453125,0.02233892080924882,0.015344118135168339,77.0,0.012391574198464372,81.69999694824219,-0.007436737658108816,154.86563110351562,0.014445616843274944,27.79053497314453,0.09967332770136372,74.3053207397461,0.0063051522449451,38.73786163330078,52.593548387096774,1.7349999999999999,99.25712258064516,97.18070967741936,3.861290322580645,6.282857142857143,1711.9685652173912
2025-10-14,11.25158405303955,89117900,0.07811171268422701,0.12703874279854777,0.16785864823958274,0.2017222035234194,4.001935483870968,324.8216229508197,4.470491803278689,20.81,121.1822,4.03,52.50967741935484,59.52,116.47669982910156,656.78857421875,0.002095253185889545,-0.0012216462876413203,77.0,0.012607178055880741,82.7300033569336,0.016762873876496,157.4616241455078,0.03097189038151993,28.651260375976562,-0.0030987703795747334,74.07506561279297,0.015037571032225028,39.32038497924805,52.50967741935484,1.73,99.37361612903226,97.17803548387097,3.858064516129032,6.2785714285714285,1712.8574456521737
2025-10-15,11.357823371887207,88960700,0.05697280860782117,0.12585035812883127,0.1423116978227792,0.18790094429331905,3.9951612903225806,324.8350327868852,4.472131147540984,20.64,120.8642,4.05,52.42580645161291,59.08,116.64569091796875,659.7044067382812,0.0014508574600340385,0.004439529909605389,77.0,0.010999588973648722,83.63999938964844,-0.003434694151455475,156.92079162597656,-0.004143657442739479,28.53253936767578,0.015542116022929653,75.22634887695312,-0.00617291915491891,39.07766342163086,52.42580645161291,1.76,99.49010967741935,97.17536129032258,3.854838709677419,6.274285714285714,1713.7463260869565
2025-10-16,11.338506698608398,108701200,0.0511073583392645,0.1124361883463818,0.13650289849197006,0.1718302512026375,3.9883870967741935,324.8484426229508,4.473770491803279,25.31,120.6698,3.99,52.34193548387097,58.29,115.51744842529297,655.2116088867188,-0.009672388956650124,-0.006810319600221937,77.0,-0.0017934185434423933,83.48999786376953,-0.001503895240365094,156.68479919433594,-0.021844651757024436,27.909255981445312,0.0016580007358975024,75.35107421875,0.011180230330511298,39.51456069946289,52.34193548387097,1.71,99.60660322580645,97.1726870967742,3.8516129032258064,6.27,1714.635206521739
2025-10-17,11.512351036071777,107633500,0.16107392780146745,0.10151011777667795,0.09303359337948858,0.12697870824643842,3.9816129032258063,324.8618524590164,4.475409836065574,20.78,120.7028,4.02,52.25806451612903,58.3,116.51148223876953,658.9308471679688,0.008605053409913355,0.005676392528467966,77.0,-0.008743511153637806,82.76000213623047,0.0006275505806838666,156.7831268310547,0.0035448517025948867,28.008190155029297,0.014896800620791906,76.47356414794922,0.0012285556651272511,39.563106536865234,52.25806451612903,1.75,99.72309677419355,97.17001290322581,3.8483870967741933,6.258571428571428,1715.5240869565216
2025-10-20,11.579957008361816,77878900,0.10592173829613682,0.08507094729118014,0.09846361508968737,0.16173923499058884,3.961290322580645,324.9020819672131,4.480327868852459,18.23,120.6209,4.0,52.00645161290323,58.34,117.43594360351562,665.7840576171875,0.007934508659426243,0.010400500262923273,77.0,0.007733196872022008,83.4000015258789,0.005080322131352899,157.5796356201172,0.019427815638926704,28.55232810974121,0.01630910347768255,77.72077941894531,0.0,39.563106536865234,52.00645161290323,1.74,100.07257741935484,97.16199032258065,3.8387096774193545,6.224285714285714,1718.1907282608695
2025-10-21,12.130464553833008,297153200,0.04538215246034616,0.018312125571376736,0.038948281384314054,0.10418457521922275,3.954516129032258,324.91549180327866,4.481967213114754,17.87,120.8895,3.98,51.92258064516129,58.66,118.87232971191406,665.7741088867188,0.01223123061239173,-1.494287878323064e-05,77.0,0.026258930119229973,85.58999633789062,0.02046801151800115,160.8049774169922,0.03846143825874804,29.65049171447754,0.020367883908716022,79.30378723144531,-0.001227048168149003,39.51456069946289,51.92258064516129,1.7,100.18907096774194,97.15931612903226,3.835483870967742,6.212857142857143,1719.079608695652
2025-10-22,12.004910469055176,415062200,0.0651649209516858,0.05470636025675435,0.00993751142451571,0.10352563432922679,3.947741935483871,324.92890163934425,4.483606557377049,18.6,120.8958,3.97,51.83870967741935,59.3,117.94290924072266,662.3128051757812,-0.00781864436781754,-0.005198916065879078,77.0,-0.012968723314054409,84.4800033569336,0.09484486191840125,176.05650329589844,0.0010010680331933308,29.680173873901367,-0.015606032648400991,78.06616973876953,0.0,39.51456069946289,51.83870967741935,1.68,100.30556451612904,97.15664193548388,3.832258064516129,6.201428571428572,1719.9684891304346
2025-10-23,11.917987823486328,479840300,0.05834687534108407,0.0632091149528411,0.05173260346792752,0.10173710057745455,3.940967741935484,324.94231147540984,4.4852459016393444,17.3,120.9531,4.01,51.75483870967742,62.44,118.4747085571289,666.2402954101562,0.004508955390619018,0.005929962705964353,77.0,0.005800163876642506,84.97000122070312,0.04043798083885841,183.17587280273438,-0.018666651586190852,29.126144409179688,0.013026801725400938,79.08312225341797,0.011056518291008288,39.951454162597656,51.75483870967742,1.71,100.42205806451614,97.15396774193549,3.829032258064516,6.19,1720.8573695652174
2025-10-24,13.366690635681152,298366900,-0.0513006179869836,-0.034481614607201116,-0.05275402930838069,0.018143205143325236,3.9341935483870967,324.9557213114754,4.4868852459016395,16.37,120.9345,4.02,51.670967741935485,62.27,118.12183380126953,671.6851806640625,-0.0029784817380599238,0.008172554694480416,77.0,0.014358022868968368,86.19000244140625,-0.02517715271811327,178.56402587890625,-0.0013587646969762668,29.08656883239746,0.010069187618294118,79.87942504882812,-0.010935608535215247,39.51456069946289,51.670967741935485,1.73,100.53855161290323,97.1512935483871,3.825806451612903,6.187142857142858,1721.74625
2025-10-27,12.806526184082031,140859000,-0.01885376720877263,0.003936369913325466,0.004699218445147313,0.05428578790249117,3.913870967741935,324.99595081967215,4.491803278688525,15.79,120.7988,4.01,51.41935483870968,62.13,119.82164764404297,679.6094970703125,0.014390344173230707,0.011797664492784632,77.0,-0.0009282031417631176,86.11000061035156,-0.006167638492435512,177.46270751953125,0.000680339512695971,29.10635757446289,-0.004564107050688659,79.51484680175781,0.015970451334434754,40.145626068115234,51.41935483870968,1.73,100.88803225806451,97.14327096774194,3.8161290322580643,6.178571428571429,1724.4128913043478
2025-10-28,12.680971145629883,96738500,-0.025894862300125387,0.02466240032873679,0.01618760736475,0.07859193701538736,3.907096774193548,325.0093606557377,4.49344262295082,16.42,120.6361,3.99,51.33548387096774,60.97,119.8514633178711,681.41455078125,0.00024883378266249423,0.002656016019079832,77.0,0.006154903908259346,86.63999938964844,-0.007203575932856143,176.18434143066406,-0.053025160886740474,27.56298828125,0.011824312978967022,80.4550552368164,0.009673567919224135,40.53397750854492,51.33548387096774,1.71,101.00452580645161,97.14059677419355,3.8129032258064512,6.175714285714286,1725.3017717391303
2025-10-29,12.787209510803223,127512200,-0.009818724301948634,0.02760963849347431,0.014621250128930674,0.06046257256945875,3.9003225806451614,325.02277049180327,4.495081967213115,16.92,120.5312,4.08,51.251612903225805,61.26,118.86239624023438,681.7418823242188,-0.008252440564814001,0.0004803706386860007,77.0,-0.010041583018362554,85.7699966430664,-0.016576311075548356,173.26385498046875,0.0003589384887243696,27.5728816986084,0.001669542326729001,80.5893783569336,-0.04191623754357221,38.83494567871094,51.251612903225805,1.78,101.12101935483871,97.13792258064517,3.8096774193548386,6.172857142857143,1726.190652173913
2025-10-30,12.613365173339844,80766300,0.0045941833675182675,0.028605318343949637,0.019310646426240474,0.06965658435853062,3.893548387096774,325.03618032786886,4.49672131147541,16.91,121.2832,4.11,51.16774193548387,61.36,116.17848205566406,674.2440185546875,-0.022580010747434542,-0.010998097614260183,77.0,-0.042555602650585334,82.12000274658203,-0.0015324499648613488,172.9983367919922,0.016505176938421462,28.027976989746094,-0.009761989266128812,79.80266571044922,-0.01874994843005362,38.10679244995117,51.16774193548387,1.82,101.2375129032258,97.13524838709678,3.8064516129032255,6.17,1727.0795326086957
2025-10-31,12.680971145629883,68862000,0.017728485649579184,0.01618760736475,-0.0015320040773223464,0.05779049379850831,3.886774193548387,325.0495901639344,4.498360655737705,17.44,121.3859,4.11,51.08387096774194,61.75,119.25006103515625,676.45556640625,0.026438449918983364,0.003280040742968948,77.0,-0.012420899151801224,81.0999984741211,-0.005911382275237909,171.97567749023438,0.017649113981799802,28.522645950317383,-0.012502993576895327,78.80489349365234,0.00636940889839277,38.349510192871094,51.08387096774194,1.81,101.3540064516129,97.1325741935484,3.803225806451613,6.177142857142857,1727.9684130434782
2025-11-03,12.565074920654297,80419400,0.023228073818581718,0.0014573331766780662,0.017785445582218395,0.07454500936439601,3.869333333333333,325.1275333333333,4.493333333333333,17.17,121.4512,4.13,51.126666666666665,61.79,120.36836242675781,677.7251586914062,0.009377784647605969,0.0018768302726830388,77.06666666666666,0.008261383249706267,81.7699966430664,-0.003545153504720844,171.36599731445312,-0.00416234203893906,28.4039249420166,-0.007548081321584688,78.21006774902344,-0.005063316825645869,38.15533447265625,51.126666666666665,1.82,102.79154,97.12028666666667,3.7866666666666666,6.198571428571428,1730.635054347826
2025-11-04,12.352599143981934,70360600,0.05190123804114366,0.029755866738816694,0.039246751183291684,0.08511910198377337,3.864,325.15979999999996,4.49,19.0,121.8271,4.1,51.19,61.38,118.37034606933594,669.6917114257812,-0.016599182020421988,-0.01185354736001909,77.1,-0.011251048143748776,80.8499984741211,0.0006886516371904516,171.4840087890625,-0.09056075486187498,25.83164405822754,-0.026373821473688275,76.14736938476562,0.0012723211072132035,38.203880310058594,51.19,1.81,103.45206,97.11548,3.78,6.2057142857142855,1731.5239347826086
2025-11-05,12.66165542602539,79134300,0.03779950572084578,-0.004638423922556756,0.005392300561253505,0.06480537193406688,3.8586666666666667,325.1920666666667,4.486666666666666,18.01,121.8482,4.17,51.25333333333333,60.4,119.81169891357422,672.012451171875,0.012176637917354682,0.0034653852011290454,77.13333333333334,0.0341373183465663,83.61000061035156,0.0007453923947731145,171.61183166503906,0.03025661325322826,26.613222122192383,0.0190247503503731,77.59605407714844,0.025412889052112142,39.17475128173828,51.25333333333333,1.87,104.11258000000001,97.11067333333334,3.773333333333333,6.212857142857143,1732.4128152173912
2025-11-06,12.671313285827637,82291000,0.02390132789336219,-0.04317657290092036,0.0131071846681321,0.04780258052425568,3.853333333333333,325.22433333333333,4.483333333333333,19.5,121.6948,4.11,51.31666666666666,60.24,117.04330444335938,664.8021850585938,-0.023106211624724704,-0.010729363869237507,77.16666666666667,-0.01806006608309385,82.0999984741211,-0.01472602803671419,169.0846710205078,-0.019702582807860636,26.0888729095459,-0.027324355229301545,75.47579193115234,0.018587406930046457,39.90290832519531,51.31666666666666,1.83,104.7731,97.10586666666667,3.7666666666666666,6.22,1733.3016956521737
2025-11-07,12.90578556060791,80011300,-0.0015140367067998373,-0.028766106268395708,-0.009840979961348473,0.02725206956159587,3.848,325.2566,4.48,19.08,121.388,4.11,51.38,60.54,117.22720336914062,665.4567260742188,0.0015712041509410302,0.000984565078659072,77.2,0.019001281571034534,83.66000366210938,0.012329154428522893,171.16934204101562,0.013651839954473166,26.44503402709961,0.004575971343900642,75.8211669921875,0.01824812424261313,40.63106155395508,51.38,1.83,105.43362,97.10106,3.76,6.222857142857142,1734.1905760869565
2025-11-10,12.856937408447266,62051200,-0.02127652788166523,-0.015197519915475133,0.018996955526234593,0.05243172186784295,3.832,325.35339999999997,4.47,17.6,121.2984,4.13,51.57,60.94,118.76795959472656,675.8406982421875,0.01314333346957186,0.015604278627143309,77.3,-0.013148530425104776,82.55999755859375,-0.002757503863964228,170.6973419189453,0.005985727612357383,26.60332679748535,-0.011135001376530118,74.97689819335938,0.007168589347161136,40.92232894897461,51.57,1.84,107.41518,97.08664,3.7399999999999998,6.231428571428571,1736.8572173913042
2025-11-11,12.993714332580566,79742400,-0.021052709609474474,-0.00977453260747585,0.024812004083407002,0.05263151714101033,3.8266666666666667,325.3856666666667,4.466666666666667,17.28,121.1721,4.105,51.63333333333333,60.12,119.06120300292969,677.3878784179688,0.0024690447592412568,0.002289267544563822,77.33333333333333,-0.011627896231359958,81.5999984741211,0.004147648380178781,171.40533447265625,-0.00371879302872391,26.50439453125,-0.006014018803806365,74.52598571777344,0.0035585967821336606,41.067955017089844,51.63333333333333,1.8250000000000002,108.0757,97.08183333333334,3.7333333333333334,6.234285714285714,1737.746097826087
2025-11-12,13.140259742736816,61840500,-0.04089222379608437,-0.019330973677149643,0.02304827042533697,0.06118389286080017,3.8213333333333335,325.41793333333334,4.463333333333334,17.51,121.0458,4.08,51.696666666666665,59.3,118.26100158691406,677.7648315429688,-0.006720925001874378,0.0005564804700675108,77.36666666666666,0.013970581016738315,82.73999786376953,-0.0017211449611064245,171.11032104492188,0.012691264553895465,26.840768814086914,0.0003862505848015729,74.55477142333984,-0.005910149234821138,40.82523727416992,51.696666666666665,1.81,108.73622,97.07702666666667,3.7266666666666666,6.2371428571428575,1738.6349782608695
2025-11-13,12.974174499511719,71481600,-0.06551207520386038,0.0,0.027861410801557795,0.0755295636531923,3.816,325.4502,4.46,20.0,120.7725,4.11,51.76,59.54,115.30870056152344,666.5180053710938,-0.024964282272046168,-0.016593994920437227,77.4,-0.020425366879925133,81.05000305175781,0.013792542567313326,173.47036743164062,-0.03649092582139957,25.861324310302734,-0.01968861577870662,73.0868911743164,0.020214087134934555,41.650482177734375,51.76,1.83,109.39674000000001,97.07222,3.7199999999999998,6.24,1739.523858695652
2025-11-14,12.886245727539062,67932400,-0.027293392760087798,-0.0022743877240491983,0.03639131369203308,0.06141031872807168,3.8106666666666666,325.48246666666665,4.456666666666667,19.83,120.9666,4.14,51.82333333333333,60.87,114.75700378417969,666.4088745117188,-0.00478451994218243,-0.0001637328001578009,77.43333333333334,-0.026403446132899577,78.91000366210938,-0.019840254090361942,170.02867126464844,-0.0045906778352214905,25.742603302001953,-0.006038428355121694,72.64556121826172,-0.011654978777156821,41.16504669189453,51.82333333333333,1.86,110.05726,97.06741333333333,3.7133333333333334,6.242857142857143,1740.4127391304346
2025-11-17,12.583386421203613,73404400,0.006211159882609785,0.006211159882609785,0.033385079104487625,0.08146279431559966,3.7946666666666666,325.5792666666667,4.446666666666667,22.38,121.1146,4.13,52.013333333333335,60.66,113.678466796875,660.2003173828125,-0.00939844150456437,-0.00931643825039885,77.53333333333333,-0.02610575456071662,76.8499984741211,-0.012434175036720396,167.9145050048828,-0.025365097330885877,25.08963966369629,-0.014130943112745764,71.61901092529297,-0.0035377998863885818,41.019412994384766,52.013333333333335,1.85,112.03882,97.05299333333333,3.6933333333333334,6.251428571428572,1743.0793804347825
2025-11-18,12.720161437988281,70215400,0.011520719361202358,0.00537642067179811,0.023041513695848836,0.08769073993991339,3.7893333333333334,325.61153333333334,4.443333333333333,24.69,121.2127,4.12,52.07666666666667,61.51,111.58104705810547,654.65625,-0.01845045766246378,-0.008397553343794883,77.56666666666666,-0.01405337478852875,75.7699966430664,-0.011888105215665079,165.91831970214844,0.015772836608726415,25.485374450683594,-0.00334901169640045,71.37915802001953,0.0011833914520358313,41.067955017089844,52.07666666666667,1.85,112.69934,97.04818666666667,3.6866666666666665,6.2542857142857144,1743.9682608695653
2025-11-19,12.602925300598145,49619300,0.02248052893937813,0.018604667000879704,0.04418611250366533,0.06881599682182338,3.7840000000000003,325.6438,4.44,23.66,121.4978,4.13,52.14,60.27,111.58601379394531,657.185302734375,4.4512360932280615e-05,0.0038631766432766224,77.6,-0.045004568876761186,72.36000061035156,-0.0017187463644822154,165.63314819335938,0.012422393717674396,25.801963806152344,-0.00026871006024176136,71.35997772216797,-0.004728063655392023,40.873783111572266,52.14,1.86,113.35986,97.04338,3.68,6.257142857142857,1744.8571413043478
2025-11-20,12.1242094039917,95861900,0.07010478516151175,0.04995966776146443,0.0846092099089486,0.15663098577811718,3.7786666666666666,325.67606666666666,4.4366666666666665,26.42,121.6889,4.1,52.20333333333333,60.07,109.92100524902344,647.1683349609375,-0.014921301409659415,-0.015242227316648038,77.63333333333334,-0.02874518813584881,70.27999877929688,-0.014426527144246082,163.24363708496094,-0.029141107922582288,25.050065994262695,-0.00806678288239604,70.78433227539062,-0.00712592664905054,40.58251953125,52.20333333333333,1.86,114.02038,97.03857333333333,3.6733333333333333,6.26,1745.7460217391304
2025-11-21,12.534536361694336,74048900,0.02572101890726408,0.02416221538787422,0.03585354611823077,0.1368887870381319,3.7733333333333334,325.7083333333333,4.433333333333334,23.43,121.8653,4.06,52.266666666666666,58.86,112.07806396484375,653.6149291992188,0.019623717149725328,0.009961232480063087,77.66666666666667,0.05478085573409586,74.12999725341797,0.026805666489224667,167.61949157714844,0.048973121987986534,26.276845932006836,0.03618858001923719,73.34591674804688,0.016746402488178713,41.26213073730469,52.266666666666666,1.82,114.68090000000001,97.03376666666666,3.6666666666666665,6.255,1746.634902173913
2025-11-24,12.661543846130371,52936200,0.0,0.009259229270525804,0.03086409756841957,0.1239247333897684,3.7573333333333334,325.80513333333334,4.423333333333334,20.52,121.9171,4.04,52.45666666666666,59.11,113.5740966796875,663.235107421875,0.013348131310628508,0.014718418739979588,77.76666666666667,0.009712683763386076,74.8499984741211,-0.016836789359707005,164.7973175048828,-0.0677710485906029,24.496036529541016,-0.010856707521306297,72.54962158203125,-0.00352938348578391,41.11650085449219,52.45666666666666,1.81,116.66246000000001,97.01934666666666,3.6466666666666665,6.24,1749.3015434782608
2025-11-25,12.866706848144531,52885000,-0.006074318174406179,0.018223251001354912,0.0106302976936965,0.0814426922586593,3.7520000000000002,325.8374,4.42,18.56,121.6335,4.01,52.519999999999996,58.25,116.0045166015625,669.4735107421875,0.021399421108578176,0.009406020957730021,77.8,0.02044086587157201,76.37999725341797,0.017304192892751535,167.6490020751953,0.03877223802765983,25.445802688598633,0.05342517959404458,76.42559814453125,0.0047224812783737136,41.310672760009766,52.519999999999996,1.79,117.32298,97.01454,3.64,6.235,1750.1904239130433
2025-11-26,12.886245727539062,44942200,-0.003790646206748738,0.03335872271948448,0.006823459200746562,0.026157679041056703,3.7466666666666666,325.86966666666666,4.416666666666667,17.19,121.2437,4.0,52.58333333333333,58.81,116.79975891113281,674.09521484375,0.006855270233155686,0.006903490619724062,77.83333333333333,0.005891654802548274,76.83000183105469,0.010147132372717138,169.35015869140625,-0.011275301742479815,25.158893585205078,0.01657040610722138,77.69200134277344,0.012925989521988646,41.84465408325195,52.58333333333333,1.77,117.9835,97.00973333333333,3.6333333333333333,6.23,1751.079304347826
2025-11-28,12.974174499511719,29536200,-0.018825368953944932,0.036144534918388205,-0.003765103193023922,-0.03331743652498509,3.736,325.9342,4.41,16.35,121.0527,4.02,52.71,58.58,117.52540588378906,677.7747192382812,0.006212743754106187,0.0054584342293309,77.9,0.009371354985600266,77.55000305175781,0.0008709259927348612,169.49765014648438,0.013763308246097505,25.505163192749023,-0.02099291326164565,76.06101989746094,-0.011600896135359307,41.35921859741211,52.71,1.79,119.30454,97.00012,3.62,6.220000000000001,1752.8570652173912
2025-12-01,12.856937408447266,51594000,-0.0015197149036203506,0.037234053600659234,-0.0030395039830950488,-0.016053435098649427,3.72,326.031,4.4,17.24,120.9862,4.09,52.9,59.47,117.5949935913086,674.6802978515625,0.0005921077829618149,-0.004565560353440801,78.0,-0.007865900533162384,76.94000244140625,0.0009284134114282416,169.65501403808594,0.0058184043719247125,25.653562545776367,-0.025731558447941616,74.10385131835938,0.0023474297484309403,41.45630645751953,52.9,1.85,121.2861,96.9857,3.6,6.205,1755.523706521739
2025-12-02,12.661543846130371,57641700,0.009259229270525804,0.05478394265515907,0.029320930350268393,-0.03752732911633716,3.71741935483871,326.0489677419355,4.396774193548388,16.59,121.1467,4.09,53.01290322580645,58.81,117.51547241210938,675.9300537109375,-0.0006762292914916923,0.001852367504067809,77.96774193548387,0.00701846761622571,77.4800033569336,-0.001796913273728884,169.35015869140625,-0.0034708924371303906,25.56452178955078,-0.03042456763863466,71.84927368164062,-0.016393433572069127,40.776695251464844,53.01290322580645,1.85,121.57660967741936,96.99000967741935,3.6258064516129034,6.2,1756.4125869565216
2025-12-03,12.78855037689209,45364700,0.02444606233650437,0.016806705142602407,0.02902981088336576,-0.06175804546044683,3.7148387096774194,326.06693548387096,4.393548387096774,16.08,120.7336,4.06,53.1258064516129,59.09,118.78286743164062,678.2706298828125,0.010784920432321377,0.003462749080359595,77.93548387096774,0.00787290855095768,78.08999633789062,0.02516350811080237,173.61160278320312,0.007740033478642161,25.762392044067383,-0.006810033482602673,71.35997772216797,0.0071427996758648415,41.067955017089844,53.1258064516129,1.82,121.86711935483872,96.99431935483871,3.6516129032258067,6.195,1757.3014673913042
2025-12-04,12.837398529052734,47554800,0.03729072487101237,0.013698623013407296,0.05022825961957622,-0.06225107696403864,3.712258064516129,326.08490322580644,4.390322580645162,15.78,120.6766,4.11,53.23870967741935,59.82,118.36040496826172,678.7664794921875,-0.0035565942506147197,0.0007310498015529188,77.90322580645162,-0.02112938883163662,76.44000244140625,-0.003587860932815712,172.98870849609375,-0.008448636635180806,25.544734954833984,-0.004302334097235239,71.05296325683594,-0.016548455012475705,40.388343811035156,53.23870967741935,1.85,122.15762903225807,96.99862903225807,3.67741935483871,6.19,1758.190347826087
2025-12-05,12.729930877685547,54099400,0.05602458740064287,0.033768345032700875,0.0544896353842812,-0.050455563629825506,3.709677419354839,326.1028709677419,4.387096774193549,15.41,120.6863,4.14,53.351612903225806,60.23,119.01647186279297,680.0557861328125,0.005542959190678376,0.0018994848443159018,77.87096774193549,-0.0009157468941458635,76.37000274658203,0.02497709268105419,177.30946350097656,0.001936563218529752,25.59420394897461,0.0014852270801823941,71.15849304199219,-0.002403763963790717,40.291259765625,53.351612903225806,1.88,122.44813870967742,97.00293870967741,3.703225806451613,6.194285714285715,1759.0792282608695
2025-12-08,12.837398529052734,45580800,0.03881275282319541,0.024353115833696704,0.0958903610938513,-0.06840530576210302,3.701935483870968,326.1567741935484,4.37741935483871,16.66,120.776,4.17,53.69032258064516,59.04,117.28683471679688,678.0127563476562,-0.01453275432320067,-0.0030042091058060105,77.7741935483871,0.009296831988190979,77.08000183105469,-0.022416830484073613,173.33474731445312,0.005411613345938537,25.732709884643555,-0.021706816187096134,69.6138687133789,-0.006024079275054106,40.04854202270508,53.69032258064516,1.91,123.31966774193549,97.01586774193548,3.7806451612903227,6.207142857142857,1761.7458695652174
2025-12-09,12.778779983520508,33350000,0.04510705680396665,0.01605505032194432,0.08562686042084189,-0.06954151051059876,3.6993548387096777,326.1747419354839,4.374193548387097,16.93,120.6832,4.18,53.803225806451614,58.4,117.27690887451172,677.4275512695312,-8.46287847150462e-05,-0.0008631180942337835,77.74193548387096,-0.00947072313949382,76.3499984741211,-0.013518883389705305,170.991455078125,-0.019223352798396598,25.238040924072266,0.008406772632018944,70.1990966796875,-0.016969781830425967,39.368927001953125,53.803225806451614,1.92,123.61017741935484,97.02017741935484,3.806451612903226,6.211428571428572,1762.63475
2025-12-10,13.101180076599121,72210700,-0.0074570614059256135,-0.003728603495971594,0.04623418835758808,-0.12032880893240094,3.696774193548387,326.1927096774194,4.370967741935484,15.77,120.6752,4.13,53.91612903225806,58.67,118.99658203125,681.92041015625,0.014663356778770176,0.006632235252757246,77.70967741935483,0.028814729818002816,78.55000305175781,0.02405467524104732,175.10459899902344,0.030184245739987015,25.999832153320312,0.012983505514971183,71.11052703857422,0.011097515505321232,39.805824279785156,53.91612903225806,1.88,123.90068709677419,97.0244870967742,3.8322580645161293,6.215714285714285,1763.5236304347825
2025-12-11,13.31611442565918,59012300,-0.022743962991222944,-0.023477618424405433,0.025678584723953124,-0.13156102023654304,3.694193548387097,326.21067741935485,4.367741935483871,14.85,119.98,4.14,54.02903225806452,57.76,119.46379089355469,683.5072021484375,0.003926237664389376,0.0023269460314641055,77.6774193548387,0.017186485317276956,79.9000015258789,0.02574807276795954,179.6132049560547,0.05936066728289102,27.54319953918457,0.011467932479446885,71.92601776123047,0.015853689623759104,40.436893463134766,54.02903225806452,1.89,124.19119677419356,97.02879677419354,3.8580645161290326,6.22,1764.4125108695653
2025-12-12,13.443120002746582,48337300,-0.02107549637904238,-0.034883680510108706,0.005814005869553052,-0.12286965510328263,3.6916129032258067,326.22864516129033,4.364516129032258,15.74,120.1442,4.19,54.14193548387097,57.61,119.98068237304688,676.1581420898438,0.004326762742300261,-0.010751986278262682,77.64516129032258,-0.01401755600992416,78.77999877929688,0.005174608964932936,180.54263305664062,-0.007902250943158773,27.325546264648438,-0.020141422629381456,70.47732543945312,-0.012004861376892606,39.951454162597656,54.14193548387097,1.93,124.48170645161291,97.0331064516129,3.883870967741936,6.218571428571428,1765.3013913043478
2025-12-15,13.335653305053711,53577300,-0.01391938725261288,-0.030769239570846874,0.011721645723092866,-0.12690920392584204,3.6838709677419357,326.28254838709677,4.354838709677419,16.5,119.9561,4.18,54.48064516129032,56.97,121.00455474853516,675.1365356445312,0.008533643543590097,-0.001510898681416406,77.54838709677419,-0.01815181933655452,77.3499984741211,0.0059692147813539265,181.62033081054688,0.035481559431027376,28.29509925842285,-0.007759263116279946,69.93047332763672,0.002430145839305009,40.04854202270508,54.48064516129032,1.93,125.35323548387098,97.04603548387097,3.9612903225806453,6.214285714285714,1767.9680326086957
2025-12-16,13.355193138122559,69408900,-0.027798115315445293,-0.04023411990986814,-0.0051207035736741124,-0.1392783528343997,3.6812903225806455,326.30051612903225,4.351612903225806,16.48,119.8902,4.15,54.593548387096774,55.44,121.20336151123047,673.2918701171875,0.001642969251103521,-0.002732285145230273,77.51612903225806,0.0009049734480297555,77.41999816894531,-0.0031030852741443793,181.05674743652344,-0.013985983345490616,27.899364471435547,0.009452289986599194,70.59147644042969,0.008484748037455025,40.388343811035156,54.593548387096774,1.92,125.64374516129033,97.05034516129032,3.9870967741935486,6.212857142857143,1768.8569130434782
2025-12-17,13.003483772277832,58320600,0.003756470138446044,0.0022538820830675377,-0.0022539554229765724,-0.12511150416412997,3.678709677419355,326.3184838709678,4.348387096774194,17.62,120.155,4.16,54.70645161290322,56.07,119.80176544189453,665.8832397460938,-0.0115640032740022,-0.011003593983400228,77.48387096774194,-0.008654071102962901,76.75,0.004041131881000304,181.78842163085938,-0.006028384455315172,27.731176376342773,-0.016111314418076006,69.45415496826172,0.006009598810377659,40.63106155395508,54.70645161290322,1.92,125.93425483870968,97.05465483870967,4.012903225806451,6.211428571428572,1769.7457934782608
2025-12-18,13.013253211975098,52604800,-0.0007507300087172819,0.011261316555011058,0.03378380309533213,-0.10755519173698658,3.6761290322580646,326.33645161290326,4.345161290322581,16.87,120.0528,4.12,54.81935483870968,56.22,121.61090850830078,670.9114990234375,0.015101138616222753,0.00755126270975226,77.45161290322581,0.010944577692385993,77.58999633789062,-0.003372088201753831,181.1754150390625,0.01105953914826907,28.037870407104492,0.004338773185463385,69.75550079345703,-0.003584106901116879,40.485435485839844,54.81935483870968,1.88,126.22476451612903,97.05896451612902,4.038709677419355,6.21,1770.6346739130433
2025-12-19,13.159799575805664,61640600,-0.014105463781927008,0.02449878796004068,0.017817313510712696,-0.11148992140763314,3.6735483870967744,326.35441935483874,4.341935483870968,14.91,120.1652,4.16,54.93225806451613,56.8,121.12383270263672,676.9923095703125,-0.00400519831352808,0.009063506223587092,77.41935483870968,0.009021840580947016,78.29000091552734,-0.011405892376240456,179.10894775390625,0.09809462215404041,30.78823471069336,0.0009755011296628258,69.82354736328125,-0.00599518666422183,40.24271774291992,54.93225806451613,1.92,126.5152741935484,97.06327419354838,4.064516129032258,6.205,1771.5235543478261
2025-12-22,13.150029182434082,31106100,-0.01708770266894044,0.020802310279969927,0.007429432789860968,-0.12359656982602918,3.6658064516129034,326.4083225806452,4.332258064516129,14.08,119.9912,4.17,55.27096774193548,58.18,121.85191345214844,681.2098999023438,0.006011044509293129,0.00622989400678442,77.3225806451613,-0.01392264598976356,77.19999694824219,-0.0006623738593112272,178.9903106689453,0.034704398527509284,31.856721878051758,-0.0073785674512604205,69.308349609375,0.0036186936738598074,40.388343811035156,55.27096774193548,1.94,127.38680322580645,97.07620322580645,4.141935483870968,6.1899999999999995,1774.1901956521738
2025-12-23,12.983943939208984,25440800,-0.012791586593619897,0.08352141501670407,0.01128666380896104,-0.1177101698963734,3.663225806451613,326.42629032258066,4.329032258064516,14.0,119.7057,4.18,55.383870967741935,58.55,121.68260192871094,684.3233032226562,-0.0013894859640755097,0.0045704023396588855,77.29032258064517,-0.01088078200901732,76.36000061035156,0.0010495034700279682,179.17816162109375,-0.016770289383422954,31.32247543334961,-0.024123374793491803,67.63639831542969,-0.006009598810377659,40.145626068115234,55.383870967741935,1.94,127.67731290322581,97.0805129032258,4.167741935483871,6.185,1775.0790760869565
2025-12-24,13.05233097076416,14227600,-0.0014969647519892382,0.06287427315412764,0.042664737544187314,-0.13973487912528393,3.6606451612903226,326.44425806451613,4.325806451612904,13.47,119.4372,4.15,55.49677419354838,58.72,122.10092163085938,686.7305297851562,0.0034377938630332228,0.003517674396244841,77.25806451612904,0.005369251302222544,76.7699966430664,0.002703996212088944,179.66265869140625,-0.01295006856047598,30.916847229003906,0.002299430652623169,67.79192352294922,-0.0012091484791573182,40.097084045410156,55.49677419354838,1.91,127.96782258064516,97.08482258064515,4.193548387096774,6.18,1775.967956521739
2025-12-26,13.003483772277832,22471400,0.012021071142571893,0.054094636791801376,0.038317022170874404,-0.14865456836859992,3.655483870967742,326.4801935483871,4.319354838709677,13.6,119.4723,4.14,55.72258064516129,56.6,121.5630874633789,686.660888671875,-0.0044048329881282156,-0.00010140966545213459,77.19354838709677,0.0018237205310027704,76.91000366210938,0.004567632142079336,180.48329162597656,-0.017599984996297224,30.372711181640625,-0.0018640223651171794,67.66555786132812,0.007263864008044685,40.388343811035156,55.72258064516129,1.91,128.54884193548386,97.09344193548387,4.245161290322581,6.171428571428572,1777.7457173913042
2025-12-29,12.974174499511719,24398300,0.039156573369454994,0.05271078315204902,0.05421683913037589,-0.12161278903131989,3.647741935483871,326.5340967741936,4.309677419354839,14.2,119.5899,4.12,56.061290322580646,57.89,120.36786651611328,684.2138671875,-0.00983210423662273,-0.0035636535074947684,77.09677419354838,-0.0015603008824345288,76.79000091552734,0.0006025454692715204,180.592041015625,0.0006514675162998529,30.392498016357422,-0.025427497389802323,65.94499206542969,0.01562503246734237,41.019412994384766,56.061290322580646,1.9,129.42037096774195,97.10637096774192,4.322580645161291,6.158571428571428,1780.412358695652
2025-12-30,12.925325393676758,23002800,0.038548722049560835,0.046107387591375115,0.049130809538067366,-0.10759647215053347,3.645161290322581,326.55206451612906,4.306451612903226,14.33,119.4939,4.14,56.174193548387095,57.79,119.87982177734375,683.3783569335938,-0.004054609863041847,-0.0012211244085722495,77.06451612903226,0.0014324861185059934,76.9000015258789,0.002792329374547986,181.0963134765625,0.003255216913421677,30.491432189941406,-0.00014727758597110618,65.9352798461914,-0.007100534706941608,40.728153228759766,56.174193548387095,1.9,129.7108806451613,97.11068064516128,4.348387096774194,6.154285714285715,1781.3012391304346
2025-12-31,12.817858695983887,26302300,0.09756096109229273,0.052591499765001215,0.052591499765001215,-0.1062780481587774,3.6425806451612903,326.57003225806454,4.3032258064516125,14.95,119.7456,4.18,56.28709677419355,57.26,118.9336166381836,678.3152465820312,-0.007892947496348168,-0.0074089416209803804,77.03225806451613,-0.010533227203067042,76.08999633789062,-0.0069884317319171,179.8307342529297,-0.009085033602538983,30.21441650390625,-0.01326839051179729,65.0604248046875,-0.005959458597512124,40.485435485839844,56.28709677419355,1.93,130.00139032258065,97.11499032258064,4.3741935483870975,6.15,1782.1901195652174
2026-01-02,13.032792091369629,46366900,0.06446774384629506,0.01949030259537765,0.02923538071808518,-0.12025934969540553,3.64,326.6161290322581,4.3032258064516125,14.51,119.6059,4.19,56.406451612903226,57.21,117.87783813476562,679.55859375,-0.008877040262130653,0.0018329931020035772,77.19354838709677,0.030884560607415734,78.44000244140625,0.003078897621266119,180.38441467285156,0.01244266796354987,30.590364456176758,0.03361719592851453,67.24757385253906,0.00839318595075822,40.82523727416992,56.406451612903226,1.94,129.82226451612902,97.13947096774193,4.380645161290323,6.1525,1783.079
2026-01-05,13.159799575805664,50135200,0.04157380399375321,-0.014105463781927008,0.025983600320311995,-0.13550367597769408,3.64,326.7005161290323,4.312903225806451,14.9,119.6192,4.17,56.4258064516129,58.1,119.82006072998047,684.0845336914062,0.01647657121938706,0.006660117292359935,77.7741935483871,0.02651700837482629,80.5199966430664,-0.010414431189223361,178.5058135986328,0.0184346571904348,31.154287338256836,0.012575851397403692,68.09326934814453,0.005945286766857016,41.067955017089844,56.4258064516129,1.91,128.41335806451613,97.19998387096774,4.322580645161291,6.15625,1783.079
2026-01-06,13.482198715209961,84534700,0.013043472109929066,-0.00217385307180884,-0.005797082996453984,-0.1078322938705294,3.64,326.72864516129033,4.316129032258065,14.75,119.7807,4.18,56.43225806451613,56.97,120.58699035644531,688.1529541015625,0.006400677998262383,0.0059472480516442605,77.96774193548387,0.025956334505947032,82.61000061035156,0.008308460607577395,179.98892211914062,0.025722459640332707,31.955652236938477,0.03026401546824964,70.15404510498047,0.013002384049071392,41.60193634033203,56.43225806451613,1.91,127.94372258064516,97.22015483870968,4.303225806451613,6.157500000000001,1783.079
2026-01-07,13.423580169677734,50609000,0.007278103936132485,-0.0021833459271917155,0.004366833943796777,-0.0995222669740724,3.64,326.7567741935484,4.319354838709677,15.38,119.8719,4.15,56.438709677419354,56.01,120.41767120361328,685.9347534179688,-0.0014041245438793926,-0.003223412281198157,78.16129032258064,-0.005568322007917015,82.1500015258789,-0.008294849146565753,178.49594116210938,-0.0058823090534091405,31.76767921447754,-0.04627953337985746,66.9073486328125,-0.01983660284742894,40.776695251464844,56.438709677419354,1.88,127.4740870967742,97.24032580645161,4.283870967741936,6.15875,1783.079
2026-01-08,14.068381309509277,154276800,-0.04097217641791662,-0.058333283056870355,-0.05625000720252704,-0.14851583542500368,3.64,326.7849032258065,4.32258064516129,15.45,120.0904,4.19,56.44516129032258,57.74,122.42960357666016,685.8651123046875,0.01670794953047139,-0.00010152731427326422,78.35483870967742,0.05234321780272522,86.44999694824219,0.030410475033574302,183.92408752441406,-0.013080011885625464,31.352157592773438,0.043294966292954706,69.8041000366211,0.032142785643227034,42.087371826171875,56.44516129032258,1.92,127.00445161290322,97.26049677419354,4.264516129032258,6.16,1783.079
2026-01-09,13.872986793518066,68436200,-0.04225345625636179,-0.053521095003114416,-0.044366211561089997,-0.13438750203565974,3.64,326.81303225806454,4.325806451612904,14.49,120.2215,4.18,56.45161290322581,58.96,123.91366577148438,690.4010009765625,0.012121759374112084,0.006613382996888628,78.54838709677419,0.025679598601168863,88.66999816894531,0.012794299883794436,186.2772674560547,0.013884481638394064,31.787466049194336,-0.01671067155166972,68.63762664794922,-0.0023067262505991337,41.99028778076172,56.45161290322581,1.9,126.53481612903225,97.28066774193549,4.245161290322581,6.145714285714286,1783.079
2026-01-12,13.706902503967285,53444000,-0.05345686264591787,-0.007127595601364223,-0.012829574675762734,-0.08427272232016625,3.64,326.8974193548387,4.335483870967742,15.12,119.9958,4.19,56.47096774193548,59.39,124.0232162475586,691.4852294921875,0.0008840871214015333,0.00157043300066384,79.12903225806451,-0.020751058710803516,86.83000183105469,-0.0022823806976272065,185.85211181640625,-0.016184234203881265,31.27301025390625,-0.04871843637355133,65.29370880126953,-0.004624300772327783,41.796112060546875,56.47096774193548,1.9,125.12590967741936,97.34118064516129,4.187096774193549,6.102857142857142,1783.079
2026-01-13,13.658053398132324,58867500,-0.015021394047428083,-0.01144488495519358,0.001430645531926178,-0.08099755144483045,3.64,326.9255483870968,4.338709677419355,15.98,120.1401,4.18,56.47741935483871,60.85,123.71446228027344,690.1026000976562,-0.0024894852482204577,-0.0019995067653818532,79.3225806451613,0.01635377333871535,88.25,-0.0012767647695354212,185.6148223876953,-0.019614097627333016,30.659618377685547,0.0046153520779015356,65.59506225585938,0.016260244966504134,42.47572708129883,56.47741935483871,1.88,124.65627419354838,97.36135161290322,4.167741935483871,6.088571428571428,1783.079
2026-01-14,13.521278381347656,65318600,-0.009393086007083662,0.011560656133605685,0.0312805929826363,-0.09142135385250816,3.64,326.95367741935485,4.341935483870968,16.75,119.9537,4.15,56.483870967741936,61.84,121.76228332519531,686.7106323242188,-0.015779714991247307,-0.0049151644595419874,79.51612903225806,-0.060283282660897664,82.93000030517578,0.0034624655954524908,186.25750732421875,-0.02613740919607299,29.85825538635254,-0.011855413020913974,64.8174057006836,0.007999905161828025,42.815528869628906,56.483870967741936,1.86,124.18663870967741,97.38152258064517,4.148387096774194,6.074285714285714,1783.079
2026-01-15,13.491969108581543,44241500,-0.018102818512718444,0.0050687920109449,0.034252904518194294,-0.05797352225910779,3.64,326.9818064516129,4.345161290322581,15.84,119.9951,4.17,56.49032258064516,59.13,122.21048736572266,688.5806884765625,0.003680975982770507,0.002723208385480236,79.70967741935483,-0.0038586722976805543,82.61000061035156,0.003715867157462416,186.94961547851562,-0.02451954970910597,29.126144409179688,0.021895543735000578,66.23661804199219,0.0013605867656274473,42.873783111572266,56.49032258064516,1.88,123.71700322580645,97.4016935483871,4.129032258064516,6.06,1783.079
2026-01-16,13.286805152893066,60750800,-0.011764739659315016,0.015441180428825918,0.02941181326026543,-0.04342752144757922,3.64,327.00993548387095,4.348387096774194,15.86,120.0838,4.24,56.49677419354839,59.4,121.81208801269531,688.0037231445312,-0.003259944065480358,-0.000837905189162047,79.90322580645162,-0.04842028774296814,78.61000061035156,-0.0022741723140762282,186.5244598388672,-0.017663089745396432,28.61168670654297,-0.005576745560753382,65.86723327636719,-0.0729167491539584,39.74756622314453,56.49677419354839,1.91,123.24736774193548,97.42186451612903,4.109677419354838,6.064285714285714,1783.079
2026-01-20,12.974174499511719,67018100,0.048945753464612274,0.033885487703691375,0.048888639623275054,-0.02722808666132326,3.64,327.1224516129032,4.361290322580645,20.09,119.4455,4.3,56.52258064516129,60.3,118.64476776123047,673.9981689453125,-0.02600169082673265,-0.02035680001149731,80.6774193548387,-0.018318311032001544,77.16999816894531,-0.034137247448005614,180.1570281982422,-0.031120348270261444,27.721281051635742,-0.028482860071698757,63.991146087646484,0.00561797752808979,39.97086715698242,56.52258064516129,1.97,121.36882580645161,97.50254838709678,4.032258064516129,6.081428571428571,1783.079
2026-01-21,13.452890396118164,58160100,0.003631052563599191,0.003631052563599191,0.02844826645082099,-0.07285498800613455,3.64,327.1505806451613,4.364516129032258,16.9,119.3431,4.26,56.52903225806452,60.38,120.9156723022461,681.77685546875,0.019140368208952596,0.0115411092816613,80.87096774193549,0.04017103210673123,80.2699966430664,0.020086609624257123,183.77577209472656,0.008208444581594643,27.948829650878906,0.011089011287402917,64.70074462890625,0.02987624787378418,41.16504669189453,56.52903225806452,1.92,120.89919032258064,97.52271935483871,4.012903225806451,6.085714285714285,1783.079
2026-01-22,13.394271850585938,38170300,0.02115242872294254,0.0007293744524707879,0.005669312844395202,-0.0798568905237712,3.64,327.17870967741936,4.367741935483871,15.64,119.1962,4.26,56.535483870967745,59.24,122.13080596923828,685.3379516601562,0.010049430680538984,0.005223257672714476,81.06451612903226,-0.034134769881122295,77.52999877929688,0.000376621283636025,183.84498596191406,0.00849552958814015,28.186269760131836,0.00751209604766534,65.18678283691406,0.008726301225909783,41.52426528930664,56.535483870967745,1.95,120.42955483870968,97.54289032258065,3.9935483870967743,6.09,1783.079
2026-01-23,13.247726440429688,39702100,0.02359881559957744,0.017699057708853827,0.0585390887845354,-0.07713281052933474,3.64,327.2068387096774,4.370967741935484,16.09,118.8976,4.24,56.541935483870965,60.7,122.6387710571289,685.5865478515625,0.004159188861969643,0.00036273518897367296,81.25806451612904,-0.013672095644051585,76.47000122070312,0.008013302939420042,185.3181915283203,0.0021060754759039124,28.24563217163086,-0.00014899062073026048,65.17707061767578,0.035305200013559634,42.99028778076172,56.541935483870965,1.92,119.9599193548387,97.56306129032258,3.9741935483870967,6.091428571428572,1783.079
2026-01-26,13.130489349365234,59171000,0.02752980103013325,0.011160696776570278,0.08528886176058137,-0.060619759162994225,3.64,327.2912258064516,4.380645161290323,16.15,118.0525,4.22,56.561290322580646,60.46,121.83200073242188,689.0680541992188,-0.006578427994285874,0.005078142735685631,81.83870967741936,0.007453899381786533,77.04000091552734,0.0046950958389258,186.1882781982422,0.004203095906325283,28.364351272583008,-0.004474364585563495,64.88544464111328,0.005645873881042984,43.23300552368164,56.561290322580646,1.9,118.5510129032258,97.6235741935484,3.9161290322580644,6.095714285714285,1783.079
2026-01-27,13.60920524597168,100003700,-0.014357525840757557,-0.025843560528499565,0.04566152353218422,-0.10019413766479524,3.64,327.31935483870967,4.383870967741935,16.35,117.4523,4.24,56.56774193548387,62.04,122.20052337646484,691.8134765625,0.003024842749257184,0.0039842543077575066,82.03225806451613,0.012590877585356042,78.01000213623047,-0.007275179918759478,184.83372497558594,0.0006976624240497831,28.384140014648438,-0.015131107456907489,63.903656005859375,0.004266816832172005,43.41747283935547,56.56774193548387,1.9,118.08137741935484,97.64374516129033,3.896774193548387,6.097142857142857,1783.079
2026-01-28,13.501738548278809,48751800,0.0,0.0021708483196902773,0.030578843206394035,-0.10473492009485508,3.64,327.3474838709677,4.387096774193549,16.35,117.5117,4.26,56.5741935483871,62.75,121.28419494628906,691.7438354492188,-0.007498563875645847,-0.0001006645803248718,82.2258064516129,-0.0025638324850632,77.80999755859375,-0.01107315180063373,182.7870330810547,0.0010456632492610307,28.413820266723633,-0.002738007970410572,63.72868728637695,-0.011851553775689472,42.90290832519531,56.5741935483871,1.9,117.61174193548386,97.66391612903226,3.8774193548387097,6.098571428571428,1783.079
2026-01-29,13.677593231201172,84803900,-0.02000000557802417,0.0,-0.0332129502755405,-0.1277978323240363,3.64,327.3756129032258,4.390322580645162,16.88,117.4396,4.24,56.58064516129032,64.77,120.70650482177734,690.3711547851562,-0.004763111341651305,-0.001984377154833794,82.41935483870968,0.013108910223173176,78.83000183105469,0.0027587977792378204,183.2913055419922,0.08460998085188143,30.817913055419922,-0.00625382607411562,63.33013916015625,-0.006788900605864456,42.61164474487305,56.58064516129032,1.89,117.1421064516129,97.68408709677419,3.858064516129032,6.1,1783.079
2026-01-30,13.560357093811035,66996300,-0.005763740442849108,0.028308612415795187,-0.07510486800644067,-0.1348224373402892,3.64,327.4037419354839,4.393548387096774,17.44,117.8996,4.26,56.58709677419355,64.5,120.68659210205078,688.3120727539062,-0.0001649680748850857,-0.002982572514766746,82.61290322580645,-0.03907144183068301,75.75,0.0007012050020234195,183.41983032226562,-0.03627605622714758,29.699960708618164,-0.0007673951740602147,63.28153991699219,0.008202401581968388,42.96116256713867,56.58709677419355,1.9,116.67247096774193,97.70425806451614,3.8387096774193545,6.101428571428571,1783.079
2026-02-02,13.491969108581543,54218100,-0.015930539666248578,0.034252904518194294,-0.062365226574154664,-0.1582513480435035,3.64,327.56117857142857,4.396428571428571,16.34,118.3609,4.29,56.48214285714286,61.6,121.48340606689453,691.7339477539062,0.0066023404171524636,0.004971400525214165,83.35714285714286,0.02943898821034452,77.9800033569336,0.008517127511583844,184.98204040527344,0.08094599222815413,32.10405349731445,0.012288716848567693,64.05918884277344,-0.011299402921911561,42.47572708129883,56.48214285714286,1.94,115.27219642857142,97.74928571428572,3.789285714285714,6.105714285714286,1783.079
2026-02-03,13.413810729980469,76638000,-0.011653347931804281,0.0196650646266725,-0.0915042586773217,-0.1393585678331224,3.64,327.6623571428571,4.392857142857143,18.0,117.9764,4.28,56.364285714285714,62.62,120.5073013305664,685.885009765625,-0.008034881206661515,-0.008455473390127866,83.71428571428571,0.0028211539091840265,78.19999694824219,-0.0014431266628023298,184.715087890625,-0.015716410098284395,31.5994930267334,-0.005007523492901567,63.73841094970703,0.0267427479557929,43.61164474487305,56.364285714285714,1.92,114.81119285714286,97.75397142857143,3.7785714285714285,6.107142857142858,1783.079
2026-02-04,13.501738548278809,70488700,0.0021708483196902773,0.007904588906636034,-0.11131781596582868,-0.1098549266722415,3.64,327.7635357142857,4.389285714285714,18.64,118.2602,4.29,56.246428571428574,64.56,119.62085723876953,682.5626831054688,-0.007355936793947859,-0.004843853725993386,84.07142857142857,0.03593357158118726,81.01000213623047,0.03377575526075449,190.9539794921875,0.004696257402034831,31.747892379760742,0.04468501988372253,66.58656311035156,0.08103306258255505,47.1456298828125,56.246428571428574,1.94,114.35018928571428,97.75865714285715,3.767857142857143,6.1085714285714285,1783.079
2026-02-05,13.404041290283203,79719900,0.020408169073327986,0.03219629863944595,-0.10189349730447672,-0.10263016646702461,3.64,327.8647142857143,4.385714285714286,21.77,118.5034,4.21,56.128571428571426,62.9,117.04119110107422,674.0379638671875,-0.02156535404646165,-0.012489284060324235,84.42857142857143,-0.015923970886434713,79.72000122070312,-0.0012944329554208656,190.70680236816406,-0.01994390040179539,31.114715576171875,-0.004671483703372559,66.27550506591797,-0.036655720747662546,45.41747283935547,56.128571428571426,1.89,113.88918571428572,97.76334285714286,3.757142857142857,6.11,1783.079
2026-02-06,13.482198715209961,55588200,0.0342698755261861,-0.0008893614041342035,-0.10343740693819314,-0.09757758127368321,3.64,327.9658928571428,4.382142857142857,17.76,118.2407,4.22,56.010714285714286,63.77,117.51927185058594,686.96923828125,0.004084722182114975,0.01918478647681998,84.78571428571429,0.03336673346693386,82.37999725341797,-0.0071029649882090595,189.3522186279297,0.08076320634151557,33.62763977050781,0.032707549319011875,68.4432144165039,0.029713458466621434,46.76698303222656,56.010714285714286,1.88,113.42818214285714,97.76802857142857,3.7464285714285714,6.107142857142858,1783.079
2026-02-09,13.277034759521484,59778000,0.05099583536249863,0.05620242235659001,-0.09925276433380881,-0.10371549161828997,3.64,328.26942857142853,4.371428571428572,17.36,117.6392,4.22,55.65714285714286,64.53,117.0810317993164,690.2816772460938,-0.0037290909343508094,0.004821815563577747,85.85714285714286,0.0120175470523336,83.37000274658203,-0.010704316014965132,187.32533264160156,-0.03471618157736045,32.4602165222168,-0.047294451035443275,65.20623016357422,0.004982428584619392,46.999996185302734,55.65714285714286,1.87,112.04517142857142,97.78208571428571,3.714285714285714,6.098571428571429,1783.079
2026-02-10,13.257494926452637,80827700,0.03168768012006762,0.07489189468956958,-0.1031394402226351,-0.0956059317665997,3.64,328.3706071428571,4.367857142857143,17.79,117.5216,4.16,55.53928571428571,64.2,117.85791778564453,688.4613037109375,0.006635455584810268,-0.0026371459581814305,86.21428571428571,0.021350590388097945,85.1500015258789,0.006386564697761665,188.52169799804688,0.01645832283005877,32.99445724487305,0.014311236217066314,66.13941192626953,0.002478822949902426,47.11650085449219,55.53928571428571,1.84,111.58416785714286,97.78677142857143,3.7035714285714283,6.095714285714286,1783.079
2026-02-11,13.531048774719238,129595000,0.005721320468021096,0.051701352089776886,-0.14827513563432715,0.002878632747060461,3.64,328.4717857142857,4.364285714285715,17.65,117.4601,4.18,55.42142857142857,64.8,117.29019927978516,688.3021850585938,-0.00481697383193147,-0.00023112214366449724,86.57142857142857,-0.016324126420901863,83.76000213623047,0.011066245631915494,190.60792541503906,-0.007796007514597414,32.73723220825195,-0.014109314484616164,65.20623016357422,0.03214501654399671,48.63106155395508,55.42142857142857,1.86,111.12316428571428,97.79145714285714,3.6928571428571426,6.0928571428571425,1783.079
2026-02-12,13.677593231201172,133257200,0.011552366909041156,0.017328550363561623,-0.1545125936445666,0.058665753358179806,3.64,328.57296428571425,4.360714285714286,20.82,117.5376,4.09,55.30357142857143,63.08,115.66669464111328,677.668701171875,-0.013841775771896825,-0.01544885969788623,86.92857142857143,-0.009073568730267878,83.0,0.014368682645674369,193.34671020507812,-0.014808196209939783,32.2524528503418,-0.032945772941193385,63.057960510253906,-0.00698734054886041,48.291259765625,55.30357142857143,1.8,110.66216071428572,97.79614285714285,3.682142857142857,6.09,1783.079
2026-02-13,13.944231986999512,87400200,-0.03399425794204147,-0.0516996547638775,-0.15439097000893265,-0.0390292107142679,3.64,328.67414285714284,4.357142857142858,20.6,117.5258,4.04,55.18571428571428,63.05,115.71649932861328,678.1461181640625,0.0004305879722295014,0.0007044991031190939,87.28571428571429,0.026505987328219183,85.19999694824219,0.0012784928305751286,193.59390258789062,-0.020955229268342257,31.576595306396484,0.01433649041098306,63.96199035644531,0.007036507019681393,48.63106155395508,55.18571428571428,1.77,110.20115714285714,97.80082857142857,3.6714285714285713,6.078571428571428,1783.079
2026-02-17,13.954108238220215,57684800,0.004953955875853344,-0.10120316898446091,-0.16560514211953947,-0.06622483425475345,3.64,329.07885714285715,4.3428571428571425,20.29,117.7375,4.05,54.714285714285715,62.53,115.57705688476562,679.2402954101562,-0.0012050351043861873,0.0016134830190519533,88.71428571428571,-0.028521131364030117,82.7699966430664,-0.007201256052278726,192.1997833251953,0.02864339547079675,32.481056213378906,0.004559125132729047,64.25360107421875,-0.0105809061743799,48.11650085449219,54.714285714285715,1.79,108.35714285714286,97.81957142857144,3.6285714285714286,6.032857142857143,1783.079
2026-02-18,13.677594184875488,64199300,0.04187722253741932,-0.07509030994777088,-0.15956683019805395,-0.045153683967441904,3.64,329.18003571428574,4.339285714285714,19.62,117.8426,4.09,54.59642857142857,65.33,116.55313873291016,682.662109375,0.008445290738954503,0.005037707550576753,89.07142857142857,0.012564950558258348,83.80999755859375,0.005247219257216829,193.2082977294922,-0.0042839959157758845,32.3419075012207,0.012254198840919495,65.04097747802734,0.0006053061445827623,48.145626068115234,54.59642857142857,1.8,107.89613928571428,97.82425714285715,3.617857142857143,6.021428571428571,1783.079
2026-02-19,13.608464241027832,58268500,0.04571846165134352,-0.10449925081514722,-0.16400571316083823,-0.028545761455422203,3.64,329.28121428571427,4.335714285714285,20.23,118.2354,4.08,54.47857142857143,66.66,115.77625274658203,680.8616333007812,-0.006665508923860197,-0.002637433731113581,89.42857142857143,-0.039971346757038395,80.45999908447266,-0.009262603301395722,191.41868591308594,-0.030424131809478783,31.357933044433594,-0.009116661002966486,64.4480209350586,-0.0012099591738810034,48.087371826171875,54.47857142857143,1.79,107.43513571428572,97.82894285714286,3.607142857142857,6.01,1783.079
2026-02-20,13.835601806640625,67701100,0.005710216933376033,-0.1327623713784699,-0.16059955830291262,-0.01196924663350718,3.64,329.38239285714286,4.332142857142857,19.09,117.9917,4.08,54.36071428571429,66.69,116.9814224243164,685.7855834960938,0.010409472142550058,0.007231939581382241,89.78571428571429,-0.011061389507524777,79.56999969482422,0.017148678557635133,194.70126342773438,0.013946155697107665,31.795255661010742,-0.027450978303087736,62.67885971069336,0.019382243878539818,49.019412994384766,54.36071428571429,1.8,106.97413214285714,97.83362857142858,3.5964285714285715,6.005714285714285,1783.079
2026-02-23,13.470208168029785,59134400,-0.018328459191264135,-0.10630507746908802,-0.13196482121856457,0.10837190627912263,3.64,329.6859285714286,4.321428571428571,21.01,117.9395,4.03,54.00714285714285,66.36,114.53124237060547,678.7827758789062,-0.020945035570037907,-0.010211366038766267,90.85714285714286,-0.03393234835487646,76.87000274658203,-0.0015234395266060519,194.40464782714844,-0.049077824297500516,30.234813690185547,-0.027450435268649875,60.95829772949219,0.0017825479790305465,49.10679244995117,54.00714285714285,1.77,105.59112142857143,97.84768571428572,3.564285714285714,5.992857142857143,1783.079
2026-02-24,14.023236274719238,73560800,-0.10563381957912132,-0.13802814104512318,-0.17816897208317306,0.09247247887014187,3.64,329.78710714285717,4.317857142857143,19.55,117.9463,4.04,53.88928571428571,65.62,116.27426147460938,683.7164916992188,0.015218721703583515,0.00726847527019836,91.21428571428571,0.010667356127558758,77.69000244140625,0.004221340397627893,195.2252960205078,0.03911902471335971,31.417570114135742,0.00031890157681058184,60.97773742675781,-0.007908226262756224,48.71844482421875,53.88928571428571,1.78,105.13011785714286,97.85237142857143,3.5535714285714284,5.988571428571428,1783.079
2026-02-25,14.250373840332031,58968700,-0.11226613842303212,-0.16077623706717703,-0.1961192162006612,0.11435673845247818,3.64,329.8882857142857,4.314285714285714,17.93,117.769,4.05,53.77142857142857,65.3,116.62286376953125,689.4859008789062,0.002998103711869149,0.008438306300538434,91.57142857142857,-0.016089586313795645,76.44000244140625,-0.023600849910721866,190.61781311035156,0.002847220303966891,31.507022857666016,-0.0063764986911436505,60.58891296386719,-0.014334855920110523,48.02007293701172,53.77142857142857,1.77,104.66911428571429,97.85705714285714,3.5428571428571427,5.984285714285715,1783.079
2026-02-26,14.230622291564941,61456300,-0.1436502442820745,-0.16446912317870743,-0.21096457693794668,0.17001205410387388,3.64,329.9894642857143,4.310714285714286,18.63,117.9042,4.02,53.653571428571425,65.1,116.58302307128906,685.6561889648438,-0.0003416199615962068,-0.005554445579207146,91.92857142857143,0.007849273351096642,77.04000091552734,0.0007779974414698909,190.76611328125,0.03154572070024164,32.50093460083008,0.008503168792836524,61.10411071777344,-0.01188027747312681,47.449581146240234,53.653571428571425,1.74,104.20811071428572,97.86174285714286,3.532142857142857,5.98,1783.079
2026-02-27,13.914606094360352,73157000,-0.1376863692745195,-0.17175300513579983,-0.20440029493118894,0.25335926980542567,3.64,330.0906428571429,4.307142857142857,19.86,117.8223,3.97,53.535714285714285,66.96,116.39378356933594,682.3637084960938,-0.0016232166310991003,-0.004801940858611298,92.28571428571429,-0.045430944423763386,73.54000091552734,0.01767390430751825,194.1376953125,-0.035168267326296854,31.357933044433594,-0.014158442000150373,60.23897171020508,0.003938619250700048,47.63646697998047,53.535714285714285,1.72,103.74710714285715,97.86642857142857,3.5214285714285714,5.982857142857143,1783.079
2026-03-02,13.223320007324219,110305500,-0.08961920013016333,-0.12546676478920293,-0.13816281032790656,0.2576266135551033,3.64,330.3611935483871,4.3,21.44,118.667,4.05,53.18709677419355,71.13,114.95952606201172,682.751708984375,-0.012322457981356227,0.0005686124327104469,93.06451612903226,-0.01454990048277649,72.47000122070312,-0.0070282907941267014,192.7732391357422,-0.07638668397991599,28.962604522705078,-0.00613205321796173,59.86958312988281,-0.00578156884093306,47.361053466796875,53.18709677419355,1.76,102.6005741935484,97.89874193548387,3.4838709677419355,5.991428571428572,1783.079
2026-03-03,12.541908264160156,102354700,-0.03622042310539675,-0.05984255057963017,-0.08031491404854207,0.28768280538940183,3.64,330.4293870967742,4.3,23.57,119.4341,4.06,53.07419354838709,74.48,113.90375518798828,676.7337036132812,-0.00918384852642773,-0.008814339520359149,93.12903225806451,-0.014764725773435461,71.4000015258789,-0.02220857781721053,188.4920196533203,-0.020933376165791606,28.356319427490234,0.07079062078752418,64.1077880859375,-0.020353083617979495,46.39710998535156,53.07419354838709,1.77,102.37604838709677,97.92168387096774,3.467741935483871,5.994285714285715,1783.079
2026-03-04,12.65053939819336,73976700,-0.05464486682751035,-0.07962531922226912,-0.0944574510525854,0.2418442837615713,3.64,330.4975806451613,4.3,21.15,119.0705,4.09,52.961290322580645,74.58,115.9256591796875,681.5082397460938,0.017750986245907763,0.00705526576749449,93.19354838709677,0.027871117944559876,73.38999938964844,-0.013178647185103753,186.00794982910156,-0.01822642252125828,27.83948516845703,0.021834792857945207,65.507568359375,-0.027347903315079747,45.12824630737305,52.961290322580645,1.8,102.15152258064516,97.94462580645161,3.4516129032258065,5.997142857142857,1783.079
2026-03-05,12.186389923095703,71944300,-0.02431118682246758,-0.05672607649998174,-0.05915721865942691,0.2587813330603719,3.64,330.5657741935484,4.3,23.75,119.5683,4.13,52.84838709677419,80.88,116.08502960205078,677.70849609375,0.0013747639952277346,-0.005575491873376914,93.25806451612904,-0.016078489099186744,72.20999908447266,-0.018536339426935555,182.56004333496094,-0.03034631350101691,26.994659423828125,-0.02656178373503182,63.76757049560547,-0.04773324382154365,42.97412872314453,52.84838709677419,1.82,101.92699677419355,97.96756774193548,3.435483870967742,6.0,1783.079
2026-03-06,11.998754501342773,59877700,-0.039506085312161265,-0.05185172703707297,-0.05185172703707297,0.24179552276553573,3.64,330.63396774193546,4.3,29.49,119.491,4.15,52.73548387096774,90.77,113.98343658447266,668.82568359375,-0.018103910769395215,-0.01310712873041986,93.3225806451613,0.0067857342470856175,72.69999694824219,-0.022260892968262502,178.49609375,-0.050441829336812294,25.632999420166016,0.01646346562866885,64.8174057006836,-0.009384301148382512,42.57084655761719,52.73548387096774,1.8,101.70247096774195,97.99050967741935,3.4193548387096775,6.015714285714286,1783.079
2026-03-09,12.038256645202637,69611200,-0.039376450672251595,-0.035274740361404544,-0.0008202469978080273,0.24602759702565802,3.64,330.83854838709675,4.3,25.5,119.5151,4.12,52.39677419354838,94.65,114.1328353881836,674.6845703125,0.0013107062586257268,0.00875996072290297,93.51612903225806,0.0020632948029652987,72.8499984741211,-0.01764647048364154,175.3462677001953,0.0232647725579902,26.229345321655273,-0.010797991041870736,64.11750793457031,-0.022643187643529905,41.60690689086914,52.39677419354838,1.78,101.0288935483871,98.05933548387097,3.370967741935484,6.062857142857143,1783.079
2026-03-10,12.087635040283203,56746300,-0.024509885912239793,-0.032679716388513746,0.0,0.23680105822543696,3.64,330.90674193548386,4.3,24.93,118.7255,4.15,52.28387096774193,83.71,113.98343658447266,673.6002807617188,-0.0013089905565107918,-0.0016071058958396778,93.58064516129032,-0.01098140616499077,72.05000305175781,-0.012296661539105469,173.19009399414062,-0.00682074133067323,26.05044174194336,-0.01758630701296171,62.98991775512695,-0.004728155796446698,41.41018295288086,52.28387096774193,1.82,100.8043677419355,98.08227741935484,3.3548387096774195,6.078571428571429,1783.079
2026-03-11,11.95925235748291,50074500,-0.026424410804146814,-0.036333515015926854,0.0016515705310566897,0.19572693704279476,3.64,330.974935483871,4.3,24.23,119.2885,4.21,52.17096774193548,86.8,113.68463134765625,672.7548217773438,-0.0026214794514899387,-0.0012551345486657706,93.64516129032258,-0.0240111489751198,70.31999969482422,0.0014916936162985284,173.4484405517578,-0.009156802192776703,25.81190299987793,-0.025463001233797855,61.38600540161133,0.009501234911815093,41.80363082885742,52.17096774193548,1.85,100.57984193548387,98.10521935483871,3.338709677419355,6.094285714285714,1783.079
2026-03-12,11.890124320983887,51733900,-0.03322256977811222,-0.036544834776649604,0.009966794995612371,0.23716116341916815,3.64,331.04312903225804,4.3,27.29,119.8227,4.27,52.05806451612903,95.61,111.07508850097656,662.5390625,-0.022954227108319514,-0.015184966271003186,93.70967741935483,-0.00355517635217506,70.06999969482422,-0.020336906886768258,169.92103576660156,-0.07893720408625782,23.774383544921875,-0.008709435443372882,60.85136795043945,-0.05105884699747809,39.669185638427734,52.05806451612903,1.89,100.35531612903226,98.12816129032258,3.3225806451612905,6.11,1783.079
2026-03-13,11.524730682373047,48546500,-0.012853430444610514,-0.02570694363946846,0.08911738255009127,0.287665678408044,3.64,331.11132258064515,4.3,27.19,120.5518,4.28,51.94516129032258,98.48,110.417724609375,658.7890014648438,-0.005918193723480902,-0.00566013575260893,93.7741935483871,0.0061367248044605915,70.5,-0.0014033833680033858,169.6825714111328,0.0029263618381107914,23.843955993652344,-0.0001597309799301616,60.84164810180664,0.005950838341889142,39.905250549316406,51.94516129032258,1.92,100.13079032258065,98.15110322580645,3.306451612903226,6.125714285714286,1783.079
2026-03-16,11.56423282623291,49441400,0.00426984151462606,-0.042698580081423576,0.08539707769526528,0.27721403397021116,3.64,331.31590322580644,4.3,23.51,120.097,4.23,51.60645161290322,93.39,111.75237274169922,665.493408203125,0.012087263499096723,0.01017686501045656,93.96774193548387,0.01517730063580447,71.56999969482422,0.006909874961298357,170.8550567626953,0.03042932221964456,24.56951141357422,0.004793071132458415,61.13326644897461,0.00073951416519491,39.93476104736328,51.60645161290322,1.87,99.45721290322581,98.21992903225807,3.2580645161290325,6.172857142857143,1783.079
2026-03-17,11.79136848449707,59520100,-0.00837510330272706,-0.033500736726984615,0.04187608266676879,0.2220803604227901,3.64,331.38409677419355,4.3,22.37,119.8328,4.2,51.49354838709677,96.01,112.72846221923828,667.2440185546875,0.008734396000657396,0.002630544991105488,94.03225806451613,0.006287508036341816,72.0199966430664,-0.004885168619141456,170.02040100097656,0.014967744439700281,24.9372615814209,-0.0042931615111933,60.870811462402344,0.0027093253022498764,40.0429573059082,51.49354838709677,1.83,99.2326870967742,98.24287096774194,3.241935483870968,6.188571428571429,1783.079
2026-03-18,11.64323616027832,55564800,-0.010178053272642762,-0.009329895817924427,0.09160305280986258,0.19897937703715463,3.64,331.45229032258067,4.3,25.09,119.9276,4.26,51.38064516129032,96.12,110.12887573242188,657.9335327148438,-0.02306060453269232,-0.013953644515257158,94.09677419354838,-0.026242703106684973,70.12999725341797,-0.037636582308551825,163.6214141845703,-0.03706659175128746,24.012922286987305,0.003992312299906597,61.113826751708984,-0.02112504109499258,39.19704818725586,51.38064516129032,1.86,99.00816129032259,98.26581290322581,3.225806451612903,6.204285714285714,1783.079
2026-03-19,11.49510383605957,47423400,-0.0034364321038968804,-0.0034364321038968804,0.1056700590451396,0.22312948365991914,3.64,331.5204838709677,4.3,24.06,120.1802,4.25,51.26774193548387,96.11,109.26234436035156,656.3121948242188,-0.007868339400610158,-0.002464288275344284,94.16129032258064,-0.013688851020536297,69.16999816894531,-0.010202186999590523,161.95211791992188,0.032284758151652326,24.78817367553711,0.02099575029011036,62.39695739746094,-0.02910911060155985,38.05605697631836,51.26774193548387,1.88,98.78363548387097,98.28875483870968,3.2096774193548385,6.22,1783.079
2026-03-20,11.376598358154297,147725100,-0.013020876120399372,0.007812408313429886,0.10937488997611577,0.24026525438192659,3.64,331.58867741935484,4.3,26.78,120.2757,4.39,51.15483870967741,98.71,107.31016540527344,646.9034423828125,-0.017866896106857877,-0.014335787930812693,94.2258064516129,-0.015469130015166144,68.0999984741211,-0.011227664939275628,160.13377380371094,-0.03287891129536746,23.97316551208496,-0.02165453688662,61.045780181884766,-0.010597055963477708,37.652774810791016,51.15483870967741,2.01,98.55910967741936,98.31169677419355,3.193548387096774,6.242857142857143,1783.079
2026-03-23,11.61361026763916,44442200,-0.04676872654585784,-0.02040811634133166,0.0739795757066184,0.20548216078943304,3.64,331.7932580645161,4.3,26.15,119.9371,4.34,50.81612903225806,89.33,109.90100860595703,653.6959228515625,0.02414350207083249,0.010499991225476402,94.41935483870968,0.04229082154688957,70.9800033569336,0.022834378338347117,163.7903289794922,0.05514103406335802,25.29507064819336,0.01926764622532895,62.221988677978516,0.028213204890679133,38.71508026123047,50.81612903225806,2.01,97.88553225806452,98.38052258064516,3.1451612903225805,6.311428571428571,1783.079
2026-03-24,11.692614555358887,31903900,-0.02533784045554066,0.028716224620420228,0.05405398351385071,0.18365315875779276,3.64,331.86145161290324,4.3,26.95,120.1295,4.39,50.70322580645161,93.18,109.46187591552734,651.5015869140625,-0.0039957111950097435,-0.0033568144771775055,94.48387096774194,-0.0008453815884811311,70.91999816894531,0.006551791695356135,164.8634490966797,0.000785784723789984,25.3149471282959,-0.021253045698085393,60.89958190917969,-0.005843475457403047,38.48884963989258,50.70322580645161,2.06,97.6610064516129,98.40346451612903,3.129032258064516,6.3342857142857145,1783.079
2026-03-25,11.524730682373047,37746100,0.0008568788129246219,0.048843168089915734,0.06083971972160174,0.2243235912018613,3.64,331.9296451612903,4.3,25.33,120.1282,4.33,50.59032258064516,91.51,110.50979614257812,655.1322021484375,0.009573380853252322,0.0055726882440485515,94.54838709677419,-0.0004229946428567777,70.88999938964844,0.028447429869671748,169.5533905029297,0.010208084899681946,25.5733642578125,-0.021228278313203175,59.606788635253906,0.036289172804409686,39.88557815551758,50.59032258064516,2.02,97.4364806451613,98.4264064516129,3.1129032258064515,6.357142857142857,1783.079
2026-03-26,11.455601692199707,28517600,0.0,0.0456896309869681,0.07672408475176096,0.23345769991830712,3.64,331.9978387096774,4.3,27.44,120.389,4.42,50.47741935483871,96.18,108.61357116699219,643.432373046875,-0.017158885834333226,-0.017858729983344035,94.61290322580645,0.0008463472860815724,70.94999694824219,-0.012423762701641694,167.4468994140625,-0.01748928683942963,25.1261043548584,0.046523126656180525,62.3798828125,-0.01676940902937274,39.21672058105469,50.47741935483871,2.08,97.21195483870969,98.44934838709678,3.096774193548387,6.38,1783.079
2026-03-27,11.22846508026123,33064600,0.021108130789978752,0.06948106145636213,0.09058919224634088,0.24861237556055138,3.64,332.0660322580645,4.3,31.05,120.8851,4.44,50.36451612903225,101.26,105.46983337402344,632.4606323242188,-0.02894424480468727,-0.01705189415742525,94.6774193548387,-0.05510917830718409,67.04000091552734,-0.004391186280048864,166.71160888671875,-0.04311708935829739,24.042739868164062,-0.003638645854532885,62.15290451049805,-0.03135190480396344,37.98720169067383,50.36451612903225,2.13,96.98742903225806,98.47229032258065,3.0806451612903225,6.3914285714285715,1783.079
2026-03-30,11.070456504821777,41459900,0.02765395024127315,0.13380911707786258,0.09188225752193602,0.24861237556055138,3.64,332.2706129032258,4.3,30.61,121.2851,4.35,50.0258064516129,104.69,105.44987487792969,630.3460693359375,-0.00018923416729954567,-0.0033433906874337227,94.87096774193549,-0.005966609791412725,66.63999938964844,0.0022052769217870694,167.07925415039062,-0.00950812831407688,23.814138412475586,0.014766576908344264,63.0706901550293,-0.013205508631802587,37.48556137084961,50.0258064516129,2.04,96.31385161290324,98.54111612903226,3.032258064516129,6.425714285714285,1783.079
2026-03-31,11.39634895324707,38287900,0.05545928355444185,0.10138646744443358,0.046793715582457374,0.24861237556055138,3.64,332.33880645161287,4.3,25.25,121.035,4.3,49.912903225806446,102.86,108.76327514648438,648.6688842773438,0.0314215666200679,0.029067865784757174,94.93548387096774,0.042016852902203805,69.44000244140625,0.026940175380051334,171.5803985595703,0.08013356648974357,25.722450256347656,0.004537546958155447,63.356876373291016,0.04303333345205851,39.098690032958984,49.912903225806446,2.0,96.08932580645161,98.56405806451613,3.0161290322580645,6.437142857142857,1783.079
2026-04-01,11.534605979919434,33991700,0.047945206045749256,0.06506844076818763,0.017123317401839477,0.24861237556055138,3.64,332.407,4.3,24.54,120.1198,4.33,49.8,101.9,109.5816421508789,653.5562744140625,0.00752429534042931,0.00753449141030349,95.0,-0.10584680343322739,62.09000015258789,0.0024323474193559402,171.99774169921875,0.027047957685215396,26.418190002441406,0.0017134470794542,63.46543502807617,0.023899342474408725,40.03312301635742,49.8,2.02,95.8648,98.587,3.0,6.448571428571428,1783.079
2026-04-02,11.455601692199707,31109100,0.0456896309869681,0.10948272108660051,-0.008620663101419068,0.24861237556055138,3.639666666666667,332.45939999999996,4.3,23.87,120.503,4.31,49.63333333333333,113.23,107.93492126464844,654.144775390625,-0.015027342663501586,0.0009004595313388819,94.83333333333333,-0.017716193773841482,60.9900016784668,-0.009416570765692578,170.37811279296875,-0.03536496966949054,25.483911514282227,0.002954484268666624,63.6529426574707,-0.018918965017962308,39.27573776245117,49.63333333333333,1.97,95.9419,98.58861,3.0,6.46,1783.079
2026-04-06,11.465476989746094,24374600,0.04737297569940968,0.10852711566319728,0.006890623721139688,0.24861237556055138,3.6383333333333336,332.669,4.3,24.17,120.4302,4.34,48.96666666666666,114.01,108.82315063476562,657.23681640625,0.008229304841380403,0.004726845083763864,94.16666666666667,-0.010329579451998305,60.36000061035156,-0.012363624965296083,168.27162170410156,0.012870531488538672,25.81190299987793,-0.0046512583993623124,63.356876373291016,-0.003005177109837609,39.15770721435547,48.96666666666666,1.98,96.25030000000001,98.59505,3.0,6.408571428571428,1783.079
2026-04-07,11.376598358154297,41991600,0.10329855377062125,0.10937488997611577,0.056423517095993025,0.24861237556055138,3.638,332.72139999999996,4.3,25.78,120.32,4.33,48.8,114.58,107.55567169189453,657.5260009765625,-0.011647144339029802,0.0004400005646272298,94.0,-0.03545393253825502,58.220001220703125,-0.01092416118501438,166.4333953857422,-0.029649584334321966,25.04659080505371,-0.0028037239687210835,63.17924118041992,-0.01934192034687332,38.40032196044922,48.8,1.96,96.3274,98.59666,3.0,6.395714285714286,1783.079
2026-04-08,12.028382301330566,58140000,0.04351393237579382,0.036945776680327835,0.0,0.24861237556055138,3.6376666666666666,332.7738,4.3,21.04,119.0596,4.29,48.63333333333333,96.17,110.599609375,674.27294921875,0.028301042941047072,0.02546963651219092,93.83333333333333,0.043112302798108626,60.72999954223633,0.046626875255732836,174.19366455078125,0.11230162111671316,27.859363555908203,0.007185398868582604,63.633209228515625,0.08529710778833466,41.675758361816406,48.63333333333333,1.96,96.4045,98.59827,3.0,6.382857142857143,1783.079
2026-04-09,12.087635040283203,32576200,0.01633981874591517,0.01960779827443493,0.006535880160355889,0.24861237556055138,3.6373333333333333,332.8262,4.3,19.49,118.8998,4.29,48.46666666666666,99.62,112.51579284667969,678.162841796875,0.017325409036325512,0.005769017699185586,93.66666666666667,-0.010044469207139084,60.119998931884766,-0.008556269838461139,172.70321655273438,-0.006421667865918357,27.68045997619629,0.0007753102559884262,63.68254470825195,-0.014397005048031764,41.07575225830078,48.46666666666666,1.95,96.4816,98.59988,3.0,6.37,1783.079
2026-04-10,11.97900390625,28362700,0.06100575946174547,0.02061007431317008,-0.0065951505370317465,0.24861237556055138,3.637,332.8786,4.3,19.23,118.8552,4.31,48.3,98.34,112.66549682617188,677.7140502929688,0.0013305152610547655,-0.0006617754265585418,93.5,-0.007817654929408113,59.650001525878906,-0.015246577262018168,170.07008361816406,0.00466782745644756,27.809667587280273,-0.033472750713924304,61.5509147644043,-0.01436779527630716,40.4855842590332,48.3,1.95,96.5587,98.60149,3.0,6.36,1783.079
2026-04-13,12.008630752563477,32688600,0.05838812092984402,0.027138106039392484,-0.0015514659272319875,0.24861237556055138,3.636,333.0358,4.3,19.12,118.9916,4.3,47.8,100.72,113.69344329833984,684.3369750976562,0.009123879990996286,0.009772447246481741,93.0,-0.004861708434349743,59.36000061035156,0.006193053777717061,171.1233367919922,-0.008220146739344791,27.58106803894043,-0.02437075009220524,60.050872802734375,-0.004859110757291063,40.28886032104492,47.8,1.92,96.79,98.60632,3.0,6.33,1783.079
2026-04-14,12.55178451538086,50232200,0.005507426965011497,-0.024390305056414596,0.08112114880522747,0.24861237556055138,3.635666666666667,333.0882,4.3,18.36,118.3581,4.26,47.63333333333333,93.07,116.20843505859375,692.675537109375,0.02212081618158379,0.012184877209840739,92.83333333333333,-0.004885460117006302,59.06999969482422,-0.007954888651443448,169.76206970214844,0.03387383619414175,28.515344619750977,0.019885051279458166,61.24498748779297,0.0012207565926110053,40.338043212890625,47.63333333333333,1.89,96.86710000000001,98.60793,3.0,6.32,1783.079
2026-04-15,12.55178451538086,39926500,-0.006294267370740458,-0.03697876381871368,0.15362078790411426,0.24861237556055138,3.6353333333333335,333.1406,4.3,18.17,118.3623,4.29,47.46666666666666,93.04,117.94497680664062,698.1414184570312,0.014943336489913861,0.007890969227043909,92.66666666666667,-0.010326741383156146,58.459999084472656,-0.016505734964285312,166.96002197265625,0.004531227665511839,28.644554138183594,0.0214308235076337,62.557518005371094,-0.009997563922447994,39.93476104736328,47.46666666666666,1.9,96.94420000000001,98.60954,3.0,6.31,1783.079
2026-04-16,12.285144805908203,37407700,0.003215439824597377,-0.028938880793124788,0.09074820282833884,0.24861237556055138,3.6350000000000002,333.193,4.3,17.94,118.3616,4.32,47.3,96.46,117.39606475830078,699.8569946289062,-0.004653967156564298,0.002457347646937613,92.5,-0.016079347270442468,57.52000045776367,-0.010474331130301828,165.2112274169922,-0.052394207589348096,27.14374542236328,0.02019241569556529,63.82070541381836,-0.010344783447887917,39.521644592285156,47.3,1.93,97.02130000000001,98.61115000000001,3.0,6.3,1783.079
2026-04-17,12.709792137145996,45735000,-0.03807301212866965,-0.07692300766035853,0.025193771256836417,0.24861237556055138,3.6346666666666665,333.24539999999996,4.3,17.48,118.0795,4.26,47.13333333333333,85.91,120.17053985595703,708.3152465820312,0.023633459122913925,0.012085686101644066,92.33333333333333,0.03650901351544844,59.619998931884766,0.03734888983690543,171.38168334960938,0.0699377562162975,29.042118072509766,0.0163910027456311,64.86679077148438,0.04380281306772882,41.252803802490234,47.13333333333333,1.9,97.0984,98.61276000000001,3.0,6.29,1783.079
2026-04-20,12.709792137145996,26029000,-0.029526044626234982,-0.10644905228659352,0.02755421006824932,0.24861237556055138,3.6336666666666666,333.4026,4.3,18.87,118.2374,4.26,46.63333333333333,91.06,119.6316146850586,706.8988037109375,-0.004484669633209815,-0.0019997351150194964,91.83333333333333,0.020295251943099446,60.83000183105469,-0.0020872230042371376,171.0239715576172,-0.0071868436168310845,28.833396911621094,0.01840860387051846,66.06089782714844,-0.006914535782896025,40.967559814453125,46.63333333333333,1.91,97.3297,98.61759,3.0,6.26,1783.079
2026-04-21,12.620912551879883,32210000,-0.02973397432942726,-0.08528949630141669,0.04746786040124262,0.24861237556055138,3.6333333333333333,333.455,4.3,19.5,118.4331,4.3,46.46666666666666,93.64,118.73340606689453,702.2708129882812,-0.007508120830172493,-0.006546892848539487,91.66666666666667,-0.0004932203368572807,60.79999923706055,-0.01545427300856772,168.38092041015625,-0.05687694466443216,27.19344139099121,-0.005228593464125408,65.71549224853516,-0.013205393224947404,40.42656707763672,46.46666666666666,1.92,97.4068,98.6192,3.0,6.25,1783.079
2026-04-22,12.472780227661133,23958300,-0.03087885622515707,-0.036421244442663814,0.09598660657691327,0.24861237556055138,3.633,333.50739999999996,4.3,18.92,118.6004,4.3,46.3,94.76,118.6934814453125,709.3825073242188,-0.0003362543272744656,0.01012671209511895,91.5,0.0009868647046700207,60.86000061035156,-0.014221642894452713,165.98626708984375,-0.015350845660734858,26.775999069213867,-0.04595284055967741,62.6956787109375,-0.020194606656499525,39.61016845703125,46.3,1.92,97.4839,98.62081,3.0,6.24,1783.079
2026-04-23,12.324646949768066,30844500,-0.03205126171437711,-0.024038388251200637,0.21139375156354845,0.24861237556055138,3.6326666666666667,333.5598,4.3,19.31,118.7155,4.34,46.13333333333333,99.27,117.50584411621094,706.6295776367188,-0.010005918729823149,-0.0038807408683984024,91.33333333333333,-0.007394031521960165,60.40999984741211,0.002274666953972382,166.36383056640625,-0.010764666892476904,26.487764358520508,-0.031953364271626095,60.69234085083008,-0.01564442973744673,38.9904899597168,46.13333333333333,1.92,97.561,98.62242,3.0,6.23,1783.079
2026-04-24,12.225892066955566,35043500,-0.04038767601027693,-0.004846574164277584,0.2530782711742958,0.24861237556055138,3.6323333333333334,333.6122,4.3,18.71,118.7294,4.31,45.96666666666666,98.42,118.45396423339844,712.10546875,0.00806870606580068,0.007749309237231605,91.16666666666667,-0.005131623474160518,60.099998474121094,-0.011527201219501015,164.4461212158203,0.019512188799238883,27.00459861755371,-0.017073207370422394,59.6561279296875,-0.017406600037980224,38.311798095703125,45.96666666666666,1.89,97.63810000000001,98.62403,3.0,6.24,1783.079
2026-04-27,12.334522247314453,35098200,-0.07926334059189943,-0.03522809123835091,0.2874434693162442,0.24861237556055138,3.631333333333333,333.76939999999996,4.3,18.02,118.5458,4.35,45.46666666666666,99.89,117.60564422607422,713.332275390625,-0.007161600819477143,0.001722787837563633,90.66666666666667,-0.0004991477547173773,60.06999969482422,-0.003142020689902769,163.92942810058594,-0.014722082707340989,26.60703468322754,-0.019520227520600453,58.49162673950195,0.0025673071791403324,38.41015625,45.46666666666666,1.91,97.8694,98.62886,3.0,6.2700000000000005,1783.079
2026-04-28,12.24564266204834,44278000,-0.0572580307896422,-0.02087623312106468,0.3596672774171259,0.24861237556055138,3.631,333.8218,4.3,17.83,118.7717,4.36,45.3,103.45,116.77730560302734,709.8612060546875,-0.007043357727411048,-0.004865992267119479,90.5,-0.015814895418108432,59.119998931884766,0.009152699096802719,165.42982482910156,-0.017557018409435132,26.139894485473633,-0.002699496629183562,58.3337287902832,-0.013060095787145287,37.90851593017578,45.3,1.92,97.9465,98.63047,3.0,6.28,1783.079
2026-04-29,12.087635040283203,48672800,-0.005718983899080432,0.12263479577277892,0.4427967485729958,0.24861237556055138,3.6306666666666665,333.8742,4.3,18.81,119.0975,4.42,45.13333333333333,110.47,116.60763549804688,709.7515258789062,-0.0014529373160675485,-0.00015450932498595193,90.33333333333333,-0.013362603435434384,58.33000183105469,-0.02126252662312389,161.91236877441406,-0.027376400719366645,25.424278259277344,-0.006428724030997701,57.958717346191406,-0.030877112832314757,36.73801040649414,45.13333333333333,1.96,98.0236,98.63208,3.0,6.29,1783.079
2026-04-30,11.92962646484375,80557900,0.008278200225115828,0.21378482259343579,0.3940083714921594,0.24861237556055138,3.630333333333333,333.9266,4.3,16.89,118.671,4.4,44.96666666666666,108.64,118.11463165283203,716.8132934570312,0.012923649024770834,0.009949633527564838,90.16666666666667,0.03308754380067569,60.2599983215332,0.006014085830398752,162.88612365722656,0.03635648483935494,26.348615646362305,0.029967690194444563,59.69560623168945,0.018473936699385574,37.41670608520508,44.96666666666666,1.94,98.1007,98.63369,3.0,6.3,1783.079
2026-05-01,11.73211669921875,52880500,0.03703693768566052,0.14216385346922,0.3765631584286673,0.24861237556055138,3.63,333.979,4.3,16.99,118.3926,4.39,44.8,105.38,118.39407348632812,718.7982177734375,0.002365852812524105,0.0027690952923506984,90.0,0.0038168497069375196,60.4900016784668,-0.005490165954638471,161.99185180664062,0.005658282312997809,26.497703552246094,-0.00727401926468052,59.26137924194336,-0.007623541262152034,37.1314582824707,44.8,1.91,98.1778,98.6353,3.0,6.31,1783.079
2026-05-04,11.356846809387207,51014800,0.04782610630693984,0.14732548141804735,0.38330650239656205,0.24861237556055138,3.63,333.979,4.3,16.99,118.3926,4.39,44.8,105.38,117.48589324951172,716.1649780273438,-0.0076708251525891,-0.0036633921467564834,89.70967741935483,-0.015870439288013127,59.529998779296875,-0.01576387550537861,159.438232421875,-0.03713432957867413,25.513729095458984,-0.040133208754545735,56.88302993774414,-0.022251663766288732,36.30522155761719,44.8,1.95,98.1778,98.6353,3.0,6.34,1783.079
2026-05-05,11.54448127746582,42262100,0.038591469200263795,0.13127650396116874,0.3287734445488435,0.24861237556055138,3.63,333.979,4.3,16.99,118.3926,4.39,44.8,105.38,117.83518981933594,721.9102172851562,0.00297309370651333,0.008022228723942426,89.61290322580645,-0.07895173936870192,54.83000183105469,0.00941042463238384,160.93861389160156,0.003895625640767175,25.613121032714844,-0.0064191202185956975,56.51789093017578,0.01977788415831716,37.02326202392578,44.8,1.96,98.1778,98.6353,3.0,6.35,1783.079
2026-05-06,12.018506050109863,52111200,0.1290920550562249,0.09997034672274951,0.2397547212945048,0.24861237556055138,3.63,333.979,4.3,16.99,118.3926,4.39,44.8,105.38,119.6316146850586,731.9443359375,0.015245232502081318,0.013899399692774095,89.51612903225806,0.035929187310187016,56.79999923706055,0.029079364874693203,165.6186065673828,0.06790845425140213,27.352468490600586,0.02479483762835777,57.91924285888672,0.06827840426581999,39.551151275634766,44.8,1.94,98.1778,98.6353,3.0,6.36,1783.079
2026-05-07,12.028382301330566,38986700,0.20381936485628382,0.13647868298813415,0.2470504864432781,0.24861237556055138,3.63,333.979,4.3,16.99,118.3926,4.39,44.8,105.38,119.64159393310547,729.7001342773438,8.341647877241343e-05,-0.0030660824190705815,89.41935483870968,0.005457770729840883,57.11000061035156,-0.006899404006695753,164.47593688964844,-0.018895412184075533,26.83563232421875,-0.002555788371633838,57.77121353149414,-0.007212220333201014,39.265899658203125,44.8,1.96,98.1778,98.6353,3.0,6.37,1783.079
2026-05-08,12.166638374328613,38453500,0.1013723927887944,0.2271261663104751,0.22876996498962,0.24861237556055138,3.63,333.979,4.3,16.99,118.3926,4.39,44.8,105.38,119.96095275878906,735.724609375,0.002669295979641939,0.00825609701116825,89.3225806451613,0.014533321791052156,57.939998626708984,-0.012203250829499135,162.4687957763672,-0.022962984022289246,26.219406127929688,0.01469079909989035,58.61991882324219,0.0002505508426824399,39.27573776245117,44.8,1.93,98.1778,98.6353,3.0,6.368571428571428,1783.079
2026-05-11,11.90000057220459,48850800,0.09495790810346638,0.2873948704345348,0.20168063051493212,0.24861237556055138,3.63,333.979,4.3,16.99,118.3926,4.39,44.8,105.38,119.13261413574219,737.4002685546875,-0.0069050687244244235,0.002277563042387465,89.03225806451613,-0.043665841202326194,55.40999984741211,-0.0091125145632025,160.98829650878906,-0.03563301839301869,25.28512954711914,-0.029966369186678388,56.8632926940918,0.006761915593771928,39.541316986083984,44.8,1.95,98.1778,98.6353,3.0,6.364285714285715,1783.079
2026-05-12,11.989999771118164,42165300,0.08924108998533775,0.3244370656864475,0.22685573969574357,0.24861237556055138,3.63,333.979,4.3,16.99,118.3926,4.39,44.8,105.38,118.05475616455078,736.2831420898438,-0.009047547382476373,-0.0015149526145865622,88.93548387096774,-0.008301734086616164,54.95000076293945,-0.011788697988508456,159.0904541015625,-0.023191762046182007,24.69872283935547,-0.007289098064176769,56.44881057739258,-0.024378132923204343,38.57737350463867,44.8,1.99,98.1778,98.6353,3.0,6.362857142857143,1783.079
2026-05-13,13.569999694824219,216261200,-0.02579214706459465,0.22697125961475217,0.0935888346591538,0.24861237556055138,3.63,333.979,4.3,16.99,118.3926,4.39,44.8,105.38,118.48390197753906,740.4025268554688,0.0036351420894056297,0.00559483781461112,88.83870967741936,-0.013466818347451004,54.209999084472656,-0.00855656046449349,157.72918701171875,0.007243434442968155,24.877626419067383,-0.02937061169638533,54.79087448120117,-0.0030596785646584967,38.4593391418457,44.8,1.99,98.1778,98.6353,3.0,6.361428571428572,1783.079
2026-05-14,14.479999542236328,187021600,-0.055939191405339206,0.20441996446114108,0.02002768816956446,0.24861237556055138,3.63,333.979,4.3,16.99,118.3926,4.39,44.8,105.38,118.43399810791016,746.2474975585938,-0.00042118691903281213,0.0078943149045545,88.74193548387096,0.06179675973796317,57.560001373291016,0.0023307671322461143,158.09681701660156,0.006791821017813282,25.04659080505371,0.020893332281564092,55.935638427734375,-0.01304349335466537,37.95769500732422,44.8,2.0,98.1778,98.6353,3.0,6.36,1783.079
2026-05-15,13.399999618530273,108272300,0.11417915897025366,0.2410447488199703,0.07537315355480678,0.24861237556055138,3.63,333.979,4.3,16.99,118.3926,4.39,44.8,105.38,116.29825592041016,737.2706298828125,-0.018033184909911015,-0.012029343756796207,88.64516129032258,-0.05594164600206675,54.34000015258789,-0.01822636796929422,155.2152862548828,-0.0222222272990239,24.489999771118164,-0.007057194640839426,55.540889739990234,-0.04923559718611803,36.08882522583008,44.8,2.1,98.1778,98.6353,3.0,6.381428571428572,1783.079
2026-05-18,13.029999732971191,69708800,0.1757482738897067,0.23944742513418582,0.07137377776167586,0.24861237556055138,3.63,333.979,4.3,16.99,118.3926,4.39,44.8,105.38,116.08867645263672,736.751953125,-0.0018020860769989433,-0.0007035093177317764,88.35483870967742,-0.02447555810305513,53.0099983215332,0.004032956918122554,155.8412628173828,0.0171498603601159,24.90999984741211,0.028429341763720473,57.11988067626953,0.02180441582758741,36.8757209777832,44.8,2.13,98.1778,98.6353,3.0,6.445714285714286,1783.079
2026-05-19,13.0600004196167,41418200,0.21592646280381844,0.20290961205099634,0.07656967594717345,0.24861237556055138,3.63,333.979,4.3,16.99,118.3926,4.39,44.8,105.38,114.80123901367188,731.8446044921875,-0.011090120744809306,-0.0066607880874933745,88.25806451612904,-0.008300295050759354,52.56999969482422,-0.016449867441323263,153.27769470214844,-0.04094742930597162,23.889999389648438,0.024360753040978622,58.5113639831543,-0.021339128594318524,36.08882522583008,44.8,2.18,98.1778,98.6353,3.0,6.467142857142857,1783.079
2026-05-20,13.220000267028809,42349000,0.259455316355478,0.16036307433718022,0.06732219150313723,0.24861237556055138,3.63,333.979,4.3,16.99,118.3926,4.39,44.8,105.38,117.70545196533203,739.3452758789062,0.025297749193406327,0.010248994582563453,88.16129032258064,0.038044512299985955,54.56999969482422,0.026319318257951307,157.31185913085938,0.08957728554502742,26.030000686645508,0.028503945293391952,60.179168701171875,0.03815762199527328,37.46588897705078,44.8,2.13,98.1778,98.6353,3.0,6.488571428571428,1783.079
2026-05-21,13.670000076293945,72523100,0.27578642551008326,0.08997802014422462,0.024140447832061707,0.24861237556055138,3.63,333.979,4.3,16.99,118.3926,4.39,44.8,105.38,118.46393585205078,740.8114624023438,0.006443914653521343,0.0019830877010671433,88.06451612903226,0.023456089178213402,55.849998474121094,0.003663385255863627,157.88815307617188,0.005762566829559557,26.18000030517578,0.0027878481767549257,60.34693908691406,0.010763982292649521,37.869171142578125,44.8,2.18,98.1778,98.6353,3.0,6.51,1783.079
2026-05-22,14.930000305175781,109712200,0.1138646229633018,0.004688526014293037,-0.07300737644392552,0.24861237556055138,3.63,333.979,4.3,16.99,118.3926,4.39,44.8,105.38,118.94298553466797,743.7239990234375,0.0040438440540711,0.003931549076803931,87.96774193548387,0.027036744449154382,57.36000061035156,0.004782960056083807,158.64332580566406,-0.007639448457145814,25.979999542236328,0.0078495091022599,60.82063293457031,-0.003116898501648424,37.751136779785156,44.8,2.16,98.1778,98.6353,3.0,6.5128571428571425,1783.079
2026-05-26,15.319999694824219,90423300,0.05417754179110501,-0.024151429042396422,-0.07898172730093234,0.24861237556055138,3.63,333.979,4.3,16.99,118.3926,4.39,44.8,105.38,119.21244812011719,748.6613159179688,0.00226547689414347,0.006638641352187502,87.58064516129032,0.024407212278323875,58.7599983215332,0.0008768041163240703,158.7824249267578,0.028098520211655487,26.709999084472656,0.025799114939232703,62.38975143432617,0.014851508159568594,38.311798095703125,44.8,2.1,98.1778,98.6353,3.0,6.524285714285714,1783.079
2026-05-27,15.880000114440918,89234100,-0.010705294399799836,-0.09949621614103377,-0.1102015105408336,0.24861237556055138,3.63,333.979,4.3,16.99,118.3926,4.39,44.8,105.38,121.30827331542969,748.5316162109375,0.017580590184682388,-0.0001732421647460125,87.48387096774194,0.053437768788958895,61.900001525878906,0.004505684960500966,159.4978485107422,0.04754775369879982,27.979999542236328,0.020879482294787755,63.69241714477539,0.018485129452660898,39.019996643066406,44.8,2.09,98.1778,98.6353,3.0,6.527142857142858,1783.079
2026-05-28,16.649999618530273,98577300,-0.07867864840576011,-0.11651649398383279,-0.15795791117253832,0.24861237556055138,3.63,333.979,4.3,16.99,118.3926,4.39,44.8,105.38,121.81725311279297,752.6609497070312,0.004195755025214298,0.005516578600909927,87.38709677419355,0.02859445233335589,63.66999816894531,0.004111509864629381,160.15362548828125,-0.0014295571419982167,27.940000534057617,0.15804147973971916,73.75846099853516,0.005894499659688357,39.25,44.8,2.06,98.1778,98.6353,3.0,6.53,1783.079
2026-05-29,17.440000534057617,154228200,-0.14564224987075636,-0.14908258611531167,-0.15795791117253832,0.24861237556055138,3.63,333.979,4.3,16.99,118.3926,4.39,44.8,105.38,120.62963104248047,754.5361328125,-0.009749210723154822,0.0024914048034492264,87.29032258064517,0.06706462062603946,67.94000244140625,-0.013090820466951203,158.0570831298828,0.004294879369758586,28.059999465942383,0.04294882251347243,76.92630004882812,-0.010955421787917974,38.81999969482422,44.8,2.07,98.1778,98.6353,3.0,6.522857142857143,1783.079
2026-06-01,16.6299991607666,97586400,-0.09801558887700279,-0.11184598898784237,-0.15795791117253832,0.24861237556055138,3.63,333.979,4.3,16.99,118.3926,4.39,44.8,105.38,117.9549560546875,756.5908203125,-0.02217262014878474,0.0027231134609038143,87.0,0.009714395186900981,68.5999984741211,-0.022568769839519054,154.48992919921875,-0.019600828493532396,27.510000228881836,-0.038101201997365,73.99531555175781,-0.028078314300791107,37.72999954223633,44.8,2.07,98.1778,98.6353,3.0,6.501428571428572,1783.079
2026-06-02,16.149999618530273,72847500,-0.07430339551762433,-0.10773992645310737,-0.15795791117253832,0.24861237556055138,3.63,333.979,4.3,16.99,118.3926,4.39,44.8,105.38,117.35614776611328,757.6182250976562,-0.005076584389524075,0.0013579397972762752,87.0,0.07653061394717864,73.8499984741211,0.010033431272502114,156.0399932861328,0.004725523798073894,27.639999389648438,-0.029341209566546622,71.82420349121094,0.01802280184007321,38.40999984741211,44.8,2.07,98.1778,98.6353,3.0,6.494285714285715,1783.079
2026-06-03,15.710000038146973,59298500,-0.08975174054668056,-0.11139401627948153,-0.15795791117253832,0.24861237556055138,3.63,333.979,4.3,16.99,118.3926,4.39,44.8,105.38,116.49786376953125,752.3018798828125,-0.0073134983800982045,-0.00701718232049986,87.0,0.04021667274297758,76.81999969482422,-0.0009612529027051009,155.88999938964844,-0.017004317067044306,27.170000076293945,-0.014427018415485993,70.78799438476562,-0.013798458250516843,37.880001068115234,44.8,2.11,98.1778,98.6353,3.0,6.4871428571428575,1783.079
2026-06-04,15.34000015258789,50079400,-0.04106910744291192,-0.08344196350971045,-0.15795791117253832,0.24861237556055138,3.63,333.979,4.3,16.99,118.3926,4.39,44.8,105.38,117.02680969238281,755.1445922851562,0.0045403916066477645,0.0037786857621391334,87.0,-0.05076804922379696,72.91999816894531,-0.01693501443315637,153.25,0.025027615136780534,27.850000381469727,-0.01031651837120584,70.05770874023438,-0.006335841385939456,37.63999938964844,44.8,2.11,98.1778,98.6353,3.0,6.48,1783.079
2026-06-05,14.899999618530273,65372100,-0.004026809897885175,-0.053020133025409644,-0.15795791117253832,0.24861237556055138,3.63,333.979,4.3,16.99,118.3926,4.39,44.8,105.38,114.63157653808594,735.65478515625,-0.02046738828985417,-0.025809371248925683,87.0,-0.0592430033365523,68.5999984741211,0.012593753186174617,155.17999267578125,-0.015798941760531426,27.40999984741211,0.0077475844542571615,70.6004867553711,0.013018110691084495,38.130001068115234,44.8,2.19,98.1778,98.6353,3.0,6.485714285714286,1783.079
2026-06-08,15.0,33038300,-0.015333302815755179,-0.06666666666666665,-0.15795791117253832,0.24861237556055138,3.63,333.979,4.3,16.99,118.3926,4.39,44.8,105.38,115.1605224609375,737.3204345703125,0.0046143125552828845,0.002264172608771542,87.0,0.010058344850642387,69.29000091552734,-0.013983749654371436,153.00999450683594,-0.014593200319482635,27.010000228881836,0.036762621670983764,73.1959457397461,-0.008130117089092948,37.81999969482422,44.8,2.21,98.1778,98.6353,3.0,6.502857142857143,1783.079
2026-06-09,14.949999809265137,51032600,-0.0361203992469864,-0.07424746962132622,-0.15795791117253832,0.24861237556055138,3.63,333.979,4.3,16.99,118.3926,4.39,44.8,105.38,115.63957214355469,735.1560668945312,0.004159842907795808,-0.0029354505508077944,87.0,-0.011689963167719308,68.4800033569336,0.04143527759159826,159.35000610351562,0.02665676813229334,27.729999542236328,0.012808503368637147,74.13347625732422,0.026705503553155596,38.83000183105469,44.8,2.2,98.1778,98.6353,3.0,6.508571428571428,1783.079
2026-06-10,14.300000190734863,50776700,-0.023776234129575746,-0.013286750456179774,-0.15795791117253832,0.24861237556055138,3.63,333.979,4.3,16.99,118.3926,4.39,44.8,105.38,113.26429748535156,723.56591796875,-0.020540327278749104,-0.015765562508027298,87.0,-0.047897287498589236,65.19999694824219,-0.020583612511229865,156.07000732421875,-0.06274791921535816,25.989999771118164,0.006922221388616423,74.64664459228516,-0.01699726064863405,38.16999816894531,44.8,2.21,98.1778,98.6353,3.0,6.514285714285714,1783.079
2026-06-11,14.710000038146973,47657200,-0.04418760141703948,-0.039428954602444555,-0.15795791117253832,0.24861237556055138,3.63,333.979,4.3,16.99,118.3926,4.39,44.8,105.38,116.06871795654297,735.8642578125,0.024759968793821363,0.016996847886747934,87.0,0.04233132308919352,67.95999908447266,0.017171734157824803,158.75,0.0819546397411759,28.1200008392334,0.019301958231147776,76.08747100830078,0.045847526433044905,39.91999816894531,44.8,2.16,98.1778,98.6353,3.0,6.52,1783.079
2026-06-12,14.84000015258789,42162200,-0.049191407574436075,-0.05525604355746738,-0.15795791117253832,0.24861237556055138,3.63,333.979,4.3,16.99,118.3926,4.39,44.8,105.38,116.36811828613281,739.843994140625,0.002579509232642163,0.005408247901529384,87.0,0.001324366811324973,68.05000305175781,0.0031496062992126816,159.25,0.03769557021006409,29.18000030517578,0.018547294543222348,77.49868774414062,0.01703407656227718,40.599998474121094,44.8,2.17,98.1778,98.6353,3.0,6.5128571428571425,1783.079
2026-06-15,14.770000457763672,48551900,-0.052132730798862714,-0.05525604355746738,-0.15795791117253832,0.24861237556055138,3.63,333.979,4.3,16.99,118.3926,4.39,44.8,105.38,118.33419799804688,752.890380859375,0.016895346774274955,0.01763396989375332,87.0,-0.02101396386548493,66.62000274658203,0.0035793238569465924,159.82000732421875,0.03221386306465823,30.1200008392334,-0.014261991740819102,76.39340209960938,0.012561629443300415,41.11000061035156,44.8,2.15,98.1778,98.6353,3.0,6.491428571428571,1783.079
2026-06-16,14.40999984741211,47490000,-0.03955584322414718,-0.05525604355746738,-0.15795791117253832,0.24861237556055138,3.63,333.979,4.3,16.99,118.3926,4.39,44.8,105.38,118.22441864013672,748.4019775390625,-0.0009277061049753899,-0.005961562844234103,87.0,-0.014109912978868433,65.68000030517578,0.013139724367966066,161.9199981689453,0.02589637309308679,30.899999618530273,-0.023640382397506654,74.58743286132812,0.00754068484532433,41.41999816894531,44.8,2.14,98.1778,98.6353,3.0,6.484285714285714,1783.079
2026-06-17,13.960000038146973,43099800,0.0107449583180792,-0.05525604355746738,-0.15795791117253832,0.24861237556055138,3.63,333.979,4.3,16.99,118.3926,4.39,44.8,105.38,115.26032257080078,739.0560302734375,-0.025071775386422912,-0.012487870885051433,87.0,-0.04278321194023471,62.869998931884766,-0.014636827717319223,159.5500030517578,-0.03203882793980606,29.90999984741211,-0.0328129468704188,72.13999938964844,-0.015692847414681355,40.77000045776367,44.8,2.23,98.1778,98.6353,3.0,6.477142857142857,1783.079
2026-06-18,14.0600004196167,88711700,0.004978641019566021,-0.05525604355746738,-0.15795791117253832,0.24861237556055138,3.63,333.979,4.3,16.99,118.3926,4.39,44.8,105.38,116.92700958251953,746.739990234375,0.014460197356249482,0.010396992441959574,87.0,0.012883750390525694,63.68000030517578,-0.005452901029994517,158.67999267578125,0.03209632219053149,30.8700008392334,0.035902467274719685,74.7300033569336,0.007603663718673825,41.08000183105469,44.8,2.21,98.1778,98.6353,3.0,6.47,1783.079
2026-06-22,14.109999656677246,66738100,-0.006378398377280159,-0.05525604355746738,-0.15795791117253832,0.24861237556055138,3.63,333.979,4.3,16.99,118.3926,4.39,44.8,105.38,114.94000244140625,744.3900146484375,-0.016993568451017182,-0.003146979693962715,87.0,-0.001727396511061574,63.56999969482422,-0.00756237083205602,157.47999572753906,-0.022027868049538712,30.190000534057617,0.017128311545540953,76.01000213623047,-0.009737135054763368,40.68000030517578,44.8,2.28,98.1778,98.6353,3.0,6.481428571428571,1783.079
2026-06-23,14.0,65368300,-0.006378398377280159,-0.05525604355746738,-0.15795791117253832,0.24861237556055138,3.63,333.979,4.3,16.99,118.3926,4.39,44.8,105.38,113.76000213623047,733.5800170898438,-0.010266228293994706,-0.014521954010491611,87.0,-0.03382100890672113,61.41999816894531,0.0024130358973970534,157.86000061035156,-0.04869165931430852,28.719999313354492,-0.011314308461802258,75.1500015258789,-0.006145526010927549,40.43000030517578,44.8,2.29,98.1778,98.6353,3.0,6.484285714285714,1783.079
2026-06-24,13.84000015258789,51675000,-0.006378398377280159,-0.05525604355746738,-0.15795791117253832,0.24861237556055138,3.63,333.979,4.3,16.99,118.3926,4.39,44.8,105.38,115.06999969482422,733.239990234375,0.011515449490102858,-0.0004635170636431152,87.0,-0.016281342067926197,60.41999816894531,0.03351066302850336,163.14999389648438,0.006615617639282867,28.90999984741211,0.03300060781349479,77.62999725341797,0.03165962823732671,41.709999084472656,44.8,2.23,98.1778,98.6353,3.0,6.4871428571428575,1783.079
2026-06-25,14.109999656677246,61741400,-0.006378398377280159,-0.05525604355746738,-0.15795791117253832,0.24861237556055138,3.63,333.979,4.3,16.99,118.3926,4.39,44.8,105.38,113.3499984741211,734.2999877929688,-0.014947433955546319,0.0014456352254532678,87.0,0.02565380832061126,61.970001220703125,0.008948861590479362,164.61000061035156,-0.015565574725512676,28.459999084472656,-0.009532370088251585,76.88999938964844,0.027571363009380123,42.86000061035156,44.8,2.19,98.1778,98.6353,3.0,6.49,1783.079
2026-06-26,14.130000114440918,59551900,-0.006378398377280159,-0.05525604355746738,-0.15795791117253832,0.24861237556055138,3.63,333.979,4.3,16.99,118.3926,4.39,44.8,105.38,114.37000274658203,728.989990234375,0.0089987144789756,-0.007231373616869652,87.0,-0.02662581076935122,60.31999969482422,0.006986172724745554,165.75999450683594,0.021433613140359187,29.06999969482422,0.010664581887545266,77.70999908447266,0.003966359461606173,43.029998779296875,44.8,2.18,98.1778,98.6353,3.0,6.49,1783.079
2026-06-29,14.020000457763672,46312500,-0.006378398377280159,-0.05525604355746738,-0.15795791117253832,0.24861237556055138,3.63,333.979,4.3,16.99,118.3926,4.39,44.8,105.38,117.12000274658203,741.0,0.024044766406916773,0.016474862380159383,87.0,-0.01807029439825114,59.22999954223633,-0.014720000382942633,163.32000732421875,0.004127995888997704,29.190000534057617,-0.0009007810532609684,77.63999938964844,-0.002091567630515323,42.939998626708984,44.8,2.18,98.1778,98.6353,3.0,6.49,1783.079
