Date,price,volume,return_1w,return_2w,return_1m,return_3m,fed_rate,inflation,unemployment,vix,usd_index,treasury_10y,consumer_conf,oil,sector_etf,sp500,sector_return,market_return,alphabet,goog_stock,alphabet_stock_price,GOOGL_return,GOOGL_price,META_return,META_price,PINS_return,PINS_price,SNAP_return,SNAP_price,MTCH_return,MTCH_price,ind_tech_spending,ind_consumer_confidence,ind_vix
2020-01-02,67.77098083496094,28132000,0.03836571885823492,0.06167325499686016,0.08671401318356509,-0.18029494494914822,1.550967741935484,259.1309677419355,3.596774193548387,12.47,114.9745,1.88,99.83870967741935,61.17,50.919639587402344,296.1252746582031,-0.006450420046690719,-0.007572062382457889,67.0,18.193548387096776,16.193548387096776,-0.005231166142893984,67.83251190185547,-0.0052912056187113254,207.95384216308594,-0.023404183221540364,18.799999237060547,-0.0017878835171553087,16.780000686645508,-0.0010689444778821944,81.2654800415039,1147.7583296703297,99.83870967741935,12.47
2020-01-03,67.43840789794922,23728000,0.05076235221234482,0.08799408821096089,0.06350602712639608,-0.19312677594923666,1.5519354838709678,259.134935483871,3.5935483870967744,14.02,114.9867,1.8,99.87741935483871,63.0,50.5911865234375,293.88299560546875,-0.006450420046690719,-0.007572062382457889,67.0,18.387096774193548,16.387096774193548,-0.005231166142893984,67.47766876220703,-0.0052912056187113254,206.853515625,-0.023404183221540364,18.360000610351562,-0.0017878835171553087,16.75,-0.0010689444778821944,81.1786117553711,1146.3186593406595,99.87741935483871,14.02
2020-01-06,69.10124969482422,34646000,0.03229052473938254,0.06468902940509791,0.03874602403668481,-0.14867913941544442,1.5548387096774194,259.1468387096774,3.5838709677419356,13.85,114.9557,1.81,99.99354838709677,63.27,51.26686096191406,295.00421142578125,0.0133555760382007,0.0038151775947516953,67.0,18.967741935483872,16.967741935483872,0.026653941524572566,69.27621459960938,0.018833532797023933,210.74929809570312,0.02995638446495752,18.90999984741211,0.0017910857698810734,16.780000686645508,0.002616105666007895,81.39098358154297,1141.9996483516484,99.99354838709677,13.85
2020-01-07,69.0581283569336,30054000,0.026942568192737992,0.06646646604623041,0.05949023082913518,-0.14844186991739683,1.5558064516129033,259.15080645161294,3.5806451612903225,13.79,115.1477,1.83,100.03225806451613,62.7,51.332550048828125,294.17462158203125,0.0012813167352465626,-0.00281212881585835,67.0,19.161290322580644,17.161290322580644,-0.0019316814703510543,69.14239501953125,0.002163750556956723,211.20530700683594,0.01850874586430118,19.260000228881836,0.014898688305714058,17.030000686645508,-0.005929839852142127,80.9083480834961,1140.5599780219782,100.03225806451613,13.79
2020-01-08,69.60234069824219,30560000,0.02483766707099644,0.058626198328210366,0.053342581836206326,-0.13817371810203705,1.5567741935483872,259.1547741935484,3.57741935483871,13.45,115.1328,1.87,100.07096774193548,59.65,51.69853973388672,295.7424621582031,0.007129777981231378,0.00532962553921279,67.0,19.35483870967742,17.35483870967742,0.007117689430620189,69.63452911376953,0.010138025716915688,213.3465118408203,0.02388364896189632,19.719999313354492,-0.021139201164793064,16.670000076293945,0.014674272139864053,82.09561920166016,1139.1203076923077,100.07096774193548,13.45
2020-01-09,70.37106323242188,30018000,0.02244636520190002,0.03301818060391537,0.0625777618381218,-0.14676415346766303,1.557741935483871,259.1587419354839,3.574193548387097,12.54,115.2331,1.85,100.10967741935484,59.56,51.9706916809082,297.7478942871094,0.00526420955838125,0.006781008429670443,67.0,19.548387096774192,17.548387096774192,0.010497925033885247,70.36554718017578,0.014310882580357509,216.39968872070312,-0.004563902419963184,19.6299991607666,0.04139175350327995,17.360000610351562,0.008230427816268149,82.77130126953125,1137.6806373626375,100.10967741935484,12.54
2020-01-10,70.86174011230469,36414000,0.035433070018378476,0.0029164544750801547,0.05529710949301192,-0.1483987924190272,1.558709677419355,259.16270967741934,3.5709677419354837,12.56,115.0677,1.83,100.14838709677419,59.02,51.764225006103516,296.8910217285156,-0.0039727521055975545,-0.0028778459059982664,67.0,19.741935483870968,17.741935483870968,0.006458885782026691,70.82003021240234,-0.0010994946400253447,216.16175842285156,0.007641443315937968,19.780000686645508,0.0028801402824105704,17.40999984741211,0.016093188312286788,84.10335540771484,1136.240967032967,100.14838709677419,12.56
2020-01-13,71.33256530761719,33046000,0.03138506446515632,0.009262220336006433,0.05491843483353809,-0.11811863094674036,1.5616129032258066,259.1746129032258,3.5612903225806454,12.32,115.0342,1.85,100.26451612903226,58.17,52.252227783203125,298.9327392578125,0.00942741395320934,0.006876993172140633,67.0,20.322580645161292,18.322580645161292,0.007746923977457465,71.36866760253906,0.01765574924343749,219.97825622558594,-0.008088970771377824,19.6200008392334,0.033888578848872974,18.0,0.028118957563299407,86.46825408935547,1131.921956043956,100.26451612903226,12.32
2020-01-14,70.91873168945312,31178000,0.038486960301050255,0.019393660991494865,0.05855148642455554,-0.11769686492115505,1.5625806451612905,259.1785806451613,3.5580645161290323,12.39,115.0239,1.82,100.30322580645161,58.34,52.12084197998047,298.47698974609375,-0.0025144536184712463,-0.0015245888183752498,67.0,20.516129032258064,18.516129032258064,-0.006555500845909057,70.90081024169922,-0.012843066223794386,217.15306091308594,0.09633024000024881,21.510000228881836,-0.0005555682712130583,17.989999771118164,0.0015628795418070052,86.6033935546875,1130.4822857142858,100.30322580645161,12.39
2020-01-15,71.33110046386719,25654000,0.03296964225932686,0.011561889339655185,0.05665655205459963,-0.1221027091259328,1.5635483870967744,259.1825483870968,3.554838709677419,12.42,114.9528,1.79,100.34193548387097,57.86,52.37421798706055,299.1514892578125,0.004861318379649315,0.0022598040548871268,67.0,20.70967741935484,18.70967741935484,0.006018329061172389,71.3275146484375,0.009540701815703656,219.224853515625,0.011622501038578426,21.760000228881836,0.011117329932407438,18.190000534057617,0.015381172872134252,87.93545532226562,1129.0426153846154,100.34193548387097,12.42
2020-01-16,71.95063781738281,23474000,0.010339726133143268,-0.012034083527503903,0.0468209512026343,-0.11603649522188886,1.5645161290322582,259.18651612903227,3.5516129032258066,12.32,115.0006,1.81,100.38064516129032,58.52,52.777740478515625,301.63995361328125,0.0077046017480351114,0.008318408715405567,67.0,20.903225806451612,18.903225806451612,0.007615541274825999,71.87071228027344,0.002803554226595173,219.83946228027344,0.05468752396786014,22.950000762939453,0.003298486211149143,18.25,0.014818917017674016,89.23856353759766,1127.6029450549452,100.38064516129032,12.32
2020-01-17,73.37258911132812,47924000,-0.03140387967589375,0.0037491582694644254,0.03127567044175095,-0.14440778979758118,1.5654838709677419,259.19048387096774,3.5483870967741935,12.1,115.0656,1.84,100.41935483870968,58.55,53.19065475463867,302.5788879394531,0.007823644445164035,0.0031127651192244254,67.0,21.096774193548388,19.096774193548388,0.02024587913808551,73.32579803466797,0.0016685176831710002,220.20626831054688,0.0021786159214987055,23.0,0.04712332111515405,19.110000610351562,-0.014494373059972476,87.94510650634766,1126.1632747252747,100.41935483870968,12.1
2020-01-21,73.57134246826172,40734000,-0.02144964561865359,-0.02514823227240326,0.022736466730815863,-0.18058469111160125,1.5693548387096774,259.2063548387097,3.535483870967742,12.85,115.1876,1.78,100.5741935483871,58.25,53.143733978271484,301.9864501953125,-0.0008821244367760439,-0.0019579612714393235,67.0,21.870967741935484,19.870967741935484,0.00184549741602269,73.46112060546875,-0.0031512452189449425,219.51234436035156,-0.0304348157799762,22.299999237060547,-0.005756180368302943,19.0,-0.01492694502478975,86.63235473632812,1120.4045934065934,100.5741935483871,12.85
2020-01-22,73.64817810058594,32216000,-0.018385689988847265,-0.025384602475403528,-0.0005654075419855298,-0.14989758851300716,1.5703225806451613,259.21032258064514,3.532258064516129,12.91,115.2273,1.77,100.61290322580645,56.76,53.115577697753906,302.02276611328125,-0.0005298137411475778,0.00012025677955174174,67.0,22.064516129032256,20.064516129032256,0.0010926713233028185,73.54138946533203,-0.0005418477083317663,219.39340209960938,0.00538120373717188,22.420000076293945,0.00526317797209086,19.100000381469727,-0.0021171148480203517,86.44894409179688,1118.9649230769232,100.61290322580645,12.91
2020-01-23,73.682861328125,27024000,-0.020724474412286087,-0.0070090787097629725,-0.04376283941617931,-0.1414859139179271,1.5712903225806452,259.21429032258067,3.5290322580645164,12.98,115.5545,1.74,100.65161290322581,55.51,52.89974594116211,302.36920166015625,-0.004063436113223795,0.001147051102581731,67.0,22.258064516129032,20.258064516129032,0.0005525345056553999,73.58202362060547,-0.007048743212451414,217.84695434570312,0.008474600062937432,22.610000610351562,0.007853383012274673,19.25,-0.012170643531624115,85.39680480957031,1117.5252527472528,100.65161290322581,12.98
2020-01-24,72.69458770751953,35692000,-0.022144838099436126,0.008536007493525899,-0.05335757709332012,-0.1277690755623424,1.572258064516129,259.21825806451614,3.5258064516129033,14.56,115.5556,1.7,100.69032258064516,54.09,52.261600494384766,299.6802062988281,-0.01206329889536939,-0.008893086156143593,67.0,22.451612903225808,20.451612903225808,-0.012473893267934022,72.66416931152344,-0.008281747375360582,216.0428009033203,-0.007518800163858197,22.440000534057617,-0.010389650022828767,19.049999237060547,-0.032779303018905304,82.5975570678711,1116.0855824175824,100.69032258064516,14.56
2020-01-27,71.06840515136719,35104000,0.0362927717835535,0.05215146883364796,-0.028398044546701584,-0.11020294193993863,1.5751612903225807,259.2301612903226,3.5161290322580645,18.23,115.8004,1.61,100.80645161290323,53.09,51.445167541503906,294.87652587890625,-0.015622042669140579,-0.01602935502230618,67.0,23.032258064516128,21.032258064516128,-0.02348964820072741,70.95731353759766,-0.01408651050553722,212.99951171875,-0.02718362726532708,21.829999923706055,-0.022572095278125537,18.6200008392334,-0.014257506331614933,81.419921875,1111.7665714285715,100.80645161290323,18.23
2020-01-28,71.9932632446289,31548000,-0.003779658999855995,0.03871093132785819,-0.09257451622198143,-0.1506926813801298,1.5761290322580646,259.23412903225807,3.5129032258064514,16.28,115.7239,1.65,100.84516129032258,53.33,52.03638458251953,297.9665832519531,0.011492178357445315,0.010479156873666629,67.0,23.225806451612904,21.225806451612904,0.01310991636271397,71.88755798339844,0.013589666294532732,215.89410400390625,0.016032999665274827,22.18000030517578,0.019871048077782838,18.989999771118164,-0.00462346250029988,81.0434799194336,1110.326901098901,100.84516129032258,16.28
2020-01-29,72.29410552978516,21554000,-0.007130002502181099,0.04088760204619524,-0.08178902888040429,-0.08031515873231121,1.5770967741935484,259.23809677419354,3.509677419354839,16.39,115.7003,1.6,100.88387096774194,53.29,51.95193099975586,297.7204284667969,-0.0016229717618014838,-0.0008261154068679444,67.0,23.419354838709676,21.419354838709676,0.004274367823386749,72.19483184814453,0.024978167815359553,221.2867431640625,0.019837715419460222,22.6200008392334,0.007898874162094893,19.139999389648438,-0.03489761526702062,78.21525573730469,1108.8872307692309,100.88387096774194,16.39
2020-01-30,72.15582275390625,26788000,0.01400565555265132,0.04040292217651653,-0.04583611416332756,-0.07362072946986176,1.5780645161290323,259.242064516129,3.5064516129032257,15.49,115.8077,1.57,100.92258064516129,52.19,51.426387786865234,298.68658447265625,-0.010115951472392748,0.0032451787431413415,67.0,23.612903225806452,21.612903225806452,-0.0016819686430573633,72.07340240478516,-0.061371588735760096,207.70602416992188,-0.01856764194126259,22.200000762939453,-0.013584129423873104,18.8799991607666,0.0002468827516648453,78.23456573486328,1107.4475604395604,100.92258064516129,15.49
2020-01-31,71.08477783203125,48344000,0.031375654379458995,0.060318073280196005,-0.06473172696073426,-0.07922037722823883,1.5790322580645162,259.24603225806453,3.503225806451613,18.84,115.7345,1.51,100.96129032258065,51.58,50.5911865234375,293.2630920410156,-0.01624071414249806,-0.018157803910798465,67.0,23.806451612903224,21.806451612903224,-0.014763404135048841,71.00935363769531,-0.036367244084029804,200.15232849121094,-0.007657660831153823,22.030000686645508,-0.02648305202465373,18.3799991607666,-0.03491675395473204,75.50286865234375,1106.0078901098902,100.96129032258065,18.84
2020-02-03,73.64767456054688,60736000,0.01530329795005736,0.02269943442284328,-0.06690729283338448,-0.10709729095627663,1.5158620689655173,259.1690344827586,3.5620689655172413,17.97,116.1172,1.54,100.17931034482758,50.06,51.19179153442383,295.4416809082031,0.01187173205965597,0.007428786391172615,66.86206896551724,24.96551724137931,23.17241379310345,0.034771274020563236,73.47843933105469,0.011292211140150998,202.41249084472656,0.014525632539730271,22.350000381469727,-0.00816102423173437,18.229999542236328,0.031961199283126795,77.91603088378906,1101.6888791208792,100.17931034482758,17.97
2020-02-04,71.72115325927734,78660000,0.04265179958587906,0.055021602264102354,-0.08847519343108201,-0.06631328628332023,1.4837931034482759,259.12855172413794,3.593103448275862,16.05,115.9291,1.61,99.76896551724138,49.59,51.7266960144043,299.9445495605469,0.010449028329488685,0.015241142138447517,66.79310344827586,25.448275862068964,23.75862068965517,-0.02508408813819918,71.63529968261719,0.027621377721808837,208.00340270996094,0.004921642108522306,22.459999084472656,0.041140977445575766,18.979999542236328,0.027378505592595914,80.04925537109375,1100.249208791209,99.76896551724138,16.05
2020-02-05,71.77864837646484,39724000,0.04836242878663666,0.048279628420869525,-0.10345050063397021,-0.06969207936377853,1.4517241379310346,259.08806896551727,3.624137931034483,15.15,116.009,1.66,99.35862068965517,50.87,51.811153411865234,303.4082336425781,0.0016327622672327458,0.011547748032447736,66.72413793103448,25.93103448275862,24.344827586206897,0.0004425211371739124,71.66699981689453,0.001334461976196577,208.28097534179688,-0.024487945658055676,21.90999984741211,-0.14699679006683353,16.190000534057617,-0.08356442528442043,73.3599853515625,1098.8095384615385,99.35862068965517,15.15
2020-02-06,73.16641235351562,33588000,0.02603266212502353,0.00601539008899632,-0.17657820570198246,-0.07022619651914874,1.4196551724137931,259.04758620689654,3.6551724137931036,14.96,116.1518,1.65,98.94827586206897,50.94,52.458683013916016,304.42926025390625,0.012497880464141353,0.0033651908488776527,66.65517241379311,26.413793103448278,24.93103448275862,0.020691141153752923,73.14987182617188,0.0035219300475564097,209.0145263671875,0.05020540342904889,23.010000228881836,0.050030848624028845,17.0,0.046184261978651,76.74806213378906,1097.369868131868,98.94827586206897,14.96
2020-02-07,73.31510925292969,23446000,0.028061956647746022,-0.038966308335929734,-0.134421323020268,-0.06142384488443697,1.3875862068965519,259.00710344827587,3.6862068965517243,15.47,116.5086,1.59,98.53793103448275,50.34,52.421146392822266,302.8067932128906,-0.000715546386930721,-0.005329537113687555,66.58620689655173,26.896551724137932,25.517241379310345,0.0021271602749297625,73.30547332763672,0.007019212181420098,210.4816436767578,0.0951760326933313,25.200000762939453,0.007647009456858811,17.1299991607666,-0.022135644218482797,75.0491943359375,1095.9301978021979,98.53793103448275,15.47
2020-02-10,74.77472686767578,28398000,0.007284657193292965,-0.07969198254073895,-0.19438839784986506,-0.0698755100693581,1.2913793103448277,258.8856551724138,3.779310344827586,15.04,116.5711,1.56,97.30689655172414,49.59,52.73081970214844,305.0672302246094,0.005907412001363133,0.007464948153027562,66.37931034482759,28.344827586206897,27.275862068965516,0.019978466522936777,74.77000427246094,0.003438130363469849,211.20530700683594,-0.03611110396275885,24.290000915527344,0.027437317205454725,17.600000381469727,-0.02495179350133292,73.17658233642578,1091.6111868131868,97.30689655172414,15.04
2020-02-11,74.78018951416016,26892000,0.011863790656800655,-0.07662441263350261,-0.26105700820550626,-0.08818315071158356,1.2593103448275862,258.84517241379314,3.810344827586207,15.18,116.3585,1.59,96.89655172413794,50.0,52.67450714111328,305.595947265625,-0.0010679250076756075,0.0017331164695282286,66.3103448275862,28.82758620689655,27.862068965517242,0.0009278330949380464,74.8393783569336,-0.027551103196455373,205.38636779785156,-0.010704002432360138,24.030000686645508,0.0005681948105162871,17.610000610351562,-0.016224637047288493,71.98931884765625,1090.1715164835166,96.89655172413794,15.18
2020-02-12,75.25003814697266,23352000,-7.898066879696852e-05,-0.13184732742698524,-0.1966317025971257,-0.11127119031573307,1.227241379310345,258.8046896551724,3.841379310344828,13.74,116.2794,1.62,96.48620689655172,51.13,53.35958480834961,307.5647888183594,0.013005867627788659,0.006442629787308807,66.24137931034483,29.310344827586206,28.448275862068964,0.005675505209470133,75.26412963867188,0.017230649081689142,208.92530822753906,-0.003745324594930488,23.940000534057617,-0.011925098497602926,17.399999618530273,0.012335593947466306,72.87734985351562,1088.7318461538462,96.48620689655172,13.74
2020-02-13,75.07112884521484,18590000,-0.01950939066069235,-0.11575539270770119,-0.28411013196204815,-0.10466382031282795,1.1951724137931035,258.76420689655174,3.8724137931034486,14.15,116.3999,1.61,96.07586206896552,51.41,53.36896896362305,307.23675537109375,0.00017586634729527262,-0.001066550720990822,66.17241379310344,29.79310344827586,29.03448275862069,-0.003450677241404465,75.0044174194336,0.011292473215816168,211.2845916748047,-0.016708421453927036,23.540000915527344,0.010919571162247399,17.59000015258789,-0.0038409033330611964,72.5974349975586,1087.292175824176,96.07586206896552,14.15
2020-02-14,75.37247467041016,23956000,-0.0651986629310145,-0.08655672345015863,-0.26364806496382664,-0.09702536262727601,1.1631034482758622,258.7237241379311,3.903448275862069,13.68,116.4223,1.59,95.6655172413793,52.03,53.43465042114258,307.7288818359375,0.0012307050107021045,0.0016017825219165616,66.10344827586206,30.275862068965516,29.620689655172413,0.0035283362928555384,75.26905822753906,0.004879485412710993,212.3155517578125,-0.013593950285778145,23.219999313354492,-0.0017055535182070036,17.559999465942383,0.01715182117244396,73.84261322021484,1085.8525054945055,95.6655172413793,13.68
2020-02-18,75.3194351196289,22414000,-0.08634762687280906,-0.11731497591890983,-0.2782643989948005,-0.08931563757024852,1.0348275862068965,258.5617931034483,4.027586206896552,14.83,116.6039,1.55,94.02413793103447,52.1,53.79125213623047,306.9359436035156,0.006673604342451123,-0.002576742968326995,65.82758620689656,32.206896551724135,31.96551724137931,0.000467783928626897,75.30426788330078,0.01690166211595656,215.90403747558594,-0.019810469340026948,22.760000228881836,-0.02220953311558127,17.170000076293945,0.0026144009644271105,74.0356674194336,1080.0938241758242,94.02413793103447,14.83
2020-02-19,75.66736602783203,18986000,-0.08745070641658748,-0.09181313372332955,-0.26947189180583375,-0.10035125474988438,1.0027586206896553,258.5213103448276,4.058620689655172,14.38,116.7829,1.56,93.61379310344827,53.31,54.03525161743164,308.4034423828125,0.004536043901399056,0.004781123911614893,65.75862068965517,32.689655172413794,32.55172413793103,0.0035734544943553104,75.5733642578125,-0.0014234438322746623,215.59671020507812,0.03690686046311864,23.600000381469727,0.001747273530122495,17.200000762939453,-0.01016951458073534,73.28276062011719,1078.6541538461538,93.61379310344827,14.38
2020-02-20,75.24409484863281,21932000,-0.13177875473237022,-0.1311529431900612,-0.29366667971285676,-0.0733986088975963,0.9706896551724139,258.4808275862069,4.089655172413793,15.56,117.2454,1.52,93.20344827586206,53.77,53.481571197509766,307.1363220214844,-0.010246652016019486,-0.004108645323599447,65.6896551724138,33.17241379310345,33.137931034482754,-0.005167707968218194,75.18282318115234,-0.013379954033258201,212.7120361328125,-0.002542350210701372,23.540000915527344,-0.016279108966600786,16.920000076293945,-0.010142298256028637,72.53950500488281,1077.2144835164836,93.20344827586206,15.56
2020-02-21,73.60653686523438,34634000,-0.0981610646040385,-0.12571472578701204,-0.28852408788116113,-0.05542345805594584,0.9386206896551725,258.4403448275862,4.120689655172414,17.08,117.0473,1.46,92.79310344827586,53.36,52.66513442993164,303.9734802246094,-0.015265758826773945,-0.010297843563594422,65.62068965517241,33.6551724137931,33.724137931034484,-0.022102900004799864,73.52106475830078,-0.020505160005210743,208.350341796875,-0.045029793205820234,22.479999542236328,-0.013002323425679307,16.700000762939453,-0.021955957036981277,70.94683074951172,1075.7748131868132,92.79310344827586,17.08
2020-02-24,70.45829010009766,57342000,-0.022847700010904082,-0.14492931269138243,-0.2019781250010152,-0.00785740590609163,0.8424137931034483,258.31889655172415,4.2137931034482765,25.03,117.4018,1.38,91.56206896551724,51.36,50.90087127685547,293.8921203613281,-0.033499642071994296,-0.03316526117946872,65.41379310344827,35.10344827586207,35.48275862068965,-0.042872695246941483,70.3690185546875,-0.045008996335845985,198.9727020263672,-0.036921705543036976,21.649999618530273,-0.03293419875942394,16.149999618530273,-0.04557839362186389,67.71318817138672,1071.4558021978023,91.56206896551724,25.03
2020-02-25,68.81578063964844,49566000,-0.03389401697727512,-0.07782786622618498,-0.20595650335450078,0.02057679187017225,0.810344827586207,258.2784137931035,4.244827586206897,27.85,117.2425,1.33,91.15172413793103,49.78,49.54014205932617,284.98651123046875,-0.026732925849699885,-0.030302306573957494,65.34482758620689,35.58620689655172,36.06896551724138,-0.02362185430808217,68.70677185058594,-0.01967902299676949,195.05711364746094,-0.03187069497530359,20.959999084472656,-0.01609902670890473,15.890000343322754,-0.03421235308811432,65.39656066894531,1070.0161318681319,91.15172413793103,27.85
2020-02-26,69.05020141601562,44048000,-0.004780484010470931,-0.12760011879943622,-0.16611629483651158,0.017700585644095712,0.7782758620689656,258.23793103448276,4.275862068965518,27.56,117.405,1.33,90.74137931034483,48.67,49.4462890625,283.9383239746094,-0.0018944838049470558,-0.003678024097820254,65.27586206896552,36.06896551724138,36.6551724137931,0.002993381625120639,68.91243743896484,0.002185122843830989,195.48333740234375,-0.031011433536359156,20.309999465942383,-0.013845202157044434,15.670000076293945,-0.02523974941604068,63.745967864990234,1068.5764615384617,90.74137931034483,27.56
2020-02-27,65.32852172851562,59566000,0.0007207973148781743,-0.15414744579422013,-0.15733380903776129,0.07483550826020635,0.7462068965517242,258.1974482758621,4.306896551724138,39.16,117.3678,1.3,90.33103448275861,47.17,47.49433898925781,271.1861267089844,-0.039476169197953936,-0.04491185651559082,65.20689655172414,36.55172413793103,37.241379310344826,-0.05431259217418538,65.16962432861328,-0.03777875227262151,188.0982208251953,-0.004923701826650251,20.209999084472656,-0.06445438570289452,14.65999984741211,-0.018776559078617194,62.54903793334961,1067.1367912087912,90.33103448275861,39.16
2020-02-28,66.38124084472656,75782000,-0.03055275182910111,-0.0892985087904199,-0.14373606006490036,0.06689146027191772,0.7141379310344829,258.1569655172414,4.337931034482759,40.11,117.6568,1.13,89.92068965517241,44.83,47.63510513305664,270.04669189453125,0.0029638509934977186,-0.004201670742824848,65.13793103448276,37.03448275862069,37.82758620689655,0.018479935349376753,66.37395477294922,0.014334555156663598,190.79452514648438,-0.035131079497086604,19.5,-0.033424268500566345,14.170000076293945,0.0030865065282337234,62.742095947265625,1065.6971208791208,89.92068965517241,40.11
2020-03-02,68.84848022460938,48630000,-0.12493611556953887,-0.21940672695849828,-0.16291006268985253,0.030746418371765838,0.6306451612903226,258.01006451612903,4.735483870967743,33.42,116.8144,1.1,88.54193548387096,46.78,49.28676223754883,281.74151611328125,0.03467310715235539,0.043306674622466845,65.16129032258064,37.806451612903224,38.645161290322584,0.03514657346570327,68.70677185058594,0.020626508028288804,194.72994995117188,0.02564102564102555,20.0,0.015525777406089292,14.390000343322754,0.04830775127399578,65.77302551269531,1061.37810989011,88.54193548387096,33.42
2020-03-03,66.48333740234375,48046000,-0.045475185974369836,-0.16519432175700455,-0.17576540284577735,0.07293176670831558,0.6112903225806452,257.9441290322581,5.070967741935484,36.82,116.4958,1.02,87.98387096774194,47.27,47.663265228271484,273.6745300292969,-0.032939818636341545,-0.028632578525419894,65.3225806451613,37.61290322580645,38.29032258064516,-0.035056888353316995,66.29812622070312,-0.05370588933147635,184.2718048095703,-0.035999965667724565,19.280000686645508,-0.058373879954607966,13.550000190734863,-0.0343410777540708,63.51430892944336,1059.9384395604395,87.98387096774194,36.82
2020-03-04,68.72010803222656,38266000,-0.12340959237203852,-0.20895471020003598,-0.1916162944604155,0.03596079261202223,0.5919354838709677,257.8781935483871,5.4064516129032265,31.99,116.7802,1.02,87.4258064516129,46.78,49.38060760498047,285.177978515625,0.036030732860709236,0.042033317770187484,65.48387096774194,37.41935483870968,37.935483870967744,0.03280179998959709,68.47282409667969,0.03157785694571991,190.09071350097656,0.026970878210353044,19.799999237060547,0.005904053326933223,13.630000114440918,0.034346222603806265,65.69578552246094,1058.4987692307693,87.4258064516129,31.99
2020-03-05,65.3756103515625,51226000,-0.15475669489895572,-0.1544685019521732,-0.16766749384285895,0.070611881648452,0.5725806451612904,257.81225806451613,5.741935483870968,39.62,116.7901,0.92,86.86774193548386,45.9,47.57880783081055,275.6981506347656,-0.03648800331869939,-0.03324179493172186,65.64516129032258,37.225806451612904,37.58064516129032,-0.048378528045531555,65.16020965576172,-0.034365820248142054,183.55809020996094,-0.04343427960306334,18.940000534057617,0.016140885193076437,13.850000381469727,-0.021304447699758366,64.29617309570312,1057.0590989010989,86.86774193548386,39.62
2020-03-06,64.35311126708984,53212000,-0.0605971671714548,-0.1741283319488065,-0.08586649193214235,0.10780898057840926,0.5532258064516129,257.7463225806452,6.07741935483871,41.94,116.7106,0.74,86.30967741935483,41.14,46.75297927856445,271.1405944824219,-0.017357066935824172,-0.016530963816226096,65.80645161290323,37.03225806451613,37.225806451612904,-0.014466531291013274,64.21756744384766,-0.02203403370485113,179.51356506347656,-0.022703288967841462,18.510000228881836,-0.061371867007813496,13.0,-0.01576358765687469,63.28263473510742,1055.6194285714287,86.30967741935483,41.94
2020-03-09,60.24681854248047,67308000,-0.10795853087965801,-0.13075446602751972,-0.023898488363007675,0.19007693241873702,0.49516129032258066,257.5485161290323,7.083870967741936,54.46,117.1871,0.54,84.63548387096773,31.05,43.63737106323242,249.9659423828125,-0.0666397791843073,-0.07809473214451523,66.29032258064517,36.45161290322581,36.16129032258065,-0.061702243937211354,60.25519943237305,-0.06400123557101511,168.02447509765625,-0.12425721858287198,16.209999084472656,-0.11923078390268183,11.449999809265137,-0.023184774301150735,61.8154411315918,1051.3004175824176,84.63548387096773,54.46
2020-03-10,63.45999526977539,52228000,-0.12542275907708367,-0.11397319624947788,-0.05475683948040044,0.13727843751527224,0.47580645161290325,257.4825806451613,7.419354838709678,47.3,117.9027,0.76,84.07741935483871,34.47,45.8614616394043,262.90045166015625,0.0509675656892592,0.05174508636674635,66.45161290322581,36.25806451612903,35.806451612903224,0.0488408151187496,63.19811248779297,0.051268420033615314,176.63882446289062,0.03269591095493585,16.739999771118164,0.04716156950640893,11.989999771118164,0.027795099733426643,63.533607482910156,1049.8607472527472,84.07741935483871,47.3
2020-03-11,60.23938751220703,52170000,-0.09758847129012171,-0.09290706064328458,-0.0032582304006852914,0.20605400637841087,0.45645161290322583,257.4166451612903,7.75483870967742,53.9,118.2505,0.82,83.51935483870967,33.13,43.8907470703125,250.08445739746094,-0.04297103708963679,-0.048748468029496506,66.61290322580645,36.064516129032256,35.45161290322581,-0.05040120103777346,60.01285171508789,-0.04461532374780608,168.75802612304688,-0.07706093067448472,15.449999809265137,-0.09841529391383974,10.8100004196167,-0.042540255590018394,60.83087158203125,1048.421076923077,83.51935483870967,53.9
2020-03-12,55.258296966552734,84534000,0.0003409585678386673,0.042012529519770414,0.09207027294841352,0.25915122371956034,0.4370967741935484,257.3507096774194,8.090322580645163,75.47,120.4883,0.88,82.96129032258064,31.56,39.770999908447266,226.1570587158203,-0.09386368282283841,-0.09567727211296717,66.7741935483871,35.87096774193548,35.096774193548384,-0.08204641886487607,55.089012145996094,-0.09263394047917639,153.12530517578125,-0.1385112890658492,13.3100004196167,-0.03607773618722787,10.420000076293945,-0.08648051277626212,55.570186614990234,1046.9814065934065,82.96129032258064,75.47
2020-03-13,60.453495025634766,74002000,-0.12085461189797442,-0.08938041476644831,0.04058268798003173,0.1586007679055923,0.41774193548387095,257.2847741935484,8.425806451612903,57.83,120.4388,0.94,82.4032258064516,31.72,43.34645080566406,245.4904022216797,0.08990095560703715,0.08548635897388834,66.93548387096774,35.67741935483871,34.74193548387097,0.09241150387632535,60.17987060546875,0.1023500232182255,168.7976837158203,0.07513147772153106,14.3100004196167,0.08925146817336227,11.350000381469727,0.050373536345664105,58.36945343017578,1045.5417362637363,82.4032258064516,57.83
2020-03-16,53.74266052246094,85048000,-0.025554793063982895,0.05763023770903497,0.1642858521912769,0.3094261940177947,0.3596774193548387,257.0869677419355,9.43225806451613,82.69,120.9352,0.73,80.7290322580645,28.96,38.45718002319336,218.6279296875,-0.11279518141844791,-0.10942371795832029,67.41935483870968,35.096774193548384,33.67741935483871,-0.11634141728034952,53.17845916748047,-0.14252989312825293,144.7389678955078,-0.186582809084604,11.640000343322754,-0.20176210439532094,9.0600004196167,-0.10054589175412498,52.50064468383789,1041.2227252747252,80.7290322580645,82.69
2020-03-17,55.500667572021484,77230000,0.013091539879912073,0.038408590677390775,0.12829957893809318,0.2883730044476085,0.3403225806451613,257.0210322580645,9.767741935483873,75.91,122.4816,1.02,80.17096774193548,26.96,40.127601623535156,230.43209838867188,0.04343588373703877,0.053992043551088775,67.58064516129032,34.903225806451616,33.32258064516129,0.041994305190649284,55.411651611328125,0.02335452648131442,148.11927795410156,0.08676969462349726,12.649999618530273,-0.016556353781155386,8.90999984741211,0.048354726740605036,55.03929901123047,1039.783054945055,80.17096774193548,75.91
2020-03-18,54.3607177734375,84668000,0.005187667153953468,0.008041634948116272,0.169994447850212,0.32304894424945485,0.3209677419354839,256.9550967741935,10.103225806451613,76.45,124.1623,1.18,79.61290322580645,20.48,38.79502868652344,218.76466369628906,-0.0332083873218616,-0.050632853556292545,67.74193548387096,34.70967741935484,32.96774193548387,-0.02403263372452602,54.07996368408203,-0.016463646108098695,145.68069458007812,-0.13675886121784142,10.920000076293945,-0.06060605736260127,8.369999885559082,-0.08803933014060916,50.19367599487305,1038.3433846153846,79.61290322580645,76.45
2020-03-19,55.277137756347656,73022000,0.04165736751556359,0.004976339785115469,0.1356777545672807,0.28752160888081013,0.3016129032258065,256.8891612903226,10.438709677419356,72.0,125.0587,1.12,79.05483870967741,25.09,39.48946762084961,219.22955322265625,0.01790020417145377,0.0021250668115788685,67.90322580645162,34.516129032258064,32.61290322580645,0.018768421903543775,55.0949592590332,0.04198409398229663,151.79696655273438,0.154761865254204,12.609999656677246,0.13142179169770096,9.470000267028809,-0.02384622978725215,48.99674606323242,1036.9037142857144,79.05483870967741,72.0
2020-03-20,53.14741134643555,72036000,0.03580090114500334,0.023836236364843444,0.1343070675822864,0.33516112766938644,0.28225806451612906,256.8232258064516,10.774193548387098,66.04,124.9362,0.92,78.49677419354838,19.48,37.74397659301758,209.78199768066406,-0.04420143225507678,-0.04309435203016154,68.06451612903226,34.32258064516129,32.25806451612903,-0.03909418476857662,52.94106674194336,-0.022203087483662842,148.42660522460938,-0.03172082707539692,12.210000038146973,0.06546989103239009,10.09000015258789,-0.06717878875006877,45.705204010009766,1035.464043956044,78.49677419354838,66.04
2020-03-23,52.36927795410156,80882000,0.08536655543165894,0.12331767127330906,0.1955195154648517,0.37406080814714615,0.22419354838709676,256.6254193548387,11.780645161290323,61.59,126.1262,0.76,76.82258064516128,23.33,37.94441223144531,204.41822814941406,0.005310400665753168,-0.025568302287858224,68.54838709677419,33.74193548387097,31.193548387096772,-0.013180976212808226,52.24325180053711,-0.01088648981843443,146.81076049804688,0.02538905967634597,12.520000457763672,0.05550044177142599,10.649999618530273,0.028722067514123095,47.01795196533203,1031.1450329670329,76.82258064516128,61.59
2020-03-24,56.227256774902344,66890000,0.024989894595783158,0.04588084184971164,0.12503753484312163,0.2908432350916623,0.20483870967741935,256.5594838709677,12.116129032258065,61.67,125.5001,0.84,76.26451612903226,21.03,40.27830123901367,222.93919372558594,0.06150810805376539,0.09060329767966913,68.70967741935483,33.54838709677419,30.838709677419356,0.0719833986296714,56.00389862060547,0.08696851494430646,159.57867431640625,0.13897761242006879,14.260000228881836,0.03286388676115526,11.0,0.18784664995439537,55.85011672973633,1029.7053626373627,76.26451612903226,61.67
2020-03-25,54.642723083496094,81630000,0.002839238768461483,0.09776971406973711,0.16038264309882067,0.29885071915048744,0.18548387096774194,256.4935483870968,12.451612903225808,63.95,124.7916,0.88,75.70645161290322,20.75,39.657188415527344,226.2766876220703,-0.015420531759783307,0.01497042238608115,68.87096774193549,33.354838709677416,30.483870967741936,-0.025123686353993202,54.59687423706055,-0.029631154579185526,154.8501739501953,-0.016129066775525502,14.029999732971191,0.020909049294211668,11.229999542236328,0.1337711471928429,63.321250915527344,1028.2656923076922,75.70645161290322,63.95
2020-03-26,57.579837799072266,71434000,-0.03521410098402644,0.0427801814589952,0.09823959639090729,0.24065421381140273,0.16612903225806452,256.4276129032258,12.78709677419355,61.0,122.4308,0.83,75.14838709677419,16.6,41.91579818725586,239.4888916015625,0.05695335100569521,0.05838959425444368,69.03225806451613,33.16129032258065,30.129032258064516,0.055645365998886476,57.63493728637695,0.04564358366423571,161.9180908203125,0.08339273688967985,15.199999809265137,0.06411400680123513,11.949999809265137,-0.03079270999969519,61.37141799926758,1026.826021978022,75.14838709677419,61.0
2020-03-27,55.05013656616211,64170000,-0.011551124127169299,0.09619970476187367,0.11070397239621221,0.22435194136426406,0.1467741935483871,256.3616774193548,13.12258064516129,65.54,122.4007,0.72,74.59032258064516,15.48,40.24066162109375,232.3555450439453,-0.03996432463670507,-0.029785709516268244,69.19354838709677,32.96774193548387,29.774193548387096,-0.0452825940207906,55.02507781982422,-0.0401003103813008,155.4251251220703,-0.017105278430553206,14.9399995803833,0.01924690373068616,12.180000305175781,-0.017300995906987193,60.30963134765625,1025.3863516483516,74.59032258064516,65.54
2020-03-30,56.83986282348633,51482000,0.03496617400980884,0.10673842663760413,0.16973880065870128,0.2163809026022352,0.08870967741935484,256.1638709677419,14.129032258064518,57.08,123.2883,0.7,72.91612903225806,14.1,41.7087516784668,239.90150451660156,0.03648275148148872,0.032475917332762894,69.6774193548387,32.38709677419355,28.70967741935484,0.03246990847651232,56.811737060546875,0.058421995572132124,164.50537109375,0.032128548152096315,15.420000076293945,-0.027093589116399586,11.850000381469727,0.0670614089684074,64.35408020019531,1021.0673406593406,72.91612903225806,57.08
2020-03-31,57.63236999511719,49728000,0.020381612895966184,0.08570616323294056,0.1598283820868176,0.21568442637599472,0.06935483870967742,256.09793548387097,14.464516129032258,53.54,122.5301,0.7,72.35806451612903,20.51,41.633453369140625,236.3256378173828,-0.0018053359617820064,-0.01490556179055269,69.83870967741936,32.193548387096776,28.35483870967742,0.013643790015830382,57.58686447143555,0.005122055196241204,165.3479766845703,0.001296984694578729,15.4399995803833,0.0033755240983432966,11.890000343322754,-0.009449475982149624,63.745967864990234,1019.6276703296703,72.35806451612903,53.54
2020-04-01,54.79786682128906,46884000,0.09466170810972163,0.14277039390092483,0.19445187766986982,0.300663727471874,0.05,256.032,14.8,57.06,123.7933,0.62,71.8,20.28,39.97715377807617,225.68983459472656,-0.039782901898119505,-0.045004864139517986,70.0,32.0,28.0,-0.05150817256777951,54.620670318603516,-0.0431654138495392,158.21066284179688,-0.08225385612723102,14.170000076293945,-0.05719094075196218,11.210000038146973,-0.06708056306458476,59.469852447509766,1018.188,71.8,57.06
2020-04-02,55.552215576171875,39298000,0.08084102651435043,0.1449001145393567,0.18375491324399085,0.306787761593333,0.05,256.0243333333333,14.746666666666668,50.91,123.5916,0.63,71.81666666666666,25.18,40.48534393310547,230.8977508544922,0.01271201441329195,0.023075546442388628,69.8,31.566666666666666,27.766666666666666,0.01354689788672414,55.36061096191406,-0.008834648503437403,156.81292724609375,-0.03316868486226099,13.699999809265137,0.005352401374890459,11.270000457763672,0.009413993180738656,60.029701232910156,1019.3182197802198,71.81666666666666,50.91
2020-04-03,54.41424560546875,46268000,0.1090100171279933,0.1536871454802624,0.23065361185297517,0.36235282208086605,0.05,256.01666666666665,14.693333333333333,46.8,124.4152,0.62,71.83333333333333,28.36,39.66659927368164,227.56028747558594,-0.020223235864728073,-0.014454291419276122,69.6,31.133333333333333,27.533333333333335,-0.021781019499668264,54.15480041503906,-0.025349103600582734,152.83786010742188,0.008759115856186162,13.819999694824219,-0.018633543000640018,11.0600004196167,0.024280417929712916,61.487247467041016,1020.4484395604395,71.83333333333333,46.8
2020-04-06,58.827335357666016,53294000,0.06934743804208132,0.02478692851602715,0.13512272332568998,0.25128892093129007,0.05,255.99366666666666,14.533333333333333,45.24,124.16,0.67,71.88333333333333,26.21,42.282814025878906,242.84463500976562,0.06595510580946362,0.06716614618365457,69.0,29.833333333333332,26.833333333333332,0.08281308245580776,58.6395263671875,0.0737450907922641,164.10890197753906,0.1005788982646163,15.210000038146973,0.09945744901097675,12.15999984741211,0.07394050555407938,66.03364562988281,1023.8390989010989,71.88333333333333,45.24
2020-04-07,58.807010650634766,47746000,0.06401972508263376,0.06464336670471171,0.15680448212414388,0.26084093019514576,0.05,255.986,14.48,46.7,123.0956,0.75,71.89999999999999,23.54,42.59335708618164,243.0922393798828,0.007344427457280034,0.0010195999187185834,68.8,29.4,26.6,-0.000532461618527158,58.60830307006836,0.019812569752174713,167.36032104492188,-0.009861907833929706,15.0600004196167,-0.0049341666690194685,12.100000381469727,0.025873345871515685,67.74215698242188,1024.9693186813188,71.89999999999999,46.7
2020-04-08,59.98512649536133,39502000,0.043948450406909645,0.054557655353433265,0.14714792440778512,0.2484631702359994,0.05,255.97833333333332,14.426666666666668,43.35,123.2216,0.77,71.91666666666666,24.97,43.50621795654297,251.25244140625,0.021432000969406673,0.03356833622983402,68.6,28.966666666666665,26.366666666666667,0.02066706739179036,59.81956481933594,0.03228090195170985,172.7628631591797,0.11752984427436064,16.829999923706055,0.09256197109499942,13.220000267028809,-0.013821671115315737,66.80584716796875,1026.0995384615385,71.91666666666666,43.35
2020-04-09,60.043113708496094,43508000,0.05926781686997318,0.05601564478445975,0.15833107898364562,0.2726402676706179,0.05,255.97066666666666,14.373333333333333,41.67,122.476,0.73,71.93333333333334,22.9,43.8261833190918,255.075927734375,0.007354474316026094,0.015217708161262333,68.4,28.53333333333333,26.133333333333333,-0.0003562195577674343,59.798255920410156,0.005221341071296459,173.6649169921875,-0.004753412006459401,16.75,0.029500709664969538,13.609999656677246,-0.015893561445968096,65.74406433105469,1027.2297582417582,71.93333333333334,41.67
2020-04-13,60.345943450927734,34796000,0.04028559495609385,0.047899066755494824,0.12991583017406483,0.24128605471016562,0.05,255.94,14.16,41.17,122.5203,0.76,72.0,22.36,43.89206314086914,252.74693298339844,0.0015032069139511162,-0.009130594061396047,67.6,26.8,25.2,0.0031825582361142413,59.98856735229492,-0.002283042435207827,173.2684326171875,-0.016716458904209475,16.469999313354492,-0.005143254709038536,13.539999961853027,0.005432387249417081,66.10121154785156,1031.7506373626375,72.0,41.17
2020-04-14,62.9068603515625,49408000,-0.04167074978703089,-0.02801689635633653,0.06310943603456409,0.1980337228549307,0.05,255.93233333333333,14.106666666666667,37.76,122.1121,0.76,72.01666666666667,20.15,45.190757751464844,260.201171875,0.029588370143996512,0.02949289553630785,67.4,26.366666666666667,24.966666666666665,0.04529048510130873,62.70547866821289,0.01933745592374314,176.61900329589844,0.046751699445386485,17.239999771118164,0.017725241639167555,13.779999732971191,0.0698012169411466,70.71515655517578,1032.8808571428572,72.01666666666667,37.76
2020-04-15,62.57181930541992,33434000,0.0005861184782354201,0.06258366316976938,0.07418800429950267,0.19895125395152924,0.05,255.92466666666667,14.053333333333333,40.84,123.0752,0.63,72.03333333333333,19.96,44.767269134521484,254.67237854003906,-0.009371133347053306,-0.021248149249754156,67.2,25.933333333333334,24.733333333333334,-0.0062677239410349195,62.31245803833008,-0.006735175232138069,175.429443359375,-0.012180921534840405,17.030000686645508,-0.014513774538514657,13.579999923706055,0.016789701597093032,71.9024429321289,1034.0110769230769,72.03333333333333,40.84
2020-04-16,62.62137985229492,50362000,0.010162575501106552,0.06742551194064705,0.08684019968787426,0.20145330549758134,0.05,255.917,14.0,40.11,123.4615,0.61,72.05,19.82,44.94606399536133,255.9010467529297,0.003993874638691608,0.0048245051934341365,67.0,25.5,24.5,0.00010339864425956691,62.31890106201172,-0.004068472456680627,174.71571350097656,-0.001174424953450326,17.010000228881836,-0.04123707430696033,13.020000457763672,0.05879973010474826,76.13028717041016,1035.1412967032968,72.05,40.11
2020-04-17,63.60173797607422,38980000,-0.003070207584634499,0.029113621731760464,0.078464739065643,0.18102487078665908,0.05,255.9093333333333,13.946666666666667,38.15,122.871,0.65,72.06666666666666,18.31,45.55778121948242,262.81427001953125,0.013610028771022575,0.02701522074380658,66.8,25.066666666666666,24.266666666666666,0.01715407547479808,63.38792419433594,0.016964553099609203,177.6796875,0.025867168026872056,17.450000762939453,-0.003072266829567738,12.979999542236328,0.014327233348255364,77.22102355957031,1036.2715164835165,72.06666666666666,38.15
2020-04-20,62.777015686035156,33910000,0.007318636186365968,0.047520456511781495,0.08437857644869684,0.23615022236039018,0.05,255.8863333333333,13.786666666666667,43.83,123.1033,0.63,72.11666666666666,-36.98,45.143707275390625,258.1839904785156,-0.009088983989297583,-0.01761806746898298,66.2,23.766666666666666,23.566666666666666,-0.013956207117101771,62.50326919555664,-0.005578983093699197,176.68841552734375,-0.0011461579879210593,17.43000030517578,-0.004622455166284678,12.920000076293945,0.0003751415055099905,77.24999237060547,1039.6621758241758,72.11666666666666,43.83
2020-04-21,60.285484313964844,43060000,0.014247559935857135,0.11079953412786736,0.15651858407370822,0.2812370795846333,0.05,255.87866666666665,13.733333333333333,45.41,123.9116,0.58,72.13333333333333,8.91,43.722652435302734,250.34478759765625,-0.03147847010922289,-0.030362854282057872,66.0,23.333333333333332,23.333333333333332,-0.03884544125102829,60.07530212402344,-0.04174152628293637,169.31317138671875,-0.03212848285355985,16.8700008392334,-0.0371517409501696,12.4399995803833,-0.039110304858784084,74.22872161865234,1040.7923956043956,72.13333333333333,45.41
2020-04-22,62.60849380493164,41848000,0.06196122807082749,0.06656846473964473,0.11050440333646905,0.2416700233682485,0.05,255.87099999999998,13.68,41.98,123.9256,0.63,72.14999999999999,13.64,44.89902114868164,255.9010467529297,0.026905245858988236,0.022194427168195086,65.8,22.9,23.1,0.038155099127656245,62.36748123168945,0.06721311652698403,180.6932373046875,0.14167156317444762,19.260000228881836,0.36736340857317984,17.010000228881836,0.040702179507749126,77.24999237060547,1041.9226153846155,72.14999999999999,41.98
2020-04-23,63.257774353027344,31324000,0.056686852025907175,0.07541269348691393,0.10507635512450797,0.18754835627559086,0.05,255.86333333333332,13.626666666666667,41.38,123.7542,0.61,72.16666666666666,15.06,45.2189826965332,255.88265991210938,0.007126247736938929,-7.18513701042367e-05,65.6,22.466666666666665,22.866666666666667,0.010139663193339477,62.9998664855957,0.015635144054439776,183.51840209960938,-0.021287634607463968,18.850000381469727,-0.05584954439485634,16.059999465942383,0.004373199005936801,77.58782196044922,1043.0528351648352,72.16666666666666,41.38
2020-04-24,63.40646743774414,32792000,0.03228294465793802,0.08524912576237287,0.10764392771464881,0.18178541508426527,0.05,255.85566666666665,13.573333333333332,35.93,124.1615,0.6,72.18333333333334,15.99,45.79304122924805,259.4493408203125,0.012695078448964114,0.013938736252891104,65.4,22.03333333333333,22.633333333333333,0.004271622279744314,63.268978118896484,0.02668415611393704,188.41543579101562,0.09389922662832673,20.6200008392334,-0.003735956907696125,16.0,0.010574958225950226,78.40830993652344,1044.183054945055,72.18333333333334,35.93
2020-04-27,63.23645782470703,32012000,0.03990973549106247,0.09983713636038427,0.11126449578688802,0.19932897622726542,0.05,255.83266666666665,13.413333333333332,33.29,123.8843,0.67,72.23333333333333,12.17,46.16948699951172,263.190185546875,0.008220588983796073,0.014418401352398469,64.8,20.733333333333334,21.933333333333334,-0.004496254367422625,62.98450469970703,-0.013521386550722325,185.8677978515625,0.007759449122217266,20.780000686645508,0.056874990463256836,16.90999984741211,-0.03508565714916245,75.65730285644531,1047.5737142857142,72.23333333333333,33.29
2020-04-28,61.144405364990234,59026000,0.09519566820364478,0.11516068207662555,0.1483865847873922,0.21615989978937078,0.05,255.825,13.36,33.57,123.3693,0.62,72.25,12.4,45.3319091796875,261.97991943359375,-0.01814137159100504,-0.004598446977673087,64.6,20.3,21.7,-0.03011348185241247,61.08782196044922,-0.02448002763641044,181.3177490234375,-0.04282970488875104,19.889999389648438,-0.029568303046230926,16.40999984741211,-0.040061194644833265,72.62638092041016,1048.7039340659342,72.25,33.57
2020-04-29,66.48779296875,75872000,0.004338422672159892,0.005851959358728509,0.06518167948181275,0.13458267238023902,0.05,255.81733333333332,13.306666666666667,31.23,122.7782,0.63,72.26666666666667,15.04,47.524635314941406,268.8381652832031,0.04837047843192166,0.026178517286504333,64.4,19.866666666666667,21.466666666666665,0.08891015664858193,66.51914978027344,0.06166960086982565,192.49954223632812,0.04826551137658219,20.850000381469727,0.08653260752576308,17.829999923706055,0.057814951438054374,76.82527160644531,1049.8341538461539,72.26666666666667,31.23
2020-04-30,66.84365844726562,53378000,0.017721277997455154,0.0055388838135570495,0.06166128620625266,0.13553452831144863,0.05,255.80966666666666,13.253333333333332,34.15,122.327,0.64,72.28333333333333,19.23,47.317588806152344,266.3351745605469,-0.004356614362571842,-0.00931039951124324,64.2,19.433333333333334,21.233333333333334,0.003367895436962698,66.74317932128906,0.054173903048990724,202.92799377441406,-0.009112735279682704,20.65999984741211,-0.01233871644957163,17.610000610351562,-0.033044273073461805,74.28663635253906,1050.9643736263736,72.28333333333333,34.15
2020-05-01,65.45341491699219,41450000,0.05130975124459303,0.039814852589604266,0.08981456118408548,0.12293559588348901,0.05,255.802,13.2,37.19,123.1492,0.64,72.3,19.72,46.65884017944336,259.2843933105469,-0.013921855346596401,-0.026473338572848282,64.0,19.0,21.0,-0.021816582729034972,65.28707122802734,-0.011919387861830222,200.50921630859375,-0.044046459541774774,19.75,-0.04656443307231939,16.790000915527344,-0.03014543235432887,72.04723358154297,1052.0945934065935,72.3,37.19
2020-05-04,65.76020812988281,30080000,0.057627502488014626,0.04306591632149259,0.08258990672352184,0.11128276678838533,0.05290322580645162,255.922,12.987096774193548,35.97,123.2117,0.64,72.86129032258064,20.47,46.93175506591797,259.99951171875,0.005849157103456015,0.0027580464796683746,63.61290322580645,18.806451612903224,20.70967741935484,0.004236028928259694,65.56362915039062,0.014782081023565707,203.47315979003906,0.08506330659117878,21.43000030517578,0.018463338239350424,17.100000381469727,0.03402999457291478,74.4990005493164,1055.4852527472528,72.86129032258064,35.97
2020-05-05,66.965087890625,33030000,0.018229631884618014,0.016560315944131876,0.04519993054770688,0.08427151653912479,0.053870967741935484,255.962,12.916129032258064,33.61,122.803,0.66,73.04838709677419,24.56,47.17643356323242,262.4017333984375,0.0052134955739624456,0.009239331504153236,63.483870967741936,18.741935483870968,20.612903225806452,0.019744445721887383,66.85814666748047,0.008818418730455857,205.26747131347656,-0.028931443322642192,20.809999465942383,0.023976598728991938,17.510000228881836,0.03783370216062232,77.31757354736328,1056.6154725274725,73.04838709677419,33.61
2020-05-06,66.7762451171875,24308000,0.0015069986892881637,0.04410307642528477,0.067609513903234,0.09375062839217518,0.054838709677419356,256.002,12.84516129032258,34.12,123.609,0.72,73.23548387096774,23.88,47.044673919677734,260.62298583984375,-0.0027929123420931123,-0.006778718781910054,63.354838709677416,18.677419354838708,20.516129032258064,-0.0026612330543380747,66.68022155761719,0.006760870859635615,206.65525817871094,-0.14848631580433147,17.719999313354492,-0.010279857385660063,17.329999923706055,0.09051171339258302,84.31571960449219,1057.7456923076923,73.23548387096774,34.12
2020-05-07,68.02821350097656,27952000,-0.011970265776371614,0.022031955251074598,0.053950196678238305,0.0929212432460198,0.05580645161290323,256.042,12.774193548387096,31.44,123.1249,0.63,73.42258064516129,23.68,47.929298400878906,263.767822265625,0.01880392417453125,0.012066611913170933,63.225806451612904,18.612903225806452,20.419354838709676,0.017726612745440073,67.86223602294922,0.013383238235064043,209.4209747314453,0.05530482435438877,18.700000762939453,0.04731677428933656,18.149999618530273,-0.05403554110192077,79.75967407226562,1058.8759120879122,73.42258064516129,31.44
2020-05-08,68.81181335449219,27738000,-0.01093388379721627,0.015881827662495462,0.04882694913641883,0.07643485050173515,0.0567741935483871,256.082,12.703225806451613,27.98,122.5379,0.69,73.60967741935484,24.73,48.80451583862305,268.1321716308594,0.018260593560620375,0.01654617810370862,63.096774193548384,18.548387096774192,20.322580645161292,0.010998625157802255,68.60862731933594,0.005159489742989409,210.50148010253906,0.05828877583513825,19.790000915527344,0.004407709387739045,18.229999542236328,-0.031949559318402265,77.21138763427734,1060.006131868132,73.60967741935484,27.98
2020-05-11,69.5498046875,28242000,-0.013768161410578683,0.009805691774666947,0.04460328792176238,0.06616014511576962,0.05967741935483871,256.202,12.490322580645161,27.57,123.2333,0.73,74.17096774193548,24.02,48.832733154296875,268.18719482421875,0.0005781701793157179,0.00020520921836686412,62.70967741935484,18.35483870967742,20.032258064516128,0.013905547518145323,69.56266784667969,0.003908614631299878,211.32424926757812,-0.05962608643691103,18.610000610351562,-0.007679615642560922,18.09000015258789,-0.0006250833106807852,77.16312408447266,1063.3967912087912,74.17096774193548,27.57
2020-05-12,68.18583679199219,27812000,-0.0016394297398283353,0.030601569564879805,0.0204252894681074,0.07601697344620617,0.06064516129032258,256.24199999999996,12.419354838709676,33.04,123.0592,0.69,74.35806451612903,25.76,47.88224411010742,262.8417663574219,-0.01946417869313588,-0.019931706546617578,62.58064516129032,18.29032258064516,19.93548387096774,-0.020240919931939105,68.15465545654297,-0.014447902449689631,208.27105712890625,-0.04567438761914522,17.760000228881836,-0.03924825792329911,17.3799991607666,-0.02652007010137014,75.11675262451172,1064.527010989011,74.35806451612903,33.04
2020-05-13,66.87687683105469,36252000,0.042531982094727194,0.04995056861493774,0.047319627921876384,0.11656897132751509,0.061612903225806454,256.282,12.348387096774193,35.28,123.5408,0.64,74.54516129032258,25.37,47.06349563598633,258.1932067871094,-0.017099208471481497,-0.01768577207014821,62.45161290322581,18.225806451612904,19.838709677419356,-0.0195248784669535,66.82394409179688,-0.023798153920815635,203.31459045410156,-0.06475222993860719,16.610000610351562,-0.035097740647763276,16.770000457763672,-0.03944990012394234,72.15340423583984,1065.6572307692309,74.54516129032258,35.28
2020-05-14,67.21389770507812,32062000,0.03441416776203021,0.05367463274104245,0.046986558242696264,0.11969350250741773,0.06258064516129032,256.322,12.27741935483871,32.61,123.6429,0.63,74.73225806451613,27.4,47.571685791015625,261.2831115722656,0.010797968747580988,0.011967413177156105,62.32258064516129,18.161290322580644,19.741935483870968,0.006326589142649164,67.24671173095703,0.008337395422316485,205.00970458984375,0.027092043290496637,17.059999465942383,0.009540837390856316,16.93000030517578,0.035050311976230875,74.68240356445312,1066.7874505494506,74.73225806451613,32.61
2020-05-15,68.05943298339844,34154000,0.027112152585574645,0.042696380076599594,0.05063411042603683,0.09797620945295016,0.0635483870967742,256.36199999999997,12.206451612903226,31.89,123.5991,0.64,74.91935483870968,29.44,48.23044967651367,262.484130859375,0.013847814609556197,0.004596620424038411,62.193548387096776,18.096774193548388,19.64516129032258,0.011939196481661751,68.0495834350586,0.01967992892866932,209.04428100585938,0.06916766366443716,18.239999771118164,0.01004135104722792,17.100000381469727,0.01033970348885438,75.45459747314453,1067.9176703296703,74.91935483870968,31.89
2020-05-18,68.59223175048828,36448000,0.023902952898947616,0.039944069982151165,0.048542793014998864,0.09685412002263272,0.0664516129032258,256.48199999999997,11.993548387096775,29.3,122.7968,0.73,75.48064516129031,31.83,49.24681854248047,270.47943115234375,0.021073178309215068,0.030460128262962405,61.806451612903224,17.903225806451612,19.35483870967742,0.008827056095172425,68.65026092529297,0.010954073766529904,211.33416748046875,0.015350915030649892,18.520000457763672,0.022806981342003763,17.489999771118164,0.06946421051194718,80.69599151611328,1071.3083296703296,75.48064516129031,29.3
2020-05-19,68.07405090332031,25612000,0.03229394295520516,0.045792583822521715,0.04548661926195963,0.13477783722730208,0.06741935483870969,256.522,11.92258064516129,30.53,122.5655,0.7,75.66774193548386,32.3,49.237403869628906,267.7012634277344,-0.0001911732195134519,-0.01027127169253994,61.67741935483871,17.838709677419356,19.258064516129032,-0.007782397381143835,68.11599731445312,0.017308380450073768,214.9920196533203,0.007559362105185485,18.65999984741211,-0.0005717683826588216,17.479999542236328,0.025358644263937302,82.7423324584961,1072.4385494505495,75.66774193548386,30.53
2020-05-20,69.72128295898438,33108000,0.007115931834824618,0.003881486999847139,0.017771828836829817,0.10009817795202447,0.06838709677419355,256.56199999999995,11.851612903225806,27.99,122.1007,0.68,75.85483870967741,33.56,50.60197067260742,272.2489929199219,0.027714028273944313,0.01698807631296506,61.54838709677419,17.774193548387096,19.161290322580644,0.025290935361387046,69.83871459960938,0.06035600289203824,227.96807861328125,0.012325806222781122,18.889999389648438,0.042906179613323214,18.229999542236328,-0.012599118707137147,81.6998519897461,1073.5687692307692,75.85483870967741,27.99
2020-05-21,69.52700805664062,27700000,0.018619684048491347,0.025370666486412174,0.034972946471014454,0.1275661568187314,0.06935483870967742,256.602,11.780645161290323,29.53,122.0914,0.68,76.04193548387096,34.3,50.244361877441406,270.369384765625,-0.0070670922577250606,-0.006904004066783598,61.41935483870968,17.70967741935484,19.06451612903226,-0.0017100907809786126,69.71928405761719,0.006174717786662454,229.37571716308594,-0.010587552252670718,18.690000534057617,-0.037301169624295194,17.549999237060547,-0.007561425375188113,81.08208465576172,1074.698989010989,76.04193548387096,29.53
2020-05-22,69.90467071533203,26188000,0.015172858632617858,0.025658919001216418,0.03827932086554564,0.1205314680582743,0.0703225806451613,256.642,11.709677419354838,28.16,122.3211,0.66,76.2290322580645,33.49,50.545509338378906,270.8827819824219,0.005993656794210489,0.0018988733404188274,61.29032258064516,17.64516129032258,18.967741935483872,0.004613686258829075,70.04094696044922,0.015212507784037044,232.86509704589844,-0.004815417336339278,18.600000381469727,0.006837654954422456,17.670000076293945,0.011071464831493794,81.97978210449219,1075.8292087912089,76.2290322580645,28.16
2020-05-26,70.2317886352539,41212000,0.015666638168965852,0.027621333125339875,0.010550087823251175,0.1208028399787473,0.07419354838709678,256.80199999999996,11.425806451612903,28.01,121.3864,0.69,76.9774193548387,34.7,50.68667221069336,274.22027587890625,0.0027927876118416517,0.012320804859058843,60.774193548387096,17.387096774193548,18.580645161290324,0.005752577200553333,70.44386291503906,-0.01153649549732727,230.17864990234375,0.048387075272691815,19.5,-0.014714217756606085,17.40999984741211,0.006593701740321922,82.52033233642578,1080.350087912088,76.9774193548387,28.01
2020-05-27,70.27243041992188,33716000,0.013076353842272015,0.033861419289725525,0.016567492672690642,0.1342745453463714,0.07516129032258065,256.842,11.35483870967742,27.62,121.5677,0.68,77.16451612903225,32.8,51.04427719116211,278.3003234863281,0.007055207313320322,0.014878723297702345,60.645161290322584,17.322580645161292,18.483870967741936,-0.0007669048862487537,70.38983917236328,-0.0131782007383765,227.1453094482422,-0.019999968699919823,19.110000610351562,-0.023549675531620018,17.0,0.005614682919590663,82.98365783691406,1081.4803076923076,77.16451612903225,27.62
2020-05-28,70.21741485595703,33844000,-0.003211591369709277,-0.009098349906128456,-0.04011359980407536,0.16633398659667464,0.07612903225806451,256.88199999999995,11.283870967741935,28.59,121.0138,0.7,77.3516129032258,33.67,50.564327239990234,277.7869567871094,-0.009402620187459076,-0.0018446500269482247,60.516129032258064,17.258064516129032,18.387096774193548,-0.0014364625194704939,70.28872680664062,-0.016060047580996994,223.49734497070312,0.03610667737682971,19.799999237060547,0.07352941176470584,18.25,0.03443060728884895,85.84083557128906,1082.6105274725276,77.3516129032258,28.59
2020-05-29,70.82157897949219,36418000,0.00662757901073463,-0.01101519101177817,-0.02375907680567113,0.1437520616250012,0.07709677419354839,256.92199999999997,11.212903225806452,27.51,120.9458,0.65,77.53870967741935,35.57,50.83723449707031,279.02471923828125,0.00539722907386464,0.004455797584911325,60.38709677419355,17.193548387096776,18.29032258064516,0.010773933547844505,71.04601287841797,-0.0016411415157189246,223.13055419921875,0.024747560472105468,20.290000915527344,0.037808248441513204,18.940000534057617,0.0012369204351840857,85.94701385498047,1083.7407472527473,77.53870967741935,27.51
2020-06-01,70.96532440185547,24342000,0.010329334831432169,-0.008360096744989276,-0.012718179635753835,0.14847519778119111,0.08,257.042,11.0,28.23,120.2686,0.66,78.1,35.49,51.420711517333984,280.1524353027344,0.011477355643672915,0.00404163497603971,60.0,17.0,18.0,0.0009417810701575213,71.11292266845703,0.03029908054962971,229.89120483398438,0.006899920321901121,20.43000030517578,0.03220689998957704,19.549999237060547,0.030211144061022432,88.54357147216797,1087.1314065934066,78.1,28.23
2020-06-02,71.33208465576172,25562000,0.011770294018838667,0.002431965555033777,-0.0008199247051142722,0.1354622354937982,0.08033333333333334,257.0856666666666,10.973333333333333,26.84,119.6854,0.68,77.91333333333333,36.88,51.627750396728516,282.4720764160156,0.0040263713450316985,0.008279924858674237,60.03333333333333,17.166666666666668,17.966666666666665,0.0051852216622985114,71.48165893554688,0.0034926640183456925,230.6941375732422,0.0039158062903106305,20.510000228881836,0.010230218452403683,19.75,0.028671114583386226,91.08221435546875,1088.2616263736263,77.91333333333333,26.84
2020-06-03,71.19133758544922,25124000,0.020516780762498632,0.010261819739838085,0.019716132699459266,0.15617716966676598,0.08066666666666666,257.1293333333333,10.946666666666667,25.66,119.2556,0.77,77.72666666666666,37.33,51.78773498535156,286.2314147949219,0.0030988099886912757,0.013308707984889923,60.06666666666667,17.333333333333332,17.933333333333334,-0.002121622619711938,71.33000183105469,-0.01100023275701445,228.1564483642578,0.04534374913688066,21.440000534057617,-0.0010126814057555,19.729999542236328,-0.003709229634166533,90.74436950683594,1089.3918461538462,77.72666666666666,25.66
2020-06-04,69.99190521240234,29686000,-0.005905725312865928,0.0168391490758808,0.05914249422197293,0.22383842387256392,0.081,257.173,10.92,25.81,119.3014,0.82,77.53999999999999,37.42,51.40189743041992,285.47955322265625,-0.007450365516869506,-0.00262676119182903,60.1,17.5,17.9,-0.017335613987087495,70.09345245361328,-0.01681442272278788,224.32012939453125,-0.011194018896451219,21.200000762939453,-0.023821557235637947,19.260000228881836,-0.027975846066174648,88.20571899414062,1090.522065934066,77.53999999999999,25.81
2020-06-05,71.29095458984375,34698000,-0.017526611023166327,-0.0046372913047684206,0.03252920941310622,0.14144273568081678,0.08133333333333334,257.21666666666664,10.893333333333333,24.52,118.8138,0.91,77.35333333333332,39.49,52.23945617675781,292.7962341308594,0.016294315739446175,0.0256294393963008,60.13333333333333,17.666666666666668,17.866666666666667,0.018185887044589455,71.3681640625,0.019797573560081938,228.76112365722656,0.0438678473754075,22.1299991607666,0.05555553905028887,20.329999923706055,-0.014116838071843163,86.96053314208984,1091.6522857142857,77.35333333333332,24.52
2020-06-08,71.69834899902344,28084000,-0.01849835586486237,0.0036294195376160854,0.034142167091631315,0.09984064094348732,0.08233333333333333,257.34766666666667,10.813333333333333,25.81,118.6621,0.88,76.79333333333332,38.17,53.21817398071289,296.3354187011719,0.018735221910493927,0.012087534461699079,60.233333333333334,18.166666666666668,17.766666666666666,0.005569483689330967,71.7656478881836,0.002729973121157414,229.38563537597656,0.0027113138529797354,22.190000534057617,0.015740270340634854,20.649999618530273,-0.0064379201745274894,86.40068817138672,1095.042945054945,76.79333333333332,25.81
2020-06-09,72.17168426513672,28184000,-0.009229692272059276,0.005665515148651323,0.03765378283657794,0.05235004075716243,0.08266666666666667,257.3913333333333,10.786666666666667,27.57,118.5893,0.84,76.60666666666667,38.98,53.08643341064453,294.125732421875,-0.0024754808407387863,-0.007456706623129472,60.266666666666666,18.333333333333332,17.733333333333334,0.002789782816438935,71.96585845947266,0.03141737949208734,236.5923309326172,-0.006759784358727261,22.040000915527344,0.02130753230923954,21.09000015258789,0.002011000545621089,86.5744400024414,1096.173164835165,76.60666666666667,27.57
2020-06-10,72.6519546508789,30504000,-0.01004879215704646,-0.023113135573686105,0.0517718988973328,0.06215494720632542,0.083,257.43499999999995,10.76,27.57,118.5231,0.75,76.42,39.54,52.92644119262695,292.4845886230469,-0.00301380612217772,-0.00557973552777824,60.3,18.5,17.7,0.008690928555094901,72.59130859375,-0.00812824505661447,234.66925048828125,0.016787609642252788,22.40999984741211,0.005215770960441013,21.200000762939453,-0.013825530503014494,85.37750244140625,1097.3033846153846,76.42,27.57
2020-06-11,69.57855224609375,39826000,0.022879997368363325,0.026705300554836775,0.07657569244939588,0.0913064979495164,0.08333333333333333,257.47866666666664,10.733333333333333,40.79,119.2347,0.66,76.23333333333333,36.43,50.489036560058594,275.62310791015625,-0.04605268326463463,-0.05764912535142708,60.333333333333336,18.666666666666668,17.666666666666668,-0.04287549943834201,69.47891998291016,-0.05195807555150167,222.47628784179688,-0.09593929643772636,20.260000228881836,-0.07028309551155898,19.709999084472656,-0.03131708755562701,82.70372772216797,1098.4336043956043,76.23333333333333,40.79
2020-06-12,70.04146575927734,38928000,0.013119255811926855,-0.03770229753907073,0.07599889983906061,0.07609802325043091,0.08366666666666667,257.52233333333334,10.706666666666667,36.09,119.6645,0.71,76.04666666666667,36.24,50.93135452270508,278.9238586425781,0.008760673460669555,0.011975595070562006,60.36666666666667,18.833333333333332,17.633333333333333,0.007860660580991663,70.02507019042969,0.01849137110957133,226.59017944335938,0.03109571340816175,20.889999389648438,0.023845826612614474,20.18000030517578,0.01832402026430824,84.21919250488281,1099.5638241758243,76.04666666666667,36.09
2020-06-15,70.3720474243164,30078000,0.022544817458738597,-0.017522920313254642,0.06605625335748089,0.07002836681824909,0.08466666666666667,257.6533333333333,10.626666666666667,34.4,119.9539,0.71,75.48666666666666,37.07,51.750091552734375,281.5277404785156,0.016075304450509087,0.00933545752812126,60.46666666666667,19.333333333333332,17.533333333333335,0.0055346693939613,70.41263580322266,0.01714937304938635,230.47605895996094,0.012446157801740965,21.149999618530273,0.028245772358983734,20.75,0.012492687143450087,85.27131652832031,1102.9544835164836,75.48666666666666,34.4
2020-06-16,71.50556182861328,34184000,0.015033966303318769,-0.020177271998341517,0.052179185707105,0.06842618473413942,0.08499999999999999,257.697,10.6,33.67,119.567,0.75,75.3,38.26,52.1735725402832,286.946533203125,0.008183193011693346,0.019247810945376198,60.5,19.5,17.5,0.018110384245527023,71.68783569335938,0.013548365355733116,233.5986328125,0.04964544507552793,22.200000762939453,0.007228897278567459,20.899999618530273,0.04392126393146012,89.01654052734375,1104.0847032967033,75.3,33.67
2020-06-17,71.92189025878906,30992000,-0.013196956893568701,-0.0090138418104867,0.04440016947164005,0.04808683533352154,0.08533333333333333,257.74066666666664,10.573333333333332,33.47,119.9105,0.74,75.11333333333333,37.91,52.23945617675781,285.7546691894531,0.0012627779403784345,-0.004153610083269976,60.53333333333333,19.666666666666668,17.466666666666665,0.004196134039599508,71.9886474609375,-0.0005093042578541151,233.4796600341797,0.00900895714943828,22.399999618530273,0.04401914320985245,21.81999969482422,0.024398126911708173,91.1883773803711,1105.214923076923,75.11333333333333,33.47
2020-06-18,71.1705093383789,31638000,0.003739737991079073,0.020014555455610594,0.09036485225162005,0.04148444207463586,0.08566666666666667,257.7843333333333,10.546666666666667,32.94,120.2173,0.71,74.92666666666666,38.79,52.408843994140625,285.8646240234375,0.0032425264307820445,0.000384787532243136,60.56666666666667,19.833333333333332,17.433333333333334,-0.012680993537731555,71.07575988769531,0.0017408298615746443,233.8861083984375,0.029464279404100013,23.059999465942383,0.00779102102069551,21.989999771118164,0.03948363499637675,94.78882598876953,1106.345142857143,74.92666666666666,32.94
2020-06-19,70.96035766601562,63158000,-0.05016344626701286,0.04468753400202741,0.08849504715449541,0.01974547453175579,0.086,257.828,10.52,35.12,120.2186,0.7,74.74,39.72,52.2676887512207,284.23101806640625,-0.0026933477665659344,-0.005714613910734578,60.6,20.0,17.4,-0.0066105326704194445,70.60591125488281,0.012079298223638402,236.71128845214844,0.006504753772948346,23.209999084472656,0.030468398511487527,22.65999984741211,-0.02515276484263207,92.40462493896484,1107.4753626373627,74.74,35.12
2020-06-22,71.95857238769531,30848000,-0.03918433411219169,0.022949601951026244,0.08033118760306945,-0.014257793407249642,0.087,257.95899999999995,10.44,31.77,119.7532,0.71,74.17999999999999,40.6,52.382720947265625,286.05426025390625,0.002200828060189286,0.006414648900402664,60.7,20.5,17.3,0.01826427868601277,71.89547729492188,0.0018008637983701892,237.1375732421875,0.03188288270816231,23.950000762939453,0.023830578956910875,23.200000762939453,-0.005432038666214112,91.90267944335938,1110.866021978022,74.17999999999999,31.77
2020-06-23,72.58057403564453,28596000,-0.034689714305716435,0.021572052796506203,0.03501063408092331,0.0007171027535084473,0.08733333333333333,258.00266666666664,10.413333333333332,31.37,119.3285,0.72,73.99333333333333,40.4,52.722206115722656,287.37127685546875,0.006480861671901206,0.004604079660947891,60.733333333333334,20.666666666666668,17.266666666666666,0.009182378831438465,72.55564880371094,0.012624373851750637,240.13128662109375,0.00501039365603928,24.06999969482422,0.020258590426655898,23.670000076293945,0.035710668587767946,95.18458557128906,1111.9962417582417,73.99333333333333,31.37
2020-06-24,70.97274017333984,35120000,0.0042390577454176626,0.05518289146651245,0.055797454866891805,-0.01170400898077395,0.08766666666666667,258.04633333333334,10.386666666666667,33.84,119.9744,0.69,73.80666666666667,37.91,51.5340461730957,280.0408020019531,-0.022536233404554462,-0.02550872492800471,60.766666666666666,20.833333333333332,17.233333333333334,-0.0213666352121038,71.00537872314453,-0.03393338757408859,231.98281860351562,-0.03739092770839547,23.170000076293945,-0.0016899415039464127,23.6299991607666,-0.005983231530148125,94.61507415771484,1113.1264615384616,73.80666666666667,33.84
2020-06-25,71.4366683959961,24610000,0.016214180677059264,0.06966472565846371,0.06165808017154539,-0.009047299005366383,0.088,258.09,10.36,32.22,120.2997,0.68,73.62,38.66,51.7603645324707,283.04296875,0.004391627985406599,0.010720461899069722,60.8,21.0,17.2,0.005863014175523151,71.42168426513672,0.007093362948100701,233.62835693359375,-0.025463968521585834,22.579999923706055,0.035971240442572716,24.479999542236328,0.009487729074175277,95.51275634765625,1114.2566813186813,73.62,32.22
2020-06-26,67.40074157714844,85354000,0.09986031796340411,0.11136133388421343,0.10327234035328003,0.06254891418157538,0.08833333333333333,258.1336666666666,10.333333333333332,34.73,120.533,0.64,73.43333333333334,38.53,49.47834014892578,276.3202209472656,-0.04408825950430362,-0.023751686298458474,60.833333333333336,21.166666666666668,17.166666666666668,-0.054513953760891964,67.52820587158203,-0.0831634997637003,214.19900512695312,-0.042958339974842885,21.610000610351562,-0.05759803405957509,23.06999969482422,0.022536777556887655,97.6653060913086,1115.386901098901,73.43333333333334,34.73
2020-06-29,69.13892364501953,36204000,0.06466790485332607,0.09004503001872499,0.09107712197631979,0.049857666651180965,0.08933333333333333,258.26466666666664,10.253333333333332,31.78,120.6658,0.64,72.87333333333333,39.67,50.39304733276367,280.3815002441406,0.018487022424048538,0.014697727451694842,60.93333333333333,21.666666666666668,17.066666666666666,0.025415721534727487,69.2444839477539,0.021103245492545497,218.71929931640625,0.019898208839929543,22.040000915527344,0.0008669465985366998,23.09000015258789,0.047637847958943214,102.31787109375,1118.7775604395604,72.87333333333333,31.78
2020-06-30,70.06277465820312,40848000,0.05828360884164541,0.07076206422376008,0.08336106492808448,0.039416795850888864,0.08966666666666666,258.3083333333333,10.226666666666667,30.43,120.4649,0.66,72.68666666666667,39.27,50.95882797241211,283.9730224609375,0.01122735515303086,0.012809412224663808,60.96666666666667,21.833333333333332,17.033333333333335,0.014944667884455365,70.2793197631836,0.029142482887525745,225.09332275390625,0.00589832828341752,22.170000076293945,0.01732350003841132,23.489999771118164,0.009905743102979203,103.33140563964844,1119.9077802197803,72.68666666666667,30.43
2020-07-01,71.27359771728516,35504000,0.05072879144480513,0.05560356468596095,0.031236977456475135,0.021946648743258024,0.09,258.352,10.2,28.62,120.0808,0.69,72.5,39.88,52.22242736816406,285.9622497558594,0.024796476803509604,0.0070049868740453825,61.0,22.0,17.0,0.016889263390460707,71.4662857055664,0.046153206854036455,235.4821014404297,0.050067686356865204,23.280000686645508,0.009791381203805738,23.719999313354492,-0.012891308485753039,101.99932861328125,1121.038,72.5,28.62
2020-07-02,72.59495544433594,37182000,0.05259771610920927,0.03471699810597095,0.006656531268083077,0.017334537306022746,0.09032258064516129,258.3830967741935,10.141935483870967,27.68,119.8555,0.68,72.5516129032258,40.57,52.05268859863281,287.537109375,-0.003250304095108514,0.005507229085255805,61.354838709677416,21.903225806451612,16.93548387096774,0.01936890835059124,72.85050964355469,-0.01738584440489599,231.38804626464844,0.035652916633382326,24.110000610351562,-0.021079258620319452,23.219999313354492,-0.06387797495986314,95.48381805419922,1121.4785108695653,72.5516129032258,27.68
2020-07-06,74.13140106201172,31280000,0.010456796861355366,0.04681445093017067,-0.020545458980249287,-0.024924687782732824,0.09161290322580645,258.5074838709677,9.909677419354837,27.94,119.2852,0.69,72.75806451612902,40.51,53.09939956665039,291.9758605957031,0.020108682110323794,0.01543714211480851,62.774193548387096,21.516129032258064,16.677419354838708,0.02021864424565445,74.32344818115234,0.029389062312160874,238.18832397460938,0.07092488764759608,25.81999969482422,0.008613297538920595,23.420000076293945,-0.04266073683676441,91.41040802001953,1123.240554347826,72.75806451612902,27.94
2020-07-07,73.60999298095703,29164000,0.02383571914746052,0.049314022944569214,-0.007790150482851255,0.0005655972004752208,0.09193548387096774,258.5385806451613,9.851612903225806,29.43,119.5717,0.65,72.80967741935484,40.59,52.94852066040039,288.9645080566406,-0.00284144279372911,-0.010313703786739792,63.12903225806452,21.419354838709676,16.612903225806452,-0.006488071976589738,73.84123229980469,0.002413979324672688,238.7633056640625,0.0011619166150309557,25.850000381469727,0.059350955812140116,24.809999465942383,-0.028511156301734064,88.80419158935547,1123.6810652173913,72.80967741935484,29.43
2020-07-08,74.14628601074219,24994000,0.011791220498797106,0.04845561589635938,0.0027404429201125513,-0.028449446221238572,0.09225806451612903,258.56967741935483,9.793548387096774,28.08,119.5525,0.67,72.86129032258064,40.91,53.420021057128906,291.174560546875,0.008904883287535359,0.007648179719708548,63.483870967741936,21.322580645161292,16.548387096774192,0.009181880944995946,74.51923370361328,0.01129279188772303,241.45960998535156,0.04448741205259865,27.0,0.06449014171346956,26.40999984741211,0.023912985020373645,90.92776489257812,1124.1215760869566,72.86129032258064,28.08
2020-07-09,74.88922119140625,28466000,0.004639421019816847,0.0031038480503020605,-0.01091995827169856,-0.033554098053358405,0.09258064516129032,258.6007741935484,9.735483870967741,29.26,119.5129,0.62,72.91290322580645,39.64,53.48603057861328,289.5169677734375,0.0012356700760896011,-0.005692780201416836,63.83870967741935,21.225806451612904,16.483870967741936,0.010015884497232452,75.26560974121094,0.003776976632832385,242.37159729003906,0.015555558381257217,27.420000076293945,-0.017796263387731437,25.940000534057617,0.022505463126455627,92.97413635253906,1124.5620869565219,72.91290322580645,29.26
2020-07-10,76.41328430175781,37126000,-0.01698722857705981,-0.019374194884361873,-0.02960289515140413,-0.03619927709077464,0.0929032258064516,258.6318709677419,9.67741935483871,27.29,119.3509,0.65,72.96451612903226,40.56,54.41013717651367,292.4731750488281,0.017277531869599905,0.010210825631829623,64.19354838709677,21.129032258064516,16.419354838709676,0.013399912054619323,76.27416229248047,0.002331330172723467,242.9366455078125,-0.03136399007872648,26.559999465942383,-0.015805699266420836,25.530000686645508,0.0422548883968612,96.90274810791016,1125.002597826087,72.96451612903226,27.29
2020-07-13,74.90657806396484,36928000,0.035981403838093895,0.012478719270575755,-0.020525037545241487,0.0025671829381386235,0.09387096774193548,258.72516129032255,9.503225806451612,32.19,119.1891,0.64,73.11935483870967,40.06,53.316280364990234,289.94061279296875,-0.02010391570921466,-0.008659126620540691,65.25806451612904,20.838709677419356,16.225806451612904,-0.017400712004622787,74.94693756103516,-0.024768458151373518,236.9194793701172,-0.06739454232572584,24.770000457763672,-0.04935370916542625,24.270000457763672,-0.03456513723820753,93.55329132080078,1126.3241304347825,73.11935483870967,32.19
2020-07-14,75.36454010009766,31700000,0.024885148389161893,-0.01331085146141786,-0.009180637609292663,0.03194150825946607,0.09419354838709677,258.7562580645161,9.44516129032258,29.52,119.3901,0.63,73.17096774193548,40.3,53.844356536865234,293.6979675292969,0.009904595149172524,0.012959049441656045,65.61290322580645,20.741935483870968,16.161290322580644,0.005706755623918092,75.37464141845703,0.003054276312081994,237.64309692382812,-0.0012111702095711774,24.739999771118164,-0.021837687542192286,23.739999771118164,0.010420954057492215,94.52820587158203,1126.7646413043478,73.17096774193548,29.52
2020-07-15,75.02056121826172,32214000,0.03623711557754694,0.00553630367651281,0.003177839734081589,0.03834469208321489,0.09451612903225806,258.78735483870963,9.387096774193548,27.76,119.0331,0.64,73.22258064516129,41.2,54.16496276855469,296.396240234375,0.005954314478063161,0.009187236560664891,65.96774193548387,20.64516129032258,16.096774193548388,-0.002617033950587655,75.17738342285156,0.002294310492662932,238.18832397460938,-0.004850401495348988,24.6200008392334,0.03369844785687204,24.540000915527344,-0.015317190047038687,93.0802993774414,1127.2051521739131,73.22258064516129,27.76
2020-07-16,75.23666381835938,30386000,-0.0015284816993901273,0.008860285841187254,-0.0067656584954296495,0.03299058350622941,0.09483870967741935,258.8184516129032,9.329032258064515,28.0,118.9275,0.62,73.27419354838709,40.74,54.259273529052734,295.41998291015625,0.0017411765037305127,-0.0032937574493075994,66.3225806451613,20.548387096774192,16.032258064516128,-0.0012921100302933919,75.08024597167969,0.0027051405165052778,238.83265686035156,0.0012184719039112224,24.649999618530273,-0.026079921480040347,23.899999618530273,-0.020429220093636014,91.17874145507812,1127.6456630434782,73.27419354838709,28.0
2020-07-17,75.115234375,29134000,-0.0024282149496867023,-0.021503825502483198,0.0016033714475154337,0.02875515565277298,0.09516129032258065,258.8495483870968,9.270967741935484,25.68,119.124,0.64,73.3258064516129,40.55,54.13668441772461,296.2764892578125,-0.0022593209115209234,0.00289928372217374,66.6774193548387,20.451612903225808,15.967741935483872,0.0012739665140995005,75.17589569091797,0.004565766323154419,239.92311096191406,0.011359054400756241,24.93000030517578,0.0267782973728945,24.540000915527344,-0.028689362713350652,88.56288146972656,1128.0861739130435,73.3258064516129,25.68
2020-07-20,77.60182189941406,31146000,-0.02268639618476309,-0.0582929079953981,-0.004547543284491251,0.004655984323142182,0.09612903225806452,258.9428387096774,9.096774193548386,24.46,119.0483,0.62,73.48064516129033,40.83,54.7873420715332,298.6708984375,0.012018793925169913,0.008081671231104481,67.74193548387098,20.161290322580644,15.774193548387096,0.030978778509670013,77.50475311279297,0.014006460733772208,243.28358459472656,0.046129145786312664,26.079999923706055,0.02974733149966724,25.270000457763672,0.059073420540149746,93.79459381103516,1129.407706521739,73.48064516129033,24.46
2020-07-21,77.23999786376953,24324000,-0.037268566054072916,-0.05996453378461741,-0.006987849961689996,-0.015278248194562583,0.0964516129032258,258.97393548387095,9.038709677419355,24.84,118.4042,0.61,73.53225806451613,41.76,54.52330780029297,299.3063049316406,-0.004819256807448324,0.002127446957385981,68.09677419354838,20.06451612903226,15.709677419354838,-0.005064622914952799,77.11222076416016,-0.014953995065051129,239.64552307128906,-0.013803704425026875,25.719999313354492,-0.020973513139873168,24.739999771118164,-0.0333435959213737,90.66714477539062,1129.8482173913044,73.53225806451613,24.84
2020-07-22,77.73908996582031,18640000,-0.029627207363560948,-0.06049118801486009,0.008454064795457406,-0.00800762123999621,0.0967741935483871,259.0050322580645,8.980645161290322,24.32,118.1337,0.6,73.58387096774193,41.88,54.57988357543945,301.010009765625,0.001037643852308312,0.00569217823317647,68.45161290322581,19.967741935483872,15.64516129032258,0.005739541693474903,77.5548095703125,-0.007776683816384522,237.78187561035156,-0.012830479491292568,25.389999389648438,-0.06224733316192377,23.200000762939453,-0.0059618355014724456,90.12660217285156,1130.2887282608697,73.58387096774193,24.32
2020-07-23,75.12166595458984,32552000,0.010404670889620382,-0.010279142102142091,0.04271360739165497,0.051217878061782685,0.0970967741935484,259.03612903225803,8.92258064516129,26.08,118.0613,0.59,73.63548387096773,40.99,53.693477630615234,297.4184875488281,-0.01624052465408876,-0.011931570712858774,68.80645161290323,19.870967741935484,15.580645161290322,-0.030737716206878596,75.17095184326172,-0.030308074561743226,230.57516479492188,-0.029539189367045693,24.639999389648438,-0.053017302117929765,21.969999313354492,-0.02377628380216701,87.98372650146484,1130.7292391304347,73.63548387096773,26.08
2020-07-24,74.9328384399414,30880000,-0.01912204298343745,-0.011495686495790802,0.05048720691757147,0.06843194645432926,0.09741935483870968,259.0672258064516,8.864516129032259,25.84,118.1329,0.59,73.68709677419355,41.23,53.60860824584961,295.50286865234375,-0.0015806274525461683,-0.0064408198436887165,69.16129032258064,19.774193548387096,15.516129032258064,-0.005630578169246614,74.74769592285156,-0.00812541931446642,228.70164489746094,-0.004058379732067019,24.540000915527344,0.00819300458814154,22.149999618530273,-0.008667034390567041,87.2211685180664,1131.16975,73.68709677419355,25.84
2020-07-27,75.84131622314453,24920000,-0.036433046333985586,-0.022284507296437606,0.05098688992183931,0.07240908135696644,0.09838709677419355,259.16051612903226,8.690322580645162,24.74,117.3869,0.62,73.84193548387097,41.46,53.97636413574219,297.65789794921875,0.006860015619246207,0.007292752543158532,70.2258064516129,19.483870967741936,15.32258064516129,0.01406954751957934,75.79936218261719,0.012093120510674016,231.4673614501953,-0.011002463231076454,24.270000457763672,0.03115126618243269,22.84000015258789,0.015604185806594728,88.58218383789062,1132.4912826086957,73.84193548387097,24.74
2020-07-28,74.36137390136719,34044000,-0.02357455769104888,-0.013343704029284198,0.10133733551089219,0.06005974949044268,0.09870967741935484,259.1916129032258,8.63225806451613,25.44,117.3189,0.59,73.89354838709677,40.89,53.420021057128906,295.77001953125,-0.010307161060611025,-0.006342443560126254,70.58064516129032,19.387096774193548,15.258064516129032,-0.016855869861967188,74.52169799804688,-0.014475480151053599,228.11676025390625,-0.011124864139724466,24.0,-0.010945709208836085,22.59000015258789,0.07268167037073914,95.0204849243164,1132.931793478261,73.89354838709677,25.44
2020-07-29,75.43589782714844,22130000,-0.0318063128784184,-0.010117891882849617,0.07379018873664567,0.054033493083310846,0.09903225806451613,259.22270967741935,8.574193548387097,24.1,117.2126,0.58,73.94516129032257,41.13,53.91036605834961,299.4075622558594,0.009179049193865252,0.012298551186405993,70.93548387096774,19.29032258064516,15.193548387096774,0.013207909163541753,75.50597381591797,0.013775513616850033,231.25918579101562,0.03958336512247729,24.950000762939453,0.013722862498824373,22.899999618530273,0.04418940104098712,99.2193832397461,1133.372304347826,73.94516129032257,24.1
2020-07-30,75.90328216552734,33428000,-0.020470820838101478,-0.008488666215355711,0.07376008853333493,-0.009683685310633128,0.09935483870967743,259.2538064516129,8.516129032258064,24.76,117.4008,0.55,73.99677419354838,39.85,54.06123733520508,298.33935546875,0.0027985578263773903,-0.003567734826271818,71.29032258064517,19.193548387096776,15.129032258064516,0.009753737577069765,76.24243927001953,0.005186528565100046,232.4586181640625,0.009619229009189434,25.190000534057617,-0.021397370274262584,22.40999984741211,-0.004280622901413289,98.79466247558594,1133.8128152173913,73.99677419354838,24.76
2020-07-31,73.49996948242188,68798000,0.007775030963936613,0.016702983291722928,0.10197172700914736,0.05683226577126255,0.09967741935483872,259.28490322580643,8.458064516129033,24.46,117.2082,0.55,74.04838709677419,40.1,54.81562805175781,300.6969299316406,0.013954373849698554,0.007902324717389053,71.64516129032258,19.096774193548388,15.064516129032258,-0.0327748262852251,73.74360656738281,0.0817483685614826,251.46173095703125,0.36125447354263684,34.290000915527344,0.0004462395783100259,22.420000076293945,0.0034195897913185114,99.13249969482422,1134.2533260869566,74.04838709677419,24.46
2020-08-03,73.07818603515625,46604000,0.014683503812286336,0.029522981876919374,0.1263251547423272,0.09939986452999339,0.09935483870967743,259.35993548387097,8.361290322580645,24.28,117.8074,0.56,74.50645161290322,40.83,54.8627815246582,302.787353515625,0.0008602195136004909,0.006951928589558953,73.80645161290323,18.870967741935484,15.064516129032258,-0.0034882029505918233,73.48637390136719,-0.006740860141715377,249.76666259765625,0.05220183341309825,36.08000183105469,-0.05352367345476905,21.219999313354492,0.07502438720298121,106.56985473632812,1135.5748586956522,74.50645161290322,24.28
2020-08-04,72.60833740234375,38070000,0.010477864687314709,0.06391258936714816,0.17973756215246106,0.109940611038025,0.09903225806451614,259.3819032258064,8.341935483870968,23.76,117.7833,0.52,74.70967741935483,41.67,55.21168518066406,303.95697021484375,0.006359569207205595,0.003862832068904032,74.70967741935483,18.806451612903224,15.096774193548388,-0.006379771773397991,73.01754760742188,-0.008453813214824302,247.65518188476562,-0.03242799124903417,34.90999984741211,0.025447734825679413,21.760000228881836,-0.02567817012262885,103.83333587646484,1136.0153695652175,74.70967741935483,23.76
2020-08-05,73.03656005859375,39590000,0.022400911392066458,0.05016249787946325,0.11416175913878224,0.1198417682644024,0.09870967741935484,259.4038709677419,8.32258064516129,22.99,116.8736,0.55,74.91290322580645,42.25,55.126808166503906,305.84490966796875,-0.001537301639723876,0.006211206315783979,75.61290322580645,18.741935483870968,15.129032258064516,0.0039295522642570635,73.30447387695312,-0.002841901550985071,246.9513702392578,0.027785769835087182,35.880001068115234,-0.0027573283690845996,21.700000762939453,0.12215302047232246,116.51689147949219,1136.4558804347826,74.91290322580645,22.99
2020-08-06,74.34947967529297,39908000,0.01223256527487826,0.054429723138776476,0.06062286463963806,0.1660088854592574,0.09838709677419355,259.4258387096774,8.303225806451612,22.65,117.0422,0.55,75.11612903225806,41.93,56.57901382446289,307.88916015625,0.02634300272877721,0.0066839447826694265,76.51612903225806,18.677419354838708,15.161290322580646,0.017483881415846003,74.58612060546875,0.06486849369493286,262.9707336425781,0.0005574263424825698,35.900001525878906,-0.01612904927024139,21.350000381469727,-0.055836256201012846,110.01102447509766,1136.8963913043478,75.11612903225806,22.65
2020-08-07,74.0714340209961,31556000,0.008859072762744225,0.05749786454219219,0.025359855412022014,0.17991426444615444,0.09806451612903226,259.4478064516129,8.283870967741935,22.21,117.6239,0.57,75.31935483870967,41.16,56.51298904418945,308.1101989746094,-0.0011669482341682968,0.0007179168576354478,77.41935483870968,18.612903225806452,15.193548387096774,-0.004372067864738649,74.26002502441406,0.01191188374177865,266.10321044921875,-0.025626795112512313,34.97999954223633,0.010772812090249495,21.579999923706055,0.01675871302238341,111.85466766357422,1137.3369021739131,75.31935483870967,22.21
2020-08-10,74.15122985839844,25786000,0.014624735702196245,0.06156011585375265,0.040679071729523564,0.17756161804273018,0.0970967741935484,259.51370967741934,8.225806451612904,22.13,117.5821,0.59,75.92903225806451,41.94,56.32440948486328,309.0311584472656,-0.003336924174701106,0.002989058706012404,80.12903225806451,18.419354838709676,15.290322580645162,-0.0010345808919998145,74.18319702148438,-0.020265331142118925,260.7105407714844,0.025157263568648336,35.86000061035156,0.020389274124800627,22.020000457763672,-0.0019847875471105114,111.63265991210938,1138.6584347826088,75.92903225806451,22.13
2020-08-11,73.3691177368164,29088000,0.05288064840130713,0.08640026653808386,0.03492489110278374,0.190958855990925,0.0967741935483871,259.53567741935484,8.206451612903226,24.03,117.3781,0.64,76.13225806451612,41.53,55.48514175415039,306.48016357421875,-0.014900604167691012,-0.008254814452576253,81.03225806451613,18.35483870967742,15.32258064516129,-0.010876303821526379,73.37635803222656,-0.026121616118435775,253.90036010742188,-0.04071386111608721,34.400001525878906,-0.01907357255053388,21.600000381469727,-0.0012970276756646415,111.48786926269531,1139.098945652174,76.13225806451612,24.03
2020-08-12,74.67264556884766,28740000,0.027153327210553302,0.09674642934610533,0.009358678468531112,0.15516189896636456,0.0964516129032258,259.55764516129034,8.187096774193549,22.28,117.2559,0.69,76.33548387096774,42.6,56.145233154296875,310.7532958984375,0.011896723686339206,0.013942606511249567,81.93548387096774,18.29032258064516,15.35483870967742,0.018033839260704232,74.69961547851562,0.014680148229400114,257.6276550292969,0.03284875590973102,35.529998779296875,0.012037047420836444,21.860000610351562,0.003636366622509435,111.89328002929688,1139.539456521739,76.33548387096774,22.28
2020-08-13,75.25896453857422,29104000,0.04168721626975058,0.07631466180768443,0.0005464124676117788,0.1542757586592438,0.09612903225806452,259.5796129032258,8.167741935483871,22.13,117.1193,0.71,76.53870967741935,42.26,56.428131103515625,310.1914978027344,0.005038681528693578,-0.0018078588485405112,82.83870967741936,18.225806451612904,15.387096774193548,0.006243266794865754,75.16598510742188,0.005425291310306113,259.0253601074219,-0.018857252799448943,34.86000061035156,0.00182978074391138,21.899999618530273,0.013112573533643257,113.36048889160156,1139.9799673913044,76.53870967741935,22.13
2020-08-14,74.7276382446289,27096000,0.0482116809895472,0.09065289486631589,0.02235821185353193,0.16057937858439986,0.09580645161290323,259.6015806451613,8.148387096774194,22.05,116.9395,0.71,76.74193548387096,42.05,56.41869354248047,310.2007141113281,-0.0001672492221627131,2.9711673785515202e-05,83.74193548387096,18.161290322580644,15.419354838709678,-0.007925371867842923,74.57026672363281,-0.0002297430541899903,258.9658508300781,-0.005163519851526632,34.68000030517578,-0.009588999458016834,21.690000534057617,0.011580329115154164,114.6732406616211,1140.4204782608697,76.74193548387096,22.05
2020-08-17,75.23567199707031,27566000,0.04625885659989715,0.07654901133624503,0.0019234805993941784,0.17064765360312895,0.09483870967741935,259.6674838709677,8.09032258064516,21.35,116.749,0.69,77.35161290322581,42.89,56.484710693359375,311.1860046386719,0.0011701290252175145,0.0031762999971371997,86.45161290322581,17.967741935483872,15.516129032258064,0.007716332002397408,75.14567565917969,-0.0003061587762039908,258.8865661621094,0.009515513652062157,35.0099983215332,0.0046104370220141355,21.790000915527344,-0.03952010488574165,110.14134216308594,1141.7420108695653,77.35161290322581,21.35
2020-08-18,77.2489242553711,40542000,0.0318361042988804,0.0655138565067197,-0.04046588447740784,0.1429357588133573,0.09451612903225806,259.6894516129032,8.070967741935483,21.51,116.5593,0.67,77.55483870967743,42.89,56.99391174316406,311.8583679199219,0.009014847443744589,0.00216064755878298,87.35483870967742,17.903225806451612,15.548387096774194,0.02607768480289452,77.10530090332031,0.004518462678271495,260.05633544921875,0.02770640580426753,35.97999954223633,-0.0009178731951966501,21.770000457763672,0.009683962382431188,111.20794677734375,1142.1825217391304,77.55483870967743,21.51
2020-08-19,76.70025634765625,33212000,0.06775337263867542,0.11679917431725606,-0.05656764335852982,0.1438549858871594,0.09419354838709677,259.7114193548387,8.051612903225806,22.54,116.567,0.68,77.75806451612904,42.91,56.8336067199707,310.5599060058594,-0.002812669253441591,-0.004163626978243906,88.25806451612902,17.838709677419356,15.580645161290322,-0.007179845218044156,76.55169677734375,0.0009527636247310678,260.3041076660156,-0.0403001884765819,34.529998779296875,0.00689019822582404,21.920000076293945,-0.009200584402790035,110.18476867675781,1142.6230326086957,77.75806451612904,22.54
2020-08-20,78.39630126953125,34138000,0.03324169193698445,0.03798955969309703,-0.09520473823324471,0.10433377840234503,0.09387096774193548,259.7333870967742,8.03225806451613,22.72,116.8126,0.65,77.96129032258065,42.62,57.54085922241211,311.52685546875,0.01244426569522794,0.0031135682494454198,89.16129032258064,17.774193548387096,15.612903225806452,0.020484196191586257,78.11979675292969,0.024448848691827063,266.6682434082031,-0.0008687744094234562,34.5,-0.004105846362894128,21.829999923706055,-0.0093736813759846,109.15193176269531,1143.063543478261,77.96129032258065,22.72
2020-08-21,78.33038330078125,28930000,0.040489163254413096,0.006719931586103733,-0.07274012069832048,0.11610843368799983,0.0935483870967742,259.75535483870965,8.012903225806452,22.54,117.0572,0.64,78.16451612903226,42.32,57.28623580932617,312.63189697265625,-0.004425088824303813,0.0035471789494472272,90.06451612903226,17.70967741935484,15.64516129032258,-0.0004312787238368587,78.08610534667969,-0.007434495836377897,264.6856994628906,-0.008985547051913456,34.189998626708984,-0.010535938755847796,21.600000381469727,-0.004686874640117744,108.64035034179688,1143.504054347826,78.16451612903226,22.54
2020-08-24,78.71598815917969,28198000,0.02895091835569641,-0.035140425038638345,-0.10892213608346701,0.09695872880365353,0.09258064516129032,259.82125806451614,7.95483870967742,22.37,116.912,0.65,78.7741935483871,42.44,57.98405456542969,315.79986572265625,0.012181263897774075,0.01013322306737341,92.7741935483871,17.516129032258064,15.741935483870968,0.006080175462354287,78.56088256835938,0.016403594466231075,269.0274963378906,-0.03773024722564167,32.900001525878906,-0.03379627450667,20.8700008392334,-0.005775188648531326,108.01293182373047,1144.8255869565219,78.7741935483871,22.37
2020-08-25,79.7082290649414,44942000,0.03263866428740925,-0.03187369783652905,-0.11188141641693428,0.07874540907662553,0.09225806451612903,259.84322580645164,7.935483870967742,22.03,116.8206,0.69,78.97741935483872,43.17,58.5309944152832,316.90496826171875,0.00943259063121138,0.0034993762157993213,93.6774193548387,17.451612903225808,15.774193548387096,0.01305878180448694,79.5867919921875,0.03474723421594228,278.3754577636719,0.0355622527258852,34.06999969482422,0.01197891662419237,21.1200008392334,0.0033958042365052066,108.37972259521484,1145.266097826087,78.97741935483872,22.03
2020-08-26,81.89695739746094,79868000,0.0459336424827923,-0.07284069400072557,-0.12552813860637546,0.07050409347594533,0.09193548387096774,259.8651935483871,7.916129032258064,23.27,116.6243,0.69,79.18064516129033,43.21,60.530113220214844,320.08209228515625,0.03415487512048232,0.010025478744825733,94.58064516129032,17.387096774193548,15.806451612903226,0.023837666321561368,81.48395538330078,0.08222340156944785,301.2644348144531,0.007044369844924292,34.310001373291016,0.011363625074878314,21.360000610351562,0.0022265950054580763,108.62104034423828,1145.7066086956522,79.18064516129033,23.27
2020-08-27,81.00232696533203,37232000,0.004595118250805275,-0.06951459701424212,-0.10390192761005157,0.08388749245677052,0.09161290322580645,259.8871612903226,7.896774193548387,24.47,116.649,0.74,79.38387096774194,42.88,59.794586181640625,320.7820129394531,-0.012151423472450684,0.0021866910744676726,95.48387096774194,17.322580645161292,15.838709677419354,-0.009494333708011893,80.71031951904297,-0.0351750277785291,290.6674499511719,0.005246292566922106,34.4900016784668,0.017790222373984532,21.739999771118164,-0.008886522939203445,107.65577697753906,1146.1471195652175,79.38387096774194,24.47
2020-08-28,81.50191497802734,29980000,-0.032455149809236805,-0.0760942611544978,-0.10646977113009459,0.09047622123376309,0.09129032258064516,259.9091290322581,7.877419354838709,22.96,115.9374,0.74,79.58709677419355,42.96,59.9360237121582,322.85406494140625,0.00236539023930904,0.006459377142022715,96.38709677419355,17.258064516129032,15.870967741935484,0.0066993967121040665,81.25102996826172,0.001500746856216706,291.1036682128906,0.02464477914629315,35.34000015258789,0.026218937480462667,22.309999465942383,-0.00026894564378221464,107.62682342529297,1146.5876304347826,79.58709677419355,22.96
2020-08-31,80.99488830566406,36468000,-0.062288047224599574,-0.056750170165074776,-0.10071097257182016,0.0774456908249892,0.09032258064516129,259.9750322580645,7.819354838709677,26.41,115.7586,0.72,80.19677419354839,42.61,59.653133392333984,321.68450927734375,-0.004719871327847791,-0.0036225520786760113,99.09677419354838,17.06451612903226,15.96774193548387,-0.006038554010968311,80.76039123535156,-0.001566220789956052,290.6477355957031,0.041030015752087534,36.790000915527344,0.01255045689592893,22.59000015258789,0.0016143206324468196,107.80056762695312,1147.9091630434782,80.19677419354839,26.41
2020-09-01,82.30979919433594,36506000,-0.06247331651914856,-0.08418697299256339,-0.10273921051192425,0.08272977454718022,0.09,259.997,7.8,26.12,115.5687,0.68,80.4,42.76,60.14348602294922,324.71435546875,0.00822006494428762,0.00941868851009553,100.0,17.0,16.0,0.015679198928791438,82.02664947509766,0.007639481328377995,292.8681335449219,0.042674630490742826,38.36000061035156,-0.00796814094554843,22.40999984741211,0.015490774143084751,109.4704818725586,1148.3496739130435,80.4,26.12
2020-09-02,85.65878295898438,50224000,-0.11355819495544317,-0.13467159291836772,-0.1561437538721998,0.0576699038465307,0.09,260.00773333333336,7.77,26.57,116.0304,0.66,80.44666666666667,42.76,61.425941467285156,329.4110107421875,0.021323264232581796,0.014463959459561027,99.33333333333333,17.066666666666666,15.966666666666667,0.03764766569404898,85.11476135253906,0.023896644503846876,299.86669921875,0.011730989462445995,38.810001373291016,0.04997772632125819,23.530000686645508,0.035975569597271884,113.40874481201172,1148.7901847826088,80.44666666666667,26.57
2020-09-03,81.37454223632812,62156000,-0.07377073003707879,-0.11075993041015486,-0.09490579531599885,0.11263590477486995,0.09,260.01846666666665,7.74,33.6,116.0685,0.63,80.49333333333334,41.39,59.341949462890625,318.07452392578125,-0.03392690375782759,-0.034414413746718164,98.66666666666667,17.133333333333333,15.933333333333334,-0.05117055489154787,80.75939178466797,-0.037619865272166875,288.58575439453125,-0.07420770332920545,35.93000030517578,-0.014024645732090724,23.200000762939453,-0.05915392502417305,106.7001724243164,1149.230695652174,80.49333333333334,33.6
2020-09-04,78.85675811767578,52172000,-0.045102933819199165,-0.10048797817860888,-0.08648457083568717,0.14892753064001218,0.09,260.0292,7.71,30.75,116.0347,0.72,80.54,39.69,58.25752258300781,315.4775695800781,-0.018274203825422997,-0.008164609707343562,98.0,17.2,15.9,-0.02964074218054391,78.3656234741211,-0.028819596678559156,280.2688293457031,-0.04313941619525308,34.380001068115234,-0.03275862947797348,22.440000534057617,-0.04161388247247755,102.25996398925781,1149.6712065217391,80.54,30.75
2020-09-08,75.94987487792969,52218000,0.005905733677739944,-0.04367687396621278,-0.04705068919814581,0.1873479015664845,0.09,260.07213333333334,7.59,31.46,116.4618,0.69,80.72666666666667,36.87,56.720462799072266,306.8577880859375,-0.026383885132524765,-0.027322961520256817,95.33333333333333,17.466666666666665,15.766666666666667,-0.03643417018618145,75.51043701171875,-0.040922711163913994,268.7994689941406,-0.010180403663307636,34.029998779296875,0.011140819699205107,22.690000534057617,-0.03662461321433086,98.51473236083984,1151.43325,80.72666666666667,31.46
2020-09-09,77.16763305664062,35494000,-0.023160574366583586,-0.09104281410993864,-0.045620868067241194,0.16801347686829504,0.09,260.0828666666667,7.56,28.81,116.1291,0.71,80.77333333333334,38.05,57.3994026184082,312.9173889160156,0.011969927356570098,0.01974726099629276,94.66666666666667,17.533333333333335,15.733333333333333,0.015509476115920018,76.68156433105469,0.009441280850715605,271.3372802734375,0.043491025428326724,35.5099983215332,0.042309346050111385,23.649999618530273,0.03429353039680927,101.89315032958984,1151.8737608695653,80.77333333333334,28.81
2020-09-10,75.93152618408203,32372000,-0.023818143326242658,-0.06770793299410183,-0.010965790796018338,0.16456071275379425,0.09,260.09360000000004,7.53,29.71,115.8806,0.68,80.82000000000001,37.25,56.550716400146484,307.48394775390625,-0.014785628064873602,-0.017363819827755478,94.0,17.6,15.7,-0.013689250394446018,75.63185119628906,-0.020568810888993316,265.7561950683594,-0.023092079233554164,34.689998626708984,-0.014376328036872055,23.309999465942383,-0.0009471118629036379,101.79664611816406,1152.3142717391304,80.82000000000001,29.71
2020-09-11,75.3714828491211,31942000,-0.03993525315233959,-0.049818551119733545,0.03184645226974836,0.1674270436419707,0.09,260.10433333333333,7.5,26.87,116.0866,0.67,80.86666666666667,37.33,56.37154769897461,307.640625,-0.0031682834909481095,0.0005095460990345302,93.33333333333333,17.666666666666668,15.666666666666666,-0.006742916376902053,75.12187194824219,-0.005520251429125267,264.2891540527344,-0.016719459190490227,34.11000061035156,0.037752084439168776,24.190000534057617,-0.017163030843105886,100.04950714111328,1152.7547826086957,80.86666666666667,26.87
2020-09-14,75.30008697509766,33932000,-0.05800106244008829,-0.03604322426959272,0.0344901934023949,0.1727728602182046,0.09,260.1365333333334,7.41,25.85,115.6428,0.68,81.00666666666667,37.23,56.588436126708984,311.692626953125,0.0038474804504671223,0.013171218700797294,91.33333333333333,17.866666666666667,15.566666666666666,-0.004572038397078981,74.77841186523438,-0.0017254744015370305,263.8331298828125,0.06479035605182526,36.31999969482422,-0.0024804205029486104,24.1299991607666,0.044476653365807195,104.49937438964844,1154.0763152173913,81.00666666666667,25.85
2020-09-15,76.3984146118164,26622000,-0.049291505142009084,-0.046780942854948715,0.01728243516153327,0.1418284942428334,0.09,260.14726666666667,7.38,25.59,115.5908,0.68,81.05333333333334,38.29,57.59742736816406,313.26739501953125,0.01783034327359423,0.005052310931445536,90.66666666666667,17.933333333333334,15.533333333333333,0.017424017656332502,76.08135223388672,0.02355816188340376,270.0485534667969,0.035517646651059165,37.61000061035156,0.014090350783795502,24.469999313354492,0.025124659212253375,107.12488555908203,1154.5168260869566,81.05333333333334,25.59
2020-09-16,75.38038635253906,26234000,-0.06949170760520629,-0.03372988843003899,0.025136489350784164,0.1623185345969711,0.09,260.158,7.3500000000000005,26.04,115.3537,0.69,81.10000000000001,40.17,56.975059509277344,312.0240783691406,-0.010805480163350478,-0.003968867077000171,90.0,18.0,15.5,-0.015001802522729535,74.93999481201172,-0.03267008710976027,261.2260437011719,-0.012762550769653935,37.130001068115234,0.015937936572978373,24.860000610351562,-0.02414851058747436,104.53797912597656,1154.9573369565219,81.10000000000001,26.04
2020-09-17,74.12297821044922,37596000,-0.0449606693341027,-0.0036375063339854075,0.05180790961033499,0.17884632585613414,0.09,260.16873333333336,7.32,26.46,115.4392,0.69,81.14666666666666,40.99,55.9283447265625,309.27978515625,-0.018371455716415852,-0.008795132821909912,89.33333333333333,18.066666666666666,15.466666666666667,-0.016566599151848327,73.69849395751953,-0.033014577933855205,252.60177612304688,-0.014543520064454252,36.59000015258789,-0.02252620110788872,24.299999237060547,-0.006832870116352363,103.82368469238281,1155.397847826087,81.14666666666666,26.46
2020-09-18,72.36150360107422,62078000,-0.010294407746816447,-0.0010752204080587413,0.05111008230528613,0.19720004086638854,0.09,260.17946666666666,7.29,25.83,115.2395,0.7,81.19333333333333,41.09,55.390846252441406,305.71917724609375,-0.009610484214202297,-0.011512578839762866,88.66666666666667,18.133333333333333,15.433333333333334,-0.024175322721184278,71.91680908203125,-0.008986856149774236,250.33168029785156,0.007925687737577958,36.880001068115234,-0.019753068201922797,23.81999969482422,0.007902631746413924,104.6441650390625,1155.8383586956522,81.19333333333333,25.83
2020-09-21,70.93260192871094,57776000,0.023309833265177105,0.038332509794802405,0.08718110827706771,0.20951530114513095,0.09,260.2116666666667,7.2,27.78,116.378,0.68,81.33333333333333,39.26,54.74258804321289,302.3166809082031,-0.011703345463871528,-0.01112948284284998,86.66666666666667,18.333333333333332,15.333333333333334,-0.014437402665738786,70.8785171508789,-0.01734448138477407,245.98980712890625,-0.0002712075905852984,36.869998931884766,0.002518869299373616,23.8799991607666,-0.014389920617793095,103.13834381103516,1157.1598913043479,81.33333333333333,27.78
2020-09-22,72.63262176513672,31664000,0.002640727731622272,-0.008202327222720185,0.08724201828488631,0.18691058279516515,0.09,260.2224,7.17,26.86,116.5438,0.68,81.38,39.55,55.80097579956055,305.3955993652344,0.01933390060974438,0.01018441472624576,86.0,18.4,15.3,0.020753076175307195,72.3494644165039,0.026596799193707055,252.5323486328125,0.0998101549168573,40.54999923706055,0.06658292330261739,25.469999313354492,-0.003181924332263719,102.81016540527344,1157.6004021739132,81.38,26.86
2020-09-23,70.14207458496094,33148000,0.038432563650915075,0.03185400986027109,0.1414067647907873,0.2178406167205189,0.09,260.23313333333334,7.140000000000001,28.58,117.2526,0.68,81.42666666666666,39.92,54.46855163574219,298.3131408691406,-0.02387815167613705,-0.023191095453944488,85.33333333333333,18.466666666666665,15.266666666666667,-0.034545437097944554,69.8501205444336,-0.022492622338664225,246.85223388671875,-0.02466091291775052,39.54999923706055,-0.003926127868745688,25.3700008392334,-0.03398744717649038,99.31591033935547,1158.0409130434782,81.42666666666666,28.58
2020-09-24,70.79035949707031,29004000,0.0432685457794757,0.04035604809932147,0.1489264475783827,0.21290504615226769,0.09,260.2438666666667,7.11,28.51,117.5473,0.67,81.47333333333333,40.11,54.57249450683594,299.1082763671875,0.0019083098039556212,0.0026654390608815692,84.66666666666667,18.533333333333335,15.233333333333333,0.009557315659237009,70.5177001953125,0.00204812696582235,247.35781860351562,-0.026801455854402967,38.4900016784668,-0.04138750925011425,24.31999969482422,0.005248305458752434,99.83715057373047,1158.4814239130435,81.47333333333333,28.51
2020-09-25,71.61658477783203,26460000,0.009315080576405732,0.048624102728378915,0.10068777552275088,0.2033896282799199,0.09,260.25460000000004,7.08,26.38,117.8679,0.66,81.52,40.06,55.300132751464844,303.9440002441406,0.01333342467124643,0.01616713497762512,84.0,18.6,15.2,0.011385500821387673,71.3205795288086,0.021199885854170875,252.60177612304688,0.036632886098337814,39.900001525878906,0.015213850488334568,24.690000534057617,0.022430632159686992,102.0765609741211,1158.9219347826088,81.52,26.38
2020-09-28,72.58602905273438,40158000,0.01468047705716935,0.0714430613592858,0.09541689948156384,0.2127455172358701,0.09,260.2868,6.99,26.19,117.6178,0.67,81.66,40.47,56.03721618652344,308.9922790527344,0.013328782380528148,0.016609239874907145,82.0,18.8,15.1,0.013620048756270098,72.2919692993164,0.007848676886238248,254.58436584472656,0.027067618422443873,40.97999954223633,0.0425273071830099,25.739999771118164,0.026855805489925944,104.81790924072266,1160.2434673913044,81.66,26.19
2020-09-29,72.82442474365234,19564000,-0.01081449681270552,0.06965762946003573,0.032184722798570986,0.1969536029622294,0.09,260.2975333333334,6.96,26.27,117.526,0.66,81.70666666666666,39.03,56.09392166137695,307.3094177246094,0.001011925265251623,-0.005446289251252789,81.33333333333333,18.866666666666667,15.066666666666666,0.005045880128369484,72.65674591064453,0.01935198188539844,259.5110778808594,-0.010248857336185191,40.560001373291016,0.009712509798873947,25.989999771118164,0.00488074083903034,105.32949829101562,1160.6839782608697,81.70666666666666,26.27
2020-09-30,72.83781433105469,34032000,-0.006335080409569538,0.0670112217474017,0.06643973320199703,0.18366893970230214,0.09,260.30826666666667,6.930000000000001,26.37,116.946,0.69,81.75333333333333,40.05,56.1317253112793,309.6394348144531,0.0006739348717772486,0.007581990513326087,80.66666666666667,18.933333333333334,15.033333333333333,-0.000286561384147177,72.63592529296875,0.00042017206945854646,259.6201171875,0.023422014696177218,41.5099983215332,0.0046171927776141874,26.110000610351562,0.014021261289138387,106.80635070800781,1161.1244891304348,81.75333333333333,26.37
2020-10-01,73.85335540771484,35590000,-0.0027917046784710076,0.046332752313585024,0.08786049575691668,0.17568731420014272,0.09,260.319,6.9,26.7,116.7227,0.68,81.8,38.51,56.9349365234375,311.6274108886719,0.014309398253910421,0.006420293576010483,80.0,19.0,15.0,0.015215529881930978,73.74111938476562,0.018060280946846197,264.3089294433594,0.07275356733023663,44.529998779296875,0.025660668733508807,26.780000686645508,0.05024850489187971,112.17321014404297,1161.565,81.8,26.7
2020-10-02,72.28369903564453,25682000,0.0389462348363252,0.0785714594818927,0.11492554279868128,0.1850084158638956,0.09,260.33809677419356,6.893548387096774,27.63,116.7321,0.7,81.64193548387097,36.9,55.8104248046875,308.6686706542969,-0.019750820628158472,-0.009494480045697862,79.45161290322581,18.903225806451612,14.935483870967742,-0.021708577693040243,72.14030456542969,-0.025090882849596596,257.67718505859375,-0.01594428708591733,43.81999969482422,-0.00522783022432427,26.639999389648438,-0.036743831960337814,108.0515365600586,1161.8096847826087,81.64193548387097,27.63
2020-10-05,73.65162658691406,22266000,0.05594133876187546,0.03269825162793083,0.11048994237008003,0.1715322448487444,0.09,260.3953870967742,6.8741935483870975,27.96,116.1767,0.78,81.16774193548387,39.12,56.7270393371582,314.1423034667969,0.016423715384329407,0.017733036530391377,77.80645161290323,18.612903225806452,14.741935483870968,0.01870727255690663,73.48985290527344,0.018119713874445997,262.3462219238281,0.00570515750207834,44.06999969482422,0.03378384183554539,27.540000915527344,0.018849314433980746,110.0882339477539,1162.543739130435,81.16774193548387,27.96
2020-10-06,72.036865234375,24908000,0.08135190620308208,0.07051555515262842,0.20344151079599948,0.193919497700491,0.09,260.41448387096773,6.867741935483871,29.48,116.2681,0.76,81.00967741935484,40.52,55.536373138427734,309.6764831542969,-0.020989394346031753,-0.014215915090760811,77.25806451612904,18.516129032258064,14.67741935483871,-0.021452251771146402,71.913330078125,-0.022633818337356115,256.4083251953125,-0.024052674849814104,43.0099983215332,-0.029411813593453018,26.729999542236328,0.0014029606739256462,110.24268341064453,1162.7884239130435,81.00967741935484,29.48
2020-10-07,72.37638092041016,34924000,0.07381391927089775,0.09109128250125953,0.2075478281438805,0.22390072141334905,0.09,260.4335806451613,6.861290322580645,28.06,116.3447,0.81,80.8516129032258,39.82,55.942710876464844,315.06689453125,0.007316605587914138,0.017406589360766445,76.70967741935483,18.419354838709676,14.612903225806452,0.005596009431111826,72.31575775146484,-0.0020877797016610744,255.8730010986328,0.008137695942274092,43.36000061035156,-0.0022446489700673755,26.670000076293945,0.0025391479660274996,110.5226058959961,1163.0331086956521,80.8516129032258,28.06
2020-10-08,73.64717864990234,23756000,0.04926198189738962,0.08708357734000627,0.18562100833485018,0.2162146539090153,0.09,260.45267741935487,6.85483870967742,26.36,116.1657,0.78,80.69354838709677,41.04,56.670345306396484,317.8591613769531,0.013006778158077381,0.008862457129484858,76.16129032258064,18.322580645161292,14.548387096774194,0.016646813111385717,73.51958465576172,0.021850518099197025,261.4639587402344,0.005765682575666675,43.61000061035156,0.014248187464550144,27.049999237060547,-0.009170382273217426,109.50907135009766,1163.277793478261,80.69354838709677,26.36
2020-10-09,75.098876953125,28706000,0.038139822174541926,0.08301108564555193,0.16352739308528785,0.1659824490824271,0.09,260.4717741935484,6.848387096774194,25.0,115.2757,0.79,80.53548387096774,40.44,57.01054382324219,320.69775390625,0.0060031135333016294,0.00893034675168769,75.61290322580645,18.225806451612904,14.483870967741936,0.01821434838614877,74.85869598388672,0.002616119634191394,262.1479797363281,-0.005044742435772909,43.38999938964844,-0.0018484006828378696,27.0,-0.009431310238920965,108.47625732421875,1163.5224782608695,80.53548387096774,25.0
2020-10-12,77.77179718017578,49652000,-0.022011721940158213,0.013574357900292489,0.1091295068868483,0.11305506682800814,0.09,260.52906451612904,6.829032258064516,25.07,115.75195000000001,0.7525,80.06129032258065,39.22,58.513057708740234,325.85693359375,0.02635501759387715,0.01608735834491748,73.96774193548387,17.93548387096774,14.290322580645162,0.03584369517805919,77.54190826416016,0.04272994441834843,273.34954833984375,0.014980445610100146,44.040000915527344,-0.0014815153899015998,26.959999084472656,-0.018508671983795466,106.468505859375,1164.2565326086958,80.06129032258065,25.07
2020-10-13,77.89720153808594,32020000,-0.010021114299879508,0.02072938848450878,0.11518253125176914,0.11625763872823702,0.09,260.5481612903226,6.822580645161291,26.07,115.9107,0.74,79.90322580645162,40.03,58.56975555419922,323.73040771484375,0.0009689776552306295,-0.0065259494571854315,73.41935483870968,17.838709677419356,14.225806451612904,0.00158517088429444,77.66482543945312,0.0014145174820741069,273.7362060546875,0.0024977431440693643,44.150001525878906,0.0014837135343368502,27.0,0.007796967977161007,107.29863739013672,1164.5012173913044,79.90322580645162,26.07
2020-10-14,77.71876525878906,38586000,0.016089718078987625,-0.03281712702593975,0.1159126842564373,0.10975203681172618,0.09,260.5672580645161,6.816129032258065,26.4,115.6872,0.73,79.74516129032259,40.86,57.8704833984375,321.69622802734375,-0.011939133929193657,-0.006283560762360585,72.87096774193549,17.741935483870968,14.161290322580646,-0.0023163783865982612,77.48492431640625,-0.015644182448905197,269.4538269042969,-0.0036240054786481624,43.9900016784668,0.01185184054904509,27.31999969482422,-0.012504615557891063,105.9569091796875,1164.745902173913,79.74516129032259,26.4
2020-10-15,77.27518463134766,30800000,0.03604590282993336,0.005201600653514937,0.13975092147365098,0.11356352543038217,0.09,260.58635483870967,6.809677419354839,26.97,116.0964,0.74,79.58709677419355,40.84,57.42633056640625,321.2987365722656,-0.00767494594737117,-0.001235611177400342,72.3225806451613,17.64516129032258,14.096774193548388,-0.005097820975444867,77.08992004394531,-0.01876252270381562,264.398193359375,-0.007729032498635324,43.650001525878906,0.02708637552651072,28.059999465942383,0.012753974946975832,107.30828094482422,1164.9905869565218,79.58709677419355,26.97
2020-10-16,77.963134765625,28694000,0.04322275527107733,0.030514589602833375,0.13246546751550858,0.1384923098482167,0.09,260.6054516129032,6.803225806451613,27.41,115.7679,0.76,79.42903225806452,40.7,57.43578338623047,321.10455322265625,0.00016460776321558512,-0.0006043701001784418,71.7741935483871,17.548387096774192,14.03225806451613,0.007862668776653203,77.69605255126953,-0.002961864308963724,263.6150817871094,0.009392894228629878,44.060001373291016,-0.008196705153736272,27.829999923706055,0.009355063035051847,108.3121566772461,1165.2352717391304,79.42903225806452,27.41
2020-10-19,76.05990600585938,32142000,0.03638702082508294,0.05957194289201562,0.15348513098781824,0.2295632080971588,0.09,260.6627419354839,6.783870967741936,29.18,115.4031,0.78,78.95483870967742,40.69,56.405765533447266,316.2226257324219,-0.01793338215406215,-0.015203544892897325,70.12903225806451,17.258064516129032,13.838709677419354,-0.024079867420506162,75.82514190673828,-0.017034687679834737,259.1244812011719,0.039945489484258356,45.81999969482422,0.02982392835003367,28.65999984741211,0.007040372999595368,109.07471466064453,1165.9693260869565,78.95483870967742,29.18
2020-10-20,77.11658477783203,44834000,0.031061776396009932,0.06059404471288343,0.12265972155236171,0.21551105208093735,0.09,260.68183870967744,6.77741935483871,29.35,115.2485,0.81,78.79677419354839,41.37,56.81209182739258,317.4892883300781,0.007203630517245152,0.00400560394665761,69.58064516129032,17.161290322580644,13.774193548387096,0.013810863613646696,76.87235260009766,0.023565447189850985,265.2308654785156,-0.010912265458973391,45.31999969482422,-0.007327253509794351,28.450000762939453,0.01646016011733109,110.87010192871094,1166.2140108695653,78.79677419354839,29.35
2020-10-21,78.96923828125,51366000,-0.04813240822610665,0.09779650681077601,0.10707920348236866,0.19314534267200067,0.09,260.700935483871,6.770967741935484,28.65,114.9108,0.83,78.63870967741936,39.88,57.76652908325195,316.8882751464844,0.016799896380495172,-0.0018930187747591143,69.03225806451613,17.06451612903226,13.709677419354838,0.022506868676502867,78.60250854492188,0.04174772194725973,276.30364990234375,0.08958520301478923,49.380001068115234,0.2829525139256559,36.5,0.027860029400013753,113.95894622802734,1166.458695652174,78.63870967741936,28.65
2020-10-22,80.06063842773438,28672000,-0.029771173354547265,0.09164682302957172,0.07853487061008368,0.17585871457448587,0.09,260.7200322580645,6.764516129032258,28.11,115.1158,0.87,78.48064516129033,40.46,58.14451217651367,318.62652587890625,0.006543288981703865,0.005485374085293371,68.48387096774194,16.967741935483872,13.64516129032258,0.013032938908165592,79.6269302368164,-0.002188444825764968,275.698974609375,0.02895909830385035,50.810001373291016,0.06767126632063358,38.970001220703125,-0.011350134804399836,112.66549682617188,1166.7033804347827,78.48064516129033,28.11
2020-10-23,81.33291625976562,27516000,-0.012181641556449518,0.07358307346356652,0.0571966446501222,0.1683361368375198,0.09,260.73912903225806,6.758064516129033,27.55,115.0126,0.85,78.3225806451613,39.73,58.692604064941406,319.7083740234375,0.009426373494438423,0.003395348650107044,67.93548387096774,16.870967741935484,13.580645161290322,0.016381841245179052,80.93136596679688,0.023982345122438353,282.3108825683594,0.043101723430776895,53.0,0.10777513001490258,43.16999816894531,0.03067170338339631,116.12113952636719,1166.9480652173913,78.3225806451613,27.55
2020-10-26,78.82749938964844,37066000,0.022370911253283277,0.10849134123842274,0.112188371013072,0.15111451926708264,0.09,260.7964193548387,6.738709677419355,32.46,115.2797,0.81,77.8483870967742,38.39,57.40742874145508,313.8001403808594,-0.021896716698143526,-0.018480071598452996,66.29032258064517,16.580645161290324,13.387096774193548,-0.029816637436702487,78.51826477050781,-0.026967397175778896,274.69769287109375,-0.047924545575987576,50.459999084472656,-0.04401199424994229,41.27000045776367,-0.008645138739690528,115.11725616455078,1167.6821195652174,77.8483870967742,32.46
2020-10-27,79.511962890625,24580000,0.028642578934601648,0.08485556034893049,0.10420376841142098,0.16135180974634689,0.09,260.8155161290323,6.732258064516129,33.35,115.0131,0.79,77.69032258064516,39.34,57.775970458984375,312.7183532714844,0.0064197565647661214,-0.0034473761167284067,65.74193548387098,16.483870967741936,13.32258064516129,0.009209014855493969,79.24134063720703,0.02230168240255237,280.82391357421875,0.0408244433346594,52.52000045776367,0.006542293549039124,41.540000915527344,0.05467050098388526,121.41077423095703,1167.9268043478262,77.69032258064516,33.35
2020-10-28,75.16825866699219,36680000,0.15330799819009555,0.15566862834376094,0.1823594406023108,0.21041529348931753,0.09,260.83461290322583,6.725806451612903,40.28,115.8023,0.79,77.53225806451613,37.27,55.508026123046875,302.0299987792969,-0.03925411062627726,-0.03417885256932285,65.19354838709677,16.387096774193548,13.258064516129032,-0.055088418699941966,74.87606048583984,-0.05513767711022277,265.3399353027344,-0.062262003603625105,49.25,0.031776592819737104,42.86000061035156,-0.057719856778684187,114.40296173095703,1168.1714891304348,77.53225806451613,40.28
2020-10-29,77.67713928222656,40062000,0.1251436702864408,0.11651068459051106,0.12346559348326713,0.21318362354190978,0.09,260.8537096774194,6.719354838709678,37.59,116.3069,0.85,77.3741935483871,35.94,56.90659713745117,305.0997009277344,0.02519583404576542,0.010163567065669676,64.64516129032258,16.29032258064516,13.193548387096774,0.030500333446944694,77.15980529785156,0.04916489536852442,278.3853454589844,0.269238544599659,62.5099983215332,-0.01493232339091155,42.220001220703125,0.030374607578180113,117.8779067993164,1168.4161739130436,77.3741935483871,37.59
2020-10-30,80.34214782714844,86582000,0.08682235381325643,0.09624232451579706,0.10924679928201653,0.18907962181853533,0.09,260.8728064516129,6.712903225806452,38.02,116.1354,0.88,77.21612903225807,35.64,55.942710876464844,301.91912841796875,-0.016938040745226313,-0.010424698877430139,64.09677419354838,16.193548387096776,13.129032258064516,0.0380438404546799,80.09526062011719,-0.06309885266940363,260.8195495605469,-0.05695085033088887,58.95000076293945,-0.06702988510732111,39.38999938964844,-0.04372747199717186,112.72340393066406,1168.6608586956522,77.21612903225807,38.02
2020-11-02,80.5909423828125,50708000,0.08423599403817938,0.09553946449641848,0.12417988991231454,0.2730823643102631,0.09,260.9488,6.7,37.13,116.2361,0.87,77.02666666666667,36.6,55.91437530517578,305.3031311035156,-0.0005065105148663873,0.011208308341636997,62.8,15.966666666666667,13.033333333333333,0.005080467727656579,80.50218200683594,-0.006651116505109966,259.0848083496094,-0.0096692058939305,58.380001068115234,0.03554205502848573,40.790000915527344,0.018838864499899133,114.84698486328125,1169.3949130434783,77.02666666666667,37.13
2020-11-03,81.78939056396484,33234000,0.05464772950829078,0.07268155487081107,0.1069924448935613,0.24976206353945907,0.09,260.9866,6.7,35.55,115.4802,0.9,77.15333333333334,37.44,56.74595260620117,310.6935119628906,0.014872334645370078,0.01765583222121414,62.6,15.933333333333334,13.066666666666666,0.013137650828093816,81.5597915649414,0.01507498918394079,262.9905090332031,0.020554997276196474,59.58000183105469,0.009315941281906603,41.16999816894531,0.022272703840718666,117.40493774414062,1169.639597826087,77.15333333333334,35.55
2020-11-04,86.69215393066406,71418000,0.002046834113150986,-0.0013434934031886225,0.04508535398578206,0.19945341485467538,0.09,261.0244,6.7,29.57,115.1677,0.78,77.28,38.97,59.193443298339844,317.6372375488281,0.04313066535552723,0.022349116793809465,62.4,15.9,13.1,0.0608813395065857,86.52526092529297,0.08322652762526506,284.8782958984375,0.031386352373525384,61.45000076293945,0.019917501724350695,41.9900016784668,0.058044838678233734,124.21968841552734,1169.8842826086957,77.28,29.57
2020-11-05,87.39794158935547,41316000,-0.0076727851952739234,0.0003119046760646782,0.03181977653727852,0.18688074635044027,0.09,261.0622,6.7,27.58,114.4556,0.79,77.40666666666667,38.56,60.33686447143555,323.83209228515625,0.019316686264266858,0.019502923473750045,62.2,15.866666666666667,13.133333333333333,0.00953678053659801,87.35043334960938,0.025402007864686604,292.1147766113281,0.03287226090616979,63.470001220703125,-0.010478743124982759,41.54999923706055,0.048799442172060115,130.2815399169922,1170.1289673913043,77.40666666666667,27.58
2020-11-06,87.31764221191406,33218000,0.008667442907748013,-0.011102589118749728,0.03224082905762904,0.1826365774513674,0.09,261.1,6.7,24.86,113.9919,0.83,77.53333333333333,36.97,60.195125579833984,323.7582092285156,-0.0023491259090645533,-0.000228152361673839,62.0,15.833333333333334,13.166666666666666,-0.0015714640573888383,87.21316528320312,-0.004309749972236765,290.8558349609375,0.02000940001009721,64.73999786376953,0.09217814443757,45.380001068115234,-0.017855898439600004,127.95524597167969,1170.3736521739131,77.53333333333333,24.86
2020-11-09,87.37960052490234,45366000,0.010425286118882715,-0.015961555638735914,0.011985311471150117,0.1885309890780762,0.09,261.2134,6.7,25.75,114.0895,0.96,77.91333333333334,40.05,59.684837341308594,327.826416015625,-0.008477235218134371,0.012565571068617887,61.4,15.733333333333333,13.266666666666667,0.000960266302657109,87.29691314697266,-0.04989620978968734,276.3432312011719,-0.10797031347573383,57.75,-0.09431473101047028,41.099998474121094,0.03515411699117843,132.45339965820312,1171.1077065217391,77.91333333333334,25.75
2020-11-10,86.25899505615234,52722000,0.017099382910470196,0.01636969083787143,0.020075730538957615,0.2042644266092961,0.09,261.2512,6.7,24.8,114.0757,0.98,78.04,41.18,59.49583435058594,327.3455810546875,-0.0031666835186605624,-0.0014667364722511511,61.2,15.7,13.3,-0.013455039734120655,86.12232971191406,-0.022742585349988964,270.0584716796875,-0.03601734772389065,55.66999816894531,-0.06228704753372849,38.540000915527344,-0.03643790552258375,127.6270751953125,1171.352391304348,78.04,24.8
2020-11-11,86.86959838867188,25280000,-0.003383402253189227,0.010680499117701636,0.01658002355840038,0.2004895938687734,0.09,261.289,6.7,23.45,114.18,0.9299999999999999,78.16666666666667,41.23,60.03447341918945,329.7772521972656,0.009053391291725221,0.0074284526302246245,61.0,15.666666666666666,13.333333333333334,0.005472959170023772,86.59367370605469,0.014866413930360034,274.0732727050781,0.06969644684270238,59.54999923706055,-0.002075812899694496,38.459999084472656,0.009000297459352824,128.7757568359375,1171.5970760869566,78.16666666666667,23.45
2020-11-12,86.72735595703125,24950000,0.008046428387948446,0.02477354795167419,0.005840495840432558,0.212625119551058,0.09,261.3268,6.7,25.35,114.2843,0.88,78.29333333333334,40.9,59.694278717041016,326.5781555175781,-0.005666655885744776,-0.009700780324817138,60.8,15.633333333333333,13.366666666666667,-0.002524227740496321,86.37509155273438,-0.005064006868850557,272.68536376953125,0.01192273876690142,60.2599983215332,0.0478419187828516,40.29999923706055,-0.016115923695483425,126.7004165649414,1171.8417608695652,78.29333333333334,25.35
2020-11-13,88.074462890625,29998000,-0.019600148855311028,-0.009161219726516512,-0.005205171543964937,0.19768511973566394,0.09,261.3646,6.7,23.1,114.2397,0.89,78.42,39.93,60.582557678222656,331.0994567871094,0.01488047062922404,0.01384446936558148,60.6,15.6,13.4,0.016892234463786737,87.83415985107422,0.006797828043522358,274.5390319824219,0.03418522121921308,62.31999969482422,0.0032258330167829197,40.43000030517578,0.0025903726510407843,127.02861785888672,1172.086445652174,78.42,23.1
2020-11-16,88.29055786132812,24936000,-0.02611458968824154,0.009386195800014097,-0.010317720926133034,0.18851692213037552,0.09,261.478,6.7,22.45,113.8312,0.91,78.8,41.14,60.97000503540039,335.2324523925781,0.006395361503811259,0.0124826408523111,60.0,15.5,13.5,0.0009987319110134063,87.92188262939453,0.007257926911621082,276.5316162109375,0.004813851709396966,62.619998931884766,-0.03339100825948471,39.08000183105469,0.02454399862581713,130.1464080810547,1172.8205,78.8,22.45
2020-11-17,87.73397064208984,22942000,-0.0007174245554163461,0.03265264381383948,-0.012569539092550985,0.1869841445694831,0.09,261.5158,6.7,22.71,113.682,0.87,78.92666666666668,41.24,60.752655029296875,333.429443359375,-0.0035648677735440337,-0.005378384521948609,59.8,15.466666666666667,13.533333333333333,-0.006972954149899957,87.30880737304688,-0.014195507354943904,272.6061096191406,0.011657610263302365,63.349998474121094,0.004861786535485857,39.27000045776367,-0.025810341441681706,126.78728485107422,1173.0651847826086,78.92666666666668,22.71
2020-11-18,86.57568359375,23470000,0.014111646748295348,0.0457929255472147,-0.009028126357109367,0.18210672378981085,0.09,261.5536,6.7,23.84,113.46,0.88,79.05333333333334,41.64,60.13840866088867,329.4166564941406,-0.010110609455866504,-0.01203489057476348,59.6,15.433333333333334,13.566666666666666,-0.011931938334845071,86.26704406738281,-0.011018434734091587,269.6024169921875,0.01736382794974256,64.44999694824219,0.03463204977077328,40.630001068115234,0.0,126.78728485107422,1173.3098695652175,79.05333333333334,23.84
2020-11-19,87.42520141601562,24998000,0.016593600346836768,0.036322466645419826,-0.013917885999785717,0.17401035832458622,0.09,261.5914,6.7,23.11,113.694,0.86,79.18,41.57,60.50697326660156,330.8035888671875,0.006128605892968819,0.0042102678953988,59.4,15.4,13.6,0.010300875707978552,87.15567016601562,0.0035667665648064784,270.56402587890625,0.023273856804129966,65.94999694824219,0.04085650513838668,42.290000915527344,0.007308766265162525,127.71394348144531,1173.554554347826,79.18,23.11
2020-11-20,86.34819030761719,46270000,0.010647624147031687,0.044363804722283406,-0.010727763184285366,0.2026071252174666,0.09,261.6292,6.7,23.7,113.489,0.83,79.30666666666667,41.99,60.36521530151367,328.5382995605469,-0.0023428368241671382,-0.006847837758949149,59.2,15.366666666666667,13.633333333333333,-0.012618188833919186,86.05592346191406,-0.011870615334674373,267.3522644042969,0.01364672581539672,66.8499984741211,0.04729250311426858,44.290000915527344,-0.013150994980681285,126.03437805175781,1173.799239130435,79.30666666666667,23.7
2020-11-23,85.9848861694336,43232000,0.03645273367109092,0.04824044554267881,-0.0014293432483207802,0.1709072705027439,0.09,261.74260000000004,6.7,22.66,113.7548,0.86,79.68666666666667,42.91,60.3935661315918,330.5077819824219,0.0004696550809355493,0.005994681364423604,58.6,15.266666666666667,13.733333333333333,-0.005079559222456398,85.6187973022461,-0.004709038731255721,266.0932922363281,-0.015856358755252598,65.79000091552734,0.02190104732343312,45.2599983215332,0.05866590538813998,133.4282989501953,1174.533293478261,79.68666666666667,22.66
2020-11-24,87.67102813720703,31560000,0.0333940260635579,0.008621367084095555,-0.016976791927260648,0.15149700854139292,0.09,261.7804,6.7,21.64,113.4316,0.88,79.81333333333333,44.71,61.63148880004883,335.8333740234375,0.020497591842146168,0.016113363531327973,58.4,15.233333333333333,13.766666666666667,0.021035486093802902,87.41983032226562,0.031628063805251516,274.5093078613281,-0.02675181808387972,64.02999877929688,-0.021431671276584408,44.290000915527344,0.0031829670266207977,133.85299682617188,1174.7779782608695,79.81333333333333,21.64
2020-11-25,87.79740905761719,20916000,0.031240424957650337,0.002201640594164944,0.0026307415277766477,0.1750451129505235,0.09,261.8182,6.7,21.25,113.1823,0.88,79.94,45.58,61.622039794921875,335.315673828125,-0.00015331456875244953,-0.0015415388563387866,58.2,15.2,13.8,0.00013038592488312517,87.43122863769531,-0.004802492373365497,273.19097900390625,0.05294392400870307,67.41999816894531,0.02867465413211212,45.560001373291016,0.0024518392784469434,134.18118286132812,1175.0226630434784,79.94,21.25
2020-11-27,88.87590026855469,17698000,0.019406837001386013,-0.0063684518567976856,-0.01922278911185049,0.1576241409023944,0.09,261.8938,6.7,20.84,113.19962,0.84,80.19333333333334,45.428,62.01892852783203,336.2494201660156,0.006440694502015898,0.0027846784709779637,57.8,15.133333333333333,13.866666666666667,0.012975111402603767,88.56565856933594,0.008055476801518191,275.39166259765625,0.03411455227267024,69.72000122070312,0.010316009478467336,46.029998779296875,0.004460353312110588,134.77967834472656,1175.5120326086958,80.19333333333334,20.84
2020-11-30,87.26759338378906,36476000,0.03336096555286261,-0.00038624492474348404,-0.012051838300284556,0.15105568658663526,0.09,262.0072,6.7,20.57,113.2256,0.84,80.57333333333334,45.2,61.80158615112305,334.7608642578125,-0.0035044522997756955,-0.00442693970287944,57.2,15.033333333333333,13.966666666666667,-0.01825372800809888,86.94900512695312,-0.0030235923313232105,274.5589904785156,0.004302860256895746,70.0199966430664,-0.03497720297737006,44.41999816894531,-0.0030079517296712766,134.374267578125,1176.2460869565218,80.57333333333334,20.57
2020-12-01,89.11927032470703,34738000,0.011373130185914126,-0.016867845939415815,-0.025705072005140606,0.13958618927884947,0.09,262.045,6.7,20.77,112.8063,0.92,80.7,44.54,62.93556213378906,338.42230224609375,0.018348654998807223,0.01093747322106764,57.0,15.0,14.0,0.023347091846852353,88.97901153564453,0.034588271830191086,284.0555114746094,-0.025849723584255302,68.20999908447266,0.0018010318404428904,44.5,0.029451809330356182,138.3318328857422,1176.4907717391304,80.7,20.77
2020-12-02,90.59871673583984,24440000,-0.023972132947030156,-0.03553158727759387,-0.054547406705962254,0.1534998658942286,0.09,262.06570967741936,6.690322580645161,21.17,112.6115,0.95,80.64516129032258,45.23,63.52144241333008,339.1342468261719,0.009309208652105827,0.002103716496675734,57.0,15.0,13.96774193548387,0.016492382481967827,90.44648742675781,0.003385177651187954,285.01708984375,-0.00293207668855866,68.01000213623047,0.06719104895430994,47.4900016784668,-0.03056306093893313,134.10398864746094,1176.7354565217393,80.64516129032258,21.17
2020-12-03,90.54023742675781,24546000,-0.028159082654927947,-0.04317464223087153,-0.04699548085535954,0.10805954855742139,0.09,262.0864193548387,6.680645161290323,21.28,112.0236,0.92,80.59032258064516,45.65,63.237953186035156,339.04180908203125,-0.004462890270190534,-0.0002725697714274222,57.0,15.0,13.935483870967742,-0.0017151410012414825,90.2913589477539,-0.01972024018570706,279.396484375,0.02484920980632377,69.69999694824219,0.00968623011612224,47.95000076293945,0.008709425884940725,135.27195739746094,1176.9801413043479,80.59032258064516,21.28
2020-12-04,90.60070037841797,27564000,-0.025284594847335362,-0.053052934199507074,-0.05071133448952292,0.1229272901585361,0.09,262.10712903225806,6.670967741935484,20.79,111.7778,0.97,80.53548387096774,46.23,63.29465866088867,341.96356201171875,0.0008967000352888554,0.008617677382026345,57.0,15.0,13.903225806451612,0.0010539373767022298,90.38652038574219,-0.007628179809997859,277.26519775390625,-0.03428980623088407,67.30999755859375,0.003128210819499655,48.099998474121094,0.03746250923415784,140.33958435058594,1177.2248260869565,80.53548387096774,20.79
2020-12-07,90.17892456054688,26418000,-0.03265771748940682,-0.04402910270549776,-0.017713892093457084,0.12945988183349955,0.09,262.16925806451616,6.641935483870968,21.3,111.8385,0.94,80.37096774193549,45.72,63.691551208496094,341.2607421875,0.006270553566515513,-0.002055247699737861,57.0,15.0,13.806451612903226,-0.0036901727015680175,90.052978515625,0.021022569552599846,283.0940246582031,0.044569902077153944,70.30999755859375,0.028066576541466937,49.45000076293945,0.004677136049240582,140.9959716796875,1177.9588804347827,80.37096774193549,21.3
2020-12-08,90.1328353881836,21926000,-0.027923399665698678,-0.05226694575055757,-0.006235879440567027,0.16288799346464256,0.09,262.1899677419355,6.6322580645161295,20.68,111.8639,0.92,80.31612903225806,45.64,63.59703063964844,342.2593688964844,-0.0014840362191562706,0.0029262865179953135,57.0,15.0,13.774193548387096,-0.0031369711026224545,89.7704849243164,-0.007633759772757265,280.9329528808594,-0.005546855400235584,69.91999816894531,0.011122330203738873,50.0,-0.004449957966787266,140.36854553222656,1178.2035652173913,80.31612903225806,20.68
2020-12-09,88.42687225341797,30152000,-0.011843365052133792,-0.029005752834248222,-0.009758343343870601,0.15570045849598024,0.09,262.21067741935485,6.622580645161291,22.27,112.0305,0.95,80.26129032258065,45.48,62.84105682373047,339.1896667480469,-0.01188693573134636,-0.008968935337942296,57.0,15.0,13.741935483870968,-0.018478128861366794,88.1116943359375,-0.01933646772604225,275.5007019042969,-0.020737943166683315,68.47000122070312,-0.016999969482421884,49.150001525878906,-0.013065602602315263,138.5345458984375,1178.4482500000001,80.26129032258065,22.27
2020-12-10,87.99070739746094,27256000,-0.015450635292208026,-0.020548216015825016,-0.01621096740707928,0.1640033510452248,0.09,262.2313870967742,6.612903225806452,22.52,111.9788,0.92,80.20645161290322,46.76,62.87885665893555,339.07867431640625,0.0006015149508242779,-0.0003272282222060996,57.0,15.0,13.709677419354838,-0.005742846811700009,87.60568237304688,-0.002878725225854417,274.7076110839844,0.046297621037383774,71.63999938964844,0.08138351731065319,53.150001525878906,0.026477255204317762,142.2025604248047,1178.6929347826087,80.20645161290322,22.52
2020-12-11,88.30989837646484,24414000,-0.028488663670830694,-0.003187830967809391,-0.015361269223076901,0.17440517047366488,0.09,262.25209677419355,6.603225806451613,23.31,112.1417,0.9,80.15161290322581,46.59,63.25686264038086,338.68115234375,0.006011654815794021,-0.001172359109453458,57.0,15.0,13.67741935483871,0.00404488440475248,87.96003723144531,-0.012882349275169291,271.1687316894531,-0.007118957852813135,71.12999725341797,0.003386647224989048,53.33000183105469,0.00536226256083161,142.965087890625,1178.9376195652173,80.15161290322581,23.31
2020-12-14,87.23388671875,32004000,-0.011755286026139733,-0.0007615061151381441,-0.011295251322381072,0.18807294436203859,0.09,262.31422580645165,6.574193548387097,24.72,112.1708,0.9,79.98709677419355,47.02,63.05841064453125,337.16485595703125,-0.0031372405706843187,-0.004477061614517441,57.0,15.0,13.580645161290322,-0.012700126237108922,86.84293365478516,0.002339500613179224,271.8031311035156,-0.018838695200796396,69.79000091552734,-0.032439589303111416,51.599998474121094,-0.022280604011373217,139.7797393798828,1179.6716739130436,79.98709677419355,24.72
2020-12-15,87.61602020263672,29646000,-0.02504282695055826,-0.015980659015620624,-0.017864235018317243,0.15185797082847485,0.09,262.334935483871,6.564516129032258,22.89,111.8601,0.92,79.93225806451613,47.58,63.57814025878906,341.72314453125,0.0082420347887866,0.0135194653110573,57.0,15.0,13.548387096774194,0.005033613797527536,87.28006744384766,0.004960115960969791,273.15130615234375,0.013182377946360235,70.70999908447266,-0.004844961383581814,51.349998474121094,0.04164069949528448,145.6002655029297,1179.9163586956522,79.93225806451613,22.89
2020-12-16,87.37960052490234,30270000,-0.017368084345271706,-0.006307507217092723,0.015802645573189,0.158933727430296,0.09,262.35564516129034,6.554838709677419,22.5,111.7157,0.92,79.87741935483871,47.86,63.52144241333008,342.2593688964844,-0.0008917820689343658,0.0015691777797781636,57.0,15.0,13.516129032258064,-0.0022088338844855615,87.0872802734375,0.0004353887361123743,273.2702331542969,-0.006222633957053358,70.2699966430664,0.005842318610953967,51.650001525878906,0.020286397306912507,148.55397033691406,1180.1610434782608,79.87741935483871,22.5
2020-12-17,86.63119506835938,32494000,-0.0051775775866047535,-0.011247719491561559,0.07952409016564088,0.16630811443564042,0.09,262.3763548387097,6.545161290322581,21.93,111.2226,0.94,79.8225806451613,48.34,63.36080551147461,344.17333984375,-0.002528861054668985,0.005592165244260983,57.0,15.0,13.483870967741936,-0.009492580797539785,86.2605972290039,-0.004316591432772632,272.09063720703125,0.01038854976244874,71.0,0.030977704295312103,53.25,-0.033463360831288536,143.58285522460938,1180.4057282608696,79.8225806451613,21.93
2020-12-18,85.7940673828125,80328000,0.026042756020346447,0.005725198306833157,0.09257043005015464,0.1859898445558994,0.09,262.39706451612903,6.5354838709677425,21.57,111.6071,0.95,79.76774193548387,49.04,63.41750717163086,342.7990417480469,0.000894901188495556,-0.00399304053105054,57.0,15.0,13.451612903225806,-0.008210254256258986,85.55237579345703,0.006994833704319969,273.9938659667969,-0.009014075910541375,70.36000061035156,-0.004882597587477999,52.9900016784668,0.04248751786160998,149.68333435058594,1180.6504130434782,79.76774193548387,21.57
2020-12-21,86.20842742919922,36568000,0.011124552204073268,-0.002345588229437534,0.0929532260289847,0.1757475168615703,0.09,262.45919354838713,6.506451612903226,25.16,111.9415,0.95,79.60322580645162,47.79,62.87516784667969,341.57342529296875,-0.008551886523754493,-0.003575320540070037,57.0,15.0,13.35483870967742,0.004831667056226063,85.96573638916016,-0.013060590666468697,270.41534423828125,-0.007248466910266593,69.8499984741211,-0.011889055447440122,52.36000061035156,-0.005932935201440004,148.79527282714844,1181.3844673913043,79.60322580645162,25.16
2020-12-22,85.42186737060547,18734000,0.00929493949625848,0.036988625376962236,0.10205972179487799,0.18616762597670777,0.09,262.4799032258065,6.496774193548387,24.23,112.1947,0.93,79.54838709677419,47.02,62.288326263427734,340.99774169921875,-0.009333439628868456,-0.0016853875363875837,57.0,15.0,13.32258064516129,-0.008267525025735023,85.25501251220703,-0.020895455012261643,264.764892578125,0.035790981454727255,72.3499984741211,-0.005156616780296441,52.09000015258789,0.012779744380500668,150.69683837890625,1181.629152173913,79.54838709677419,24.23
2020-12-23,85.86198425292969,20676000,0.011256073563221669,0.04319482798360985,0.10670846949849921,0.17500187931476008,0.09,262.50061290322583,6.487096774193549,23.31,111.9807,0.96,79.49354838709678,47.94,62.64800262451172,341.3041076660156,0.005774378325127172,0.0008984398702180929,57.0,15.0,13.290322580645162,0.004656565435102733,85.65200805664062,0.0038190067654730875,265.7760314941406,0.008845879794694866,72.98999786376953,-0.00671911063727848,51.7400016784668,-0.01748651386361455,148.06167602539062,1181.8738369565217,79.49354838709678,23.31
2020-12-24,86.18265533447266,6936000,-0.006101734106707113,0.016027785791828064,0.052874023349406496,0.1823618755197023,0.09,262.5213225806452,6.47741935483871,21.53,111.9796,0.94,79.43870967741935,48.18,62.71424102783203,342.6319885253906,0.0010573106969957724,0.0038906090772115043,57.0,15.0,13.258064516129032,0.0034311428769937535,85.94589233398438,-0.002648080727077451,265.0722351074219,-0.02671594746285255,71.04000091552734,-0.030730577908922196,50.150001525878906,-0.008540331864084316,146.79718017578125,1182.1185217391305,79.43870967741935,21.53
2020-12-28,88.02838134765625,27860000,-0.01980186263613215,-0.016632004559520297,0.0489953420229543,0.15733993664097312,0.09,262.60416129032257,6.4387096774193555,21.7,111.9752,0.94,79.21935483870968,47.5,63.840576171875,345.5755310058594,0.017959798692981144,0.008590973928432888,57.0,15.0,13.129032258064516,0.022950706163282986,87.91841125488281,0.03590134202759021,274.58868408203125,-0.045748873284285674,67.79000091552734,-0.03768700193100505,48.2599983215332,-0.01315108362351225,144.86663818359375,1183.0972608695652,79.21935483870968,21.7
2020-12-29,87.1674575805664,25988000,-0.013321939818539907,-0.002456321820871077,0.043793319214267656,0.17621352004553437,0.09,262.62487096774197,6.429032258064517,23.08,111.5172,0.94,79.16451612903226,47.85,63.783782958984375,344.9161376953125,-0.0008896099674559066,-0.0019081018515043624,57.0,15.0,13.096774193548388,-0.009132095564926446,87.11553192138672,-0.0007942010211029471,274.37060546875,0.007375719033003714,68.29000091552734,0.06154167683379175,51.22999954223633,0.0009330122877866387,145.00180053710938,1183.341945652174,79.16451612903226,23.08
2020-12-30,86.21585845947266,26122000,0.027438645332479084,0.00037927575674845393,0.09303131679746479,0.2289308821701015,0.09,262.6455806451613,6.419354838709678,22.77,111.3084,0.93,79.10967741935484,48.24,63.35788345336914,345.40826416015625,-0.006677238098108829,0.001426800346693291,57.0,15.0,13.064516129032258,-0.012237258664890782,86.04947662353516,-0.0177397977615672,269.5033264160156,-0.016839969401983512,67.13999938964844,-0.036697268883738254,49.349998474121094,0.011849302282118224,146.719970703125,1183.5866304347826,79.10967741935484,22.77
2020-12-31,86.82845306396484,20238000,0.0315832510235019,-0.008955889574870035,0.10025236409563876,0.27037824036474123,0.09,262.66629032258066,6.409677419354839,22.75,111.3169,0.93,79.05483870967743,48.35,63.86896514892578,347.1632385253906,0.008066584104451602,0.005080869647116071,57.0,15.0,13.03225806451613,0.00944011429709346,86.8617935180664,0.0047448303351174115,270.7820739746094,-0.01846883936613075,65.9000015258789,0.014589690840227432,50.06999969482422,-0.005328929305367214,145.9381103515625,1183.8313152173914,79.05483870967743,22.75
2021-01-04,85.65679168701172,38038000,0.022265377310670464,0.0362334105000468,0.19779068828070945,0.2872923782379715,0.08903225806451613,262.7733225806452,6.380645161290323,26.97,111.2075,0.93,78.78709677419354,47.47,62.922481536865234,342.43695068359375,-0.014819147450621628,-0.013614021639711149,57.29032258064516,15.774193548387096,13.483870967741936,-0.015125845081166656,85.54793548583984,-0.015448574420316441,266.598876953125,0.03292865127010902,68.06999969482422,-0.009586569705650416,49.59000015258789,-0.008400075280734387,144.71221923828125,1184.9128333333333,78.78709677419354,26.97
2021-01-05,86.2852554321289,22906000,0.0032338952256498743,0.08385217807803835,0.18464362207583118,0.2922362022076679,0.08870967741935483,262.80209677419356,6.3741935483870975,25.34,110.9574,0.96,78.71612903225807,49.78,63.1496467590332,344.7954406738281,0.003610239402825677,0.006887370026880113,57.38709677419355,16.032258064516128,13.64516129032258,0.008064255053915836,86.2378158569336,0.007547809547532092,268.6111145019531,0.005141743436025026,68.41999816894531,0.014519080832581022,50.310001373291016,0.0024678770036672404,145.06935119628906,1185.1917777777778,78.71612903225807,25.34
2021-01-06,86.00621795654297,52042000,0.011012323508714283,0.08987539881772455,0.20901956328067572,0.30551085437984726,0.08838709677419354,262.83087096774193,6.367741935483871,25.07,110.8502,1.04,78.64516129032258,50.45,62.84675598144531,346.8568115234375,-0.0047963970209312645,0.005978532794925773,57.483870967741936,16.29032258064516,13.806451612903226,-0.00986777121109883,85.3868408203125,-0.028268492222486397,261.01788330078125,-0.019146413236654225,67.11000061035156,-0.009739647487406633,49.81999969482422,-0.009847521868802445,143.64077758789062,1185.4707222222223,78.64516129032258,25.07
2021-01-07,88.58150482177734,45300000,-0.026336725505369918,0.0636732697101905,0.17102248772776152,0.27899277855365234,0.08806451612903225,262.85964516129036,6.361290322580645,22.37,111.3042,1.08,78.5741935483871,50.63,63.67967224121094,352.0102233886719,0.013253130519760292,0.01485746190942594,57.58064516129032,16.548387096774192,13.96774193548387,0.029868679135769183,87.9372329711914,0.020622038916248808,266.4006042480469,0.06362683063972097,71.37999725341797,0.05258930044025978,52.439998626708984,0.027215927693022612,147.5500946044922,1185.7496666666666,78.5741935483871,22.37
2021-01-08,89.5707778930664,41012000,-0.03929798255075434,0.05101241279870283,0.152887581928824,0.2476635661287807,0.08774193548387096,262.88841935483873,6.35483870967742,21.56,111.2847,1.13,78.50322580645161,52.14,63.8784294128418,354.0158386230469,0.003121202805158818,0.005697605072567669,57.67741935483871,16.806451612903224,14.129032258064516,0.013238639336136782,89.10140228271484,-0.004353670893181283,265.24078369140625,0.006864745194993693,71.87000274658203,0.005530147275397468,52.72999954223633,-0.00700001023801522,146.51724243164062,1186.028611111111,78.50322580645161,21.56
2021-01-11,87.56397247314453,24194000,0.013663803450062018,0.08519728487429634,0.18602845558383874,0.28332165073578586,0.0867741935483871,262.9747419354839,6.335483870967742,24.08,111.8257,1.15,78.29032258064517,52.15,62.74265670776367,351.6294860839844,-0.0177802227687488,-0.006740807271065297,57.96774193548387,17.580645161290324,14.612903225806452,-0.023105398983225833,87.04267883300781,-0.040101663596585624,254.60418701171875,-0.0023654625273814567,71.69999694824219,0.03129151413242992,54.380001068115234,0.0007247332213167201,146.62342834472656,1186.8654444444444,78.29032258064517,24.08
2021-01-12,86.56429290771484,27140000,0.08035841216694117,0.048232198484861266,0.20001718643893018,0.2910250212516927,0.08645161290322581,263.0035161290323,6.329032258064516,23.33,111.5501,1.15,78.21935483870968,53.08,61.72991180419922,351.7037048339844,-0.01614124993593291,0.0002110708940441519,58.064516129032256,17.838709677419356,14.774193548387096,-0.010738673406225252,86.10795593261719,-0.022387559676706026,248.9042205810547,0.04700143500723897,75.06999969482422,0.03806545888499313,56.45000076293945,0.010994146910334068,148.2354278564453,1187.144388888889,78.21935483870968,23.33
2021-01-13,86.9533462524414,21882000,0.07800406926328685,0.06196444391487721,0.19933335959721155,0.30908589507779527,0.08612903225806451,263.03229032258065,6.322580645161291,22.21,111.3622,1.1,78.14838709677419,52.81,61.947608947753906,352.65087890625,0.0035266070725195053,0.002693102345091125,58.16129032258065,18.096774193548388,14.935483870967742,0.0056521413226713335,86.59465026855469,0.002190509463875001,249.44944763183594,-0.030771247741899432,72.76000213623047,-0.053498678776747854,53.43000030517578,0.009442027216944204,149.63507080078125,1187.4233333333334,78.14838709677419,22.21
2021-01-14,86.2485580444336,23590000,0.09244468552259932,0.054913982777713866,0.2193568538451598,0.3204152476861317,0.08580645161290322,263.061064516129,6.316129032258065,23.25,111.1567,1.15,78.07741935483871,53.47,61.597408294677734,351.4159240722656,-0.00565317465879156,-0.003501919058913394,58.25806451612903,18.35483870967742,15.096774193548388,-0.009346233269140303,85.78531646728516,-0.02384364639927561,243.5016632080078,-0.024738908726083086,70.95999908447266,-0.08235076737315083,49.029998779296875,-0.038511152417115,143.87245178222656,1187.702277777778,78.07741935483871,23.25
2021-01-15,86.05082702636719,26844000,0.09400458592690364,0.09512757235797187,0.22585078235785305,0.3261220510523499,0.08548387096774193,263.08983870967745,6.309677419354839,24.34,111.5106,1.11,78.00645161290322,52.25,61.79616165161133,348.853271484375,0.0032266512899823407,-0.007292363300428151,58.354838709677416,18.612903225806452,15.258064516129032,-0.001906430003487225,85.62177276611328,0.023286131672737298,249.171875,-0.017051847520914487,69.75,0.026106518985568927,50.310001373291016,0.012076478246229039,145.60992431640625,1187.9812222222222,78.00645161290322,24.34
2021-01-19,88.76042938232422,34692000,0.07056923723700703,0.07630406273608048,0.18222526426191776,0.2807423100226776,0.08419354838709678,263.204935483871,6.283870967741936,23.24,111.4527,1.1,77.72258064516129,52.87,62.91301727294922,351.5923767089844,0.018073219945834218,0.00785174011112022,58.74193548387097,19.64516129032258,15.903225806451612,0.032906495873467057,88.43928527832031,0.038749083879413115,258.8270568847656,0.01806454675599234,71.01000213623047,0.001590101653224929,50.38999938964844,-0.031223264881649726,141.06350708007812,1189.097,77.72258064516129,23.24
2021-01-20,93.52046203613281,49806000,-0.02973662566077717,0.0970744288139076,0.11354060731703619,0.2153742472006248,0.08387096774193549,263.23370967741937,6.27741935483871,21.58,111.32499999999999,1.1,77.65161290322581,53.16,64.89116668701172,356.45794677734375,0.03144260917387354,0.01383866770349984,58.83870967741935,19.903225806451612,16.064516129032256,0.05357337882251367,93.17727661132812,0.024435327596361134,265.1515808105469,0.022954474079452503,72.63999938964844,0.03591985305050116,52.20000076293945,0.010195854117228675,142.50177001953125,1189.3759444444445,77.65161290322581,21.58
2021-01-21,93.7360610961914,41278000,-0.014879002599100577,0.09047976127309942,0.09180710706254902,0.19916454049605203,0.08354838709677419,263.26248387096774,6.270967741935484,21.32,111.1973,1.12,77.58064516129032,53.0,65.12779235839844,356.78289794921875,0.0036465004940970935,0.0009116115233587241,58.935483870967744,20.161290322580644,16.225806451612904,0.0021700767678065613,93.37947845458984,0.020151034351550523,270.4946594238281,0.012114499735849105,73.5199966430664,0.04214560786944266,54.400001525878906,-0.021269309891555843,139.47085571289062,1189.654888888889,77.58064516129032,21.32
2021-01-22,94.2217788696289,25442000,-0.03435478541133785,0.10360047667025896,0.08932449877678539,0.2179057909833142,0.0832258064516129,263.2912580645161,6.264516129032258,21.91,111.5516,1.1,77.50967741935483,52.28,65.15618133544922,355.52008056640625,0.0004358965047448482,-0.003539456039151956,59.03225806451613,20.419354838709676,16.387096774193548,0.00446360473338836,93.7962875366211,0.005973327448570709,272.11041259765625,-0.005984695757643377,73.08000183105469,-0.015257386172311871,53.56999969482422,-0.024153966768493462,136.10208129882812,1189.9338333333333,77.50967741935483,21.91
2021-01-25,94.13999938964844,38546000,0.0010264915207067737,0.10187948603781893,0.10306936038702275,0.2249868264490218,0.08225806451612903,263.3775806451613,6.245161290322581,23.19,111.8676,1.05,77.29677419354839,52.78,65.53478240966797,356.9222412109375,0.005810670092367243,0.003943970316099721,59.32258064516129,21.193548387096776,16.870967741935484,0.0009087310163511386,93.88152313232422,0.01278694790363133,275.5898742675781,0.003968266396568554,73.37000274658203,0.0014934073457240071,53.650001525878906,-0.011205677034786143,134.57696533203125,1190.7706666666668,77.29677419354839,23.19
2021-01-26,95.02418518066406,26262000,0.005356800195262856,0.08672373607086636,0.05952319588663513,0.20335495515459234,0.08193548387096775,263.40635483870966,6.238709677419355,23.02,111.6572,1.05,77.2258064516129,52.61,66.42448425292969,356.3651123046875,0.013576024983192214,-0.0015609251593843299,59.41935483870968,21.451612903225808,17.032258064516128,0.007216519727897941,94.55902099609375,0.0145319283067471,279.5947265625,-0.056290101243111845,69.23999786376953,-0.0067101696199936,53.290000915527344,-0.007172631614275282,133.6116943359375,1191.049611111111,77.2258064516129,23.02
2021-01-27,90.7394790649414,54966000,0.13069755885719858,0.1445223634442785,0.11255792601025516,0.29993597291944574,0.08161290322580646,263.4351290322581,6.232258064516129,37.21,112.0782,1.04,77.15483870967742,52.81,64.27596282958984,347.65533447265625,-0.03234532337742735,-0.02444060187514796,59.516129032258064,21.70967741935484,17.193548387096776,-0.04665218120967818,90.14763641357422,-0.035135607132254054,269.77099609375,-0.06600230843183652,64.66999816894531,-0.08144117241558024,48.95000076293945,-0.049631434282858544,126.98035430908203,1191.3285555555556,77.15483870967742,37.21
2021-01-28,92.34136199951172,35462000,0.10695007430576964,0.12494159683003914,0.11722324870426548,0.3042116297060149,0.08129032258064517,263.46390322580646,6.225806451612903,30.21,112.0059,1.07,77.08387096774193,52.26,64.50312042236328,350.6452331542969,0.003534098639264016,0.008600180653565603,59.61290322580645,21.967741935483872,17.35483870967742,0.01883523892648764,91.84558868408203,-0.026236626478983394,262.693115234375,0.05937844558543892,68.51000213623047,0.08539326333045749,53.130001068115234,0.07578849223985551,136.60400390625,1191.6075,77.08387096774193,30.21
2021-01-29,90.98480987548828,32252000,0.14286330009967663,0.14619186468460477,0.13079191830053105,0.31288741888117455,0.08096774193548387,263.49267741935483,6.219354838709678,33.09,111.9511,1.11,77.01290322580645,52.16,63.30107116699219,343.62548828125,-0.018635521002707045,-0.020019507494510647,59.70967741935484,22.225806451612904,17.516129032258064,-0.013943564689117394,90.56493377685547,-0.025169820193663317,256.0811767578125,0.0,68.51000213623047,-0.003576179890579345,52.939998626708984,-0.011729710650009828,135.00167846679688,1191.8864444444446,77.01290322580645,33.09
2021-02-01,94.23663330078125,32044000,0.10074957593170342,0.11599668517519413,0.06593217627510328,0.2597209439543309,0.08,263.579,6.2,30.24,112.4189,1.09,76.8,53.55,64.48418426513672,349.3453063964844,0.01869025399307067,0.01664550014564936,60.0,23.0,18.0,0.035959229105835044,93.82157897949219,0.014245522845891756,259.72918701171875,0.032258050146869444,70.72000122070312,0.07385719586021033,56.849998474121094,0.043543521481282266,140.880126953125,1192.7232777777779,76.8,30.24
2021-02-02,95.53321075439453,45474000,0.08093339186625115,0.10417594886456971,0.0630762732526795,0.22139450550319362,0.07964285714285714,263.62835714285717,6.196428571428571,25.56,112.2862,1.12,77.08928571428571,54.77,65.46852111816406,354.28515625,0.015264779484223556,0.01414030692002255,59.892857142857146,22.714285714285715,17.892857142857142,0.013760652470582668,95.11262512207031,0.019350341201526566,264.7550354003906,0.04454187601112136,73.87000274658203,0.035532111028696134,58.869998931884766,0.028365855349236302,144.87631225585938,1193.0022222222221,77.08928571428571,25.56
2021-02-03,102.59890747070312,82364000,0.012226792636797379,0.022767441383168885,0.01858401986221736,0.13848323939510299,0.07928571428571429,263.6777142857143,6.192857142857143,22.91,112.2567,1.15,77.37857142857143,55.67,66.34876251220703,354.5636901855469,0.013445261615948612,0.0007861857338169465,59.785714285714285,22.428571428571427,17.785714285714285,0.07282489647138801,102.03919219970703,-0.0016099373257519867,264.32879638671875,0.044266908372596614,77.13999938964844,0.006624756186927705,59.2599983215332,-0.07975216264715979,133.32211303710938,1193.2811666666666,77.37857142857143,22.91
2021-02-04,102.21727752685547,37046000,0.01625323755956476,0.018798725733277788,-0.018522337546928336,0.15466684400891095,0.07892857142857143,263.72707142857143,6.189285714285714,21.77,112.7469,1.15,77.66785714285714,56.19,66.74628448486328,358.5935974121094,0.00599139995388942,0.011365820410018879,59.67857142857143,22.142857142857142,17.678571428571427,-0.0025498559532889375,101.77900695800781,-0.0006001251973382082,264.170166015625,0.009074370673849419,77.83999633789062,-0.01603099856816881,58.310001373291016,0.0905735323033241,145.39756774902344,1193.5601111111112,77.66785714285714,21.77
2021-02-05,103.98320007324219,30702000,0.002912478320581169,-0.015786226806011716,-0.021591960136429722,0.14332232811021806,0.07857142857142857,263.7764285714286,6.185714285714286,20.87,112.2379,1.19,77.95714285714286,56.8,67.58868408203125,360.0048828125,0.012620921204370639,0.003935612377286013,59.57142857142857,21.857142857142858,17.571428571428573,0.017140293925704375,103.52352905273438,0.00604159176962793,265.76617431640625,0.05292912307829223,81.95999908447266,0.09140795559642778,63.63999938964844,0.06101046566846202,154.26834106445312,1193.8390555555557,77.95714285714286,20.87
2021-02-08,103.7309341430664,24838000,0.013851569491257987,-0.010535353904588596,-0.018099293914095704,0.11885376090900546,0.0775,263.9245,6.175,21.24,112.0428,1.19,78.825,57.95,67.85369110107422,362.6048583984375,0.00392087851157652,0.007222056449972092,59.25,21.0,17.25,-0.002063300591140016,103.30992889404297,-0.0056696659151512785,264.2593688964844,-0.026232327353529983,79.80999755859375,0.002199864723305023,63.779998779296875,-0.005130794559516039,153.47682189941406,1194.675888888889,78.825,21.24
2021-02-09,103.2650375366211,17798000,0.02150230270728337,0.005596389550027281,0.015003670072488928,0.10811084173029428,0.07714285714285715,263.9738571428571,6.171428571428572,21.63,111.7675,1.18,79.11428571428571,58.34,68.08084869384766,362.3634338378906,0.0033477558713064237,-0.0006658061935882476,59.142857142857146,20.714285714285715,17.142857142857142,-0.004380018401837549,102.85742950439453,0.010766173656358902,267.10443115234375,-0.00501182694800506,79.41000366210938,-0.01536531139844488,62.79999923706055,-0.0008177361147164719,153.351318359375,1194.9548333333335,79.11428571428571,21.63
2021-02-10,103.85336303710938,22710000,0.0104133271545932,-0.030553027607155503,-0.01596853661711628,0.06857938735852098,0.07678571428571429,264.0232142857143,6.167857142857143,21.99,111.5834,1.15,79.40357142857142,58.69,68.72445678710938,362.2055969238281,0.009453585047917823,-0.00043557627322055037,59.035714285714285,20.428571428571427,17.035714285714285,0.0053436024414970085,103.40705871582031,0.008981113691459708,269.5033264160156,0.02153379934030375,81.12000274658203,-0.0031847255632039273,62.599998474121094,0.07679239230283041,165.12753295898438,1195.2337777777777,79.40357142857142,21.99
2021-02-11,103.8786392211914,18914000,0.002504777431091565,-0.028164718053530047,-0.014027532133957465,0.0792406875622862,0.07642857142857143,264.07257142857145,6.164285714285715,21.25,111.5272,1.16,79.69285714285715,58.22,68.80018615722656,362.79058837890625,0.0011019275183472566,0.0016150812136708215,58.92857142857143,20.142857142857142,16.928571428571427,0.0010880367602519314,103.51956939697266,-0.005443838441142823,268.03619384765625,0.07285497821268083,87.02999877929688,-0.005910526212516198,62.22999954223633,0.006196382523495636,166.15072631835938,1195.5127222222222,79.69285714285715,21.25
2021-02-12,104.28604888916016,17114000,-0.018644403705001866,-0.010740961597649479,-0.005508384275316525,0.10077898272007246,0.07607142857142858,264.12192857142855,6.160714285714286,19.97,111.4889,1.2,79.98214285714286,59.5,69.09358215332031,364.5827331542969,0.0042644651487318,0.0049398877280655284,58.82142857142857,19.857142857142858,16.821428571428573,0.0030065186932366483,103.83080291748047,0.00040680814436044876,268.1452331542969,-0.03435594514199636,84.04000091552734,-0.004178022231170697,61.970001220703125,-0.015104895336093271,163.6410369873047,1195.7916666666667,79.98214285714286,19.97
2021-02-16,105.16777038574219,22676000,-0.024053741326339972,-0.021707056088156707,-0.014524884744151922,0.09402410669916672,0.07464285714285715,264.31935714285714,6.146428571428571,21.46,111.7879,1.3,81.13928571428572,60.07,69.42484283447266,364.2668762207031,0.004794377000417516,-0.000866351872621629,58.392857142857146,18.714285714285715,16.392857142857142,0.0074796585955012596,104.607421875,0.012828194987744457,271.5850524902344,0.06080438546743805,89.1500015258789,0.013554948136861755,62.810001373291016,-0.027546863086431395,159.13323974609375,1196.9074444444445,81.13928571428572,21.46
2021-02-17,105.4854736328125,21418000,-0.015571098679954654,-0.0477375115288432,-0.04326910837054776,0.08228115159980409,0.07428571428571429,264.3687142857143,6.142857142857142,21.5,112.0204,1.29,81.42857142857143,61.09,69.62361145019531,364.3504943847656,0.0028630762074113303,0.00022955192887708087,58.285714285714285,18.42857142857143,16.285714285714285,0.0037523601308837584,104.99994659423828,-0.0014600026361626384,271.18853759765625,-0.031968574597206034,86.30000305175781,-0.0014328952494843117,62.720001220703125,-0.02462681787131904,155.21429443359375,1197.1863888888888,81.42857142857143,21.5
2021-02-18,104.93482208251953,22432000,-0.04054415520934718,-0.032169801738648474,-0.03495175264070127,0.0904545195778077,0.07392857142857143,264.41807142857147,6.139285714285714,22.49,112.1603,1.29,81.71785714285714,60.4,69.28288269042969,362.7998962402344,-0.004893867937450502,-0.004255787129229915,58.17857142857143,18.142857142857142,16.178571428571427,-0.006046479893665024,104.36506652832031,-0.01527923976509471,267.04498291015625,-0.003592180498561026,85.98999786376953,0.0023915450934672844,62.869998931884766,0.008955258508449138,156.60427856445312,1197.4653333333333,81.71785714285714,22.49
2021-02-19,104.13883209228516,29148000,-0.030592867161403303,0.00352198603850562,-0.029769551458513566,0.12133884408321505,0.07357142857142858,264.46742857142857,6.135714285714285,22.05,111.7058,1.34,82.00714285714287,59.12,68.60140228271484,362.15911865234375,-0.009836201688660062,-0.001766201133272416,58.07142857142857,17.857142857142858,16.071428571428573,-0.008072832179451983,103.52254486083984,-0.029066010858770808,259.2830505371094,-0.0010465907678379738,85.9000015258789,0.04215043353273673,65.5199966430664,-0.007951307280036346,155.35906982421875,1197.7442777777778,82.00714285714287,22.05
2021-02-22,102.3416976928711,27350000,0.008053596613899261,-0.019715552203866227,-0.005772867433604167,0.13570748638133923,0.07250000000000001,264.6155,6.125,23.45,111.918,1.37,82.875,61.67,68.32691955566406,359.37347412109375,-0.004001124144949797,-0.007691769688461414,57.75,17.0,15.75,-0.016540757483266666,101.8102035522461,-0.004702462410490771,258.06378173828125,-0.05715952939337432,80.98999786376953,-0.032203859947504854,63.40999984741211,-0.026343470955286885,151.26637268066406,1198.581111111111,82.875,23.45
2021-02-23,102.63809204101562,33348000,0.0024045230127451855,-0.008769581163429963,-0.012458800949678106,0.1621595364001136,0.07214285714285715,264.66485714285716,6.121428571428571,23.11,111.8981,1.37,83.16428571428571,61.66,68.8569564819336,359.8099365234375,0.0077573660530345645,0.0012145092328006424,57.642857142857146,16.714285714285715,15.642857142857142,0.00285271790922792,102.10063934326172,0.02124231661517406,263.545654296875,0.04407951338422289,84.55999755859375,0.11102345241714096,70.44999694824219,0.029481026324690296,155.72586059570312,1198.8600555555556,83.16428571428571,23.11
2021-02-24,103.84294891357422,24966000,-0.03267520163798099,-0.019158464357581617,-0.024250999364259673,0.14982069889117566,0.07178571428571429,264.7142142857143,6.117857142857143,21.34,111.7212,1.38,83.45357142857144,63.21,68.9800033569336,363.7748107910156,0.0017869926480453824,0.01101935734706938,57.535714285714285,16.42857142857143,15.535714285714286,0.01149946553474357,103.27474212646484,-0.005829989911837474,262.0091857910156,-0.004612102659749873,84.16999816894531,-0.013910514833081367,69.47000122070312,-0.003347165540656394,155.20462036132812,1199.1390000000001,83.45357142857144,21.34
2021-02-25,100.68032836914062,36568000,0.008728232274749503,0.04106128563214195,0.002062612360427485,0.19798070257491984,0.07142857142857144,264.7635714285714,6.114285714285714,28.89,111.9253,1.54,83.74285714285715,63.43,67.4750747680664,355.00933837890625,-0.021816881931420173,-0.024095875118591015,57.42857142857143,16.142857142857142,15.428571428571429,-0.03256531431817278,99.91156768798828,-0.036396818036700695,252.47288513183594,-0.06011640333456303,79.11000061035156,-0.08939114423563943,63.2599983215332,-0.056408943035877734,146.44969177246094,1199.4179444444444,83.74285714285715,28.89
2021-02-26,100.95292663574219,41670000,0.035191460888073456,0.012303260661080229,0.009372282650179198,0.1795166784536577,0.07107142857142858,264.8129285714286,6.110714285714286,27.95,112.8306,1.44,84.03214285714286,61.55,67.7401123046875,353.1801452636719,0.003927932462944428,-0.005152521124055731,57.32142857142857,15.857142857142858,15.321428571428571,0.002956334447676401,100.20693969726562,0.011504186826799767,255.37738037109375,0.018581736940484594,80.58000183105469,0.03793875125284707,65.66000366210938,0.007448013472356463,147.5404510498047,1199.696888888889,84.03214285714286,27.95
2021-03-01,103.1659164428711,28090000,-0.027547294023892444,-0.007215931356544081,-0.012476554231745318,0.15856279797840034,0.07,264.961,6.1,23.35,112.5263,1.45,84.9,60.54,69.4721908569336,361.7413635253906,0.025569466794731488,0.024240372445985647,57.0,15.0,15.0,0.023616289654496025,102.57345581054688,0.028297582540391497,262.60394287109375,0.034003447524290964,83.31999969482422,0.015382187793248292,66.66999816894531,0.024010438907579923,151.0829620361328,1200.5337222222222,84.9,23.35
2021-03-02,102.8848876953125,22692000,-0.01114730023622712,0.008035325503391588,-0.003473256267849001,0.17051895215303614,0.07,265.01432258064517,6.1,24.1,112.5342,1.42,85.00967741935484,59.7,68.9610824584961,358.9185791015625,-0.0073570214517927335,-0.007803322230884424,56.96774193548387,15.193548387096774,15.0,-0.002502806350370035,102.31673431396484,-0.022309455681959967,256.7453918457031,-0.025804147068575478,81.16999816894531,-0.03239832146449595,64.51000213623047,-0.02561988120233427,147.2122344970703,1200.8126666666667,85.00967741935484,24.1
2021-03-03,100.44985961914062,29684000,0.013973318272505253,0.031760731523623686,0.05478824356129852,0.1946850274688967,0.07,265.06764516129033,6.1,26.67,112.7617,1.47,85.11935483870968,61.33,67.97673034667969,354.16448974609375,-0.014274023503166977,-0.01324559282322213,56.935483870967744,15.387096774193548,15.0,-0.02570610875858137,99.68656921386719,-0.013861112870946823,253.18661499023438,-0.08352838403649021,74.38999938964844,-0.06960163586702317,60.02000045776367,-0.033899371466839634,142.22183227539062,1201.0916111111112,85.11935483870968,26.67
2021-03-04,101.55908966064453,42360000,0.032053284842121776,-0.0062808599417363276,0.08611624804408624,0.1735013187416976,0.07,265.1209677419355,6.1,28.57,112.7037,1.54,85.22903225806452,63.81,67.85369110107422,349.78173828125,-0.0018100200609527661,-0.012374903729015285,56.903225806451616,15.580645161290322,15.0,0.011196056854836378,100.80266571044922,0.008731056133977733,255.39720153808594,-0.07460684362540959,68.83999633789062,-0.0384871935300396,57.709999084472656,-0.024976047807824586,138.66969299316406,1201.3705555555555,85.22903225806452,28.57
2021-03-05,104.50560760498047,43904000,-0.022110113048419033,-0.03098820763308796,0.055114051867900526,0.16277604241686539,0.07,265.17429032258065,6.1,24.66,113.7487,1.56,85.33870967741936,66.08,69.44378662109375,356.21649169921875,0.02343417866024322,0.018396481902078987,56.87096774193548,15.774193548387096,15.0,0.031043321629435017,103.93191528320312,0.02577240101708056,261.9794006347656,-0.01016846289192641,68.13999938964844,-0.004851824358670154,57.43000030517578,0.018306956194403146,141.20831298828125,1201.6495,85.33870967741936,24.66
2021-03-08,100.323974609375,32948000,0.020907302270232853,0.007123832213507431,0.11140862610634006,0.2183215479878422,0.07,265.3342580645161,6.1,25.47,114.2678,1.59,85.66774193548387,65.03,68.51622009277344,354.4429626464844,-0.013357084534882824,-0.004978795463046359,56.774193548387096,16.35483870967742,15.0,-0.042712003408462595,99.4927749633789,-0.033941302161641485,253.0874786376953,-0.08291748990006542,62.4900016784668,-0.07905277540314037,52.88999938964844,-0.004990043469860428,140.50367736816406,1202.4863333333333,85.66774193548387,25.47
2021-03-09,101.73799896240234,33946000,0.019398870776407007,0.00012673412971864195,0.10363927177219234,0.20955330868691968,0.07,265.3875806451613,6.1,24.03,113.928,1.55,85.77741935483871,64.02,69.28288269042969,359.5035705566406,0.011189505151016244,0.01427763686538075,56.74193548387097,16.548387096774192,15.0,0.01636850182394123,101.12132263183594,0.0408523495326667,263.42669677734375,0.0798528011591697,67.4800033569336,0.06447343329104882,56.29999923706055,0.04499867452920814,146.82615661621094,1202.7652777777778,85.77741935483871,24.03
2021-03-10,101.85347747802734,25372000,0.017542289260059407,-0.00485141016134738,0.11233418618337976,0.2123425081941095,0.07,265.44090322580644,6.1,22.56,113.5881,1.53,85.88709677419355,64.45,69.57630920410156,361.7413635253906,0.004235194932389996,0.006224675224463239,56.70967741935484,16.741935483870968,15.0,-0.0020435826480020847,100.9146728515625,-0.0031610411811168193,262.593994140625,0.02208058372327315,68.97000122070312,-0.021847239056917434,55.06999969482422,-0.03458014991895475,141.74888610839844,1203.0442222222223,85.88709677419355,22.56
2021-03-11,104.81439208984375,24782000,-0.037143571312524104,-0.03329445885030913,0.06621041193655786,0.19237548179416386,0.07,265.4942258064516,6.1,21.91,112.9214,1.54,85.99677419354839,66.02,70.89189910888672,365.4090270996094,0.018908590004765635,0.010138911233360526,56.67741935483871,16.93548387096774,15.0,0.03160310115121323,104.10388946533203,0.033899575579800834,271.4958190917969,0.04219219923460482,71.87999725341797,0.08262210390911218,59.619998931884766,0.05788202037642942,149.95359802246094,1203.3231666666668,85.99677419354839,21.91
2021-03-12,102.19497680664062,34516000,-0.009078828509358039,-0.012789121232707923,0.09959163562251305,0.2192179859498764,0.07,265.54754838709675,6.1,20.69,113.0269,1.64,86.10645161290323,65.59,70.69313049316406,365.9012145996094,-0.002803826928339914,0.0013469494826294781,56.645161290322584,17.129032258064516,15.0,-0.024060569706132684,101.59909057617188,-0.020008711413356584,266.06353759765625,-0.001808531697068072,71.75,0.051492783458980895,62.689998626708984,-0.012681026509767324,148.05203247070312,1203.602111111111,86.10645161290323,20.69
2021-03-15,102.42147827148438,25962000,-0.013501196461299214,-0.005100417234406018,0.0911448455624857,0.22286583394589088,0.07,265.70751612903223,6.1,20.03,113.1928,1.62,86.43548387096774,65.36,71.19477844238281,368.08331298828125,0.007096134316293412,0.005963627070928679,56.54838709677419,17.70967741935484,15.0,0.002165986473022574,101.81915283203125,0.01993308382186121,271.36700439453125,0.014494786279126703,72.79000091552734,0.016749131835368303,63.7400016784668,0.0035857919692359186,148.58291625976562,1204.4389444444446,86.43548387096774,20.03
2021-03-16,103.71160125732422,29832000,-0.018905393363846,-0.01767246810964529,0.09755704982761482,0.20460504938799895,0.07,265.7608387096774,6.1,19.79,112.9839,1.62,86.54516129032258,64.82,71.9425277709961,367.6190490722656,0.010502867555356232,-0.0012613011772973914,56.516129032258064,17.903225806451612,15.0,0.014334719054312828,103.27870178222656,0.020200842225629456,276.8488464355469,0.0137381506721026,73.79000091552734,-0.023690023477683564,62.22999954223633,0.001689134718968699,148.83389282226562,1204.7178888888889,86.54516129032258,19.79
2021-03-17,103.64022064208984,25980000,-0.022007635120198432,-0.010735972202090771,0.09883894908037805,0.20221621513786725,0.07,265.8141612903226,6.1,19.23,113.1589,1.63,86.65483870967742,64.55,71.95198059082031,368.87249755859375,0.00013139404629081142,0.0034096396514036176,56.483870967741936,18.096774193548388,15.0,-0.0008014363062391894,103.19593048095703,0.01693636190371839,281.53765869140625,0.015720233342221723,74.94999694824219,0.02763942203688652,63.95000076293945,0.001426802479972844,149.04624938964844,1204.9968333333334,86.65483870967742,19.23
2021-03-18,100.92121124267578,27228000,0.003997597510422057,0.04986186440902185,0.13072264815131907,0.24123134772634747,0.07,265.86748387096776,6.1,21.58,112.7744,1.71,86.76451612903226,59.95,70.75940704345703,363.505615234375,-0.016574575676314707,-0.014549423878819412,56.45161290322581,18.29032258064516,15.0,-0.029237924288137207,100.17869567871094,-0.01897831059508792,276.1945495605469,-0.07418275897240245,69.38999938964844,-0.08537918716706028,58.4900016784668,-0.04708240618884618,142.02879333496094,1205.2757777777779,86.76451612903226,21.58
2021-03-19,101.26716613769531,46298000,-0.0037442864579919632,0.08924720246449835,0.12256757744312075,0.22912586103369992,0.07,265.9208064516129,6.1,20.95,112.9756,1.74,86.8741935483871,61.43,71.3746337890625,362.8329772949219,0.008694628337227561,-0.0018504196668858164,56.41935483870968,18.483870967741936,15.0,0.002780294794869631,100.45722198486328,0.041238989505701706,287.58453369140625,0.052168940458616975,73.01000213623047,-0.0022226203519343235,58.36000061035156,0.037786961515573925,147.3956298828125,1205.5547222222222,86.8741935483871,20.95
2021-03-22,101.03866577148438,39096000,0.008515752068587013,0.0913182022057879,0.1249392524846451,0.24061233797516346,0.07,266.0807741935484,6.1,18.88,113.0023,1.69,87.20322580645161,61.48,71.97482299804688,365.73016357421875,0.008408998787414523,0.007984903414504085,56.32258064516129,19.064516129032256,15.0,0.001840264495016397,100.64208984375,0.011823226229549899,290.9847106933594,-0.009039907448267992,72.3499984741211,-0.0034270178349514735,58.15999984741211,0.014342030617864765,149.50958251953125,1206.3915555555557,87.20322580645161,18.88
2021-03-23,101.75089263916016,27340000,0.0012566833472136274,0.09582263009278247,0.10470736636136113,0.23723294822787033,0.07,266.13409677419355,6.1,20.3,113.2916,1.63,87.31290322580645,57.75,71.44383239746094,362.8515319824219,-0.00737744920331862,-0.007870916534924222,56.29032258064516,19.258064516129032,15.0,0.005239565897678489,101.1694107055664,-0.009913490180951445,288.10003662109375,-0.015342095836375136,71.23999786376953,-0.04986247478485761,55.2599983215332,-0.05810572489401178,140.8222198486328,1206.6705,87.31290322580645,20.3
2021-03-24,101.35934448242188,23080000,0.01152530768427118,0.10776220643275924,0.13214278079680408,0.23675084145178626,0.07,266.1874193548387,6.1,21.2,113.6565,1.62,87.42258064516129,61.12,69.64232635498047,361.0069885253906,-0.0252156971711458,-0.005083466085849753,56.25806451612903,19.451612903225808,15.0,-0.004310930896377241,100.7332763671875,-0.029212341514642026,279.6839599609375,-0.02302076696836186,69.5999984741211,-0.0859572954085499,50.5099983215332,-0.041743973431358494,134.94374084472656,1206.9494444444445,87.42258064516129,21.2
2021-03-25,101.32465362548828,28378000,0.04568165004809566,0.11813957340752546,0.1381263588670132,0.24520133350149553,0.07,266.24074193548387,6.1,19.81,114.0016,1.63,87.53225806451613,58.47,69.30099487304688,363.0378112792969,-0.004901207351887704,0.005625438893029688,56.225806451612904,19.64516129032258,15.0,-3.4461050378853386e-05,100.72980499267578,-0.012050824665640447,276.31353759765625,-0.01997125603623784,68.20999908447266,0.01781828461267687,51.40999984741211,-0.03719585742258902,129.9243927001953,1207.228388888889,87.53225806451613,19.81
2021-03-26,100.88799285888672,29870000,0.0933409843060029,0.10770561491201591,0.13341360905672284,0.24777104797025262,0.07,266.294064516129,6.1,18.86,113.7406,1.67,87.64193548387097,60.93,68.5424575805664,368.8882141113281,-0.010945546941570461,0.01611513360389427,56.193548387096776,19.838709677419356,15.0,-0.003803116249763261,100.34671783447266,0.015354570818849389,280.55621337890625,0.012608131093602815,69.06999969482422,0.003695752329758939,51.599998474121094,0.027266059678968002,133.4669189453125,1207.5073333333335,87.64193548387097,18.86
2021-03-29,101.89908599853516,24596000,0.08210327896947889,0.10278458926348133,0.15757184517026923,0.23368281365010501,0.07,266.4540322580645,6.1,20.74,113.9314,1.73,87.97096774193548,61.49,69.24410247802734,368.7018737792969,0.010236646339040423,-0.0005051403783126185,56.096774193548384,20.419354838709676,15.0,0.010401253892277973,101.39044952392578,0.02756039039879843,288.2884521484375,0.0044881650494199565,69.37999725341797,-0.03934106277764671,49.56999969482422,-0.03702916968869385,128.52474975585938,1208.3441666666668,87.97096774193548,20.74
2021-03-30,101.8787612915039,20732000,0.09444725645119645,0.09695746860381349,0.18211761407330385,0.22613521761000688,0.07,266.50735483870966,6.1,19.61,114.203,1.73,88.08064516129032,60.55,69.24410247802734,367.72381591796875,0.0,-0.0026527065113685078,56.064516129032256,20.612903225806452,15.0,0.0003324441818468582,101.42415618896484,-0.00969710275700264,285.4928894042969,-0.0010089319342077019,69.30999755859375,0.0008069581556104932,49.61000061035156,-0.01254232756555329,126.91275024414062,1208.6231111111113,88.08064516129032,19.61
2021-03-31,102.52754211425781,29198000,0.0951403766345773,0.11023239962227893,0.1650802285078159,0.21158448605460878,0.07,266.5606774193548,6.1,19.4,113.8234,1.74,88.19032258064516,59.19,69.51908111572266,369.2141418457031,0.003971148846684258,0.004052840374273892,56.03225806451613,20.806451612903224,15.0,0.00784256379276238,102.2195816040039,0.022673575320060424,291.9660339355469,0.0680998613037449,74.02999877929688,0.054021372146820346,52.290000915527344,0.044873766344440735,132.60780334472656,1208.9020555555555,88.19032258064516,19.4
2021-04-01,105.95333099365234,33980000,0.06929252641671324,0.07484974813708578,0.12041650360053624,0.18225708487083536,0.07,266.614,6.1,17.33,113.7389,1.69,88.3,61.41,70.7137451171875,373.201416015625,0.017184692062833573,0.010799353865454497,56.0,21.0,15.0,0.032610607827587845,105.55302429199219,0.014022577064020103,296.0601501464844,0.04997980060309626,77.7300033569336,0.04207306797514643,54.4900016784668,0.03843377632230749,137.7044219970703,1209.181,88.3,17.33
2021-04-05,110.30497741699219,43298000,0.013138289712180784,0.034530824475542454,0.05782840848051585,0.1567385263718215,0.06866666666666667,266.8498666666666,6.06,17.91,113.394,1.73,87.58,58.73,72.20237731933594,378.5580139160156,0.02105152540968458,0.014353101758237674,55.733333333333334,20.2,14.866666666666667,0.04187293630971656,109.97283935546875,0.03431994004101924,306.2209167480469,0.023157022316051545,79.52999877929688,-0.0069737760398235205,54.11000061035156,0.010444344495383007,139.1426544189453,1208.2997252747252,87.58,17.91
2021-04-06,110.26533508300781,27060000,0.01911214086117341,0.030960793617911264,0.059327815470855416,0.16661179801861215,0.06833333333333334,266.9088333333333,6.05,18.12,113.1464,1.67,87.4,59.34,72.38248443603516,378.3344421386719,0.00249447626776389,-0.0005905878864668201,55.666666666666664,20.0,14.833333333333334,-0.004371404627052433,109.49210357666016,-0.008578720456054123,303.59393310546875,0.047277784407677714,83.29000091552734,0.05119202414560231,56.880001068115234,-0.007006582955115026,138.16773986816406,1208.0794065934067,87.4,18.12
2021-04-07,111.50093078613281,25798000,0.002293588967234861,0.019384863818155074,0.05852839445351066,0.1564089458180662,0.068,266.96779999999995,6.04,17.16,113.2436,1.68,87.22,59.77,72.94193267822266,378.77227783203125,0.00772905553804093,0.0011572715687324653,55.6,19.8,14.8,0.01347524891214058,110.96753692626953,0.02230159810361032,310.36456298828125,0.006123209636504923,83.80000305175781,0.058895893305441094,60.22999954223633,-0.008942169933144895,136.93222045898438,1207.859087912088,87.22,17.16
2021-04-08,112.28205108642578,27166000,0.013780902713203202,0.0010946499882142913,0.058818513215265655,0.14041423974519862,0.06766666666666667,267.0267666666666,6.029999999999999,16.95,113.0917,1.64,87.03999999999999,59.61,72.9513931274414,380.5701904296875,0.00012969836240128707,0.0047466847572554816,55.53333333333333,19.6,14.766666666666667,0.005091463668267071,111.53252410888672,-0.0002236965765869403,310.2951354980469,0.026014322503417286,85.9800033569336,0.049310995239513655,63.20000076293945,0.026011506587370725,140.49403381347656,1207.6387692307692,87.03999999999999,16.95
2021-04-09,113.29510498046875,20888000,0.005197101432098616,0.01287032782089681,0.024402120538059124,0.133694720527177,0.06733333333333334,267.08573333333334,6.02,16.69,113.2028,1.67,86.86,59.29,72.93244934082031,383.337158203125,-0.00025967683150340815,0.007270584620181264,55.46666666666667,19.4,14.733333333333333,0.008993766994821906,112.5356216430664,-0.00178918622220392,309.7399597167969,-0.0052338283329507185,85.52999877929688,0.0011075900946075912,63.27000045776367,-0.011542542278686896,138.87237548828125,1207.4184505494507,86.86,16.69
2021-04-12,111.75419616699219,31318000,0.021115118222843066,0.03190987944575596,0.023935669449282937,0.1581033825724274,0.06633333333333334,267.2626333333333,5.989999999999999,16.91,113.1815,1.69,86.32,59.7,72.63849639892578,383.4768371582031,-0.0040304822414624075,0.0003643762470950662,55.266666666666666,18.8,14.633333333333333,-0.01147233314863616,111.24457550048828,-0.002944167327861291,308.8280334472656,-0.018122243008127703,83.9800033569336,-0.013118410384851509,62.439998626708984,0.00458755716316861,139.50946044921875,1206.7574945054946,86.32,16.91
2021-04-13,112.37274169921875,23310000,0.011626446474011676,0.01757616987532007,-0.012433430285452074,0.1555265423398322,0.066,267.3216,5.9799999999999995,16.65,113.0391,1.64,86.14,60.2,72.73332214355469,384.61334228515625,0.0013054475151594858,0.0029636865041844374,55.2,18.6,14.6,0.0043703302828213,111.73075103759766,-0.005713719914183013,307.0634765625,-0.0009526295291352183,83.9000015258789,0.0,62.439998626708984,0.011208597892220507,141.0731658935547,1206.5371758241758,86.14,16.65
2021-04-14,111.75666809082031,20220000,0.01705216419525435,0.05546733824088612,0.0031621014775224943,0.17154675293910437,0.06566666666666666,267.38056666666665,5.97,16.99,112.7849,1.64,85.96000000000001,63.15,71.98428344726562,383.2998352050781,-0.010298425456363391,-0.003415136542778252,55.13333333333333,18.4,14.566666666666666,-0.005553449001906685,111.11026000976562,-0.02240441524903558,300.18389892578125,-0.004886813523869993,83.48999786376953,-0.006886616185667993,62.0099983215332,-0.01347939417466315,139.1715850830078,1206.316857142857,85.96000000000001,16.99
2021-04-15,113.82939910888672,27472000,-0.012513801247425627,0.05801031337653795,0.008490703691532486,0.14310796886858146,0.06533333333333334,267.4395333333333,5.96,16.57,112.6181,1.56,85.78,63.42,72.90402221679688,387.41741943359375,0.012776938596673393,0.01074246281977298,55.06666666666667,18.2,14.533333333333333,0.0193316910478043,113.25820922851562,0.016511688290035353,305.14044189453125,0.011258862923197777,84.43000030517578,0.030317708740566163,63.88999938964844,0.015883125388057584,141.38206481933594,1206.0965384615386,85.78,16.57
2021-04-16,113.8839111328125,22596000,0.007633554034195189,0.048899805131536134,0.010292629620220817,0.14760040067014168,0.065,267.4985,5.95,16.25,112.4814,1.59,85.6,63.16,72.8565902709961,388.7123718261719,-0.000650608078381909,0.0033425249553087344,55.0,18.0,14.5,-0.0010939051450389314,113.13431549072266,-0.005327916972785451,303.5146789550781,-0.09724030622761182,76.22000122070312,-0.041321011345574865,61.25,-0.007988028857231821,140.25270080566406,1205.8762197802198,85.6,16.25
2021-04-19,114.11389923095703,24688000,0.010571541866601919,0.04029273784147325,0.0004472781121145353,0.12277610347488288,0.064,267.67539999999997,5.92,17.29,112.1835,1.61,85.06,63.33,72.44889068603516,386.8025817871094,-0.0055959190986630825,-0.004913118741475375,54.8,17.4,14.4,0.0030707934004647885,113.48172760009766,-0.012868142586914821,299.6090087890625,-0.030306973518734348,73.91000366210938,-0.013224512216996165,60.439998626708984,0.004817550283133576,140.92837524414062,1205.2152637362638,85.06,17.29
2021-04-20,113.67923736572266,21774000,0.005881344266992938,0.026429640208682326,0.006574759407026676,0.14317901848737913,0.06366666666666666,267.73436666666663,5.91,18.68,112.2354,1.58,84.88,62.61,72.0601577758789,383.9705505371094,-0.0053656157668564575,-0.00732164515788758,54.733333333333334,17.2,14.366666666666667,-0.004694749196885284,112.94895935058594,0.001356341292789942,300.015380859375,-0.03504267134291794,71.31999969482422,-0.03226335196143548,58.4900016784668,-0.04301365045590666,134.8665313720703,1204.994945054945,84.88,18.68
2021-04-21,113.66236114501953,23930000,0.03777109512964638,0.027667693675768712,0.02738423191427719,0.15642169095311287,0.06333333333333334,267.7933333333333,5.8999999999999995,17.5,112.1771,1.57,84.7,61.34,72.18338775634766,387.6037292480469,0.001710098676886318,0.009462128556097182,54.666666666666664,17.0,14.333333333333334,-0.00028950762493917814,112.916259765625,-0.0038987258954008563,298.845703125,0.01668539605297581,72.51000213623047,-0.0032484601804380064,58.29999923706055,0.009519140616293553,136.1503448486328,1204.7746263736265,84.7,17.5
2021-04-22,112.40496063232422,21096000,0.07141782306735234,0.05001505788683369,0.034031163615258375,0.17577790428016615,0.063,267.85229999999996,5.89,18.71,112.2297,1.57,84.52000000000001,61.45,71.6524429321289,384.063720703125,-0.007355498830436402,-0.009133061108027807,54.6,16.8,14.3,-0.011337309866920386,111.63609313964844,-0.016419785764236083,293.938720703125,-0.007171483342173435,71.98999786376953,-0.021440823608199877,57.04999923706055,0.017227874503698448,138.4959259033203,1204.5543076923077,84.52000000000001,18.71
2021-04-23,114.75325012207031,28670000,0.04095362935476499,0.036016969154450296,0.03946369568174535,0.19048093942013455,0.06266666666666666,267.9112666666666,5.88,17.33,112.0889,1.58,84.34,62.18,72.48681640625,388.2278747558594,0.011644731707353362,0.010842352006356748,54.53333333333333,16.6,14.266666666666667,0.021047587245972332,113.98576354980469,0.015547275561827334,298.5086669921875,0.041672455744158565,74.98999786376953,0.0744960570873967,61.29999923706055,0.03854186027628148,143.8338165283203,1204.333989010989,84.34,17.33
2021-04-26,115.32025909423828,20834000,0.02941028392702827,0.006412461263477054,0.03538418169138646,0.2003446583806019,0.06166666666666667,268.08816666666667,5.85,17.64,111.8109,1.58,83.80000000000001,62.02,72.63849639892578,389.0383605957031,0.0020925183391375946,0.0020876549381041443,54.333333333333336,16.0,14.166666666666666,0.004347959370675669,114.48136901855469,0.006342666976911104,300.4020080566406,0.02320316765877295,76.7300033569336,-0.02088089388625991,60.02000045776367,0.02342140224158107,147.20260620117188,1203.6730329670331,83.80000000000001,17.64
2021-04-27,114.34782409667969,31972000,0.02042815095319539,0.0007108449153103713,0.05479130423294998,0.18586386072190186,0.06133333333333333,268.14713333333333,5.84,17.56,111.9097,1.63,83.62,63.03,72.3445816040039,388.95452880859375,-0.004046267605922305,-0.00021548462979592564,54.266666666666666,15.799999999999999,14.133333333333333,-0.008203633622302253,113.54220581054688,0.0017489584320653506,300.9273986816406,0.011077784920288103,77.58000183105469,0.008163909697307403,60.5099983215332,0.03475407558979038,152.31849670410156,1203.4527142857144,83.62,17.56
2021-04-28,117.95551300048828,59728000,-0.009735674371057157,-0.05917442749066748,0.009496357368845354,0.14610658726516612,0.061,268.2061,5.83,17.28,111.7909,1.63,83.44,63.81,73.00831604003906,388.8427734375,0.009174625401364045,-0.0002873224575532518,54.2,15.6,14.1,0.02970769652129479,116.915283203125,0.01162837983857079,304.42669677734375,-0.14501159750548898,66.33000183105469,0.02528512041702813,62.040000915527344,0.00842838030542925,153.602294921875,1203.2323956043956,83.44,17.28
2021-04-29,120.43267822265625,39554000,-0.01997611456494608,-0.06910602943792443,-0.007543512491834159,0.12384101412499393,0.06066666666666667,268.26506666666666,5.819999999999999,17.61,111.7464,1.65,83.26,65.0,75.02789306640625,391.3207702636719,0.02766228747502697,0.006372747535631218,54.13333333333333,15.4,14.066666666666666,0.014293945832506871,118.58646392822266,0.07297281908171804,326.6415710449219,0.028343090630487344,68.20999908447266,0.003868437463376395,62.279998779296875,-0.01621331388926417,151.1118927001953,1203.012076923077,83.26,17.61
2021-04-30,119.45281219482422,39142000,-0.004742440067550979,-0.03898544790325609,0.008169742718858064,0.12211003965722766,0.06033333333333333,268.3240333333333,5.81,18.61,112.0839,1.65,83.08000000000001,63.5,74.00387573242188,388.7496032714844,-0.013648488477185805,-0.00657048433809182,54.06666666666667,15.2,14.033333333333333,-0.016407772705588575,116.6407241821289,-0.013444337406715356,322.2500915527344,-0.026975463459718463,66.37000274658203,-0.007385984160063419,61.81999969482422,-0.00587654440165164,150.223876953125,1202.7917582417583,83.08000000000001,18.61
2021-05-03,118.71186065673828,33788000,-0.022340774152574294,-0.030795445263085308,0.010901039158534243,0.1355309749784075,0.06129032258064516,268.52951612903223,5.806451612903226,18.31,112.005,1.63,83.06774193548388,64.46,73.6151123046875,389.5879821777344,-0.005253284694710314,0.0021566038889677674,53.87096774193548,15.064516129032258,14.0,-0.0044274284187818536,116.12430572509766,-0.007690332801079114,319.7718811035156,-0.04007840217011838,63.709999084472656,-0.04286641117697665,59.16999816894531,-0.04619935740439485,143.28363037109375,1202.1308021978023,83.06774193548388,18.31
2021-05-04,116.6837387084961,35120000,-0.019322581427674956,-0.021586545443299188,0.021391043568737,0.15773594706044625,0.06193548387096774,268.6027741935484,5.809677419354839,19.48,112.2896,1.61,83.15161290322581,65.72,72.9513931274414,387.1845397949219,-0.009016072331711089,-0.006169190254221024,53.806451612903224,15.096774193548388,14.0,-0.0154712234599782,114.32772064208984,-0.013081911782319322,315.5886535644531,-0.022131531434219642,62.29999923706055,-0.05729253835650172,55.779998779296875,-0.064066227941449,134.10398864746094,1201.9104835164835,83.15161290322581,19.48
2021-05-05,116.80713653564453,21806000,-0.04992480476180994,-0.02037962409892269,0.04031842938130237,0.15437861627045324,0.06258064516129032,268.6760322580645,5.812903225806451,19.15,112.1514,1.59,83.23548387096774,65.63,72.80919647216797,387.3056335449219,-0.0019491972555620851,0.0003127546106673762,53.74193548387097,15.129032258064516,14.0,0.0034421380668332446,114.72125244140625,-0.010491423198196625,312.2776794433594,-0.007544099707248009,61.83000183105469,-0.030656133415107423,54.06999969482422,0.03411779685113925,138.6793212890625,1201.690164835165,83.23548387096774,19.15
2021-05-06,118.02690124511719,20618000,-0.050131344351029394,-0.01060761258128784,0.03558475870299338,0.15010398821669413,0.0632258064516129,268.74929032258063,5.816129032258065,18.39,111.8401,1.58,83.31935483870969,64.73,73.66253662109375,390.3984375,0.011720224783032362,0.007985434982626938,53.67741935483871,15.161290322580646,14.0,0.009754704874938458,115.84032440185547,0.01587213168743573,317.23419189453125,-0.04221252681640175,59.220001220703125,-0.027371916970400867,52.59000015258789,-0.025822997180609097,135.09820556640625,1201.4698461538462,83.31935483870969,18.39
2021-05-07,118.88631439208984,23272000,-0.03440617706840554,-0.022341361719402708,0.0350857783202323,0.14259016123491564,0.06387096774193549,268.82254838709673,5.819354838709677,16.69,111.0249,1.6,83.40322580645162,64.96,74.2219467163086,393.2398376464844,0.007594227960032729,0.0072782057343259154,53.61290322580645,15.193548387096774,14.0,0.006237723865033518,116.56290435791016,-0.002937337003000473,316.3023681640625,0.010807149214051348,59.86000061035156,0.04012170762938716,54.70000076293945,0.04451265875111643,141.11178588867188,1201.2495274725275,83.40322580645162,16.69
2021-05-10,116.05974578857422,26006000,-0.00864787124898514,0.02776235337163646,0.0639459832950997,0.1786680452108682,0.06580645161290323,269.04232258064513,5.829032258064516,19.66,110.7905,1.63,83.65483870967742,64.92,72.7996826171875,389.3458557128906,-0.019162311985123193,-0.009902307855935932,53.41935483870968,15.290322580645162,14.0,-0.025587485067710802,113.58035278320312,-0.04108679199845322,303.3065185546875,-0.02505846950727575,58.36000061035156,-0.04680075571453146,52.13999938964844,-0.029961065763888906,136.88392639160156,1200.5885714285714,83.65483870967742,19.66
2021-05-11,114.42910766601562,32110000,-0.002308571577920193,0.04344755045387361,0.09218811381334557,0.19628292306432682,0.0664516129032258,269.1155806451613,5.832258064516129,21.84,110.8921,1.64,83.73870967741937,65.31,72.59110260009766,385.8710021972656,-0.00286512261580385,-0.008924850398786321,53.354838709677416,15.32258064516129,14.0,-0.009464369535071904,112.50538635253906,0.0018302104047713819,303.86163330078125,0.023132255997297513,59.709999084472656,0.022056032591884156,53.290000915527344,0.03236725719206435,141.31448364257812,1200.3682527472529,83.73870967741937,21.84
2021-05-12,110.9755630493164,34934000,0.031097728696600768,0.08684369063788844,0.12275126498810063,0.2298758080431389,0.06709677419354838,269.1888387096774,5.835483870967742,27.59,111.5636,1.69,83.8225806451613,65.96,71.16888427734375,377.6730651855469,-0.019592185155099084,-0.02124527877201765,53.29032258064516,15.35483870967742,14.0,-0.030752447426494522,109.04557037353516,-0.012984212616368618,299.9162292480469,-0.043376322095128095,57.119998931884766,-0.03246386775220056,51.560001373291016,-0.032650137898105114,136.70054626464844,1200.1479340659341,83.8225806451613,27.59
2021-05-13,112.11005401611328,26670000,0.04160968101714868,0.06213186453778685,0.11718549722960758,0.22361941269274488,0.06774193548387096,269.26209677419354,5.838709677419355,23.13,111.5955,1.66,83.90645161290323,63.82,71.68086242675781,382.2098693847656,0.007193848191000107,0.012012517220389762,53.225806451612904,15.387096774193548,14.0,0.013084820694249322,110.472412109375,0.0089572741411863,302.6026611328125,-0.029236663168302535,55.45000076293945,-0.011636971932455609,50.959999084472656,-0.022736955936208947,133.59239196777344,1199.9276153846154,83.90645161290323,23.13
2021-05-14,114.79589080810547,26624000,0.012494710573410117,0.04118877399415832,0.08829260067788391,0.19513320249915478,0.06838709677419355,269.3353548387097,5.841935483870968,18.81,111.1353,1.63,83.99032258064517,65.32,73.09361267089844,388.0788879394531,0.01970889015996624,0.015355486670542318,53.16129032258065,15.419354838709678,14.0,0.02213505121603543,112.917724609375,0.034986592957177765,313.189697265625,0.0468890611063586,58.04999923706055,0.039835216453382394,52.9900016784668,0.027384461487695688,137.25074768066406,1199.7072967032968,83.99032258064517,18.81
2021-05-17,115.05607604980469,19842000,0.03672784227184134,0.046695794539087565,0.08293241064862666,0.19682427060407948,0.0703225806451613,269.55512903225804,5.851612903225806,19.72,111.079,1.64,84.24193548387098,66.24,72.51524353027344,387.0914001464844,-0.007912717944714154,-0.0025445542740341054,52.96774193548387,15.516129032258064,14.0,0.004626106189906887,113.44009399414062,-0.0015194005417730194,312.7138366699219,0.0008613133112433946,58.099998474121094,0.017361731266356317,53.90999984741211,-0.015472272235325324,135.12716674804688,1199.0463406593408,84.24193548387098,19.72
2021-05-18,114.1649398803711,17302000,0.045861997736274196,0.05116284757903178,0.09724203574393098,0.19213955093172363,0.07096774193548387,269.6283870967742,5.854838709677419,21.34,110.8317,1.64,84.3258064516129,65.49,71.77568054199219,383.7562561035156,-0.01019872446504988,-0.008615908391937044,52.903225806451616,15.548387096774194,14.0,-0.01155565808181147,112.12921905517578,-0.017434847072906212,307.26171875,0.0030981120465254364,58.279998779296875,-0.010202174710021827,53.36000061035156,-0.02235872197029387,132.10589599609375,1198.826021978022,84.3258064516129,21.34
2021-05-19,114.42665100097656,19350000,0.05406467339595,0.041538178426243855,0.0877718755604866,0.18308495792475465,0.07161290322580645,269.7016451612903,5.858064516129033,22.18,110.8807,1.68,84.40967741935484,63.28,71.88945770263672,382.75018310546875,0.0015851770374781804,-0.002621645854746668,52.83870967741935,15.580645161290322,14.0,0.003991290468035036,112.5767593383789,0.011711449897659598,310.8601989746094,0.0060055301329671185,58.630001068115234,0.010307331910971662,53.90999984741211,0.01446725062522436,134.01710510253906,1198.6057032967033,84.40967741935484,22.18
2021-05-20,116.77491760253906,23832000,0.019702374022290137,0.04060545976910124,0.07343098965224049,0.1622095029623174,0.07225806451612903,269.77490322580644,5.861290322580645,20.67,110.8605,1.63,84.49354838709678,61.95,73.12208557128906,386.8677673339844,0.01714615616869697,0.010757889637327711,52.774193548387096,15.612903225806452,14.0,0.015606484860285041,114.33368682861328,0.016008023351439693,315.8364562988281,0.046222054154906544,61.34000015258789,0.058616209541017206,57.06999969482422,0.028377952953138053,137.8202362060547,1198.3853846153847,84.49354838709678,20.67
2021-05-21,116.23023223876953,22832000,0.028339963775709798,0.05159266820785868,0.08310509632427765,0.18064916874030046,0.07290322580645162,269.8481612903226,5.864516129032258,20.15,111.0576,1.63,84.57741935483871,63.61,72.87556457519531,386.5510559082031,-0.0033713616640954625,-0.0008186555007252405,52.70967741935484,15.64516129032258,14.0,-0.005557207103055517,113.69831085205078,-0.0074699528829357265,313.4771728515625,-0.007825228905156356,60.86000061035156,-0.008060260853906653,56.61000061035156,0.003782140471626727,138.34149169921875,1198.165065934066,84.57741935483871,20.15
2021-05-24,119.2818374633789,21244000,0.009614820650907463,0.03165356839795863,0.05092491232055951,0.17257024189246994,0.07483870967741936,270.06793548387094,5.874193548387097,18.4,110.9118,1.61,84.82903225806452,66.13,74.20297241210938,390.4916687011719,0.01821471771301897,0.010194288006044383,52.516129032258064,15.741935483870968,14.0,0.02916572304349585,117.014404296875,0.026562837689178886,321.80401611328125,0.03368385173351229,62.90999984741211,0.062003149332087615,60.119998931884766,0.027769946620182617,142.1832275390625,1197.50410989011,84.82903225806452,18.4
2021-05-25,119.40077209472656,18838000,0.005068402766551294,0.03417505756193995,0.05668993254866517,0.18218671857518087,0.07548387096774194,270.1411935483871,5.87741935483871,18.84,110.842,1.56,84.91290322580646,66.27,74.18401336669922,389.625244140625,-0.000255502506083749,-0.0022188042152825327,52.45161290322581,15.774193548387096,14.0,0.0007751032253890955,117.1051025390625,0.009734208298743052,324.9365234375,0.01351134122051767,63.7599983215332,-0.016134355010632206,59.150001525878906,-0.02063828325885475,139.24880981445312,1197.2837912087912,84.91290322580646,18.84
2021-05-26,120.61309051513672,21856000,-0.011883990883926332,0.036190273653632365,0.04371023111583483,0.1748365598606212,0.07612903225806451,270.21445161290325,5.880645161290323,17.36,110.8677,1.58,84.99677419354839,66.41,74.66757202148438,390.3984375,0.006518367406126657,0.0019844539618585344,52.38709677419355,15.806451612903226,14.0,0.007380970995231051,117.96945190429688,-0.00039652426104863636,324.80767822265625,-0.0128607232812189,62.939998626708984,0.02434486203823627,60.59000015258789,0.0026342867098920753,139.61563110351562,1197.0634725274726,84.99677419354839,17.36
2021-05-27,119.0756607055664,38962000,0.02049920278635531,0.046376338019866736,0.05572499348870119,0.1831206629383273,0.0767741935483871,270.28770967741934,5.883870967741935,16.74,110.8688,1.61,85.08064516129032,66.87,74.9520263671875,390.6034240722656,0.003809610223046711,0.0005250701656960288,52.32258064516129,15.838709677419354,14.0,-0.007406568100407074,117.095703125,0.01553437665655899,329.8533630371094,0.02160795129842441,64.30000305175781,0.007922091781275897,61.06999969482422,-0.011269255780149368,138.04226684570312,1196.8431538461539,85.08064516129032,16.74
2021-05-28,119.5241928100586,24108000,0.022611884446047226,0.0478859843836521,0.04512010672607247,0.19881337458968384,0.07741935483870968,270.3609677419355,5.887096774193549,16.76,110.7576,1.58,85.16451612903226,66.31,74.70550537109375,391.30218505859375,-0.0032890504505649343,0.0017889269352611148,52.25806451612903,15.870967741935484,14.0,-0.0024676230755759088,116.80675506591797,-0.012081173987279592,325.86834716796875,0.01555209879531505,65.30000305175781,0.01719337223362616,62.119998931884766,0.002587230889188996,138.3994140625,1196.6228351648351,85.16451612903226,16.76
2021-06-01,120.4287109375,19166000,0.021828867104825678,0.037389818276178044,0.031488076654854424,0.19737352922096352,0.08,270.654,5.9,17.9,110.5046,1.62,85.5,67.8,74.75292205810547,390.9574890136719,0.0006347147613308124,-0.0008808947613473395,52.0,16.0,14.0,0.010323058086837422,118.01255798339844,0.0012167947455594685,326.2648620605469,-0.014241964191619494,64.37000274658203,0.025273659398251658,63.689998626708984,-0.0011159690518695031,138.24496459960938,1195.7415604395605,85.5,17.9
2021-06-02,120.00594329833984,17158000,0.028959874487417547,0.03826485898811649,0.04381560437801291,0.20152969413555577,0.08066666666666666,270.6956333333333,5.883333333333334,17.48,110.5799,1.59,85.35666666666667,68.79,74.52534484863281,391.572265625,-0.0030443921549415665,0.0015724896660225252,52.06666666666667,16.233333333333334,14.033333333333333,-0.004447334398662739,117.48771667480469,6.07049992391584e-05,326.28466796875,-0.004660603370468919,64.06999969482422,-0.014130911141270075,62.790000915527344,-0.026462960023717397,134.5865936279297,1195.5212417582418,85.35666666666667,17.48
2021-06-03,119.17972564697266,18346000,0.048652449807552234,0.05107282606086305,0.07060170122190312,0.21302006097512183,0.08133333333333334,270.73726666666664,5.866666666666667,18.04,111.1782,1.63,85.21333333333334,68.81,74.0228271484375,390.1189270019531,-0.0067429100961017285,-0.003711546375040564,52.13333333333333,16.466666666666665,14.066666666666666,-0.009706578524418252,116.3473129272461,-0.009448360671683864,323.2018127441406,-0.022787561907708254,62.61000061035156,-0.03487820368648353,60.599998474121094,-0.018790587631871025,132.05763244628906,1195.300923076923,85.21333333333334,18.04
2021-06-04,121.51661682128906,25948000,0.02535733018003028,0.024305119986117063,0.058594653021775134,0.1764527425837672,0.082,270.7789,5.8500000000000005,16.42,110.7521,1.56,85.07000000000001,69.57,75.08477020263672,393.6869812011719,0.014346156383215458,0.009146067909698852,52.2,16.7,14.1,0.01959039008516461,118.62660217285156,0.013218984961962388,327.4742126464844,0.004472109512335454,62.88999938964844,0.006600685411728646,61.0,0.008186349597996578,133.13870239257812,1195.0806043956045,85.07000000000001,16.42
2021-06-07,122.22686004638672,23850000,0.024715241747161887,0.02555048310232655,0.05492911933751965,0.17412588193928058,0.084,270.9038,5.800000000000001,16.42,110.5155,1.57,84.64,69.21,75.47351837158203,393.3049621582031,0.005177456998219032,-0.0009703623975656495,52.4,17.4,14.2,0.0036473962393848147,119.05928039550781,0.018858739082117326,333.64996337890625,0.04038799396053783,65.43000030517578,0.0060655562604059465,61.369998931884766,0.04023791290188239,138.4959259033203,1194.4196483516484,84.64,16.42
2021-06-08,123.05753326416016,25060000,0.01522852962203114,0.02301381756552967,0.04055433690422516,0.17219335601944707,0.08466666666666667,270.9454333333333,5.783333333333334,17.07,110.649,1.53,84.49666666666667,70.11,75.25543975830078,393.38885498046875,-0.0028894719364688237,0.00021330222178050917,52.46666666666667,17.633333333333333,14.233333333333333,-0.0016068219733529343,118.86797332763672,-0.008615900313929115,330.7752685546875,0.009322949831979566,66.04000091552734,-0.01987937798988637,60.150001525878906,-0.0043908043976131905,137.8878173828125,1194.1993296703297,84.49666666666667,17.07
2021-06-09,123.4813003540039,20126000,0.009043097531217459,0.015184114665601767,0.040174196495371906,0.16306892932139827,0.08533333333333333,270.9870666666667,5.766666666666667,17.89,110.5707,1.5,84.35333333333334,69.9,75.1795883178711,392.8019104003906,-0.001007919702194271,-0.0014920213743911948,52.53333333333333,17.866666666666667,14.266666666666667,0.003960844563406951,119.33879089355469,-0.010279324990746241,327.3751220703125,0.0012114147478134996,66.12000274658203,0.026932649888425697,61.77000045776367,-0.007560352238050183,136.8453369140625,1193.9790109890112,84.35333333333334,17.89
2021-06-10,124.97811126708984,31234000,0.0023080823906480585,0.009533529766656557,0.03556463836349266,0.14937717059951483,0.08600000000000001,271.0287,5.75,16.1,110.5456,1.45,84.21000000000001,70.34,75.5873031616211,394.6278381347656,0.005423211976449238,0.0046484695874156046,52.6,18.1,14.3,0.011291925175172857,120.68635559082031,0.006692004830980869,329.56591796875,0.03221411320234813,68.25,0.013922625934568389,62.630001068115234,0.0007757326475397175,136.9514923095703,1193.7586923076924,84.21000000000001,16.1
2021-06-11,124.59795379638672,25240000,-0.001026188786038662,0.010330529045967651,0.04214942310481895,0.12907684095996497,0.08666666666666667,271.07033333333334,5.733333333333333,15.65,111.0933,1.47,84.06666666666666,71.0,75.67263793945312,395.27996826171875,0.001128956508073431,0.0016525193205716437,52.666666666666664,18.333333333333332,14.333333333333334,-0.002024578404589694,120.4420166015625,-0.003609428684452687,328.3763732910156,-0.0010256365542009593,68.18000030517578,0.023311436130865282,64.08999633789062,-0.0021847852088403563,136.65228271484375,1193.5383736263736,84.06666666666666,15.65
2021-06-14,125.24772644042969,22550000,0.0008150960590187495,0.0037000646302158824,0.04535359915986814,0.13543898292385625,0.08866666666666667,271.19523333333336,5.683333333333334,16.39,110.9659,1.51,83.63666666666667,70.94,76.1751480102539,396.1650085449219,0.006640578212733228,0.0022390213374463563,52.86666666666667,19.033333333333335,14.433333333333334,0.007698946243948068,121.36929321289062,0.016633369692507616,333.83837890625,0.007186826951837588,68.66999816894531,-0.008113538348869853,63.56999969482422,0.016175609481573927,138.8627166748047,1192.8774175824176,83.63666666666667,16.39
2021-06-15,124.9315185546875,22182000,0.007668507844629691,-0.00011511433509958646,0.041524946772597104,0.13784504987595736,0.08933333333333333,271.2368666666667,5.666666666666667,17.02,111.3507,1.51,83.49333333333334,72.06,75.739013671875,395.43841552734375,-0.00572541504376467,-0.001834066618469965,52.93333333333333,19.266666666666666,14.466666666666667,-0.008379244908699457,120.35231018066406,-5.932783482842652e-05,333.8185729980469,0.027231728505094255,70.54000091552734,-0.020292605344032655,62.279998779296875,-0.010565675077223724,137.39553833007812,1192.657098901099,83.49333333333334,17.02
2021-06-16,124.59795379638672,26316000,0.006085981014497088,-0.003027131393006477,0.04891948915527444,0.15521106919637706,0.09,271.2785,5.65,18.15,111.1165,1.57,83.35000000000001,72.03,75.07526397705078,393.23046875,-0.008763643235437324,-0.005583541433118788,53.0,19.5,14.5,-0.005328682714437649,119.71099090576172,-0.0168375802790256,328.1978759765625,-0.012475152282345081,69.66000366210938,-0.03339752821332509,60.20000076293945,0.004777244430860916,138.05191040039062,1192.4367802197803,83.35000000000001,18.15
2021-06-17,125.26657104492188,25756000,0.0072088088512412,-1.9916023811572536e-05,0.02281365301292282,0.14245743026041868,0.09066666666666667,271.32013333333333,5.633333333333334,17.75,112.5772,1.52,83.20666666666666,71.06,75.38817596435547,393.10015869140625,0.004167977183541227,-0.0003313834225714407,53.06666666666667,19.733333333333334,14.533333333333333,0.008040018969126983,120.67346954345703,0.01640093327486425,333.58062744140625,0.04995686971851199,73.13999938964844,0.03471761006811391,62.290000915527344,0.05055237046788186,145.03076171875,1192.2164615384615,83.20666666666666,17.75
2021-06-18,124.4700927734375,53306000,0.011368383940121074,0.025097790045495616,0.04407184166471345,0.12659317968065786,0.09133333333333334,271.36176666666665,5.616666666666667,20.7,113.0408,1.45,83.06333333333333,71.64,74.50640106201172,387.7969970703125,-0.011696461561301885,-0.01349061175336963,53.13333333333333,19.966666666666665,14.566666666666666,-0.013409506646461344,119.0552978515625,-0.02035583952457143,326.7903137207031,0.014356071377085833,74.19000244140625,0.014127423992357224,63.16999816894531,0.02442592829511514,148.57327270507812,1191.996142857143,83.06333333333333,20.7
2021-06-21,125.34981536865234,26256000,0.0028826189598432084,0.026222818454044505,0.04859843220732807,0.09933985402545642,0.09333333333333334,271.4866666666667,5.566666666666667,17.89,112.8391,1.5,82.63333333333334,73.64,75.22921752929688,393.3486633300781,0.00970140091297056,0.014315908327570348,53.333333333333336,20.666666666666668,14.666666666666666,0.01416613947899159,120.74185180664062,0.007977762970938773,329.3973693847656,-0.04124551944050703,71.12999725341797,0.00680703368117519,63.599998474121094,0.011694381516577534,150.3107452392578,1191.335186813187,82.63333333333334,17.89
2021-06-22,125.88955688476562,20984000,-0.0077243876524217825,0.02423645788309714,0.04983504838249475,0.09958331202097193,0.094,271.5283,5.550000000000001,16.66,112.9174,1.48,82.49000000000001,73.15,75.87516021728516,395.4515686035156,0.008586327349965117,0.005346160974933456,53.4,20.9,14.7,0.004252466024629475,121.25530242919922,0.020283419215276988,336.07867431640625,0.028539385450262467,73.16000366210938,-0.010534562657543711,62.93000030517578,0.021448791032980585,153.53472900390625,1191.1148681318682,82.49000000000001,16.66
2021-06-23,125.35625457763672,19694000,-0.009057985678633806,0.02147316349064976,0.08978652455054403,0.11447787205592941,0.09466666666666668,271.5699333333333,5.533333333333334,16.32,112.3819,1.5,82.34666666666666,73.11,75.79915618896484,394.9749450683594,-0.0010016984228126136,-0.0012052639893157524,53.46666666666667,21.133333333333333,14.733333333333333,-0.0016635442572047188,121.0535888671875,0.004601445649747848,337.6251220703125,0.022279895733003707,74.79000091552734,0.05434606947974263,66.3499984741211,0.015528641672692522,155.91891479492188,1190.8945494505494,82.34666666666666,16.32
2021-06-24,126.16959381103516,18934000,-0.007176987345153818,0.018011222024682194,0.09712691327321177,0.11426997670296979,0.09533333333333334,271.6115666666667,5.516666666666667,15.97,112.326,1.49,82.20333333333333,73.31,76.51156616210938,397.31158447265625,0.009398653084851105,0.005915918043592594,53.53333333333333,21.366666666666667,14.766666666666667,0.003054125309704503,121.42330169677734,0.007604331438178402,340.1925354003906,0.01992242071841166,76.27999877929688,0.019593113514009497,67.6500015258789,0.016962994438802115,158.5637664794922,1190.674230769231,82.20333333333333,15.97
2021-06-25,125.88511657714844,33484000,0.013575079390841793,0.028103370094110236,0.07718017693803159,0.1231386833974808,0.096,271.6532,5.5,15.62,111.9655,1.54,82.06,74.21,76.60652160644531,398.72283935546875,0.0012410600004546524,0.0035520104068589298,53.6,21.6,14.8,6.949333639960642e-05,121.4317398071289,-0.0052741309229240585,338.3983154296875,0.0073413419973171745,76.83999633789062,0.00029558969128418155,67.66999816894531,-0.013879529063520857,156.36297607421875,1190.4539120879122,82.06,15.62
2021-06-28,125.71115112304688,28110000,0.02327311198035198,0.03292098202050209,0.07539855650336968,0.11576703631658081,0.098,271.7781,5.45,15.76,112.0248,1.49,81.63000000000001,72.98,77.4709243774414,399.5265808105469,0.01128367080072934,0.002015789856375738,53.8,22.3,14.9,0.00022442400404476537,121.45899200439453,0.04180216574878992,352.5440979003906,0.025507636742307938,78.80000305175781,-0.021427471368066442,66.22000122070312,-0.0028399387786408603,155.91891479492188,1189.792956043956,81.63000000000001,15.76
2021-06-29,124.9171371459961,20950000,0.032209645322134106,0.04812009474786727,0.08349571820040125,0.08066693869758268,0.09866666666666667,271.8197333333334,5.433333333333334,16.02,112.2613,1.49,81.48666666666666,73.14,77.05296325683594,399.7416076660156,-0.005395070782544753,0.0005382041290782347,53.86666666666667,22.533333333333335,14.933333333333334,-0.002150268409804479,121.19782257080078,-0.010544170724708257,348.8268127441406,-0.001649808093625471,78.66999816894531,0.020386566735656197,67.56999969482422,0.004643139339588931,156.6428680419922,1189.5726373626374,81.48666666666666,16.02
2021-06-30,124.22077941894531,24006000,0.030810227771190357,0.04748411514994655,0.07904008054113709,0.07345435713572379,0.09933333333333334,271.8613666666667,5.416666666666667,15.83,112.5533,1.45,81.34333333333333,73.52,76.91049194335938,400.07806396484375,-0.0018490049889667848,0.000841684459099934,53.93333333333333,22.766666666666666,14.966666666666667,-0.001496697552210824,121.01642608642578,-0.011879069043950197,344.6830749511719,0.003559155787643098,78.94999694824219,0.008435691836592873,68.13999938964844,-0.006346932181360065,155.64866638183594,1189.3523186813188,81.34333333333333,15.83
2021-07-01,125.26407623291016,17120000,0.025370291631820585,0.0433416026067488,0.07613450661149024,0.054578483578363146,0.1,271.903,5.4,15.48,112.74,1.48,81.2,75.33,77.48040771484375,402.2930908203125,0.0074101173595937375,0.005536486638426208,54.0,23.0,15.0,0.0029076026053682646,121.36829376220703,0.01921161265474791,351.30499267578125,0.011526329287966375,79.86000061035156,-0.0070442578784639664,67.66000366210938,-0.010976814970818816,153.9401397705078,1189.132,81.2,15.48
2021-07-02,127.5940170288086,21160000,0.014333709459392052,0.004156480957340225,0.0587405419623519,0.06015850391799149,0.09967741935483872,271.927935483871,5.390322580645162,15.07,112.5425,1.44,80.84838709677419,75.37,78.02184295654297,405.3680419921875,0.006988027782351081,0.007643559489438179,54.25806451612903,22.806451612903224,15.0,0.0229736827134297,124.15657043457031,0.0008748595542464876,351.6123352050781,-0.006887090502808224,79.30999755859375,0.012267132083011667,68.48999786376953,0.012039009097477349,155.79342651367188,1189.281445652174,80.84838709677419,15.07
2021-07-06,128.6368408203125,21350000,0.009428440879755362,0.010252725155699416,0.04821962188019846,0.030777391764796214,0.09838709677419355,272.02767741935486,5.351612903225806,16.44,112.9516,1.37,79.44193548387096,73.62,77.83185577392578,404.62969970703125,-0.002435051203840577,-0.0018214121703518105,55.29032258064516,22.032258064516128,15.0,0.007444702874928266,125.08087921142578,-0.0054132083533644515,349.708984375,0.01235661817048439,80.29000091552734,0.008322378633417005,69.05999755859375,-0.0009912754829101145,155.6389923095703,1189.8792282608697,79.44193548387096,16.44
2021-07-07,128.940673828125,16680000,0.015413970890349349,0.019396098769078662,0.05275709990324562,0.046891242111481546,0.09806451612903226,272.0526129032258,5.341935483870968,16.2,113.1048,1.33,79.09032258064516,72.22,77.7178726196289,406.0596923828125,-0.001464479462341961,0.0035340773967325045,55.54838709677419,21.838709677419356,15.0,0.0022506189690130185,125.36238861083984,-0.006491254586681983,347.4389343261719,-0.03200896332692915,77.72000122070312,-0.05690704378958866,65.12999725341797,-0.022016857522046407,152.21231079101562,1190.0286739130436,79.09032258064516,16.2
2021-07-08,128.0480499267578,19780000,0.016175516045090488,0.03213808502796245,0.060838749263116165,0.06330068899754848,0.09774193548387097,272.0775483870968,5.332258064516129,19.0,113.0776,1.3,78.73870967741935,72.98,76.86299133300781,402.7511291503906,-0.010999802977174955,-0.008147972562868255,55.806451612903224,21.64516129032258,15.0,-0.011306759048581028,123.9449462890625,-0.013809281591837697,342.64105224609375,-0.02367478047330518,75.87999725341797,-0.048671860933925504,61.959999084472656,0.0035513412714054393,152.75286865234375,1190.1781195652175,78.73870967741935,19.0
2021-07-09,128.4420623779297,15106000,0.01752665463549552,0.06360451146345047,0.06503984102792493,0.07417358363966642,0.09741935483870968,272.1024838709678,5.322580645161291,16.18,112.8375,1.37,78.38709677419355,74.56,77.54689025878906,407.0503845214844,0.008897636091448335,0.010674719597094873,56.064516129032256,21.451612903225808,15.0,0.0037947244171261385,124.415283203125,0.013800112614718918,347.3695373535156,0.014628369142456243,76.98999786376953,0.06213683878323217,65.80999755859375,0.02767757500590351,156.98069763183594,1190.3275652173913,78.38709677419355,16.18
2021-07-12,129.42291259765625,16944000,-0.010033412482639448,0.06954830662142508,0.05769206282584238,0.07269997382649551,0.0964516129032258,272.17729032258063,5.2935483870967746,16.17,112.7611,1.38,77.33225806451613,74.21,78.09780883789062,408.50836181640625,0.00710432845550657,0.003581810386042994,56.83870967741935,20.870967741935484,15.0,0.011607948803485035,125.85948944091797,0.007819387565500158,350.08575439453125,-0.047408775518313795,73.33999633789062,-0.015499113826258015,64.79000091552734,0.0012913244478676145,157.18341064453125,1190.7759021739132,77.33225806451613,16.17
2021-07-13,129.8496856689453,16618000,0.0008165851511234834,0.04429172431079409,0.05110890007308022,0.05994879568085332,0.09612903225806452,272.2022258064516,5.283870967741936,17.12,113.0063,1.42,76.98064516129033,75.24,77.89835357666016,407.1158142089844,-0.0025539162263116255,-0.0034088594936710903,57.096774193548384,20.677419354838708,15.0,0.002882341905070973,126.22225952148438,-0.0030299147199042142,349.0250244140625,-0.01677114519984768,72.11000061035156,-0.012964965900881475,63.95000076293945,0.010869636969463192,158.89193725585938,1190.925347826087,76.98064516129033,17.12
2021-07-14,130.92816162109375,17912000,0.003921679229248465,0.0325478398248682,0.04775043622125863,0.035057248358721926,0.09580645161290323,272.2271612903226,5.274193548387097,16.33,112.8801,1.37,76.62903225806451,73.06,77.84135437011719,407.7232666015625,-0.0007317125962986726,0.0014920874389474648,57.354838709677416,20.483870967741936,15.0,0.007032251294773584,127.1098861694336,-0.012667122036728262,344.6038818359375,-0.032589078549858486,69.76000213623047,-0.023143073097413036,62.470001220703125,-0.01871097119390097,155.91891479492188,1191.074793478261,76.62903225806451,16.33
2021-07-15,130.11929321289062,16586000,0.015708476272876304,0.04017766993319727,0.054389224131157876,0.0505346351297884,0.09548387096774194,272.25209677419355,5.264516129032258,17.01,113.0041,1.31,76.27741935483871,71.67,77.29045867919922,406.3307189941406,-0.0070771596328936814,-0.003415423453826838,57.61290322580645,20.29032258064516,15.0,-0.009607247589169754,125.88871002197266,-0.009119038468009988,341.46142578125,0.003870364604334986,70.02999877929688,-0.03153515579010824,60.5,0.008048206052238438,157.1737823486328,1191.2242391304349,76.27741935483871,17.01
2021-07-16,130.69322204589844,14856000,0.04528417670243856,0.025601769784419526,0.05362697576248565,0.07255854594295386,0.09516129032258065,272.27703225806454,5.254838709677419,18.45,113.0428,1.31,75.9258064516129,71.76,76.80599212646484,403.1436462402344,-0.006268128835218767,-0.007843543706948286,57.87096774193548,20.096774193548388,15.0,-0.0002755676575567634,125.85401916503906,-0.009580116485750967,338.190185546875,-0.0185634077541581,68.7300033569336,-0.019669398788578207,59.310001373291016,-0.010194707248871726,155.57144165039062,1191.3736847826087,75.9258064516129,18.45
2021-07-19,128.12435913085938,25710000,0.08038828795589925,0.05211058839614058,0.06225343162206176,0.09609756527459767,0.09419354838709677,272.3518387096774,5.225806451612903,22.5,113.5472,1.19,74.87096774193549,66.45,75.63765716552734,397.19000244140625,-0.0152115079642976,-0.014768045718573264,58.645161290322584,19.516129032258064,15.0,-0.01883900145599482,123.4830551147461,-0.012340305957074138,334.0168151855469,0.03826563545704609,71.36000061035156,0.004552359661304184,59.58000183105469,-0.04864435688973501,148.00376892089844,1191.8220217391306,74.87096774193549,22.5
2021-07-20,129.95571899414062,19084000,0.04343966697265089,0.03949991416941945,0.04171213573959531,0.09045662573334656,0.09387096774193548,272.3767741935484,5.216129032258064,19.73,113.7502,1.23,74.51935483870967,67.32,76.4925308227539,402.8819885253906,0.011302222851188315,0.014330637853413819,58.903225806451616,19.322580645161292,15.0,0.013096123605984777,125.10020446777344,0.013978357182594658,338.6858215332031,0.0009809374190794529,71.43000030517578,0.04615642691314292,62.33000183105469,0.002869610266429179,148.42848205566406,1191.9714673913045,74.51935483870967,19.73
2021-07-21,131.44161987304688,14742000,0.028514336514375627,0.025852091405799582,0.032526220206316125,0.0846263790378583,0.0935483870967742,272.4017096774194,5.2064516129032254,17.91,113.3926,1.3,74.16774193548387,70.26,77.12895965576172,406.1437683105469,0.008320143498487864,0.008096117170923511,59.16129032258065,19.129032258064516,15.0,0.010613379142964785,126.42794036865234,0.013375764784772759,343.21600341796875,0.011199818680384999,72.2300033569336,0.017006217350464148,63.38999938964844,0.03856412329326342,154.15249633789062,1192.1209130434784,74.16774193548387,17.91
2021-07-22,132.16326904296875,13608000,0.02409076445843028,0.027087259734280167,0.03831516932726764,0.0681511598748108,0.09322580645161291,272.4266451612903,5.196774193548387,17.69,113.4695,1.27,73.81612903225806,72.15,77.39492797851562,406.9943542480469,0.003448358748010749,0.0020942976449895845,59.41935483870968,18.935483870967744,15.0,0.006840437210110073,127.29276275634766,0.014325787698254988,348.1328430175781,0.006645378723950879,72.70999908447266,-0.006625621911804269,62.970001220703125,0.00500933527792724,154.92469787597656,1192.2703586956522,73.81612903225806,17.69
2021-07-23,136.61155700683594,26378000,-0.018829718613086688,-0.005660018038696646,0.023825041396854152,0.036022439468444745,0.0929032258064516,272.4515806451613,5.187096774193548,17.2,113.4398,1.3,73.46451612903226,72.24,79.31365203857422,411.18145751953125,0.024791341114642762,0.01028786573519036,59.67741935483871,18.741935483870968,15.0,0.03576879090956009,131.8458709716797,0.05296285806229295,366.5709533691406,0.05776378256802417,76.91000366210938,0.23820866617782976,77.97000122070312,0.033395662132275294,160.0985107421875,1192.4198043478261,73.46451612903226,17.2
2021-07-26,138.42405700683594,23052000,-0.02617364504502384,-0.011761996763802962,0.01972164383996522,-0.007300678953221729,0.09193548387096774,272.5263870967742,5.158064516129032,17.58,113.2238,1.29,72.40967741935484,72.15,79.72209167480469,412.19085693359375,0.005149676325985064,0.0024548758111606617,60.45161290322581,18.161290322580644,15.0,0.0076684036885645845,132.85691833496094,0.0072201519889154575,369.2176513671875,-0.005461003489026783,76.48999786376953,-0.021162004617755303,76.31999969482422,-0.009827571220417108,158.52513122558594,1192.868141304348,72.40967741935484,17.58
2021-07-27,135.6009521484375,42164000,-0.003775736085117387,0.009503143108432033,0.04498284185974066,0.014448373892620214,0.09161290322580645,272.55132258064515,5.148387096774194,19.36,113.2227,1.25,72.05806451612904,71.68,78.77222442626953,410.312255859375,-0.011914730642163418,-0.004557600059822309,60.70967741935484,17.967741935483872,15.0,-0.015928496340435805,130.74070739746094,-0.01248441545431489,364.6081848144531,-0.028761890569802828,74.29000091552734,-0.030791384742110517,73.97000122070312,-0.01248250209859314,156.5463409423828,1193.0175869565219,72.05806451612904,19.36
2021-07-28,135.18959045410156,54688000,-0.0025884375298046436,0.00959075192005221,0.04209853850855305,0.024127109179285844,0.09129032258064516,272.57625806451614,5.138709677419355,18.31,113.1807,1.26,71.70645161290322,72.37,79.3896484375,410.1439514160156,0.007838092877628045,-0.00041018624463673437,60.96774193548387,17.774193548387096,15.0,0.0317966747597489,134.8978271484375,0.014871837837616253,370.03057861328125,0.03176740585903404,76.6500015258789,0.029606629785931426,76.16000366210938,0.008879058574553067,157.9363250732422,1193.1670326086958,71.70645161290322,18.31
2021-07-29,135.34718322753906,19284000,0.0029260055649797945,0.013541879342461538,0.05866407789844397,0.0724109151709793,0.09096774193548388,272.6011935483871,5.129032258064516,17.7,112.4834,1.28,71.35483870967742,73.62,78.5347671508789,411.8450622558594,-0.010768170705455438,0.004147594604213101,61.225806451612904,17.580645161290324,15.0,-0.0023253909434857167,134.58413696289062,-0.04007723773092686,355.2007751464844,-0.06014351622413361,72.04000091552734,-0.01628158394878043,74.91999816894531,-0.001344667390946297,157.7239532470703,1193.3164782608696,71.35483870967742,17.7
2021-07-30,134.03919982910156,23954000,0.013422441368458715,0.02355416020207657,0.07579089414601548,0.08066818048782642,0.09064516129032257,272.62612903225806,5.119354838709677,18.24,112.6714,1.24,71.00322580645161,73.93,78.26879119873047,409.8450012207031,-0.0033867287291684534,-0.004856343364179283,61.483870967741936,17.387096774193548,15.0,-0.007740723297429808,133.5423583984375,-0.005637405740024359,353.1983642578125,-0.18239865661656696,58.900001525878906,-0.00667378553417064,74.41999816894531,-0.025275339649983408,153.7374267578125,1193.4659239130435,71.00322580645161,18.24
2021-08-02,134.80099487304688,20140000,0.014798991840683229,0.021519940758301992,0.06965608437459458,0.0903086123909056,0.08967741935483871,272.7158064516129,5.087096774193548,19.46,112.6691,1.2,70.38064516129032,71.31,78.08831024169922,408.985107421875,-0.002305912155625256,-0.0020980951244177204,62.096774193548384,17.0,14.96774193548387,0.000950201055047728,133.66925048828125,-0.012208729450221334,348.8862609863281,-0.030220756330745724,57.119998931884766,-0.012362243907299897,73.5,0.012996886654698114,155.73553466796875,1193.9142608695654,70.38064516129032,19.46
2021-08-03,135.08895874023438,19064000,0.013329206760501089,0.007488261293386866,0.0701644266078103,0.05498967038999503,0.08935483870967742,272.7556129032258,5.074193548387097,18.04,112.8228,1.19,70.46129032258064,70.64,77.73686981201172,412.3124084472656,-0.004500551088885363,0.008135506562488182,62.193548387096776,17.0,14.935483870967742,0.005750587775457783,134.43792724609375,-0.002017528398691293,348.182373046875,0.05059522835591679,60.0099983215332,-0.0016326904296875,73.37999725341797,-0.01778855066153362,152.96522521972656,1194.0637065217393,70.46129032258064,18.04
2021-08-04,134.83966064453125,16528000,0.012210796333354867,0.003980942534739684,0.060211487077072245,0.07229735204346532,0.08903225806451613,272.7954193548387,5.0612903225806445,17.97,112.8953,1.19,70.54193548387096,68.19,77.9553451538086,410.2841796875,0.0028104468616398925,-0.0049191552769507485,62.29032258064516,17.0,14.903225806451612,-0.0037198695559991224,133.93783569335938,0.0218655230322089,355.7955627441406,0.001999712546883581,60.130001068115234,0.04796953399036785,76.9000015258789,-0.04985162192414383,145.33966064453125,1194.2131521739132,70.54193548387096,17.97
2021-08-05,135.7432098388672,11866000,0.010584902294463294,-0.0001936810952525292,0.05721472196646005,0.07192908956283706,0.08870967741935483,272.8352258064516,5.048387096774193,17.28,112.7674,1.23,70.62258064516129,69.1,78.66773986816406,412.882568359375,0.00913849734036698,0.006333143709938094,62.38709677419355,17.0,14.870967741935484,0.008333001053800748,135.05393981933594,0.011283839402801865,359.810302734375,0.003326139354511204,60.33000183105469,0.00546161457232186,77.31999969482422,-0.027561947636635442,141.3338165283203,1194.362597826087,70.62258064516129,17.28
2021-08-06,135.8383331298828,13560000,0.00999752760550332,0.010223873580549547,0.06190365839124068,0.08499240814256903,0.08838709677419354,272.8750322580645,5.035483870967742,16.15,113.3088,1.31,70.70322580645161,68.26,78.66773986816406,413.564697265625,0.0,0.0016521135996623304,62.483870967741936,17.0,14.838709677419354,-0.003765155953155075,134.54544067382812,0.0014875833145042705,360.3455505371094,-0.025692076988466983,58.779998779296875,-0.017330526942310964,75.9800033569336,-0.004302855841751607,140.72567749023438,1194.512043478261,70.70322580645161,16.15
2021-08-09,136.79591369628906,12374000,0.006622936139725644,0.022445256064741237,0.0498651598087998,0.08144075380669635,0.08741935483870968,272.9944516129032,4.9967741935483865,16.72,113.4521,1.33,70.94516129032257,66.56,78.52525329589844,413.2282409667969,-0.0018112452767095055,-0.0008135517877920773,62.774193548387096,17.0,14.741935483870968,0.008652837459753648,135.7096405029297,-0.005226713216675449,358.4621276855469,0.001190876085027659,58.849998474121094,0.028560122046207947,78.1500015258789,-0.03196376986181115,136.22755432128906,1194.9603804347828,70.94516129032257,16.72
2021-08-10,136.88958740234375,16034000,-0.005764114394557818,0.031152256622194008,0.04936387522912211,0.08150106184281336,0.08709677419354839,273.0342580645161,4.983870967741935,16.79,113.4973,1.36,71.0258064516129,68.33,78.67723846435547,413.74237060546875,0.0019354941509621693,0.0012441783685186447,62.87096774193548,17.0,14.709677419354838,-0.0007742413957843031,135.6045684814453,-0.0013273356480332232,357.986328125,-0.027357635299893546,57.2400016784668,-0.030070357367080858,75.80000305175781,-0.015092504779168125,134.17153930664062,1195.1098260869567,71.0258064516129,16.79
2021-08-11,136.4861602783203,15204000,-0.008130573027305243,0.03820539786603483,0.030732081374597486,0.08394973725949173,0.0867741935483871,273.07406451612906,4.970967741935484,16.06,113.282,1.35,71.10645161290323,69.3,78.8292007446289,414.7704162597656,0.0019314643375831775,0.002484748305551676,62.96774193548387,17.0,14.67741935483871,-0.0038594658861090814,135.08120727539062,-0.0032400164494322814,356.8264465332031,-0.007686974641927247,56.79999923706055,0.00963055010750602,76.52999877929688,0.01043174246616596,135.57118225097656,1195.2592717391306,71.10645161290323,16.06
2021-08-12,137.18003845214844,14646000,-0.010665688123030481,0.026977949732326145,0.03667525339449007,0.05951682442864925,0.08645161290322581,273.11387096774195,4.958064516129032,15.59,113.2691,1.36,71.18709677419355,69.12,78.97171783447266,416.0135192871094,0.001807922552778951,0.002997087011541444,63.064516129032256,17.0,14.64516129032258,0.006714236431400122,135.98817443847656,0.007473173590327953,359.4930725097656,-0.0007042414800112473,56.7599983215332,-0.016594755825475982,75.26000213623047,-0.009612041608622723,134.26806640625,1195.4087173913044,71.18709677419355,15.59
2021-08-13,137.19638061523438,12580000,0.00022410547437967665,0.0443949052095014,0.03612580246998709,0.06027191612516192,0.08612903225806451,273.15367741935484,4.945161290322581,15.45,113.0615,1.29,71.26774193548387,68.36,79.0191879272461,416.7705383300781,0.0006011024462320158,0.0018196981777562904,63.16129032258065,17.0,14.612903225806452,0.003888412197275981,136.51695251464844,0.001461561244866072,360.01849365234375,-0.01233257521039477,56.060001373291016,-0.0085038449572451,74.62000274658203,-0.020488801953589486,131.51707458496094,1195.5581630434783,71.26774193548387,15.45
2021-08-16,137.701904296875,18040000,0.01571821916326699,0.047176154687630145,0.04527919319465212,0.07723721559428887,0.08516129032258064,273.27309677419356,4.906451612903226,16.12,113.1698,1.26,71.50967741935483,67.44,79.15216827392578,417.751953125,0.0016828867793747815,0.002354808472917025,63.45161290322581,17.0,14.516129032258064,0.0042261038195328116,137.09388732910156,0.009306620295893353,363.3690490722656,0.004459507561109577,56.310001373291016,-0.029214690765682616,72.44000244140625,-0.01130268428164738,130.03057861328125,1196.0065000000002,71.50967741935483,16.12
2021-08-17,136.1005401611328,21272000,0.03713039486024128,0.059442557501918625,0.051514745526227035,0.08803669718599227,0.08483870967741935,273.31290322580645,4.893548387096774,17.91,113.6174,1.26,71.59032258064516,66.5,78.49676513671875,415.013427734375,-0.008280292902891118,-0.006555386204994185,63.54838709677419,17.0,14.483870967741936,-0.011915631050293363,135.4603271484375,-0.022124609164938858,355.32965087890625,-0.0037294067492161798,56.099998474121094,-0.008696919679455961,71.80999755859375,-0.027763350530247255,126.42049407958984,1196.155945652174,71.59032258064516,17.91
2021-08-18,135.37644958496094,14934000,0.04671579709313467,0.06789178261437545,0.035831254421901715,0.09157215523705897,0.08451612903225807,273.35270967741934,4.880645161290323,21.57,113.6959,1.27,71.67096774193548,65.36,77.89835357666016,410.47113037109375,-0.007623391346335495,-0.010944940716926643,63.645161290322584,17.0,14.451612903225806,-0.00887206438549104,134.25851440429688,-0.008369346452707038,352.35577392578125,-0.0347593048356627,54.150001525878906,0.002088866884538021,71.95999908447266,0.02107357026206169,129.08462524414062,1196.305391304348,71.67096774193548,21.57
2021-08-19,135.7169189453125,18296000,0.03804946154544964,0.05335840394749747,0.015363808730582074,0.08873122064988714,0.08419354838709678,273.3925161290323,4.867741935483871,21.67,114.1106,1.24,71.7516129032258,63.69,77.90785217285156,411.10662841796875,0.00012193577598607064,0.0015482161834390329,63.74193548387097,17.0,14.419354838709678,0.0017054664256328511,134.48748779296875,-0.0009283739451103612,352.0286560058594,-0.028624247609984832,52.599998474121094,-0.0152862491400233,70.86000061035156,-0.0013459122024566117,128.910888671875,1196.4548369565218,71.7516129032258,21.67
2021-08-20,137.2271270751953,15564000,0.04416090303499809,0.04578244044994739,0.008736820908236576,0.08864671399885049,0.08387096774193549,273.4323225806452,4.854838709677419,18.56,114.5009,1.26,71.83225806451613,62.25,78.58226776123047,414.37786865234375,0.0086565804289227,0.007957157604010057,63.83870967741935,17.0,14.387096774193548,0.012894365772112115,136.22161865234375,0.011967725086744707,356.24163818359375,0.02395441393121689,53.86000061035156,0.02624894996232685,72.72000122070312,-0.006664296171160489,128.05178833007812,1196.6042826086957,71.83225806451613,18.56
2021-08-23,139.8663330078125,21090000,0.030971124600164934,0.03132197576334139,-0.0011408117578778354,0.06274290115510328,0.08290322580645161,273.5517419354839,4.816129032258065,17.15,113.9418,1.25,72.0741935483871,65.65,79.53211975097656,418.02301025390625,0.01208735783284065,0.008796660915838528,64.12903225806451,17.0,14.290322580645162,0.01900593900589409,138.81063842773438,0.011074992679892537,360.18701171875,0.01615296921696574,54.72999954223633,0.038228805454219694,75.5,0.029172300006601537,131.787353515625,1197.0526195652174,72.0741935483871,17.15
2021-08-24,141.1540069580078,15126000,0.02151336297947748,0.01745084598746316,-0.004017006769996834,0.032865406815442144,0.08258064516129032,273.5915483870968,4.803225806451613,17.22,113.6795,1.29,72.15483870967742,67.5,79.78857421875,418.6865539550781,0.003224539576920815,0.0015873377419315382,64.2258064516129,17.0,14.258064516129032,0.008711683093524103,140.01991271972656,0.005944533614943515,362.3281555175781,0.008222195627686446,55.18000030517578,-0.011523215186517,74.62999725341797,0.026587575791819473,135.291259765625,1197.2020652173915,72.15483870967742,17.22
2021-08-25,141.70066833496094,12838000,0.020230883664934973,0.01373542978271125,-0.002217521249944121,0.02663157628362467,0.08225806451612903,273.6313548387097,4.790322580645161,16.79,113.6322,1.35,72.23548387096774,68.54,79.91207885742188,419.5650939941406,0.0015478988048247544,0.002098323986675643,64.3225806451613,17.0,14.225806451612904,0.005787162535846324,140.83023071289062,0.007879627743115458,365.18316650390625,0.017941244260498257,56.16999816894531,0.0008040357791321284,74.69000244140625,-0.023045079607978303,132.1734619140625,1197.3515108695653,72.23548387096774,16.79
2021-08-26,140.88087463378906,14922000,0.014747796679414282,-0.0014211337898738519,-0.004376151943149442,0.03232767981089957,0.08193548387096775,273.6711612903226,4.77741935483871,18.84,113.7883,1.34,72.31612903225806,67.42,79.21868133544922,417.0883483886719,-0.008677005177274988,-0.00590312597716558,64.41935483870968,17.0,14.193548387096774,-0.004493983931870282,140.1973419189453,-0.01088529959330864,361.2080383300781,0.019049377682071045,57.2400016784668,-0.04123713656952854,71.61000061035156,-0.0013875356148379536,131.9900665283203,1197.5009565217392,72.31612903225806,18.84
2021-08-27,143.28720092773438,24562000,0.0015529574132071566,-0.007509741258957203,-0.057879424565543625,-0.01206861850365315,0.08161290322580646,273.7109677419355,4.764516129032258,16.39,113.3404,1.31,72.39677419354838,68.84,80.47248077392578,420.8174743652344,0.01582706777417031,0.008940853876568733,64.51612903225806,17.0,14.161290322580646,0.018124236978058095,142.73831176757812,0.02264113960171721,369.3861999511719,-0.0003494139968063248,57.220001220703125,0.021086470093008014,73.12000274658203,0.031153971496980182,136.10208129882812,1197.650402173913,72.39677419354838,16.39
2021-08-30,144.19815063476562,16916000,0.0003403113383144696,-0.01418493000655019,-0.07526319632345235,0.004430290672019721,0.08064516129032258,273.8303870967742,4.725806451612903,16.19,113.246,1.29,72.63870967741936,69.28,81.02340698242188,422.6680603027344,0.006846144212253602,0.004397597652738838,64.80645161290323,17.0,14.064516129032258,0.004072800058324777,143.3196563720703,0.021549486712997723,377.3462829589844,-0.01275776872881651,56.4900016784668,0.019009837765814552,74.51000213623047,-0.010425708099008224,134.68312072753906,1198.0987391304348,72.63870967741936,16.19
2021-08-31,144.19070434570312,26756000,-0.003976959224659571,-0.0017599534037230358,-0.08384663102948864,-0.02069265399618736,0.08032258064516129,273.87019354838714,4.712903225806452,16.48,113.1076,1.3,72.71935483870968,68.43,81.32737731933594,422.0417785644531,0.0037516360794358494,-0.0014817342427830837,64.90322580645162,17.0,14.03225806451613,0.0007399444477389494,143.4257049560547,-0.003362506543733601,376.07745361328125,-0.016286102961708182,55.56999969482422,0.021473606606476014,76.11000061035156,-0.014978599330455089,132.66575622558594,1198.2481847826089,72.71935483870968,16.48
2021-09-01,144.56739807128906,15824000,-0.006366650908361304,-0.01006916661151791,-0.06431267348780689,-0.028962984236733824,0.08,273.91,4.7,16.11,112.8732,1.31,72.8,68.63,81.7358169555664,422.26611328125,0.005022166577765219,0.0005315462311810126,65.0,17.0,14.0,0.0035799597576351427,143.9391632080078,0.007037721858079271,378.72418212890625,0.02555339196402473,56.9900016784668,-0.025489455076188716,74.16999816894531,0.008585428086156366,133.80474853515625,1198.3976304347827,72.8,16.11
2021-09-02,142.95855712890625,21844000,-0.01593393996242043,-0.019106233239818637,-0.07248681066315776,-0.003068012447950297,0.08,273.99800000000005,4.693333333333333,16.41,112.7863,1.29,72.76333333333334,70.07,81.18489074707031,423.56536865234375,-0.006740327912738597,0.0030768639259204367,64.76666666666667,17.266666666666666,14.066666666666666,-0.013280333274074518,142.02760314941406,-0.01772017707606599,372.01312255859375,-0.001930173839477578,56.880001068115234,-0.0033706351108510058,73.91999816894531,0.06124669689730711,141.99984741210938,1198.5470760869566,72.76333333333334,16.41
2021-09-03,143.5097198486328,19104000,-0.009048646509488,-0.0397720246765223,-0.05938871370528165,-0.015572480027491564,0.08,274.086,4.6866666666666665,16.41,112.5476,1.33,72.72666666666666,69.34,81.18489074707031,423.46240234375,0.0,-0.00024309425702429,64.53333333333333,17.533333333333335,14.133333333333333,0.0031581703368561698,142.4761505126953,0.0026114578307065983,372.984619140625,-0.0050984688832910185,56.59000015258789,0.015692690622883587,75.08000183105469,0.0073413121841992,143.0423126220703,1198.6965217391305,72.72666666666666,16.41
2021-09-07,144.24722290039062,15170000,-0.014520299922165414,-0.04035548744121953,-0.056109525200811694,-0.011836922770317448,0.08,274.43800000000005,4.66,18.14,112.9795,1.38,72.58,68.49,81.37484741210938,421.9484558105469,0.0023398031738548486,-0.0035751616314076973,63.6,18.6,14.4,0.0037637149943607895,143.01239013671875,0.015733728469083497,378.8530578613281,-0.01502029460733656,55.7400016784668,0.01877991473531959,76.48999786376953,0.07537617523258233,153.8242950439453,1199.2943043478263,72.58,18.14
2021-09-08,143.6172637939453,15486000,0.00222585796731245,-0.027228564589351523,-0.03932809475801413,0.021762303655687543,0.08,274.526,4.653333333333333,17.96,113.2319,1.35,72.54333333333334,69.36,80.95691680908203,421.4343566894531,-0.005135869575408236,-0.0012183931805276327,63.36666666666667,18.866666666666667,14.466666666666667,-0.004086013703979541,142.42803955078125,-0.012062340903688407,374.283203125,-0.023860814334501268,54.40999984741211,-0.03085371520802993,74.12999725341797,-0.006714294741142046,152.79147338867188,1199.4437500000001,72.54333333333334,17.96
2021-09-09,143.64698791503906,14798000,-0.0037262393684163175,-0.021302204821750936,-0.033519902010282765,0.026270948876514266,0.08,274.61400000000003,4.6466666666666665,18.8,113.043,1.3,72.50666666666666,68.26,80.55796813964844,419.6305236816406,-0.004927913329189959,-0.004280222955675428,63.13333333333333,19.133333333333333,14.533333333333333,-0.0010436928256242206,142.27938842773438,0.0011387326295575484,374.70941162109375,0.013049055071931326,55.119998931884766,0.006610083789548193,74.62000274658203,-0.0036640114758889064,152.2316436767578,1199.593195652174,72.50666666666666,18.8
2021-09-10,140.6806640625,32896000,-0.003223658864199619,0.005016894354318069,-0.021656466711093558,0.043580622600776,0.08,274.702,4.640000000000001,20.95,112.9425,1.35,72.47,69.82,80.0355453491211,416.32196044921875,-0.0064850542111701825,-0.007884467515361093,62.9,19.4,14.6,-0.01856619101966861,139.63780212402344,0.0018254705509916924,375.3934326171875,-0.015965117388798133,54.2400016784668,-0.0016081846980035008,74.5,0.04229264062807436,158.669921875,1199.742641304348,72.47,20.95
2021-09-13,142.21115112304688,20176000,-0.031003921694858882,-0.01368945112366482,-0.047063879098063865,0.03631564547020094,0.08,274.966,4.62,19.37,113.0341,1.33,72.36,70.54,80.2350082397461,417.387451171875,0.002492178815736601,0.0025592950261537073,62.2,20.2,14.8,0.010338855570622085,141.0814971923828,-0.005756493106353622,373.23248291015625,0.01640854281171178,55.130001068115234,-0.04348990421167154,71.26000213623047,-0.014417913502135726,156.38223266601562,1200.1909782608695,72.36,19.37
2021-09-14,142.1527099609375,18916000,-0.0262158495167516,-0.05036055782879567,-0.03839452475923455,0.023000777147567764,0.08,275.05400000000003,4.613333333333333,19.46,113.0061,1.28,72.32333333333334,70.53,79.5416030883789,415.13494873046875,-0.008642177106721993,-0.005396670252260871,61.96666666666667,20.466666666666665,14.866666666666667,0.0014891978805346984,141.29159545898438,5.298410918253005e-05,373.25225830078125,-0.01269727461232184,54.43000030517578,0.0007015916483934515,71.30999755859375,-0.028701784212696535,151.89378356933594,1200.3404239130437,72.32333333333334,19.46
2021-09-15,143.9369354248047,20648000,-0.02938900680172296,-0.07358499386889772,-0.02612813182076512,-0.001621744650802781,0.08,275.142,4.6066666666666665,18.18,112.9773,1.31,72.28666666666666,72.59,79.93107604980469,418.6024475097656,0.004896468593838188,0.008352702632965281,61.733333333333334,20.733333333333334,14.933333333333334,0.013224314517792601,143.1600799560547,-0.006931638585758959,370.6650085449219,-0.0036744582365992873,54.22999954223633,0.032393847525940656,73.62000274658203,0.00972282817307657,153.37062072753906,1200.4898695652175,72.28666666666666,18.18
2021-09-16,143.11172485351562,20292000,-0.017641702660313396,-0.07693936541006097,-0.018691178242386974,0.020744708640714205,0.08,275.23,4.6000000000000005,18.69,113.3036,1.34,72.25,72.69,79.8550796508789,417.93890380859375,-0.0009507741254280999,-0.0015851405196487534,61.5,21.0,15.0,-0.005674185811998744,142.34776306152344,-0.0023000257452051587,369.8124694824219,-0.0003688080017056894,54.209999084472656,-0.015484913707115577,72.4800033569336,0.00736362680358571,154.49998474121094,1200.6393152173914,72.25,18.69
2021-09-17,140.22715759277344,60040000,0.008267203863534522,-0.035351749801712296,0.010582238574909253,0.023857752080076455,0.08,275.31800000000004,4.593333333333334,20.81,113.5989,1.37,72.21333333333334,72.09,78.97171783447266,413.86767578125,-0.01106206167808299,-0.00974120377462706,61.266666666666666,21.266666666666666,15.066666666666666,-0.019566823666191002,139.56246948242188,-0.02235572410167841,361.5450439453125,0.010330222887818152,54.77000045776367,0.0314569353435159,74.76000213623047,-0.01824309396521251,151.68142700195312,1200.7887608695653,72.21333333333334,20.81
2021-09-20,137.8020477294922,34918000,0.017868462998816836,-0.03777955806641464,0.03456407627288027,0.027233986952711176,0.08,275.582,4.573333333333333,25.71,113.9422,1.31,72.10333333333334,70.41,77.38462829589844,406.9667663574219,-0.02009693573971394,-0.01667419281006044,60.56666666666667,22.066666666666666,15.266666666666667,-0.014776251026910603,137.50025939941406,-0.02473118334027169,352.6036071777344,-0.041263504059549705,52.5099983215332,-0.04052967753766912,71.7300033569336,-0.036146029100474264,146.19874572753906,1201.237097826087,72.10333333333334,25.71
2021-09-21,138.42605590820312,18130000,-0.02479472304007213,-0.024844988199812845,0.019824975831937985,0.01972841381454149,0.08,275.67,4.566666666666666,24.36,113.8179,1.33,72.06666666666666,70.51,77.06109619140625,406.5823669433594,-0.004180831666659723,-0.0009445474319760283,60.333333333333336,22.333333333333332,15.333333333333334,0.0022598501401087656,137.8109893798828,0.005004277696734061,354.3681335449219,-0.0017139622065267535,52.41999816894531,0.06078339295847224,76.08999633789062,0.003036963429002837,146.6427459716797,1201.386543478261,72.06666666666666,24.36
2021-09-22,139.70677185058594,22068000,-0.04553419173786999,-0.025433213376885977,0.013069278425325681,0.02328660132464333,0.08,275.75800000000004,4.5600000000000005,20.87,113.6223,1.32,72.03,72.37,77.02305603027344,410.5484619140625,-0.0004936363873974114,0.009754714648644969,60.1,22.6,15.4,0.00899421707007897,139.0504913330078,-0.039918411530894704,340.2223205566406,0.033575013309961044,54.18000030517578,0.032987281601176255,78.5999984741211,0.011387584194130218,148.31265258789062,1201.535989130435,72.03,20.87
2021-09-23,140.5869903564453,17272000,-0.06036256110456939,-0.018621352624716647,-0.022573375681295804,0.036118052307758,0.08,275.846,4.553333333333334,18.63,113.513,1.41,71.99333333333334,73.43,77.81277465820312,415.5366516113281,0.010253016027035988,0.012150063049827686,59.86666666666667,22.866666666666667,15.466666666666667,0.006647563161890746,139.97483825683594,0.008012626021390412,342.9483947753906,-0.002953116399241229,54.02000045776367,0.009796492206223917,79.37000274658203,0.007289334018394156,149.3937530517578,1201.6854347826088,71.99333333333334,18.63
2021-09-24,141.38644409179688,14950000,-0.043261303648581606,-0.018067426139408815,-0.027062556888687195,0.03161602615697867,0.08,275.934,4.546666666666667,17.75,113.7597,1.47,71.95666666666666,74.18,78.45027160644531,416.22113037109375,0.008192702946816066,0.0016472163336529455,59.63333333333333,23.133333333333333,15.533333333333333,0.007074047099921987,140.96502685546875,0.020233529307023046,349.887451171875,0.0033321048435850376,54.20000076293945,0.0471210499476844,83.11000061035156,0.03967175276786494,155.32046508789062,1201.8348804347827,71.95666666666666,17.75
2021-09-27,140.2643585205078,18844000,-0.05467113196658313,-0.01875273664611876,-0.012925835734329483,0.04638099118126826,0.08,276.19800000000004,4.526666666666666,18.76,113.7432,1.48,71.84666666666666,75.54,78.44075775146484,415.0303649902344,-0.00012127242883486211,-0.002860896033312188,58.93333333333333,23.933333333333334,15.733333333333333,-0.008037206909854655,139.83206176757812,0.0017565462945325905,350.5020446777344,-0.007933584854666775,53.77000045776367,-0.03645769169828983,80.08000183105469,0.02318057758057157,158.92088317871094,1202.2832173913043,71.84666666666666,18.76
2021-09-28,134.9938201904297,42190000,-5.1543158069655703e-05,0.003884048240326843,0.07521808351008907,0.07536841772112557,0.08,276.286,4.5200000000000005,23.25,114.2469,1.54,71.81,75.44,76.52825927734375,406.66668701171875,-0.024381438029713265,-0.02015196641988448,58.7,24.2,15.8,-0.03715819910751095,134.6361541748047,-0.03656890040975158,337.6845703125,-0.03384786459605538,51.95000076293945,-0.07067936479385106,74.41999816894531,-0.04950178295059671,151.05401611328125,1202.4326630434784,71.81,23.25
2021-09-29,133.3453369140625,26338000,0.021059925025060267,0.025118893410169596,0.0862914410476352,0.08908263263652727,0.08,276.374,4.513333333333334,22.56,114.7092,1.55,71.77333333333334,75.06,76.46168518066406,407.3512268066406,-0.0008699282762778537,0.0016832944934634941,58.46666666666667,24.466666666666665,15.866666666666667,-0.010870271088109451,133.17262268066406,-0.0030529817316340413,336.65362548828125,-0.030413894280091003,50.369998931884766,-0.03574302738729218,71.76000213623047,-0.02626381436754832,147.08676147460938,1202.5821086956523,71.77333333333334,22.56
2021-09-30,132.10079956054688,35294000,0.044422674908441984,0.06113008148675392,0.11259497412490038,0.09557627165239091,0.08,276.462,4.506666666666667,23.14,114.6403,1.52,71.73666666666666,75.22,76.22380828857422,402.3724365234375,-0.0031110600234325325,-0.01222235249475856,58.233333333333334,24.733333333333334,15.933333333333334,-0.005042737402867092,132.50106811523438,-0.0006476927001360933,336.4355773925781,0.011514827146195117,50.95000076293945,0.029403575077184385,73.87000274658203,0.03025350542840588,151.53665161132812,1202.7315543478262,71.73666666666666,23.14
2021-10-01,135.26988220214844,28388000,0.02633308091880382,0.038197090212832574,0.053578621748987976,0.06021411956417144,0.08,276.55,4.5,21.15,114.3798,1.48,71.7,76.01,77.50830078125,407.1542663574219,0.01685159166822059,0.01188408896817128,58.0,25.0,16.0,0.021447581012000727,135.3428955078125,0.010666144427398327,340.0240478515625,0.03277719615188013,52.619998931884766,0.01868142956691332,75.25,0.010446469909796585,153.1196746826172,1202.881,71.7,21.15
2021-10-04,132.595947265625,31530000,0.03799566112392827,0.0687436362230327,0.09044215936646705,0.08454755271923164,0.08,276.7792580645161,4.461290322580645,22.96,114.2739,1.49,71.28387096774193,77.68,75.83369445800781,401.9036560058594,-0.02160550942754369,-0.012895874574855193,58.96774193548387,24.419354838709676,16.096774193548388,-0.021117874611379372,132.4847412109375,-0.04891971823856378,323.3901672363281,-0.05701254391668509,49.619998931884766,-0.05342188229988576,71.2300033569336,-0.037697918982553924,147.34738159179688,1204.8300217391304,71.28387096774193,22.96
2021-10-05,134.9868621826172,24126000,0.00393579426166224,0.05614017477422428,0.07793523743121433,0.06050585661062069,0.08,276.85567741935483,4.448387096774193,21.3,114.3654,1.54,71.14516129032259,79.17,76.9659652709961,406.0854187011719,0.014930972585217583,0.010404888417465674,59.29032258064516,24.225806451612904,16.129032258064516,0.017682769518526875,134.8274383544922,0.02062952864573231,330.0615539550781,0.00765822402851879,50.0,0.03060508497032921,73.41000366210938,0.01211932864691545,149.1331329345703,1205.479695652174,71.14516129032259,21.3
2021-10-06,136.15357971191406,19764000,0.00397524991984155,0.0368464010993661,0.08248024394592779,0.0021804421200541935,0.08,276.93209677419355,4.435483870967742,21.0,114.7185,1.53,71.00645161290323,77.66,77.09917449951172,407.7730712890625,0.0017307549908143205,0.004155905408493643,59.61290322580645,24.032258064516128,16.161290322580644,0.01133651220437737,136.3559112548828,0.002042354752092246,330.73565673828125,0.007200012207031259,50.36000061035156,-0.003814281361164573,73.12999725341797,0.018187586975470404,151.8455047607422,1206.1293695652175,71.00645161290323,21.0
2021-10-07,137.9690704345703,18250000,0.015996786530679596,0.025828746283568904,0.07224521814508633,-0.011743496224980943,0.08,277.0085161290323,4.422580645161291,19.54,114.5044,1.58,70.86774193548388,78.46,77.43217468261719,411.2986145019531,0.00431911476701452,0.008645846087250497,59.935483870967744,23.838709677419356,16.193548387096776,0.01206706951405967,138.00132751464844,-0.013247925314457731,326.3540954589844,0.02879270741393536,51.810001373291016,0.043074000330714846,76.27999877929688,0.01665483074803853,154.3744659423828,1206.779043478261,70.86774193548388,19.54
2021-10-08,138.8319549560547,18924000,0.011559609170355811,-0.01021729867073562,0.06637001674233667,-0.021787568949620306,0.08,277.084935483871,4.409677419354838,18.77,114.5986,1.61,70.72903225806452,79.55,77.05160522460938,410.5484619140625,-0.004914874980170847,-0.001823863639314749,60.25806451612903,23.64516129032258,16.225806451612904,0.0040258490245801415,138.55690002441406,0.0025210466719987057,327.1768493652344,-0.0032812580416223813,51.63999938964844,-0.016780267432886742,75.0,-0.014943731321818476,152.06753540039062,1207.4287173913044,70.72903225806452,18.77
2021-10-11,137.63401794433594,16584000,0.02962245050794432,-0.0005365863771583657,0.07490967555038619,-0.0019697376369778308,0.08,277.3141935483871,4.370967741935484,20.0,114.7153,1.5950000000000002,70.31290322580645,80.64,75.8907699584961,407.57623291015625,-0.015065685688564034,-0.007239654461373646,61.225806451612904,23.06451612903226,16.322580645161292,-0.006234702738240783,137.6930389404297,-0.01393722242965656,322.6169128417969,-0.01374901419179686,50.93000030517578,-0.019600016276041687,73.52999877929688,-0.012060629157553127,150.23350524902344,1209.377739130435,70.31290322580645,20.0
2021-10-12,135.5181427001953,22536000,0.05199972031175104,0.021644199841082123,0.0725099667087663,0.02417118992599865,0.08,277.3906129032258,4.358064516129033,19.85,114.7542,1.59,70.1741935483871,80.75,75.18667602539062,406.572998046875,-0.009277728154432063,-0.002461465567111243,61.54838709677419,22.870967741935484,16.35483870967742,-0.017744752212774828,135.2497100830078,-0.005162175965195526,320.9515075683594,0.009424691524840823,51.40999984741211,0.023527857822033482,75.26000213623047,0.020303476552156807,153.2837677001953,1210.0274130434784,70.1741935483871,19.85
2021-10-13,136.69482421875,16380000,0.032740997531711,0.06183827705562761,0.0641622328550353,0.02717886344395981,0.08,277.46703225806453,4.34516129032258,18.64,114.4705,1.56,70.03548387096775,80.67,75.53873443603516,408.03558349609375,0.004682457441337551,0.0035973501837180955,61.87096774193548,22.677419354838708,16.387096774193548,0.008303506708522645,136.3727569580078,0.002378543794919752,321.71490478515625,0.0031122320149192806,51.56999969482422,-0.004119122763604599,74.94999694824219,0.0010075052722060551,153.43820190429688,1210.6770869565219,70.03548387096775,18.64
2021-10-14,140.17613220214844,21426000,0.00967715634855737,0.03335636329634206,0.05822306291686474,-0.016130371869497062,0.08,277.5434516129032,4.332258064516129,16.86,114.2053,1.52,69.8967741935484,81.43,76.6043930053711,414.89898681640625,0.014107445369478944,0.01682059996215557,62.193548387096776,22.483870967741936,16.419354838709676,0.025940871569513302,139.91038513183594,0.012294210352274293,325.6701354980469,0.01842157782744369,52.52000045776367,0.022548399068959446,76.63999938964844,-0.012267339026540647,151.55592346191406,1211.3267608695653,69.8967741935484,16.86
2021-10-15,140.43679809570312,21250000,-0.021528051974072038,0.04655394926326095,0.05444145843623627,-0.013329688408944884,0.08,277.6198709677419,4.319354838709677,16.3,114.0905,1.59,69.75806451612904,82.39,76.4236068725586,418.058837890625,-0.0023599969364658246,0.007615952736989895,62.516129032258064,22.29032258064516,16.451612903225808,0.0015373261278806005,140.12547302246094,-0.011475455460631334,321.93292236328125,0.0028560112314215402,52.66999816894531,0.009133571944374808,77.33999633789062,0.019170955086344366,154.46139526367188,1211.9764347826087,69.75806451612904,16.3
2021-10-18,141.71107482910156,16564000,-0.029291355166376154,0.005690319028053503,0.04277779997086295,-0.046656158270699466,0.08,277.8491290322581,4.280645161290322,16.31,113.9899,1.59,69.34193548387097,82.62,77.0135498046875,419.2965393066406,0.0077193809121398616,0.0029605914379435827,63.483870967741936,21.70967741935484,16.548387096774192,0.009974014683016286,141.52308654785156,0.03257776162473802,332.4207763671875,0.017467287177257207,53.59000015258789,-0.019911990678209257,75.80000305175781,-0.011186154161968553,152.7335662841797,1213.9254565217393,69.34193548387097,16.31
2021-10-19,142.56504821777344,15316000,-0.028855065153128856,0.0141911560167709,0.03643388525681357,-0.05680657996993088,0.08,277.9255483870968,4.267741935483871,15.7,113.647,1.65,69.20322580645161,83.19,77.7557144165039,422.5312805175781,0.009636805649117619,0.00771468616527704,63.806451612903224,21.516129032258064,16.580645161290324,0.0032146048181658227,141.97802734375,0.013866636603895977,337.03033447265625,0.03713382483300287,55.58000183105469,0.008311309077227769,76.43000030517578,0.015546857415225768,155.10809326171875,1214.5751304347827,69.20322580645161,15.7
2021-10-20,141.17034912109375,17940000,0.028174808198241585,0.030719951057855077,0.058238234105152165,-0.06255320620769711,0.08,278.00196774193546,4.254838709677419,15.49,113.5083,1.65,69.06451612903226,84.4,77.90792846679688,424.19091796875,0.0019575931034163663,0.003927845174300337,64.12903225806451,21.322580645161292,16.612903225806452,-0.010248507416489305,140.52296447753906,0.002323654608328063,337.8134765625,0.12774376106900465,62.68000030517578,-0.010205400708915735,75.6500015258789,-0.009521341711752007,153.63125610351562,1215.2248043478262,69.06451612903226,15.49
2021-10-21,141.5326385498047,14850000,0.023452255801665434,0.04133973400630464,0.05023091519870171,-0.08886717812969958,0.08,278.0783870967742,4.241935483870967,15.01,113.6188,1.68,68.92580645161291,82.64,78.13629150390625,425.2973937988281,0.0029311912356480008,0.002608438283819181,64.45161290322581,21.129032258064516,16.64516129032258,0.0008253601544436773,140.63894653320312,0.003227886569476812,338.9039001464844,-0.021218918707389678,61.349998474121094,-0.007138148111505593,75.11000061035156,0.10285241575157378,169.43260192871094,1215.8744782608696,68.92580645161291,15.01
2021-10-22,137.41346740722656,30182000,0.06957992140161884,0.07658062063872095,0.06098109283752229,-0.0595347591462978,0.08,278.1548064516129,4.229032258064516,15.43,113.67,1.66,68.78709677419356,84.53,76.48069763183594,424.8566589355469,-0.021188539156450026,-0.0010362980580354009,64.7741935483871,20.935483870967744,16.677419354838708,-0.030443703825380197,136.3573760986328,-0.0505148802772899,321.7842102050781,-0.05362668594389419,58.060001373291016,-0.2658767282442398,55.13999938964844,-0.03537844917139732,163.43833923339844,1216.524152173913,68.78709677419356,15.43
2021-10-25,137.56016540527344,21082000,0.03603725420661652,0.0762289627574404,0.05753275350152509,-0.08674232899023349,0.08,278.384064516129,4.190322580645161,15.24,113.605,1.64,68.37096774193549,84.64,76.81371307373047,427.1350402832031,0.004354241687198002,0.00536270598503652,65.74193548387096,20.35483870967742,16.774193548387096,-0.0008685904942719036,136.2389373779297,0.012568965476362548,325.8287048339844,-0.12710990171471492,50.68000030517578,-0.01160680806551817,54.5,-0.009863137242270725,161.82632446289062,1218.4731739130436,68.37096774193549,15.24
2021-10-26,138.45132446289062,28258000,0.04432522852697285,0.06856426362967682,0.05044301312849453,-0.07468943233439274,0.08,278.4604838709677,4.177419354838709,15.98,113.674,1.63,68.23225806451613,85.64,76.12865447998047,427.5195007324219,-0.008918441334718974,0.0009000911022514213,66.06451612903226,20.161290322580644,16.806451612903224,0.013543400919857618,138.08407592773438,-0.03918568891016039,313.0608825683594,-0.05505132002223789,47.88999938964844,0.01633026403024651,55.38999938964844,-0.02654342814307742,157.53089904785156,1219.122847826087,68.23225806451613,15.98
2021-10-27,145.14779663085938,51850000,0.0024753989684629385,0.0013555981525599226,-0.024732544006216717,-0.11819175926679326,0.08,278.53690322580644,4.164516129032258,16.98,113.6218,1.54,68.09354838709677,82.66,75.91932678222656,425.62554931640625,-0.002749657132176897,-0.004430093627942,66.38709677419355,19.967741935483872,16.838709677419356,0.04959479430747282,144.9323272705078,-0.011367682944839586,309.5021057128906,-0.052829375893534536,45.36000061035156,-0.060841288482024525,52.02000045776367,-0.029044033070691477,152.95556640625,1219.7725217391305,68.09354838709677,16.98
2021-10-28,144.85189819335938,32418000,0.017477589309359498,0.00423585175372132,-0.0001029177877542864,-0.08786419149913816,0.08,278.61332258064516,4.151612903225806,16.53,113.4389,1.57,67.95483870967742,82.78,76.1667251586914,429.7322998046875,0.0032587008730267097,0.009648740529972999,66.70967741935483,19.774193548387096,16.870967741935484,-0.0025200338798003763,144.5670928955078,0.015053494140319756,314.16119384765625,0.005511463770636382,45.61000061035156,0.04555937929698839,54.38999938964844,-0.015145804669069451,150.63893127441406,1220.422195652174,67.95483870967742,16.53
2021-10-29,146.9746856689453,28954000,0.00654527922320014,0.009273231588475817,-0.039242605973152545,-0.08479098035710264,0.08,278.6897419354839,4.138709677419355,16.26,114.1349,1.55,67.81612903225808,83.5,76.40457153320312,430.604248046875,0.003122707114112888,0.00202904981213603,67.03225806451613,19.580645161290324,16.903225806451612,0.015063620730036531,146.7447967529297,0.020982989448472766,320.75323486328125,-0.02126729242978731,44.63999938964844,-0.033278131621715556,52.58000183105469,-0.03383314055435871,145.54234313964844,1221.0718695652174,67.81612903225808,16.26
2021-11-01,142.5174560546875,32272000,0.03879369046589165,0.039047330071100506,-0.01499578587806627,-0.04100546208446576,0.08,278.919,4.1,16.41,114.2067,1.58,67.4,84.08,76.52825927734375,431.3450012207031,0.0016188526636378153,0.0017202644358200736,68.0,19.0,17.0,-0.03072693576950225,142.23577880859375,0.019810489416144383,327.1075134277344,0.01388886515147525,45.2599983215332,0.026626049114261807,53.97999954223633,0.021952424671032977,148.7373504638672,1223.020891304348,67.4,16.41
2021-11-02,144.5882110595703,21150000,0.02321023608411088,0.022027741811636137,-0.014304434284925449,0.014900905291442834,0.08,278.9832,4.093333333333333,16.03,114.2847,1.56,67.50666666666667,83.91,76.53779602050781,433.0889892578125,0.0001246172754236774,0.004043139556906716,68.03333333333333,19.0,17.0,0.013487972619186994,144.1542510986328,-0.0057579964060803235,325.2240295410156,-0.020106051285007753,44.349998474121094,-0.032975153656756295,52.20000076293945,-0.03595286700354783,143.3898162841797,1223.6705652173914,67.50666666666667,16.03
2021-11-03,145.50709533691406,17886000,-0.0011170357068663872,0.01547794960818294,-0.029085713824302584,-0.028200118016521225,0.08,279.0474,4.086666666666666,15.1,114.3593,1.6,67.61333333333334,80.82,76.81371307373047,435.733154296875,0.0036049777700513097,0.006105361957120747,68.06666666666666,19.0,17.0,0.008014147544698869,145.3095245361328,0.010789963086029974,328.7331848144531,0.007440853267385084,44.68000030517578,0.014176204079577426,52.939998626708984,0.029552222764346103,147.62730407714844,1224.3202391304349,67.61333333333334,15.1
2021-11-04,147.38356018066406,24700000,-0.013014279326413969,0.013626355468603135,-0.03286513442639449,-0.038114577713533215,0.08,279.1116,4.08,15.44,114.3558,1.53,67.72,78.88,77.11820220947266,437.7864990234375,0.003963994494705858,0.00471239038460558,68.1,19.0,17.0,0.011388107010339654,146.96432495117188,0.012755654070872646,332.9263916015625,-0.023276654172423306,43.63999938964844,-0.01284473598064495,52.2599983215332,0.026415561995815295,151.52696228027344,1224.9699130434783,67.72,15.44
2021-11-05,147.93667602539062,20408000,0.0027102132627168096,0.00476742149551046,-0.008070816234627132,-0.06903607133360523,0.08,279.1758,4.073333333333333,16.48,114.0732,1.45,67.82666666666667,81.25,77.73666381835938,439.3054504394531,0.008019658020642417,0.0034696168552568185,68.13333333333334,19.0,17.0,0.003942291579236201,147.543701171875,0.015721310892362617,338.1604309082031,0.05912011611225343,46.220001220703125,0.017412932962861394,53.16999816894531,0.023888595012260705,155.146728515625,1225.6195869565217,67.82666666666667,16.48
2021-11-08,148.04623413085938,18388000,0.0002441674487789758,-0.015219186923426276,-0.004225055393750621,-0.06788349801151428,0.08,279.3684,4.053333333333333,17.22,113.8256,1.51,68.14666666666668,81.96,77.39411926269531,439.6804504394531,-0.004406473584516735,0.0008536201852831216,68.23333333333333,19.0,17.0,0.0012025535336954718,147.72113037109375,-0.007357925269390608,335.6722717285156,0.007356125997582064,46.560001373291016,0.03253720926294901,54.900001525878906,-0.029988111367609704,150.49417114257812,1227.5686086956523,68.14666666666668,17.22
2021-11-09,147.9441375732422,16876000,-0.0011556708785480652,-0.016693848912096465,-0.0076550690117555,-0.05223168246186671,0.08,279.4326,4.046666666666666,17.78,113.762,1.46,68.25333333333333,84.12,77.20382690429688,438.2271423339844,-0.002458744413804115,-0.003305373491171104,68.26666666666667,19.0,17.0,-0.0007548766394396278,147.609619140625,-0.009597875648370224,332.4505310058594,0.0017181704037343426,46.63999938964844,-0.0014572282118603397,54.81999969482422,-0.0020526654436180403,150.1852569580078,1228.2182826086957,68.25333333333333,17.78
2021-11-10,145.3445587158203,22708000,0.016613543236061457,0.0006238123078734503,0.013974256561551268,-0.05472100041772954,0.08,279.4968,4.04,18.73,114.1484,1.56,68.36,81.23,76.32846069335938,434.70172119140625,-0.011338378498032431,-0.008044734800774389,68.3,19.0,17.0,-0.02031323136109453,144.61119079589844,-0.023049111053606075,324.787841796875,-0.016723816241515532,45.86000061035156,-0.03538851947297894,52.880001068115234,-0.009897748965434827,148.69876098632812,1228.8679565217392,68.36,18.73
2021-11-11,145.46546936035156,12464000,0.026991915117916543,-0.026862368191246877,-0.00029654183133198675,-0.08598401904916753,0.08,279.561,4.033333333333333,17.66,114.3314,1.57,68.46666666666667,81.47,76.17622375488281,434.8423767089844,-0.0019944976892454225,0.00032356788740717235,68.33333333333333,19.0,17.0,-0.0008704011790775512,144.48532104492188,0.0003052811668675659,324.8869934082031,-0.01853472039916404,45.0099983215332,0.007753400891274298,53.290000915527344,-0.027913042032721602,144.54812622070312,1229.5176304347826,68.46666666666667,17.66
2021-11-12,148.33761596679688,17048000,0.0020516478296352947,-0.023599041871720017,-0.031240285660972145,-0.09586312911628236,0.08,279.6252,4.026666666666666,16.29,114.5144,1.58,68.57333333333334,80.87,77.2894515991211,438.1240234375,0.014613849169268223,0.007546750050793305,68.36666666666666,19.0,17.0,0.019973619150511324,147.3712158203125,0.0401233451723233,337.92254638671875,0.02110643853290184,45.959999084472656,0.007693748177299176,53.70000076293945,-0.01869788008283657,141.8453826904297,1230.167304347826,68.57333333333334,16.29
2021-11-15,148.08238220214844,16248000,-0.015459579646083799,-0.046429332839553306,-0.013518463734219388,-0.08677060158415584,0.08,279.8178,4.006666666666667,16.49,114.5876,1.63,68.89333333333333,80.85,77.50830078125,438.2740783691406,0.002831553046384938,0.0003424941879774934,68.46666666666667,19.0,17.0,-0.0015199645479658797,147.147216796875,0.019566431856238964,344.53448486328125,0.04308093084591169,47.939998626708984,0.034078174866998934,55.529998779296875,0.010003464938980633,143.2643280029297,1232.1163260869566,68.89333333333333,16.49
2021-11-16,147.77316284179688,17254000,-0.01555615582982306,-0.0500284889341297,-0.028425327085799923,-0.07773565532086346,0.08,279.882,4.0,16.37,115.136,1.63,69.0,80.76,76.92790222167969,440.0086669921875,-0.0074882116330786674,0.003957771423538148,68.5,19.0,17.0,-0.003880046954198968,146.57627868652344,-0.013235242795516577,339.9744873046875,0.01773054470520563,48.790000915527344,-0.007563446392545248,55.11000061035156,-0.011251818756283338,141.65234375,1232.766,69.0,16.37
2021-11-17,147.75924682617188,15290000,-0.01572842604210234,-0.035458277181405595,-0.04198924981024521,-0.11239287244863716,0.08,279.94620000000003,3.993333333333333,17.11,115.0263,1.6,69.10666666666667,78.32,76.63291931152344,438.93975830078125,-0.0038345372957943047,-0.002429290083563851,68.53333333333333,19.0,17.0,0.0011562537378893012,146.74575805664062,-0.0063856540820682595,337.80352783203125,-0.027054717566199704,47.470001220703125,-0.009980025965690809,54.560001373291016,0.005860290619915665,142.4824676513672,1233.4156739130435,69.10666666666667,17.11
2021-11-18,149.39186096191406,26658000,-0.05243885810238347,-0.05433323681163815,-0.055122671924800914,-0.1343084578029109,0.08,280.0104,3.9866666666666664,17.59,115.0678,1.59,69.21333333333334,78.92,76.08106231689453,440.4305725097656,-0.007201304603645986,0.003396398209074558,68.56666666666666,19.0,17.0,0.012101115405531493,148.52154541015625,-0.006103722906898201,335.7416687011719,-0.030966951398813336,46.0,-0.019978008158949234,53.470001220703125,-0.03536351604045995,137.44378662109375,1234.065347826087,69.21333333333334,17.59
2021-11-19,148.64195251464844,19766000,-0.025598171268829017,-0.041052830296757215,-0.03822531034813381,-0.13704325220638225,0.08,280.07460000000003,3.98,17.91,115.2187,1.54,69.32,76.11,75.82416534423828,439.6429748535156,-0.0033766217877744253,-0.0017882447436877724,68.6,19.0,17.0,-0.006086603103423793,147.6175537109375,0.019516282338641666,342.2940979003906,-0.026956558227539062,44.7599983215332,-0.040209490869554054,51.31999969482422,-0.010113109985039115,136.05380249023438,1234.7150217391304,69.32,17.91
2021-11-22,145.7930908203125,24608000,-0.031456050511706524,0.00651344637233886,-0.0008805094374535472,-0.1325380210945487,0.08,280.2672,3.96,19.17,115.6481,1.63,69.64,76.74,74.90123748779297,438.40533447265625,-0.0121719487745795,-0.002815103280728537,68.7,19.0,17.0,-0.017622839318836014,145.01611328125,-0.01242389085235207,338.0414733886719,-0.03775689656127523,43.06999969482422,-0.0401403231788946,49.2599983215332,-0.027953140845060953,132.25067138671875,1236.664043478261,69.64,19.17
2021-11-23,145.47438049316406,18126000,-0.03501706400872939,0.013379332436804559,0.00262686193944095,-0.09596458246646222,0.08,280.33140000000003,3.953333333333333,19.38,116.0118,1.67,69.74666666666667,78.32,74.70140075683594,438.9866638183594,-0.002668003061893298,0.0013260088324480446,68.73333333333333,19.0,17.0,-0.003554271481146065,144.5006866455078,-0.011025966279685662,334.3142395019531,-0.030183404835658068,41.77000045776367,0.028623627597562207,50.66999816894531,-0.01415950747532646,130.37806701660156,1237.3137173913044,69.74666666666667,19.38
2021-11-24,145.4352264404297,16464000,-0.0200451294757672,0.009463928262032573,0.009177501822165368,-0.08313931351870896,0.08,280.3956,3.9466666666666663,18.58,116.2711,1.64,69.85333333333332,78.32,74.80608367919922,440.15869140625,0.001401351531600259,0.0026698478211073517,68.76666666666667,19.0,17.0,0.0023183745464756544,144.835693359375,0.011297230284891269,338.091064453125,0.013646150073677532,42.34000015258789,-0.019932866746227962,49.65999984741211,0.017324447884751404,132.6367950439453,1237.9633913043479,69.85333333333332,18.58
2021-11-26,141.55792236328125,16992000,-0.00199921527539737,0.041097795225683686,0.025503118417960602,-0.055424624399329936,0.08,280.524,3.933333333333333,28.62,116.5103,1.48,70.06666666666666,74.94399999999999,73.43595123291016,430.3417053222656,-0.018315789022785633,-0.022303288054179693,68.83333333333333,19.0,17.0,-0.02694366764602263,140.93328857421875,-0.023280445631601476,330.22015380859375,0.010864409135920683,42.79999923706055,0.0020136623928384,49.7599983215332,-0.02721799347367293,129.0266876220703,1239.262739130435,70.06666666666666,28.62
2021-11-29,144.8369903564453,26276000,-0.01586066299572997,0.004041387533571639,0.002672661305471058,-0.08175789875239636,0.08,280.7166,3.913333333333333,22.96,116.581,1.52,70.38666666666666,69.88,74.06391143798828,435.6205749511719,0.008551127813221537,0.012266693103688553,68.93333333333334,19.0,17.0,0.023543871486597645,144.25140380859375,0.014739312429729257,335.0873718261719,-0.05280370004250534,40.540000915527344,-0.018287778900874962,48.849998474121094,0.0030674465724673805,129.42247009277344,1241.2117608695653,70.38666666666666,22.96
2021-11-30,141.20701599121094,41590000,0.03920265766370812,0.017679648996130615,0.02492429606933899,-0.0540568694475545,0.08,280.7808,3.9066666666666667,27.19,116.2071,1.43,70.49333333333333,66.14,71.7137451171875,427.14447021484375,-0.03173159876613474,-0.019457539941216462,68.96666666666667,19.0,17.0,-0.024963770645443195,140.6503448486328,-0.040144285916859146,321.6355285644531,-0.011840146309727406,40.060001373291016,-0.025383785107515155,47.61000061035156,-0.030504144682911072,125.47454833984375,1241.8614347826087,70.49333333333333,27.19
2021-12-01,140.3802947998047,28476000,0.05015259300499353,0.040605706783820805,0.02161802172465266,-0.05161749020077577,0.08,280.845,3.9,31.12,115.889,1.43,70.6,65.44,70.05814361572266,422.4001159667969,-0.02308625074257975,-0.011107141913040741,69.0,19.0,17.0,-0.00596214158884778,139.811767578125,-0.04271704344659488,307.8962097167969,-0.0691462896356888,37.290000915527344,-0.0073514447454609,47.2599983215332,-0.01930926293003854,123.05172729492188,1242.5111086956522,70.6,31.12
2021-12-02,142.51995849609375,21250000,0.030112670108995765,0.007386360959757976,0.009027869674571809,-0.08105993155598157,0.08,280.8997741935484,3.903225806451613,27.95,116.018,1.44,70.49032258064516,66.6,71.23800659179688,428.8697204589844,0.01684119668579731,0.015316294308726164,69.16129032258064,19.193548387096776,16.93548387096774,0.013573067513694692,141.70944213867188,-0.0006761723964067157,307.6880187988281,0.007776908243694702,37.58000183105469,0.01375373569538918,47.90999984741211,0.006275484176095247,123.82393646240234,1243.1607826086956,70.49032258064516,27.95
2021-12-03,141.27491760253906,26688000,0.043183343300650545,0.0019821586282062764,0.013303425261268043,-0.11265745237964342,0.08,280.9545483870968,3.9064516129032256,30.67,116.2377,1.35,70.38064516129032,66.39,71.07623291015625,425.1379089355469,-0.0022708900681009947,-0.00870150384933599,69.3225806451613,19.387096774193548,16.870967741935484,-0.00674647655288485,140.75340270996094,-0.011437247435387099,304.1689147949219,-0.046301266463189106,35.84000015258789,-0.023377143298932035,46.790000915527344,-0.016292447786489195,121.8065414428711,1243.8104565217393,70.38064516129032,30.67
2021-12-06,142.53977966308594,22198000,0.020222797505365042,-0.009701132164504411,-0.042720179346179,-0.11487063033968792,0.08,281.11887096774194,3.9161290322580644,27.18,116.1538,1.43,70.0516129032258,69.62,72.24656677246094,430.17303466796875,0.016465896044097317,0.011843511544356922,69.80645161290323,19.967741935483872,16.677419354838708,0.008123225158451763,141.8967742919922,0.03594710026791392,315.1029052734375,0.0552455227066555,37.81999969482422,0.024150400327155763,47.91999816894531,0.02575490151312576,124.94365692138672,1245.7594782608696,70.0516129032258,27.18
2021-12-07,146.74270629882812,23258000,-0.020711079315332448,-0.025777353063815567,-0.07083060810466546,-0.09572306338925207,0.08,281.1736451612903,3.9193548387096775,21.89,115.8555,1.48,69.94193548387096,71.94,72.98873138427734,439.0710754394531,0.010272662701797941,0.020684794383619032,69.96774193548387,20.161290322580644,16.612903225806452,0.028741587984618677,145.97511291503906,0.01554086799675991,319.9998779296875,0.022739307702037248,38.68000030517578,0.05175299356628038,50.400001525878906,0.03870500710922253,129.77960205078125,1246.409152173913,69.94193548387096,21.89
2021-12-08,147.4207305908203,18964000,-0.009090951433881278,-0.011911567361340802,-0.07877851628625976,-0.10784314638769987,0.08,281.2284193548387,3.92258064516129,19.9,115.4418,1.52,69.83225806451613,72.43,73.52156066894531,440.2337341308594,0.0073001581828116,0.0026479965464420996,70.12903225806451,20.35483870967742,16.548387096774192,0.006226647328603452,146.88404846191406,0.02400790176693035,327.6824035644531,0.047569807085593,40.52000045776367,0.05992056650069211,53.41999816894531,0.008553436965182293,130.88966369628906,1247.0588260869565,69.83225806451613,19.9
2021-12-09,146.81161499023438,18580000,-0.022061964490576624,-0.0065055709921356675,-0.06435934889620543,-0.11904000708417428,0.08,281.28319354838715,3.925806451612903,21.58,115.7784,1.49,69.72258064516129,70.87,72.94117736816406,437.26141357421875,-0.00789405577765978,-0.006751687401940654,70.29032258064517,20.548387096774192,16.483870967741936,-0.003697827375786056,146.3408966064453,-0.0022384173890804826,326.94891357421875,-0.043682143084096126,38.75,-0.019842710500315164,52.36000061035156,-0.025000102005307778,127.6174087524414,1247.7085000000002,69.72258064516129,21.58
2021-12-10,147.37564086914062,21634000,-0.03949563126850075,-0.0041097861863391705,-0.05823122025260885,-0.14752987292939523,0.08,281.33796774193553,3.9290322580645163,18.69,115.5732,1.48,69.61290322580645,71.71,72.97920227050781,441.3775939941406,0.0005213091386202517,0.009413545975337279,70.45161290322581,20.741935483870968,16.419354838709676,0.0024583453981019687,146.70065307617188,-0.00021225631826571334,326.8795166015625,-0.038451656218498,37.2599983215332,-0.02941178184827764,50.81999969482422,-0.014144079874364168,125.8123779296875,1248.3581739130436,69.61290322580645,18.69
2021-12-13,145.42233276367188,24104000,-0.029330779260215545,-0.0017483005431672138,-0.03446718594543485,-0.11617898853751962,0.08,281.5022903225807,3.9387096774193546,20.31,115.842,1.42,69.28387096774193,71.19,72.59862518310547,437.46771240234375,-0.005214870477642131,-0.008858359928095472,70.93548387096774,21.322580645161292,16.225806451612904,-0.014695594234096498,144.5447998046875,0.014374502622864993,331.5782470703125,-0.03274281967159409,36.040000915527344,-0.05273514996594397,48.13999938964844,-0.031763174874230415,121.81617736816406,1250.307195652174,69.28387096774193,20.31
2021-12-14,143.70350646972656,24778000,-0.00517342087863204,0.01058139876889963,-0.0402806274490316,-0.07780900603360486,0.08,281.55706451612906,3.9419354838709677,21.89,116.2397,1.44,69.1741935483871,70.57,72.40834045410156,434.4578857421875,-0.002621051411427988,-0.006880111548410839,71.09677419354838,21.516129032258064,16.161290322580644,-0.013163039613684813,142.64215087890625,-0.0022423055867766273,330.8347473144531,-0.011653772834995246,35.619998931884766,-0.026796861900350022,46.849998474121094,-0.026862048427069074,118.5439453125,1250.9568695652174,69.1741935483871,21.89
2021-12-15,146.08053588867188,27280000,-0.0028464932594379766,-0.009269095404058736,-0.05144913048828159,-0.086640001487434,0.08,281.61183870967744,3.945161290322581,19.29,116.4219,1.47,69.06451612903226,70.89,73.16950988769531,441.2463073730469,0.01051217896750778,0.015625039511626415,71.25806451612904,21.70967741935484,16.096774193548388,0.017608745045568197,145.15390014648438,0.023731105279844344,338.6858215332031,0.012071878665635527,36.04999923706055,-0.009391646553671307,46.40999984741211,0.008142598382060884,119.50920104980469,1251.6065434782608,69.06451612903226,19.29
2021-12-16,143.57266235351562,27400000,0.015907340683745108,-0.001097864234261503,-0.05901737643819682,-0.05548943807843787,0.08,281.6666129032258,3.9483870967741934,20.57,115.7146,1.44,68.95483870967742,72.34,73.06486511230469,437.3552551269531,-0.0014301691449244425,-0.00881832251301784,71.41935483870968,21.903225806451612,16.032258064516128,-0.013630257991175232,143.1754150390625,-0.019785715643738322,331.98468017578125,-0.03106793219383408,34.93000030517578,-0.036845487827942947,44.70000076293945,0.0050885101226929574,120.11732482910156,1252.2562173913045,68.95483870967742,20.57
2021-12-17,141.55494689941406,43404000,0.03684089967117399,0.015906637368228393,-0.05007618348497267,-0.04428828671507701,0.08,281.7213870967742,3.9516129032258065,21.57,115.791,1.41,68.84516129032258,70.93,72.76990509033203,432.7004089355469,-0.004036961151153706,-0.010643169681487152,71.58064516129032,22.096774193548388,15.967741935483872,-0.018830468763987862,140.47935485839844,-0.003314435462179688,330.88433837890625,0.04523326660616456,36.5099983215332,0.013199108333730836,45.290000915527344,0.017759507134709862,122.25054931640625,1252.905891304348,68.84516129032258,21.57
2021-12-20,141.156982421875,20264000,0.02841594039216222,0.014150029662094221,-0.062464435754325254,-0.01491568787520825,0.08,281.88570967741936,3.9612903225806453,22.87,116.0092,1.43,68.51612903225806,68.69,72.26170349121094,428.0993347167969,-0.006983678190733422,-0.0106333946622994,72.06451612903226,22.677419354838708,15.774193548387096,-0.0008327852577348915,140.36236572265625,-0.024985847252891324,322.6169128417969,-0.02054231811776497,35.7599983215332,-0.019209598785496107,44.41999816894531,-0.006395556960148374,121.46868896484375,1254.8549130434783,68.51612903225806,22.87
2021-12-21,142.96006774902344,19548000,0.015836749819698515,-0.04553448483626532,-0.09796466678357663,-0.03964059890505223,0.08,281.94048387096774,3.964516129032258,21.01,116.1089,1.48,68.40645161290323,71.1,73.6346664428711,435.7019958496094,0.018999869714213746,0.017759105226925698,72.2258064516129,22.870967741935484,15.709677419354838,0.013173800722442897,142.2114715576172,0.026885844417132043,331.2907409667969,0.027405016860514664,36.7400016784668,0.037820809870052985,46.099998474121094,0.04489840679790347,126.92243957519531,1255.5045869565217,68.40645161290323,21.01
2021-12-22,145.6647186279297,18438000,-0.006440936226173033,-0.063954316041123,-0.11280788554037213,-0.038360165941026425,0.08,281.9952580645161,3.967741935483871,18.63,115.7485,1.46,68.29677419354839,72.82,73.81583404541016,440.0584411621094,0.002460357482295672,0.00999868110313562,72.38709677419355,23.064516129032256,15.64516129032258,0.020509291284275477,145.1281280517578,-0.01122088923504494,327.5733642578125,0.014153419142905799,37.2599983215332,0.014533666069830753,46.77000045776367,-0.000760640582717742,126.82589721679688,1256.1542608695652,68.29677419354839,18.63
2021-12-23,145.8565216064453,13818000,-0.016738933007966583,-0.06889906142504754,-0.1386886585660434,-0.03820102683868032,0.08,282.0500322580645,3.9709677419354836,17.96,115.5337,1.5,68.18709677419355,73.89,74.47370147705078,442.7965087890625,0.008912280679995055,0.0062220545519418025,72.54838709677419,23.258064516129032,15.580645161290322,0.0034251497484469873,145.62521362304688,0.014495630861556252,332.3217468261719,0.0042941453199056845,37.41999816894531,0.040838140447250204,48.68000030517578,0.015602415016395144,128.8046875,1256.8039347826088,68.18709677419355,17.96
2021-12-27,146.76995849609375,13256000,-0.020190428743295907,-0.06409379380782221,-0.12713422456801926,-0.0412930374490732,0.08,282.2691290322581,3.9838709677419355,17.68,115.4684,1.48,67.7483870967742,75.49,75.19831848144531,449.0630798339844,0.009729837379142792,0.014152259379956122,73.19354838709677,24.032258064516128,15.32258064516129,0.006738585709055611,146.6065216064453,0.032633213643320724,343.1664733886719,-0.013094545370025634,36.93000030517578,-0.0008217114888368071,48.63999938964844,0.004271476200946145,129.35487365722656,1259.4026304347826,67.7483870967742,17.68
2021-12-28,145.1680908203125,18624000,-0.013871732408803461,-0.04390987935759416,-0.11831503417795075,-0.021837162603629112,0.08,282.3239032258065,3.9870967741935486,17.54,115.4192,1.49,67.63870967741936,76.01,75.16018676757812,448.69610595703125,-0.0005070820017949451,-0.0008171989491738696,73.35483870967742,24.225806451612904,15.258064516129032,-0.008245208032260587,145.39772033691406,0.00011569710976888636,343.2061767578125,-0.011102080802166903,36.52000045776367,-0.019120072303572155,47.709999084472656,-0.007984286693527909,128.3220672607422,1260.052304347826,67.63870967741936,17.54
2021-12-29,145.22409057617188,17022000,-0.06041446587442001,-0.03314915849970046,-0.09020188904413662,-0.026347200066908938,0.08,282.37867741935486,3.990322580645161,16.95,115.3678,1.55,67.52903225806452,76.58,74.7883529663086,449.2701110839844,-0.004947217632912171,0.0012792736984619246,73.51612903225806,24.419354838709676,15.193548387096774,-0.00021797112643429095,145.36602783203125,-0.009473794657385848,339.9547119140625,-0.015607877537773818,35.95000076293945,-0.013623930489514158,47.060001373291016,-0.022115255986677296,125.48419189453125,1260.7019782608697,67.52903225806452,16.95
2021-12-30,144.72650146484375,12978000,-0.05788622127455345,-0.04706437544887632,-0.07057410618003801,-0.04351290212251269,0.08,282.43345161290324,3.9935483870967743,17.33,115.283,1.52,67.41935483870968,76.83,75.10297393798828,448.02801513671875,0.004206817762405057,-0.002764697487372847,73.6774193548387,24.612903225806452,15.129032258064516,-0.003099181795012451,144.91551208496094,0.004140350726002273,341.36224365234375,0.05563282218513277,37.95000076293945,0.02061192897789388,48.029998779296875,0.024615344955307483,128.57302856445312,1261.3516521739132,67.41935483870968,17.33
2021-12-31,143.4150390625,17298000,-0.05304809695826551,-0.03381946383216328,-0.04700746304227921,-0.027505498546204765,0.08,282.4882258064516,3.996774193548387,17.22,115.314775,1.52,67.30967741935484,75.33,74.06371307373047,446.89892578125,-0.013837812402953786,-0.002520131146540483,73.83870967741936,24.806451612903224,15.064516129032258,-0.009223471844230002,143.57888793945312,-0.023260381638866123,333.4220275878906,-0.04216079727673849,36.349998474121094,-0.0208203211620952,47.029998779296875,-0.007132250721028188,127.65601348876953,1262.0013260869566,67.30967741935484,17.22
2022-01-03,143.80661010742188,25214000,-0.0448080589866211,-0.06054818765113523,0.020416976585519997,-0.009870964113784186,0.08,282.66925806451616,3.9935483870967743,16.6,115.4101,1.63,66.91612903225807,75.99,74.57858276367188,449.4864196777344,0.0069517131746938965,0.005789886140274314,74.19354838709677,27.70967741935484,17.193548387096776,0.0009628478872503177,143.71713256835938,0.006511237442649476,335.593017578125,0.0016506568310790115,36.40999984741211,-0.009355701427376517,46.59000015258789,0.014971734917893498,129.56724548339844,1263.3073111111112,66.91612903225807,16.6
2022-01-04,143.15435791015625,22928000,-0.030460689482276426,-0.06068933305079938,-0.01222861713426171,-0.023221112788597065,0.08,282.7323870967742,3.990322580645161,16.91,115.3103,1.66,66.7741935483871,77.0,74.41649627685547,449.3359069824219,-0.002173365070908262,-0.0003348548225782233,74.29032258064517,29.064516129032256,18.29032258064516,-0.004083070963703306,143.1303253173828,-0.005937320173520999,333.6004943847656,-0.09008510829559935,33.130001068115234,-0.054947442904200505,44.029998779296875,-0.009386998651210732,128.3509979248047,1263.6354666666666,66.7741935483871,16.91
2022-01-05,136.45045471191406,49642000,0.02901844098748696,-0.030126418841796343,0.03895658187266382,-0.003468860823645281,0.08,282.79551612903225,3.9870967741935486,19.73,115.137,1.71,66.63225806451614,77.83,72.54773712158203,440.70770263671875,-0.02511216260869098,-0.01920212520661224,74.38709677419355,30.419354838709676,19.387096774193548,-0.04587615452098037,136.56405639648438,-0.03672788743567734,321.3480529785156,-0.008753423066033217,32.84000015258789,-0.06132175841693954,41.33000183105469,-0.05602755524476821,121.15980529785156,1263.9636222222223,66.63225806451614,19.73
2022-01-06,136.3488311767578,29050000,0.011486771629980463,-0.05422707891452283,0.010083532934031192,-0.007895022212443759,0.08,282.8586451612903,3.9838709677419355,19.61,115.4046,1.73,66.49032258064517,79.47,72.87191772460938,440.2936706542969,0.004468514331247286,-0.0009394707193560725,74.48387096774194,31.774193548387096,20.483870967741936,-0.00019977961671369115,136.53677368164062,0.025573097188747562,329.56591796875,-0.00456764693002254,32.689998626708984,0.008468387578393743,41.68000030517578,0.004302151711849778,121.6810531616211,1264.291777777778,66.49032258064517,19.61
2022-01-07,135.80714416503906,19408000,0.020305818135363918,-0.048410961616052184,0.01611987159471906,-0.021853413895800977,0.08,282.9217741935484,3.9806451612903224,18.76,115.0451,1.76,66.34838709677419,79.0,72.88145446777344,438.5529479980469,0.0001308699353859133,-0.003953549124753986,74.58064516129032,33.12903225806451,21.58064516129032,-0.005302928876091073,135.81272888183594,-0.0020151462846932366,328.90179443359375,-0.008259420896490122,32.41999816894531,-0.0076775358080907186,41.36000061035156,-0.006266858837797651,120.91849517822266,1264.6199333333334,66.34838709677419,18.76
2022-01-10,137.3629150390625,34096000,-0.016478498183113977,-0.08543090945607168,0.020775995599305874,-0.06334173719004299,0.08,283.11116129032257,3.9709677419354836,19.4,115.2216,1.78,65.92258064516129,78.11,72.42378997802734,438.0072326660156,-0.006279574043743352,-0.0012443544947591256,74.87096774193549,37.193548387096776,24.870967741935484,0.012060391727635178,137.45068359375,-0.011212202807824534,325.2140808105469,0.00863672454683706,32.70000076293945,0.008462245380951305,41.709999084472656,0.01029766555414846,122.1636734008789,1265.6044000000002,65.92258064516129,19.4
2022-01-11,138.7937774658203,23502000,-0.031178357845419558,-0.07697249853754218,-0.010105772995108064,-0.08315379449117632,0.08,283.17429032258065,3.967741935483871,18.41,114.8332,1.75,65.78064516129032,81.17,73.3295669555664,441.99676513671875,0.012506622172270498,0.009108371216657973,74.96774193548387,38.54838709677419,25.967741935483872,0.007690857693988251,138.50779724121094,0.019203377432702506,331.45928955078125,0.03975532742292476,34.0,0.03836016120686003,43.310001373291016,-0.004424740902848279,121.62313079833984,1265.9325555555556,65.78064516129032,18.41
2022-01-12,140.4100341796875,23642000,-0.05747696783016398,-0.08843748994774125,-0.05307505657519873,-0.0802128948853238,0.08,283.2374193548387,3.964516129032258,17.62,114.355,1.74,65.63870967741936,82.51,73.42488861083984,443.19171142578125,0.0012999075165847085,0.0027035181777697037,75.06451612903226,39.90322580645161,27.064516129032256,0.01212647402896505,140.18740844726562,-0.0033196891188848054,330.35894775390625,0.012647067799287592,34.43000030517578,-0.013391868221282688,42.72999954223633,-0.015238134548769211,119.76982116699219,1266.260711111111,65.63870967741936,17.62
2022-01-13,137.9150390625,26566000,-0.06496758275801029,-0.04198552841210834,-0.027535293857319898,-0.08537263232430514,0.08,283.3005483870968,3.9612903225806453,20.31,114.177,1.7,65.49677419354839,81.97,72.66216278076172,437.0851135253906,-0.010387837755133078,-0.013778682549692167,75.16129032258064,41.25806451612903,28.161290322580644,-0.020105097002151462,137.36892700195312,-0.02034447024637509,323.6379699707031,-0.04240485249874304,32.970001220703125,-0.10180197801830893,38.380001068115234,-0.0070922835155272645,118.92037963867188,1266.5888666666667,65.49677419354839,20.31
2022-01-14,138.5648193359375,23826000,-0.0673491991616767,-0.02924451799496619,-0.02404387013565934,-0.08459699962030542,0.08,283.3636774193548,3.958064516129032,19.19,114.3825,1.78,65.35483870967742,83.82,72.995849609375,437.26397705078125,0.004592305208696912,0.000409218982426518,75.25806451612904,42.61290322580645,29.258064516129032,0.006447241411101867,138.25457763671875,0.0166011800694561,329.0107421875,-0.004246265831513774,32.83000183105469,-0.008858784344077386,38.040000915527344,-0.016639430525128063,116.94161224365234,1266.9170222222224,65.35483870967742,19.19
2022-01-18,135.09938049316406,27382000,-0.07010768055968275,0.011651285262393118,0.008782710120192494,-0.04225902043094587,0.08,283.6161935483871,3.945161290322581,22.79,114.7373,1.87,64.78709677419354,85.42,72.10916137695312,429.5201721191406,-0.012147104762350702,-0.01770967959416725,75.64516129032258,48.03225806451613,33.64516129032258,-0.024967739628450558,134.80267333984375,-0.041427975672811757,315.3804931640625,-0.03472437506594095,31.690000534057617,-0.061514198114352214,35.70000076293945,-0.0435823969447352,111.84501647949219,1268.2296444444446,64.78709677419354,22.79
2022-01-19,134.46641540527344,20796000,-0.047267875426771244,0.09129633489934807,-0.024647453795456853,-0.05459897319581031,0.08,283.6793225806452,3.9419354838709677,23.85,114.6109,1.83,64.64516129032258,86.84,71.9852066040039,425.0601501464844,-0.0017189878592712704,-0.010383731107788674,75.74193548387096,49.387096774193544,34.74193548387097,-0.00648180051951297,133.9289093017578,0.004525957415185022,316.8078918457031,-0.001577820876192293,31.639999389648438,-0.018207325265765295,35.04999923706055,0.003452173468169617,112.23112487792969,1268.5578,64.64516129032258,23.85
2022-01-20,132.33969116210938,21930000,-0.03284855760638694,0.06849106896403034,-0.02276279042095397,-0.06418408871471903,0.08,283.7424516129032,3.9387096774193546,25.59,114.4642,1.83,64.50322580645161,86.29,71.2701187133789,420.3555908203125,-0.009933817298861891,-0.011067984906490524,75.83870967741936,50.74193548387097,35.83870967741935,-0.013388263750311213,132.13583374023438,-0.009480731490437377,313.8043212890625,0.009797767992133277,31.950000762939453,-0.001711770610548613,34.9900016784668,0.020555652010644465,114.5381088256836,1268.8859555555555,64.50322580645161,25.59
2022-01-21,128.9550323486328,41920000,0.02457888509757855,0.09934521701482057,-0.005299959283874278,-0.08054296923855875,0.08,283.8055806451613,3.935483870967742,28.85,114.6125,1.75,64.36129032258064,85.16,68.85789489746094,412.1037902832031,-0.033846215769879784,-0.019630524054661036,75.93548387096774,52.096774193548384,36.935483870967744,-0.02217432705740896,129.205810546875,-0.04229855077537703,300.5308532714844,-0.07824725947737332,29.450000762939453,-0.0820235098287595,32.119998931884766,-0.02376541682367217,111.8160629272461,1269.2141111111112,64.36129032258064,28.85
2022-01-24,129.2325897216797,55148000,0.040856321714900945,0.06570416489410635,-0.021377166966157102,-0.05462821571384091,0.08,283.9949677419355,3.925806451612903,29.9,115.2034,1.75,63.935483870967744,84.48,69.36324310302734,413.8538818359375,0.007339001668856371,0.004246725203696178,76.2258064516129,56.16129032258064,40.225806451612904,0.0034713364964371607,129.65432739257812,0.018273633843921333,306.02264404296875,0.05636671661825865,31.110000610351562,-0.009962630929808758,31.799999237060547,0.01217191237282056,113.17707824707031,1270.1985777777777,63.935483870967744,29.9
2022-01-25,125.62787628173828,36008000,0.08792304669349771,0.0984531616306934,0.04685358219883917,-0.05704403364035038,0.08,284.05809677419353,3.92258064516129,31.16,115.1654,1.78,63.79354838709677,86.61,67.94258880615234,408.8011169433594,-0.020481370727791104,-0.012209055210894881,76.3225806451613,57.516129032258064,41.32258064516129,-0.029578584318795786,125.8193359375,-0.02772835381815464,297.5371398925781,-0.08518166100572633,28.459999084472656,-0.035849038270411415,30.65999984741211,-0.0473347460009359,107.81986999511719,1270.5267333333334,63.79354838709677,31.16
2022-01-26,128.1104736328125,39630000,0.14543879307962704,0.09449885228984622,0.040850429879149885,-0.11002390705501097,0.08,284.1212258064516,3.9193548387096775,31.96,115.0922,1.85,63.651612903225804,88.33,66.95101165771484,407.7755126953125,-0.014594338630024462,-0.002508809799042111,76.41935483870968,58.87096774193548,42.41935483870967,0.01810374770061851,128.09713745117188,-0.018390930507891645,292.0651550292969,-0.06043567704444863,26.739999771118164,-0.06621006838709598,28.6299991607666,-0.013697404913018962,106.343017578125,1270.854888888889,63.651612903225804,31.96
2022-01-27,127.99252319335938,30248000,0.10478154932965889,0.07343113198932105,0.04468702037811112,-0.07519690352472386,0.08,284.1843548387097,3.9161290322580644,30.49,115.978,1.81,63.50967741935484,87.61,67.02729034423828,405.76190185546875,0.001139320895006124,-0.004938037663257844,76.51612903225806,60.225806451612904,43.516129032258064,-0.0017643294666547238,127.87113189697266,3.4167883004920796e-05,292.07513427734375,0.005235579313641159,26.8799991607666,-0.011526368612622018,28.299999237060547,-0.03331218820380133,102.80049896240234,1271.1830444444445,63.50967741935484,30.49
2022-01-28,132.12460327148438,30518000,0.07297274324574965,0.006305868700916317,0.0065908927651237015,-0.13746769515544555,0.08,284.24748387096776,3.9129032258064513,27.66,116.0393,1.78,63.36774193548387,87.67,68.9437255859375,415.8392333984375,0.028591865072522094,0.024835578443631823,76.61290322580645,61.58064516129032,44.61290322580645,0.033688666538387535,132.17893981933594,0.02399548288853559,299.0836181640625,-0.0014880583864411712,26.84000015258789,0.07491169245181917,30.420000076293945,0.02554001638827552,105.426025390625,1271.5112,63.36774193548387,27.66
2022-01-31,134.51255798339844,34056000,0.023872500613981273,-0.0029369008719385414,-0.006978911372862218,-0.1366375264238836,0.08,284.4368709677419,3.903225806451613,24.83,115.566,1.79,62.941935483870964,89.16,70.50736236572266,423.3288879394531,0.022679899678994087,0.018010937736217425,76.90322580645162,65.64516129032258,47.90322580645161,0.014641651656529309,134.1142578125,0.03828171012284032,310.5330505371094,0.10134125551009854,29.559999465942383,0.06969102018134099,32.540000915527344,0.03186222717536036,108.7851333618164,1272.4956666666667,62.941935483870964,24.83
2022-02-01,136.6734619140625,51204000,0.00967909905870612,-0.010538088956252523,-0.025895631499362692,-0.14323455582161593,0.08,284.5,3.9,21.96,115.3685,1.81,62.8,88.22,71.11756134033203,426.1893310546875,0.008654400819084085,0.006757023195741674,77.0,67.0,49.0,0.01729828227738417,136.4342041015625,0.018323339276011374,316.2230529785156,0.015223300780432103,30.010000228881836,0.03441914260519674,33.65999984741211,-0.005412630968423815,108.19631958007812,1272.8238222222221,62.8,21.96
2022-02-02,146.74270629882812,89750000,-0.04447198846201439,-0.07125933120028949,-0.10750384998123097,-0.17199470101165337,0.08428571428571428,284.6133571428571,3.892857142857143,22.09,115.1538,1.78,62.67857142857142,88.16,72.53822326660156,430.3294372558594,0.01997624636580242,0.009714241768855159,76.67857142857143,66.21428571428571,48.642857142857146,0.07523761507208304,146.69918823242188,0.012539185255506347,320.188232421875,-0.08930357496620511,27.329999923706055,-0.04723708139618832,32.06999969482422,0.05281476412804609,113.91068267822266,1273.1519777777778,62.67857142857142,22.09
2022-02-03,141.40377807617188,56930000,-0.028377028344979238,-0.07249889338966775,-0.11346608269006775,-0.18159065496440174,0.08857142857142858,284.7267142857143,3.8857142857142857,24.35,114.9065,1.82,62.55714285714286,90.17,67.6851577758789,420.2145080566406,-0.06690356162827504,-0.023505083137514426,76.35714285714286,65.42857142857143,48.285714285714285,-0.033175724182807786,141.83233642578125,-0.2639009245965088,235.6902618408203,-0.10318330416013466,24.510000228881836,-0.23604614177922623,24.5,-0.05109734763756424,108.09014892578125,1273.4801333333335,62.55714285714286,24.35
2022-02-04,141.76609802246094,49224000,-0.062132868672102215,-0.0877419050687116,-0.11004007950675421,-0.1912793571865794,0.09285714285714286,284.84007142857143,3.8785714285714286,23.22,115.1362,1.93,62.43571428571428,92.27,67.85678100585938,422.19036865234375,0.0025356109909464575,0.004702028506442746,76.03571428571429,64.64285714285714,47.92857142857143,0.001418700815610352,142.03355407714844,-0.002817910453945416,235.02610778808594,0.11179109528891118,27.25,0.5881632590780452,38.90999984741211,0.03572067857403005,111.95120239257812,1273.808288888889,62.43571428571428,23.22
2022-02-07,137.7237091064453,44610000,-0.026184316377130146,-0.06863112560674267,-0.0365054369882275,-0.1860829122008416,0.10571428571428572,285.18014285714287,3.857142857142857,22.86,115.0098,1.92,62.07142857142857,91.25,66.67452239990234,420.8355407714844,-0.017422851311719945,-0.003209044974626152,75.07142857142857,62.285714285714285,46.857142857142854,-0.028556738166569673,137.9775390625,-0.05137277813698671,222.95216369628906,-0.028990859285407122,26.459999084472656,-0.02647131285880433,37.880001068115234,-0.022158944852779805,109.4704818725586,1274.7927555555557,62.07142857142857,22.86
2022-02-08,137.996337890625,34256000,-0.020023379738974945,-0.0835266717442188,-0.046913728497805285,-0.1769123861310291,0.11,285.2935,3.85,21.44,115.0892,1.96,61.949999999999996,89.32,66.64590454101562,424.2980041503906,-0.0004292173060509441,0.008227592594862054,74.75,61.5,46.5,0.0014223948785820895,138.17379760742188,-0.02103078056965546,218.2633056640625,0.0083144833074551,26.68000030517578,-0.008447721378064377,37.560001373291016,-0.008729474792339098,108.51486206054688,1275.1209111111111,61.949999999999996,21.44
2022-02-09,140.21676635742188,28628000,-0.02803407374228528,-0.06206657216489797,-0.07760560550887419,-0.1943545204905821,0.1142857142857143,285.4068571428571,3.842857142857143,19.96,114.8232,1.94,61.82857142857143,89.57,68.52420043945312,430.50811767578125,0.02818321562852444,0.01463620725208381,74.42857142857143,60.714285714285715,46.142857142857146,0.01573168062488528,140.34750366210938,0.0536833345171428,229.98040771484375,0.004497711038687235,26.799999237060547,0.07241739367826683,40.279998779296875,0.042430146112775846,113.1191635131836,1275.4490666666666,61.82857142857143,19.96
2022-02-10,137.3911590576172,33018000,-0.04541047950887078,-0.029458354763464145,-0.08557921659179124,-0.18355727472929728,0.11857142857142858,285.5202142857143,3.835714285714286,23.91,114.5527,2.03,61.707142857142856,89.83,67.5421371459961,422.7738037109375,-0.01433162717928782,-0.01796554733183575,74.10714285714286,59.92857142857143,45.785714285714285,-0.020990096125014013,137.40159606933594,-0.016939627637905463,226.08462524414062,-0.04664179237256949,25.549999237060547,0.008440917648752322,40.619998931884766,-0.02380743460049084,110.42608642578125,1275.7772222222222,61.707142857142856,23.91
2022-02-11,132.957763671875,38808000,-0.02730561242758378,0.005673711657286695,-0.0333222394623528,-0.1313241950440236,0.12285714285714286,285.63357142857143,3.8285714285714287,27.36,114.8413,1.92,61.58571428571428,93.1,66.08338165283203,414.437255859375,-0.021597710034121143,-0.019718695383648788,73.78571428571429,59.142857142857146,45.42857142857143,-0.031290259997194814,133.10226440429688,-0.03735701420871418,217.63877868652344,-0.005870826732264578,25.399999618530273,-0.027818741583741757,39.4900016784668,-0.014335589737240473,108.84306335449219,1276.105377777778,61.58571428571428,27.36
2022-02-14,134.1175079345703,26792000,-0.04358813473993195,-0.008366436183980364,-0.01189575090804107,-0.151570420472096,0.13571428571428573,285.97364285714286,3.8071428571428574,28.33,115.1946,1.98,61.22142857142857,95.52,66.09290313720703,413.082275390625,0.00014408288645118006,-0.003269446579893809,72.82142857142857,56.785714285714285,44.357142857142854,0.009260242187598466,134.33482360839844,-0.008426384728505432,215.80487060546875,-0.02716537576458211,24.709999084472656,0.0032919029600562144,39.619998931884766,0.009045666991768897,109.82762145996094,1277.0898444444445,61.22142857142857,28.33
2022-02-15,135.23318481445312,26578000,-0.06480082350161498,-0.012270494509425078,-0.013377387916605477,-0.14457697828706162,0.14,286.087,3.8000000000000003,25.7,114.93,2.05,61.1,92.07,67.01777648925781,419.7440185546875,0.013993534981066924,0.01612691601875893,72.5,56.0,44.0,0.00798748990063003,135.40782165527344,0.015158677925767972,219.07618713378906,0.047349256157162456,25.8799991607666,0.04568403387397346,41.43000030517578,0.04095621036994923,114.32574462890625,1277.4180000000001,61.1,25.7
2022-02-16,136.28591918945312,25610000,-0.03501408588842758,-0.0231256677109698,-0.00498968049967119,-0.18246386943307347,0.1442857142857143,286.2003571428571,3.7928571428571427,24.29,114.6886,2.03,60.97857142857143,93.83,66.55057525634766,420.2145080566406,-0.006971303098738946,0.0011208962633302288,72.17857142857143,55.214285714285715,43.642857142857146,0.008268343549032053,136.5274200439453,-0.02018119326392276,214.65496826171875,-0.005795966900867144,25.729999542236328,-0.034274727810349015,40.0099983215332,-0.009371831811535114,113.25430297851562,1277.7461555555556,60.97857142857143,24.29
2022-02-17,131.15216064453125,30968000,0.016710978282266753,-0.0014095096000227292,0.03151728618385086,-0.16297514376648892,0.14857142857142858,286.3137142857143,3.7857142857142856,28.11,114.6755,1.97,60.857142857142854,91.78,64.77715301513672,411.238037109375,-0.026647737219097745,-0.02136163977007588,71.85714285714286,54.42857142857143,43.285714285714285,-0.037745903558562555,131.3740692138672,-0.04077752127082124,205.90187072753906,-0.0404197056619271,24.690000534057617,-0.013996440442047287,39.45000076293945,-0.04645016581261119,107.99362182617188,1278.074311111111,60.857142857142854,28.11
2022-02-18,129.3272705078125,31858000,0.03390512426742576,-0.030682045572745786,0.0751910898967294,-0.16214395407424043,0.15285714285714286,286.4270714285714,3.7785714285714285,27.75,114.7982,1.92,60.73571428571428,91.26,64.27182006835938,408.5752868652344,-0.007801098431406195,-0.006474960980889066,71.53571428571429,53.642857142857146,42.92857142857143,-0.016115950660943956,129.25685119628906,-0.0074625101480400025,204.36532592773438,-0.033616845109466276,23.860000610351562,-0.036501962320848236,38.0099983215332,-0.03861280937962297,103.82368469238281,1278.4024666666667,60.73571428571428,27.75
2022-02-22,128.27157592773438,38906000,0.03682691509308489,-0.016413851531796086,0.07033100709149664,-0.13706089142018596,0.17,286.8805,3.75,28.81,114.7002,1.94,60.25,92.11,63.61395263671875,404.190673828125,-0.01023570564737264,-0.010731469029245488,70.25,50.5,41.5,-0.004520611967191002,128.6725311279297,-0.019790363619503037,200.32086181640625,0.002514646454633951,23.920000076293945,-0.029992092606923704,36.869998931884766,-0.0037188120435808214,103.43758392333984,1279.7150888888889,60.25,28.81
2022-02-23,126.46996307373047,26432000,0.05617020450004717,0.049229727730012884,0.1075910235535229,-0.1697613471365873,0.1742857142857143,286.9938571428571,3.742857142857143,31.02,114.6668,1.99,60.128571428571426,92.14,62.54608917236328,397.0208435058594,-0.016786623375751097,-0.01773873269850479,69.92857142857143,49.714285714285715,41.142857142857146,-0.01714377262847422,126.46659851074219,-0.01796320112661054,196.7224578857422,-0.022157219270695916,23.389999389648438,0.0029834720243626656,36.97999954223633,-0.024449372983213813,100.90859985351562,1280.0432444444446,60.128571428571426,31.02
2022-02-24,131.5139923095703,43166000,0.012319784158096203,6.404528837267165e-05,0.06668994109573823,-0.2022558908612595,0.17857142857142858,287.1072142857143,3.7357142857142858,30.32,115.9419,1.96,60.00714285714285,92.77,64.3004379272461,402.9956970214844,0.028048896071634744,0.015049218733365732,69.60714285714286,48.92857142857143,40.785714285714285,0.03999582534750057,131.5247344970703,0.04610738587678331,205.79281616210938,0.08336899588815094,25.34000015258789,0.05002710415681322,38.83000183105469,0.08130842718427811,109.11331939697266,1280.3714,60.00714285714285,30.32
2022-02-25,133.34384155273438,26236000,-0.01782265390003368,-0.03006274758771832,0.055237193296762355,-0.19494194984175217,0.18285714285714286,287.2205714285714,3.7285714285714286,27.59,115.2577,1.97,59.885714285714286,91.68,65.33967590332031,411.8872375488281,0.016162222366977952,0.02206361157962866,69.28571428571429,48.142857142857146,40.42857142857143,0.013328104942163854,133.2777099609375,0.01387300714963735,208.6477813720703,0.039857940915548395,26.350000381469727,0.008241042486078376,39.150001525878906,0.0015923979951755207,109.28707122802734,1280.6995555555554,59.885714285714286,27.59
2022-02-28,133.71212768554688,29676000,-0.06246914569258466,-0.060419324159718624,0.06196823036239585,-0.16377683197842552,0.19571428571428573,287.56064285714285,3.7071428571428573,30.15,115.2224,1.83,59.52142857142857,96.13,65.26341247558594,410.83349609375,-0.00116718405287497,-0.0025583250924428036,68.32142857142857,45.785714285714285,39.357142857142854,0.004443878107108334,133.86997985839844,0.002612926295352702,209.19296264648438,0.015180250957854469,26.75,0.02017872464980308,39.939998626708984,-0.015279931725246443,107.61717224121094,1281.6840222222222,59.52142857142857,30.15
2022-03-01,132.99542236328125,24640000,-0.05134971502943786,-0.0335959618117877,0.0631782650457986,-0.15002825841430711,0.2,287.674,3.7,33.32,115.7962,1.72,59.4,103.66,64.44344329833984,404.5763854980469,-0.012563994834821623,-0.01523028344863897,68.0,45.0,39.0,-0.0073714540578389,132.88316345214844,-0.035729452277115326,201.71861267089844,-0.012710286078052024,26.40999984741211,-0.05257883190603729,37.84000015258789,-0.009597324409784003,106.58433532714844,1282.0121777777777,59.4,33.32
2022-03-02,133.5738067626953,23966000,-0.006571362021445815,-0.007873753997221566,0.03634862797614735,-0.15298159344648143,0.20419354838709677,287.70261290322577,3.7,30.74,115.7623,1.86,59.58709677419355,110.74,64.99644470214844,412.0191345214844,0.00858118957499654,0.018396400013004355,68.0,45.38709677419355,38.903225806451616,0.0038046163627785123,133.38873291015625,0.022703845457630933,206.29840087890625,-0.01438845751465756,26.030000686645508,-0.012420751025577936,37.369998931884766,-0.010777065675835362,105.4356689453125,1282.3403333333333,59.58709677419355,30.74
2022-03-03,133.13421630859375,19780000,-0.012106588314794497,0.00217751485257911,0.04759197733798315,-0.12331365520377802,0.20838709677419356,287.7312258064516,3.7,30.48,115.9495,1.86,59.774193548387096,107.69,64.31950378417969,409.9678039550781,-0.010415045331646833,-0.004978726458392924,68.0,45.774193548387096,38.806451612903224,-0.0049936145610886,132.72264099121094,-0.02469849789629741,201.20314025878906,-0.04225894554179066,24.93000030517578,-0.045758606725933126,35.65999984741211,-0.05712714867742086,99.41242980957031,1282.668488888889,59.774193548387096,30.48
2022-03-04,130.96730041503906,24446000,-0.012462203222552093,0.0354179674342745,0.08719580970591778,-0.1328922636449672,0.21258064516129033,287.7598387096774,3.7,31.98,116.6503,1.74,59.961290322580645,115.77,63.39463424682617,406.6370544433594,-0.014379301501716513,-0.008124417282494023,68.0,46.16129032258065,38.70967741935484,-0.01488449618543608,130.74713134765625,-0.014337274190320382,198.3184356689453,-0.03008423549213879,24.18000030517578,-0.0720695374599315,33.09000015258789,-0.06214193719107308,93.23474884033203,1282.9966444444444,59.961290322580645,31.98
2022-03-07,125.35924530029297,39178000,0.0021864043443990955,0.07918423169447042,0.11543551561743914,-0.07475628362262343,0.22516129032258064,287.84567741935484,3.7,36.45,117.3278,1.78,60.52258064516129,119.26,61.28753662109375,394.6496887207031,-0.03323779134884608,-0.029479275416908646,68.0,47.32258064516129,38.41935483870968,-0.04190838130280594,125.26773071289062,-0.06293092165828773,185.83807373046875,-0.045078583078205114,23.09000015258789,-0.08673317697186356,30.219999313354492,-0.07671598421173009,86.0821533203125,1283.9811111111112,60.52258064516129,36.45
2022-03-08,126.16614532470703,35250000,0.01871475031307357,0.10213027886993475,0.0777623959679381,-0.07895300972996733,0.22935483870967743,287.87429032258063,3.7,35.13,117.6176,1.86,60.70967741935484,123.64,61.134986877441406,391.6575622558594,-0.0024890826432700797,-0.007581727669779825,68.0,47.70967741935484,38.32258064516129,0.005744653845657144,125.98735046386719,0.015042346370219617,188.63351440429688,-0.0012992934797423361,23.059999465942383,0.03309066918337389,31.219999313354492,-0.01659564511440259,84.653564453125,1284.3092666666666,60.70967741935484,35.13
2022-03-09,132.696044921875,32258000,-0.0013110070778973304,0.03464308318139242,0.019415116747589334,-0.12421357973811598,0.2335483870967742,287.9029032258064,3.7,32.45,116.5961,1.94,60.89677419354839,108.81,62.96561050415039,402.1582336425781,0.02994396040975489,0.026810848043472557,68.0,48.096774193548384,38.225806451612904,0.04968736325510892,132.24732971191406,0.04314444755605873,196.77200317382812,0.09540333104468024,25.260000228881836,0.07879567731985859,33.68000030517578,0.1280500971906986,95.49346160888672,1284.637422222222,60.89677419354839,32.45
2022-03-10,131.5224151611328,24266000,0.014459154194587542,0.06504275851379426,0.010012584325246543,-0.1338841339467829,0.237741935483871,287.9315161290322,3.7,30.23,116.7401,1.98,61.08387096774194,105.93,62.4984130859375,400.3423156738281,-0.007419882289271151,-0.004515431531271097,68.0,48.483870967741936,38.12903225806452,-0.0074239401792624005,131.26553344726562,-0.016574116077902268,193.51068115234375,-0.05304830326389931,23.920000076293945,-0.05760096545365789,31.739999771118164,-0.04063478032510481,91.61310577392578,1284.9655777777778,61.08387096774194,30.23
2022-03-11,129.3351593017578,26600000,0.04848439301571039,0.08465983625269557,-0.00520392080847476,-0.14598886116259246,0.24193548387096775,287.96012903225807,3.7,30.75,117.0192,2.0,61.270967741935486,109.31,61.37335205078125,395.25189208984375,-0.01800143363015072,-0.012715177448620496,68.0,48.87096774193548,38.03225806451613,-0.01932341991705311,128.72903442382812,-0.03893244522357664,185.97683715820312,-0.03511706312327223,23.079999923706055,-0.05324513378211915,30.049999237060547,-0.06806453377868416,85.37750244140625,1285.2937333333334,61.270967741935486,30.75
2022-03-14,125.63333129882812,30254000,0.07682984624047151,0.12000039837221221,0.01288843416158314,-0.15673304908018526,0.25451612903225806,288.04596774193544,3.7,31.77,117.1506,2.14,61.83225806451613,103.22,60.658260345458984,392.3632507324219,-0.011651501530022146,-0.0073083555454941385,68.0,50.03225806451613,37.74193548387097,-0.030180162453448678,124.8439712524414,-0.005223586330951213,185.00537109375,-0.03076252542546143,22.3700008392334,-0.06821961028645518,28.0,-0.03832672064053755,82.10526275634766,1286.2782,61.83225806451613,31.77
2022-03-15,128.52731323242188,30292000,0.08188310666084453,0.10480821581813782,0.004824076837616653,-0.17327172466979757,0.25870967741935486,288.0745806451613,3.7,29.83,117.246,2.15,62.01935483870968,96.42,61.82145690917969,400.9915466308594,0.019176226899619397,0.02199058113197694,68.0,50.41935483870968,37.645161290322584,0.025779798746592197,128.0624237060547,0.028934195454629386,190.3583526611328,0.016539960572368173,22.739999771118164,0.05642856870378776,29.579999923706055,0.029508532154907563,84.52806854248047,1286.6063555555556,62.01935483870968,29.83
2022-03-16,132.52207946777344,32058000,0.03600128820293724,0.06697572944145902,-0.048152054003198885,-0.17428304563506114,0.26290322580645165,288.1031935483871,3.7,26.67,116.8073,2.19,62.20645161290323,94.85,63.528141021728516,409.8832092285156,0.027606662765260914,0.022174189636575248,68.0,50.806451612903224,37.54838709677419,0.03159901242734908,132.10906982421875,0.06040724389945762,201.8573760986328,0.06904132412605635,24.309999465942383,0.10074379503959108,32.560001373291016,0.054699216003808226,89.15168762207031,1286.934511111111,62.20645161290323,26.67
2022-03-17,133.4241180419922,23994000,0.04986263282267567,0.0375113090760919,-0.049327413749389204,-0.20775912122517592,0.2670967741935484,288.1318064516129,3.7,25.67,116.0467,2.2,62.39354838709677,102.97,64.21463012695312,415.0111999511719,0.010806063174268132,0.012510858232783306,68.0,51.193548387096776,37.45161290322581,0.0041903925894271055,132.66265869140625,0.020674771381650414,206.03073120117188,0.023858491832491335,24.889999389648438,0.043304661791836896,33.970001220703125,0.03139879284125602,91.95094299316406,1287.2626666666665,62.39354838709677,25.67
2022-03-18,135.60589599609375,45900000,0.03450260535870764,0.028497587730846652,-0.04583637708184518,-0.21151807322730065,0.27129032258064517,288.16041935483867,3.7,23.87,116.1378,2.14,62.58064516129032,104.69,65.05364990234375,419.5567626953125,0.013065866356807954,0.010952867644717701,68.0,51.58064516129032,37.354838709677416,0.017084072333446,134.9290771484375,0.04161858272918284,214.60543823242188,0.05745280595589364,26.31999969482422,0.05975857245656169,36.0,0.07799708501207325,99.12284851074219,1287.5908222222222,62.58064516129032,23.87
2022-03-21,135.2857208251953,26632000,0.04009041194619711,0.05249171421207888,-0.060324427297956174,-0.17924805593449644,0.2838709677419355,288.2462580645161,3.7,23.53,115.9398,2.32,63.14193548387097,112.14,64.44476318359375,419.4339904785156,-0.009359762590785303,-0.00029262361547499616,68.0,52.74193548387097,37.064516129032256,-0.0001766426408549293,134.90524291992188,-0.023095931268078518,209.64892578125,-0.02963521232297961,25.540000915527344,-0.023055606418185715,35.16999816894531,-0.025903251404878147,96.55524444580078,1288.5752888888887,63.14193548387097,23.53
2022-03-22,139.05152893066406,29776000,0.021190005663412004,0.005599546400309574,-0.10935471449698508,-0.2013402786670867,0.2880645161290323,288.2748709677419,3.7,22.94,116.0824,2.38,63.329032258064515,111.03,65.64915466308594,424.34197998046875,0.018688740868843867,0.0117014586642199,68.0,53.12903225806451,36.96774193548387,0.02767445411513214,138.638671875,0.024398539341020653,214.76405334472656,0.03563037646012246,26.450000762939453,0.030423757896759884,36.2400016784668,0.0427872397938982,100.68657684326172,1288.9034444444444,63.329032258064515,22.94
2022-03-23,137.2930450439453,25302000,0.02989807212715956,-0.009584738748629196,-0.13638297477437689,-0.18641416629721785,0.292258064516129,288.30348387096774,3.7,23.57,116.005,2.32,63.516129032258064,114.89,64.75064086914062,418.87713623046875,-0.013686601123145015,-0.012878395275083387,68.0,53.516129032258064,36.87096774193548,-0.011385978861135793,137.0601348876953,-0.014724283020612017,211.601806640625,-0.029867708610211374,25.65999984741211,-0.009933791216281018,35.880001068115234,-0.017447955402024595,98.92980194091797,1289.2316,63.516129032258064,23.57
2022-03-24,140.07699584960938,20544000,-0.011764704600806586,-0.03430000546835832,-0.1278165041155388,-0.16116118084296815,0.2964516129032258,288.33209677419353,3.7,21.67,115.9599,2.34,63.70322580645161,114.2,65.8116455078125,425.1914367675781,0.016386009843765592,0.015074349948847932,68.0,53.903225806451616,36.774193548387096,0.023840248005732922,140.3276824951172,0.02862354206255535,217.65859985351562,0.026500401762253434,26.34000015258789,0.03260864364870475,37.04999923706055,0.04458974743977495,103.34105682373047,1289.5597555555555,63.70322580645161,21.67
2022-03-25,140.28465270996094,19270000,-0.005804739008635762,-0.05307322028846939,-0.15556297005719677,-0.17593807495245384,0.3006451612903226,288.3607096774193,3.7,20.81,115.7921,2.48,63.89032258064516,116.2,66.1270980834961,427.2678527832031,0.0047932637643310905,0.004883485028321477,68.0,54.29032258064516,36.67741935483871,0.0007133136845860477,140.4277801513672,0.010247416063150938,219.8890380859375,-0.032270325609174866,25.489999771118164,-0.044534352096050056,35.400001525878906,-0.003082364946369265,103.02252197265625,1289.887911111111,63.89032258064516,20.81
2022-03-28,140.70938110351562,23774000,0.011923292555573672,-0.08561811326320035,-0.1897110349367187,-0.20696354075733636,0.3132258064516129,288.44654838709675,3.7,19.63,116.1911,2.46,64.45161290322581,107.55,66.33739471435547,430.30706787109375,0.0031801884092030885,0.007113137738056663,68.0,55.45161290322581,36.38709677419355,-0.0015351390703650658,140.2122039794922,0.007979446864568418,221.6436309814453,0.037661867416296735,26.450000762939453,0.0234462706378884,36.22999954223633,0.01011888293350216,104.06499481201172,1290.8723777777777,64.45161290322581,19.63
2022-03-29,141.99803161621094,28678000,-0.015266952454136229,-0.10384287183847207,-0.16641181270157057,-0.21635951838725687,0.3174193548387097,288.47516129032255,3.7,18.9,115.5679,2.41,64.63870967741936,104.25,67.49398040771484,435.6303405761719,0.017434897742661715,0.01237086978704438,68.0,55.83870967741935,36.29032258064516,0.007422939755773905,141.25299072265625,0.028042419069125746,227.8590545654297,0.008317554140215622,26.670000076293945,0.045266337575758264,37.869998931884766,0.03107329783628421,107.29863739013672,1291.2005333333332,64.63870967741936,18.9
2022-03-30,141.39784240722656,21046000,-0.038336619850390385,-0.08663854646917135,-0.19403481236852715,-0.2332512000832232,0.32161290322580643,288.50377419354834,3.7,19.33,115.0818,2.35,64.8258064516129,107.81,67.01604461669922,432.9403991699219,-0.0070811617292169116,-0.006174825662262684,68.0,56.225806451612904,36.193548387096776,-0.003978759783242247,140.69097900390625,-0.00874454252941359,225.8665313720703,-0.03674538955503848,25.690000534057617,-0.027198278541002652,36.84000015258789,-0.003958376395875152,106.87390899658203,1291.5286888888888,64.8258064516129,19.33
2022-03-31,138.4290313720703,29516000,-0.02280357822926038,-0.08876867886489159,-0.16106402221760485,-0.21889449889413515,0.3258064516129032,288.5323870967742,3.7,20.56,115.2218,2.32,65.01290322580645,100.53,65.74476623535156,426.2769470214844,-0.01896976147456597,-0.015391153519545342,68.0,56.61290322580645,36.096774193548384,-0.020227271839905026,137.84518432617188,-0.024094759298651014,220.42433166503906,-0.042039700321309215,24.610000610351562,-0.023072705499470048,35.9900016784668,-0.017882840857878946,104.96269989013672,1291.8568444444445,65.01290322580645,20.56
2022-04-01,139.4703369140625,23480000,-0.047544464487488836,-0.09054029570930056,-0.1604157421921839,-0.19056859885115718,0.33,288.561,3.7,19.63,115.4814,2.39,65.2,99.32,66.23224639892578,427.4850158691406,0.007414737194884058,0.0028339999526068027,68.0,57.0,36.0,0.0077876230016487025,138.91867065429688,0.011198050302618778,222.8926544189453,0.008126731029283185,24.809999465942383,0.03889962894942767,37.38999938964844,0.0025748544212171876,105.23296356201172,1292.185,65.2,19.63
2022-04-04,142.38710021972656,19076000,-0.09639209467393228,-0.09127854410248493,-0.14666610798435964,-0.19791483259731224,0.374,288.8347,3.6900000000000004,18.57,115.4112,2.42,64.52,103.29,68.0579605102539,431.1470031738281,0.027565335778158673,0.008566352430487312,68.0,56.8,35.7,0.02012834991949841,141.71487426757812,0.04020457172219771,231.8539581298828,0.10439339815961235,27.399999618530273,0.052153003337018555,39.34000015258789,0.03962576927078376,109.40290069580078,1293.1233736263737,64.52,18.57
2022-04-05,139.8301544189453,19256000,-0.0899491690718448,-0.09086357143005241,-0.17238042193566083,-0.15423603617189996,0.38866666666666666,288.9259333333333,3.686666666666667,21.03,115.73,2.54,64.29333333333334,101.98,67.1881332397461,425.701171875,-0.012780683758173428,-0.012631031315860741,68.0,56.733333333333334,35.6,-0.016650146122294762,139.3553009033203,-0.008764851563178189,229.82179260253906,-0.0463503823155087,26.1299991607666,-0.027707172047791384,38.25,-0.04746773231744661,104.20979309082031,1293.4361648351648,64.29333333333334,21.03
2022-04-06,135.9771270751953,23574000,-0.050227478362820155,-0.08921749305973015,-0.15684959384033725,-0.1239830298212502,0.4033333333333333,289.01716666666664,3.6833333333333336,22.1,115.9995,2.61,64.06666666666666,96.39,65.93592071533203,421.4443664550781,-0.01863740610184561,-0.00999951539050925,68.0,56.666666666666664,35.5,-0.028757151840472783,135.34783935546875,-0.03683572549823888,221.35614013671875,-0.0646765664365756,24.440000534057617,-0.04653591579861116,36.470001220703125,-0.03297521499765799,100.77345275878906,1293.748956043956,64.06666666666666,22.1
2022-04-07,135.27235412597656,19448000,-0.06750444349366158,-0.12348231158453227,-0.17133341131607838,-0.1461364870247278,0.41800000000000004,289.10839999999996,3.68,21.55,116.3512,2.66,63.84,96.05,65.36238861083984,423.56805419921875,-0.008698325560180242,0.005039070190933526,68.0,56.6,35.4,-0.0048299037807226775,134.69412231445312,-0.0015674033053197922,221.00918579101562,-0.03559741490271395,23.56999969482422,-0.006032388630089591,36.25,-0.019157096244576843,98.84292602539062,1294.0617472527472,63.84,21.55
2022-04-08,132.83929443359375,16434000,-0.04514208760273086,-0.08029589848371588,-0.14495874913103468,-0.14298137921623344,0.4326666666666667,289.19963333333334,3.6766666666666667,21.16,116.4176,2.72,63.61333333333334,98.35,65.07563018798828,422.4354553222656,-0.0043872084381568754,-0.002673947824262557,68.0,56.53333333333333,35.3,-0.019140476933300454,132.1160125732422,-0.0027808505047411947,220.39459228515625,-0.0008485557073666383,23.549999237060547,-0.016000050511853492,35.66999816894531,-0.01874989386779713,96.98963165283203,1294.3745384615384,63.61333333333334,21.16
2022-04-11,128.662109375,24188000,0.005659037001897627,-0.07928172438330172,-0.12200254981024672,-0.13566988851992412,0.4766666666666667,289.4733333333333,3.666666666666667,24.37,116.5401,2.79,62.93333333333334,94.22,64.23446655273438,415.2150573730469,-0.01292593913918283,-0.017092310454174586,68.0,56.333333333333336,35.0,-0.03349163900071084,127.69123077392578,-0.02640222988719021,214.57568359375,-0.01273882151929917,23.25,-0.03560405686177126,34.400001525878906,-0.039609994002025584,93.14787292480469,1295.312912087912,62.93333333333334,24.37
2022-04-12,127.25254821777344,23004000,-0.0010047816310161384,-0.10402376702160276,-0.11850871436274757,-0.13191471604891492,0.49133333333333334,289.5645666666667,3.6633333333333336,24.26,116.3866,2.72,62.70666666666667,100.52,63.70875549316406,413.6766357421875,-0.008184251972244816,-0.0037051200421115427,68.0,56.266666666666666,34.9,-0.008608663154036189,126.59197998046875,-0.010717918493757028,212.27587890625,-0.024516115906418,22.68000030517578,-0.024127959134835564,33.56999969482422,-0.024559594098751747,90.86019897460938,1295.6257032967033,62.70666666666667,24.26
2022-04-13,129.1473388671875,19542000,-0.04105195066045986,-0.08346635081169218,-0.10569436895956896,-0.13446578369054085,0.506,289.6558,3.66,21.82,116.2796,2.7,62.480000000000004,104.26,64.6454849243164,418.4146423339844,0.014703307636465324,0.011453406314079873,68.0,56.2,34.8,0.01706549352171538,128.75233459472656,0.003969461127429907,213.11849975585938,0.011904781928157915,22.950000762939453,0.03306525530063387,34.68000030517578,0.023265823779677453,92.97413635253906,1295.9384945054944,62.480000000000004,21.82
2022-04-14,126.140869140625,23484000,-0.06003017140435052,-0.09655182049381328,-0.09791916260381328,-0.1362876035713111,0.5206666666666667,289.7470333333333,3.6566666666666667,22.7,116.7558,2.83,62.25333333333334,106.84,63.54624557495117,413.20465087890625,-0.017004116384186307,-0.012451742668506904,68.0,56.13333333333333,34.7,-0.02435833363060269,125.61614227294922,-0.02237327104144693,208.350341796875,-0.03442269669999609,22.15999984741211,-0.04296429254195888,33.189998626708984,-0.04381245637521325,88.90071105957031,1296.2512857142856,62.25333333333334,22.7
2022-04-18,126.8426513671875,14918000,-0.036815750725390894,-0.0844318252902766,-0.08799147334940505,-0.10425833297244236,0.5793333333333334,290.11196666666666,3.6433333333333335,22.17,116.8441,2.85,61.346666666666664,108.24,63.3359375,413.3746032714844,-0.0033095279358891228,0.0004113031937482692,68.0,55.86666666666667,34.3,0.007468496805814073,126.55430603027344,0.0028072903423119744,208.93524169921875,-0.014891693410575169,21.829999923706055,-0.016571234101165233,32.63999938964844,-0.01769807989671479,87.32733917236328,1297.5024505494505,61.346666666666664,22.17
2022-04-19,129.3902130126953,22720000,-0.08446278336883173,-0.09500806453800281,-0.13889419894555444,-0.12128164182837708,0.594,290.2032,3.64,21.37,117.1324,2.93,61.12,102.54,64.59768676757812,420.04754638671875,0.019921537714320925,0.01614260542961299,68.0,55.8,34.2,0.018269050260415476,128.8663330078125,0.03102898023629974,215.4182891845703,0.04076955532564863,22.719999313354492,0.030330934343729465,33.630001068115234,0.03802381390664422,90.64785766601562,1297.8152417582417,61.12,21.37
2022-04-20,127.12468719482422,22610000,-0.10312260108590032,-0.044216028495626114,-0.13645712071673333,-0.10297058296279538,0.6086666666666667,290.2944333333333,3.6366666666666667,20.32,116.7306,2.85,60.89333333333333,102.56,61.797000885009766,419.7359924316406,-0.04335582313721542,-0.000741711165219594,68.0,55.733333333333334,34.1,-0.015145374088377794,126.91460418701172,-0.07772311729152148,198.67530822753906,-0.07394359368838843,21.040000915527344,-0.08534049206303651,30.760000228881836,-0.0989247391468141,81.6805419921875,1298.1280329670328,60.89333333333333,20.32
2022-04-21,123.84558868408203,30158000,-0.044230133405500416,-0.0655607952570273,-0.1250585777870814,-0.13268627274261213,0.6233333333333333,290.3856666666667,3.6333333333333333,22.68,117.1432,2.9,60.666666666666664,103.89,60.038204193115234,413.45947265625,-0.02846087458462998,-0.014953494312053395,68.0,55.666666666666664,34.0,-0.025191357642111445,123.71745300292969,-0.061620604920668676,186.4328155517578,-0.038498162454605245,20.229999542236328,-0.043563073557122745,29.420000076293945,-0.08224989426521423,74.96232604980469,1298.4408241758242,60.666666666666664,22.68
2022-04-22,118.56861114501953,46410000,-0.03885406528848645,-0.033056313853172536,-0.06644297914712838,-0.0953400435299473,0.638,290.4769,3.6300000000000003,28.21,118.0186,2.9,60.44,102.86,58.613948822021484,402.114501953125,-0.02372248454521686,-0.027439136005857567,68.0,55.6,33.9,-0.041493487808936136,118.583984375,-0.021055877851649307,182.50730895996094,-0.031636154430564445,19.59000015258789,0.011556769262616617,29.760000228881836,-0.00463560899222859,74.61483001708984,1298.7536153846154,60.44,28.21
2022-04-25,122.17284393310547,34522000,-0.049436101764274376,-0.08248284456574251,-0.1405598135416134,-0.14450312640526497,0.682,290.7506,3.62,27.02,118.6271,2.81,59.76,99.6,59.41688537597656,404.4457702636719,0.013698728205348454,0.005797523588986664,68.0,55.4,33.6,0.028741546055340628,121.99227142333984,0.015642767677978675,185.3622283935547,0.020929037479254342,20.0,0.005040309723677305,29.90999984741211,0.06701162535666216,79.6148910522461,1299.691989010989,59.76,27.02
2022-04-26,118.46155548095703,49394000,-0.011518134902231192,-0.041181959700761106,-0.11435813747066159,-0.04942019359447125,0.6966666666666667,290.84183333333334,3.6166666666666667,33.52,118.9624,2.77,59.53333333333333,102.62,57.4669075012207,392.7327575683594,-0.032818581156128346,-0.028960650738605542,68.0,55.333333333333336,33.5,-0.03594585563483055,117.6071548461914,-0.0323012234461284,179.3748016357422,-0.03900003433227539,19.219999313354492,-0.040789011019003674,28.690000534057617,-0.03661510665307299,76.69978332519531,1300.00478021978,59.53333333333333,33.52
2022-04-27,114.0152587890625,62238000,0.06567962651483428,-0.009211528640393651,-0.05846345286414645,-0.00374278784128268,0.7113333333333334,290.93306666666666,3.6133333333333333,31.6,119.4708,2.82,59.306666666666665,101.96,56.1860466003418,393.8369140625,-0.02228866936770002,0.0028114703264812135,68.0,55.266666666666666,33.4,-0.03670877823263763,113.2899398803711,-0.03315841673183473,173.42701721191406,-0.02861598630122708,18.670000076293945,-0.05576857273217484,27.09000015258789,-0.02982624228677966,74.41211700439453,1300.3175714285715,59.306666666666665,31.6
2022-04-28,118.36788177490234,36790000,-0.02231778024926656,-0.05234417776929834,-0.05537568688822192,-0.023209643232247612,0.726,291.0243,3.6100000000000003,29.99,120.0675,2.85,59.08,105.47,58.432342529296875,403.7851257324219,0.039979604632681465,0.025259723796086764,68.0,55.2,33.3,0.03699211112509615,117.48077392578125,0.17593608073686173,203.9390869140625,0.13551155202500254,21.200000762939453,0.0634920377876107,28.809999465942383,0.05850300589182478,78.76544952392578,1300.6303626373626,59.08,29.99
2022-04-29,113.96173858642578,33694000,0.00603212397402908,0.013473414984997545,-0.008067513086294054,0.0044665018387324285,0.7406666666666667,291.11553333333336,3.606666666666667,33.4,119.4933,2.89,58.85333333333333,104.59,56.45368576049805,388.86297607421875,-0.03386235572888019,-0.0369556695064881,68.0,55.13333333333333,33.2,-0.03723344702450382,113.10655975341797,-0.025567452319998796,198.72488403320312,-0.03207548493887402,20.520000457763672,-0.012148572994021722,28.459999084472656,-0.030024375372011414,76.40056610107422,1300.9431538461538,58.85333333333333,33.4
2022-05-02,116.13309478759766,30280000,-0.03476540910380033,-0.020182308304334873,-0.02577750839799009,-0.010729219421333758,0.7841935483870968,291.4160322580645,3.6,32.34,119.8825,2.99,58.12903225806451,105.18,58.01175308227539,391.20367431640625,0.027599036285909984,0.006019339423408487,67.83870967741936,54.645161290322584,33.096774193548384,0.021676544169709988,115.55831909179688,0.05317494333762762,209.2920684814453,0.07992199576330661,22.15999984741211,0.03724530595186626,29.520000457763672,0.0194567092488247,77.88706970214844,1301.8815274725273,58.12903225806451,32.34
2022-05-03,117.09709930419922,21216000,-0.03000947801464815,-0.012088426807893682,-0.003246449686349795,0.005506526486480423,0.7983870967741936,291.53406451612904,3.6,29.25,119.7043,2.97,57.85806451612903,102.53,58.16469192504883,392.9969787597656,0.002636342372838385,0.004584068507262895,67.6774193548387,54.29032258064516,33.193548387096776,0.006441769231886552,116.30271911621094,0.004262853355876173,210.1842498779297,0.010379040786103078,22.389999389648438,-0.019986454723537217,28.93000030517578,-0.02069652753003437,76.27507781982422,1302.1943186813187,57.85806451612903,29.25
2022-05-04,121.50373840332031,33232000,-0.0702754873902861,-0.08300218175132601,-0.06535584096636526,-0.030226354345399886,0.8125806451612904,291.6520967741935,3.6,25.42,119.5592,2.93,57.58709677419355,107.84,60.16246032714844,404.9649658203125,0.03434675463722803,0.030453127396337543,67.51612903225806,53.935483870967744,33.29032258064516,0.041991192617700124,121.18640899658203,0.05367162178888951,221.46517944335938,0.08083972410145912,24.200000762939453,0.04251640267063084,30.15999984741211,0.06150340979324187,80.96625518798828,1302.5071098901099,57.58709677419355,25.42
2022-05-05,115.7261734008789,43090000,-0.03071181710524229,-0.05140198468387791,0.0022612050095260905,0.012621319987571544,0.8267741935483871,291.77012903225807,3.6,31.2,120.0068,3.05,57.31612903225806,108.17,57.944847106933594,390.57135009765625,-0.03686041442048771,-0.0355428665131563,67.35483870967742,53.58064516129032,33.38709677419355,-0.04707543276644732,115.48150634765625,-0.06772295217935964,206.46690368652344,-0.06487609721802967,22.6299991607666,-0.09582226141477967,27.270000457763672,-0.08345258838026315,74.20941162109375,1302.819901098901,57.31612903225806,31.2
2022-05-06,114.649169921875,35310000,0.00739667336026395,-0.05487640624101631,0.013569906389013786,0.02144218094858852,0.8409677419354838,291.88816129032256,3.6,30.19,119.8577,3.12,57.04516129032258,109.72,56.75000762939453,388.2399597167969,-0.020620288726175495,-0.005969179204456387,67.19354838709677,53.225806451612904,33.483870967741936,-0.00651482863287367,114.72916412353516,-0.02165358622394553,201.99615478515625,0.002651408551310963,22.690000534057617,-0.08617529673713997,24.920000076293945,-0.036550445903144047,71.49702453613281,1303.1326923076922,57.04516129032258,30.19
2022-05-09,112.0956802368164,34520000,0.015108348723728682,-0.012535013362164116,0.03673392158844524,0.03905059722220794,0.8835483870967742,292.24225806451614,3.6,34.75,120.4972,3.05,56.23225806451613,103.08,55.2779655456543,375.80963134765625,-0.02593906406768076,-0.03201712770166154,66.70967741935483,52.16129032258065,33.774193548387096,-0.027953193360110817,111.5221176147461,-0.03710056337730261,194.50198364257812,-0.0709563936737223,21.079999923706055,-0.06139649606586384,23.389999389648438,-0.0453624262612341,68.25374603271484,1304.071065934066,56.23225806451613,34.75
2022-05-10,113.58307647705078,31158000,0.01847549104920554,-0.07556429155857025,0.002910416286455497,0.0529347956995776,0.8977419354838709,292.3602903225806,3.6,32.99,120.7742,2.99,55.961290322580645,99.74,55.52649688720703,376.6779479980469,0.004496029097660559,0.0023105226102824172,66.54838709677419,51.806451612903224,33.87096774193548,0.0167449442367662,113.3895492553711,0.007339049659359942,195.929443359375,-0.040796993048582864,20.219999313354492,-0.021376657248707853,22.889999389648438,-0.00650547637504606,67.80972290039062,1304.383857142857,55.961290322580645,32.99
2022-05-11,112.96500396728516,36502000,-0.013688672492151999,-0.07126535697143199,-0.02223110868035494,0.05141245269238626,0.9119354838709678,292.47832258064517,3.6,32.56,120.3925,2.91,55.69032258064516,105.5,54.52283477783203,370.69403076171875,-0.018075372401283984,-0.01588603014360468,66.38709677419355,51.45161290322581,33.96774193548387,-0.006927846122325776,112.60400390625,-0.045079713828942825,187.0970001220703,-0.06577645741202587,18.889999389648438,-0.04587152752548296,21.84000015258789,-0.007117384469500054,67.32709503173828,1304.6966483516483,55.69032258064516,32.56
2022-05-12,112.17201232910156,41464000,-0.02134573385269689,-0.04299182254035172,-0.05553592185333078,0.08385402319724178,0.9261290322580645,292.59635483870966,3.6,31.77,121.2796,2.84,55.41935483870968,106.15,55.11547088623047,370.3070068359375,0.010869502857166147,-0.0010440522200639846,66.2258064516129,51.096774193548384,34.064516129032256,-0.0066766346650015684,111.85218811035156,0.013245754689706235,189.5752410888672,0.06723136573840338,20.15999984741211,0.04258243125816019,22.770000457763672,0.05347673693499044,70.92752838134766,1305.0094395604394,55.41935483870968,31.77
2022-05-13,115.4971923828125,29738000,-0.06181584796539252,-0.031896994989182526,-0.08000219044911339,0.05462369722444471,0.9403225806451613,292.7143870967742,3.6,28.87,120.8442,2.93,55.148387096774194,110.52,56.40589904785156,379.1602783203125,0.023413174937483516,0.023907923212204807,66.06451612903226,50.74193548387097,34.16129032258065,0.028415306510130245,115.03050231933594,0.03859029976087425,196.89100646972656,0.06498013273102998,21.469999313354492,0.08695649988716747,24.75,0.05484481283667497,74.81753540039062,1305.3222307692306,55.148387096774194,28.87
2022-05-16,113.78926086425781,23282000,-0.02723193255246914,-0.006563977035634827,-0.038347494191256826,0.0672299586458518,0.9829032258064516,293.0684838709677,3.6,27.47,120.6881,2.88,54.33548387096774,114.07,56.04266357421875,377.6218566894531,-0.0064396717322893204,-0.004057444091123186,65.58064516129032,49.67741935483871,34.45161290322581,-0.013834526364772226,113.4391098022461,0.007149173837165623,198.29861450195312,0.0009315537216263436,21.489999771118164,-0.05373737065479012,23.420000076293945,-0.022706711192309048,73.1186752319336,1306.2606043956043,54.33548387096774,27.47
2022-05-17,115.68157958984375,21576000,-0.09233386903684693,-0.02197503385959254,-0.0862500244021216,0.031006456933289073,0.9970967741935484,293.18651612903227,3.6,26.1,119.8871,2.98,54.064516129032256,112.31,57.266170501708984,385.38958740234375,0.021831705516100364,0.020570130079304638,65.41935483870968,49.32258064516129,34.54838709677419,0.01772032252200284,115.44928741455078,0.012897498849234523,200.85617065429688,0.0460679284161134,22.479999542236328,0.04782240971754215,24.540000915527344,-0.002772383553891089,72.91596221923828,1306.5733956043955,54.064516129032256,26.1
2022-05-18,111.41866302490234,27982000,-0.0583757712940004,0.047552952926783076,-0.04035109330973774,0.07525725891642265,1.011290322580645,293.30454838709676,3.6,30.96,120.0274,2.89,53.79354838709677,109.67,55.392677307128906,369.8539733886719,-0.03271553131921345,-0.04031145241465184,65.25806451612904,48.96774193548387,34.645161290322584,-0.03926654533134011,110.9159927368164,-0.05122898419926292,190.56651306152344,-0.017348727650803197,22.09000015258789,-0.07375718442397294,22.729999542236328,-0.04858347717714773,69.37345123291016,1306.8861868131867,53.79354838709677,30.96
2022-05-19,109.77761840820312,29192000,-0.022118218288537772,0.03448007932852093,0.011463174202774207,0.06658969924605107,1.0254838709677419,293.4225806451613,3.6,29.35,119.4278,2.84,53.52258064516129,112.21,55.31620407104492,367.5887145996094,-0.0013805658040316748,-0.006124738280645636,65.09677419354838,48.61290322580645,34.74193548387097,-0.013543421194456062,109.41381072998047,-0.004941561619948187,189.62481689453125,0.04753278541455952,23.139999389648438,0.02067757281867877,23.200000762939453,0.04424652726952205,72.44298553466797,1307.1989780219778,53.52258064516129,29.35
2022-05-20,108.35763549804688,37586000,0.031890170934273376,0.07041698972839727,0.024891830061033682,0.05266530504302991,1.0396774193548388,293.5406129032258,3.6,29.43,119.3677,2.78,53.251612903225805,112.63,55.4595832824707,367.74920654296875,0.002591992958187017,0.0004366073739074938,64.93548387096774,48.25806451612903,34.83870967741935,-0.013371580550344597,107.95077514648438,0.011762214204717125,191.855224609375,-0.009939479183358024,22.90999984741211,0.0025861837917793284,23.260000228881836,0.021985315389899895,74.0356674194336,1307.5117692307692,53.251612903225805,29.43
2022-05-23,110.69055938720703,31558000,0.02124653985719882,0.049818060985635126,0.009116560003413099,0.027792732681744425,1.082258064516129,293.89470967741937,3.6,28.48,118.7169,2.86,52.438709677419354,110.32,56.29119110107422,374.62982177734375,0.01499484434219256,0.018710074996643344,64.45161290322581,47.193548387096776,35.12903225806452,0.023689682984148197,110.50809478759766,0.013898918862515153,194.5218048095703,-0.013967686466849316,22.59000015258789,-0.03396392552681071,22.469999313354492,-0.020599540210364697,72.51056671142578,1308.4501428571427,52.438709677419354,28.48
2022-05-24,105.00025177001953,60386000,0.0775162064299948,0.1067915762676408,0.11906419088321507,0.08283126588136414,1.0964516129032258,294.01274193548386,3.6,29.45,118.6245,2.76,52.16774193548387,112.55,54.29343032836914,371.7699890136719,-0.0354897584085222,-0.007633756304033845,64.29032258064517,46.83870967741935,35.225806451612904,-0.04949402178892126,105.03860473632812,-0.07618624178618105,179.70191955566406,-0.23638778736246024,17.25,-0.4307966020162891,12.789999961853027,-0.04432916092572625,69.29623413085938,1308.762934065934,52.16774193548387,29.45
2022-05-25,104.91451263427734,37900000,0.11249575041877691,0.08577591081024383,0.10188036015359936,0.11206110234227817,1.1106451612903225,294.1307741935484,3.6,28.37,118.9598,2.75,51.89677419354839,112.88,55.01987838745117,375.0545959472656,0.013380036123863182,0.008835051323825338,64.12903225806451,46.483870967741936,35.32258064516129,-0.001557131879003082,104.87504577636719,0.014066721038435759,182.229736328125,0.09565215179885644,18.899999618530273,0.1071149249136194,14.15999984741211,0.023540878821895816,70.92752838134766,1309.075725274725,51.89677419354839,28.37
2022-05-26,107.34953308105469,30288000,0.05787846616592218,0.028916135141577648,0.03947978318921885,0.02773885083690586,1.1248387096774193,294.2488064516129,3.6,27.5,118.7687,2.75,51.6258064516129,116.19,56.358097076416016,382.5486755371094,0.024322458140330294,0.01998130317778446,63.96774193548387,46.12903225806451,35.41935483870968,0.018784561414944223,106.84507751464844,0.042430598073720516,189.96185302734375,0.0338625031700841,19.540000915527344,0.04590399570684922,14.8100004196167,0.059880087511440916,75.17467498779297,1309.3885164835165,51.6258064516129,27.5
2022-05-27,111.81317901611328,29924000,0.03733616219955049,-0.05250492696398101,-0.00480956839843294,-0.02179982405332792,1.139032258064516,294.36683870967744,3.6,25.72,118.2834,2.74,51.354838709677416,114.96,57.5625,391.93994140625,0.021370539213751982,0.024549205028497445,63.806451612903224,45.774193548387096,35.516129032258064,0.0419694584515522,111.32930755615234,0.018264341724139488,193.43138122558594,0.04657112613996772,20.450000762939453,0.05199186240869014,15.579999923706055,0.025166911170324324,77.06658935546875,1309.7013076923076,51.354838709677416,25.72
2022-05-31,113.04235076904297,51302000,0.027977104463366098,-0.060023404692290505,-0.04092028130175118,-0.03620694693759818,1.1958064516129032,294.8389677419355,3.6,26.19,118.0704,2.85,50.270967741935486,114.38,57.524261474609375,389.7406921386719,-0.0006642957722584608,-0.005611189458485377,63.16129032258065,44.354838709677416,35.903225806451616,0.012870066141704273,112.76212310791016,-0.007635808603156713,191.95437622070312,-0.039119858902840865,19.649999618530273,-0.09435175059225132,14.109999656677246,-0.013276545765721348,76.04341125488281,1310.9524725274725,50.270967741935486,26.19
2022-06-01,113.13947296142578,28630000,0.027169308139355808,-0.03282448662681747,-0.04429749328648591,-0.043693019084971474,1.21,294.957,3.6,25.69,118.6954,2.94,50.0,115.26,56.86471939086914,386.5882873535156,-0.011465459387624666,-0.00808846714942102,63.0,44.0,36.0,0.0011426961526341817,112.89097595214844,-0.02582130477438571,186.99786376953125,-0.03664118714157738,18.93000030517578,-0.012756864343103191,13.930000305175781,0.005839074352358198,76.48743438720703,1311.2652637362637,50.0,25.69
2022-06-02,116.71694946289062,27472000,-0.02401792510081502,-0.09435569543434952,-0.03277398230028339,-0.061114603142148116,1.2256666666666667,294.95553333333334,3.5966666666666667,24.72,118.0658,2.92,50.05,116.88,58.250732421875,393.9503173828125,0.024373865656117433,0.019043593068210685,62.93333333333333,44.666666666666664,36.2,0.032754750573196434,116.58869171142578,0.054177153464045835,197.12887573242188,0.058637115290910424,20.040000915527344,0.06963383288614011,14.899999618530273,0.06171129398731878,81.20757293701172,1311.5780549450549,50.05,24.72
2022-06-03,113.56275939941406,25052000,-0.027377748910338506,-0.05846953066121108,0.005669303209199006,-0.051360042910606474,1.2413333333333334,294.9540666666667,3.5933333333333333,24.79,118.2153,2.96,50.1,118.97,56.98897933959961,387.4849853515625,-0.02166072476372094,-0.0164115416233247,62.86666666666667,45.333333333333336,36.4,-0.02619832211640305,113.53426361083984,-0.04063150832128526,189.11923217773438,-0.028942205816232858,19.459999084472656,-0.027516768987176143,14.489999771118164,-0.022821881806333155,79.35426330566406,1311.890846153846,50.1,24.79
2022-06-06,115.98785400390625,23786000,-0.08660749758596464,-0.042692708429258874,0.019618016728541354,-0.08144981569136134,1.2883333333333333,294.94966666666664,3.5833333333333335,25.07,118.3081,3.04,50.25,118.41,57.275733947753906,388.664794921875,0.005031755463552168,0.003044787836726348,62.666666666666664,47.333333333333336,37.0,0.019901267125425504,115.79373931884766,0.018188547180202796,192.5590362548828,0.024666057151459864,19.940000534057617,0.04554864443322071,15.149999618530273,0.00863637596020883,80.03959655761719,1312.8292197802198,50.25,25.07
2022-06-07,116.20494842529297,26414000,-0.08560551472748568,-0.04431905136917835,0.02507055412191339,-0.05757505228571724,1.304,294.9482,3.58,24.02,118.4414,2.98,50.3,119.55,57.68675994873047,392.3929748535156,0.007176267725377272,0.009592275864321653,62.6,48.0,37.2,0.0028162421592696774,116.11984252929688,0.007207151380766552,193.94683837890625,0.0015044522815150785,19.969999313354492,0.008580865855726705,15.279999732971191,0.01664272539665146,81.37167358398438,1313.142010989011,50.3,24.02
2022-06-08,116.21339416503906,22544000,-0.05840691918146168,-0.03883990897776457,-0.0061031404141798085,-0.06668497422782949,1.3196666666666665,294.9467333333333,3.5766666666666667,23.96,118.3951,3.03,50.35,121.94,57.5338249206543,388.12677001953125,-0.0026511287548840468,-0.010872276282665294,62.53333333333333,48.666666666666664,37.4,0.0003798933775556179,116.16395568847656,0.005060068447346744,194.92822265625,0.0410616740294274,20.790000915527344,-0.007198930536620907,15.170000076293945,0.004033079219183167,81.6998519897461,1313.454802197802,50.35,23.96
2022-06-09,113.91365051269531,23142000,-0.07206871124226355,0.03150080135879385,-0.0005960796710712257,-0.027306409731770898,1.3353333333333333,294.94526666666667,3.5733333333333333,26.09,118.9226,3.04,50.4,121.52,55.76545715332031,378.8959655761719,-0.030736141213847046,-0.023782962568891786,62.46666666666667,49.333333333333336,37.6,-0.020124798352695317,113.82617950439453,-0.06427990821942176,182.39825439453125,-0.025974068867117506,20.25,-0.0705339281109365,14.100000381469727,-0.049858230277956106,77.6264419555664,1313.7675934065933,50.4,26.09
2022-06-10,110.45366668701172,31324000,-0.03196696530028942,0.046622031067355296,0.00681614902361849,0.003971159704761584,1.351,294.9438,3.5700000000000003,27.75,119.9981,3.15,50.45,120.73,54.20738983154297,367.9096374511719,-0.02793964940507221,-0.02899563237178715,62.4,50.0,37.8,-0.03199359224635001,110.1844711303711,-0.04581537090087617,174.04161071777344,-0.04987655451268325,19.239999771118164,-0.058156072788209556,13.279999732971191,-0.046505762899236025,74.01636505126953,1314.0803846153844,50.45,27.75
2022-06-13,105.94243621826172,36756000,0.048078771218990735,0.05328585367497696,0.04269892591051749,-0.014657188882656436,1.398,294.9394,3.56,34.02,121.1523,3.43,50.6,120.92,51.64565658569336,353.9407958984375,-0.04725800769619337,-0.03796813165729662,62.2,52.0,38.4,-0.04290152006297698,105.45738983154297,-0.0644186024695268,162.83009338378906,-0.10498963003086748,17.219999313354492,-0.0948794654023396,12.020000457763672,-0.05685971604518203,69.80781555175781,1315.0187582417582,50.6,34.02
2022-06-14,106.25716400146484,25480000,0.04515169767893212,0.04722732748876157,0.051989687333668044,-0.012351462113473377,1.4136666666666666,294.9379333333333,3.5566666666666666,32.69,121.6669,3.49,50.65,118.92,51.50228500366211,352.8742370605469,-0.0027760627225904555,-0.0030133820408673184,62.13333333333333,52.666666666666664,38.6,0.003035844934397236,105.77754211425781,-0.0032266187046988692,162.30470275878906,-0.001742089459528029,17.190000534057617,-0.009151464738964554,11.90999984741211,0.010370443231309867,70.53175354003906,1315.3315494505493,50.65,32.69
2022-06-15,109.42572784423828,33192000,0.020780749776418528,-0.009221797172893287,-0.004352682687835396,-0.05879590304413085,1.4293333333333333,294.93646666666666,3.5533333333333332,29.62,121.6403,3.33,50.7,115.32,52.65888977050781,357.9049987792969,0.022457348577125558,0.01425652878673267,62.06666666666667,53.333333333333336,38.8,0.0285713688092315,108.79975128173828,0.03432488771765119,167.87579345703125,0.10936585819423694,19.06999969482422,0.1083123407540032,13.199999809265137,0.054605441495475526,74.38317108154297,1315.6443406593405,50.7,29.62
2022-06-16,105.70404052734375,35314000,0.11161334234101594,0.02292852172959048,0.07487138068718213,-0.028189282590055154,1.4449999999999998,294.935,3.5500000000000003,32.95,120.6714,3.28,50.75,117.56,50.73758316040039,346.0596923828125,-0.03648589285647019,-0.03309623066703471,62.0,54.0,39.0,-0.033990923664437456,105.10154724121094,-0.050073769022609516,159.46961975097656,-0.0849501288835599,17.450000762939453,-0.0742423906361318,12.220000267028809,-0.05398402449507678,70.36766815185547,1315.9571318681317,50.75,32.95
2022-06-17,106.92279815673828,43516000,0.08118420916495217,0.055824128934249595,0.06336120548699808,-0.03722693179997838,1.4606666666666666,294.93353333333334,3.546666666666667,31.13,121.2369,3.25,50.8,109.56,51.464046478271484,346.8056640625,0.014318051287040445,0.00215561562385691,61.93333333333333,54.666666666666664,39.2,0.010468304361176406,106.2017822265625,0.017840396340982112,162.3146209716797,0.04183378282634287,18.18000030517578,0.016366596145235945,12.420000076293945,-0.059602106897246765,66.1736068725586,1316.269923076923,50.8,31.13
2022-06-21,111.03601837158203,39010000,0.004968216701813466,0.028554362725168536,0.027005342210609795,-0.09092518177320108,1.5233333333333332,294.92766666666665,3.533333333333333,30.19,120.6427,3.31,51.0,110.49,51.828155517578125,355.5361022949219,0.007075017691435814,0.0251738628779965,61.666666666666664,57.333333333333336,40.0,0.041071172004758516,110.56361389160156,-0.04085753250473256,155.68284606933594,0.013201307320651612,18.420000076293945,0.034621602458483336,12.850000381469727,0.021661364889657753,67.60701751708984,1317.5210879120878,51.0,30.19
2022-06-22,111.05485534667969,23922000,0.0019859603294325456,0.06490891636282092,-0.03279348939165505,-0.1073245030874167,1.539,294.9262,3.5300000000000002,28.95,120.5197,3.16,51.05,106.22,51.914390563964844,354.89154052734375,0.001663864853486352,-0.001812929160829535,61.6,58.0,40.2,-0.0005066315461011994,110.50759887695312,-0.007640624450213851,154.4933319091797,0.025515706373930414,18.889999389648438,0.01789879652984272,13.079999923706055,-0.005996578188042112,67.20160675048828,1317.833879120879,51.05,28.95
2022-06-23,111.69967651367188,24710000,-0.029391764054997327,0.06641554024056218,-0.039708278975732036,-0.10750811095097912,1.5546666666666666,294.92473333333334,3.526666666666667,29.05,120.7622,3.09,51.1,105.75,52.556373596191406,358.370361328125,0.012366186432171578,0.009802490066717295,61.53333333333333,58.666666666666664,40.4,0.006767532523840103,111.25546264648438,0.018607439598019804,157.36805725097656,0.053467456935721636,19.899999618530273,0.06574920960959574,13.9399995803833,0.055012863510102816,70.8985595703125,1318.1466703296703,51.1,29.05
2022-06-24,117.50202178955078,39122000,-0.07978027721820824,-0.017003063068035118,-0.11049627545860796,-0.1633905744510583,1.5703333333333334,294.9232666666667,3.5233333333333334,27.23,120.4853,3.13,51.15,109.07,54.55897521972656,369.7643737792969,0.03810387754151057,0.03179395865479928,61.46666666666667,59.333333333333336,40.6,0.05107719704116098,116.93807983398438,0.07187398219750407,168.67872619628906,0.07889445853869681,21.469999313354492,0.05451938678329138,14.699999809265137,0.06807355273148641,75.7248764038086,1318.4594615384615,51.15,27.23
2022-06-27,115.60324096679688,32840000,-0.02345583667956941,-0.015202792332910997,-0.025916907399434086,-0.15273626239312876,1.6173333333333333,294.9188666666667,3.513333333333333,26.95,120.1736,3.2,51.3,111.44,54.041561126708984,368.3519592285156,-0.009483574259483207,-0.003819769158248554,61.266666666666666,61.333333333333336,41.2,-0.018152111251369174,114.8154067993164,-0.003937300268514354,168.01458740234375,-0.03446668815950449,20.729999542236328,-0.009523768126867505,14.5600004196167,-0.022307187077693857,74.0356674194336,1319.397835164835,51.3,26.95
2022-06-28,111.5876693725586,28232000,0.023469544241669693,-0.0034155568921385715,0.017930784856768023,-0.12864272909805463,1.633,294.9174,3.5100000000000002,28.36,120.62,3.2,51.35,113.66,52.47014236450195,360.825439453125,-0.02907796757615111,-0.020432957085810943,61.2,62.0,41.4,-0.033030180904686235,111.02303314208984,-0.05197954700588614,159.28126525878906,-0.0496863869773998,19.700000762939453,-0.05700555312224509,13.729999542236328,-0.06375482365370255,69.31553649902344,1319.7106263736262,51.35,28.36
2022-06-29,111.27540588378906,18628000,0.06279824121757227,-0.0072733181625893595,0.039049056262251414,-0.1025907964914855,1.6486666666666665,294.9159333333333,3.506666666666667,28.16,120.9616,3.1,51.4,111.65,52.63303756713867,360.53167724609375,0.003104531363858465,-0.0008141394006933034,61.13333333333333,62.666666666666664,41.6,-0.0027319248178138134,110.7197265625,0.020288816846841584,162.5128936767578,0.013197883830660784,19.959999084472656,0.016751675424541368,13.960000038146973,-0.010026387605684195,68.62055206298828,1320.0234175824176,51.4,28.16
2022-06-30,108.4166259765625,38046000,0.09870852188090051,0.031035966375011492,0.05584127775857439,-0.10315667753946689,1.6643333333333332,294.91446666666667,3.5033333333333334,28.71,120.9652,2.98,51.45,107.76,52.00062942504883,357.6025390625,-0.012015421707005647,-0.008124496038650064,61.06666666666667,63.333333333333336,41.8,-0.02451624337387659,108.00529479980469,-0.016408422371083975,159.8463134765625,-0.09018032663442399,18.15999984741211,-0.05945558176490007,13.130000114440918,-0.01969339686886029,67.26918029785156,1320.3362087912087,51.45,28.71
2022-07-01,108.12767791748047,31028000,0.06821980946072292,0.0075998529830034744,0.06251312840752066,-0.11854490710926247,1.68,294.913,3.5,26.7,121.5058,2.88,51.5,110.3,52.52762985229492,361.38470458984375,0.01013450092956436,0.010576450428062323,61.0,64.0,42.0,-0.0020695130918936266,107.78177642822266,-0.007565899251676833,158.63693237304688,0.03028630185472858,18.709999084472656,0.003046455560121064,13.170000076293945,0.02582842941890462,69.00663757324219,1320.649,51.5,26.7
2022-07-05,112.89167022705078,36398000,0.008451276098560223,0.006436061733587239,0.04296355387604889,-0.1280831972184514,1.7638709677419355,294.9367419354839,3.5129032258064514,27.54,122.6203,2.82,52.36451612903226,101.55,53.74452209472656,362.0672302246094,0.0231667076137545,0.0018886400727453623,62.16129032258065,61.54838709677419,41.483870967741936,0.04161858851732059,112.26750183105469,0.050990388046666,166.72589111328125,0.08124000706259316,20.229999542236328,0.09187547692767128,14.380000114440918,0.03734793259978786,71.58389282226562,1321.8197391304348,52.36451612903226,27.54
2022-07-06,114.20658111572266,28852000,-0.026268589314720092,-0.004457059906334826,0.0317367195560776,-0.11112848743276649,1.7848387096774194,294.9426774193548,3.5161290322580645,26.73,123.0073,2.93,52.58064516129032,100.31,53.75410842895508,363.2900390625,0.00017836858259934196,0.003377297738688112,62.45161290322581,60.935483870967744,41.354838709677416,0.01155708758457119,113.56498718261719,0.009394183780641496,168.29214477539062,-0.02471576921967278,19.729999542236328,-0.0069541293931773,14.279999732971191,-0.004045235010515125,71.29431915283203,1322.1124239130434,52.58064516129032,26.73
2022-07-07,118.2633056640625,32184000,-0.06593119621640087,-0.03575683594253998,-0.009102698353552263,-0.1432115898527373,1.805806451612903,294.9486129032258,3.5193548387096776,26.08,122.7257,3.01,52.79677419354839,104.62,54.59730911254883,368.7311096191406,0.015686255585620534,0.01497720821270443,62.74193548387097,60.32258064516129,41.225806451612904,0.03675425036563196,117.73898315429688,0.014254622776605386,170.6910858154297,0.027369535127020894,20.270000457763672,0.05742301567451924,15.100000381469727,0.02734911777160276,73.24415588378906,1322.405108695652,52.79677419354839,26.08
2022-07-08,119.11827087402344,29082000,-0.06159281934942973,-0.09826613215722468,-0.016880472578423067,-0.14919461707402837,1.826774193548387,294.9545483870968,3.52258064516129,24.64,122.4662,3.09,53.012903225806454,106.78,54.33859634399414,368.4278564453125,-0.004738562628084253,-0.0008224236195891743,63.03225806451613,59.70967741935484,41.096774193548384,0.004802918349610552,118.30447387695312,-0.007607980790264146,169.39247131347656,-0.001480053575135365,20.239999771118164,-0.009271545681188043,14.960000038146973,-0.008434460823865342,72.62638092041016,1322.6977934782608,53.012903225806454,24.64
2022-07-11,115.5041275024414,26718000,-0.0567485792164093,-0.07133816845722052,0.008388929595886996,-0.1454868922108119,1.8896774193548387,294.9723548387097,3.532258064516129,26.17,123.2974,2.99,53.66129032258065,106.09,52.69052505493164,364.2191162109375,-0.030329662522551648,-0.011423512529649682,63.903225806451616,57.87096774193548,40.70967741935484,-0.030807787543778664,114.65977478027344,-0.046816477882555274,161.4621124267578,-0.08547428665018975,18.510000228881836,-0.06016040215476848,14.0600004196167,-0.06698559818305683,67.76145935058594,1323.5758478260868,53.66129032258065,26.17
2022-07-12,113.84574890136719,24970000,-0.0019983259605454995,-0.08192895183551252,0.05050539505789775,-0.14052743635399834,1.9106451612903226,294.9782903225806,3.535483870967742,27.29,123.4524,2.96,53.87741935483871,97.69,52.661781311035156,360.9961242675781,-0.0005455201645175878,-0.008849046631294266,64.19354838709677,57.25806451612903,40.58064516129032,-0.014315689342368376,113.01834106445312,0.002394538207475705,161.84873962402344,-0.0005402608729432323,18.5,-0.00142250762210272,14.039999961853027,-0.014387449150662701,66.78654479980469,1323.8685326086957,53.87741935483871,27.29
2022-07-13,111.20653533935547,38958000,0.022399944347112122,0.012594827560775457,0.06803805664122065,-0.12601283350655113,1.9316129032258065,294.9842258064516,3.5387096774193547,26.82,123.2834,2.91,54.093548387096774,98.44,52.4222297668457,359.1002197265625,-0.004548868994282529,-0.005251869517608254,64.48387096774194,56.645161290322584,40.45161290322581,-0.023390560257710136,110.3747787475586,0.0013473280978200108,162.06680297851562,-0.004864873112858992,18.40999984741211,-0.014957267714925004,13.829999923706055,-0.03136301461094926,64.6919174194336,1324.1612173913043,54.093548387096774,26.82
2022-07-14,110.466064453125,32366000,0.032304215868932395,0.028266232051256557,0.10059218145331505,-0.11791090936616655,1.9525806451612904,294.9901612903226,3.541935483870968,26.4,124.0622,2.96,54.30967741935484,97.79,51.761077880859375,358.22821044921875,-0.012612051965871784,-0.002428317303753702,64.7741935483871,56.03225806451613,40.32258064516129,-0.008854677490071738,109.39744567871094,-0.03327426912752873,156.6741485595703,-0.046170580582009624,17.559999465942383,-0.04772233196334308,13.170000076293945,-0.04506103629557112,61.776832580566406,1324.4539021739129,54.30967741935484,26.4
2022-07-15,111.78144073486328,34330000,-0.039080383829086296,0.034345278685331326,0.08968067730240703,-0.11578729893497675,1.9735483870967743,294.9960967741935,3.545161290322581,24.23,123.4765,2.93,54.5258064516129,99.59,53.092960357666016,365.0721435546875,0.025731351264985047,0.019104952948530984,65.06451612903226,55.41935483870968,40.193548387096776,0.012775559033574524,110.79505920410156,0.0420753351473544,163.26626586914062,0.16173122089759007,20.399999618530273,0.03644643427909533,13.649999618530273,0.019374938018797305,62.9737548828125,1324.7465869565217,54.5258064516129,24.23
2022-07-18,108.94943237304688,33354000,-0.01546733873847883,0.05067779067829492,0.11463920023641094,-0.11582202515087303,2.036451612903226,295.0139032258065,3.554838709677419,25.3,122.7727,2.96,55.174193548387095,104.48,52.824668884277344,362.0578308105469,-0.005053240045032381,-0.008256759101887168,65.93548387096774,53.58064516129032,39.806451612903224,-0.024580140792018756,108.07170104980469,0.015361195863331512,165.77423095703125,-0.007352922614470181,20.25,0.019780253868808773,13.920000076293945,-0.0016861325577022246,62.86757278442383,1325.6246413043477,55.174193548387095,25.3
2022-07-19,113.61824798583984,30992300,-0.08009067314631291,0.011167478536205255,0.049729753976099245,-0.12074673330033614,2.05741935483871,295.0198387096774,3.5580645161290323,24.5,122.4819,3.01,55.39032258064516,106.12,54.702701568603516,371.8402404785156,0.03555219036848789,0.027018914757536594,66.2258064516129,52.96774193548387,39.67741935483871,0.043841113423668476,112.80968475341797,0.05112719045523906,174.2498016357422,0.019259229118441468,20.639999389648438,0.01652295552986538,14.149999618530273,0.08168287859298196,68.00277709960938,1325.9173260869563,55.39032258064516,24.5
2022-07-20,113.69755554199219,26780100,-0.009590294718372694,0.03557105534711269,0.053705382012735337,-0.11604176086185425,2.0783870967741938,295.0257741935484,3.5612903225806454,23.88,122.5997,3.04,55.60645161290323,104.45,55.6033935546875,374.21002197265625,0.01646521945455315,0.006373117366455627,66.51612903225806,52.354838709677416,39.54838709677419,0.0007908730517547369,112.8989028930664,0.041586092725380386,181.4961700439453,0.03052330846633633,21.270000457763672,0.09611311993044591,15.510000228881836,0.041022027855128096,70.79238891601562,1326.2100108695652,55.60645161290323,23.88
2022-07-21,114.03458404541016,27267800,-0.00391162193818706,0.03329287635344724,0.026773394949440865,-0.12821637840650346,2.0993548387096777,295.03170967741937,3.564516129032258,23.11,122.9032,2.91,55.822580645161295,98.44,55.57465744018555,378.020751953125,-0.0005168050484848363,0.010183399045221808,66.80645161290323,51.74193548387097,39.41935483870968,0.0038629844737947394,113.33502960205078,0.00043683934459637364,181.57545471191406,-0.015514805670142962,20.940000534057617,0.05415861638890829,16.350000381469727,0.01827091573354611,72.08583068847656,1326.5026956521738,55.822580645161295,23.11
2022-07-22,107.41297912597656,44455300,0.07641186763051544,0.09099283363949029,0.061923096756450136,-0.07225925101467923,2.1203225806451615,295.0376451612903,3.567741935483871,23.03,122.451,2.77,56.038709677419355,97.71,53.64871597290039,374.513427734375,-0.03465503083591703,-0.009278126136273324,67.09677419354838,51.12903225806451,39.29032258064516,-0.0563231396947933,106.95164489746094,-0.07588550966160656,167.7965087890625,-0.13514803493453764,18.110000610351562,-0.3908256999531854,9.960000038146973,-0.033074475622097754,69.70162963867188,1326.7953804347826,56.038709677419355,23.03
2022-07-25,107.26427459716797,28289900,0.06718429161305761,0.0917660946176504,0.06062296083109997,-0.06219373124334471,2.183225806451613,295.0554516129032,3.57741935483871,23.36,122.4594,2.81,56.68709677419355,99.83,53.46665573120117,374.9684753417969,-0.0033935619594546163,0.0012150368283847524,67.96774193548387,49.29032258064516,38.903225806451616,-0.0036146152839782175,106.56505584716797,-0.015478444829690963,165.19927978515625,-0.0027609686760915464,18.059999465942383,-0.001004039040515603,9.949999809265137,-0.011909567628130335,68.87151336669922,1327.6734347826086,56.68709677419355,23.36
2022-07-26,104.51848602294922,36626600,0.09920342040083807,0.11437782853570666,0.08782245005948042,-0.0234254711157319,2.2041935483870967,295.0613870967742,3.5806451612903225,24.69,122.7581,2.81,56.903225806451616,97.74,52.39348220825195,370.53216552734375,-0.02007182810057362,-0.011831154100112706,68.25806451612904,48.67741935483871,38.774193548387096,-0.023160585909128173,104.0969467163086,-0.04500457211471853,157.76455688476562,-0.04485047009386034,17.25,-0.0321607739656683,9.630000114440918,-0.040644825313746025,66.0722427368164,1327.9661195652172,56.903225806451616,24.69
2022-07-27,112.60716247558594,41474600,0.04559865460187873,0.06206009276916258,0.03609171927294197,-0.07632032638181163,2.2251612903225806,295.06732258064517,3.5838709677419356,23.24,122.8169,2.78,57.11935483870968,100.03,54.606895446777344,380.153564453125,0.042245965437601285,0.02596643374290597,68.54838709677419,48.064516129032256,38.645161290322584,0.0765568067592115,112.06627655029297,0.06553594078027647,168.1038055419922,0.11304352248924365,19.200000762939453,-0.008307364772103032,9.550000190734863,0.051278483539854314,69.4603271484375,1328.258804347826,57.11935483870968,23.24
2022-07-28,113.5885238647461,23303800,0.03735059971689125,0.045640949001815256,-0.028710982299829935,-0.17252818073282494,2.2461290322580645,295.0732580645161,3.5870967741935487,22.33,122.1161,2.68,57.33548387096774,99.11,53.984073638916016,384.9216003417969,-0.01140555240809038,0.012542394270407486,68.83870967741936,47.45161290322581,38.516129032258064,0.010260164393827598,113.21609497070312,-0.05224678086324308,159.3209228515625,0.005208253653516293,19.299999237060547,0.012565432791876052,9.670000076293945,0.007781923802193003,70.00086212158203,1328.5514891304347,57.33548387096774,22.33
2022-07-29,115.62060546875,31336200,0.013545898598342099,0.05152612166425241,-0.054012293541562006,-0.2061041567247066,2.2670967741935484,295.0791935483871,3.5903225806451613,21.33,121.7678,2.67,57.55161290322581,101.31,54.0128059387207,390.5332946777344,0.000532236599943614,0.01457879820450314,69.12903225806451,46.83870967741935,38.38709677419355,0.018385507289348846,115.2976303100586,-0.010079630266703554,157.71502685546875,0.009326441051362266,19.479999542236328,0.021716653204769676,9.880000114440918,0.010893551311896399,70.76342010498047,1328.8441739130435,57.55161290322581,21.33
2022-08-01,114.47074890136719,22856200,0.023034262402267247,0.06408036305203102,-0.04823342715332202,-0.16366473805827952,2.33,295.097,3.6,22.84,121.4109,2.6,58.2,96.59,53.936161041259766,389.3768310546875,-0.0014190134381815156,-0.002961242072845982,70.0,45.0,38.0,-0.012551571432815822,113.8504638671875,0.005216615460585716,158.5377655029297,0.02618071051675641,19.989999771118164,-0.03441297051109704,9.539999961853027,0.0030009370246346645,70.97577667236328,1329.7222282608695,58.2,22.84
2022-08-02,114.88707733154297,17911000,0.013804913497571736,0.057031922015497116,-0.0582398793397394,-0.18326140375797584,2.3374193548387097,295.13738709677415,3.596774193548387,23.93,121.9486,2.75,58.21290322580646,97.14,53.84992218017578,386.8079528808594,-0.0015989061775830704,-0.006597408908151858,70.29032258064517,44.83870967741935,37.61290322580645,0.0023505944805357615,114.11808013916016,0.0016259010767252224,158.7955322265625,0.11605801507692792,22.309999465942383,0.03459118710960207,9.869999885559082,0.043247739934173524,74.04531860351562,1330.0149130434781,58.21290322580646,23.93
2022-08-03,117.74189758300781,25302800,0.015743553317359327,0.012965290637405147,-0.06928763960808848,-0.23808724947458848,2.3448387096774193,295.1777741935484,3.5935483870967744,21.95,122.3888,2.73,58.225806451612904,93.25,55.143463134765625,392.86517333984375,0.024021222356864325,0.015659503414734655,70.58064516129032,44.67741935483871,37.225806451612904,0.02562328328213881,117.04216003417969,0.05374857881712991,167.33056640625,0.00582703143107155,22.440000534057617,0.04559268637110492,10.319999694824219,-0.17559633592807533,61.04323196411133,1330.307597826087,58.225806451612904,21.95
2022-08-04,117.83112335205078,15757700,0.007991848934377987,0.01674093217582784,-0.08572397394751397,-0.2675191288263723,2.3522580645161293,295.21816129032254,3.5903225806451613,21.44,121.8333,2.68,58.23870967741936,91.29,55.383018493652344,392.5997314453125,0.004344220425570144,-0.0006756564657403041,70.87096774193549,44.516129032258064,36.83870967741935,0.0009316241823356108,117.15119934082031,0.010485788300315546,169.0851593017578,0.0040107018915305215,22.530000686645508,-0.006782916365717151,10.25,0.05202392908388309,64.21894073486328,1330.6002826086956,58.23870967741936,21.44
2022-08-05,117.1867904663086,15615700,0.03747262271835372,-0.0008457733500599751,-0.09084749015732974,-0.29377423964871663,2.359677419354839,295.25854838709677,3.5870967741935487,21.15,122.321,2.83,58.25161290322581,91.77,54.702701568603516,391.9361877441406,-0.012283854212944423,-0.001690127751053483,71.16129032258064,44.354838709677416,36.45161290322581,-0.0060918610074657265,116.43753051757812,-0.02028487076945429,165.65528869628906,0.0008876409145825992,22.549999237060547,-0.006829238519435954,10.180000305175781,0.018788674047097054,65.42552947998047,1330.8929673913042,58.25161290322581,21.15
2022-08-08,117.10749816894531,17061100,0.04012192177550378,-0.025986164773685982,-0.06483833950703588,-0.266125038225966,2.3819354838709677,295.3797096774193,3.57741935483871,21.29,121.8783,2.77,58.29032258064517,93.52,55.01890563964844,391.4812316894531,0.00578041050949496,-0.0011607911412979677,72.03225806451613,43.87096774193548,35.29032258064516,-0.0014472175445723323,116.2690200805664,0.018789956325240942,168.7679443359375,0.015521081743298026,22.899999618530273,0.02259327459149385,10.40999984741211,0.0048686629455814145,65.74406433105469,1331.7710217391304,58.29032258064517,21.29
2022-08-09,116.47308349609375,15424300,0.042638389242753316,-0.0232339601581516,-0.06876590097443003,-0.24553180980928002,2.3893548387096777,295.42009677419355,3.574193548387097,21.77,121.8614,2.8,58.303225806451614,93.18,54.482322692871094,389.92657470703125,-0.009752701194962743,-0.003971217153151074,72.3225806451613,43.70967741935484,34.903225806451616,-0.005711956071325464,115.60489654541016,-0.010102640271903995,167.0629425048828,-0.01572046764191315,22.540000915527344,-0.024015370188708474,10.15999984741211,-0.052709021926596655,62.27875900268555,1332.063706521739,58.303225806451614,21.77
2022-08-10,119.59557342529297,20497000,-0.0027352008987708842,-0.049316356068856204,-0.07351857159689457,-0.2630750876950344,2.3967741935483873,295.4604838709677,3.5709677419354837,19.74,120.7543,2.78,58.31612903225807,94.68,56.015419006347656,398.1166076660156,0.028139334699788243,0.021004038940249048,72.61290322580645,43.54838709677419,34.516129032258064,0.026322606106622848,118.64791870117188,0.058208980716047076,176.78750610351562,0.015971547842969835,22.899999618530273,0.04035431629622921,10.569999694824219,0.023713765089961036,63.75562286376953,1332.3563913043479,58.31612903225807,19.74
2022-08-11,118.77281188964844,16671600,0.00867971626030406,-0.017693134349833883,-0.06634949469385187,-0.27057250900737995,2.404193548387097,295.50087096774195,3.567741935483871,20.2,120.7163,2.87,58.329032258064515,97.02,56.07291030883789,398.1166076660156,0.001026347807622674,0.0,72.90322580645162,43.38709677419355,34.12903225806452,-0.007184681527474646,117.79547119140625,-0.004766119227553767,175.94491577148438,-0.0017466816089527493,22.860000610351562,0.05108798272884041,11.109999656677246,0.003330789628336994,63.967979431152344,1332.6490760869565,58.329032258064515,20.2
2022-08-12,121.57808685302734,16121100,-0.03693436841544118,-0.09253971153557128,-0.14137801784859616,-0.23220544993835457,2.4116129032258065,295.5412580645161,3.564516129032258,19.53,121.018,2.84,58.34193548387097,94.86,57.06942367553711,404.8563537597656,0.017771743275150742,0.016929075461740162,73.19354838709677,43.225806451612904,33.74193548387097,0.023897827469052446,120.61052703857422,0.016958776056251734,178.92872619628906,0.024934369186591754,23.43000030517578,0.04590461247902189,11.619999885559082,0.025652368425164163,65.6089096069336,1332.941760869565,58.34193548387097,19.53
2022-08-15,121.80607604980469,15525000,-0.06355801677205519,-0.1020507766624329,-0.13842776920992605,-0.21280921464625369,2.4338709677419357,295.6624193548387,3.554838709677419,19.95,121.4315,2.79,58.380645161290325,92.24,57.27064514160156,406.5246276855469,0.003525906748392593,0.004120656401433553,74.06451612903226,42.74193548387097,32.58064516129032,0.0032872482638157674,121.00700378417969,0.002160618297049721,179.31532287597656,-0.002134065034482102,23.3799991607666,0.0533562729488144,12.239999771118164,0.020597614440203582,66.96029663085938,1333.8198152173914,58.380645161290325,19.95
2022-08-16,121.4393081665039,15626200,-0.06317851911125838,-0.10284870674931978,-0.15190604332030577,-0.21614554685900422,2.4412903225806453,295.7028064516129,3.5516129032258066,19.69,121.6807,2.82,58.39354838709678,89.23,57.385623931884766,407.3209228515625,0.002007639166608177,0.0019587870249071493,74.35483870967742,42.58064516129032,32.193548387096776,-0.0031128019504900184,120.63033294677734,-0.00785007397710391,177.90768432617188,-0.016680898359606733,22.989999771118164,0.030228749385448728,12.609999656677246,-0.02306480171182068,65.4158706665039,1334.1125,58.39354838709678,19.69
2022-08-17,119.2684555053711,17589200,-0.046708913432085386,-0.09283584371404785,-0.13871342575253054,-0.1795213319725154,2.448709677419355,295.74319354838707,3.5483870967741935,19.9,122.0711,2.89,58.406451612903226,90.85,56.27412796020508,404.4297180175781,-0.019368892337896404,-0.007098100470124824,74.64516129032258,42.41935483870968,31.806451612903224,-0.017666271863613137,118.4992446899414,-0.025742498000318692,173.32789611816406,-0.0217485865584105,22.489999771118164,-0.041237075198016004,12.09000015258789,-0.04234901983149664,62.645572662353516,1334.4051847826086,58.406451612903226,19.9
2022-08-18,119.80372619628906,15652000,-0.02614591151680512,-0.08530524971352449,-0.14074132992131272,-0.18095322944518455,2.4561290322580644,295.7835806451613,3.545161290322581,19.56,122.3627,2.88,58.41935483870968,93.2,56.18790054321289,405.6051940917969,-0.0015322746014503341,0.002906502716913728,74.93548387096774,42.25806451612903,31.419354838709676,0.005186025461222377,119.11378479003906,-0.0010866946198844207,173.13954162597656,0.0031124809042510915,22.559999465942383,0.03887512498733958,12.5600004196167,0.0021569633862437154,62.780696868896484,1334.6978695652174,58.41935483870968,19.56
2022-08-19,117.08767700195312,20187000,-0.05773785430245404,-0.07991879280501701,-0.13791057434601195,-0.16610242735413416,2.463548387096774,295.82396774193546,3.541935483870968,20.6,123.0501,2.98,58.432258064516134,93.55,55.27760696411133,400.1546325683594,-0.016200882579719744,-0.01343809596827783,75.2258064516129,42.096774193548384,31.032258064516128,-0.024631765788424964,116.17980194091797,-0.0383599957450832,166.49790954589844,-0.03501768736170985,21.770000457763672,-0.07961783173495451,11.5600004196167,-0.04873923467376706,59.7208137512207,1334.990554347826,58.432258064516134,20.6
2022-08-22,114.06432342529297,19316000,-0.04110533335732336,-0.06595978941100777,-0.13087681402781515,-0.1500824145375994,2.4858064516129033,295.945129032258,3.532258064516129,23.8,123.605,3.03,58.47096774193549,93.42,53.69661331176758,391.8223876953125,-0.02860097857293642,-0.02082256256679338,76.09677419354838,41.61290322580645,29.870967741935484,-0.025339115607326268,113.23590850830078,-0.029233274255570207,161.63063049316406,-0.024345460519110684,21.239999771118164,-0.04757786944380582,11.010000228881836,-0.05252936468845715,56.583717346191406,1335.868608695652,58.47096774193549,23.8
2022-08-23,113.76695251464844,14390700,-0.04234551453754787,-0.03737913319118957,-0.12372571213054584,-0.16502573623248706,2.493225806451613,295.98551612903225,3.5290322580645164,24.11,123.0547,3.05,58.483870967741936,96.46,53.23668670654297,390.8744812011719,-0.00856528143691726,-0.0024192249445371683,76.38709677419355,41.45161290322581,29.483870967741936,-0.003326358334292845,112.85924530029297,-0.011898278283239527,159.70750427246094,-0.031544260052441264,20.56999969482422,-0.03723885911796643,10.600000381469727,-0.014841420009678363,55.743934631347656,1336.1612934782609,58.483870967741936,24.11
2022-08-24,113.69755554199219,16051200,-0.04838703616544959,-0.046033079135499255,-0.135396548487019,-0.1514384167129339,2.5006451612903224,296.0259032258064,3.5258064516129033,22.82,123.109,3.11,58.49677419354839,95.52,53.55288314819336,392.125732421875,0.005939446295622375,0.0032011586350124688,76.6774193548387,41.29032258064516,29.096774193548388,-0.0014929674372208268,112.69075012207031,0.013345032780969435,161.83880615234375,0.022848868627906915,21.040000915527344,0.024528232627428537,10.859999656677246,-0.0003462684916613057,55.724632263183594,1336.4539782608695,58.49677419354839,22.82
2022-08-25,116.67134857177734,14874700,-0.060747640633579625,-0.05029744616702725,-0.16049282690224076,-0.16040788245257576,2.5080645161290325,296.06629032258064,3.52258064516129,21.78,123.0586,3.03,58.50967741935484,93.33,54.59730911254883,397.6616516113281,0.01950270280435329,0.014117714630105471,76.96774193548387,41.12903225806452,28.70967741935484,0.026035634837361377,115.62472534179688,0.03381095027958936,167.31072998046875,0.14115965703987476,24.010000228881836,0.032228397102621376,11.210000038146973,0.042265618592926435,58.07986831665039,1336.7466630434783,58.50967741935484,21.78
2022-08-26,110.32728576660156,31698700,-0.023540092960163128,0.005121217900674768,-0.11868830656744311,-0.1230908237694438,2.515483870967742,296.1066774193548,3.5193548387096776,25.56,123.0656,3.04,58.52258064516129,93.63,52.853416442871094,384.2011413574219,-0.03194100035375025,-0.03384915341814876,77.25806451612904,40.96774193548387,28.322580645161292,-0.05409337701657335,109.37019348144531,-0.04147397562909061,160.37168884277344,-0.03873387323241573,23.079999923706055,-0.04817127207987859,10.670000076293945,-0.03822502154146301,55.859764099121094,1337.039347826087,58.52258064516129,25.56
2022-08-29,109.37567138671875,20386100,-0.02591990227738561,-0.04558649472575782,-0.0870037907133383,-0.1276962725117201,2.537741935483871,296.2278387096774,3.509677419354839,26.21,123.4686,3.12,58.561290322580646,97.4,52.44138717651367,381.6607666015625,-0.007795697877029051,-0.006612095807118079,78.12903225806451,40.483870967741936,27.161290322580644,-0.008337978022192716,108.45826721191406,-0.016133023803060698,157.78440856933594,-0.007365687905368401,22.90999984741211,-0.03748824889129776,10.270000457763672,-0.0017279572599131487,55.763240814208984,1337.917402173913,58.561290322580646,26.21
2022-08-30,108.94943237304688,20548200,0.005185984529650023,-0.03675741690254075,-0.10754260088430012,-0.13165322382988498,2.545161290322581,296.2682258064516,3.5064516129032257,26.21,123.6848,3.11,58.5741935483871,92.08,51.981468200683594,377.4709167480469,-0.00877015274752413,-0.010977942246522931,78.41935483870968,40.32258064516129,26.774193548387096,-0.0043866553947349285,107.98249816894531,-0.012627944001866842,155.7919158935547,-0.04146664204569017,21.959999084472656,-0.025316476854223224,10.010000228881836,-0.022329937223282026,54.51805114746094,1338.2100869565218,58.5741935483871,26.21
2022-08-31,108.1960678100586,25898000,0.002473649602738881,-0.04809901649863646,-0.11910206801478684,-0.07054527120768472,2.5525806451612905,296.3086129032258,3.503225806451613,25.87,123.535,3.15,58.58709677419355,90.09,52.10603332519531,374.59869384765625,0.0023963371721400506,-0.007609123704509835,78.70967741935483,40.16129032258065,26.387096774193548,-0.0066091156932265305,107.26882934570312,0.03671417933376753,161.51168823242188,0.04918041330057843,23.040000915527344,0.08691307349313271,10.880000114440918,0.00088527650546677,54.566314697265625,1338.5027717391304,58.58709677419355,25.87
2022-09-01,109.5838394165039,22784400,0.01112607741928029,-0.06259609076503125,-0.10176404943323547,-0.08385349318715041,2.56,296.349,3.5,25.56,124.4006,3.26,58.6,87.09,52.585121154785156,375.7741394042969,0.00919447900783088,0.0031378794852889857,79.0,40.0,26.0,0.014045508017815234,108.77547454833984,0.014914268816787812,163.92051696777344,-0.013020882486467267,22.739999771118164,0.06985296147865805,11.640000343322754,-0.019104905457349997,53.52383041381836,1338.7954565217392,58.6,25.56
2022-09-02,107.73017120361328,20618100,0.02935226592940765,-0.044442338745287024,-0.057692238234742343,-0.07223041485554704,2.5773333333333333,296.4042666666667,3.5033333333333334,25.47,123.7743,3.2,58.64333333333334,87.29,51.58861541748047,371.8118896484375,-0.018950336433978254,-0.010544232134070186,79.13333333333334,40.4,26.033333333333335,-0.01722268245044911,106.90206909179688,-0.030478757890827213,158.92442321777344,-0.029463504091363557,22.06999969482422,-0.03608247971701106,11.220000267028809,-0.004869235164458918,53.26321029663086,1339.0881413043478,58.64333333333334,25.47
2022-09-06,106.54066467285156,20565100,-0.020189913020861927,-0.052567876052544094,-0.048939389013482604,-0.07080390573295225,2.6466666666666665,296.62533333333334,3.5166666666666666,26.91,124.767,3.33,58.81666666666667,87.35,50.94662857055664,370.4089050292969,-0.012444351175711077,-0.0037733721223041083,79.66666666666667,42.0,26.166666666666668,-0.009642968375094596,105.8712158203125,-0.011103119640381909,157.1598663330078,0.0013593424132463117,22.100000381469727,-0.04010693391759623,10.770000457763672,-0.024465374756376557,51.960105895996094,1340.2588804347827,58.81666666666667,26.91
2022-09-07,109.51444244384766,22987200,-0.04172700582551114,-0.09476827011210665,-0.07458355443468179,-0.11920711854731525,2.664,296.68059999999997,3.52,24.64,124.8408,3.27,58.86,82.5,51.971885681152344,377.06329345703125,0.02012414048509248,0.01796497961410526,79.8,42.4,26.2,0.02471680693003675,108.4880142211914,0.011669158180357853,158.99378967285156,0.06199090082520886,23.469999313354492,0.0640668106829938,11.460000038146973,0.06854907448261982,55.52192306518555,1340.5515652173913,58.86,24.64
2022-09-08,108.46370697021484,21660700,-0.05044787573360776,-0.08088098699016744,-0.09002012090833533,-0.13041492822979972,2.6813333333333333,296.73586666666665,3.5233333333333334,23.61,124.578,3.29,58.903333333333336,84.04,51.847320556640625,379.5279846191406,-0.0023967790061713012,0.006536544937886468,79.93333333333334,42.8,26.233333333333334,-0.009776057102587221,107.42742919921875,0.010412083052898202,160.6492462158203,0.022582049516462366,24.0,0.09336821040685028,12.529999732971191,0.028338055392130412,57.095306396484375,1340.84425,58.903333333333336,23.61
2022-09-09,110.8030776977539,21732900,-0.07291095525147007,-0.11281075406276353,-0.11692617478223266,-0.15950975203021978,2.6986666666666665,296.79113333333333,3.526666666666667,22.79,123.7874,3.33,58.946666666666665,87.27,53.294185638427734,385.42401123046875,0.027906265285329024,0.015535156431863317,80.06666666666666,43.2,26.266666666666666,0.020944655702460846,109.67745971679688,0.0437490958899478,167.67750549316406,0.06458330154418945,25.549999237060547,0.009577006234350982,12.649999618530273,0.052409095841090325,60.08761978149414,1341.1369347826087,58.946666666666665,22.79
2022-09-12,110.89229583740234,19732900,-0.07169033101419864,-0.11674266204559725,-0.12353618452171067,-0.1680522192313315,2.7506666666666666,296.9569333333333,3.5366666666666666,23.87,123.3332,3.37,59.07666666666667,88.18,53.57204818725586,389.56634521484375,0.005213749783386845,0.010747472559248683,80.46666666666667,44.4,26.366666666666667,0.0018977932397323816,109.88560485839844,-0.0011230410141567226,167.48919677734375,0.005870901383876692,25.700000762939453,0.0,12.649999618530273,0.012690767019420068,60.85017776489258,1342.0149891304347,59.07666666666667,23.87
2022-09-13,104.38961791992188,33015000,-0.033045141565654856,-0.06855941243726682,-0.0665651213121291,-0.11157535185677292,2.7680000000000002,297.0122,3.54,27.27,124.4242,3.42,59.12,87.84,50.630428314208984,372.62701416015625,-0.05490960253684407,-0.043482531955745696,80.6,44.8,26.4,-0.05899308237784462,103.40311431884766,-0.09369099933932012,151.79696655273438,-0.043190683945513064,24.59000015258789,-0.06956515314652978,11.770000457763672,-0.05155462094526608,57.713069915771484,1342.3076739130436,59.12,27.27
2022-09-14,104.94473266601562,22115800,-0.05535089124815451,-0.04845559345928507,-0.0581845593369138,-0.09464442692556096,2.7853333333333334,297.0674666666667,3.5433333333333334,26.16,124.4509,3.41,59.163333333333334,88.88,50.71665954589844,374.0489501953125,0.0017031503497126899,0.0038159767840801884,80.73333333333333,45.2,26.433333333333334,0.0065183613114874195,104.07713317871094,-0.010840390077929918,150.15142822265625,0.006913382482271135,24.760000228881836,-0.021240440975097474,11.520000457763672,-0.019066655165678625,56.612674713134766,1342.6003586956522,59.163333333333334,26.16
2022-09-15,102.991943359375,26494900,-0.03204996385013803,-0.05591909542378304,-0.06467743655995539,-0.08267569721823853,2.8026666666666666,297.1227333333333,3.546666666666667,26.27,124.8843,3.45,59.20666666666666,85.72,50.496280670166016,369.8022766113281,-0.004345295563738416,-0.011353256256345423,80.86666666666666,45.6,26.466666666666665,-0.019904926094435615,102.00548553466797,-0.012675903760892449,148.2481231689453,0.03513727479169959,25.6299991607666,0.03298603695024238,11.899999618530273,-0.01346973954617825,55.85011672973633,1342.8930434782608,59.20666666666666,26.27
2022-09-16,102.72431945800781,64540100,-0.04303772009528617,-0.0721798607604921,-0.027501800690151956,-0.11994609144401458,2.82,297.178,3.55,26.3,124.8794,3.45,59.25,85.57,49.9597053527832,366.9811096191406,-0.010626036418159956,-0.007628852418214316,81.0,46.0,26.5,-0.0010688057341240453,101.8964614868164,-0.021798575464647585,145.0165252685547,-0.027701877008232456,24.920000076293945,-0.05042012159908904,11.300000190734863,-0.043034954506841916,53.44660949707031,1343.1857282608696,59.25,26.3
2022-09-19,102.94239044189453,19738600,-0.048531575762449264,-0.04381330429082331,-0.02368800102869184,-0.12508433160785348,2.872,297.3438,3.56,25.76,125.0104,3.49,59.38,86.15,50.24776840209961,369.826904296875,0.005765907690653771,0.0077546080796577765,81.4,47.2,26.6,0.0026265046583227036,102.16409301757812,0.011825897485459258,146.73147583007812,0.02006420539603626,25.420000076293945,0.004424795565566519,11.350000381469727,-0.017699248317786687,52.50064468383789,1344.0637826086956,59.38,25.76
2022-09-20,100.94004821777344,24001700,-0.03672795121906236,0.005695740133301985,-0.015123487443401196,-0.1245214246508084,2.8893333333333335,297.39906666666667,3.5633333333333335,27.16,125.1248,3.57,59.42333333333333,84.69,49.46998596191406,365.5818786621094,-0.015478944934657957,-0.011478412158348439,81.53333333333333,47.6,26.633333333333333,-0.018725246160587794,100.25104522705078,-0.013038942433981626,144.81825256347656,-0.025963801944580145,24.760000228881836,-0.02026436019210609,11.119999885559082,-0.04743499635864368,50.010276794433594,1344.3564673913042,59.42333333333333,27.16
2022-09-21,99.13594818115234,26596800,0.007299321753428734,0.022097750591102194,0.005199420930376286,-0.10378971070145204,2.9066666666666667,297.45433333333335,3.566666666666667,27.99,125.7399,3.51,59.46666666666667,83.38,48.2601318359375,359.204833984375,-0.024456326446261833,-0.01744354698616879,81.66666666666667,48.0,26.666666666666668,-0.018390264004739643,98.40740203857422,-0.027174922601434726,140.88282775878906,-0.0343295789019511,23.90999984741211,-0.024280531193169197,10.850000381469727,-0.038602524169913166,48.07975387573242,1344.649152173913,59.46666666666667,27.99
2022-09-22,99.69105529785156,21272700,-0.024659466586299583,0.01660540919800302,0.009048493170352279,-0.10261515029112922,2.924,297.5096,3.57,27.35,126.1667,3.7,59.51,84.02,48.08728790283203,356.1875,-0.003581505614055458,-0.008400037245896996,81.8,48.4,26.7,0.00866220024026143,99.25982666015625,0.0049256479304382594,141.57676696777344,-0.029276485462429558,23.209999084472656,-0.03594473083971683,10.460000038146973,-0.025095409573876015,46.873172760009766,1344.9418369565217,59.51,27.35
2022-09-23,98.30329895019531,25657000,-0.030452757937447283,0.004033354003667888,0.03831806600174925,-0.11001318606948807,2.9413333333333336,297.56486666666666,3.5733333333333333,29.92,127.2853,3.69,59.553333333333335,79.07,47.15589141845703,350.21966552734375,-0.01936887117146291,-0.016754755494384987,81.93333333333334,48.8,26.733333333333334,-0.013980278833873538,97.87214660644531,-0.016874506581163184,139.18772888183594,-0.026712578903096196,22.59000015258789,-0.013384353997340503,10.319999694824219,-0.025947463284091254,45.65693283081055,1345.2345217391305,59.553333333333335,29.92
2022-09-26,97.9464340209961,22437900,0.004958936472754694,-0.0010121486660535917,0.06193704877732453,-0.09108395482642007,2.993333333333333,297.73066666666665,3.5833333333333335,32.26,128.4539,3.88,59.68333333333333,77.17,46.38771438598633,346.7550354003906,-0.016290160346116078,-0.009892734383536883,82.33333333333333,50.0,26.833333333333332,-0.005772862463905959,97.30714416503906,-0.028773027098687787,135.18287658691406,0.009738792026050103,22.809999465942383,-0.013565832731434191,10.180000305175781,-0.020295786732233312,44.730289459228516,1346.1125760869566,59.68333333333333,32.26
2022-09-27,97.23272705078125,24225000,0.044041235709116,-0.0004077056685212188,-0.0333367648821985,-0.10357842543380325,3.010666666666667,297.78593333333333,3.586666666666667,32.6,128.4386,3.97,59.72666666666667,78.91,46.138065338134766,345.8699035644531,-0.005381792380936612,-0.0025526142249541195,82.46666666666667,50.4,26.866666666666667,-0.00682463136578404,96.64305877685547,-0.014445876077746167,133.23004150390625,-0.007452875066822018,22.639999389648438,0.026522543810934884,10.449999809265137,0.015753071203724822,45.43492889404297,1346.4052608695652,59.72666666666667,32.6
2022-09-28,99.85957336425781,24617000,0.014691193092350563,-0.02422064248241662,-0.08080202041532625,-0.14175110403601743,3.028,297.8412,3.59,30.18,128.0884,3.72,59.769999999999996,82.61,47.71279525756836,352.6753234863281,0.03413081818435115,0.01967624199660034,82.6,50.8,26.9,0.026153848218536613,99.17064666748047,0.05364568468340103,140.37725830078125,0.05300356869656642,23.84000015258789,0.029665112466494836,10.760000228881836,0.031655026231489636,46.873172760009766,1346.697945652174,59.769999999999996,30.18
2022-09-29,97.23272705078125,21921500,0.04230817275672427,0.016515453582756745,-0.015394027598440996,-0.0931797338582766,3.0453333333333332,297.8964666666667,3.5933333333333333,31.84,127.5437,3.76,59.81333333333333,81.78,46.550960540771484,345.308349609375,-0.024350590036172348,-0.020888827162977575,82.73333333333333,51.2,26.933333333333334,-0.026286966298790793,96.56375122070312,-0.03672039847978714,135.22254943847656,-0.027265084495383896,23.190000534057617,-0.05297403683770818,10.1899995803833,-0.00638395653606616,46.573936462402344,1346.9906304347826,59.81333333333333,31.84
2022-09-30,95.3096923828125,26277800,0.03556929507400963,0.010712405718918516,-0.015496662299222419,-0.07717120253286147,3.062666666666667,297.9517333333333,3.5966666666666667,31.62,127.5148,3.83,59.85666666666666,79.91,45.98442840576172,339.9685974121094,-0.012170149196246371,-0.015463721636925776,82.86666666666666,51.6,26.966666666666665,-0.018168883708715056,94.80929565429688,-0.005351646845021096,134.49888610839844,0.004743367851215874,23.299999237060547,-0.03631009821348441,9.819999694824219,-0.010362698968750972,46.091304779052734,1347.2833152173914,59.85666666666666,31.62
2022-10-03,98.43214416503906,24840000,-0.005941621017636622,0.01490439475486105,-0.08862035059261186,-0.09667680951763091,3.1251612903225805,298.05725806451613,3.6,30.1,127.0813,3.67,59.693548387096776,84.05,47.2711067199707,348.9442138671875,0.02798073954199176,0.026401310366315656,83.12903225806451,51.61290322580645,26.806451612903224,0.031259907986291635,97.77302551269531,0.02159493898646092,137.40338134765625,0.017167448024748122,23.700000762939453,0.01629326399026665,9.979999542236328,0.052984222961377725,48.533416748046875,1348.0508695652175,59.693548387096776,30.1
2022-10-04,101.51497650146484,22580900,-0.042573932769472744,-0.00995996398855803,-0.14979004223054793,-0.13377601343056333,3.147741935483871,298.0823870967742,3.6,29.07,126.1819,3.62,59.59032258064516,86.87,48.721031188964844,359.75677490234375,0.0306725306344815,0.030986503301847712,83.19354838709677,51.41935483870968,26.70967741935484,0.030413631949170794,100.74665832519531,0.01204814995622372,139.058837890625,0.050632861475148117,24.899999618530273,0.08416835582335724,10.819999694824219,0.02326982292499169,49.66278076171875,1348.2883043478262,59.59032258064516,29.07
2022-10-05,101.32662963867188,18475500,-0.03834845107522855,-0.01888098893132517,-0.183232181951413,-0.15114466560109097,3.1703225806451614,298.10751612903226,3.6,28.55,126.8616,3.76,59.487096774193546,88.22,48.3465461730957,358.91925048828125,-0.007686311367604226,-0.002328029581346591,83.25806451612904,51.225806451612904,26.612903225806452,-0.002066100994875808,100.53850555419922,-0.009267163812249235,137.77015686035156,-0.01084339204418061,24.6299991607666,0.03512015944165814,11.199999809265137,-0.00796893722923775,49.26702117919922,1348.5257391304349,59.487096774193546,28.55
2022-10-06,101.34646606445312,17156200,-0.02474577082682783,-0.016725480672379778,-0.15199548558969034,-0.1377152603148344,3.1929032258064516,298.1326451612903,3.6,30.52,127.2493,3.83,59.383870967741935,88.9,48.08728790283203,355.2166748046875,-0.005362498271033633,-0.0103159016368074,83.3225806451613,51.03225806451613,26.516129032258064,-9.865088839300373e-05,100.5285873413086,0.0006476975890210568,137.85939025878906,0.0487211044997089,25.829999923706055,0.013392908460632569,11.350000381469727,-0.010090085569909313,48.76991271972656,1348.7631739130436,59.383870967741935,30.52
2022-10-07,98.69979095458984,24249900,-0.024003115458646973,0.019182595605907737,-0.10967150323894381,-0.1081652550453247,3.215483870967742,298.1577741935484,3.6,31.36,127.3111,3.89,59.28064516129032,93.07,46.79100036621094,345.308349609375,-0.026956969152438948,-0.02789375020404239,83.38709677419355,50.83870967741935,26.419354838709676,-0.027016389730097123,97.81266784667969,-0.04041150875956434,132.2882843017578,-0.027487382368167945,25.1200008392334,-0.06079299655215242,10.65999984741211,-0.044235471351001254,46.612552642822266,1349.000608695652,59.28064516129032,31.36
2022-10-10,97.84729766845703,16529900,0.02097061522064525,0.043156977042022815,-0.09928061828418322,-0.0959374710770905,3.283225806451613,298.2331612903226,3.6,32.45,127.57585,3.92,58.97096774193548,91.6,46.66618347167969,342.6717834472656,-0.0026675406286330583,-0.007635396494443114,83.58064516129032,50.25806451612903,26.129032258064516,-0.008309659013352233,96.9998779296875,0.0025477398440190147,132.6253204345703,-0.01871023905258229,24.649999618530273,-0.02345215793419464,10.40999984741211,-0.001863706145761923,46.52568054199219,1349.7129130434782,58.97096774193548,32.45
2022-10-11,97.19308471679688,21617700,0.03406421644154167,0.07016818517073009,-0.10861812414693062,-0.05905147633008179,3.305806451612903,298.25829032258065,3.6,33.63,127.6641,3.93,58.86774193548387,89.75,45.79239273071289,340.50164794921875,-0.01872428118097713,-0.006332985681562042,83.64516129032258,50.064516129032256,26.032258064516128,-0.0069487354380630695,96.32585144042969,-0.03924056341813542,127.42102813720703,-0.0673427940406226,22.989999771118164,-0.009606093108663227,10.3100004196167,-0.02199184876096505,45.50249481201172,1349.950347826087,58.86774193548387,33.63
2022-10-12,97.44091033935547,17343400,0.02024377974087388,-0.03540204865807606,-0.042014363704340196,-0.06500529487874629,3.3283870967741933,298.2834193548387,3.6,33.57,128.1481,3.91,58.76451612903226,87.83,45.73477554321289,339.3785400390625,-0.0012582261826505903,-0.0032983919958112784,83.70967741935483,49.87096774193548,25.93548387096774,0.003910302399358967,96.7025146484375,-0.008090793253638706,126.39009094238281,0.0034797705307747506,23.06999969482422,0.019398622805543164,10.510000228881836,-0.008061145154602434,45.13569259643555,1350.1877826086957,58.76451612903226,33.57
2022-10-13,98.83856964111328,32812200,0.008223794283104713,-0.071306693207834,-0.029886601812787017,-0.0693008219471617,3.350967741935484,298.3085483870968,3.6,31.94,127.7286,3.97,58.66129032258065,89.59,46.839012145996094,348.3350524902344,0.02414435382414548,0.02639092162439316,83.7741935483871,49.67741935483871,25.838709677419356,0.015375157633235492,98.1893310546875,0.021882505114932282,129.15582275390625,-0.03771126759398924,22.200000762939453,0.0066602943196762965,10.579999923706055,-0.049828808209160025,42.886634826660156,1350.4252173913044,58.66129032258065,31.94
2022-10-14,96.3306884765625,22624800,0.04424779602124329,-0.00617419764021887,-0.011833674210312228,-0.05165680150948948,3.373548387096774,298.33367741935484,3.6,32.02,128.3325,4.0,58.55806451612903,86.1,46.07085418701172,340.3969421386719,-0.01639996071202454,-0.022788721074187723,83.83870967741936,49.483870967741936,25.741935483870968,-0.02523723623669294,95.7113037109375,-0.02709349654007931,125.65653991699219,-0.03828830415576889,21.350000381469727,-0.05576561028756799,9.989999771118164,-0.06684685239209809,40.019798278808594,1350.662652173913,58.55806451612903,32.02
2022-10-17,99.89921569824219,23311600,0.02173065658366924,-0.06072625685524424,-0.020440522713092046,-0.08930341324531332,3.4412903225806453,298.40906451612904,3.6,31.37,127.6448,4.02,58.248387096774195,86.0,47.33832931518555,349.14410400390625,0.027511431045512458,0.025696946072068183,84.03225806451613,48.903225806451616,25.451612903225808,0.03531490293559103,99.09133911132812,0.0574312628240321,132.87315368652344,0.055269334149517624,22.530000686645508,0.060060099621260576,10.59000015258789,0.06898221800694881,42.780452728271484,1351.3749565217393,58.248387096774195,31.37
2022-10-18,100.50389099121094,21610500,0.03491462924172217,-0.10740716449081722,-0.023671083042099084,-0.07377460346523557,3.4638709677419355,298.4341935483871,3.6,30.5,127.9153,4.01,58.145161290322584,83.29,47.693599700927734,353.24652099609375,0.007504920238666335,0.01174992487383264,84.09677419354838,48.70967741935484,25.35483870967742,0.008002402198935998,99.88430786132812,-0.009250945254206666,131.64395141601562,0.03506431354203099,23.31999969482422,0.0009443086626765851,10.600000381469727,0.037454972915311746,44.38279342651367,1351.612391304348,58.145161290322584,30.5
2022-10-19,99.41348266601562,21573700,-0.05454169827242972,-0.13181752042389738,-0.017848213137294233,-0.01007066286302627,3.4864516129032257,298.45932258064516,3.6,30.76,128.3968,4.14,58.04193548387097,86.0,47.73200988769531,350.74310302734375,0.0008053530664164921,-0.007086886409215842,84.16129032258064,48.516129032258064,25.258064516129032,-0.011312831709292537,98.75433349609375,0.0032381646513475193,132.0702362060547,-0.012006808874831187,23.040000915527344,0.024528232627428537,10.859999656677246,-0.027185871759462632,43.17620849609375,1351.8498260869565,58.04193548387097,30.76
2022-10-20,99.65139770507812,25125100,-0.07888177995986378,-0.16950156138173322,-0.027155899609754064,0.0067643031723443325,3.509032258064516,298.48445161290323,3.6,29.98,128.0052,4.24,57.938709677419354,86.02,47.84724426269531,347.8020324707031,0.0024141949034017784,-0.008385255565271477,84.2258064516129,48.32258064516129,25.161290322580644,0.0034125653356538166,99.09133911132812,-0.012759961896421368,130.38502502441406,-0.0030382638624669722,22.969999313354492,-0.0064456442943973125,10.789999961853027,-0.045383157171553834,41.21673583984375,1352.0872608695652,57.938709677419354,29.98
2022-10-21,100.59310913085938,28988700,-0.048285468117412744,-0.14564465215617217,-0.055676097122929646,-0.02236900585061441,3.5316129032258066,298.5095806451613,3.6,29.69,127.6735,4.21,57.83548387096774,85.47,48.15449905395508,356.254150390625,0.006421577584966975,0.024301519631383606,84.29032258064517,48.12903225806452,25.06451612903226,0.01160346778974608,100.24114227294922,-0.01155646640287622,128.87823486328125,-0.06399648921625578,21.5,-0.28081554621718763,7.760000228881836,0.007025540689624465,41.50630569458008,1352.324695652174,57.83548387096774,29.69
2022-10-24,102.0700912475586,24680800,-0.08070318034169821,-0.1390696781283386,-0.05477327817231947,-0.0606002258394438,3.599354838709677,298.5849677419355,3.6,29.85,128.0304,4.25,57.52580645161291,86.12,48.490577697753906,360.61346435546875,0.006979174332646831,0.012236528220271659,84.48387096774194,47.54838709677419,24.774193548387096,0.01374462689040179,101.6189193725586,-0.0022305984113024646,128.59075927734375,0.02232556010401532,21.979999542236328,0.07087631114852622,8.3100004196167,-0.010697727125885792,41.06228256225586,1353.037,57.52580645161291,29.85
2022-10-25,104.01294708251953,29910200,-0.13752032265387726,-0.1526732014565929,-0.058229313252919246,-0.054989057949408005,3.6219354838709674,298.61009677419355,3.6,28.46,127.3771,4.1,57.42258064516129,86.93,49.77725601196289,366.3719177246094,0.026534604768558623,0.015968492411765123,84.54838709677419,47.354838709677416,24.677419354838708,0.01911821069951003,103.56169128417969,0.0600523962292181,136.3129425048828,0.027752530621276694,22.59000015258789,0.155234644610587,9.600000381469727,0.06793620463923533,43.851898193359375,1353.2744347826088,57.42258064516129,28.46
2022-10-26,93.99130249023438,71504300,-0.08173371793369089,-0.07825349921280089,0.029318742416573063,0.06211762238275376,3.644516129032258,298.6352258064516,3.6,27.28,126.4723,4.04,57.31935483870968,89.39,48.2025146484375,363.61163330078125,-0.03163576078092645,-0.007534104799765129,84.61290322580645,47.16129032258065,24.580645161290324,-0.09140515151055273,94.09561920166016,-0.055922909573673185,128.68992614746094,-0.024347022281783315,22.040000915527344,-0.0020833809342630794,9.579999923706055,-0.026414221480522193,42.69358444213867,1353.5118695652175,57.31935483870968,27.28
2022-10-27,91.79071807861328,54036500,-0.0983801855726194,0.016954594610858686,0.03941670622356397,0.0577753178757916,3.6670967741935483,298.6603548387097,3.6,27.39,126.7028,3.96,57.21612903225807,89.06,45.917213439941406,361.6699523925781,-0.047410414688192515,-0.005339985661561464,84.6774193548387,46.96774193548387,24.483870967741936,-0.028547101866726488,91.40946197509766,-0.24557095874551793,97.08741760253906,-0.00680587657204812,21.889999389648438,-0.0020876309236564916,9.5600004196167,-0.015148232193967326,42.046852111816406,1353.7493043478262,57.21612903225807,27.39
2022-10-28,95.73592376708984,35696900,-0.1022987259069934,0.0015531985650008018,-0.011803671557395923,0.03406501550528884,3.6896774193548385,298.68548387096774,3.6,25.75,127.2135,4.02,57.112903225806456,87.85,47.07906723022461,370.2743225097656,0.025303229513325753,0.023790668979456253,84.74193548387096,46.774193548387096,24.387096774193548,0.044133565351978765,95.44368743896484,0.012865014826204169,98.3364486694336,0.13750572466005795,24.899999618530273,0.054393251178351365,10.079999923706055,0.0027548621752389035,42.16268539428711,1353.986739130435,57.112903225806456,25.75
2022-10-31,93.83271026611328,29868700,-0.06349037279203784,0.014472908463488476,0.07173017359928457,0.07151901549097195,3.7574193548387096,298.76087096774194,3.6,25.88,127.6219,4.1,56.803225806451614,86.54,46.29170227050781,367.59979248046875,-0.016724310952603405,-0.007223104241116607,84.93548387096774,46.193548387096776,24.096774193548388,-0.01848593864346071,93.6793212890625,-0.060887001514063566,92.34903717041016,-0.012048162315524302,24.600000381469727,-0.016865087061572304,9.90999984741211,-0.010988903611291234,41.699363708496094,1354.6990434782608,56.803225806451614,25.88
2022-11-01,89.70905303955078,43220600,-0.01756896910236938,0.09082885389057727,0.11911616813420589,0.20220991984841397,3.78,298.786,3.6,25.81,127.3987,4.07,56.7,88.36,45.99403381347656,365.9911804199219,-0.00643027675439134,-0.004375987401114556,85.0,46.0,24.0,-0.042746826709198715,89.6748275756836,0.021897705895216557,94.37126922607422,-0.016260146842582146,24.200000762939453,0.034308794936730225,10.25,0.01620365415152425,42.37504577636719,1354.9364782608695,56.7,25.81
2022-11-02,86.30904388427734,43553600,0.0037899885783225784,0.13690119395910738,0.1580336398944231,0.2084529076571382,3.7906666666666666,298.78753333333333,3.5966666666666667,25.86,127.3115,4.1,56.803333333333335,90.06,44.697750091552734,356.80621337890625,-0.028183736333733056,-0.025096143110544866,84.56666666666666,45.56666666666667,23.866666666666667,-0.038686868712650035,86.2055892944336,-0.04894954343494051,89.75183868408203,-0.029752115620002573,23.479999542236328,-0.06926829640458265,9.539999961853027,0.04191355270677133,44.1511344909668,1355.1739130434783,56.803333333333335,25.86
2022-11-03,82.76033020019531,48510400,0.1279195269868012,0.1797817795371901,0.19619108883636716,0.239309902077536,3.801333333333333,298.78906666666666,3.5933333333333333,25.3,128.1743,4.14,56.906666666666666,88.14,43.60310745239258,353.1321716308594,-0.024489882307678568,-0.010297022894456331,84.13333333333334,45.13333333333333,23.733333333333334,-0.040703455369475505,82.69672393798828,-0.018003132110439357,88.13602447509766,-0.029812558315073567,22.780000686645508,-0.0398322972704821,9.15999984741211,-0.06449506672524652,41.30360412597656,1355.411347826087,56.906666666666666,25.3
2022-11-04,85.9422607421875,40173300,0.11568650671340652,0.12802797501274776,0.12237612191938241,0.2461363113407069,3.812,298.7906,3.5900000000000003,24.55,127.1468,4.17,57.010000000000005,92.58,43.90077209472656,358.2148132324219,0.0068266841453670235,0.014393029040909777,83.7,44.7,23.6,0.037755928122167326,85.81901550292969,0.021145040778070667,89.99966430664062,-0.01712033736793095,22.389999389648438,-0.002183352011190909,9.140000343322754,0.00537511364589327,41.52561569213867,1355.6487826086957,57.010000000000005,24.55
2022-11-07,87.87523651123047,26899900,0.08324877715134682,0.08099256614634687,0.07332195228973681,0.12803144439438752,3.844,298.7952,3.58,24.35,126.3062,4.22,57.32,91.8,44.68815231323242,361.6414489746094,0.01793545263411067,0.009565868343820227,82.4,43.4,23.2,0.022060511340653344,87.71222686767578,0.0653155749753569,95.87804412841797,0.00848595530312779,22.579999923706055,0.09518597952730512,10.010000228881836,0.03509983886185997,42.983158111572266,1356.3610869565218,57.32,24.35
2022-11-08,88.1329574584961,30172000,0.11033631836110214,0.09470260080647419,0.056686498848703915,0.07366996708640916,3.8546666666666662,298.79673333333335,3.5766666666666667,25.54,125.633,4.14,57.42333333333333,88.8,44.73615646362305,363.5926818847656,0.0010742030696222482,0.005395490245072132,81.96666666666667,42.96666666666667,23.066666666666666,0.004633276032419031,88.11862182617188,-0.0025848801381594955,95.63021087646484,0.0017715197370460345,22.6200008392334,0.02697297681475841,10.279999732971191,-0.009656385638444953,42.56809616088867,1356.5985217391305,57.42333333333333,25.54
2022-11-09,86.63615417480469,26743900,0.13260862022474607,0.13066358424505875,0.06487413141775122,0.08535464609715016,3.865333333333333,298.7982666666667,3.5733333333333333,26.09,125.9861,4.12,57.52666666666667,85.79,44.131229400634766,356.1018981933594,-0.013522106296283476,-0.02060212997845845,81.53333333333333,42.53333333333333,22.933333333333334,-0.017772646028306416,86.55252075195312,0.05182974624400938,100.58670043945312,-0.059239615511583854,21.280000686645508,-0.07003884553082507,9.5600004196167,-0.026303859020692877,41.44839096069336,1356.8359565217393,57.52666666666667,26.09
2022-11-10,93.34699249267578,42371200,0.04598045455329336,0.036423420764570835,-0.006477797583149036,0.00881376705870296,3.876,298.7998,3.5700000000000003,23.53,124.7044,3.82,57.63,86.52,46.80061340332031,375.6711120605469,0.06048741535052615,0.05495397235024457,81.1,42.1,22.8,0.07581299386880747,93.11432647705078,0.10249315463323239,110.89614868164062,0.08881575792591612,23.170000076293945,0.12238484009047146,10.729999542236328,0.13740097393139927,47.14344024658203,1357.073391304348,57.63,23.53
2022-11-11,95.8846206665039,30569100,0.011061770690134809,-0.004962368480247448,-0.009097622501459846,-0.018401804804329513,3.8866666666666663,298.80133333333333,3.566666666666667,22.52,124.385225,3.835,57.733333333333334,89.14,48.0296745300293,379.30706787109375,0.026261645677955636,0.009678561097242078,80.66666666666667,41.666666666666664,22.666666666666668,0.02629359997201064,95.56263732910156,0.010279813806037374,112.03614044189453,0.044454064879323685,24.200000762939453,0.07921718711393066,11.579999923706055,0.05323501400265562,49.65312194824219,1357.3108260869565,57.733333333333334,22.52
2022-11-14,95.19074249267578,24170100,-0.0020828188801956804,-0.006144023154578959,-0.007497891493527864,0.011142243457298306,3.9186666666666663,298.8059333333333,3.5566666666666666,23.73,123.4277,3.88,58.04333333333334,85.85,47.83763122558594,376.0804443359375,-0.003998430268839059,-0.008506626447184473,79.36666666666666,40.36666666666667,22.266666666666666,-0.007364525699635971,94.8588638305664,0.010617712831110238,113.2257080078125,0.00909088043052475,24.420000076293945,-0.025043174763702103,11.289999961853027,-0.0536547034833641,46.98899841308594,1358.0231304347826,58.04333333333334,23.73
2022-11-15,97.85722351074219,31831000,-0.014080164087313385,0.027653792484248374,-0.07617510900613755,-0.029781133233465984,3.929333333333333,298.80746666666664,3.5533333333333332,24.54,123.039,3.8,58.14666666666667,86.87,48.54819107055664,379.2879943847656,0.01485357503635476,0.008528893477808497,78.93333333333334,39.93333333333333,22.133333333333333,0.028631161970060992,97.57478332519531,0.025039283808332646,116.06079864501953,0.07657661070397492,26.290000915527344,0.043401219909104505,11.779999732971191,0.06655712945502645,50.116451263427734,1358.2605652173913,58.14666666666667,24.54
2022-11-16,98.1248550415039,24660200,-0.001717306353629211,0.023133757926126597,-0.082129494089339,-0.04444889876476321,3.9399999999999995,298.80899999999997,3.5500000000000003,24.11,123.2817,3.67,58.25,85.62,48.068084716796875,376.3945617675781,-0.009889273795227749,-0.007628590042458083,78.5,39.5,22.0,0.004165037052003218,97.98118591308594,-0.03288347649250889,112.24431610107422,-0.03537467754999224,25.360000610351562,-0.06027165146360269,11.069999694824219,-0.0496918530884376,47.62607192993164,1358.498,58.25,24.11
2022-11-17,97.63912963867188,21818700,-0.009136914315290845,0.023654928254609686,-0.0949238288337424,-0.06548202669280456,3.9506666666666663,298.81053333333335,3.546666666666667,23.93,123.977,3.77,58.35333333333333,81.69,47.70321273803711,375.2428283691406,-0.007590732622476781,-0.0030599097740118264,78.06666666666666,39.06666666666666,21.866666666666667,-0.004957099775045326,97.4954833984375,-0.01572020339466451,110.47981262207031,-0.03312303361085156,24.520000457763672,-0.013550101415125249,10.920000076293945,-0.04681803738903889,45.39631271362305,1358.7354347826088,58.35333333333333,23.93
2022-11-18,96.94527435302734,24969900,-0.01584882312328406,0.021165499353063444,-0.08353803326420772,-0.0613497753291522,3.961333333333333,298.8120666666667,3.5433333333333334,23.12,123.8524,3.82,58.45666666666666,80.07,47.55916213989258,376.94659423828125,-0.003019725294721498,0.004540435526897202,77.63333333333334,38.63333333333333,21.733333333333334,-0.009455018449121888,96.57366180419922,0.005383676741839816,111.07460021972656,-0.005709677584966877,24.3799991607666,-0.03663000144099138,10.520000457763672,-0.013395548760622655,44.788204193115234,1358.9728695652175,58.45666666666666,23.12
2022-11-21,94.99247741699219,18696900,-0.0040696806821444165,0.015444000869337948,-0.05822813439142405,-0.04967137193962756,3.993333333333333,298.81666666666666,3.533333333333333,22.36,124.7009,3.83,58.766666666666666,79.74,47.16547775268555,375.5759582519531,-0.008277782229405783,-0.0036361543180880584,76.33333333333333,37.333333333333336,21.333333333333332,-0.018782751254275643,94.7597427368164,-0.019544920346979855,108.90365600585938,-0.023789989486111884,23.799999237060547,-0.05323197673469904,9.960000038146973,0.012499915892730806,45.348052978515625,1359.6851739130436,58.766666666666666,22.36
2022-11-22,96.47937774658203,18868900,0.04232996948776058,-0.022398126800753926,-0.09318818306078447,-0.08198923827738103,4.004,298.8182,3.5300000000000002,21.29,124.2365,3.76,58.87,80.83,47.86643981933594,380.6300964355469,0.01486176118740734,0.013457033317886724,75.9,36.9,21.2,0.015167448193283528,96.19700622558594,0.014381941710300161,110.46990203857422,0.029411797704994802,24.5,-0.005020099452144766,9.90999984741211,0.006811314532980228,45.65693283081055,1359.9226086956521,58.87,21.29
2022-11-23,97.95634460449219,17568900,0.024893814585709828,-0.04928152815403042,-0.09117591301854133,-0.08824118135722614,4.014666666666666,298.8197333333333,3.526666666666667,20.35,123.7574,3.71,58.97333333333333,77.93,48.471378326416016,383.0287170410156,0.012638050988611704,0.006301710316475084,75.46666666666667,36.46666666666667,21.066666666666666,0.014528500640905051,97.5946044921875,0.0071786264052702276,111.26292419433594,0.02163268108757177,25.030000686645508,0.041372336400103515,10.319999694824219,0.020507505791569125,46.59324264526367,1360.1600434782608,58.97333333333333,20.35
2022-11-25,96.74700927734375,8567800,0.033094221637332,-0.046413939661965165,-0.0990779463542748,-0.07479513949566685,4.036,298.8228,3.52,20.5,123.3386,3.68,59.18,76.45,48.2025146484375,382.9429626464844,-0.0055468543965870865,-0.0002238850266730319,74.6,35.6,20.8,-0.010156411234591878,96.6033935546875,-0.007394750242295189,110.4401626586914,-0.0015981188345985942,24.989999771118164,-0.013565832731434191,10.180000305175781,-0.020716728375205107,45.62798309326172,1360.6349130434783,59.18,20.5
2022-11-28,95.40880584716797,19974500,0.037610403102718015,-0.027948114989792883,-0.10171427228011398,-0.05963628739307736,4.068,298.8274,3.5100000000000002,22.21,123.6032,3.69,59.489999999999995,77.1,47.43435287475586,376.8323669433594,-0.015936134852801542,-0.0159569343196575,73.3,34.3,20.4,-0.014467303743484483,95.20580291748047,-0.02360659959616218,107.83304595947266,-0.025210050681741647,24.360000610351562,-0.03339883520583253,9.84000015258789,0.004019362095566192,45.811378479003906,1361.3472173913044,59.489999999999995,22.21
2022-11-29,94.60588836669922,20220000,0.019593420516455184,0.004295823698730938,-0.06800085127775934,-0.03279540310009943,4.078666666666666,298.82893333333334,3.506666666666667,21.89,123.6615,3.75,59.593333333333334,77.96,47.45355224609375,376.18511962890625,0.0004047566831697491,-0.0017176001087784165,72.86666666666666,33.86666666666667,20.266666666666666,-0.008953895061350026,94.35334014892578,0.006251214721945342,108.50713348388672,-0.014778349808356905,24.0,-0.002032566814382797,9.819999694824219,-0.012220736506695085,45.251529693603516,1361.5846521739131,59.593333333333334,21.89
2022-11-30,100.56334686279297,39888100,-0.062099429339371515,-0.06052239129252257,-0.1253818458469017,-0.07323800498579813,4.089333333333333,298.83046666666667,3.5033333333333334,20.58,123.5175,3.68,59.696666666666665,80.48,49.460391998291016,388.0351867675781,0.04229061170784032,0.03150062700609091,72.43333333333334,33.43333333333333,20.133333333333333,0.060930869620729355,100.10237121582031,0.07893295623399021,117.0719223022461,0.059166669845581055,25.420000076293945,0.04989824236458418,10.3100004196167,0.07849825208471417,48.80369567871094,1361.8220869565218,59.696666666666665,20.58
2022-12-01,100.39485168457031,21771500,-0.07237368562881219,-0.09952614774700175,-0.11433667144060233,-0.05627970125892989,4.1,298.832,3.5,19.84,122.0045,3.53,59.8,81.06,49.748451232910156,387.74969482421875,0.005824038649533847,-0.0007357372555246711,72.0,33.0,20.0,0.0,100.10237121582031,0.019813812463868263,119.39156341552734,0.006294250469390139,25.579999923706055,0.05431614385552108,10.869999885559082,-0.011867187302147086,48.22453308105469,1362.0595217391306,59.8,19.84
2022-12-02,99.94877624511719,18821500,-0.07696119060010442,-0.09887930875236228,-0.12020225814523222,-0.06605167167080672,4.10741935483871,298.8832258064516,3.5,19.06,122.0102,3.51,59.964516129032255,79.86,49.873268127441406,387.3022766113281,0.002508960408574179,-0.0011538841135476652,72.3225806451613,33.354838709677416,20.129032258064516,-0.005446084932889561,99.55720520019531,0.025323711437443164,122.41500091552734,-0.02814696307669806,24.860000610351562,-0.03403862828468207,10.5,-0.02582058907564544,46.979347229003906,1362.2969565217393,59.964516129032255,19.06
2022-12-05,98.9971694946289,19955500,-0.06318220971616528,-0.10733963344103936,-0.13117061301317523,-0.05226785612585072,4.129677419354838,299.03690322580644,3.5,20.75,122.6384,3.6,60.45806451612903,76.83,49.085899353027344,380.3349914550781,-0.015787390800259926,-0.01798926982100324,73.29032258064517,34.41935483870968,20.516129032258064,-0.009558008399313311,98.60563659667969,-0.008583512842081698,121.36425018310547,-0.03740950451901981,23.93000030517578,-0.03809520176478798,10.100000381469727,-0.059379535496909,44.189735412597656,1363.0092608695652,60.45806451612903,20.75
2022-12-06,96.45954132080078,20877600,-0.01500362449374737,-0.07892308440660922,-0.09402937322952476,-0.04778518319611136,4.137096774193548,299.08812903225805,3.5,22.17,123.0191,3.51,60.622580645161285,74.21,47.67440414428711,374.8525390625,-0.028755614694735754,-0.014414798837213083,73.61290322580645,34.774193548387096,20.64516129032258,-0.02513068653352668,96.12760925292969,-0.06787565955710706,113.12657165527344,-0.0505641862260896,22.719999313354492,-0.06732676034580798,9.420000076293945,-0.05351675066992834,41.82484436035156,1363.246695652174,60.622580645161285,22.17
2022-12-07,94.31842041015625,26647900,0.0016814554721276131,-0.051497657756066295,-0.0667368843722922,-0.043510198257569854,4.144516129032258,299.13935483870966,3.5,22.68,122.7608,3.42,60.78709677419355,71.93,47.43435287475586,374.21484375,-0.005035223278401779,-0.0017011897907771578,73.93548387096774,35.12903225806452,20.774193548387096,-0.02103520751945409,94.10554504394531,-0.0016648540713525284,112.938232421875,-0.0017605197793821858,22.68000030517578,-0.012738841251293542,9.300000190734863,-0.006461979844824883,41.55457305908203,1363.4841304347826,60.78709677419355,22.68
2022-12-08,93.12890625,25593200,-0.02927090542552746,-0.06056407881905124,-0.050132993713560725,-0.024374534677656157,4.151935483870967,299.1905806451613,3.5,22.29,122.4152,3.48,60.95161290322581,71.3,47.33832931518555,377.146484375,-0.002024346359775331,0.007834111003246491,74.25806451612904,35.483870967741936,20.903225806451612,-0.012955586244290607,92.8863525390625,0.012288219176601611,114.32604217529297,-0.0026454790623918756,22.6200008392334,0.010752626424140876,9.399999618530273,0.02276412196067268,42.500526428222656,1363.7215652173913,60.95161290322581,22.29
2022-12-09,92.25659942626953,21885300,-0.02374560845010154,-0.035027455999322554,-0.008703007221894099,0.012678609129792795,4.159354838709677,299.2418064516129,3.5,22.83,122.4201,3.57,61.116129032258065,71.05,47.47275161743164,374.32904052734375,0.002839608076387501,-0.007470423202605936,74.58064516129032,35.83870967741935,21.032258064516128,-0.009390544403193535,92.01409912109375,0.004942294408460501,114.89107513427734,0.02387263431228992,23.15999984741211,0.005319169442975058,9.449999809265137,-0.010220210320952994,42.066162109375,1363.959,61.116129032258065,22.83
2022-12-12,92.7423095703125,27380900,-0.04713555206023079,-0.06017528907725622,-0.01763568697391893,0.03195825573054112,4.1816129032258065,299.3954838709677,3.5,25.0,122.7714,3.61,61.60967741935484,72.96,47.84724426269531,379.7258605957031,0.007888580975494941,0.014417316008281,75.54838709677419,36.903225806451616,21.419354838709676,0.005170610238139917,92.4898681640625,-0.010267479195003815,113.71143341064453,0.019430084883603094,23.610000610351562,0.001058225299859883,9.460000038146973,-0.0006883767258840656,42.03720474243164,1364.6713043478262,61.60967741935484,25.0
2022-12-13,95.01229858398438,34788500,-0.06489309148981348,-0.09796552795160729,-0.03182033383193672,0.05446024122468218,4.189032258064516,299.44670967741934,3.5,22.55,121.8493,3.51,61.774193548387096,75.44,48.65380859375,382.600341796875,0.016857069690919158,0.007569885276347721,75.87096774193549,37.25806451612903,21.548387096774192,0.024863332264276172,94.78947448730469,0.04742389571927985,119.10407257080078,0.11901733982634322,26.420000076293945,-0.005285432403090873,9.40999984741211,0.07669349020004979,45.26118469238281,1364.908739130435,61.774193548387096,22.55
2022-12-14,94.47701263427734,26452900,-0.05308984501777436,-0.06672951479538036,-0.03304993801728473,0.07501834528478746,4.196451612903226,299.49793548387095,3.5,21.14,121.8226,3.49,61.938709677419354,77.14,48.02007293701172,380.1541442871094,-0.013025406952821617,-0.006393610361865143,76.19354838709677,37.61290322580645,21.677419354838708,-0.0058559690463309,94.23439025878906,0.011984978229424792,120.53153228759766,-0.007570051565552793,26.219999313354492,0.01381510271508346,9.539999961853027,-0.049690820389604706,43.01211929321289,1365.1461739130436,61.938709677419354,21.14
2022-12-15,90.40293884277344,28298800,-0.03223677292503668,-0.027083301334239862,0.006359703793322957,0.11765350745791259,4.203870967741936,299.54916129032256,3.5,22.83,122.5519,3.44,62.10322580645161,75.89,46.14766311645508,370.85498046875,-0.038992231915446984,-0.024461561074910265,76.51612903225806,37.96774193548387,21.806451612903224,-0.04428307839782897,90.0614013671875,-0.04474048456705082,115.1388931274414,-0.04042713553400057,25.15999984741211,-0.08176097862579934,8.760000228881836,-0.05857289459883752,40.492774963378906,1365.3836086956521,62.10322580645161,22.83
2022-12-16,90.06591033935547,48485500,-0.011556257925057767,-0.012767003873489169,0.033568149545972314,0.16486915549093584,4.211290322580645,299.60038709677417,3.5,22.62,122.6505,3.48,62.26774193548387,74.19,46.138065338134766,366.4765930175781,-0.0002079797257792393,-0.011806198330241435,76.83870967741936,38.32258064516129,21.93548387096774,-0.006603567715710468,89.4666748046875,0.028239434356526205,118.39035034179688,-0.014308450418714536,24.799999237060547,-0.03310501761140294,8.470000267028809,-0.0002382491541637055,40.48312759399414,1365.6210434782608,62.26774193548387,22.62
2022-12-19,88.370849609375,23020500,-0.013684776512775998,-0.0049353601295145655,0.11362879765282474,0.1690412212991792,4.233548387096774,299.75406451612906,3.5,22.42,122.5275,3.57,62.76129032258065,75.05,45.05805969238281,363.3689880371094,-0.023408125976606353,-0.008479682030660296,77.80645161290323,39.38709677419355,22.322580645161292,-0.020163771590274937,87.66268920898438,-0.041446906299016706,113.48343658447266,-0.025403192747891157,24.170000076293945,-0.03305793126541767,8.1899995803833,-0.03743447882568418,38.9676628112793,1366.333347826087,62.76129032258065,22.42
2022-12-20,88.8466567993164,21976800,-0.035367545850436444,-0.03190898584142332,0.1291980315850787,0.18554071858462495,4.240967741935484,299.8052903225807,3.5,21.48,122.1357,3.69,62.92580645161291,75.92,45.366085052490234,363.8662414550781,0.006836187847642616,0.0013684530995747846,78.12903225806451,39.74193548387097,22.451612903225808,0.006557892673743071,88.2375717163086,0.02279868077591307,116.07070922851562,0.01117089188710807,24.440000534057617,0.002442058460122132,8.210000038146973,-0.008669583448644214,38.62982940673828,1366.5707826086957,62.92580645161291,21.48
2022-12-21,89.46124267578125,20336400,-0.014404396980896239,-0.023157867087661987,0.09927984837620496,0.17518001232148017,4.248387096774193,299.8565161290323,3.5,20.07,122.2828,3.68,63.090322580645164,78.17,45.96287536621094,369.3069152832031,0.01315498820385752,0.014952400657912257,78.45161290322581,40.096774193548384,22.580645161290324,0.006290792206978146,88.79265594482422,0.022803119836041663,118.71748352050781,0.028641523743641484,25.139999389648438,0.05237518918122119,8.640000343322754,0.017241164784392193,39.29585266113281,1366.8082173913044,63.090322580645164,20.07
2022-12-22,87.48863983154297,23656100,0.005325136817166731,0.006118086445898285,0.09596652606700906,0.1676862169343798,4.255806451612903,299.9077419354839,3.5,21.97,122.2419,3.67,63.25483870967742,77.68,45.5682258605957,364.03826904296875,-0.00858626668742657,-0.014266308109053716,78.7741935483871,40.45161290322581,22.70967741935484,-0.020317005221841655,86.98865509033203,-0.022044160683904357,116.10045623779297,-0.016706447354445153,24.719999313354492,0.004629625030506013,8.680000305175781,-0.020142465342778526,38.504337310791016,1367.0456521739131,63.25483870967742,21.97
2022-12-23,89.02508544921875,17815000,-0.0012249012228958689,-0.006346638904638491,0.10410871960328727,0.12860503007362611,4.263225806451612,299.9589677419355,3.5,20.87,121.9743,3.75,63.41935483870968,79.57,46.01100540161133,366.13238525390625,0.009716848366451591,0.005752461730033964,79.09677419354838,40.806451612903224,22.838709677419356,0.01675019604400263,88.44573211669922,0.007855222654888694,117.012451171875,-0.007686028802045386,24.530000686645508,-0.01152078087026076,8.579999923706055,0.0172976538489773,39.170372009277344,1367.2830869565219,63.41935483870968,20.87
2022-12-27,87.16151428222656,15470900,0.008870811455517158,0.049243927532865106,0.1453428677516979,0.1588764922621111,4.292903225806452,300.16387096774196,3.5,21.65,121.7539,3.84,64.07741935483871,79.45,45.59709930419922,364.6885681152344,-0.008995806411950635,-0.003943429198896453,80.38709677419355,42.225806451612904,23.35483870967742,-0.02062097555896747,86.62189483642578,-0.009827244550714265,115.86254119873047,-0.04484306362325474,23.43000030517578,-0.002330944553285863,8.5600004196167,-0.034499845056785605,37.819000244140625,1368.2328260869565,64.07741935483871,21.65
2022-12-28,85.7043685913086,17879600,0.0035853655909412474,0.06303490390257016,0.13289389548689567,0.17187117075325875,4.300322580645162,300.21509677419357,3.5,22.14,122.0075,3.88,64.24193548387098,78.89,44.932918548583984,360.1562194824219,-0.014566294035157301,-0.012427997554835257,80.70967741935483,42.58064516129032,23.483870967741936,-0.015676644760454828,85.26395416259766,-0.01078028372217521,114.61351013183594,-0.024327771549294552,22.860000610351562,-0.001168250980329244,8.550000190734863,0.004339005029642795,37.983097076416016,1368.4702608695652,64.24193548387098,22.14
2022-12-29,88.172607421875,18280700,-0.008881401337375916,0.04328292215253837,0.12276558887458289,0.16919613808475575,4.307741935483871,300.2663225806452,3.5,21.44,121.6577,3.83,64.40645161290323,78.43,46.17464828491211,366.63922119140625,0.027635189888355338,0.018000526877756107,81.03225806451613,42.935483870967744,23.612903225806452,0.028249104733056418,87.6725845336914,0.04013154294902721,119.21312713623047,0.041994709485613235,23.81999969482422,0.030409382816573904,8.8100004196167,0.04421865893692711,39.66265869140625,1368.707695652174,64.40645161290323,21.44
2022-12-30,87.95452880859375,19190300,0.000788749430101765,0.038656615641266434,0.14313082779395825,0.18235100937027027,4.315161290322581,300.3175483870968,3.5,21.67,121.4256,3.88,64.57096774193549,80.16,46.19389724731445,365.6734313964844,0.0004168729620541711,-0.0026341693389581033,81.35483870967742,43.29032258064516,23.741935483870968,-0.0024872467904535345,87.45452117919922,0.0006650665901763997,119.29241180419922,0.01931154482429487,24.280000686645508,0.01589096288085412,8.949999809265137,0.009734616432221843,40.04875946044922,1368.9451304347826,64.57096774193549,21.67
2023-01-03,88.9160385131836,20738500,-0.005128018998484918,0.023188575167685466,0.21293205666562232,0.17190653180604798,4.345483870967742,300.48645161290324,3.5064516129032257,22.9,122.0905,3.79,65.02903225806452,76.87,46.790687561035156,364.13397216796875,0.012919245815645075,-0.004209929123470957,82.0,46.32258064516129,24.64516129032258,0.010087378877082775,88.33670806884766,0.03656317722778257,123.65412139892578,-0.057248816214473974,22.889999389648438,-0.011173120662180347,8.850000381469727,-0.010363915294142712,39.633697509765625,1370.357888888889,65.02903225806452,22.9
2023-01-04,87.93470764160156,27046500,0.04001812285470008,0.05861790848305426,0.18611203512682617,0.183068422799745,4.353225806451613,300.5196774193549,3.509677419354839,22.01,121.5008,3.69,65.09354838709677,72.82,47.666629791259766,366.9451599121094,0.018720439384054988,0.007720201791125092,82.0,47.483870967741936,24.967741935483872,-0.01166967757136117,87.30584716796875,0.02108400673684252,126.26124572753906,0.03888166538787918,23.780000686645508,0.050847433883432824,9.300000190734863,0.029225574162808465,40.792015075683594,1370.8268333333333,65.09354838709677,22.01
2023-01-05,86.01165008544922,23136100,0.05923715146705355,0.14417434033968735,0.19246284211980091,0.2550422801916563,4.360967741935484,300.55290322580646,3.5129032258064514,22.46,122.1017,3.71,65.15806451612904,73.61,47.734012603759766,362.7570495605469,0.0014136265306585738,-0.011413450316569484,82.0,48.645161290322584,25.29032258064516,-0.021344357842002948,85.4423599243164,-0.0033760916011382758,125.83497619628906,-0.007989929712841404,23.59000015258789,-0.017204284315123886,9.140000343322754,0.005679026523133679,41.02367401123047,1371.2957777777779,65.15806451612904,22.46
2023-01-06,87.38951110839844,26612600,0.052631767338745084,0.1480264473188191,0.2254991523720573,0.21313516876343042,4.368709677419355,300.5861290322581,3.5161290322580645,21.13,121.0852,3.55,65.2225806451613,73.77,48.51369857788086,371.07586669921875,0.01633397092746569,0.022932199798045172,82.0,49.806451612903224,25.612903225806452,0.013224900820164143,86.57232666015625,0.024263461805001052,128.88816833496094,0.036879988395817076,24.459999084472656,0.008752726553724832,9.220000267028809,-0.003529255326568115,40.87889099121094,1371.7647222222222,65.2225806451613,21.13
2023-01-09,88.0239028930664,22996700,0.03783802149327542,0.11722995745427345,0.12612627604893234,0.19504529112927638,4.391935483870967,300.6858064516129,3.5258064516129033,21.97,120.1508,3.53,65.41612903225807,74.69,48.5907096862793,370.865478515625,0.0015874095493835227,-0.0005669681121146519,82.0,53.29032258064516,26.580645161290324,0.007785791888189619,87.2463607788086,-0.004230233525891136,128.3429412841797,0.017170895012852405,24.8799991607666,-0.0021692469831258165,9.199999809265137,0.035891228160545685,42.34608459472656,1373.1715555555556,65.41612903225807,21.97
2023-01-10,88.46007537841797,22855600,0.028462550666734865,0.08393103053920004,0.06969962583569878,0.1790676708433958,4.3996774193548385,300.71903225806454,3.5290322580645164,20.58,120.2483,3.61,65.48064516129033,75.11,49.32225799560547,373.4662780761719,0.015055312302481916,0.007012784179742049,82.0,54.45161290322581,26.903225806451612,0.004544510520040346,87.64285278320312,0.027187818738680924,131.83230590820312,0.042604558241406076,25.940000534057617,0.023913072998898333,9.420000076293945,0.025074111962663403,43.407875061035156,1373.6405,65.48064516129033,20.58
2023-01-11,91.45368957519531,25998800,0.01788409761293419,0.07478849201694704,0.028181070554828658,0.1726641271415459,4.4074193548387095,300.7522580645161,3.532258064516129,21.09,120.1614,3.54,65.54516129032258,77.46,49.67841339111328,378.1898193359375,0.007220987237436471,0.012647838739545447,82.0,55.612903225806456,27.225806451612904,0.03505986146361906,90.7155990600586,-0.0007518725631562306,131.73318481445312,0.041249023623548986,27.010000228881836,0.025477682502587085,9.65999984741211,0.015788311814083134,44.09321212768555,1374.1094444444445,65.54516129032258,21.09
2023-01-12,91.10673522949219,22754200,0.08018713161164603,0.0957457587973145,0.033619862493470265,0.19094770172897269,4.4151612903225805,300.78548387096777,3.535483870967742,18.83,119.4218,3.43,65.60967741935484,78.32,50.22707748413086,379.5668029785156,0.011044315942580596,0.003640985484474335,82.0,56.774193548387096,27.548387096774192,-0.00426138167536072,90.32902526855469,0.028745436547420233,135.51991271972656,-0.021103283598447264,26.440000534057617,-0.002070342070938369,9.640000343322754,0.008318790985650582,44.46001434326172,1374.5783888888889,65.60967741935484,18.83
2023-01-13,91.98897552490234,18630700,0.09062492976176273,0.05549556824195778,0.02316794002975331,0.14676700080508054,4.422903225806452,300.81870967741935,3.5387096774193547,18.35,119.1673,3.49,65.67419354838711,79.9,50.39071273803711,381.03924560546875,0.00325790912198598,0.003879271357238423,82.0,57.935483870967744,27.870967741935484,0.010863706106436277,91.31033325195312,0.0019749065269083488,135.7875518798828,0.009455370459541923,26.690000534057617,0.016597493953715015,9.800000190734863,0.0015197007685849862,44.52758026123047,1375.0473333333334,65.67419354838711,18.35
2023-01-17,91.35455322265625,22935800,0.07649742475879462,0.0836588435099177,0.05360244809931891,0.14062498956073588,4.453870967741936,300.9516129032258,3.5516129032258066,19.36,119.2121,3.53,65.93225806451613,80.25,49.91904830932617,380.3412780761719,-0.009360146008708936,-0.0018317470899560373,82.0,62.58064516129032,29.161290322580644,-0.009010022202117107,90.48762512207031,-0.011826420869014864,134.18167114257812,-0.002622693646442409,26.6200008392334,-0.013265317541914179,9.670000076293945,0.02514632939015149,45.64728546142578,1376.9231111111112,65.93225806451613,19.36
2023-01-18,90.97787475585938,19641600,0.05393339780481643,0.10514269095651607,0.04358257163395618,0.14425796241265565,4.461612903225807,300.98483870967743,3.554838709677419,20.34,119.0755,3.37,65.99677419354839,79.53,49.31262969970703,374.33642578125,-0.012148040280364203,-0.015788063618273007,82.0,63.74193548387097,29.483870967741936,-0.001862164106858466,90.31912231445312,-0.01728708977874005,131.862060546875,-0.020285533377274456,26.079999923706055,-0.026887303705325438,9.40999984741211,-0.001691770510878876,45.57006072998047,1377.3920555555555,65.99677419354839,20.34
2023-01-19,93.0892562866211,28707700,0.055904591237313506,0.1585559683954172,0.007240975314707798,0.1276756469239788,4.469354838709678,301.018064516129,3.5580645161290323,20.52,119.6107,3.39,66.06129032258065,80.31,49.562896728515625,371.6112976074219,0.00507511017628981,-0.007279890457202232,82.0,64.90322580645162,29.806451612903224,0.021180898486506727,92.23216247558594,0.023530175502261663,134.9647979736328,0.026457075769790395,26.770000457763672,0.022316688794073336,9.619999885559082,0.013344809498943455,46.178184509277344,1377.861,66.06129032258065,20.52
2023-01-20,98.41232299804688,53704800,0.014403640564070397,0.05983084091138147,-0.07282422804691802,0.0667808606802025,4.477096774193549,301.05129032258066,3.5612903225806454,19.85,119.3486,3.48,66.1258064516129,81.27,51.11264419555664,378.5340881347656,0.03126829885528837,0.018629117499697534,82.0,66.06451612903226,30.129032258064516,0.05341203703780306,97.1584701538086,0.02365039531136781,138.15676879882812,-0.006350394971496698,26.600000381469727,0.03846152702293715,9.989999771118164,0.05392961482929759,48.668556213378906,1378.3299444444444,66.1258064516129,19.85
2023-01-23,100.32546997070312,31791800,-0.03221030490058452,0.022329591341656796,-0.09297505828959396,0.05503389389696922,4.500322580645162,301.15096774193546,3.5709677419354837,19.81,119.1434,3.52,66.31935483870969,81.62,52.007835388183594,383.075927734375,0.017514084953264453,0.011998495622915772,82.0,69.54838709677419,31.096774193548388,0.01805759121396533,98.91291809082031,0.02798312658309765,142.0228271484375,0.003383464334481223,26.690000534057617,0.021021025321151576,10.199999809265137,0.032725069504482285,50.26123809814453,1379.736777777778,66.31935483870969,19.81
2023-01-24,98.34294128417969,27391400,0.006652518237772798,0.08900313933135484,-0.08204829384873835,0.054429997937937236,4.508064516129033,301.1841935483871,3.574193548387097,19.2,119.0958,3.46,66.38387096774194,79.86,51.86345672607422,382.6647644042969,-0.0027760944294593637,-0.0010733207187145766,82.0,70.70967741935485,31.419354838709676,-0.020944079445177066,96.84127807617188,-0.000907429706966556,141.89395141601562,-0.03222182814324648,25.829999923706055,0.005882394190066309,10.260000228881836,-0.02342990670236278,49.083621978759766,1380.2057222222222,66.38387096774194,19.2
2023-01-25,95.8846206665039,31000900,0.04858873744618086,0.03380530974859619,-0.07629496325885166,0.07980966262243894,4.515806451612903,301.2174193548387,3.57741935483871,19.08,118.9686,3.46,66.4483870967742,79.78,52.04633712768555,382.8083190917969,0.0035261899833873844,0.000375144776455949,82.0,71.87096774193549,31.741935483870968,-0.02538363120983078,94.38309478759766,-0.011457268945309296,140.2682342529297,0.011227290607197737,26.1200008392334,-0.0575048868836322,9.670000076293945,-0.006096381457742606,48.78438949584961,1380.6746666666668,66.4483870967742,19.08
2023-01-26,98.29337310791016,24542100,0.09721652695705796,-0.03731343689052413,-0.09136742171717349,0.09288036357175677,4.523548387096774,301.2506451612903,3.5806451612903225,18.73,119.021,3.49,66.51290322580645,80.64,52.85490036010742,387.01544189453125,0.01553544931391082,0.010990155106126442,82.0,73.03225806451613,32.064516129032256,0.0241544304368424,96.6628646850586,0.04098918926151507,146.01771545410156,0.009571209493396626,26.3700008392334,0.05377450878869561,10.1899995803833,0.024535101166787365,49.981319427490234,1381.143611111111,66.51290322580645,18.73
2023-01-27,99.82981872558594,29020400,0.04478217400920492,-0.05808751679608559,-0.10336606471554144,0.07457072254463815,4.531290322580645,301.2838709677419,3.5838709677419356,18.51,118.9223,3.52,66.57741935483871,79.73,53.22068786621094,387.9046936035156,0.006920597780174731,0.0022977163511390675,82.0,74.19354838709678,32.38709677419355,0.018970630542956668,98.49662017822266,0.030142902122459514,150.4191131591797,0.014031054990877312,26.739999771118164,0.07065753647476858,10.90999984741211,0.03630743389158386,51.79601287841797,1381.6125555555557,66.57741935483871,18.51
2023-01-30,97.09395599365234,24365100,0.056355111568571425,-0.03011747563058198,-0.075957118404966,0.09964263765922832,4.554516129032258,301.38354838709677,3.5935483870967744,19.94,118.8953,3.55,66.7709677419355,77.97,52.383243560791016,383.0376892089844,-0.015735315325595467,-0.012546907719311884,82.0,77.67741935483872,33.354838709677416,-0.024454171675323044,96.08796691894531,-0.03084247332612622,145.77981567382812,-0.030665658258901662,25.920000076293945,0.016498653317440493,11.09000015258789,-0.023481195408989852,50.57978057861328,1383.019388888889,66.7709677419355,19.94
2023-01-31,98.9971694946289,22306800,0.0818064025089249,-0.04926402367122007,-0.07569831956624962,0.06117962905747998,4.562258064516129,301.41677419354835,3.596774193548387,19.4,118.9802,3.52,66.83548387096775,78.95,53.01853942871094,388.66961669921875,0.012127845179778829,0.014703324630704007,82.0,78.83870967741936,33.67741935483871,0.01959975678160264,97.97126770019531,0.012987885691031043,147.67318725585938,0.014274723693839642,26.290000915527344,0.04238054648891354,11.5600004196167,0.032824337783631696,52.240028381347656,1383.4883333333335,66.83548387096775,19.4
2023-02-01,100.54353332519531,26392600,-0.014098404045030488,-0.04268949243013709,-0.07305537331347667,0.04623884978209114,4.57,301.45,3.6,17.87,118.6259,3.39,66.9,76.34,53.64421463012695,392.8003234863281,0.011801064460806199,0.010627809866357474,82.0,80.0,34.0,0.016086779443498234,99.54730987548828,0.02785808092863018,151.78707885742188,0.015595277030589827,26.700000762939453,-0.10294121893267838,10.369999885559082,-0.05007386225474486,49.624168395996094,1383.9572777777778,66.9,17.87
2023-02-02,107.84911346435547,46622600,-0.12261022372737862,-0.11966893885603702,-0.12150729495665635,-0.032996323782988335,4.572857142857143,301.46325,3.5964285714285715,18.73,118.3421,3.4,66.72500000000001,75.87,57.167232513427734,398.51837158203125,0.0656737713021196,0.014557136931436787,81.71428571428571,78.92857142857143,33.642857142857146,0.07278677392814847,106.79303741455078,0.23282380589811447,187.12672424316406,0.08988762359368763,29.100000381469727,0.099324951237997,11.399999618530273,0.02256370708845279,50.743873596191406,1384.4262222222223,66.72500000000001,18.73
2023-02-03,104.3004150390625,36823400,-0.09846041918052872,-0.10102646036124707,-0.10501801495501673,0.00945638841846419,4.575714285714286,301.4765,3.592857142857143,18.33,119.5095,3.53,66.55000000000001,73.4,56.021766662597656,394.282470703125,-0.020037105181906822,-0.010629123224835668,81.42857142857143,77.85714285714286,33.285714285714285,-0.027473469158269315,103.85906219482422,-0.01186623402367526,184.90623474121094,-0.055670131202643636,27.479999542236328,-0.03508768701010212,11.0,-0.07837176130688739,46.76698684692383,1384.8951666666667,66.55000000000001,18.33
2023-02-06,102.5656967163086,25573000,-0.08185939202845449,-0.11036999243723222,-0.08524192116467366,0.04610030236937712,4.5842857142857145,301.51625,3.5821428571428573,19.43,120.541,3.63,66.025,74.11,55.34796142578125,391.8728332519531,-0.012027561374037599,-0.0061114496083855,80.57142857142857,74.64285714285714,32.214285714285715,-0.017942461680972244,101.99557495117188,-0.0025197196075429362,184.44032287597656,0.014919936471685435,27.889999389648438,0.09727269952947437,12.069999694824219,-0.020433396127225167,45.811378479003906,1386.3020000000001,66.025,19.43
2023-02-07,107.09577178955078,33738800,-0.1211588560357626,-0.15031469467289804,-0.14235452125725134,-0.0009255369478524678,4.587142857142857,301.5295,3.5785714285714287,18.66,120.3475,3.67,65.85000000000001,77.17,56.3779182434082,396.9979248046875,0.018608757957744748,0.01307845586080525,80.28571428571429,73.57142857142857,31.857142857142858,0.04606416868455443,106.69391632080078,0.02988290116029968,189.95193481445312,-0.051631360997571374,26.450000762939453,0.011599034537075337,12.210000038146973,0.028445077589823287,47.11448669433594,1386.7709444444445,65.85000000000001,18.66
2023-02-08,99.12602996826172,73546000,-0.02899994127447625,-0.08930004794250168,-0.08989992570413097,0.12280007299513329,4.590000000000001,301.54275,3.575,19.63,120.1436,3.63,65.675,78.47,54.606781005859375,392.6568908691406,-0.03141544229962612,-0.010934651453612831,80.0,72.5,31.5,-0.07683002391561855,98.49662017822266,-0.04274096310535491,181.8332061767578,-0.021550154469995753,25.8799991607666,-0.05323502182633244,11.5600004196167,-0.0180290637514392,46.26505661010742,1387.239888888889,65.675,19.63
2023-02-09,94.6257095336914,97798600,0.003352312678906344,-0.06400588706677957,-0.03980712067720937,0.22459680615178157,4.592857142857143,301.556,3.5714285714285716,20.71,119.9781,3.67,65.5,78.04,53.4131965637207,389.25286865234375,-0.0218578063045064,-0.008669202797541908,79.71428571428571,71.42857142857143,31.142857142857142,-0.043876565638398146,94.1749267578125,-0.03003838084638255,176.37123107910156,-0.044435844506271915,24.729999542236328,-0.05017308445734492,10.979999542236328,-0.014604669962097083,45.58937072753906,1387.7088333333334,65.5,20.71
2023-02-10,94.03095245361328,49325300,-0.0028462878783268586,-0.05017913033247934,-0.006430517269007896,0.24309513522504367,4.595714285714286,301.56925,3.567857142857143,20.53,120.1419,3.74,65.325,79.74,52.90303039550781,390.1612548828125,-0.009551313177901144,0.002333666116870914,79.42857142857143,70.35714285714286,30.785714285714285,-0.004631108867230727,93.7387924194336,-0.02118964430580872,172.6339874267578,0.004448063582196626,24.84000015258789,-0.030054639113294757,10.649999618530273,-0.04552195719514218,43.51405334472656,1388.177777777778,65.325,20.53
2023-02-13,94.16973114013672,43116600,-0.03105254267292068,-0.04947373068897676,0.016315867719515875,0.231157784382503,4.604285714285715,301.609,3.5571428571428574,20.34,119.9828,3.72,64.8,80.14,53.653839111328125,394.7413635253906,0.014192168392003213,0.01173901453631987,78.57142857142857,67.14285714285714,29.714285714285715,0.0004230648992786801,93.77845001220703,0.03031879552484007,177.8680419921875,-0.0056360462475218975,24.700000762939453,0.005633842419327628,10.710000038146973,0.012200546544088642,44.04494857788086,1389.5846111111111,64.8,20.34
2023-02-14,94.12017059326172,42513100,-0.03317532279567681,-0.04676140814114582,0.06445505413642216,0.2647709617275342,4.607142857142858,301.62225,3.553571428571429,18.91,119.9229,3.77,64.625,79.08,53.6730842590332,394.5596923828125,0.00035869097205032396,-0.0004602282896214449,78.28571428571429,66.07142857142857,29.357142857142858,0.0007399284510747339,93.84783935546875,0.00027855081514926994,177.91758728027344,-0.0008097351071211234,24.68000030517578,0.01307192743455654,10.850000381469727,-0.012930059009438555,43.47544479370117,1390.0535555555557,64.625,18.91
2023-02-15,96.25138092041016,36964500,-0.06210103297745595,-0.049330521317569986,0.055200671599029194,0.25108139666408813,4.61,301.6355,3.55,18.23,120.4557,3.81,64.45,78.57,54.164005279541016,395.8409729003906,0.009146502894049613,0.003247367996057182,78.0,65.0,29.0,0.023869783032421266,96.08796691894531,-0.012926235807577124,175.61778259277344,0.028363000281001582,25.3799991607666,0.037788003041210105,11.260000228881836,0.01176722257870555,43.987030029296875,1390.5225,64.45,18.23
2023-02-16,94.94292449951172,35642100,-0.06713314844099239,-0.01837563509699458,0.06420949443840374,0.28962190820756617,4.612857142857143,301.64875,3.5464285714285713,20.17,120.4651,3.86,64.275,78.45,53.336185455322266,390.3907470703125,-0.015283578456695812,-0.013768725834881201,77.71428571428571,63.92857142857143,28.642857142857142,-0.01475142765356341,94.6705322265625,-0.026642571342603616,170.93887329101562,-0.02127655736937384,24.84000015258789,-0.04706933178261041,10.729999542236328,-0.03620816211277211,42.39434051513672,1390.9914444444444,64.275,20.17
2023-02-17,93.76331329345703,31095100,-0.047467949904574924,0.010466205767491576,0.11893444493762884,0.30299196606601675,4.615714285714286,301.66200000000003,3.5428571428571427,20.02,120.5526,3.82,64.10000000000001,76.31,53.278438568115234,389.41546630859375,-0.0010826962354741898,-0.002498216899446848,77.42857142857143,62.85714285714286,28.285714285714285,-0.012145312111158546,93.5207290649414,0.002551806938536849,171.3750762939453,-0.016505629826632506,24.43000030517578,-0.03448274942628449,10.359999656677246,-0.006602736762808092,42.11442184448242,1391.460388888889,64.10000000000001,20.02
2023-02-21,91.24552154541016,28367200,-0.019011544822948756,0.023030948935063966,0.1322108110607485,0.3674089546982362,4.627142857142857,301.71500000000003,3.5285714285714285,22.87,120.6256,3.95,63.4,76.28,52.10409927368164,381.6034851074219,-0.02204154862632146,-0.020060788225039983,76.28571428571429,58.57142857142857,26.857142857142858,-0.027133005692877354,90.98323059082031,-0.004627629173883485,170.58201599121094,0.0008186843026536383,24.450000762939453,-0.053088731205320094,9.8100004196167,-0.027274803186907892,40.96575927734375,1393.3361666666667,63.4,22.87
2023-02-22,90.9977035522461,29891100,-0.01405227407388343,0.03104579588372869,0.15751634639029555,0.3430281629857541,4.630000000000001,301.72825,3.525,22.29,120.8389,3.93,63.225,73.95,52.20998001098633,381.0774841308594,0.002032099945697974,-0.001378396678988425,76.0,57.5,26.5,-0.0015251538864171632,90.84446716308594,-0.005578811411807716,169.63037109375,0.028220801847780086,25.139999389648438,0.009174229873997408,9.899999618530273,0.03298774328312848,42.3171272277832,1393.805111111111,63.225,22.29
2023-02-23,90.2740707397461,32423700,0.013616084577241061,0.01745942899341757,0.16459868718129367,0.3356759400436242,4.6328571428571435,301.74150000000003,3.5214285714285714,21.14,121.0896,3.88,63.050000000000004,75.26,51.969337463378906,383.1046447753906,-0.004609129280585544,0.0053195497738594,75.71428571428571,56.42857142857143,26.142857142857142,-0.008292401399291771,90.09114837646484,0.005376230919134306,170.54234313964844,0.014319833694975914,25.5,0.02020209804504458,10.100000381469727,-0.004561991731677373,42.12407684326172,1394.2740555555556,63.050000000000004,21.14
2023-02-24,88.56910705566406,31295600,0.05226631567250384,0.018578714834183607,0.15344144550789784,0.39171809977319194,4.635714285714286,301.75475,3.517857142857143,21.67,121.5681,3.95,62.875,76.19,51.247406005859375,379.0121765136719,-0.013891488573011923,-0.010682377041181801,75.42857142857143,55.35714285714286,25.785714285714285,-0.019364221839200058,88.34660339355469,-0.009590608574312376,168.90673828125,-0.018431345621744755,25.030000686645508,-0.02871286642573645,9.8100004196167,-0.05270401629185373,39.903968811035156,1394.743,62.875,21.67
2023-02-27,89.31256103515625,22724300,0.060821214011919755,0.017314154269433946,0.12497232277521242,0.39211973030765446,4.644285714285715,301.7945,3.507142857142857,20.95,121.3941,3.92,62.35,75.57,51.411041259765625,380.302978515625,0.003193044617468832,0.003405700613174245,74.57142857142857,52.142857142857146,24.714285714285715,0.008302672091992092,89.08011627197266,-0.00498849448284433,168.06414794921875,-0.0015981188345985942,24.989999771118164,0.007135544529054627,9.880000114440918,0.0009676322148681749,39.94258117675781,1396.1498333333334,62.35,20.95
2023-02-28,89.51080322265625,30546900,0.04285727679682516,0.04374311732677816,0.12846077004115108,0.3802881943615777,4.647142857142858,301.80775,3.5035714285714286,20.7,121.3341,3.92,62.175,76.88,51.49767303466797,378.8974609375,0.0016850811183655168,-0.0036957837764272083,74.28571428571429,51.07142857142857,24.357142857142858,0.0021140109947757058,89.2684326171875,0.031851005406449806,173.4171600341797,0.004801954395057262,25.110000610351562,0.02732788471274561,10.149999618530273,0.000966601303369341,39.9811897277832,1396.6187777777777,62.175,20.7
2023-03-01,89.71897888183594,26323900,0.04574083267472506,0.06673296117927352,0.11943403738513902,0.3630537007661625,4.65,301.821,3.5,20.58,120.6347,4.01,62.0,77.57,51.10301208496094,377.44403076171875,-0.0076636656852698826,-0.003835945936890295,74.0,50.0,24.0,0.003331198968394178,89.56580352783203,-0.008688906101477434,171.9103546142578,-0.005575519458145939,24.969999313354492,-0.0009851503037757725,10.140000343322754,0.0048287210868529495,40.17424774169922,1397.0877222222223,62.0,20.58
2023-03-02,91.50325012207031,23328600,0.0037917160892129154,0.0948976254999161,0.12663836470278844,0.34730788657936285,4.655806451612904,301.85403225806454,3.496774193548387,19.59,121.1302,4.08,62.05483870967742,78.05,51.58430862426758,380.3795166015625,0.009418163815989145,0.00777727451118948,73.87096774193549,50.225806451612904,24.06451612903226,0.018149558982957448,91.1913833618164,0.0064004945005542435,173.0106658935547,0.014817815354745134,25.34000015258789,-0.003944769279950466,10.100000381469727,0.002402710816889364,40.270774841308594,1397.5566666666666,62.05483870967742,19.59
2023-03-03,93.19828796386719,30242500,-0.0320143297723926,0.0897681063511293,0.11582656921600631,0.3319509031257024,4.661612903225807,301.88706451612904,3.4935483870967743,18.49,120.7742,3.97,62.10967741935484,79.62,52.710514068603516,386.47991943359375,0.021832326038118577,0.01603767439039383,73.74193548387096,50.45161290322581,24.129032258064516,0.017934870773704592,92.82688903808594,0.06142227665266087,183.6373748779297,0.041831075752149394,26.399999618530273,0.05445536794925476,10.649999618530273,-0.0019177318153650313,40.193546295166016,1398.0256111111112,62.10967741935484,18.49
2023-03-06,94.74465942382812,28288200,-0.0410126222664291,0.06643648619964027,0.09981171445017112,0.3248586851803119,4.679032258064517,301.9861612903226,3.4838709677419355,18.61,120.485,3.98,62.274193548387096,80.39,52.710514068603516,386.74774169921875,0.0,0.0006929784761326996,73.35483870967742,51.12903225806452,24.322580645161292,0.015803394853261432,94.29386901855469,-0.001889344943717286,183.29042053222656,0.010606086768613965,26.68000030517578,0.09483570563932275,11.65999984741211,-0.04971168311441654,38.195457458496094,1399.4324444444444,62.274193548387096,18.61
2023-03-07,93.34699249267578,24101500,0.0008494360155149039,0.12392481122259213,0.1144737832562619,0.35828815553710425,4.68483870967742,302.01919354838714,3.4806451612903224,19.59,121.4623,3.97,62.329032258064515,77.45,52.17147445678711,380.8193054199219,-0.01022641538109148,-0.015328948666253672,73.2258064516129,51.354838709677416,24.387096774193548,-0.013350204858112336,93.03502655029297,-0.0021092028626751302,182.90382385253906,-0.0014992846727810427,26.639999389648438,0.005145833653678489,11.720000267028809,-0.018701030989612177,37.481163024902344,1399.901388888889,62.329032258064515,19.59
2023-03-08,93.82279968261719,25395200,0.020073930221177427,0.10110939242980432,0.15055463929295798,0.2988906238336084,4.690645161290323,302.05222580645164,3.47741935483871,19.11,121.4511,3.98,62.383870967741935,76.56,52.20035171508789,381.4408874511719,0.0005535066547659451,0.0016322230055132447,73.09677419354838,51.58064516129032,24.451612903225808,0.004155224491600107,93.4216079711914,0.0024930788364019296,183.3598175048828,-0.03378377023837276,25.739999771118164,-0.05716724070210277,11.050000190734863,-0.019572514758084636,36.747562408447266,1400.3703333333333,62.383870967741935,19.11
2023-03-09,91.85020446777344,24438900,0.09076176656015167,0.1467729435774927,0.1542194154160772,0.3238719361009519,4.696451612903226,302.08525806451615,3.4741935483870967,22.61,121.4458,3.93,62.438709677419354,75.6,51.02600860595703,374.4033508300781,-0.022496842847735676,-0.018449874810535727,72.96774193548387,51.806451612903224,24.516129032258064,-0.02047740959809008,91.50857543945312,-0.017732451480522604,180.1083984375,-0.03496502045583261,24.84000015258789,-0.035294148107776424,10.65999984741211,-0.03729962557430577,35.37689208984375,1400.8392777777779,62.438709677419354,22.61
2023-03-10,90.21460723876953,32850100,0.12581016420923508,0.16536631359227183,0.16602570114580528,0.3500712793124914,4.702258064516129,302.11829032258066,3.4709677419354836,24.8,121.2421,3.7,62.49354838709677,76.55,50.3040771484375,369.0008850097656,-0.014148303526826278,-0.014429533839200093,72.83870967741936,52.03225806451613,24.580645161290324,-0.018305912885315023,89.83342742919922,-0.011998643801746978,177.9473419189453,-0.026972627704438312,24.170000076293945,-0.030018733527646724,10.34000015258789,-0.03165075092949632,34.25718688964844,1401.3082222222222,62.49354838709677,24.8
2023-03-13,90.85893249511719,31508600,0.1120443406877889,0.12437243168269685,0.14793793163558977,0.3566440413191232,4.719677419354839,302.21738709677425,3.4612903225806453,26.52,120.8897,3.55,62.65806451612903,74.68,50.3040771484375,368.4749755859375,0.0,-0.0014252253726009245,72.45161290322581,52.70967741935484,24.774193548387096,0.005296379585731925,90.30921936035156,0.007743297287067685,179.3252410888672,-0.019859310745601322,23.690000534057617,-0.010638356743547184,10.229999542236328,-0.019723916173996603,33.58150100708008,1402.7150555555556,62.65806451612903,26.52
2023-03-14,93.42628479003906,32303900,0.1229709192793802,0.07543781138811823,0.14790458916979765,0.3202122890155379,4.725483870967742,302.25041935483875,3.458064516129032,23.73,121.0141,3.64,62.71290322580645,71.18,51.72869110107422,374.56591796875,0.02832004945509614,0.016530138507036662,72.3225806451613,52.935483870967744,24.838709677419356,0.03139052852029356,93.14407348632812,0.07252639683996076,192.3310546875,0.0548754414417012,24.989999771118164,0.013685273664455044,10.369999885559082,0.05605059711883964,35.46376419067383,1403.184,62.71290322580645,23.73
2023-03-15,95.70619201660156,38367300,0.07944077366143087,0.05541164895704065,0.13371302992362644,0.288244270233049,4.731290322580645,302.28345161290326,3.454838709677419,26.14,122.1079,3.51,62.76774193548387,67.38,52.28697204589844,372.2232360839844,0.010792481559863454,-0.006254391476592014,72.19354838709677,53.16129032258065,24.903225806451612,0.02277324635625111,95.26526641845703,0.01922471527872971,196.028564453125,0.0016006769065108895,25.030000686645508,-0.0028929347446732256,10.34000015258789,-0.006532594182418916,35.232093811035156,1403.6529444444445,62.76774193548387,26.14
2023-03-16,100.18669128417969,54499500,0.051350513681808874,0.002473257399858486,0.052933480661637056,0.24458282914511265,4.737096774193549,302.3164838709678,3.4516129032258065,22.99,121.7221,3.56,62.82258064516129,68.15,53.461326599121094,378.75396728515625,0.02245979270308074,0.01754520021339645,72.06451612903226,53.38709677419355,24.967741935483872,0.04380380614144319,99.43824768066406,0.036308368817821624,203.1460418701172,0.05992808465244304,26.530000686645508,0.07253384805920815,11.09000015258789,0.00328772065299221,35.34792709350586,1404.1218888888889,62.82258064516129,22.99
2023-03-17,101.56452178955078,76140300,0.0351357188277126,0.015030349831527623,0.025961472371531125,0.21081416272888198,4.742903225806452,302.3495161290323,3.4483870967741934,25.51,121.5643,3.39,62.877419354838715,66.61,52.9511604309082,374.3254089355469,-0.009542714344489833,-0.011692440824719319,71.93548387096774,53.61290322580645,25.032258064516128,0.012958613794992413,100.7268295288086,-0.045478837491218393,193.90719604492188,-0.006030902497965229,26.3700008392334,-0.035166847426214454,10.699999809265137,0.002730771152549716,35.444454193115234,1404.5908333333334,62.877419354838715,25.51
2023-03-20,101.0391616821289,26033900,0.011085970715235316,0.02923583474189617,0.030314937887952587,0.21504960393493966,4.760322580645162,302.4486129032258,3.4387096774193546,24.15,121.0141,3.47,63.04193548387097,67.56,53.34688949584961,377.9247131347656,0.007473472946032178,0.009615441840974404,71.54838709677419,54.29032258064516,25.225806451612904,-0.003936234038683817,100.3303451538086,0.01124686041802958,196.08804321289062,0.014410282467691049,26.75,-0.0037383142585097895,10.65999984741211,0.014161360143209567,35.94639587402344,1405.9976666666666,63.04193548387097,24.15
2023-03-21,104.91500091552734,33122800,-0.042327995387239636,-0.006802788861280384,0.0005669960314640399,0.14569151009070413,4.766129032258065,302.4816451612904,3.435483870967742,21.38,120.8958,3.59,63.09677419354839,69.4,54.485836029052734,382.8870544433594,0.02134982084178949,0.01313050228293533,71.41935483870968,54.516129032258064,25.29032258064516,0.03655412619703635,103.99783325195312,0.02199072651049816,200.40016174316406,0.028785063841632486,27.520000457763672,0.06754223990008779,11.380000114440918,0.029806544151137926,37.0178337097168,1406.4666111111112,63.09677419354839,21.38
2023-03-22,103.30916595458984,32336900,-0.02226071618814618,0.00700431484109032,0.016215566734330666,0.1885434237610848,4.771935483870968,302.5146774193549,3.432258064516129,22.26,120.6217,3.48,63.15161290322581,70.71,53.53028106689453,376.36016845703125,-0.017537676427478943,-0.017046504734449464,71.29032258064517,54.74193548387097,25.35483870967742,-0.014773236465392192,102.4614486694336,-0.011624385870403153,198.0706329345703,-0.0018169020195301089,27.469999313354492,-0.028998235534927086,11.050000190734863,0.022685792656906623,37.85761260986328,1406.9355555555555,63.15161290322581,22.26
2023-03-23,105.33132934570312,31385800,-0.04648997232215468,0.02484472679535865,0.0048935288079345884,0.1577262706587894,4.7777419354838715,302.5477096774194,3.4290322580645163,22.61,119.7587,3.38,63.20645161290323,69.77,54.39897155761719,377.37762451171875,0.016228020354256856,0.0027034105624375027,71.16129032258064,54.96774193548387,25.419354838709676,0.021573025475309482,104.6718521118164,0.022371345523223285,202.50173950195312,0.005096516217567126,27.610000610351562,0.03076924404697956,11.390000343322754,0.012748603255131385,38.34024429321289,1407.4045,63.20645161290323,22.61
2023-03-24,105.13306427001953,25236200,-0.019422930375694425,0.008391508824999283,-0.013671406845326084,0.12285514347930748,4.783548387096775,302.5807419354839,3.425806451612903,21.74,120.4598,3.38,63.26129032258065,69.22,54.67887878417969,379.85400390625,0.00514545070518535,0.006562072665901697,71.03225806451613,55.193548387096776,25.483870967741936,-0.0015150643800316832,104.51326751708984,0.008468668210767527,204.21665954589844,-0.0050706734481049676,27.469999313354492,0.0149253793827675,11.5600004196167,0.012084673004224111,38.80357360839844,1407.8734444444444,63.26129032258065,21.74
2023-03-27,102.1592788696289,25393400,0.017950861303932086,0.029691593589082688,0.013487380081329547,0.15476443592678568,4.800967741935484,302.6798387096774,3.4161290322580644,20.6,120.2541,3.53,63.42580645161291,72.87,54.370018005371094,380.564208984375,-0.00564863043420627,0.0018696790630652327,70.64516129032258,55.87096774193548,25.677419354838708,-0.028262624880801335,101.5594482421875,-0.015387629419205351,201.07424926757812,0.021842023897613805,28.06999969482422,0.015570877592358423,11.739999771118164,0.0032338378887242225,38.92905807495117,1409.2802777777779,63.42580645161291,20.6
2023-03-28,100.47415924072266,24913500,0.03709537958178499,0.03808198871485602,0.06915945503456555,0.1945539601084305,4.806774193548387,302.71287096774194,3.4129032258064513,19.97,119.7138,3.55,63.480645161290326,73.12,53.9260139465332,379.71002197265625,-0.00816634011035322,-0.002244527970715726,70.51612903225806,56.096774193548384,25.741935483870968,-0.013956549175155541,100.14202880859375,-0.010648674925832435,198.93307495117188,-0.043819008037364715,26.84000015258789,-0.05792158132526937,11.0600004196167,-0.02070432205956696,38.1230583190918,1409.7492222222222,63.480645161290326,19.97
2023-03-29,101.00942993164062,26148300,0.029931323731969606,0.0617272182621893,0.062021640079072515,0.17772322053055145,4.81258064516129,302.7459032258065,3.4096774193548387,19.12,119.7258,3.57,63.535483870967745,72.95,54.64026641845703,385.22906494140625,0.013245044824414354,0.014534888860919803,70.38709677419355,56.32258064516129,25.806451612903224,0.0035632832274961057,100.49886322021484,0.02327080852306751,203.56240844726562,-0.012667665821719742,26.5,-0.025316516819373858,10.779999732971191,-0.008228858671501138,37.809349060058594,1410.2181666666668,63.535483870967745,19.12
2023-03-30,100.43447875976562,25009800,0.07481274139427785,0.0803397227074627,0.06306773518498887,0.19394016232573508,4.8183870967741935,302.778935483871,3.4064516129032256,19.02,119.4078,3.55,63.590322580645164,74.32,54.90087890625,387.4847106933594,0.004769604997843402,0.005855336362785124,70.25806451612904,56.54838709677419,25.870967741935484,-0.0049314534798668985,100.00325775146484,0.01212563150895174,206.03073120117188,-0.006037730091023041,26.34000015258789,0.01205938011698704,10.90999984741211,-0.03982638742453959,36.30353927612305,1410.687111111111,63.590322580645164,19.02
2023-03-31,103.09107208251953,28108000,0.028365377961928617,0.023269226314617475,0.019038578995086874,0.1592308164240528,4.824193548387097,302.8119677419355,3.403225806451613,18.7,119.3602,3.48,63.645161290322584,75.68,55.95294952392578,392.94610595703125,0.01916309244287917,0.014094479376745905,70.12903225806451,56.774193548387096,25.93548387096774,0.028149336260484104,102.81828308105469,0.019726671421366415,210.09503173828125,0.035307528465766236,27.270000457763672,0.027497726391446653,11.210000038146973,0.02073910697501402,37.05644226074219,1411.1560555555557,63.645161290322584,18.7
2023-04-03,103.99312591552734,20719900,0.011533692569512866,0.0020016746160675947,0.011533692569512866,0.16890659221059234,4.8453333333333335,302.87760000000003,3.413333333333333,18.55,119.3204,3.43,63.38666666666667,80.4,56.184600830078125,394.4434814453125,0.004140108933011533,0.003810638318031856,70.13333333333334,57.46666666666667,26.0,0.006073565450271712,103.44275665283203,0.0053317692159977614,211.2152099609375,0.017601743094201927,27.75,0.0026761581506782317,11.239999771118164,0.001562981901404692,37.11436080932617,1411.6165604395605,63.38666666666667,18.55
2023-04-04,104.20128631591797,20377200,0.000951319572428222,-0.000951319572428222,0.0008560631448342182,0.15039964867145117,4.853,302.89390000000003,3.42,19.0,119.142,3.35,63.230000000000004,80.7,56.358333587646484,392.2550354003906,0.0030921774828265303,-0.005548186617010398,70.2,57.7,26.0,0.0034496571104851714,103.79959869384766,0.007743855745474093,212.850830078125,0.008288271792300073,27.979999542236328,-0.021352293238907083,11.0,-0.036931098998109535,35.74368667602539,1411.6123406593406,63.230000000000004,19.0
2023-04-05,104.03277587890625,21864200,0.030871858926483364,0.009052064773100055,0.01205335901478044,0.1447355722267234,4.860666666666667,302.91020000000003,3.4266666666666667,19.08,119.2953,3.3,63.07333333333334,80.69,56.17494583129883,391.22802734375,-0.0032539598791092583,-0.002618215099756016,70.26666666666667,57.93333333333333,26.0,-0.002387539313032816,103.55177307128906,-0.015089403179722849,209.6390380859375,-0.02323086594583701,27.329999923706055,-0.05545451424338599,10.390000343322754,-0.027545378102203477,34.75911331176758,1411.6081208791209,63.07333333333334,19.08
2023-04-06,107.94825744628906,34684200,0.005142273719248136,-0.027456439659243603,-0.006060784250809581,0.07318633395420204,4.868333333333333,302.92650000000003,3.433333333333333,18.4,119.3072,3.3,62.91666666666667,80.7,56.87954330444336,392.754150390625,0.012542913263513089,0.0039008530580915135,70.33333333333333,58.166666666666664,26.0,0.03780998351253806,107.4670639038086,0.021846065741488507,214.2188262939453,0.03366264467113789,28.25,0.016361893231620295,10.5600004196167,-0.00805310158931849,34.47919464111328,1411.6039010989011,62.91666666666667,18.4
2023-04-10,106.01528930664062,19741500,-0.00495558461663792,-0.0015895638026212078,0.009256791124925945,0.10060777354847228,4.899,302.99170000000004,3.46,18.97,119.7948,3.41,62.29,79.79,56.75407028198242,393.1572570800781,-0.002205942860500021,0.001026358827913576,70.6,59.1,26.0,-0.0182623460315664,105.50446319580078,-0.0062470773474976315,212.88058471679688,-0.010973432422739182,27.940000534057617,-0.01893946543486147,10.359999656677246,-0.0013997876199560721,34.430931091308594,1411.587021978022,62.29,18.97
2023-04-11,105.19255065917969,18721300,-0.009423332137590057,-0.014229175681279904,0.058047485174935076,0.12721443989823467,4.906666666666666,303.00800000000004,3.466666666666667,19.1,119.5248,3.43,62.13333333333333,81.54,56.609291076660156,393.26287841796875,-0.0025509924592708177,0.0002686490863097468,70.66666666666667,59.333333333333336,26.0,-0.010240600676232225,104.42403411865234,-0.004190922995078172,211.98841857910156,0.008947744997186424,28.190000534057617,0.019305093587580258,10.5600004196167,0.012054915087334583,34.84599304199219,1411.5828021978023,62.13333333333333,19.1
2023-04-12,104.3004150390625,22761600,-0.001900830847267554,-0.007318045150621066,0.11100556629047009,0.1863713953997348,4.914333333333333,303.02430000000004,3.473333333333333,19.09,119.003,3.41,61.97666666666667,83.26,56.020511627197266,391.659912109375,-0.010400756452956905,-0.004076068188897497,70.73333333333333,59.56666666666667,26.0,-0.006739208626654669,103.72029876708984,0.000701366808722792,212.13710021972656,-0.015963134246691046,27.739999771118164,0.005681767382406999,10.619999885559082,-0.047645519246019674,33.18573760986328,1411.5785824175823,61.97666666666667,19.09
2023-04-13,107.24446105957031,21650700,-0.02116634959470709,0.00166382746049476,0.08993432761750131,0.16184485370938617,4.922,303.04060000000004,3.48,17.8,118.3915,3.45,61.82,82.16,57.188411712646484,396.86224365234375,0.02084772258456513,0.013282777690855285,70.8,59.8,26.0,0.026662715163642714,106.48576354980469,0.02967283066202575,218.4318084716797,0.025955274668175266,28.459999084472656,0.011299424374030087,10.739999771118164,0.03926700126283955,34.48884201049805,1411.5743626373626,61.82,17.8
2023-04-14,108.50335693359375,20758700,-0.03243193946849865,-0.011328280791283674,0.0685180700661916,0.14251781355771076,4.929666666666667,303.05690000000004,3.486666666666667,17.07,118.8567,3.52,61.663333333333334,82.58,57.169105529785156,395.89276123046875,-0.0003375890723864572,-0.002442868872969073,70.86666666666666,60.03333333333333,26.0,0.013404309801421599,107.91313171386719,0.005173610861278544,219.5618896484375,0.004216473755927375,28.579999923706055,-0.004655511340821761,10.6899995803833,-0.010355331790812161,34.13169860839844,1411.5701428571429,61.663333333333334,17.07
2023-04-17,105.48992156982422,29043400,0.003382784488790813,0.012121843307640434,0.1284533812114539,0.1659464336405272,4.9526666666666666,303.1058,3.506666666666667,16.95,119.2787,3.6,61.193333333333335,80.93,56.840938568115234,397.3133544921875,-0.00574028504782087,0.003588328458705492,71.06666666666666,60.733333333333334,26.0,-0.02663741596491609,105.03860473632812,-0.011874107317094817,216.9547882080078,0.0013996121635453385,28.6200008392334,0.017773670862090363,10.880000114440918,0.019796432938210096,34.8073844909668,1411.5574835164834,61.193333333333335,16.95
2023-04-18,104.20128631591797,17641400,-0.00485156141832066,0.008181216530746216,0.15563172327517227,0.16799843840961737,4.960333333333333,303.1221,3.513333333333333,16.83,119.1049,3.58,61.03666666666667,80.85,56.55137252807617,397.5725402832031,-0.00509432193298609,0.0006523460338927478,71.13333333333334,60.96666666666667,26.0,-0.013871823888224721,103.58152770996094,-0.004432019498185058,215.9932403564453,-0.015373882639948988,28.18000030517578,0.014705868173635617,11.039999961853027,-0.023571909926048962,33.986907958984375,1411.5532637362637,61.03666666666667,16.83
2023-04-19,104.10215759277344,16732000,-0.0054275311219345035,0.010474260011705594,0.17615694328670428,0.13816415214558897,4.968,303.1384,3.52,16.46,119.303,3.6,60.88,79.18,56.126686096191406,397.50537109375,-0.0075097457921807775,-0.00016894826137958674,71.2,61.2,26.0,-0.003062171945661385,103.26434326171875,-0.010051052843476072,213.82228088378906,0.0014194112045968765,28.219999313354492,-0.005434820636233795,10.979999542236328,-0.002556158260474506,33.90003204345703,1411.549043956044,60.88,16.46
2023-04-20,104.9744873046875,22515300,0.023323857987257446,-0.0065158509031328915,0.1638336806399434,0.13607156105406015,4.975666666666666,303.1547,3.526666666666667,17.17,119.1199,3.54,60.723333333333336,77.27,55.54755401611328,395.3360900878906,-0.010318301691384257,-0.005457236967366108,71.26666666666667,61.43333333333333,26.0,0.010654474925275492,104.36457061767578,-0.012192699994012735,211.2152099609375,-0.024450696084264534,27.530000686645508,-0.0765026624711943,10.140000343322754,-0.014237021883288348,33.417396545410156,1411.5448241758243,60.723333333333336,17.17
2023-04-21,104.98438262939453,22379000,0.021811032771815952,0.0028798344945424326,0.1884619417895248,0.15078849167905295,4.983333333333333,303.171,3.533333333333333,16.77,119.3117,3.57,60.56666666666667,77.86,55.68269348144531,395.64324951171875,0.002432860775342771,0.0007769577115002146,71.33333333333333,61.666666666666664,26.0,0.0011397535526924685,104.4835205078125,-0.0008448801491092173,211.03675842285156,-0.005085408409197134,27.389999389648438,-0.012820523672518735,10.010000228881836,0.008665585256907082,33.70697784423828,1411.5406043956043,60.56666666666667,16.77
2023-04-24,105.84677124023438,21410900,0.008709596132150166,0.013672926348760939,0.15461697325010149,0.1499346093731755,5.006333333333333,303.2199,3.5533333333333332,16.89,119.2039,3.52,60.096666666666664,78.64,55.62478256225586,396.0559997558594,-0.0010400164857102823,0.00104323843424603,71.53333333333333,62.36666666666667,26.0,0.005312648595853231,105.03860473632812,-0.0004697586964467204,210.9376220703125,0.008762313854189685,27.6299991607666,0.020979024310215255,10.220000267028809,-0.012600041511611093,33.28226852416992,1411.5279450549451,60.096666666666664,16.89
2023-04-25,103.69574737548828,31408100,0.013096315528205782,0.03183258141107492,0.16279507451987474,0.23946090562199074,5.013999999999999,303.2362,3.56,18.76,119.613,3.4,59.94,77.05,54.75609588623047,389.76904296875,-0.015616900165913439,-0.015873908717415786,71.6,62.6,26.0,-0.02000570904775112,102.9372329711914,-0.024625130425271702,205.74325561523438,0.0039812020880463095,27.739999771118164,-0.0058708823922705156,10.15999984741211,-0.037993193384289525,32.01776885986328,1411.5237252747252,59.94,18.76
2023-04-26,103.53713989257812,37068200,0.015988569592699564,0.07496415102403531,0.19052186971752638,0.24336981847817607,5.0216666666666665,303.2525,3.566666666666667,18.84,119.3228,3.43,59.78333333333333,74.33,54.176971435546875,388.11810302734375,-0.010576437952896978,-0.004235687700674062,71.66666666666667,62.833333333333336,26.0,-0.0013481133417267976,102.7984619140625,0.008913575687187203,207.57716369628906,-0.04073537022675511,26.610000610351562,-0.027559029249642264,9.880000114440918,-0.0012057880686731082,31.979162216186523,1411.5195054945054,59.78333333333333,18.84
2023-04-27,107.42289733886719,38235200,-0.02915959464590323,0.0787117508966888,0.15742343077132648,0.22736900089161094,5.029333333333333,303.2688,3.5733333333333333,17.03,119.4298,3.53,59.626666666666665,74.77,57.323543548583984,395.84478759765625,0.058079512930701904,0.01990807568635411,71.73333333333333,63.06666666666667,26.0,0.037411904408490404,106.64434814453125,0.13925492898038527,236.48330688476562,0.024802699446589305,27.270000457763672,0.06275302412728423,10.5,0.05614247062752287,33.77455139160156,1411.5152857142857,59.626666666666665,17.03
2023-04-28,107.27420043945312,23957900,-0.018527103026006464,0.08963216763044435,0.15172804318209043,0.22999444406671565,5.037,303.2851,3.58,15.78,119.2248,3.44,59.47,76.78,57.815792083740234,399.22344970703125,0.008587196545849496,0.008535320446884764,71.8,63.3,26.0,-0.0023234937424918556,106.39656066894531,0.007377516184168931,238.22796630859375,-0.15658233905705776,23.0,-0.17047618684314547,8.710000038146973,0.05458698167430098,35.618202209472656,1411.511065934066,59.47,15.78
2023-05-01,106.7686538696289,20926300,0.004920474867734503,0.08587861085102655,0.14539035345686235,0.22449145839319362,5.06,303.334,3.6,16.08,119.4435,3.59,59.0,75.65,57.80613327026367,398.8203125,-0.00016706185504766768,-0.001009803425442768,72.0,64.0,26.0,-0.0013042814190271645,106.2577896118164,0.011900778529625011,241.0630645751953,-0.04086958843728772,22.059999465942383,0.0022961543055985967,8.729999542236328,-0.025203226955527347,34.72050857543945,1411.4984065934066,59.0,16.08
2023-05-02,105.05377960205078,20343100,0.018494061813955742,0.1331382757491517,0.17352322785636098,0.2138139143965525,5.0606451612903225,303.35593548387095,3.6,17.78,119.6105,3.44,59.16774193548387,71.71,56.734764099121094,394.3378601074219,-0.018533832147768048,-0.011239278071068948,71.74193548387096,63.483870967741936,26.032258064516128,-0.017537345930736192,104.3943099975586,-0.0162018605915355,237.1573944091797,-0.031278270326989266,21.3700008392334,-0.048109867656652705,8.3100004196167,-0.03836527234858522,33.38844680786133,1411.4941868131868,59.16774193548387,17.78
2023-05-03,105.19255065917969,17116300,0.058047485174935076,0.14474182171801475,0.18007922657410558,0.2134374176355065,5.0612903225806445,303.37787096774196,3.6,18.34,119.1233,3.38,59.33548387096774,68.62,56.51275634765625,391.6311340332031,-0.00391308142353386,-0.006863977183122594,71.48387096774194,62.96774193548387,26.06451612903226,0.0008545533780144332,104.4835205078125,-0.009237600987804462,234.9666290283203,-0.021525548608157696,20.90999984741211,-0.028880952186949527,8.069999694824219,-0.029488330356497117,32.40387725830078,1411.4899670329671,59.33548387096774,18.34
2023-05-04,104.29048919677734,19780600,0.1111113061917195,0.17403299578779508,0.20359282882708096,0.22174710340045256,5.061935483870967,303.3998064516129,3.6,20.09,119.0465,3.37,59.50322580645161,68.52,55.605464935302734,388.85723876953125,-0.016054630334645603,-0.007082928354303686,71.2258064516129,62.45161290322581,26.096774193548388,-0.006830516900350414,103.76984405517578,-0.014808192834584899,231.48719787597656,-0.006217080904603156,20.780000686645508,-0.019826499809501463,7.909999847412109,0.0005956808196190266,32.423179626464844,1411.4857472527472,59.50322580645161,20.09
2023-05-05,105.2867202758789,20710600,0.11020097548278684,0.16038227435502295,0.20425552173706052,0.24219730798402717,5.06258064516129,303.42174193548385,3.6,17.19,118.5548,3.44,59.670967741935485,71.32,56.30043029785156,396.0559997558594,0.012498148578695023,0.018512606346502203,70.96774193548387,61.935483870967744,26.129032258064516,0.008405874694082938,104.64212036132812,-0.00316899400787507,230.7536163330078,0.011068312542652503,21.010000228881836,0.040455082300527634,8.229999542236328,-0.011015064105807104,32.066036224365234,1411.4815274725274,59.670967741935485,17.19
2023-05-08,107.29400634765625,17266000,0.08056173399586442,0.16287896672459556,0.13580952895634302,0.21803410878289786,5.064516129032258,303.48754838709675,3.6,16.98,118.5759,3.52,60.174193548387095,73.13,56.86989212036133,396.1615295410156,0.010114697516468096,0.000266451676584456,70.19354838709677,60.38709677419355,26.225806451612904,0.020839111403526456,106.82276916503906,0.002105051694247795,231.23936462402344,0.027605898019398722,21.59000015258789,0.02308633592049847,8.420000076293945,-0.022275791617787366,31.35173988342285,1411.468868131868,60.174193548387095,16.98
2023-05-09,106.99665069580078,24782400,0.11256247653620344,0.14220845085286116,0.13646462042752328,0.20576229841635185,5.06516129032258,303.50948387096776,3.6,17.71,118.8239,3.53,60.34193548387097,73.68,56.51275634765625,394.4242248535156,-0.006279874277750008,-0.004385344254685175,69.93548387096774,59.87096774193549,26.258064516129032,-0.0038970896921280973,106.4064712524414,0.00042871745777484094,231.3385009765625,-0.005558167595427932,21.469999313354492,-0.017814681374242358,8.270000457763672,-0.01754924960186688,30.80154037475586,1411.4646483516483,60.34193548387097,17.71
2023-05-10,111.29871368408203,47533500,0.08193803941488098,0.08336296355705275,0.09431768055499856,0.159690008565174,5.065806451612903,303.5314193548387,3.6,16.94,118.5864,3.43,60.50967741935484,72.53,57.01467514038086,396.2671203613281,0.008881513222198878,0.004672368966426754,69.6774193548387,59.354838709677416,26.29032258064516,0.04098743312944819,110.7677993774414,-0.0012428599696590048,231.0509796142578,0.002794661164879253,21.530000686645508,0.05199508194679625,8.699999809265137,0.014102341970754884,31.23591423034668,1411.4604285714286,60.50967741935484,16.94
2023-05-11,115.87834167480469,57115100,0.05662951069388056,0.06372966327078688,0.06372966327078688,0.11351566451410378,5.066451612903226,303.5533548387097,3.6,16.93,119.0303,3.39,60.67741935483871,70.81,57.58414840698242,395.5760192871094,0.009988187518378489,-0.001744028304918599,69.41935483870968,58.83870967741935,26.322580645161292,0.043131903535592375,115.54542541503906,0.011627009282759282,233.73741149902344,-0.0023223939997454313,21.479999542236328,0.005747148486326958,8.75,-0.02039566784711,30.59883689880371,1411.4562087912088,60.67741935483871,16.93
2023-05-12,116.88941955566406,31293800,0.04520019346084081,0.06368719131279899,0.05520696197946218,0.11796150755861423,5.067096774193548,303.57529032258066,3.6,17.03,119.3671,3.46,60.84516129032258,70.02,57.63240432739258,395.0577392578125,0.0008380070166029707,-0.0013101907194245088,69.16129032258064,58.32258064516129,26.35483870967742,0.008063905889623912,116.4771728515625,-0.008397257774486078,231.774658203125,-0.003724391313358777,21.399999618530273,-0.02285712105887272,8.550000190734863,-0.026498442927248123,29.788015365600586,1411.451989010989,60.84516129032258,17.03
2023-05-15,115.93779754638672,22107900,0.07618003686316555,0.0656637228822814,0.06344053536019101,0.11379983902553525,5.0690322580645155,303.64109677419356,3.6,17.12,119.1608,3.5,61.348387096774196,71.07,57.90265655517578,396.42071533203125,0.004689240904266034,0.0034500680249407445,68.38709677419355,56.774193548387096,26.451612903225808,-0.00850991583357874,115.4859619140625,0.021598748194815665,236.78070068359375,0.030373814491446938,22.049999237060547,0.017543814641410194,8.699999809265137,0.05119885072507446,31.313127517700195,1411.4393296703297,61.348387096774196,17.12
2023-05-16,119.04045867919922,32370100,0.02664657036515905,0.027312793908249366,0.0474643416586602,0.07511047165614593,5.069677419354838,303.6630322580645,3.6,17.99,119.1743,3.54,61.516129032258064,70.85,57.8350944519043,393.7715759277344,-0.001166822168290449,-0.00668264624384729,68.12903225806451,56.25806451612903,26.483870967741936,0.025748934265338086,118.45960235595703,-0.00016742214998910487,236.74105834960938,-0.02086163720584233,21.59000015258789,-0.010344845351840659,8.609999656677246,-0.029592990770536343,30.386478424072266,1411.43510989011,61.516129032258064,17.99
2023-05-17,120.4183120727539,26659600,0.001317010854838152,0.02378989054940961,0.021238043423787323,0.07392145541642337,5.070322580645161,303.6849677419355,3.6,16.87,119.607,3.57,61.68387096774194,72.78,58.539703369140625,398.5515441894531,0.012183068496970817,0.012138936769260367,67.87096774193549,55.74193548387097,26.516129032258064,0.011128738768486857,119.77790832519531,0.015367196083392987,240.3791046142578,0.016674414442207075,21.950000762939453,0.08826948422610426,9.369999885559082,0.0034942609080785836,30.492656707763672,1411.43089010989,61.68387096774194,16.87
2023-05-18,122.44047546386719,27014500,0.00671962358144218,0.01384401974063909,0.0026716485596987027,0.03716012905366095,5.070967741935484,303.70690322580646,3.6,16.05,120.0886,3.65,61.851612903225806,71.82,59.59177017211914,402.3908386230469,0.01797185059760853,0.00963311895178287,67.61290322580645,55.225806451612904,26.548387096774192,0.01646800891491651,121.75041198730469,0.017980148519518124,244.70115661621094,0.023234546870462447,22.459999084472656,0.034151515339652994,9.6899995803833,0.01361192834098146,30.9077205657959,1411.4266703296703,61.851612903225806,16.05
2023-05-19,122.17284393310547,30268900,0.0176875185898544,0.027423778240264207,-0.016146125763491503,0.04608497899795294,5.071612903225806,303.7288387096774,3.6,16.81,119.7751,3.7,62.01935483870968,71.57,59.27325439453125,401.805419921875,-0.005344962511902529,-0.0014548509682157373,67.35483870967742,54.70967741935484,26.580645161290324,-0.0005698684114056052,121.6810302734375,-0.004901870611443093,243.5016632080078,0.010685738568561032,22.700000762939453,0.0030960462275191336,9.720000267028809,-0.005621446869202851,30.73397445678711,1411.4224505494506,62.01935483870968,16.81
2023-05-22,124.76994323730469,29760200,-0.00977189096680986,0.01620719676582505,-0.015889351043173572,0.03034882436828612,5.073548387096774,303.7946451612903,3.6,17.21,120.0875,3.72,62.52258064516129,71.81,59.813777923583984,401.96856689453125,0.009119180894892942,0.00040603477346823347,66.58064516129032,53.16129032258065,26.677419354838708,0.018654175666199535,123.95088958740234,0.010910304312066632,246.15834045410156,0.02466957916832535,23.260000228881836,0.004115222299809096,9.760000228881836,0.06721103991732624,32.79963684082031,1411.4097912087911,62.52258064516129,17.21
2023-05-23,122.21247863769531,24477900,0.000648931737874836,-0.0028386939860165494,-0.0021898871027329347,0.08046091820313772,5.074193548387097,303.8165806451613,3.6,18.53,120.3204,3.7,62.690322580645166,72.87,59.07056427001953,397.4573669433594,-0.012425459139430384,-0.011222767954280233,66.3225806451613,52.645161290322584,26.70967741935484,-0.019911992072626616,121.48278045654297,-0.006362665354511021,244.5921173095703,0.02149613048494947,23.760000228881836,0.004098356651125901,9.800000190734863,0.020600174826720163,33.47531509399414,1411.4055714285714,62.690322580645166,18.53
2023-05-24,120.576904296875,23087900,0.02244332159641038,0.00846765580107034,-0.02096340378186734,0.07218030383714358,5.07483870967742,303.83851612903226,3.6,20.03,120.4752,3.73,62.85806451612903,74.37,58.800296783447266,394.5779113769531,-0.004575332738262605,-0.007244690389187292,66.06451612903226,52.12903225806452,26.741935483870968,-0.013544377435118826,119.83737182617188,0.010010487480371477,247.0406036376953,0.023148115814914272,24.309999465942383,0.0,9.800000190734863,-0.02047279465566798,32.789981842041016,1411.4013516483517,62.85806451612903,20.03
2023-05-25,123.26322937011719,33812700,0.007076842441842368,-0.011902001676367902,-0.04294327966736067,0.05098475782722822,5.075483870967742,303.86045161290326,3.6,19.14,120.8413,3.83,63.02580645161291,71.68,58.800296783447266,397.99481201171875,0.0,0.00865963485599508,65.80645161290323,51.61290322580645,26.774193548387096,0.021340044936998925,122.39470672607422,0.013964129703590178,250.4903106689453,-0.02344712905579338,23.739999771118164,-0.0020408629973885928,9.779999732971191,-0.009714279132919668,32.47145080566406,1411.397131868132,63.02580645161291,19.14
2023-05-26,124.33377838134766,25154700,0.009567042409934334,-0.008610282942958292,-0.0346806284495913,0.050705490450599244,5.0761290322580646,303.8823870967742,3.6,17.95,120.6304,3.8,63.193548387096776,72.35,59.99715805053711,403.14910888671875,0.02035468071696478,0.012950663474598834,65.54838709677419,51.096774193548384,26.806451612903224,0.009151243641974283,123.5147705078125,0.037001832282913316,259.7589111328125,0.020640260145001976,24.229999542236328,0.05112474577216575,10.279999732971191,0.013971365321005402,32.92512130737305,1411.392912087912,63.193548387096776,17.95
2023-05-30,123.55070495605469,27230700,0.026235457765382497,-0.0016849410875779958,-0.03714712785038543,0.08705043177001315,5.078709677419355,303.97012903225806,3.6,17.46,120.5546,3.69,63.86451612903226,69.45,60.09366989135742,403.30267333984375,0.0016086068733291992,0.00038091229706305185,64.51612903225806,49.03225806451613,26.93548387096774,-0.0075436114457623216,122.58302307128906,0.0018316967778773119,260.2347106933594,0.007428819999027114,24.40999984741211,-0.005836524075963356,10.220000267028809,0.022867012786169205,33.67802047729492,1411.3760329670329,63.86451612903226,17.46
2023-05-31,122.29178619384766,41548800,-0.003485363960599286,0.0081867092510719,-0.019453704900028512,0.10991302093220989,5.079354838709677,303.99206451612906,3.6,17.94,120.9662,3.64,64.03225806451613,68.11,60.07437515258789,401.0663146972656,-0.00032107772423306535,-0.005545112369472527,64.25806451612904,48.516129032258064,26.967741935483872,-0.00646883010495547,121.79005432128906,0.008380425807672731,262.41558837890625,-0.01925437592349355,23.940000534057617,-0.0019569919022601745,10.199999809265137,-0.011178014453432694,33.30156707763672,1411.3718131868131,64.03225806451613,17.94
2023-06-01,123.28305053710938,25017700,-0.013668890490202479,0.011417507418177264,-0.030634404846451746,0.10436602463674016,5.08,304.014,3.6,15.65,120.0491,3.61,64.2,70.09,60.88514709472656,404.8768310546875,0.013496136082636223,0.009500963351405156,64.0,48.0,27.0,0.006917882593699742,122.63258361816406,0.029805087526983298,270.2369079589844,-0.013784457658494564,23.610000610351562,0.012745109497240614,10.329999923706055,0.10202907143640982,36.69929504394531,1411.3675934065934,64.2,15.65
2023-06-02,124.13554382324219,19367500,-0.01884547764219524,-0.009342871299773736,-0.020761929392808964,0.09239003572926885,5.081333333333333,304.03383333333335,3.5966666666666667,14.6,120.0049,3.69,64.44333333333334,71.76,60.96236801147461,410.7318420410156,0.0012683046758170669,0.014461215207291822,63.8,48.3,27.066666666666666,0.007678631264566471,123.57423400878906,0.0,270.2369079589844,-0.0059297455899127716,23.469999313354492,0.007744426359816758,10.40999984741211,0.02498695493997194,37.61629867553711,1411.3633736263737,64.44333333333334,14.6
2023-06-05,125.52328491210938,22672500,-0.018005070083806918,-0.021953628207306952,-0.04501285755165085,0.07960218781385642,5.085333333333334,304.09333333333336,3.586666666666667,14.73,120.0048,3.69,65.17333333333333,72.14,61.11679458618164,409.94476318359375,0.0025331459348489904,-0.001916284000555435,63.2,49.2,27.266666666666666,0.01074839097958269,124.90245819091797,-0.0044753754408606294,269.0274963378906,0.026842824309618152,24.100000381469727,0.009606184720030164,10.510000228881836,-0.006158776588759185,37.38462829589844,1411.3507142857143,65.17333333333333,14.73
2023-06-06,126.7921142578125,19450100,-0.027206620704528173,-0.05198973505821325,-0.060745852191385064,0.05832204497819826,5.086666666666667,304.1131666666667,3.5833333333333335,13.96,119.9718,3.7,65.41666666666667,71.71,61.36775588989258,410.8373718261719,0.004106257623787135,0.0021773875964317124,63.0,49.5,27.333333333333332,0.010316705265919435,126.1910400390625,-0.0009948394264507332,268.7598571777344,0.02199165024513383,24.6299991607666,0.0,10.510000228881836,0.025561735956039833,38.34024429321289,1411.3464945054945,65.41666666666667,13.96
2023-06-07,121.86555480957031,34179300,0.01171289692047206,0.007564688819909238,-0.04937375580364112,0.107857417335403,5.088,304.133,3.58,13.94,119.859,3.79,65.66,72.52,60.682456970214844,409.41680908203125,-0.011167084566483299,-0.0034577252254979207,62.8,49.8,27.4,-0.03778190861101782,121.42330169677734,-0.027736764287919602,261.3053283691406,-0.011368200927220795,24.350000381469727,-0.030447254189316042,10.1899995803833,-0.010070378427696092,37.95414352416992,1411.3422747252748,65.66,13.94
2023-06-08,121.59790802001953,24815000,0.025434053196241146,0.002853166576327393,-0.04043372599248307,0.11844782317268931,5.089333333333333,304.1528333333333,3.5766666666666667,13.65,119.5712,3.73,65.90333333333334,71.28,60.99131393432617,411.89324951171875,0.005089724106967619,0.006048702385327065,62.6,50.1,27.466666666666665,-0.002938701033823321,121.06647491455078,0.0037176262456564135,262.2767639160156,-0.016837775810636835,23.940000534057617,-0.014720277203841725,10.039999961853027,-0.006866811043142018,37.693519592285156,1411.3380549450549,65.90333333333334,13.65
2023-06-09,121.79615020751953,20304500,0.009685127190349085,-0.03076409423289117,-0.02645065652138101,0.121022245900402,5.0906666666666665,304.17266666666666,3.5733333333333333,13.83,119.4322,3.75,66.14666666666668,70.16,61.0106201171875,412.6322937011719,0.00031653987454860477,0.0017942614751011998,62.4,50.4,27.533333333333335,0.0007369351400658974,121.15569305419922,0.0013986038396445188,262.6435852050781,-0.0029239637954324715,23.8700008392334,0.004980098697693114,10.09000015258789,0.06504478738767738,40.145286560058594,1411.3338351648351,66.14666666666668,13.83
2023-06-12,123.26322937011719,22255700,-0.004020955712915053,-0.04294327966736067,0.0038600283554004466,0.09425020168530551,5.094666666666667,304.23216666666667,3.5633333333333335,15.01,119.6376,3.73,66.87666666666667,67.08,61.73452377319336,416.3756408691406,0.011865207313340065,0.009071871555161648,61.8,51.3,27.733333333333334,0.01153555587335342,122.55329132080078,0.023023237033779287,268.69049072265625,0.009635506248424353,24.100000381469727,0.013875063184466851,10.229999542236328,-0.007453833893046324,39.84605026245117,1411.3211758241757,66.87666666666667,15.01
2023-06-13,123.342529296875,19287700,-0.025476236661513663,-0.026922785727151677,0.01020650282753155,0.10503890948534367,5.096,304.252,3.56,14.61,119.1899,3.84,67.12,69.39,61.93722152709961,419.1207580566406,0.0032833776227212397,0.006592886129865416,61.6,51.6,27.8,0.0015367323225201623,122.74162292480469,0.000996087205901608,268.9581298828125,0.006224050462904085,24.25,0.008797669268342467,10.319999694824219,0.04094021073193632,41.47735595703125,1411.316956043956,67.12,14.61
2023-06-14,123.29295349121094,24659600,-0.004100183078805553,-0.03513422499423591,0.005467178919341231,0.11746263394127343,5.097333333333333,304.27183333333335,3.5566666666666666,13.88,118.776,3.83,67.36333333333333,68.22,62.04338836669922,419.6198425292969,0.0017141040069605928,0.0011907892011131516,61.4,51.9,27.866666666666667,-0.0012921440155047037,122.58302307128906,0.007481828435010218,270.9704284667969,0.007010312424492682,24.420000076293945,-0.006782916365717151,10.25,0.026529930911686206,42.5777473449707,1411.3127362637363,67.36333333333333,13.88
2023-06-15,124.69063568115234,24517100,-0.022020808212414922,-0.03831785588000969,-0.013593946590594652,0.09945151730806434,5.0986666666666665,304.2916666666667,3.5533333333333332,14.5,118.5521,3.72,67.60666666666667,70.61,63.02790451049805,424.8221130371094,0.015868187887804863,0.01239757985812906,61.2,52.2,27.933333333333334,0.011482210779449886,123.99054718017578,0.031022532652022594,279.3766174316406,0.02211298142881346,24.959999084472656,0.039999985113376546,10.65999984741211,-0.018363211184588835,41.79588317871094,1411.3085164835165,67.60666666666667,14.5
2023-06-16,122.97576141357422,56699200,-0.04006122337940965,-0.028212175451846844,-0.01031765692461517,0.12010320448716683,5.1000000000000005,304.3115,3.5500000000000003,13.54,118.4184,3.77,67.85,71.81,62.5067024230957,423.3751220703125,-0.008269386257566791,-0.0034061102809647137,61.0,52.5,28.0,-0.012471073006627198,122.44425201416016,-0.00294496337529504,278.5538635253906,0.016025702746429227,25.360000610351562,0.0018762155769191935,10.680000305175781,-0.02424935244155546,40.7823600769043,1411.3042967032966,67.85,13.54
2023-06-20,122.76759338378906,22698000,-0.03907946073534707,-0.009850669245933585,-0.03488094319236734,0.12095260360910931,5.105333333333333,304.3908333333333,3.5366666666666666,13.88,118.938,3.74,68.82333333333334,70.94,62.2021598815918,421.1785888671875,-0.004872158179814345,-0.005188148969131445,60.2,53.7,28.266666666666666,-0.0034809617264314197,122.01802825927734,0.011850581962307372,281.8548889160156,-0.005914886524792773,25.209999084472656,-0.009363331330736413,10.579999923706055,0.004023627305253852,40.94645309448242,1411.2874175824177,68.82333333333334,13.88
2023-06-21,120.20022583007812,22612000,-0.0014843651022755644,-0.0027213148633782325,-0.007834395987936227,0.10992921306180348,5.1066666666666665,304.41066666666666,3.533333333333333,13.2,118.727,3.72,69.06666666666666,72.55,61.58341979980469,419.0205993652344,-0.00994724432342775,-0.00512369232196086,60.0,54.0,28.333333333333332,-0.020714747385239485,119.4904556274414,-0.009460772355809,279.1883239746094,-0.012296686917903088,24.899999618530273,-0.03308132173852851,10.229999542236328,-0.03323909267741065,39.58543014526367,1411.2831978021977,69.06666666666666,13.2
2023-06-22,122.78742980957031,20781900,-0.031161811045785193,-0.03011228909368302,-0.016065247694264095,0.060466656070581326,5.1080000000000005,304.4305,3.5300000000000002,12.91,118.7552,3.8,69.31,69.22,62.066802978515625,420.53314208984375,0.007849242219453156,0.0036097097061593697,59.8,54.3,28.4,0.02156769061745112,122.06758880615234,0.011503815457996502,282.4000549316406,0.049799188358033986,26.139999389648438,0.04007828146948267,10.640000343322754,0.0012193214605684677,39.633697509765625,1411.278978021978,69.31,12.91
2023-06-23,121.9448471069336,29573100,-0.01666400247003874,-0.049991882281507416,-0.0018695465433065106,0.06689982297430075,5.109333333333334,304.45033333333333,3.526666666666667,13.44,119.152,3.74,69.55333333333333,68.91,61.93145751953125,417.35382080078125,-0.0021806417036047687,-0.007560215761504119,59.6,54.6,28.466666666666665,-0.006577271755376035,121.26471710205078,0.01351461606916593,286.2165832519531,0.0038255693880897557,26.239999771118164,0.016917231738101002,10.819999694824219,0.004383845749304838,39.80744552612305,1411.2747582417583,69.55333333333333,13.44
2023-06-26,118.04920196533203,23185000,0.012343545459510219,-0.011587968547681182,0.08875640674739027,0.10983293742723177,5.113333333333333,304.50983333333335,3.5166666666666666,14.25,119.0761,3.72,70.28333333333333,69.09,61.31272888183594,415.648681640625,-0.009990538935728877,-0.004085596142104464,59.0,55.5,28.666666666666668,-0.03269583663035225,117.29986572265625,-0.0355350316060411,276.0458679199219,-0.024009114567905887,25.610000610351562,0.036044395039060095,11.210000038146973,0.0077595403977064326,40.1163330078125,1411.2620989010989,70.28333333333333,14.25
2023-06-27,117.96990203857422,27221700,0.03041749061975607,0.005125544937572002,0.09125253653164989,0.08772362335296413,5.1146666666666665,304.5296666666666,3.513333333333333,13.74,118.8949,3.77,70.52666666666667,67.68,62.347164154052734,420.20556640625,0.016871460316346232,0.01096330859907546,58.8,55.8,28.733333333333334,-8.435921598093366e-05,117.28997039794922,0.030811220333357925,284.5511779785156,0.03084728580050844,26.399999618530273,0.02408559350317252,11.479999542236328,0.010586942729427617,40.54104232788086,1411.2578791208791,70.52666666666667,13.74
2023-06-28,120.02180480957031,19753100,-0.0012387885756334205,0.03097123999252971,0.09852984121410424,0.08572839026518642,5.1160000000000005,304.54949999999997,3.5100000000000002,13.43,119.3382,3.71,70.77,69.54,62.62754440307617,420.41754150390625,0.004497081027304617,0.0005044557107349856,58.6,56.1,28.8,0.015634180814939835,119.12370300292969,-0.006131267620195335,282.8065185546875,0.06590908319168509,28.139999389648438,0.01480836960563403,11.649999618530273,-0.001190580254735063,40.492774963378906,1411.2536593406594,70.77,13.43
2023-06-29,118.96115112304688,18517500,0.0010832788839951757,0.04741273932376111,0.10915764757309865,0.10932413812918496,5.117333333333334,304.5693333333333,3.506666666666667,13.54,119.527,3.85,71.01333333333334,69.85,62.2891731262207,422.0745544433594,-0.005402914645314616,0.003941350623776874,58.4,56.4,28.866666666666667,-0.0089864838640632,118.0531997680664,-0.013179556197450704,279.0792541503906,-0.017768301735782144,27.639999389648438,0.002575166319987554,11.680000305175781,-0.001668497734042318,40.42521286010742,1411.2494395604394,71.01333333333334,13.54
2023-06-30,119.91275787353516,23871800,-0.033892667303124235,0.033810082645101325,0.09027018480703153,0.08993971892585217,5.118666666666667,304.58916666666664,3.5033333333333334,13.59,119.3606,3.81,71.25666666666666,70.66,62.91757583618164,427.05535888671875,0.010088474102675438,0.011800769297566793,58.2,56.7,28.933333333333334,0.005037719725292433,118.64791870117188,0.019358396495346097,284.4817810058594,-0.010853807658653625,27.34000015258789,0.013698616715036138,11.84000015258789,-0.0007163194673474038,40.39625549316406,1411.2452197802197,71.25666666666666,13.59
2023-07-03,119.50634765625,13888300,-0.0236397160968993,0.02919719539201382,0.06702063900158928,0.12118448389983216,5.133548387096774,304.7040322580645,3.5129032258064514,13.57,119.2119,3.86,71.36451612903225,69.71,63.13026428222656,427.54669189453125,0.003380429764151982,0.0011505136221527934,58.774193548387096,56.03225806451613,28.741935483870968,0.0016709085086763498,118.8461685180664,-0.003345348410232707,283.53009033203125,-0.003657658409349396,27.239999771118164,0.015202728281759281,12.020000457763672,0.013620014890030285,40.94645309448242,1411.5694782608696,71.36451612903225,13.57
2023-07-05,121.5582504272461,17830300,-0.02454533809104098,0.0012231935676676464,0.05006921848356005,0.08700980230633726,5.147096774193549,304.799064516129,3.5258064516129033,14.18,119.3483,3.95,71.22903225806452,71.78,63.61363983154297,426.9107971191406,0.007656795909414482,-0.001487310713533696,59.54838709677419,55.064516129032256,28.483870967741936,0.01542952757535665,120.6799087524414,0.029193988750487954,291.8074645996094,0.01798824431847823,27.729999542236328,0.008319419632868641,12.119999885559082,-0.0311173969269416,39.672306060791016,1411.8979565217392,71.22903225806452,14.18
2023-07-06,119.87312316894531,17732500,0.032249979474300305,-0.01157706747895404,0.06292886778967177,0.12685009747320675,5.153870967741936,304.8465806451613,3.532258064516129,15.44,119.8193,4.05,71.16129032258064,71.76,63.110923767089844,423.5677490234375,-0.007902645812822184,-0.007830788347969908,59.935483870967744,54.58064516129032,28.35483870967742,-0.013470304291562929,119.05431365966797,-0.00808496428603922,289.4482116699219,-0.019112830438010597,27.200000762939453,-0.017326735984311892,11.90999984741211,0.0007300100376379515,39.70126724243164,1412.0621956521738,71.16129032258064,15.44
2023-07-07,119.09001922607422,20997700,0.04627932702203741,0.0014149837081798289,0.09821865294089127,0.13192930885666287,5.160645161290323,304.89409677419354,3.5387096774193547,14.83,119.0761,4.06,71.09354838709677,73.91,62.88856887817383,422.4983825683594,-0.0035232393323320066,-0.0025246644900221993,60.32258064516129,54.096774193548384,28.225806451612904,-0.005245154869174873,118.42985534667969,-0.005000295741356076,288.0008850097656,0.009191176212782759,27.450000762939453,-0.019311464750883633,11.680000305175781,0.026258211786577057,40.743751525878906,1412.2264347826087,71.09354838709677,14.83
2023-07-10,115.84859466552734,32960100,0.07007787608777805,0.04286823404935047,0.12809102066994993,0.18704532191924317,5.180967741935484,305.0366451612903,3.5580645161290323,15.07,118.9548,4.01,70.89032258064516,73.05,62.724212646484375,423.5677490234375,-0.002613451611656825,0.00253105455357594,61.483870967741936,52.645161290322584,27.838709677419356,-0.02535992451895719,115.42648315429688,0.01228805580630632,291.53985595703125,0.002185772833324995,27.510000228881836,0.008561594621799617,11.779999732971191,0.030324612643517712,41.97929000854492,1412.719152173913,70.89032258064516,15.07
2023-07-11,116.6812515258789,18286600,0.054116203168047994,0.043157010640694216,0.10568343910166611,0.18511604002839088,5.187741935483871,305.0841612903226,3.564516129032258,14.84,118.7344,3.99,70.8225806451613,74.87,63.816673278808594,426.2654113769531,0.01741688872973768,0.006368904053094759,61.87096774193548,52.16129032258065,27.70967741935484,0.005925370707467348,116.11042785644531,0.014246882032345587,295.6933898925781,0.040348985863918996,28.6200008392334,0.08149406281054627,12.739999771118164,0.031501408635773664,43.30169677734375,1412.883391304348,70.8225806451613,14.84
2023-07-12,118.5745620727539,22059600,0.026416944492612116,0.08393252907239535,0.08853032192850185,0.16368504173099585,5.194516129032258,305.13167741935484,3.5709677419354837,13.54,117.6385,3.86,70.75483870967741,75.77,64.59007263183594,429.69500732421875,0.012119079752848316,0.008045681999360621,62.25806451612903,51.67741935483871,27.580645161290324,0.01528087646182441,117.88469696044922,0.037044131551144055,306.6470947265625,0.005241076664283195,28.770000457763672,0.049450559321762455,13.369999885559082,0.03901022615951688,44.99090576171875,1413.0476304347826,70.75483870967741,13.54
2023-07-13,123.73902893066406,31535900,-0.042457784281646815,0.04037469783377512,0.04277809311979075,0.13514369381261981,5.201290322580645,305.1791935483871,3.57741935483871,13.61,117.1831,3.76,70.68709677419355,76.86,65.53753662109375,433.10546875,0.01466887945239459,0.007936935192751626,62.645161290322584,51.193548387096776,27.451612903225808,0.04717053483173639,123.44538116455078,0.013157266188253303,310.6817321777344,-0.0048662250528150874,28.6299991607666,0.010471229956700912,13.510000228881836,0.021669231791906718,45.965824127197266,1413.2118695652173,70.68709677419355,13.61
2023-07-14,124.60142517089844,20499800,-0.04287989082375576,0.058154302800714985,0.048767070881162944,0.11606992952014106,5.208064516129032,305.22670967741936,3.5838709677419356,13.34,117.0463,3.83,70.61935483870968,75.44,64.91878509521484,432.835693359375,-0.009441177648409793,-0.0006228861330327407,63.03225806451613,50.70967741935484,27.322580645161292,0.007065967467835499,124.31764221191406,-0.014485749555101846,306.1812744140625,0.002794269160010465,28.709999084472656,-0.02664697292765017,13.149999618530273,0.009449806280921402,46.40019226074219,1413.3761086956522,70.61935483870968,13.34
2023-07-17,123.9670181274414,20675300,-0.025427721333616038,0.06436915661375231,0.041660130208101,0.1081081729785418,5.228387096774194,305.3692580645161,3.603225806451613,13.48,117.1267,3.81,70.41612903225807,74.17,64.68678283691406,434.3385925292969,-0.0035737307462009316,0.0034722163467098,64.19354838709677,49.25806451612903,26.935483870967744,-0.006139348820790591,123.55441284179688,0.005665732544412716,307.916015625,0.015325689588600033,29.149999618530273,0.0243346507818607,13.470000267028809,0.008737182588083758,46.805599212646484,1413.8688260869565,70.41612903225807,13.48
2023-07-18,122.99559783935547,21045800,-0.010396569651824783,0.06294295880618406,0.040538408894232214,0.13225334044525883,5.235161290322581,305.41677419354835,3.609677419354839,13.3,117.0264,3.8,70.3483870967742,75.76,65.13147735595703,437.56597900390625,0.006874580857794577,0.007430577273401573,64.58064516129032,48.774193548387096,26.806451612903224,-0.007139944341679971,122.6722412109375,0.004603761901137204,309.3335876464844,0.03979416338224273,30.309999465942383,-0.00742393314679457,13.369999885559082,-0.011136279486710698,46.284358978271484,1414.0330652173914,70.3483870967742,13.3
2023-07-19,121.70693969726562,22313800,0.0560353030884686,0.047727761112892786,0.06255082316284999,0.1483142444270984,5.241935483870968,305.4642903225806,3.6161290322580646,13.76,117.3462,3.75,70.28064516129032,75.4,65.3151626586914,438.5390319824219,0.0028202231884053575,0.0022237857265108296,64.96774193548387,48.29032258064516,26.677419354838708,-0.01397875824310324,120.95743560791016,0.012690402153934244,313.2591552734375,-0.01550641113941964,29.84000015258789,-0.019446539349836645,13.109999656677246,-0.008759131066109926,45.87894821166992,1414.197304347826,70.28064516129032,13.76
2023-07-20,118.48534393310547,27541700,0.08650530572511683,0.07730266705756317,0.07178132854298336,0.16523056403138403,5.248709677419355,305.51180645161287,3.6225806451612903,13.99,117.5947,3.85,70.21290322580646,75.65,64.01969909667969,435.6296081542969,-0.019834040202598047,-0.006634355475664044,65.35483870967742,47.806451612903224,26.548387096774192,-0.023190924410688374,118.1523208618164,-0.04268897159595497,299.8864440917969,-0.046246684351828105,28.459999084472656,-0.013729928010317471,12.930000305175781,-0.03597729454769316,44.22834777832031,1414.361543478261,70.21290322580646,13.99
2023-07-21,119.25852966308594,56514600,0.10556062155190427,0.0684066242334207,0.07164810132186039,0.15518223704589484,5.255483870967742,305.55932258064513,3.6290322580645165,13.6,117.9418,3.84,70.14516129032259,77.06,63.381629943847656,435.6296081542969,-0.009966762759513248,0.0,65.74193548387096,47.32258064516129,26.419354838709676,0.006879105561948595,118.96510314941406,-0.0273037309959957,291.69842529296875,-0.017568517782307058,27.959999084472656,-0.014694549850981953,12.739999771118164,-0.02138811522592854,43.282386779785156,1414.5257826086956,70.14516129032259,13.6
2023-07-24,120.8148193359375,22276100,0.09213978266470657,0.08254004940816295,0.06407943195768473,0.12192297782695016,5.275806451612904,305.7018709677419,3.6483870967741936,13.91,117.8124,3.86,69.94193548387098,78.81,63.49763488769531,437.5756530761719,0.001830261291014823,0.004467200772050761,66.90322580645162,45.87096774193548,26.032258064516128,0.012581227184464971,120.46183013916016,-0.009005611205420538,289.0715026855469,-0.00608004915993432,27.790000915527344,-0.004709534303007024,12.680000305175781,0.0169491719619701,44.015987396240234,1415.0185000000001,69.94193548387098,13.91
2023-07-25,121.71686553955078,31820800,0.0741100184264778,0.0737029648282248,0.08486039547131252,0.12305573769751965,5.28258064516129,305.74938709677417,3.6548387096774193,13.86,117.8565,3.91,69.8741935483871,79.76,63.70065689086914,438.7702941894531,0.0031973159871687695,0.0027301361601883567,67.29032258064517,45.38709677419355,25.903225806451612,0.005595353220843258,121.13585662841797,0.009807549279240213,291.9065856933594,-0.021230663301570307,27.200000762939453,-0.013406945757292621,12.510000228881836,-0.031578814176194236,42.626014709472656,1415.1827391304348,69.8741935483871,13.86
2023-07-26,128.52682495117188,46216900,-0.007866727514960536,0.0037789972235986458,0.005861476262873255,0.08067234832070813,5.289354838709677,305.79690322580643,3.6612903225806455,13.19,117.76,3.86,69.80645161290323,79.11,64.6964340209961,438.8376770019531,0.01563213283393461,0.00015357195642540233,67.6774193548387,44.903225806451616,25.774193548387096,0.05776941598999197,128.13380432128906,0.013923396229768459,295.9709167480469,0.018382352425565296,27.700000762939453,-0.14228622334762397,10.729999542236328,0.01902166374295544,43.436832427978516,1415.3469782608695,69.80645161290323,13.19
2023-07-27,128.73495483398438,35931600,-0.008469943606406849,0.002618180835471051,0.006313906239517664,-0.024639809007566127,5.296129032258064,305.8444193548387,3.667741935483871,14.41,117.8938,4.01,69.73870967741937,80.17,65.23782348632812,435.92822265625,0.0083681500151358,-0.006629910097008751,68.06451612903226,44.41935483870968,25.64516129032258,0.0010055520908494042,128.2626495361328,0.04400974390039569,308.99652099609375,-0.030324914420643223,26.860000610351562,-0.03727862400699655,10.329999923706055,-0.016000063231637274,42.74184036254883,1415.5112173913044,69.73870967741937,14.41
2023-07-28,131.8475341796875,26971000,-0.03360647674510109,-0.021351825533865054,-0.009172341321828203,-0.07194940028423424,5.3029032258064515,305.89193548387095,3.674193548387097,13.33,117.788,3.96,69.67096774193548,80.55,66.52364349365234,440.196044921875,0.0197097318489432,0.009790194907821848,68.45161290322581,43.935483870967744,25.516129032258064,0.0245752318542114,131.41473388671875,0.04417582747517623,322.6466979980469,0.05919583456655331,28.450000762939453,0.033881934564831795,10.680000305175781,0.029810298828588433,44.015987396240234,1415.675456521739,69.67096774193548,13.33
2023-07-31,131.94667053222656,18381900,-0.00878983936755895,-0.00961599730411622,0.017879773898243023,-0.07294717850990207,5.323225806451613,306.03448387096773,3.6935483870967745,13.63,117.8241,3.97,69.46774193548387,81.8,66.50430297851562,441.0343017578125,-0.0002907314470615985,0.0019042807076703472,69.61290322580645,42.483870967741936,25.129032258064516,0.001055919862486654,131.55349731445312,-0.021138167396186014,315.8265380859375,0.01898063246740378,28.989999771118164,0.06367034944483296,11.359999656677246,0.01995627344807538,44.89438247680664,1416.1681739130436,69.46774193548387,13.63
2023-08-01,130.7373046875,22154300,-0.0003789682539682149,-0.012282679738562119,0.038213585434173636,-0.04655386321195143,5.33,306.082,3.7,13.93,118.5738,4.05,69.4,81.37,66.41729736328125,439.7721862792969,-0.0013082704627771502,-0.0028617172711629113,70.0,42.0,25.0,-0.008815529566235103,130.39378356933594,0.012900178606559676,319.9007568359375,-0.0010348632936312274,28.959999084472656,-0.007042247017941761,11.279999732971191,-0.007740216010256984,44.54689025878906,1416.3324130434783,69.4,13.93
2023-08-02,127.51573944091797,22705800,0.011738064896654299,0.0036536998325269465,0.06770829251113897,-0.025963962710207955,5.33,306.12051612903224,3.7,16.09,119.1268,4.08,69.3483870967742,79.5,65.17015075683594,433.6546325683594,-0.01877743684184896,-0.01391073356115402,70.3225806451613,41.774193548387096,24.838709677419356,-0.02409733933244529,127.25164031982422,-0.026029457835853753,311.57391357421875,-0.0383286857076619,27.850000381469727,-0.027482222808592915,10.970000267028809,-0.008667460201923327,44.16078186035156,1416.4966521739132,69.3483870967742,16.09
2023-08-03,127.64457702636719,15018100,0.011182842487102995,0.013124191976034316,0.062359516647012114,-0.009318776399932394,5.33,306.1590322580645,3.7,15.92,119.3963,4.2,69.29677419354839,81.56,65.00580596923828,432.41180419921875,-0.0025217800739921747,-0.002865940487663754,70.64516129032258,41.54838709677419,24.677419354838708,0.0005451124630204696,127.32100677490234,-0.0035633920601031432,310.4636535644531,-0.024775602319801582,27.15999984741211,-0.01640841392837389,10.789999961853027,0.00896178839792805,44.556541442871094,1416.6608913043478,69.29677419354839,15.92
2023-08-04,127.4166030883789,20521900,0.012680808507450791,-0.0033451194314697563,0.06356008344296415,0.00031124352566469504,5.33,306.1975483870968,3.7,17.1,118.821,4.05,69.24516129032259,82.76,64.86077117919922,430.4560546875,-0.002231105174016257,-0.004522886500151424,70.96774193548387,41.32258064516129,24.516129032258064,-0.002646837268854174,126.9840087890625,-0.007854600972568071,308.02508544921875,-0.018409425729346673,26.65999984741211,-0.003707132714962258,10.75,-0.05047674574901351,42.307472229003906,1416.8251304347827,69.24516129032259,17.1
2023-08-07,130.78688049316406,17621000,-0.0008334841281592009,-0.02281347794236288,0.025996561294625797,-0.011899315957335954,5.33,306.3130967741935,3.7,15.77,119.0809,4.09,69.09032258064516,81.94,65.86622619628906,434.2134094238281,0.015501743177119165,0.008728776597313415,71.93548387096774,40.645161290322584,24.032258064516128,0.026695909552772346,130.37396240234375,0.01876222461367205,313.8043212890625,0.019129791140315433,27.170000076293945,-0.01674421443495644,10.569999694824219,-0.008898035732801901,41.9310188293457,1417.317847826087,69.09032258064516,15.77
2023-08-08,130.68775939941406,16836000,-0.011908224323573635,-0.016307533912536698,0.03307042246285441,-0.002957937023986612,5.33,306.3516129032258,3.7,15.99,119.6407,4.02,69.03870967741936,82.94,65.68253326416016,432.32513427734375,-0.002788878955680252,-0.004348726007771142,72.25806451612904,40.41935483870968,23.870967741935484,-0.0009886252502870896,130.2450714111328,-0.012383275274878147,309.91839599609375,-0.01398598305850407,26.790000915527344,-0.002838196200316001,10.539999961853027,0.031077427921213374,43.234127044677734,1417.4820869565217,69.03870967741936,15.99
2023-08-09,129.0125274658203,17745200,-0.007990571220578668,0.023511510692238335,0.05416829046601612,0.01728771201300061,5.33,306.3901290322581,3.7,15.96,119.476,4.0,68.98709677419355,84.35,64.976806640625,429.4349060058594,-0.010744509818110815,-0.006685311684030526,72.58064516129032,40.193548387096776,23.70967741935484,-0.013242084079167826,128.52035522460938,-0.023765273392319375,302.5531005859375,-0.02276971218758006,26.18000030517578,-0.009487702261067765,10.4399995803833,0.020763630726319482,44.1318244934082,1417.6463260869566,68.98709677419355,15.96
2023-08-10,129.07200622558594,17855700,0.001919879775804434,0.0016128645185529145,0.057829639751820094,0.02342371545679356,5.33,306.4286451612903,3.7,15.85,119.1581,4.09,68.93548387096774,82.81,65.19915008544922,429.5890808105469,0.0034218893836066577,0.0003590178686718737,72.90322580645162,39.96774193548387,23.548387096774192,0.0002315169345732393,128.55010986328125,0.0017365236845450216,303.0784912109375,-0.009931253852217603,25.920000076293945,-0.0210727320112033,10.220000267028809,-0.007436666585126206,43.80363082885742,1417.8105652173913,68.93548387096774,15.85
2023-08-11,129.0323486328125,15205500,-0.01582525096189047,0.003994553623207553,0.045325571670894016,0.011677260785614152,5.33,306.46716129032257,3.7,14.84,119.6268,4.16,68.88387096774194,83.17,64.88978576660156,429.33856201171875,-0.004744913368383008,-0.0005831591397887914,73.2258064516129,39.74193548387097,23.387096774193548,-0.0010022956416044781,128.4212646484375,-0.013409958599479022,299.01422119140625,-0.005401211004489093,25.780000686645508,-0.018591049813431626,10.029999732971191,-0.009255273447144163,43.398216247558594,1417.9748043478262,68.88387096774194,14.84
2023-08-14,130.67787170410156,17526200,-0.02199832907233157,-0.0003037094944539076,0.04300974824573034,0.016915602973107013,5.33,306.58270967741936,3.7,14.82,120.0725,4.19,68.72903225806452,82.5,65.3635025024414,431.7086181640625,0.007300328244937093,0.005520249896115992,74.19354838709677,39.064516129032256,22.903225806451612,0.013661602791563254,130.1757049560547,0.015083947925403463,303.5245361328125,0.01435216920209137,26.149999618530273,-0.008973096209767273,9.9399995803833,0.002446780588405195,43.50440216064453,1418.4675217391305,68.72903225806452,14.82
2023-08-15,129.13150024414062,14769200,-0.00445232892051084,0.04007036946093967,0.06693772080557148,0.025869095692399258,5.33,306.6212258064516,3.7,16.46,120.2127,4.21,68.6774193548387,81.06,64.783447265625,426.6796569824219,-0.008874298570440642,-0.011648971018988208,74.51612903225806,38.83870967741935,22.741935483870968,-0.011802332498553891,128.6393280029297,-0.013847425650710843,299.3215026855469,-0.01720836948968618,25.700000762939453,-0.038229293441473966,9.5600004196167,0.010206307765990408,43.948421478271484,1418.6317608695654,68.6774193548387,16.46
2023-08-16,127.98164367675781,17548400,0.03175582912712582,0.060568077969288536,0.07117946492389482,0.04895030107643539,5.33,306.65974193548385,3.7,16.78,120.3551,4.28,68.6258064516129,79.4,64.0100326538086,423.548583984375,-0.01193846027744172,-0.007338228919069101,74.83870967741936,38.61290322580645,22.580645161290324,-0.008321800812216895,127.56881713867188,-0.025368348642513916,291.72821044921875,0.01984429207755678,26.209999084472656,-0.04184106220160899,9.15999984741211,-0.016033327503305994,43.24378204345703,1418.796,68.6258064516129,16.78
2023-08-17,129.31980895996094,23665600,-0.00030642695433913403,0.052813281443305105,0.06515425240259609,0.045378091570096535,5.33,306.69825806451615,3.7,17.89,120.5242,4.3,68.5741935483871,80.43,63.27528381347656,420.3211669921875,-0.011478651234343884,-0.007619945182738563,75.16129032258064,38.38709677419355,22.419354838709676,0.009479387824672392,128.77809143066406,-0.03126164435866452,282.6083068847656,0.018695219213383574,26.700000762939453,-0.013100424405900424,9.039999961853027,-0.00535713435081453,43.01211929321289,1418.9602391304347,68.5741935483871,17.89
2023-08-18,126.9903793334961,23627200,0.020138501424131316,0.06783231819652924,0.08367778854318164,0.08266306227565545,5.33,306.7367741935484,3.7,17.3,120.4321,4.26,68.5225806451613,81.25,62.898231506347656,420.5234680175781,-0.005958919255745765,0.00048130106517896287,75.48387096774194,38.16129032258065,22.258064516129032,-0.018934722150964256,126.33971405029297,-0.0064543968371501,280.78424072265625,-0.009363295612598188,26.450000762939453,0.015486763707248663,9.180000305175781,-0.003590569851860237,42.85768127441406,1419.1244782608696,68.5225806451613,17.3
2023-08-21,127.80317687988281,21851100,0.02218259970588754,0.06034307065825706,0.04390004476038989,0.062127039036337095,5.33,306.8523225806452,3.7,17.13,120.4627,4.34,68.36774193548388,80.71,63.35261154174805,423.259521484375,0.007224051050696678,0.006506303868592855,76.45161290322581,37.483870967741936,21.774193548387096,0.007139424088711266,127.24170684814453,0.02347768189899546,287.37640380859375,0.04045367349567175,27.520000457763672,0.019607771842881094,9.359999656677246,-0.00022536948312057437,42.8480224609375,1419.617195652174,68.36774193548388,17.13
2023-08-22,128.5565643310547,15557900,0.04472181461001634,0.043796482479757204,0.012876905782411852,0.0634589593954149,5.33,306.89083870967744,3.7,16.97,120.3554,4.34,68.31612903225806,80.25,63.35261154174805,422.1130676269531,0.0,-0.0027086309916933837,76.7741935483871,37.25806451612903,21.612903225806452,0.005531056957366998,127.94548797607422,-0.00793362890593885,285.0964660644531,-0.019985506368478956,26.969999313354492,-0.011752100503419793,9.25,0.009686929327001215,43.26308822631836,1419.7814347826088,68.31612903225806,16.97
2023-08-23,132.04580688476562,26497000,0.027925452930601002,0.022445634576624185,-0.014713614461423385,0.04061243247728097,5.33,306.9293548387097,3.7,15.98,120.0307,4.19,68.26451612903226,78.91,64.37739562988281,426.8145446777344,0.016175877571510178,0.011137956655102199,77.09677419354838,37.03225806451613,21.451612903225808,0.025487966031867204,131.20655822753906,0.02308746022416308,291.6786193847656,0.011865094932145492,27.290000915527344,-0.0010811058250633776,9.239999771118164,0.013163645796695045,43.83258819580078,1419.9456739130435,68.26451612903226,15.98
2023-08-24,129.28018188476562,18680400,0.05313599069743935,0.05198579971498396,0.013418225965257546,0.07360832792564564,5.33,306.96787096774193,3.7,17.2,120.2354,4.23,68.21290322580646,79.52,63.13992691040039,420.8992614746094,-0.01922209973508171,-0.013859141580077394,77.41935483870968,36.806451612903224,21.29032258064516,-0.019566325489288938,128.6393280029297,-0.025455430031728232,284.2538146972656,-0.020153943787383444,26.739999771118164,0.014069276803151398,9.369999885559082,-0.017397055815916662,43.070030212402344,1420.1099130434784,68.21290322580646,17.2
2023-08-25,129.5477752685547,20678100,0.046752295600858584,0.05394472089246194,-0.009487820026353178,0.057617611595135676,5.33,307.0063870967742,3.7,15.68,120.5137,4.25,68.16129032258064,80.47,63.20759963989258,423.86651611328125,0.001071789797733258,0.007049797683835735,77.74193548387096,36.58064516129032,21.129032258064516,0.000770534915634391,128.7384490966797,-0.00435936545331983,283.0146484375,0.006357519736315043,26.90999984741211,-0.012806818252369956,9.25,-0.018601485312938704,42.268863677978516,1420.274152173913,68.16129032258064,15.68
2023-08-28,130.63818359375,16715500,0.03733234254168427,0.03247618642705774,-0.002503882495412002,0.04750006540906826,5.33,307.12193548387097,3.7,15.08,120.3155,4.2,68.00645161290322,80.65,63.98101806640625,426.5543518066406,0.0122361619634348,0.006341231475432307,78.70967741935483,35.903225806451616,20.64516129032258,0.00870012728453462,129.85848999023438,0.016672733922921124,287.7332763671875,0.0074322097388894726,27.110000610351562,0.021621601001636348,9.449999809265137,0.010504733122398857,42.712886810302734,1420.7668695652173,68.00645161290322,15.08
2023-08-29,134.30584716796875,30803300,-0.0008857210764805501,0.014835146357568663,-0.017418234402061028,0.023101459826482262,5.33,307.1604516129032,3.7,14.45,120.2669,4.12,67.95483870967742,81.14,65.40216827392578,432.72015380859375,0.022212059927594563,0.014454903521294193,79.03225806451613,35.67741935483871,20.483870967741936,0.027173791708644757,133.38723754882812,0.026631117499345658,295.39593505859375,0.009221689205884509,27.360000610351562,0.046560904014645965,9.890000343322754,0.012203348293688077,43.234127044677734,1420.9311086956523,67.95483870967742,14.45
2023-08-30,135.73324584960938,21773400,-0.005330949183478095,0.015044381295800324,-0.037099004048603,-0.0038704213204692195,5.33,307.1989677419355,3.7,13.88,119.7937,4.12,67.90322580645162,81.64,65.41184997558594,434.50238037109375,0.00014803334378155064,0.004118658552909382,79.35483870967742,35.45161290322581,20.322580645161292,0.009734643259076803,134.6857147216797,-0.009698194148602624,292.5311279296875,-0.002558468321003371,27.290000915527344,0.023255766860676763,10.119999885559082,0.03148020389344319,44.59514617919922,1421.095347826087,67.90322580645162,13.88
2023-08-31,136.1496124267578,28147900,-0.001092158080832295,0.006916627599647285,-0.015871875567723293,-0.024972819329035056,5.33,307.23748387096776,3.7,13.57,120.225,4.09,67.8516129032258,83.55,65.47952270507812,433.8665771484375,0.0010345637605027047,-0.001463290539658768,79.6774193548387,35.225806451612904,20.161290322580644,0.0021341912091670245,134.97315979003906,0.002677019631407651,293.3142395019531,0.0073286496475353236,27.489999771118164,0.02272732198731031,10.350000381469727,0.014502217641045867,45.24187469482422,1421.2595869565218,67.8516129032258,13.57
2023-09-01,135.60443115234375,16671600,0.006871181770348844,0.015789404985184996,-0.025584867376649778,-0.025438698355300327,5.33,307.276,3.7,13.09,120.759,4.18,67.8,85.52,64.87044525146484,434.67578125,-0.009301800447700015,0.0018650989594104495,80.0,35.0,20.0,-0.0037453645037799355,134.46763610839844,0.0016561719247540907,293.8000183105469,0.005820292788078163,27.649999618530273,0.008695574453765786,10.4399995803833,-0.008747554571772453,44.84611892700195,1421.4238260869565,67.8,13.09
2023-09-05,135.5152130126953,17730200,-0.004681388900617867,0.015507044434122985,-0.003218623766696238,-0.044473644949260316,5.33,307.332,3.726666666666667,14.01,121.4345,4.27,67.26666666666667,86.74,64.86077117919922,432.797119140625,-0.00014912911770725845,-0.004321984776728294,78.93333333333334,37.13333333333333,20.666666666666668,0.0008110097610534162,134.57669067382812,0.012719950133158742,297.5371398925781,0.04086803196040334,28.780000686645508,0.0019157527363558025,10.460000038146973,-0.010331451451628504,44.38279342651367,1422.0807826086957,67.26666666666667,14.01
2023-09-06,134.1868896484375,15814300,0.015734804081658726,-0.0057617222146918445,0.004580130797200654,-0.022013465434442603,5.33,307.346,3.7333333333333334,14.45,121.8671,4.3,67.13333333333333,87.55,64.65774536132812,429.8877258300781,-0.0031301789075274256,-0.006722302857107398,78.66666666666667,37.666666666666664,20.833333333333332,-0.009648717212015323,133.2781982421875,-0.0032648194092596006,296.56573486328125,-0.03926341352172302,27.649999618530273,-0.07934989681444515,9.630000114440918,-0.015659128830583513,43.68779754638672,1422.2450217391306,67.13333333333333,14.45
2023-09-07,135.00965881347656,16976000,0.02048453248098192,-0.03553585541941551,0.018575511983339066,-0.035022179606154724,5.33,307.36,3.74,14.4,121.9528,4.27,67.0,86.87,64.541748046875,428.56787109375,-0.00179402040397314,-0.0030702312651044172,78.4,38.2,21.0,0.005949611426844248,134.07115173339844,-0.0016713545957517395,296.070068359375,0.01265824181911257,28.0,0.009345810126515808,9.720000267028809,-0.017233626142917013,42.934898376464844,1422.4092608695653,67.0,14.4
2023-09-08,136.00091552734375,17810700,0.008017542103876618,-0.043367206121066926,0.016763910873115462,0.009110894298143046,5.33,307.374,3.7466666666666666,13.84,121.9475,4.26,66.86666666666666,87.51,64.73509216308594,429.21331787109375,0.002995644246736484,0.0015060549819017055,78.13333333333334,38.733333333333334,21.166666666666668,0.008280442456695125,135.1813201904297,-0.002611624610477592,295.2968444824219,-0.016071455819266167,27.549999237060547,-0.033950608502084756,9.390000343322754,-0.0096673284688239,42.519832611083984,1422.5735000000002,66.86666666666666,13.84
2023-09-11,136.53619384765625,17180800,0.008857362665952717,-0.04043837105706771,0.010599756192308574,-0.007985886511855833,5.33,307.416,3.7666666666666666,13.8,121.3386,4.29,66.46666666666667,87.3,65.71154022216797,432.0361328125,0.015083751740432971,0.006576717971864099,77.33333333333333,40.333333333333336,21.666666666666668,0.003959480510919544,135.71656799316406,0.032461625001408034,304.8826599121094,0.01306717315139827,27.90999984741211,0.005324732186628767,9.4399995803833,-0.011804794031105681,42.01789474487305,1423.0662173913045,66.46666666666667,13.8
2023-09-12,134.8808135986328,15212900,0.020283387761072413,-0.048651577133629775,0.04137552719035775,-0.010068386973136279,5.33,307.43,3.7733333333333334,14.23,121.2913,4.27,66.33333333333333,88.87,65.02513122558594,429.6661682128906,-0.010445790712884095,-0.0054855703484364415,77.06666666666666,40.86666666666667,21.833333333333332,-0.011539610499778474,134.15045166015625,-0.019183425680366017,299.0339660644531,-0.001433142543797561,27.8700008392334,0.014830545502743542,9.579999923706055,-0.005283738452631526,41.79588317871094,1423.2304565217391,66.33333333333333,14.23
2023-09-13,136.2982940673828,16394900,-0.021163522417434466,-0.043927278589456775,0.020290861012858263,-0.028072828883917045,5.33,307.444,3.7800000000000002,13.48,121.0549,4.25,66.2,88.59,65.23782348632812,430.1671447753906,0.003270923975598139,0.0011659669752071,76.8,41.4,22.0,0.010122975302570003,135.50845336914062,0.011270933165420605,302.40435791015625,-0.05633303031561865,26.299999237060547,-0.030271395006529422,9.289999961853027,-0.01824471959213403,41.033329010009766,1423.394695652174,66.2,13.48
2023-09-14,137.7752685546875,19064600,-0.05489587163482201,-0.042161355773021825,-0.002949749923581657,-0.0361178792456508,5.33,307.458,3.7866666666666666,12.82,121.2395,4.29,66.06666666666666,90.13,66.14659881591797,433.8761901855469,0.013930190816073162,0.00862233542288049,76.53333333333333,41.93333333333333,22.166666666666668,0.010167124551920592,136.8861846923828,0.02183196480518168,309.0064392089844,-0.010646341726972985,26.020000457763672,-0.01399355381859313,9.15999984741211,0.03599153304456282,42.51018142700195,1423.5589347826087,66.06666666666666,12.82
2023-09-15,137.09130859375,48958800,-0.050976045632793454,-0.046637755865267194,0.015835197301638848,-0.03687652041045297,5.33,307.47200000000004,3.7933333333333334,13.79,121.199,4.33,65.93333333333334,90.83,65.26683044433594,428.6487121582031,-0.013300281304415629,-0.012048317343959836,76.26666666666667,42.46666666666667,22.333333333333332,-0.005068792426418001,136.1923370361328,-0.0366033438470289,297.6957702636719,-0.01191396494378305,25.709999084472656,0.0,9.15999984741211,0.002497714197567724,42.61635971069336,1423.7231739130436,65.93333333333334,13.79
2023-09-18,137.74554443359375,16233600,-0.04886293696935917,-0.027274070673685924,0.01460858915386809,-0.036845047219033145,5.33,307.514,3.8133333333333335,14.0,121.1938,4.32,65.53333333333333,91.47,65.3133544921875,428.90008544921875,0.0007128283621991027,0.0005864319287232078,75.46666666666667,44.06666666666667,22.833333333333332,0.005895355341957842,136.9952392578125,0.007458819392725413,299.9162292480469,-0.012057544806744258,25.399999618530273,-0.029475928885046465,8.890000343322754,-0.030351095807654827,41.322906494140625,1424.215891304348,65.53333333333333,14.0
2023-09-19,137.6166534423828,15479100,-0.06756452738682173,-0.03983270585091547,0.0032415458963981347,-0.011812931700234341,5.33,307.528,3.82,14.11,121.1645,4.37,65.39999999999999,91.16,65.36180114746094,428.0105895996094,0.0007417572661840843,-0.0020738999123250945,75.2,44.6,23.0,-0.0012301016248390528,136.82672119140625,0.008329453974524004,302.41436767578125,0.0318897432325731,26.209999084472656,0.012373414221504175,9.0,-0.009110041659620038,40.94645309448242,1424.3801304347828,65.39999999999999,14.11
2023-09-20,133.4137420654297,21473500,-0.023255933645057847,0.012482210873729693,0.03261727727750863,0.02607920508753847,5.33,307.54200000000003,3.8266666666666667,15.14,120.9648,4.35,65.26666666666667,89.2,64.47014617919922,424.07574462890625,-0.013641835944056657,-0.009193335553646098,74.93333333333334,45.13333333333333,23.166666666666668,-0.031150399528229733,132.56451416015625,-0.017700968987984678,297.06134033203125,0.03090428849998994,27.020000457763672,0.0033333036634657365,9.029999732971191,-0.019801996801339206,40.1356315612793,1424.5443695652175,65.26666666666667,15.14
2023-09-21,130.21197509765625,22058400,0.01347419345615175,0.035246436076241006,0.04095588576507003,0.06318514685292387,5.33,307.55600000000004,3.8333333333333335,17.54,121.5528,4.49,65.13333333333333,89.56,63.67542266845703,417.06646728515625,-0.012327000291471268,-0.01652836181395745,74.66666666666667,45.666666666666664,23.333333333333332,-0.024674633748584807,129.2935333251953,-0.013147791897889727,293.1556396484375,-0.021095473174222,26.450000762939453,-0.04429674754803781,8.630000114440918,-0.013227624113525738,39.604732513427734,1424.7086086956522,65.13333333333333,17.54
2023-09-22,130.10293579101562,17348700,0.004571317454699075,0.05699023248427881,0.05066671545615953,0.08038068940022458,5.33,307.57000000000005,3.84,17.2,121.5306,4.44,65.0,90.0,63.59788513183594,416.12872314453125,-0.0012176995985533345,-0.0022484285220270017,74.4,46.2,23.5,-0.001456797469628679,129.1051788330078,0.01132798202480001,296.47650146484375,0.01020788440933984,26.719999313354492,0.006952429333341836,8.6899995803833,0.005605779076631956,39.82674789428711,1424.872847826087,65.0,17.2
2023-09-25,131.014892578125,14650000,0.022697955042235263,0.05545881107713413,0.0601495983318332,0.07982129912771585,5.33,307.612,3.86,16.9,122.1143,4.55,64.6,89.68,63.75294876098633,417.878662109375,0.0024381884527913122,0.004205282806772237,73.6,47.8,24.0,0.006602854945558123,129.9576416015625,0.00585098706713838,298.211181640625,-0.02470059372652178,26.059999465942383,-0.010356640190954391,8.600000381469727,0.0058168586989910676,40.058414459228516,1425.3655652173913,64.6,16.9
2023-09-26,128.3186492919922,20378800,0.029741276850168363,0.07531870834988696,-0.02147543769295901,0.10328318325092445,5.33,307.62600000000003,3.8666666666666667,18.94,122.4742,4.56,64.46666666666667,91.43,63.04545211791992,411.73944091796875,-0.011097473243455003,-0.014691396685383662,73.33333333333333,48.333333333333336,24.166666666666668,-0.019373002208314172,127.43997192382812,-0.006215958109593855,296.3575134277344,-0.005755933292566184,25.90999984741211,-0.03023258341267676,8.34000015258789,-0.014337391997941595,39.48408126831055,1425.5298043478263,64.46666666666667,18.94
2023-09-27,130.3110809326172,18764200,0.03658905720528893,0.0778943537562411,-0.0610070740662807,0.07591673461109849,5.33,307.64000000000004,3.873333333333333,18.22,122.9895,4.61,64.33333333333333,93.67,63.21021270751953,411.90374755859375,0.00261336201208362,0.0003990548980652431,73.06666666666666,48.86666666666667,24.333333333333332,0.015322370725915802,129.3926544189453,-0.00408112702209229,295.1480407714844,0.006175216069254086,26.06999969482422,0.01798556544195362,8.489999771118164,-0.022613464160961994,38.591209411621094,1425.694043478261,64.33333333333333,18.22
2023-09-28,131.9664764404297,18201400,0.02148277949322175,0.05378204798373831,-0.07308631326273585,0.06121843475586375,5.33,307.65400000000005,3.88,17.34,122.5342,4.59,64.2,91.65,63.90802764892578,414.2917785644531,0.011039591729189668,0.005797546198629044,72.8,49.4,24.5,0.013558923083436314,131.14707946777344,0.02089105715805073,301.3139953613281,0.016110474921767315,26.489999771118164,0.008245070716805802,8.5600004196167,-0.012506160755537454,38.10858154296875,1425.8582826086958,64.2,17.34
2023-09-29,130.6976776123047,23237300,0.05218038193883001,0.05104289897393044,-0.04626478170379145,0.06886611172877677,5.33,307.668,3.8866666666666667,17.52,122.3077,4.59,64.06666666666666,90.77,63.54943084716797,413.2862854003906,-0.005611138615132072,-0.0024270169385127716,72.53333333333333,49.93333333333333,24.666666666666668,-0.010958998144820375,129.7098388671875,-0.012337117587082225,297.5966491699219,0.020385085700004524,27.030000686645508,0.04088778161661377,8.90999984741211,-0.007725374817216024,37.814178466796875,1426.0225217391305,64.06666666666666,17.52
2023-10-02,133.98866271972656,19210400,0.032033755297326216,0.03935791048960824,-0.07301914194846848,0.03247755031527433,5.33,307.7105806451613,3.893548387096774,17.61,123.0545,4.69,63.71935483870968,88.81,64.0243148803711,413.1219482421875,0.007472671696229449,-0.00039763515995672183,71.87096774193549,50.645161290322584,24.93548387096774,0.025294024090353417,132.99072265625,0.022017819143781647,304.1490783691406,0.0003699677627746478,27.040000915527344,-0.019079694635833366,8.739999771118164,-0.0271857686456648,36.786170959472656,1426.5059021739132,63.71935483870968,17.61
2023-10-03,132.135009765625,19628700,0.044261051318767564,0.05768950066977685,-0.04298576146704236,0.05296330084530454,5.33,307.7251612903226,3.8870967741935485,19.78,123.7848,4.81,63.63870967741935,89.26,63.161766052246094,407.59185791015625,-0.013472207078461751,-0.01338609666119528,71.74193548387096,50.29032258064516,24.870967741935484,-0.012968580764782578,131.26602172851562,-0.019164274368257073,298.3202819824219,-0.040310655165768594,25.950000762939453,-0.02288327397056089,8.539999961853027,0.0010495398139678258,36.82477951049805,1426.6608043478261,63.63870967741935,19.78
2023-10-04,135.07904052734375,22848000,0.03984732065599261,0.022088575708214764,-0.05643199578877922,0.012989040433593058,5.33,307.7397419354839,3.8806451612903223,18.58,123.5946,4.73,63.55806451612903,84.32,63.76265335083008,410.5599670410156,0.00951346575849299,0.007282061879444246,71.61290322580645,49.935483870967744,24.806451612903224,0.021218926726066956,134.0513458251953,0.015418257273211111,302.91986083984375,0.016955630588549653,26.389999389648438,0.017564358220175658,8.6899995803833,-0.0041938613306510275,36.67034149169922,1426.8157065217392,63.55806451612903,18.58
2023-10-05,134.80148315429688,15922900,0.03161998336040561,0.021986790199618467,-0.041326526569583466,0.010294701930532613,5.33,307.7543225806452,3.8741935483870966,18.49,123.8993,4.72,63.47741935483871,82.3,63.67542266845703,410.4052734375,-0.0013680528928602387,-0.0003767868665581764,71.48387096774194,49.58064516129032,24.741935483870968,-0.0012568881557357692,133.8828582763672,-0.0025850089028113254,302.1368103027344,0.023493779976235807,27.010000228881836,0.005753762157564735,8.739999771118164,-0.030271166587432896,35.56028747558594,1426.9706086956523,63.47741935483871,18.49
2023-10-06,137.5175323486328,20826700,-0.0010810722043720356,-0.014344428960751499,-0.05247577518358426,0.012974863712002183,5.33,307.76890322580647,3.867741935483871,17.45,123.3563,4.78,63.39677419354838,82.83,64.84814453125,415.2779541015625,0.01841718222899047,0.01187285100712665,71.35483870967742,49.225806451612904,24.677419354838708,0.01858266108374984,136.37075805664062,0.034909128593446415,312.68414306640625,0.039614945788858824,28.079999923706055,-0.012585773404794165,8.630000114440918,0.012486274280952614,36.004302978515625,1427.1255108695652,63.39677419354838,17.45
2023-10-09,138.28082275390625,16599100,0.007096817477808326,-0.011469403374745557,-0.05089616714034695,0.021935427060376655,5.33,307.81264516129033,3.8483870967741933,17.7,123.035225,4.69,63.15483870967741,85.125,65.54595184326172,417.9366455078125,0.010760636515597666,0.006402197323481795,70.96774193548387,48.16129032258065,24.483870967741936,0.006105719535684173,137.20339965820312,0.009288960001499147,315.5886535644531,0.005698000279445559,28.239999771118164,-0.0023175501156951217,8.609999656677246,0.0032172066361018103,36.12013626098633,1427.5902173913043,63.15483870967741,17.7
2023-10-10,137.9834442138672,19554900,0.01285928392527036,0.006609064830320088,-0.04267245302189582,0.033046098241014565,5.33,307.8272258064516,3.8419354838709676,17.03,122.9282,4.66,63.07419354838709,85.89,65.9239273071289,420.1119384765625,0.005766572202216658,0.005204839039914644,70.83870967741936,47.806451612903224,24.419354838709676,-0.0026010474921378535,136.84652709960938,0.010930926935138752,319.038330078125,0.012747897070443548,28.600000381469727,0.024390249305540124,8.819999694824219,0.009353365839810612,36.45798110961914,1427.7451195652175,63.07419354838709,17.03
2023-10-11,140.46157836914062,20146300,-0.017078223499748524,-0.10606906463566057,-0.07064198955166001,0.013902549512291307,5.33,307.8418064516129,3.835483870967742,16.09,122.7697,4.58,62.99354838709677,83.7,66.52483367919922,421.83282470703125,0.009115148271898077,0.004096256432771561,70.70967741935483,47.45161290322581,24.35483870967742,0.018036045329956174,139.314697265625,0.01858067648672579,324.9662780761719,-0.004895150179360819,28.459999084472656,0.03287981540670648,9.109999656677246,0.014561943138192257,36.9888801574707,1427.9000217391306,62.99354838709677,16.09
2023-10-12,139.06390380859375,18173100,-0.00933792803180089,-0.12010823933922721,-0.044407908452469114,0.02815609744108105,5.33,307.8563870967742,3.829032258064516,16.69,123.2101,4.7,62.912903225806446,82.87,65.73979949951172,419.2611083984375,-0.011800618449843037,-0.006096529615446267,70.58064516129032,47.096774193548384,24.29032258064516,-0.01124179200992581,137.74855041503906,-0.011164676322804268,321.338134765625,-0.024244506286208445,27.770000457763672,0.0,9.109999656677246,-0.02426938704034165,36.091182708740234,1428.0549239130437,62.912903225806446,16.69
2023-10-13,137.36886596679688,19438700,-0.013277710920593488,-0.1095396155291034,-0.035647455858892396,0.03968839689307746,5.33,307.8709677419355,3.8225806451612905,19.32,123.5954,4.63,62.832258064516125,87.67,65.00320434570312,417.1728820800781,-0.01120470642466842,-0.00498072985194431,70.45161290322581,46.74193548387097,24.225806451612904,-0.011585281355646071,136.15269470214844,-0.029213908058115745,311.9505920410156,-0.04141158082727969,26.6200008392334,-0.04720080874934973,8.680000305175781,-0.049478564143845216,34.305442810058594,1428.2098260869566,62.832258064516125,19.32
2023-10-16,139.26217651367188,17345600,-0.018435388266891173,-0.10491864188162059,-0.0360169069035573,0.017082980613116305,5.33,307.91470967741935,3.803225806451613,17.21,123.3185,4.71,62.59032258064516,86.65,66.04991912841797,421.5621032714844,0.016102510533913872,0.010521348294551203,70.06451612903226,45.67741935483871,24.032258064516128,0.012667514148702486,137.87741088867188,0.02052798489375407,318.35430908203125,0.03343348465777396,27.510000228881836,0.11981565959541363,9.720000267028809,0.023916803421696553,35.125919342041016,1428.6745326086957,62.59032258064516,17.21
2023-10-17,139.7578125,17424000,-0.006170866174744272,-0.11128456209122928,-0.03269740220945838,0.028370699172675984,5.33,307.9292903225807,3.796774193548387,17.88,123.1202,4.83,62.50967741935484,86.66,66.28254699707031,421.542724609375,0.003522000809721648,-4.5968700599474666e-05,69.93548387096774,45.32258064516129,23.967741935483872,0.004457314539924706,138.49197387695312,0.008874470203417806,321.1795349121094,0.017811696366462737,28.0,-0.0030864903108359654,9.6899995803833,0.001099255662084353,35.16453170776367,1428.8294347826088,62.50967741935484,17.88
2023-10-18,138.062744140625,18304900,-0.09053705316487037,-0.08407524027196933,-0.004164419412737264,0.062392242332074854,5.33,307.943870967742,3.7903225806451615,19.22,123.8148,4.91,62.42903225806452,88.35,65.13890075683594,415.9256896972656,-0.017254108238853982,-0.013324948063839659,69.80645161290323,44.96774193548387,23.903225806451612,-0.012596777729911524,136.74742126464844,-0.02169746126410299,314.21075439453125,-0.04178571701049805,26.829999923706055,-0.00928784342733835,9.600000381469727,-0.025528383016544143,34.26683807373047,1428.984336956522,62.42903225806452,19.22
2023-10-19,137.7653350830078,21831200,-0.1118144263738221,-0.07483068506053381,-0.01467804105381254,0.06281490939503387,5.33,307.9584516129033,3.7838709677419358,21.4,123.798,4.98,62.34838709677419,89.35,65.07105255126953,412.27117919921875,-0.0010415927315028384,-0.00878645053328353,69.6774193548387,44.61290322580645,23.838709677419356,-0.0015221138334940987,136.53927612304688,-0.013124246192086297,310.08697509765625,-0.010436104638155808,26.549999237060547,0.005208253653516293,9.649999618530273,0.01971824965050062,34.94252014160156,1429.1392391304348,62.34838709677419,21.4
2023-10-20,135.544921875,24970300,-0.09755724145881062,-0.04658467250969034,0.008629672257525423,0.08731900405625437,5.33,307.97303225806456,3.7774193548387096,21.71,123.612,4.93,62.26774193548387,89.12,64.47014617919922,407.20513916015625,-0.009234618905186065,-0.012288125618925339,69.54838709677419,44.25806451612903,23.774193548387096,-0.01560787721560375,134.40818786621094,-0.013298881106355465,305.9631652832031,-0.022222228607988948,25.959999084472656,-0.021761662844392515,9.4399995803833,-0.01878444606599239,34.2861442565918,1429.294141304348,62.26774193548387,21.71
2023-10-23,136.69482421875,20780700,-0.0881075505177692,-0.04677302903008029,0.005221002961232513,0.09028276376937394,5.33,308.01677419354843,3.7580645161290325,20.37,123.2846,4.86,62.0258064516129,85.49,64.80938720703125,406.4993896484375,0.0052619863291312186,-0.0017331547268149006,69.16129032258064,43.193548387096776,23.580645161290324,0.006637055369341782,135.30026245117188,0.017365894256229586,311.2764892578125,0.02619415751761367,26.639999389648438,0.005296630609896047,9.489999771118164,-0.005912277463485105,34.08343505859375,1429.758847826087,62.0258064516129,20.37
2023-10-24,138.8953857421875,26535200,-0.10576636600690259,-0.05509561613280001,-0.000713528634744498,0.09648873602494579,5.33,308.0313548387097,3.7516129032258068,18.97,123.6416,4.83,61.94516129032258,84.58,65.57501983642578,409.56414794921875,0.011813606984876213,0.0075393921339754755,69.03225806451613,42.83870967741935,23.516129032258064,0.016923013073813387,137.58995056152344,-0.0046496497811548965,309.82916259765625,0.005630688037372655,26.790000915527344,0.023182325851930585,9.710000038146973,0.044463381701684845,35.598899841308594,1429.9137500000002,61.94516129032258,18.97
2023-10-25,125.56295013427734,58796100,0.0071050864858075435,0.05202491683723931,0.09118182171150968,0.2140994411946151,5.33,308.045935483871,3.7451612903225806,20.19,123.7871,4.95,61.86451612903225,86.07,62.73532485961914,403.68603515625,-0.04330452333663248,-0.014352117543495413,68.90322580645162,42.483870967741936,23.451612903225808,-0.09509398536890212,124.50597381591797,-0.04165710414458257,296.9225769042969,-0.045912706515514046,25.559999465942383,-0.05355308503818579,9.1899995803833,-0.05260308627118748,33.726287841796875,1430.068652173913,61.86451612903225,20.19
2023-10-26,122.3611831665039,33907400,0.04163965550835891,0.06683418417053111,0.11835716456880085,0.2543743112115662,5.33,308.0605161290323,3.738709677419355,20.68,124.0064,4.86,61.78387096774193,83.8,61.36875915527344,398.8520202636719,-0.021783033839445687,-0.011974689416013762,68.7741935483871,42.12903225806451,23.387096774193548,-0.02651053691386618,121.20525360107422,-0.03732522717627795,285.8398742675781,-0.05712046615720956,24.100000381469727,0.011969599061393499,9.300000190734863,-0.0005725503396393217,33.70697784423828,1430.2235543478262,61.78387096774193,20.68
2023-10-27,122.321533203125,37367700,0.056482883226320224,0.08638571819196095,0.12333866901915846,0.24027538825097938,5.33,308.0750967741936,3.732258064516129,21.27,123.62,4.84,61.70322580645161,86.04,61.14585494995117,397.04412841796875,-0.003632209749561355,-0.004532738343679399,68.64516129032258,41.774193548387096,23.322580645161292,-0.0008995623044933954,121.09622192382812,0.029062069838778015,294.14697265625,0.010788391069144865,24.360000610351562,0.0,9.300000190734863,-0.026918491702544234,32.79963684082031,1430.3784565217393,61.70322580645161,21.27
2023-10-30,124.6509780883789,24165600,0.04532828571084058,0.06274348916007111,0.08469185781368416,0.12763414791042837,5.33,308.11883870967745,3.7129032258064516,19.75,123.4076,4.88,61.461290322580645,83.03,62.405792236328125,401.79107666015625,0.02060544066982506,0.011955719534505693,68.25806451612904,40.70967741935484,23.129032258064516,0.01874432502763934,123.3660888671875,0.01998431723750982,300.0252990722656,0.03037765815176985,25.100000381469727,0.043010710787809936,9.699999809265137,0.0017655963531091334,32.857547760009766,1430.8431630434784,61.461290322580645,19.75
2023-10-31,124.20492553710938,21123400,0.05666388284663171,0.08084589307919732,0.06879475334691088,0.13894640397037117,5.33,308.13341935483874,3.706451612903226,18.14,123.8364,4.88,61.38064516129032,81.64,62.72563171386719,404.314453125,0.005125156913766027,0.006280319826460712,68.12903225806451,40.354838709677416,23.06451612903226,-0.0030531532779545234,122.98943328857422,-0.004592508220487956,298.6474304199219,0.19043819548408236,29.8799991607666,0.03195880677446983,10.010000228881836,0.016451326066137195,33.39809799194336,1430.9980652173915,61.38064516129032,18.14
2023-11-01,126.45508575439453,26536600,0.044602922727930094,0.06906016698561612,0.04507327755320878,0.1251861192716306,5.33,308.148,3.7,16.87,123.7922,4.77,61.3,81.05,63.6463623046875,408.6263427734375,0.014678697777335659,0.01066469332251252,68.0,40.0,23.0,0.01910043447241705,125.33858489990234,0.03511784444004595,309.1352844238281,0.00133871876341507,29.920000076293945,-0.0019980476829525307,9.989999771118164,-0.15346824272130877,28.272550582885742,1431.1529673913044,61.3,16.87
2023-11-02,127.45626068115234,24091700,0.024187374711532428,0.07870568486778984,0.01594348407785562,0.12715825089113486,5.33,308.1677666666667,3.7033333333333336,15.66,122.8818,4.67,61.58,83.04,64.48954010009766,416.4573974609375,0.013247855256419916,0.0191643412765532,68.03333333333333,40.2,23.133333333333333,0.008224731119241824,126.36946105957031,-0.003142428560639954,308.1638488769531,0.026737942346945376,30.719999313354492,0.04404409851236357,10.430000305175781,-0.0037554580026835094,28.16637420654297,1431.3078695652175,61.58,15.66
2023-11-03,129.23060607910156,19529400,0.02830413577011548,0.05039521176414885,0.01549451150201242,0.1153641931045426,5.33,308.18753333333336,3.706666666666667,14.91,121.7564,4.57,61.86,81.19,65.47811889648438,420.2569885253906,0.015329288980077793,0.009123600847574131,68.06666666666666,40.4,23.266666666666666,0.012628371132715976,127.96530151367188,0.011998617932239997,311.86138916015625,0.007161498229835139,30.940000534057617,0.027804405883777195,10.720000267028809,0.008910164436377377,28.417341232299805,1431.4627717391306,61.86,14.91
2023-11-06,130.3011932373047,15360400,0.016660032725879903,0.0492200933107978,-0.00015246938931090526,0.11586116104620237,5.33,308.24683333333337,3.716666666666667,14.89,121.6484,4.67,62.699999999999996,81.54,65.30364990234375,421.2236633300781,-0.0026645388884254384,0.0023001992378031133,68.16666666666667,41.0,23.666666666666668,0.008907706275471439,129.1051788330078,0.003814239920368445,313.0509033203125,-0.000646427195166166,30.920000076293945,0.0009327681864219617,10.729999542236328,-0.03362764869901891,27.461732864379883,1431.9274782608697,62.699999999999996,14.89
2023-11-07,131.24285888671875,19223800,0.022885243477253958,0.046978932540507445,0.045695031770236705,0.11193375476623313,5.33,308.26660000000004,3.72,14.81,122.0777,4.58,62.98,77.96,65.65255737304688,422.4225158691406,0.005342847930014383,0.0028461186856993947,68.2,41.2,23.8,0.005527927605091465,129.81886291503906,0.009563024246708851,316.04461669921875,0.000970268000371366,30.950000762939453,0.0214352754634608,10.960000038146973,0.05412993058619775,28.94823455810547,1432.0823804347826,62.98,14.81
2023-11-08,132.09535217285156,15093600,0.023412957905399434,0.05072795994825463,0.025364095487571348,0.12727005576180472,5.33,308.2863666666667,3.7233333333333336,14.45,122.0926,4.49,63.26,75.85,65.3424301147461,422.7319030761719,-0.004723765085624887,0.000732411733296745,68.23333333333333,41.4,23.933333333333334,0.0066427208227171075,130.68121337890625,0.0030111576213167623,316.99627685546875,0.01357027676706446,31.3700008392334,0.024634991163285047,11.229999542236328,-0.005001643253055965,28.80344581604004,1432.2372826086958,63.26,14.45
2023-11-09,130.53909301757812,17976500,0.053230796924842894,0.049586032044381056,0.022856665275668986,0.12939458866792686,5.33,308.3061333333333,3.7266666666666666,15.29,122.1281,4.62,63.54,76.34,65.32305145263672,419.43511962890625,-0.0002965708816666801,-0.007798757139632295,68.26666666666667,41.6,24.066666666666666,-0.012135692204078175,129.09530639648438,0.002407740041862505,317.759521484375,-0.003506554268688067,31.260000228881836,0.0008904923677177656,11.239999771118164,-0.03183646230215531,27.886445999145508,1432.3921847826089,63.54,15.29
2023-11-10,132.88836669921875,20872900,0.02148301774308159,0.029762869831249983,-0.0031330907941833352,0.09182450006728704,5.33,308.3259,3.73,14.17,122.202675,4.61,63.82,76.97,66.36006164550781,425.9803466796875,0.01587510334882314,0.015604861740171172,68.3,41.8,24.2,0.018043258053115796,131.4246063232422,0.025643505439313152,325.9079895019531,-0.006078072062266737,31.06999969482422,0.007117431079635805,11.319999694824219,0.02803742600558423,28.668310165405273,1432.5470869565218,63.82,14.17
2023-11-13,132.47201538085938,16409900,0.0320264980788294,0.03726442075882486,0.002469220840283892,0.10101770554705625,5.33,308.3852,3.74,14.76,122.4264,4.63,64.66,78.86,66.21469116210938,425.5743408203125,-0.002190632133149628,-0.0009531093688702752,68.4,42.4,24.6,-0.0037709088413931946,130.92901611328125,0.0012776054878980148,326.3243713378906,0.013517865478573254,31.489999771118164,-0.0017667406915655715,11.300000190734863,-0.019528622261567485,28.108457565307617,1433.0117934782609,64.66,14.76
2023-11-14,134.2463836669922,22317300,0.023554635494934084,0.007162333224330908,-0.016466182941498708,0.06283687454755182,5.33,308.40496666666667,3.743333333333333,14.16,121.35,4.44,64.94,78.9,67.29048919677734,433.83074951171875,0.0162471200240768,0.019400626164377544,68.43333333333334,42.6,24.733333333333334,0.011583038131292911,132.44557189941406,0.021628735143196964,333.3823547363281,0.021594106153370873,32.16999816894531,0.07522118703080594,12.149999618530273,0.056662152156959245,29.701143264770508,1433.166695652174,64.94,14.16
2023-11-15,135.18809509277344,15840900,0.026690107675361396,-0.018037996150428337,-0.018624359980211502,0.03944857194164997,5.33,308.42473333333334,3.7466666666666666,14.18,121.0749,4.53,65.22,77.15,67.62000274658203,434.7491455078125,0.004896881472225445,0.0021169453689657836,68.46666666666667,42.8,24.866666666666667,0.007484026699222879,133.43679809570312,-0.010704419415369815,329.8136901855469,-0.015853228180333523,31.65999984741211,0.004115242164996147,12.199999809265137,0.039323904971971135,30.869108200073242,1433.321597826087,65.22,14.18
2023-11-16,137.48779296875,17615100,-0.0034605566900470786,-0.03878862203675748,-0.010886753085323608,0.025234506792151334,5.33,308.4445,3.75,14.32,121.1754,4.45,65.5,73.5,67.92044830322266,435.28094482421875,0.0044431461762373115,0.001223232574235622,68.5,43.0,25.0,0.017159116716299216,135.72645568847656,0.004448367705822021,331.28082275390625,-0.012318363598486148,31.270000457763672,-0.010655747251913206,12.069999694824219,-0.012507798451375951,30.483003616333008,1433.4765000000002,65.5,14.32
2023-11-17,135.7432098388672,25565300,0.00810571682969563,-0.04607856483095285,0.008470821993584288,0.0503869856196002,5.33,308.4642666666667,3.7533333333333334,13.8,120.8477,4.44,65.78,76.47,67.91075134277344,435.8223571777344,-0.00014276938229162983,0.0012438227768831744,68.53333333333333,43.2,25.133333333333333,-0.011830507784793887,134.12074279785156,0.0025435243809308616,332.1234436035156,0.007035475220144249,31.489999771118164,-0.01491295410542981,11.890000343322754,0.02691568128466537,31.30347442626953,1433.631402173913,65.78,13.8
2023-11-20,136.71463012695312,19569400,0.0050753761553081755,-0.04009562788164378,0.01261611678030472,0.0536542953861332,5.33,308.5235666666667,3.763333333333333,13.41,120.2533,4.42,66.62,78.1,68.6764144897461,439.1771545410156,0.011274549785321053,0.0076976256679579524,68.63333333333334,43.8,25.533333333333335,0.006946737996825103,135.0524444580078,0.014714572360009281,337.010498046875,0.02032395368843609,32.130001068115234,0.02186705363331054,12.149999618530273,0.00493387901415776,31.457921981811523,1434.0961086956522,66.62,13.41
2023-11-21,137.40850830078125,17648100,-0.016015073062198293,-0.051868563999216466,0.02294029096953265,0.048117288625554755,5.33,308.54333333333335,3.7666666666666666,13.35,120.2241,4.41,66.9,78.35,68.44381713867188,438.219970703125,-0.0033868592704260347,-0.002179493691767731,68.66666666666667,44.0,25.666666666666668,0.005284495848226989,135.76612854003906,-0.008794765266463611,334.04656982421875,-0.01742923606207858,31.56999969482422,-0.007407341706934245,12.0600004196167,-0.023013202380086972,30.73397445678711,1434.2510108695653,66.9,13.35
2023-11-22,138.79627990722656,17306400,-0.04356534020480962,-0.011212652205828122,0.01928287705802667,-0.00907031796848623,5.33,308.5631,3.77,12.85,120.6802,4.42,67.18,76.8,69.00594329833984,439.9118957519531,0.008212957476189109,0.00386090356884794,68.7,44.2,25.8,0.011097413237256104,137.2727813720703,0.013383563989089131,338.5173034667969,0.006018388846825484,31.760000228881836,0.02072968418751886,12.3100004196167,0.0072235909197369,30.955984115600586,1434.4059130434784,67.18,12.85
2023-11-24,137.0120086669922,8828600,-0.03545074465830489,-0.011430949618223996,0.03328028863089316,0.013601517013896114,5.33,308.6026333333333,3.7766666666666664,12.46,120.2105,4.47,67.74,74.83,68.7733383178711,440.1825866699219,-0.0033707963307321176,0.0006153298435043197,68.76666666666667,44.6,26.066666666666666,-0.012997441506288898,135.48858642578125,-0.009546420182582227,335.2856750488281,-0.002833757932597436,31.670000076293945,0.017059303898343092,12.520000457763672,-0.001247392844210382,30.917369842529297,1434.7157173913045,67.74,12.46
2023-11-27,136.843505859375,17886400,-0.053748610642788464,-0.02426658442028795,0.024556275434380437,-0.004491325772375543,5.33,308.6619333333333,3.7866666666666666,12.69,120.173,4.39,68.58,74.46,68.34688568115234,439.3898620605469,-0.006200842465254208,-0.0018008995207469125,68.86666666666666,45.2,26.466666666666665,-0.002048453833488395,135.21104431152344,-0.010436765886862043,331.786376953125,0.012946061060089553,32.08000183105469,0.012779540060870564,12.680000305175781,-0.011863767694291871,30.550573348999023,1435.1804239130436,68.58,12.69
2023-11-28,137.40850830078125,17046900,-0.04494290190427663,-0.0359256714228795,0.01918912664277239,0.008368161343152325,5.33,308.6817,3.79,12.69,119.5904,4.34,68.86,76.09,68.51165771484375,439.82489013671875,0.0024108199232382166,0.0009900730848266814,68.9,45.4,26.6,0.005791433679738889,135.99411010742188,0.01281744919230876,336.0390319824219,0.005299194490093528,32.25,0.012618284192532636,12.84000015258789,0.027172121841516406,31.38069725036621,1435.3353260869567,68.86,12.69
2023-11-29,135.20790100097656,21014700,-0.03643703267751841,-0.017815400883761767,0.03321120620337359,0.012316689397397607,5.33,308.70146666666665,3.793333333333333,12.98,119.8159,4.27,69.14,77.56,68.01738739013672,439.5154724121094,-0.007214397391525185,-0.0007035020790051583,68.93333333333334,45.6,26.733333333333334,-0.016107808013679614,133.8035430908203,-0.020029920099548404,329.3081970214844,0.03193794664486438,33.279998779296875,0.010903379126535384,12.979999542236328,-0.0009227764033515884,31.35173988342285,1435.4902282608696,69.14,12.98
2023-11-30,132.74957275390625,29913500,0.03382634419157249,-0.005376398468208032,0.04211473818707301,0.002090834398099428,5.33,308.7212333333333,3.7966666666666664,12.92,120.2434,4.37,69.42,75.66,67.62000274658203,441.2460632324219,-0.0058423979338599885,0.003937496923179573,68.96666666666667,45.8,26.866666666666667,-0.01822350660267269,131.36517333984375,-0.015201879457918288,324.3020935058594,0.023738009149771866,34.06999969482422,0.06548539379403406,13.829999923706055,-0.003078782632787158,31.25521469116211,1435.6451304347827,69.42,12.92
2023-12-01,132.1548309326172,24268000,0.02490261114925829,0.003900518872232528,0.052805372744792356,0.003450219197799198,5.33,308.741,3.8,12.63,119.9424,4.22,69.7,73.7,67.75570678710938,443.8564453125,0.002006862393009845,0.005915932849248184,69.0,46.0,27.0,-0.005055552535512264,130.7010498046875,-0.007121851489418574,321.9924621582031,0.02113299756831233,34.790000915527344,0.022415070233321233,14.140000343322754,0.03150109106549226,32.23978805541992,1435.8000326086958,69.7,12.63
2023-12-04,129.4883575439453,24117100,0.03115665303543458,0.050217949272396645,0.05672502332919205,0.014774192628482119,5.33,308.8336129032258,3.790322580645161,13.08,120.4727,4.28,70.60000000000001,72.73,67.07726287841797,441.52642822265625,-0.010013088798897729,-0.005249483508577346,69.58064516129032,46.87096774193548,27.096774193548388,-0.019642118309185608,128.13380432128906,-0.014777582778735976,317.23419189453125,-0.008335754754117075,34.5,0.011315406190047561,14.300000190734863,-0.016467081987068033,31.708892822265625,1436.264739130435,70.60000000000001,13.08
2023-12-05,131.23297119140625,19235100,0.00944156166094845,0.043130130815893564,0.037766828006423836,0.021527393109504134,5.33,308.8644838709677,3.7870967741935484,12.85,120.7913,4.18,70.9,71.95,66.76712799072266,441.439453125,-0.00462354715125235,-0.0001969872970150055,69.7741935483871,47.16129032258065,27.129032258064516,0.013305702483049187,129.83871459960938,-0.005405896799751453,315.5192565917969,-0.011304330134737306,34.11000061035156,0.020979034037302835,14.600000381469727,-0.016134110238615218,31.197298049926758,1436.419641304348,70.9,12.85
2023-12-06,130.2813262939453,16360600,0.01932580684944929,0.06261919343574229,0.069238451522742,0.03697805968224599,5.33,308.89535483870964,3.7838709677419353,12.97,120.5334,4.12,71.2,68.98,66.59266662597656,439.6605224609375,-0.0026129829153402895,-0.004029840675701335,69.96774193548387,47.45161290322581,27.161290322580644,-0.007405239795936325,128.87722778320312,-0.002639053248714718,314.68658447265625,-0.017296984521566916,33.52000045776367,0.011643840537820083,14.770000457763672,0.016398688486423785,31.708892822265625,1436.574543478261,71.2,12.97
2023-12-07,137.24000549316406,38419400,-0.03792004612770439,0.024196253547162483,0.0296857038694327,0.0035389626670014884,5.33,308.9262258064516,3.7806451612903227,13.06,120.6013,4.14,71.5,69.0,67.98828887939453,443.0152893066406,0.020957596746449703,0.007630357228630258,70.16129032258064,47.74193548387097,27.193548387096776,0.05314536961328176,135.72645568847656,0.028791900423307704,323.74700927734375,0.014916467576723935,34.02000045776367,-0.000677063545829415,14.760000228881836,-0.018569237669110894,31.12008285522461,1436.729445652174,71.5,13.06
2023-12-08,135.44583129882812,23016100,-0.020491793121177992,0.04449631378218055,0.05240048586290791,0.021808967374589594,5.33,308.95709677419353,3.7774193548387096,12.35,120.7607,4.23,71.8,70.87,68.3081283569336,444.9198913574219,0.004704331919669791,0.004299179050371249,70.35483870967742,48.03225806451613,27.225806451612904,-0.014167559212404202,133.8035430908203,0.018861498592360748,329.8533630371094,0.026161063423658204,34.90999984741211,0.022357718061570386,15.09000015258789,-0.004342700114477349,30.98493766784668,1436.8843478260872,71.8,12.35
2023-12-11,133.5227813720703,24502900,0.01848535446176003,0.060282046303609116,0.06659216467446782,0.04506288691143845,5.33,309.04970967741934,3.767741935483871,12.63,120.9279,4.23,72.7,70.95,67.7847671508789,446.6504821777344,-0.007661770548300528,0.003889668351380271,70.93548387096774,48.903225806451616,27.322580645161292,-0.012593641495691199,132.11846923828125,-0.022449273196846753,322.4483947753906,0.012890311226191775,35.36000061035156,0.0437375639985611,15.75,0.005607499302402008,31.1586856842041,1437.3490543478263,72.7,12.63
2023-12-12,132.47201538085938,26584000,0.03337347146625658,0.05836596716352105,0.07931777306850307,0.08006601482707398,5.33,309.08058064516126,3.764516129032258,12.07,120.6817,4.2,73.0,68.27,68.0658187866211,448.6903991699219,0.004146235910445828,0.004567143826289977,71.12903225806451,49.193548387096776,27.35483870967742,-0.005776971481025184,131.355224609375,0.027484033912963612,331.3105773925781,0.021776030669474977,36.130001068115234,0.0063492305695065365,15.850000381469727,-0.008054419270175806,30.9077205657959,1437.5039565217392,73.0,12.07
2023-12-13,132.7991180419922,25414500,0.04247256990392989,0.05456466603999499,0.0754650945413502,0.06120814332969893,5.33,309.1114516129032,3.761290322580645,12.19,121.1571,4.04,73.3,69.09,68.70549011230469,454.8779296875,0.009397834876399447,0.01379020038990153,71.3225806451613,49.483870967741936,27.387096774193548,0.00037741784395328715,131.40480041503906,0.0015558586030248733,331.8260498046875,0.010517499091726279,36.5099983215332,0.037854912746323244,16.450000762939453,0.04465962547425728,32.288047790527344,1437.6588586956523,73.3,12.19
2023-12-14,132.03585815429688,29619100,0.06456459198100295,0.05803317700403854,0.07274790011720644,0.1147148155655624,5.33,309.14232258064516,3.758064516129032,12.48,119.5683,3.92,73.60000000000001,71.21,69.00594329833984,456.3377990722656,0.004373059351502118,0.0032093651713736016,71.51612903225806,49.774193548387096,27.419354838709676,-0.004752114699169585,130.7803497314453,-0.004690122829586918,330.2697448730469,0.01369487874517672,37.0099983215332,0.02978721874725343,16.940000534057617,0.03228688446923833,33.330528259277344,1437.8137608695654,73.60000000000001,12.48
2023-12-15,132.67030334472656,58594000,0.06634769004176233,0.04273739312575131,0.08330828928628886,0.10520029429486821,5.33,309.1731935483871,3.7548387096774194,12.28,119.7382,3.91,73.9,71.05,68.83148956298828,455.58642578125,-0.0025280972480490327,-0.0016465287174175502,71.70967741935483,50.064516129032256,27.451612903225808,0.005002204572934099,131.43453979492188,0.005252498110610571,332.0044860839844,0.009727117716244349,37.369998931884766,-0.0011806645297006702,16.920000076293945,-0.006660907515029124,33.108516693115234,1437.9686630434783,73.9,12.28
2023-12-18,135.99099731445312,25699800,0.041038088234403025,0.023106814330656977,0.07857719427497223,0.09104164511407031,5.33,309.2658064516129,3.7451612903225806,12.56,119.9102,3.95,74.8,72.16,69.68063354492188,458.149169921875,0.012336562630342884,0.005625154735965587,72.29032258064517,50.935483870967744,27.548387096774192,0.024132851712633352,134.60643005371094,0.02896198526296656,341.6199951171875,0.008830662041392934,37.70000076293945,0.00591018800347598,17.020000457763672,-0.008163195705041426,32.8382453918457,1438.4333695652174,74.8,12.56
2023-12-19,136.89306640625,20661000,0.024185346718647915,-0.0004344906672564264,0.06958705775136709,0.07704551696586859,5.33,309.2966774193548,3.741935483870968,12.53,119.4632,3.93,75.10000000000001,73.23,70.38986206054688,460.93505859375,0.010178273065898136,0.0060807458678797666,72.48387096774194,51.225806451612904,27.580645161290324,0.006258865346712161,135.44891357421875,0.016656298205750097,347.31011962890625,0.009018571504171513,38.040000915527344,0.009400695834830275,17.18000030517578,0.01940023574787686,33.47531509399414,1438.5882717391305,75.10000000000001,12.53
2023-12-20,138.43943786621094,33507300,0.011599438186828737,-0.016254137243908007,0.06458514805902094,0.08671048203927212,5.33,309.3275483870968,3.738709677419355,13.67,119.5435,3.86,75.4,73.87,69.84579467773438,454.54779052734375,-0.00772934293214711,-0.013857197336850313,72.6774193548387,51.516129032258064,27.612903225806452,0.012367435038381114,137.1240692138672,-0.0030825985632816355,346.239501953125,-0.024185119913260777,37.119998931884766,-0.03376018122254165,16.600000381469727,-0.0144173117594244,32.99269104003906,1438.7431739130436,75.4,13.67
2023-12-21,140.56069946289062,18101500,-0.006135292330933462,-0.008956243664366537,0.06029645065571443,0.06593802765283518,5.33,309.3584193548387,3.735483870967742,13.65,119.3168,3.89,75.7,73.59,70.53560638427734,458.8577575683594,0.009876209580343742,0.009481878761340878,72.87096774193549,51.806451612903224,27.64516129032258,0.015035670478246166,139.18582153320312,0.013771094565846687,351.0075988769531,0.006465562644740297,37.36000061035156,0.037951755800551545,17.229999542236328,0.028086554075022363,33.919342041015625,1438.8980760869565,75.7,13.65
2023-12-22,141.47267150878906,18513500,-0.02214127449845782,-0.0011210635370363375,0.0765133953287005,0.06292041904953782,5.33,309.3892903225806,3.732258064516129,13.03,119.0625,3.9,76.0,73.29,70.54532623291016,459.7799377441406,0.00013780059647983123,0.0020097299447832118,73.06451612903226,52.096774193548384,27.677419354838708,0.007619866599164471,140.24639892578125,-0.0019768180975231475,350.313720703125,0.0005353441498106015,37.380001068115234,-0.010446912940104358,17.049999237060547,0.001707312574619646,33.97725296020508,1439.0529782608696,76.0,13.03
2023-12-26,141.57180786132812,11170100,-0.01722441676860975,0.006861894471359875,0.07680978222794654,0.06385662935638425,5.33,309.51277419354835,3.7193548387096773,12.99,118.8875,3.89,77.2,75.84,70.81735229492188,461.7213439941406,0.003856046552447756,0.004222468382429456,73.83870967741936,53.25806451612903,27.806451612903224,0.0002120509340033383,140.27613830566406,0.0040748039041456074,351.7411804199219,-0.005885532755930956,37.15999984741211,-0.01583569281505648,16.780000686645508,0.005113656968116942,34.1510009765625,1439.6725869565219,77.2,12.99
2023-12-27,140.20387268066406,17288400,-0.024038458922286954,0.015766181732817186,0.094739552616391,0.07649894687878778,5.33,309.5436451612903,3.7161290322580647,12.43,118.4729,3.79,77.5,74.31,70.82706451416016,462.55615234375,0.0001371446252018682,0.0018080349987459332,74.03225806451613,53.54838709677419,27.838709677419356,-0.008126061865498135,139.13624572753906,0.008454557167342447,354.7149963378906,0.0037674755173118246,37.29999923706055,0.010131112594604419,16.950000762939453,0.012153838936250105,34.56606674194336,1439.827489130435,77.5,12.43
2023-12-28,140.04525756835938,12192500,-0.027534194246549903,0.02095139183827066,0.08330970801282978,0.10772928237353518,5.33,309.57451612903225,3.7129032258064516,12.47,118.4104,3.84,77.8,72.02,71.02139282226562,462.7308654785156,0.002743701287614586,0.00037771227099758775,74.2258064516129,53.83870967741935,27.870967741935484,-0.0009974301505533134,138.99746704101562,0.001369490474349755,355.2007751464844,-0.0008042568340609346,37.27000045776367,0.005899614726846414,17.049999237060547,0.025691052496185085,35.454105377197266,1439.9823913043479,77.8,12.47
2023-12-29,139.6983184814453,14881000,-0.0028383655357367976,0.02235171899372923,0.006173166512092765,0.10600999271567013,5.33,309.60538709677417,3.709677419354839,12.45,118.4208,3.88,78.1,71.89,70.59390258789062,461.3913269042969,-0.0060191755946664705,-0.002894854599408525,74.41935483870968,54.12903225806452,27.903225806451612,-0.0038507737883916038,138.46221923828125,-0.012167912640873912,350.87872314453125,-0.006171170899151868,37.040000915527344,-0.007038060836033977,16.93000030517578,-0.0062619424125957,35.232093811035156,1440.137293478261,78.1,12.45
2024-01-02,138.3402862548828,20071900,0.02149616341628513,0.023860752421972053,0.02257091643762177,0.12044998885429048,5.33,309.73893548387093,3.706451612903226,13.2,119.2686,3.95,78.93225806451613,70.62,70.19554901123047,458.8091735839844,-0.005642889287275188,-0.005596449629076128,74.96774193548387,55.193548387096776,28.161290322580644,-0.010881217862393155,136.95558166503906,-0.021669055282348637,343.2755126953125,-0.022408256224063616,36.209999084472656,-0.04666278211972785,16.139999389648438,-0.0024657092847223394,35.14522171020508,1441.0187032967033,78.93225806451613,13.2
2024-01-03,139.13331604003906,18974300,0.02450845508470323,0.03298651571065081,0.0226559047956727,0.08250209662148644,5.33,309.77987096774194,3.7129032258064516,14.04,119.6958,3.91,78.86451612903225,72.97,69.93324279785156,455.062255859375,-0.003736792675229861,-0.008166614663216887,74.93548387096774,55.38709677419355,28.322580645161292,0.005428097154471567,137.69898986816406,-0.005255834313912744,341.4713134765625,-0.00966579627093056,35.86000061035156,-0.022304812285689146,15.779999732971191,-0.015105432921720507,34.61433792114258,1441.4354065934067,78.86451612903225,14.04
2024-01-04,136.83358764648438,18253300,0.04078505041412761,0.0719355594842992,0.04991309754775175,0.11518405410812305,5.33,309.8208064516129,3.7193548387096778,14.13,119.6208,3.99,78.79677419354839,72.38,69.70006561279297,453.59649658203125,-0.0033342824632430768,-0.0032210082433131726,74.90322580645162,55.58064516129032,28.483870967741936,-0.018211725506887544,135.19125366210938,0.007693131278971865,344.0982971191406,-0.0022309489596492593,35.779998779296875,0.02661603530263057,16.200000762939453,0.01408230448048986,35.10178756713867,1441.85210989011,78.79677419354839,14.13
2024-01-05,136.18922424316406,15439500,0.04985839686903426,0.07511481130543896,0.05837441599982607,0.13647310560085568,5.33,309.86174193548385,3.7258064516129035,13.35,119.388,4.05,78.72903225806452,74.0,69.99153137207031,454.21771240234375,0.004181714274080317,0.00136953399109907,74.87096774193549,55.774193548387096,28.64516129032258,-0.00483922268144521,134.5370330810547,0.013914523574435789,348.8862609863281,0.003912783522213026,35.91999816894531,0.02160484306406829,16.549999237060547,0.008662182071770719,35.405845642089844,1442.2688131868133,78.72903225806452,13.35
2024-01-08,139.3018035888672,17645300,0.025261786714246837,0.05799469684530534,0.043762801525596196,0.12531148393581404,5.33,309.98454838709677,3.7451612903225806,13.08,119.2506,4.01,78.52580645161291,71.06,71.0796890258789,460.70208740234375,0.015546990221202872,0.014275918404203836,74.7741935483871,56.354838709677416,29.129032258064516,0.02291307300120371,137.61968994140625,0.019065009199807026,355.53778076171875,0.04064596251656183,37.380001068115234,0.04592146609771208,17.309999465942383,0.03298791242297794,36.57381057739258,1443.518923076923,78.52580645161291,13.08
2024-01-09,141.31407165527344,19579700,0.002314829061891732,0.05464380862049767,0.032688133310312395,0.10592032811444008,5.33,310.0254838709677,3.7516129032258068,12.76,119.6666,4.02,78.45806451612903,72.43,70.9339599609375,460.00323486328125,-0.0020502209131549876,-0.0015169293957467689,74.74193548387096,56.54838709677419,29.29032258064516,0.015197397861680173,139.71115112304688,-0.003429279101191063,354.31854248046875,0.010968427921256296,37.790000915527344,-0.015020233212218681,17.049999237060547,0.03035095834674051,37.683860778808594,1443.9356263736265,78.45806451612903,12.76
2024-01-10,142.5432586669922,16641900,0.00827524710398464,0.06842812053247171,0.044645228418978666,0.11815014694839232,5.33,310.0664193548387,3.7580645161290325,12.69,119.7614,4.04,78.39032258064516,71.57,71.59461212158203,462.6047058105469,0.009313622995365645,0.0056553318544354525,74.70967741935483,56.74193548387097,29.451612903225808,0.009435775673293678,141.02943420410156,0.036482746800042376,367.24505615234375,-0.0007939294328467295,37.7599983215332,0.0187684232546641,17.3700008392334,-0.006659548247635927,37.43290328979492,1444.3523296703297,78.39032258064516,12.69
2024-01-11,142.4143524169922,17471100,0.029929819858362627,0.07043921490727745,0.03521971459725726,0.10802562489640555,5.33,310.1073548387097,3.764516129032258,12.44,119.8916,3.98,78.3225806451613,72.15,71.36144256591797,462.40087890625,-0.0032568031134534436,-0.000440607070651744,74.6774193548387,56.935483870967744,29.612903225806452,-0.0014054631293139996,140.8312225341797,-0.00215948530674126,366.4519958496094,-0.0013241323962674967,37.709999084472656,-0.016119785441407353,17.09000015258789,-0.029396775297109046,36.332496643066406,1444.7690329670331,78.3225806451613,12.44
2024-01-12,142.97940063476562,13998700,0.02405697236096449,0.07348837785094986,0.01476697966275986,0.08381867897904627,5.33,310.14829032258064,3.770967741935484,12.7,119.534,3.96,78.25483870967741,72.94,71.71119689941406,462.7211608886719,0.004901166805491908,0.0006926500295143523,74.64516129032258,57.12903225806452,29.774193548387096,0.004011586741015094,141.39617919921875,0.013038584018736366,371.2300109863281,-0.015380483437779757,37.130001068115234,-0.03861906620943867,16.43000030517578,-0.02019120262955587,35.598899841308594,1445.1857362637363,78.25483870967741,12.7
2024-01-16,142.82081604003906,19198900,0.0319263924153077,0.062256828461400016,0.021237929231119335,0.08273160892124443,5.33,310.3120322580645,3.796774193548387,13.84,120.5759,4.07,77.98387096774194,72.63,71.30314636230469,461.0224304199219,-0.005690192811615313,-0.0036711752397221575,74.51612903225806,57.903225806451616,30.419354838709676,-0.0011214541781506826,141.23760986328125,-0.018772218917971317,364.2611999511719,-0.009695680042969501,36.77000045776367,-0.054169222567962194,15.539999961853027,-0.005694147409172623,35.39619445800781,1446.8525494505495,77.98387096774194,13.84
2024-01-17,141.6411895751953,17884500,0.052208126669724075,-0.007628360899433639,0.007348266869713349,0.0979075144595849,5.33,310.35296774193546,3.803225806451613,14.79,121.0402,4.1,77.91612903225807,72.79,70.8659439086914,458.45977783203125,-0.006131601141298515,-0.0055586288622799795,74.48387096774194,58.096774193548384,30.580645161290324,-0.007158161256712869,140.2266082763672,0.0024764347449517388,365.16326904296875,-0.009790606632302912,36.40999984741211,-0.0025740001255609712,15.5,-0.022907025617260657,34.58537292480469,1447.2692527472527,77.91612903225807,14.79
2024-01-18,143.72283935546875,18876800,0.059659178980403516,-0.01572530900242275,-0.02227737068187563,0.08600597514391084,5.33,310.3939032258064,3.8096774193548386,14.13,120.8895,4.14,77.8483870967742,74.32,71.73063659667969,462.5367431640625,0.012201808658647284,0.00889274376764404,74.45161290322581,58.29032258064516,30.741935483870968,0.014207676674293568,142.21890258789062,0.021066016361808382,372.8558044433594,0.018676196320393856,37.09000015258789,0.045806392546623,16.209999084472656,0.015071007642768697,35.10660934448242,1447.6859560439561,77.8483870967742,14.13
2024-01-19,146.67678833007812,27181000,0.03933218969665897,-0.029938487049823048,-0.0389943001952644,0.052375577496642345,5.33,310.4348387096774,3.8161290322580643,13.3,120.6442,4.15,77.78064516129032,73.69,72.70219421386719,468.3028564453125,0.013544528018763824,0.012466281579720295,74.41935483870968,58.483870967741936,30.903225806451612,0.020211882291621297,145.09341430664062,0.019461456821102452,380.11212158203125,0.00026956919633502885,37.099998474121094,0.012955027987783474,16.420000076293945,-0.008523319656976613,34.8073844909668,1448.1026593406593,77.78064516129032,13.3
2024-01-22,146.41905212402344,21829200,0.04827017131285305,-0.018820476089389415,-0.0261998084770928,0.06932528974639629,5.33,310.5576451612903,3.835483870967742,13.19,120.6178,4.11,77.57741935483871,75.26,72.84794616699219,469.29296875,0.002004780663101391,0.0021142563857137198,74.3225806451613,59.064516129032256,31.387096774193548,-0.002664362285123678,144.7068328857422,-0.004355340132892183,378.45660400390625,0.0016172877563018773,37.15999984741211,0.01157128703865995,16.610000610351562,0.004437151784083104,34.961830139160156,1449.3527692307694,77.57741935483871,13.19
2024-01-23,147.3805694580078,14113600,0.029392053802501872,-0.0219932572936844,-0.022598719728560646,0.07559883889532926,5.33,310.5985806451613,3.8419354838709676,12.55,121.1001,4.14,77.50967741935484,74.72,73.56689453125,470.66162109375,0.009869164500667438,0.00291641348770999,74.29032258064517,59.25806451612903,31.548387096774192,0.007192381468163589,145.74761962890625,0.0089579563892912,381.8468017578125,-0.005382151877306396,36.959999084472656,-0.016857355590403023,16.329999923706055,0.00911082272035224,35.28036117553711,1449.7694725274725,77.50967741935484,12.55
2024-01-24,149.0360107421875,19245000,-0.05686753984550774,-0.024410006364141923,-0.033654803043321246,0.07149974240377821,5.33,310.63951612903224,3.8483870967741933,13.14,120.4916,4.18,77.44193548387098,75.48,74.02352905273438,471.1761779785156,0.006207065343643237,0.0010932628914375186,74.25806451612904,59.45161290322581,31.70967741935484,0.011289385069656488,147.3930206298828,0.01427828619965732,387.2989196777344,-0.011904725043508813,36.52000045776367,-0.0006123838902973855,16.31999969482422,0.010670230474340014,35.65681076049805,1450.186175824176,77.44193548387098,13.14
2024-01-25,152.29722595214844,21495100,-0.07114031518639852,-0.041785797766164756,-0.09691491321818935,0.02805283785082202,5.33,310.6804516129032,3.8548387096774195,13.45,120.8311,4.14,77.3741935483871,77.91,75.228271484375,473.73883056640625,0.016275128287687624,0.005438841579141762,74.2258064516129,59.645161290322584,31.870967741935484,0.021317972505755733,150.53514099121094,0.00634756364169875,389.75732421875,0.012869693724311349,36.9900016784668,-0.0018381605305046733,16.290000915527344,0.030048937550302357,36.7282600402832,1450.6028791208792,77.3741935483871,13.45
2024-01-26,152.44590759277344,19494500,-0.06664921709650828,-0.023213299975627266,-0.08901733062614758,0.12939730419155016,5.33,310.72138709677415,3.861290322580645,13.26,120.6173,4.15,77.30645161290323,78.45,75.47116088867188,473.1369934082031,0.00322869846009044,-0.0012703986234009479,74.19354838709677,59.83870967741935,32.03225806451613,0.0021073499683896824,150.8523712158203,0.0024416735674115397,390.708984375,0.01919435123697144,37.70000076293945,-0.002455550231996284,16.25,-0.002365473619750036,36.641380310058594,1451.0195824175826,77.30645161290323,13.26
2024-01-29,153.48672485351562,20909300,-0.06400129397769494,-0.0394599571762575,-0.11243856936330854,0.08434535525036213,5.33,310.84419354838707,3.8806451612903223,13.6,120.8538,4.08,77.10322580645162,77.25,76.1026840209961,476.8839416503906,0.008367741066760415,0.007919372812505543,74.09677419354838,60.41935483870968,32.516129032258064,0.008673349813443032,152.1607666015625,0.017455622041261165,397.529052734375,0.038991972845022316,39.16999816894531,0.03938457782451921,16.889999389648438,0.011064287512396742,37.046791076660156,1452.2696923076924,77.10322580645162,13.6
2024-01-30,151.71238708496094,26578900,-0.04991811516940747,-0.04364582665962491,-0.08670367970303205,0.0757267976468583,5.33,310.885129032258,3.8870967741935485,13.31,120.6025,4.06,77.03548387096775,78.3,75.58776092529297,476.51507568359375,-0.0067661620917478515,-0.0007734921111419713,74.06451612903226,60.61290322580645,32.67741935483871,-0.013354281304226778,150.12876892089844,-0.002393785094569223,396.57745361328125,-0.01353073280756667,38.63999938964844,-0.02486679049564411,16.469999313354492,-0.016935839780781614,36.41937255859375,1452.6863956043956,77.03548387096775,13.31
2024-01-31,140.56069946289062,43908600,0.03441460754733128,0.03765871243643737,-0.02623410921617153,0.1676306852981604,5.33,310.92606451612903,3.893548387096774,14.35,120.4331,3.99,76.96774193548387,76.28,73.72235107421875,468.7396545410156,-0.024678728781474257,-0.016317261592246002,74.03225806451613,60.806451612903224,32.83870967741935,-0.07500326003911639,138.86862182617188,-0.02479644172204032,386.7437438964844,-0.030279456196336096,37.470001220703125,-0.035215482344401416,15.890000343322754,0.017227603717141937,37.046791076660156,1453.103098901099,76.96774193548387,14.35
2024-02-01,141.46275329589844,25526900,0.0316027467874489,0.008618901524479305,-0.059631408073194114,0.1804361452169223,5.33,310.967,3.9,13.88,120.3335,3.87,76.9,74.36,74.48017883300781,474.87457275390625,0.010279484413432849,0.013088114379607774,74.0,61.0,33.0,0.007566069882804838,139.9193115234375,0.011893170730206126,391.3433532714844,0.002935698072269677,37.58000183105469,-0.0012586820221232031,15.869999885559082,-0.003387188550098008,36.92130661010742,1453.5198021978022,76.9,13.88
2024-02-02,142.28550720214844,42136100,0.04653761256379885,-0.01240066433432574,-0.06799507079115608,0.17730256113172338,5.33,311.0145172413793,3.9,13.85,120.902,4.03,76.98620689655174,72.72,77.47258758544922,479.873779296875,0.040177249831135464,0.01052742519772587,73.86206896551724,60.93103448275862,32.89655172413793,0.008642763730142278,141.12860107421875,0.20317643982679034,470.8551025390625,0.0577434290370924,39.75,0.07435408695719059,17.049999237060547,-0.021699404021139568,36.12013626098633,1453.9365054945056,76.98620689655174,13.85
2024-02-05,143.6633758544922,29254400,0.026219413171766348,-0.018836716206469095,-0.08535183236586497,0.17180699604243088,5.33,311.1570689655172,3.9,13.67,121.349,4.17,77.2448275862069,73.21,76.38442993164062,478.12646484375,-0.014045712008888267,-0.003641195932157837,73.44827586206897,60.724137931034484,32.58620689655172,0.009130172286659244,142.41712951660156,-0.03280067768575756,455.4107360839844,-0.0020126246806210224,39.66999816894531,-0.017595263958045004,16.75,-0.05237827840151266,34.22822570800781,1455.1866153846154,77.2448275862069,13.67
2024-02-06,144.13919067382812,21517700,0.006601839914988972,-0.010797130645566644,-0.0699401437980095,0.18960152254225093,5.33,311.2045862068965,3.9,13.06,120.9588,4.09,77.33103448275862,73.83,76.15126037597656,479.5146179199219,-0.0030525796405462824,0.0029033178002926263,73.3103448275862,60.6551724137931,32.48275862068966,0.002923463769931134,142.83348083496094,-0.010208606250032282,450.7616271972656,0.03478702122037247,41.04999923706055,0.041791090324743374,17.450000762939453,0.01635657131546675,34.788082122802734,1455.6033186813188,77.33103448275862,13.06
2024-02-07,145.39804077148438,21436100,0.0031361746686835446,-0.009271675800724632,-0.07083426821786487,0.16689404737592506,5.33,311.2521034482759,3.9,12.83,120.9049,4.09,77.41724137931035,74.26,76.53988647460938,483.51397705078125,0.005103344274462129,0.008340432139916976,73.17241379310344,60.58620689655172,32.37931034482759,0.009992911881385291,144.26080322265625,0.03270133956356558,465.50213623046875,-0.005359254813511516,40.83000183105469,-0.34613184248995443,11.40999984741211,-0.03385135589315491,33.61045837402344,1456.020021978022,77.41724137931035,12.83
2024-02-08,145.93336486816406,18241300,-0.022279744150104586,-0.01310962517444525,-0.056242601728230035,0.16546657954729493,5.33,311.29962068965517,3.9,12.79,121.0798,4.15,77.50344827586207,76.67,76.83134460449219,483.7275390625,0.0038079247736995114,0.00044168735932181846,73.03448275862068,60.51724137931034,32.275862068965516,0.0025422359152620366,144.62754821777344,0.000873172411921308,465.9085998535156,-0.002694112305130947,40.720001220703125,-0.027169103425772057,11.100000381469727,0.006030907592744272,33.81315994262695,1456.4367252747254,77.50344827586207,12.79
2024-02-09,148.90713500976562,21877700,-0.05631739957605353,-0.07635484688759187,-0.07056324060246066,0.13360402296271112,5.33,311.34713793103447,3.9,12.93,121.039,4.17,77.5896551724138,77.26,76.91879272460938,486.523193359375,0.0011381828675178784,0.005779398672015157,72.89655172413794,60.44827586206897,32.172413793103445,0.021177718266471635,147.6904296875,-0.00402138142973818,464.0350036621094,-0.09454818696962408,36.869998931884766,0.0009008355733224338,11.109999656677246,0.011133226992084966,34.18960952758789,1456.8534285714286,77.5896551724138,12.93
2024-02-12,147.43014526367188,17236100,-0.04390496691051593,-0.058024533682633606,-0.05351986786976004,0.14906206614750483,5.33,311.4896896551724,3.9,13.93,120.9378,4.17,77.84827586206897,77.34,77.16168212890625,486.30963134765625,0.0031577381247582803,-0.00043895545913064105,72.48275862068965,60.241379310344826,31.862068965517242,-0.009866061096968304,146.23330688476562,0.0016878104427877627,464.8182067871094,-0.03688637509494064,35.5099983215332,0.04770483375550527,11.640000343322754,0.044325302442895786,35.705074310302734,1458.1035384615384,77.84827586206897,13.93
2024-02-13,145.0907745361328,18138500,-0.017284858690527538,-0.0610781593091525,-0.013868923189985893,0.17462591241739522,5.33,311.5372068965517,3.9,15.85,121.5202,4.31,77.93448275862069,78.28,76.07353973388672,479.6116638183594,-0.014102108261477286,-0.013773051359759259,72.34482758620689,60.172413793103445,31.75862068965517,-0.016200057890889186,143.86431884765625,-0.018724702768921797,456.1146240234375,0.005632238028526526,35.709999084472656,-0.04295532519351031,11.140000343322754,-0.03703704890804582,34.38266372680664,1458.5202417582418,77.93448275862069,15.85
2024-02-14,145.85403442382812,16651800,-0.012369058940084887,-0.0500203479765533,-0.03377711799420213,0.18173170172900255,5.33,311.58472413793106,3.9,14.38,121.4002,4.27,78.02068965517242,77.09,77.2879867553711,483.97021484375,0.01596411874263559,0.009087666865085442,72.20689655172414,60.10344827586207,31.655172413793103,0.005511814865301057,144.6572723388672,0.028601233082054867,469.1600646972656,0.003080386815226488,35.81999969482422,0.023339251992336107,11.399999618530273,0.020494032702448095,35.087303161621094,1458.936945054945,78.02068965517242,14.38
2024-02-15,142.6820068359375,26724300,0.009379082534899608,-0.04071145509564522,0.031540910689215274,0.21877168261822932,5.33,311.63224137931036,3.9,14.01,121.2121,4.24,78.10689655172415,78.47,77.91950988769531,487.3094482421875,0.008171038719420709,0.006899667161367695,72.06896551724138,60.03448275862069,31.551724137931036,-0.02172124200404224,141.51513671875,0.022713788725318818,479.81646728515625,0.021217256915283755,36.58000183105469,0.017543927160695638,11.600000381469727,0.03576360583896854,36.3421516418457,1459.3536483516484,78.10689655172415,14.01
2024-02-16,140.5210723876953,21865100,-0.021233248660658344,-0.05332966887746571,0.04345388068373879,0.25063466500687515,5.33,311.67975862068965,3.9,14.24,121.1505,4.3,78.19310344827586,79.65,76.70503234863281,484.88262939453125,-0.015586308753904099,-0.004980036517679309,71.93103448275862,59.96551724137931,31.448275862068964,-0.015759403152958873,139.28494262695312,-0.022126774496830204,469.1996765136719,-0.03553862730138446,35.279998779296875,-0.03706899060647273,11.170000076293945,-0.0015935967263983608,36.284236907958984,1459.7703516483516,78.19310344827586,14.24
2024-02-20,140.9572296142578,18625600,-0.01476795327185454,-0.05921253964564832,0.05260185544719498,0.25499295122320076,5.33,311.8698275862069,3.9,15.42,121.0199,4.27,78.53793103448277,78.72,76.58846282958984,482.21319580078125,-0.001519711490546638,-0.005505319085328586,71.37931034482759,59.689655172413794,31.03448275862069,0.004269855386255683,139.87966918945312,-0.0033169352187208956,467.64337158203125,-0.004818542370388923,35.11000061035156,-0.01969563702114152,10.949999809265137,-0.038308103865819954,34.894256591796875,1461.4371648351648,78.53793103448277,15.42
2024-02-21,142.58290100097656,16440800,-0.04456357572782499,-0.07842074639409014,0.03406553269352175,0.248192349721162,5.33,311.91734482758625,3.9,15.34,121.0379,4.32,78.62413793103448,78.89,76.50101470947266,482.6500244140625,-0.0011417923390336648,0.0009058827445729278,71.24137931034483,59.62068965517241,30.93103448275862,0.010133243098130462,141.29710388183594,-0.006832797585027861,464.44805908203125,0.009398974953595651,35.439998626708984,-0.019178086009580153,10.739999771118164,0.001659830420276176,34.95217514038086,1461.8538681318682,78.62413793103448,15.34
2024-02-22,144.04995727539062,23024700,-0.03812283259985905,-0.06936400755132854,0.044384816923077164,0.2248830512248452,5.33,311.96486206896554,3.9,14.54,121.102,4.33,78.71034482758621,79.64,77.6474609375,492.63873291015625,0.014986026425678034,0.02069555162297987,71.10344827586206,59.55172413793103,30.82758620689655,0.0108030769174281,142.82354736328125,0.03867255963814786,482.4094543457031,0.01551927407083209,35.9900016784668,-0.0009311200274629838,10.729999542236328,-0.002485565352611574,34.865299224853516,1462.2705714285714,78.71034482758621,14.54
2024-02-23,144.02023315429688,14519400,-0.04962509972442686,-0.06194515871678896,0.04033295509566659,0.20490034973740556,5.33,312.01237931034484,3.9,13.75,121.0369,4.26,78.79655172413794,77.6,77.4531478881836,492.9784240722656,-0.002502503584409732,0.0006895340122825555,70.96551724137932,59.48275862068966,30.724137931034484,-0.0009022354927583631,142.69468688964844,-0.004319822758594549,480.3255310058594,-0.0036121439858952664,35.86000061035156,0.006523825860662136,10.800000190734863,0.020487259523777945,35.579593658447266,1462.6872747252746,78.79655172413794,13.75
2024-02-26,137.537353515625,33513000,-0.03279271611227774,0.0013693678741393267,0.09333346498554196,0.27084694232568207,5.33,312.1549310344828,3.9,13.74,121.0592,4.28,79.05517241379312,78.53,76.32612609863281,491.1728820800781,-0.014551013358137799,-0.00366251727057898,70.55172413793103,59.275862068965516,30.413793103448278,-0.04438729938142394,136.36085510253906,-0.00473108504713704,478.0530700683594,-0.01310655919418613,35.38999938964844,-0.00740740021233377,10.720000267028809,-0.006511220087708991,35.34792709350586,1463.9373846153846,79.05517241379312,13.74
2024-02-27,138.87557983398438,22364000,-0.04511078026886117,-0.0034261950150252796,0.08451108901426707,0.2706636927488779,5.33,312.2024482758621,3.9,13.43,120.9647,4.31,79.14137931034483,79.8,76.94792938232422,492.0853576660156,0.008146663737235604,0.0018577482984671878,70.41379310344827,59.206896551724135,30.310344827586206,0.009522360151490217,137.65933227539062,0.011022580947667393,483.32244873046875,0.01949710238220792,36.08000183105469,0.016790983863599562,10.899999618530273,0.01911539806784779,36.023616790771484,1464.3540879120878,79.14137931034483,13.43
2024-02-28,136.22889709472656,30628700,-0.03543634071943258,0.024303259771029984,0.10790973506974821,0.2908389288093265,5.33,312.2499655172414,3.9,13.84,121.128,4.27,79.22758620689656,79.44,76.42330169677734,491.43505859375,-0.006817957153079535,-0.0013215168103152264,70.27586206896552,59.13793103448276,30.20689655172414,-0.018001046816089605,135.1813201904297,-0.006221179970841373,480.31561279296875,0.001108567039917796,36.119998931884766,0.009174347244904846,11.0,-0.037781513494910435,34.66259002685547,1464.7707912087913,79.22758620689656,13.84
2024-02-29,138.55836486816406,35485000,-0.03247938095454672,0.03262276416622267,0.11961650827520454,0.24166546538259026,5.33,312.29748275862073,3.9,13.4,121.1824,4.25,79.31379310344828,79.22,77.10338592529297,493.20172119140625,0.008898911894882122,0.0035949055053410284,70.13793103448276,59.06896551724138,30.103448275862068,0.015251641703472929,137.24305725097656,0.012623433967965614,486.37884521484375,0.016057636993524138,36.70000076293945,0.0018182234330610392,11.020000457763672,0.003620390047311517,34.788082122802734,1465.1874945054944,79.31379310344828,13.4
2024-03-01,136.8732147216797,28551500,-0.01296336739195214,0.029620775545664113,0.12883836709931407,0.25984961410228147,5.33,312.345,3.9,13.11,121.0111,4.19,79.4,80.9,77.74462890625,497.83203125,0.008316664349583114,0.009388268247338072,70.0,59.0,30.0,-0.009533640021787027,135.93463134765625,0.024830116236622457,498.4556884765625,-0.008174365962506869,36.400001525878906,0.020871100969355405,11.25,-0.003607330105300899,34.66259002685547,1465.6041978021979,79.4,13.11
2024-03-04,133.02713012695312,43571500,0.035320333661158276,0.10640834790651965,0.16520120402850824,0.29970202106751653,5.33,312.41061290322585,3.9,13.49,120.872,4.22,79.18709677419355,79.67,76.72447967529297,497.2980651855469,-0.013121796904930871,-0.0010725827808073518,69.90322580645162,60.25806451612903,29.903225806451612,-0.02763584271040198,132.17796325683594,-0.008182315545401608,494.3771667480469,0.0,36.400001525878906,-0.019555579291449687,11.029999732971191,-0.023670155690968753,33.84212112426758,1466.8543076923077,79.18709677419355,13.49
2024-03-05,132.6107940673828,28447600,0.04365384422872931,0.10569625445630271,0.13574545256634596,0.3090897124205523,5.33,312.43248387096776,3.9,14.46,120.8846,4.13,79.11612903225807,79.11,76.1026840209961,492.32806396484375,-0.00810426681195342,-0.009994008761825324,69.87096774193549,60.67741935483871,29.870967741935484,-0.005099617139100343,131.50390625,-0.015997900214639094,486.4681701660156,-0.01950557333535108,35.689998626708984,0.03626478530265942,11.430000305175781,-0.01369079375335136,33.3787956237793,1467.271010989011,79.11612903225807,14.46
2024-03-06,131.4014434814453,23175200,0.06193432638237706,0.1291492505682792,0.1612858349711579,0.3357728160807756,5.33,312.4543548387097,3.9,14.5,120.4649,4.11,79.04516129032258,80.08,76.20954895019531,494.8227844238281,0.0014042202397188674,0.00506719125229993,69.83870967741936,61.096774193548384,29.838709677419356,-0.009572604151195652,130.2450714111328,0.01197421249616304,492.2932434082031,-0.029980379265788892,34.619998931884766,-0.023622086662710706,11.15999984741211,-0.021399760984250227,32.66449737548828,1467.6877142857143,79.04516129032258,14.5
2024-03-07,134.05807495117188,24107300,0.06728760487295737,0.09982232349871323,0.15453985656122549,0.3187665540205995,5.33,312.4762258064516,3.9,14.44,120.1909,4.09,78.9741935483871,79.81,77.44343566894531,499.7346496582031,0.016190710163582978,0.009926513873233178,69.80645161290323,61.516129032258064,29.806451612903224,0.022678991782904445,133.1988983154297,0.03245371700586408,508.2699890136719,0.02599657867262417,35.52000045776367,0.0618280056892313,11.850000381469727,0.007978813477177216,32.92512130737305,1468.1044175824175,78.9741935483871,14.44
2024-03-08,135.098876953125,26495200,0.043143427032790393,0.11358133871856735,0.16031992897996794,0.29099723961580515,5.33,312.4980967741936,3.9,14.74,119.975,4.09,78.90322580645162,78.96,77.32685089111328,496.735107421875,-0.0015054184621974276,-0.006002269881385414,69.7741935483871,61.935483870967744,29.774193548387096,0.007664855567837359,134.2198486328125,-0.012182834562924683,502.07781982421875,-0.01745492465919296,34.900001525878906,0.04556961556705463,12.390000343322754,-0.006156556916174227,32.722415924072266,1468.5211208791209,78.90322580645162,14.74
2024-03-11,137.72569274902344,22536400,0.0686628205146671,0.08787976854840651,0.1347345682042005,0.27271509577175523,5.33,312.56370967741935,3.9,15.22,120.0394,4.1,78.69032258064517,78.87,77.18110656738281,496.3079833984375,-0.0018847828671531008,-0.0008598627660008074,69.6774193548387,63.193548387096776,29.677419354838708,0.016690100943222097,136.45999145507812,-0.04419403107909847,479.88897705078125,-0.01604588391996964,34.34000015258789,-0.04196936588818678,11.869999885559082,0.005899637269125568,32.91546630859375,1469.7712307692307,78.69032258064517,15.22
2024-03-12,138.39976501464844,19019700,0.0594473067585195,0.08652056792339113,0.1516259843947747,0.2777022738390593,5.33,312.5855806451613,3.9,13.84,120.1668,4.16,78.61935483870968,78.51,77.86119842529297,501.6469421386719,0.008811636528123667,0.010757350110865094,69.64516129032258,63.61290322580645,29.64516129032258,0.006028821065583667,137.28268432617188,0.03341659352412174,495.92523193359375,0.015433860714672454,34.869998931884766,-0.0084245517067838,11.770000457763672,-0.016422262172090196,32.37491989135742,1470.187934065934,78.61935483870968,13.84
2024-03-13,139.53970336914062,19637000,0.06329480318700953,0.07934948037556344,0.13085199424289495,0.2770076438450655,5.33,312.6074516129033,3.9,13.75,119.9642,4.19,78.54838709677419,80.67,77.99722290039062,500.860595703125,0.001747012348238819,-0.0015675296099572078,69.61290322580645,64.03225806451613,29.612903225806452,0.009314037033406164,138.56134033203125,-0.008364123196868412,491.7772521972656,-0.007743058962837668,34.599998474121094,0.011044958004300831,11.899999618530273,-0.007453730700677119,32.13360595703125,1470.6046373626373,78.54838709677419,13.75
2024-03-14,143.07852172851562,36117900,0.030483553333900737,0.05487056663503531,0.08306783747195468,0.2258633387914888,5.33,312.6293225806452,3.9,14.4,120.241,4.29,78.47741935483872,82.16,77.81262969970703,499.8705139160156,-0.0023666637582639982,-0.0019767611898465764,69.58064516129032,64.45161290322581,29.580645161290324,0.02367853513518048,141.84226989746094,-0.007546965144620499,488.0658264160156,-0.01531788447023441,34.06999969482422,-0.04285708332405036,11.390000343322754,0.0009011552261541933,32.16256332397461,1471.0213406593407,78.47741935483872,14.4
2024-03-15,140.92750549316406,41039500,0.06752466617762898,0.10079456897461792,0.09727772018200875,0.256052058153982,5.33,312.65119354838714,3.9,14.41,120.4003,4.31,78.40645161290323,81.94,77.0353775024414,496.4381408691406,-0.009988766608520772,-0.006866524332442836,69.54838709677419,64.87096774193549,29.548387096774192,-0.013417385855402086,139.93911743164062,-0.015716746532110637,480.39501953125,0.0035221289392319832,34.189998626708984,-0.017559328964963594,11.1899995803833,0.0069027945293345105,32.38457489013672,1471.4380439560439,78.40645161290323,14.41
2024-03-18,147.1823272705078,47676700,0.017982236927157835,0.04977098182503559,0.056573362274603856,0.20543813067342365,5.33,312.7168064516129,3.9,14.33,120.5752,4.34,78.19354838709678,83.68,78.61746978759766,499.3885192871094,0.020537217268859598,0.005943093761497487,69.45161290322581,66.12903225806451,29.451612903225808,0.04604052971033856,146.38198852539062,0.026606026432917984,493.1764221191406,-0.0061421202956295495,33.97999954223633,-0.011617441076092416,11.0600004196167,0.047093901092441826,33.909690856933594,1472.688153846154,78.19354838709678,14.33
2024-03-19,146.62725830078125,17748400,0.025554136569287955,0.05712521661163006,0.06449417464048612,0.1942315849415217,5.33,312.7386774193549,3.9,13.82,120.9332,4.3,78.12258064516129,84.39,78.58824157714844,502.16375732421875,-0.000371777551836594,0.00555727240400139,69.41935483870968,66.54838709677419,29.419354838709676,-0.004401201256294729,145.73773193359375,-0.0014890097123184676,492.44207763671875,-0.0026486213596330632,33.88999938964844,-0.0009041797922628714,11.050000190734863,0.016509881292198658,34.46953582763672,1473.104857142857,78.12258064516129,13.82
2024-03-20,148.37184143066406,17730000,0.015098989612695624,0.015098989612695624,0.04035286167390861,0.1886173540783922,5.33,312.7605483870968,3.9,13.04,120.9289,4.27,78.05161290322582,82.79,79.51372528076172,506.8083190917969,0.01177636355057965,0.009249097928386352,69.38709677419355,66.96774193548387,29.387096774193548,0.011630217688744393,147.4326934814453,0.018700582821063128,501.6510314941406,0.011802936945495723,34.290000915527344,0.013574625877024404,11.199999809265137,0.008400968483558202,34.75911331176758,1473.5215604395603,78.05161290322582,13.04
2024-03-21,147.4400634765625,19843900,0.023665601670435077,0.0349604538390782,0.06192029252485254,0.21329250663794297,5.33,312.78241935483874,3.9,12.92,120.8086,4.27,77.98064516129033,81.99,79.54296112060547,508.48321533203125,0.00036768293449362943,0.003304792319186456,69.35483870967742,67.38709677419355,29.35483870967742,-0.0076645475038731314,146.3026885986328,0.004431229617094967,503.87396240234375,0.0011665475199573727,34.33000183105469,-0.003571425226269853,11.15999984741211,-0.008886298379491508,34.450233459472656,1473.9382637362637,77.98064516129033,12.92
2024-03-22,150.44358825683594,19252900,0.03116546516542318,0.02879353263476303,0.05369973703457309,0.19256580804385948,5.33,312.8042903225807,3.9,13.06,121.1842,4.22,77.90967741935484,81.1,79.70855712890625,507.51922607421875,0.00208184364735553,-0.0018958133302060531,69.3225806451613,67.80645161290323,29.322580645161292,0.021477054926354988,149.44483947753906,0.0035842897394950946,505.67999267578125,-0.012816848760206834,33.88999938964844,0.0215053561289984,11.399999618530273,0.0016812236890098031,34.50815200805664,1474.354967032967,77.90967741935484,13.06
2024-03-25,149.82899475097656,15114700,0.03122720981245597,0.04624555195116331,0.06582872950964513,0.22918421096316166,5.33,312.86990322580647,3.9,13.19,121.0295,4.25,77.69677419354839,82.41,79.43579864501953,506.1170349121094,-0.003421947325499941,-0.002762833583577984,69.2258064516129,69.06451612903226,29.225806451612904,-0.0046429366009881345,148.7509765625,-0.012873351204052641,499.1701965332031,0.03186786221614901,34.970001220703125,-0.01228064862571343,11.260000228881836,-0.011468471789792378,34.112396240234375,1475.605076923077,77.69677419354839,13.19
2024-03-26,150.3741912841797,19312700,0.030784410999456835,0.039288079673478915,0.041199916021667615,0.2233416740039471,5.33,312.89177419354843,3.9,13.24,121.0742,4.24,77.6258064516129,82.41,79.27017974853516,505.1822509765625,-0.002084940282711667,-0.0018469718880519403,69.19354838709677,69.48387096774194,29.193548387096776,0.003998135516442236,149.345703125,-0.014174402843488587,492.0947570800781,0.015441723819854758,35.5099983215332,0.004440514184592459,11.3100004196167,0.009337803443386417,34.430931091308594,1476.02178021978,77.6258064516129,13.24
2024-03-27,150.6121063232422,16622000,0.0,0.058246707491959704,0.1431484578058997,0.23122694205925431,5.33,312.91364516129033,3.9,12.78,121.0089,4.2,77.55483870967743,82.15,79.67935180664062,509.4277038574219,0.005161740006184745,0.008403804513425595,69.16129032258064,69.90322580645162,29.161290322580644,0.0013273025240305714,149.54393005371094,-0.004093591296127741,490.080322265625,-0.0177414047647515,34.880001068115234,0.012378371746619488,11.449999809265137,0.005887304725022302,34.633636474609375,1476.4384835164835,77.55483870967743,12.78
2024-03-28,150.9293212890625,21105600,0.011033732256131135,0.04551422138071981,0.10271891350220352,0.20602076328864216,5.33,312.9355161290323,3.9,13.01,121.0635,4.2,77.48387096774194,83.96,79.55270385742188,509.3303527832031,-0.0015894701242812337,-0.00019109890074997526,69.12903225806451,70.3225806451613,29.129032258064516,0.000397938434026468,149.6034393310547,-0.016765913491739726,481.8636779785156,-0.006020725135868488,34.66999816894531,0.002620064058596494,11.479999542236328,0.011148144068729993,35.019737243652344,1476.8551868131867,77.48387096774194,13.01
2024-04-01,155.13223266601562,24469800,-0.0023002443456342503,-0.0010860898855936663,0.05201270888443554,0.18019138080168418,5.33,313.023,3.9,13.65,121.5151,4.33,77.2,84.54,80.16644287109375,508.4441833496094,0.007714873083029872,-0.001739871634885537,69.0,72.0,29.0,0.030212727720206667,154.1233673095703,0.0118827395742378,487.58953857421875,0.01874824229039418,35.31999969482422,-0.020034804129576145,11.25,-0.010198455068694434,34.66259002685547,1478.522,77.2,13.65
2024-04-02,154.5077362060547,17598100,0.014563562710334876,0.0008341053696496736,0.062231509372229654,0.1985783075917118,5.33,313.0280666666667,3.9,14.61,121.3035,4.36,76.93,85.95,80.03980255126953,505.2115173339844,-0.0015797173391846053,-0.00635795652991511,69.06666666666666,71.53333333333333,28.966666666666665,-0.005981310668870199,153.20150756835938,0.012251856285911078,493.56341552734375,-0.005379349613551243,35.130001068115234,-0.015111117892795178,11.079999923706055,-0.01921457884640998,33.99656295776367,1478.9308021978022,76.93,14.61
2024-04-03,155.0033721923828,17266200,0.008249706323921746,0.0032615690360031646,0.07731686627517731,0.1997393067994342,5.33,313.03313333333335,3.9,14.33,121.0198,4.36,76.66,86.22,80.67301940917969,505.7663879394531,0.007911274612459884,0.001098293658063909,69.13333333333334,71.06666666666666,28.933333333333334,0.0023293328209936792,153.55836486816406,0.01883907622824732,502.8616943359375,0.004269789542300506,35.279998779296875,0.006317662031247062,11.149999618530273,0.015616144308878033,34.52745819091797,1479.3396043956043,76.66,14.33
2024-04-04,150.6121063232422,24184800,0.058246707491959704,0.036330120566150814,0.11221532007195156,0.26483106504574483,5.33,313.0382,3.9,16.35,120.7613,4.31,76.39,87.37,79.58191680908203,499.5930480957031,-0.01352500015604352,-0.012205911644110778,69.2,70.6,28.9,-0.02833727211561743,149.20693969726562,0.008248930741364902,507.009765625,-0.017290267331571574,34.66999816894531,-0.011659117956430709,11.020000457763672,-0.05731062716118562,32.548667907714844,1479.7484065934066,76.39,16.35
2024-04-05,152.59463500976562,16297300,0.03410419259468722,0.011562888920309655,0.10322193759035847,0.23877304623135664,5.33,313.0432666666667,3.9,16.03,120.9646,4.39,76.12,87.69,80.39049530029297,504.81219482421875,0.010160329426981862,0.01044679614420052,69.26666666666667,70.13333333333334,28.866666666666667,0.013087075568194662,151.1596221923828,0.03213806247568263,523.3040771484375,-0.01124890136272838,34.279998779296875,-0.0018149234966302608,11.0,-0.00029674988555439263,32.53900909423828,1480.1572087912086,76.12,16.03
2024-04-08,154.775390625,16641500,0.0012169537510253736,0.011592312606473643,0.1078518360779861,0.22106254732159747,5.33,313.0584666666667,3.9,15.19,120.7359,4.42,75.31,87.24,80.40023803710938,505.0945739746094,0.00012119264572274524,0.0005593746610834671,69.46666666666667,68.73333333333333,28.766666666666666,0.015409941677079875,153.48898315429688,-0.015341013929156877,515.2760620117188,-0.008751436631955989,33.97999954223633,0.009999968788840574,11.109999656677246,0.010086160386761689,32.86720275878906,1481.3836153846153,75.31,15.19
2024-04-09,156.75791931152344,21521500,-0.01353237770929594,0.01125589112812686,0.08233197417730076,0.2196738979452244,5.33,313.06353333333334,3.9,14.98,120.7048,4.36,75.04,86.04,80.48793029785156,505.6788330078125,0.0010906965312926786,0.0011567319533956066,69.53333333333333,68.26666666666667,28.733333333333334,0.011301162117232977,155.2235870361328,-0.004525908453909877,512.9439697265625,0.020011780881002084,34.65999984741211,0.010801070141074343,11.229999542236328,0.03113055569096357,33.890377044677734,1481.7924175824176,75.04,14.98
2024-04-10,156.2821044921875,16339200,-0.004947323323410857,0.021819149659093373,0.08829133154672131,0.189351328594203,5.33,313.0686,3.9,15.8,121.5727,4.55,74.77,86.98,79.85469818115234,500.6154479980469,-0.007867417069315819,-0.010013045196391235,69.6,67.8,28.7,-0.0029372637618622077,154.7676544189453,0.00566844128216859,515.8515625,-0.033467970355421706,33.5,-0.031166468571886652,10.880000114440918,-0.04671021759065774,32.307350158691406,1482.2012197802196,74.77,15.8
2024-04-11,159.384765625,17841700,-0.020710281232767636,-0.01766273129710194,0.05908319802708162,0.16296106243489983,5.33,313.07366666666667,3.9,14.91,121.6081,4.56,74.5,85.79,80.5561294555664,504.3935852050781,0.00878384478797778,0.0075469848606148915,69.66666666666667,67.33333333333333,28.666666666666668,0.020942726863930616,158.0089111328125,0.006406039391782414,519.1561279296875,0.015522401724288759,34.02000045776367,0.04411760452090707,11.359999656677246,0.010158364837768108,32.63554000854492,1482.610021978022,74.5,14.91
2024-04-12,157.7987518310547,16989800,-0.02179790376617552,0.0910859247774427,0.07355974216117023,0.18351730247230114,5.33,313.07873333333333,3.9,17.31,122.2885,4.5,74.23,86.46,79.23123168945312,497.4313049316406,-0.016446889579570412,-0.013803268871087515,69.73333333333333,66.86666666666666,28.633333333333333,-0.01053888299602368,156.3436737060547,-0.021523118078443426,507.9822692871094,-0.014109333797107215,33.540000915527344,-0.044894303751827125,10.850000381469727,-0.0334219693704807,31.544795989990234,1483.0188241758242,74.23,17.31
2024-04-15,154.9637451171875,21140900,0.010362747870556355,0.07401003416405194,0.09978874925854475,0.18794255917659664,5.33,313.0939333333333,3.9,19.23,122.425,4.63,73.42,86.21,78.227783203125,491.199462890625,-0.012664809885338468,-0.012528045539618837,69.93333333333334,65.46666666666667,28.533333333333335,-0.0181956344726536,153.4989013671875,-0.022797426557455536,496.4015808105469,-0.028622512172568948,32.58000183105469,-0.04700462773741876,10.34000015258789,-0.02203190870691385,30.849803924560547,1484.2452307692306,73.42,19.23
2024-04-16,154.63661193847656,15413200,0.02512831468290999,0.05538448027557985,0.11461531744038655,0.17197310313081404,5.33,313.09900000000005,3.9,18.4,123.1234,4.67,73.14999999999999,86.15,77.96475219726562,490.3036193847656,-0.003362373252689399,-0.0018237876332101166,70.0,65.0,28.5,-0.0029704651349582445,153.04293823242188,-0.0009395621700535317,495.9351806640625,0.0036832082609150607,32.70000076293945,0.006769796304761044,10.40999984741211,-0.007196530866290463,30.627792358398438,1484.654032967033,73.14999999999999,18.4
2024-04-17,155.50892639160156,16237800,0.02689955377227138,0.055392700908694525,0.11824313617133142,0.1437017738329831,5.33,313.1040666666667,3.9,18.21,123.0207,4.59,72.88,83.58,77.89655303955078,487.4018859863281,-0.0008747434679492461,-0.005918237768831047,70.06666666666666,64.53333333333333,28.466666666666665,0.006930132957494228,154.10354614257812,-0.011185354275394577,490.3879699707031,0.0021406634003371394,32.77000045776367,0.047070103583140455,10.899999618530273,0.017333711799834894,31.1586856842041,1485.0628351648352,72.88,18.21
2024-04-18,156.0838623046875,14016100,0.0031120003378592997,0.06985914319835396,0.12593654268327503,0.1405697777089545,5.33,313.1091333333334,3.9,18.0,123.0017,4.64,72.61,83.5,78.27649688720703,486.3989562988281,0.004877543778648796,-0.002057705799538345,70.13333333333334,64.06666666666666,28.433333333333334,0.0034733987304107483,154.63880920410156,0.015439945888467532,497.95953369140625,0.0042721814981014905,32.90999984741211,0.06697252490446193,11.630000114440918,-0.0018587027217287222,31.100770950317383,1485.4716373626372,72.61,18.0
2024-04-19,154.35906982421875,21479900,0.11539929118761072,0.08521703474746523,0.14603132677136865,0.17877376563798064,5.33,313.11420000000004,3.9,18.71,123.1075,4.62,72.34,83.79,77.4192123413086,482.1534729003906,-0.010952004496748824,-0.008728397426554513,70.2,63.6,28.4,-0.012306983071237787,152.7356719970703,-0.04131128878115753,477.38818359375,-0.015496758550526346,32.400001525878906,-0.04041274827204955,11.15999984741211,-0.0012412790792162287,31.062166213989258,1485.8804395604395,72.34,18.71
2024-04-22,156.56959533691406,17243900,0.06299449027355664,0.07521354027333738,0.13668867730993584,0.16371572014078617,5.33,313.12940000000003,3.9,16.94,123.0609,4.62,71.53,83.82,77.5263671875,486.59375,0.001384085977509164,0.009209260845719713,70.4,62.2,28.3,0.014212235449966748,154.90638732910156,0.0013719825589066925,478.04315185546875,0.010185123481980085,32.72999954223633,-0.0017920702834053337,11.140000343322754,-0.006836686403830727,30.849803924560547,1487.1068461538462,71.53,16.94
2024-04-23,158.52236938476562,16115400,0.029514515558014542,0.08166564346137162,0.1130564845900277,0.09159843533332901,5.33,313.1344666666667,3.9,15.69,122.7227,4.61,71.25999999999999,84.17,78.70514678955078,492.3679504394531,0.015204886347890634,0.011866573377592893,70.46666666666667,61.733333333333334,28.266666666666666,0.012669690389378596,156.86900329589844,0.029830091165269135,492.30322265625,0.008860400842753302,33.02000045776367,0.022441651013938024,11.390000343322754,-0.008448031560421398,30.589183807373047,1487.5156483516482,71.25999999999999,15.69
2024-04-24,159.69204711914062,19485700,0.027746771368002854,0.062445571568048974,0.0866541723734704,0.05122593324515856,5.33,313.13953333333336,3.9,15.97,122.89,4.65,70.99,84.09,78.75386047363281,492.13421630859375,0.000618938990258,-0.0004747143485898109,70.53333333333333,61.266666666666666,28.233333333333334,0.005497459430010121,157.73138427734375,-0.005240955251592627,489.72308349609375,-0.005148454914772893,32.849998474121094,-0.027216892912425017,11.079999923706055,0.007888927118631983,30.83049964904785,1487.9244505494505,70.99,15.97
2024-04-25,156.56959533691406,36197800,0.0665400701397385,0.08629302661694416,0.11636569536236663,0.0691480170686034,5.33,313.1446,3.9,15.37,122.8384,4.7,70.72,84.92,75.94818115234375,490.2646484375,-0.03562592747092597,-0.003798898367841641,70.6,60.8,28.2,-0.019669666996998347,154.6288604736328,-0.10561288834233618,438.00201416015625,-0.006392666490931287,32.63999938964844,0.028880839081917964,11.399999618530273,-0.00782717907337771,30.589183807373047,1488.3332527472528,70.72,15.37
2024-04-26,172.1719970703125,56500800,-0.02705959800997282,-0.019575017033776176,0.024929489738257704,-0.013617538018466657,5.33,313.1496666666667,3.9,15.03,122.9471,4.67,70.44999999999999,85.38,78.0427017211914,494.90936279296875,0.02757828478665303,0.009473892050490873,70.66666666666667,60.333333333333336,28.166666666666668,0.10224381737197774,170.43870544433594,0.004327414483241476,439.8974304199219,0.04044116787706953,33.959999084472656,0.27631584891322114,14.550000190734863,0.006311129224166656,30.782236099243164,1488.7420549450549,70.44999999999999,15.03
2024-04-29,166.4326171875,35914600,0.011494932581105122,0.01786771242232743,0.056581135178111364,0.024750241305661724,5.33,313.1648666666667,3.9,14.67,122.5449,4.63,69.64,84.26,77.13668823242188,496.6620788574219,-0.011609201998237784,0.003541489000252307,70.86666666666666,58.93333333333333,28.066666666666666,-0.033730917751870204,164.6896514892578,-0.024070316684679738,429.3089599609375,-0.005300362486113319,33.779998779296875,-0.004123740125784092,14.489999771118164,-0.011288787606133499,30.434741973876953,1489.9684615384615,69.64,14.67
2024-04-30,163.20108032226562,29420800,0.05065603943922081,0.04427852491121076,0.05417890774346623,0.052885565636387355,5.33,313.16993333333335,3.9,15.65,122.9853,4.69,69.36999999999999,83.49,75.85075378417969,488.7943115234375,-0.016670853749483183,-0.015841288612338356,70.93333333333334,58.46666666666667,28.033333333333335,-0.020282771374047215,161.3492889404297,-0.005662943405539966,426.8778076171875,-0.009769035769168544,33.45000076293945,0.03864737256469164,15.050000190734863,-0.022518247969331773,29.749404907226562,1490.3772637362638,69.36999999999999,15.65
2024-05-01,164.12298583984375,25223200,0.03376201333511353,0.050190108483070484,0.05067346822655794,0.042738614595586144,5.33,313.175,3.9,15.39,123.0168,4.63,69.1,80.7,76.55216979980469,487.20721435546875,0.00924731766833542,-0.00324696325336149,71.0,58.0,28.0,0.006634741753668738,162.4197998046875,0.020968360440985823,435.8287353515625,0.21016438322732967,40.47999954223633,0.053820561838998415,15.859999656677246,0.011680708452820099,30.096899032592773,1490.7860659340658,69.1,15.39
2024-05-02,166.9877471923828,17041100,0.01852059480017232,0.04137454678299646,0.03537913882761323,0.0007811793972225534,5.33,313.1707741935484,3.9064516129032256,14.68,122.4384,4.58,69.07096774193548,80.59,77.32179260253906,491.76422119140625,0.010053572677914291,0.009353323804874192,70.74193548387096,57.67741935483871,28.0,0.016843499233019976,165.155517578125,0.005669397242647589,438.29962158203125,0.0004940824602235327,40.5,0.02774272319722626,16.299999237060547,0.0035278811805967702,30.20307731628418,1491.1948681318681,69.07096774193548,14.68
2024-05-03,167.51309204101562,22767100,0.0076927435235374375,0.04911515960174673,0.03633348387495228,-0.048329507244306846,5.33,313.1665483870968,3.9129032258064513,13.49,122.1375,4.5,69.04193548387096,79.65,78.14010620117188,497.8597717285156,0.01058322073363227,0.012395270486213139,70.48387096774194,57.354838709677416,28.0,0.0037211169041964087,165.77008056640625,0.02327491285807004,448.5010070800781,-0.0022222259898244667,40.40999984741211,-0.003067438000050049,16.25,0.020453914090024394,30.82084846496582,1491.6036703296702,69.04193548387096,13.49
2024-05-06,168.3457489013672,15147900,0.0063003576547442375,0.05081554327510007,0.042630879257466114,-0.05362609557201148,5.33,313.15387096774197,3.932258064516129,13.49,121.8913,4.49,68.95483870967742,80.1,79.20197296142578,503.0010986328125,0.013589266919091791,0.010326857473233364,69.70967741935483,56.38709677419355,28.0,0.005142440455129016,166.62254333496094,0.03035672281003876,462.11602783203125,0.024003989714571627,41.380001068115234,0.036307701697716244,16.84000015258789,0.009708830391185641,31.12008285522461,1492.8300769230768,68.95483870967742,13.49
2024-05-07,171.46820068359375,21102400,-0.006070030808002613,0.03792356554131149,0.03104426848346664,-0.06964432864005188,5.33,313.1496451612903,3.9387096774193546,13.23,122.093,4.47,68.9258064516129,79.97,79.28966522216797,503.55615234375,0.0011071979328709514,0.0011034840926713585,69.45161290322581,56.064516129032256,28.0,0.01873866448713457,169.7448272705078,0.005497266060598083,464.6564025878906,0.01256646796378047,41.900001525878906,0.017814681374242358,17.139999389648438,-0.02264284023558394,30.415435791015625,1493.2388791208791,68.9258064516129,13.23
2024-05-08,169.6641082763672,14569900,0.015891563953831955,0.03996274161225366,0.027985700650241085,-0.04167771746418125,5.33,313.14541935483874,3.9451612903225803,13.0,122.1926,4.48,68.89677419354838,80.57,79.16301727294922,503.604736328125,-0.0015972819265144267,9.648176106846762e-05,69.19354838709677,55.74193548387097,28.0,-0.0109195132104688,167.89129638671875,0.009311460284577633,468.9830322265625,0.01766104622484277,42.63999938964844,-0.023337201445400857,16.739999771118164,-0.05363382491198043,28.78413963317871,1493.6476813186812,68.89677419354838,13.0
2024-05-09,170.08045959472656,11937700,0.022438379841801748,0.020281987186347994,0.030603801606492897,-0.034979656647670665,5.33,313.1411935483871,3.9516129032258065,12.69,122.1634,4.45,68.86774193548386,80.86,79.56244659423828,506.50653076171875,0.005045655598394649,0.005762047542982263,68.93548387096774,55.41935483870968,28.0,0.003424180699603152,168.4661865234375,0.005966955490096293,471.78143310546875,0.00023457167855633898,42.650001525878906,-0.011350091795426898,16.549999237060547,0.025486279103839493,29.51774024963379,1494.0564835164835,68.86774193548386,12.69
2024-05-10,168.80172729492188,18740500,0.04110619665015158,0.035468818784751166,0.04758225695790941,-0.03613502805400903,5.33,313.1369677419355,3.958064516129032,12.55,122.014,4.5,68.83870967741935,79.81,79.67935180664062,507.158935546875,0.0014693516527783945,0.0012880481208703554,68.6774193548387,55.096774193548384,28.0,-0.007707823850153117,167.1676788330078,0.0016407563223617139,472.5555114746094,-0.015240363484735231,42.0,-0.03262834036689788,16.010000228881836,0.0035971653026980466,29.623920440673828,1494.4652857142858,68.83870967741935,12.55
2024-05-13,169.40638732910156,19648600,0.04423647997512559,0.04166176899622842,0.051868649297703406,-0.02797648433641675,5.33,313.12429032258063,3.9774193548387093,13.6,122.0261,4.48,68.7516129032258,80.71,79.533203125,507.2270812988281,-0.0018342102229356172,0.00013436764528185208,67.90322580645162,54.12903225806452,28.0,0.0029056635566004907,167.65341186523438,-0.017198784425838665,464.4281311035156,-0.0035714649018787625,41.849998474121094,-0.01561524025146499,15.760000228881836,0.008797624126402503,29.884540557861328,1495.6916923076922,68.7516129032258,13.6
2024-05-14,170.42738342285156,18729500,0.04426226968996416,0.03181519346763739,0.029146319287743916,-0.05650906171824144,5.33,313.12006451612905,3.9838709677419355,13.42,121.9256,4.45,68.72258064516129,79.62,79.89366149902344,509.5542907714844,0.00453217473785017,0.004588101776224374,67.64516129032258,53.806451612903224,28.0,0.007094532668252329,168.84283447265625,0.008204946373730593,468.2387390136719,0.004062174189748191,42.02000045776367,-0.008883270386391806,15.619999885559082,0.03165379401951962,30.83049964904785,1496.1004945054945,68.72258064516129,13.42
2024-05-15,172.36033630371094,20958200,0.023694632884573963,-0.0018403288937213214,0.026989660853801833,-0.060526352831630326,5.33,313.1158387096774,3.990322580645161,12.45,121.3543,4.36,68.69354838709677,80.23,80.40023803710938,515.8641967773438,0.006340634896200514,0.012383186875545515,67.38709677419355,53.483870967741936,28.0,0.012739302488756765,170.9937744140625,0.02053620071422957,477.8545837402344,0.009995196677055507,42.439998626708984,0.0377720360586582,16.209999084472656,-0.018159050500984875,30.270647048950195,1496.5092967032967,68.69354838709677,12.45
2024-05-16,173.89678955078125,17247300,-0.002109068573684869,-0.00837923924011763,0.0202556925371824,-0.05986715219584959,5.33,313.1116129032258,3.996774193548387,12.42,121.2236,4.38,68.66451612903225,80.85,80.341796875,514.802734375,-0.0007268779736995246,-0.0020576392177918956,67.12903225806451,53.16129032258065,28.0,0.00968040328930786,172.64906311035156,-0.017257002802149035,469.6082458496094,0.007775726713784792,42.77000045776367,-0.01172107572115666,16.020000457763672,0.0,30.270647048950195,1496.9180989010988,68.66451612903225,12.42
2024-05-17,175.7405242919922,16546400,-0.005414796188457194,-0.01618803870445329,-0.003605436016382635,-0.04906284277147199,5.33,313.1073870967742,4.003225806451613,11.99,121.2354,4.42,68.63548387096775,81.66,80.47818756103516,515.5428466796875,0.0016976305153761917,0.001437661953342273,66.87096774193549,52.83870967741935,28.0,0.010793541763130188,174.51255798339844,-0.0027894240252693825,468.2983093261719,0.00023376949792353052,42.779998779296875,0.0018725829238248615,16.049999237060547,-0.0047832029880274796,30.125856399536133,1497.326901098901,68.63548387096775,11.99
2024-05-20,176.90032958984375,17495100,-0.0024656397552388354,-0.01865967874659069,-0.0030694346926769533,-0.05215589295233303,5.33,313.09470967741936,4.02258064516129,12.15,121.2289,4.44,68.54838709677419,81.39,80.71199035644531,516.1367797851562,0.0029051697422091127,0.0011520538191809315,66.09677419354838,51.87096774193549,28.0,0.004884821920012161,175.36502075195312,-0.006505487481785033,465.2518005371094,-0.0032725430959149593,42.63999938964844,0.023676080135741406,16.43000030517578,-0.02659398371281374,29.324689865112305,1498.5533076923077,68.54838709677419,12.15
2024-05-21,177.97088623046875,14706000,-0.011919492433660528,-0.01375736271273631,0.0051527414583958375,-0.06527363141424103,5.33,313.0904838709677,4.0290322580645155,11.86,121.3793,4.41,68.51935483870967,80.66,80.60481262207031,517.4026489257812,-0.001327903498621108,0.0024525846446206145,65.83870967741936,51.54838709677419,28.0,0.00525637007490487,176.28680419921875,-0.008979643722674902,461.0740051269531,-0.02650096351524711,41.5099983215332,-0.04869142884208266,15.630000114440918,-0.011520702707839336,28.986848831176758,1498.9621098901098,68.51935483870967,11.86
2024-05-22,176.44435119628906,16189400,-0.024943924641221082,0.0019663669783180904,0.016829828657641155,-0.06922307057482902,5.33,313.08625806451613,4.035483870967742,12.29,121.5462,4.43,68.49032258064516,79.15,80.70223236083984,515.912841796875,0.0012086094564389693,-0.002879396021646441,65.58064516129032,51.225806451612904,28.0,-0.00826529117818442,174.82974243164062,0.006779573289769303,464.19989013671875,-0.0031317094356646535,41.380001068115234,0.01791425021887827,15.90999984741211,-0.013986089909647337,28.581436157226562,1499.370912087912,68.49032258064516,12.29
2024-05-23,173.530029296875,14928400,-0.006283422836071417,0.0050841224909570215,0.061300084133042665,-0.04249659528489169,5.33,313.0820322580645,4.041935483870968,12.77,121.7477,4.47,68.46129032258065,77.47,79.7864990234375,512.1445922851562,-0.011347063279586456,-0.007304042866221883,65.3225806451613,50.903225806451616,28.0,-0.016044749870872232,172.02464294433594,-0.004275486095433378,462.2152099609375,-0.0019333453114946941,41.29999923706055,-0.04588306406269815,15.180000305175781,-0.004390418517195682,28.455951690673828,1499.7797142857141,68.46129032258065,12.77
2024-05-24,174.78892517089844,11403600,-0.01083189501986348,0.0028413874959221097,0.05246379147142011,-0.046554215302409885,5.33,313.0778064516129,4.048387096774193,11.93,121.6172,4.46,68.43225806451613,78.48,80.80941009521484,515.5330200195312,0.012820603539414055,0.0066161544716425436,65.06451612903226,50.58064516129032,28.0,0.00829719721119937,173.45196533203125,0.02670794437136248,474.5600280761719,0.0033898157926068873,41.439998626708984,0.0026350435473567746,15.220000267028809,-0.002713700022668908,28.37873077392578,1500.1885164835164,68.43225806451613,11.93
2024-05-28,176.4641571044922,15655300,-0.016234066350735543,0.0020941213194745067,0.050851833869372864,-0.06432224461305058,5.33,313.06090322580644,4.074193548387097,12.92,121.43,4.54,68.31612903225806,80.9,80.94578552246094,515.893310546875,0.0016876181509728472,0.0006988699333558834,64.03225806451613,49.29032258064516,28.0,0.00805764018133348,174.84957885742188,0.003554896364931892,476.2470397949219,0.0014479096351209808,41.5,0.006570264523059199,15.319999694824219,-0.0017006944457512718,28.330467224121094,1501.8237252747251,68.31612903225806,12.92
2024-05-29,175.8495635986328,15023800,-0.0018600410239875131,0.013327893317848671,0.035111441499688034,-0.07166173354330962,5.33,313.0566774193548,4.080645161290322,14.28,122.1641,4.61,68.28709677419356,80.24,80.51715087890625,512.28076171875,-0.005295329964223439,-0.007002511477218976,63.774193548387096,48.96774193548387,28.0,-0.0028346421510816455,174.35394287109375,-0.01158534565304914,470.72955322265625,0.014939733298428015,42.119998931884766,-0.010443854477762415,15.15999984741211,0.00647370245205714,28.513870239257812,1502.2325274725274,68.28709677419356,14.28
2024-05-30,172.0431365966797,18826300,0.02759871180704887,0.019481031473206345,0.06418499161730895,-0.05746748630756182,5.33,313.0524516129032,4.087096774193548,14.47,121.9601,4.55,68.25806451612904,78.96,80.25411224365234,508.8824157714844,-0.0032668646665044987,-0.00663375672329336,63.516129032258064,48.645161290322584,28.0,-0.021546218163805753,170.59727478027344,-0.015410312154413575,463.4754638671875,-0.01756880062998656,41.380001068115234,0.000659645711245993,15.170000076293945,0.01421795273146631,28.919279098510742,1502.6413296703297,68.25806451612904,14.47
2024-05-31,172.43966674804688,28085200,0.011439424065432746,0.02651719678761344,0.0739386387371177,-0.04979388560629028,5.33,313.04822580645157,4.0935483870967735,12.92,122.098,4.51,68.22903225806452,77.97,81.11141204833984,513.5174560546875,0.010682316216827914,0.009108273619901519,63.25806451612903,48.32258064516129,28.0,0.0022657785420612253,170.9838104248047,-0.00047098984379179143,463.2571716308594,0.0026583037098160123,41.4900016784668,-0.009887911521152648,15.020000457763672,0.022363098980604956,29.566003799438477,1503.0501318681318,68.22903225806452,12.92
2024-06-03,172.8956298828125,20742800,0.013823011929868123,0.026163527518761054,0.0755832199559292,-0.0896084225702346,5.33,313.079,4.1066666666666665,13.11,122.3509,4.41,68.08,75.26,81.43289184570312,513.9360961914062,0.003963434851457004,0.0008152403229582106,62.733333333333334,49.06666666666667,28.933333333333334,0.003884309579277101,171.64796447753906,0.022835029566184106,473.8356628417969,-0.006989657840333452,41.20000076293945,0.019973317437915306,15.319999694824219,0.012732579447098713,29.942455291748047,1504.2765384615384,68.08,13.11
2024-06-04,173.59942626953125,14066600,0.018630638694940194,0.008683650856657232,0.09734735271440331,-0.09787253454597744,5.33,313.0965,4.109999999999999,13.16,122.7256,4.33,68.02,74.27,81.74464416503906,514.5106201171875,0.0038283341321911912,0.0011178898116688263,62.6,49.6,29.4,0.003580279739190395,172.26251220703125,-0.0010472318975243144,473.3394470214844,-0.012621370100347806,40.68000030517578,-0.028067843346415877,14.890000343322754,0.0019343923325012558,30.000375747680664,1504.6853406593407,68.02,13.16
2024-06-05,175.52247619628906,15233900,0.015216237167197777,0.004756481351322561,0.07695678038529108,-0.10328973008094122,5.33,313.114,4.113333333333333,12.63,122.5339,4.29,67.96000000000001,75.08,82.73831939697266,520.6256103515625,0.01215584509643719,0.011885061250984874,62.46666666666667,50.13333333333333,29.866666666666667,0.009321579294410354,173.86827087402344,0.037883258489939786,491.2710876464844,0.013028485135715195,41.209999084472656,0.020819305493259943,15.199999809265137,0.011582928858630881,30.347867965698242,1505.0941428571427,67.96000000000001,12.63
2024-06-06,176.7913055419922,14255800,-0.007899659896972167,0.011859285986469237,0.0690029815655615,-0.1460438910272095,5.33,313.13149999999996,4.116666666666666,12.58,122.3713,4.28,67.9,76.52,82.78702545166016,520.6159057617188,0.0005886759006283881,-1.864024675468645e-05,62.333333333333336,50.666666666666664,30.333333333333332,0.00752521077690016,175.17666625976562,-0.002625672514877775,489.9811706542969,0.036884263322791044,42.72999954223633,0.0,15.199999809265137,0.04007624148365574,31.564096450805664,1505.502945054945,67.9,12.58
2024-06-07,174.4122772216797,14716300,0.01490724245410191,0.028676892776845486,0.0962160779396275,-0.14801243328795977,5.33,313.149,4.12,12.22,123.549,4.43,67.84,76.53,82.22198486328125,519.9829711914062,-0.006825231191677883,-0.0012157418997532643,62.2,51.2,30.8,-0.012844350595424658,172.9266357421875,-0.0016202965388684154,489.187255859375,0.032295836248516174,44.11000061035156,0.02565791764582981,15.59000015258789,-0.02079501581908938,30.9077205657959,1505.9117472527473,67.84,12.22
2024-06-10,175.2855682373047,17099800,0.012172258316964113,0.05067083699129005,0.060408626234655705,-0.1495926664731232,5.33,313.2015,4.13,12.74,123.9125,4.47,67.66,78.75,82.42656707763672,521.5896606445312,0.0024881692493272656,0.0030898885966279543,61.8,52.8,32.2,0.004303833433925153,173.67088317871094,0.019555215298014517,498.75341796875,-0.0015869347960922875,44.040000915527344,-0.025657509191120198,15.1899995803833,-0.005309250545541322,30.743623733520508,1507.1381538461537,67.66,12.74
2024-06-11,176.8336944580078,14402400,-0.009765058560409101,0.040293906975191085,0.0482067738012677,-0.1450122456925217,5.33,313.219,4.133333333333333,12.85,124.0349,4.39,67.60000000000001,78.88,82.58244323730469,522.845703125,0.0018910912487857257,0.002408104637113828,61.666666666666664,53.333333333333336,32.666666666666664,0.009199332788306203,175.26853942871094,0.009689746506671426,503.5862121582031,-0.005676657466005097,43.790000915527344,0.026991495221363238,15.600000381469727,-0.004395566762268932,30.608488082885742,1507.546956043956,67.60000000000001,12.85
2024-06-12,178.19326782226562,18600400,-0.01030298318027445,0.040654820306841755,0.04806177799524125,-0.13263120271373519,5.33,313.2365,4.136666666666667,12.04,123.8295,4.31,67.54,79.56,82.4070816040039,527.1399536132812,-0.002123473542637533,0.008213227081364405,61.53333333333333,53.86666666666667,33.13333333333333,0.006624356336568216,176.42958068847656,0.00269951003886737,504.9456481933594,0.0025120029242235997,43.900001525878906,0.01730766009532103,15.869999885559082,-0.02081368483373558,29.971412658691406,1507.9557582417583,67.54,12.04
2024-06-13,175.39471435546875,15956900,0.019916277703714513,0.03779578496743019,0.049564284936285175,-0.10275851377351652,5.33,313.254,4.14,11.94,124.0235,4.24,67.48,79.61,81.69591522216797,528.201416015625,-0.008629918303057371,0.002013625404539976,61.4,54.4,33.6,-0.014792576235099553,173.81973266601562,-0.009315148700968612,500.24200439453125,-0.015262003652724565,43.22999954223633,-0.01638312733186742,15.609999656677246,0.01787452083067631,30.507137298583984,1508.3645604395604,67.48,11.94
2024-06-14,177.0122833251953,12361600,0.013567397833764261,0.03431084237583715,0.023826971477612924,-0.10747700328179122,5.33,313.2715,4.1433333333333335,12.66,124.1694,4.2,67.42,79.41,81.95895385742188,528.5226440429688,0.003219728116621079,0.0006081544229223912,61.266666666666666,54.93333333333333,34.06666666666667,0.009305663458119895,175.43724060058594,0.0011118275883315043,500.7981872558594,0.0064769554073973445,43.5099983215332,-0.001281198240180692,15.59000015258789,-0.0017403454156753595,30.454044342041016,1508.7733626373627,67.42,12.66
2024-06-17,177.419189453125,15272900,0.03803559953158686,0.04379701847644646,0.002461095156383042,-0.1022990289097837,5.33,313.324,4.153333333333333,12.75,124.239,4.28,67.24000000000001,81.33,82.3486328125,532.7290649414062,0.004754562335629986,0.007958828152111241,60.86666666666667,56.53333333333333,35.46666666666667,0.002545519856350875,175.88381958007812,0.004899344338916922,503.25177001953125,0.007354712063114777,43.83000183105469,0.0160359203048821,15.84000015258789,-0.03201252106729702,29.47913360595703,1509.9997692307693,67.24000000000001,12.75
2024-06-18,175.10690307617188,15640300,0.05055261477930184,0.06200061241885746,0.016662010494077784,-0.0874371699905,5.33,313.3415,4.156666666666666,12.3,123.9776,4.22,67.18,82.67,81.86153411865234,534.0825805664062,-0.005915079306255566,0.002540720441353894,60.733333333333334,57.06666666666667,35.93333333333333,-0.012130421814632086,173.75027465820312,-0.014093280310655376,496.1593017578125,0.00889800076102465,44.220001220703125,-0.002525250092658138,15.800000190734863,-0.002292185412158587,29.411561965942383,1510.4085714285713,67.18,12.3
2024-06-20,176.3573455810547,16753200,0.05148828643625003,0.08018676637461164,0.0317371323410125,-0.0802157512423477,5.33,313.3765,4.163333333333333,13.28,124.192,4.25,67.06,83.34,82.21224975585938,532.6317138671875,0.004284254393506659,-0.0027165587345688857,60.46666666666667,58.13333333333333,36.86666666666667,0.006910749529854376,174.95101928710938,0.004424796723464519,498.3547058105469,-0.004749047792237504,44.0099983215332,-0.025949357117890037,15.390000343322754,-0.0059074732772987915,29.23781394958496,1511.2261758241757,67.06,13.28
2024-06-21,178.88792419433594,58903200,0.017530367594456253,0.05669581499674292,0.01852878113623646,-0.08545038089412649,5.33,313.394,4.166666666666667,13.2,124.1086,4.25,67.0,81.71,82.74806213378906,531.9176635742188,0.006517427506495199,-0.0013406079179634212,60.333333333333336,58.666666666666664,37.333333333333336,0.0188881688600413,178.25552368164062,-0.013793129209905608,491.4808349609375,-0.008861608828047096,43.619998931884766,0.00779726334516595,15.510000228881836,0.02377025037779612,29.932804107666016,1511.634978021978,67.0,13.2
2024-06-24,179.41387939453125,18198300,0.02046577720081233,0.053376881303969226,-0.03551068083634146,-0.09682679161236352,5.33,313.4465,4.176666666666667,13.33,123.7125,4.25,66.82000000000001,82.63,83.02545928955078,530.188720703125,0.0033523099950452107,-0.003250395671157258,59.93333333333333,60.266666666666666,38.733333333333334,-0.0022825413874872913,177.84864807128906,0.008347053842930663,495.583251953125,-0.011462632100949333,43.119998931884766,0.010315915219276883,15.670000076293945,-0.0067721419372844815,29.73009490966797,1512.8613846153846,66.82000000000001,13.33
2024-06-25,184.1674346923828,18797000,0.005550309591944025,0.03815065242029214,-0.08847934193660323,-0.11706322920309598,5.33,313.464,4.18,12.84,123.9417,4.23,66.76,81.97,83.95338439941406,532.2302856445312,0.011176392371732069,0.003850638200485923,59.8,60.8,39.2,0.026838513596469493,182.62184143066406,0.023430976462491593,507.19525146484375,0.04313545121579776,44.97999954223633,0.06636879407244245,16.709999084472656,-0.01818166420865619,29.189552307128906,1513.2701868131867,66.76,12.84
2024-06-26,183.95901489257812,13375700,0.010897119742984795,0.010411632840182206,-0.09003604696706302,-0.11957393941475147,5.33,313.4815,4.183333333333334,12.55,124.26,4.32,66.7,82.19,83.96315002441406,532.89453125,0.00011632199309019597,0.001248041728148408,59.666666666666664,61.333333333333336,39.666666666666664,-0.0008150694689014193,182.47299194335938,0.004935506343227036,509.6985168457031,-0.012894575861718272,44.400001525878906,0.0035907466534077503,16.770000457763672,0.0026455638402449466,29.266775131225586,1513.678989010989,66.7,12.55
2024-06-27,185.43768310546875,13025700,0.027293199846883498,-0.00042821252375169205,-0.08418054243105566,-0.12209314955412909,5.33,313.499,4.1866666666666665,12.24,124.3379,4.29,66.64,83.04,84.44176483154297,533.7346801757812,0.0057002959868672765,0.0015765763702069169,59.53333333333333,61.86666666666667,40.13333333333333,0.008320908471344701,183.9913330078125,0.012550562660877063,516.0955200195312,-0.006306364512869145,44.119998931884766,-0.01192610360644697,16.56999969482422,0.004287543080556899,29.392257690429688,1514.0877912087913,66.64,12.24
2024-06-28,182.02389526367188,23032400,0.03849069143250983,0.026005694637273313,-0.06302486068123392,-0.0976579324640765,5.33,313.5165,4.19,12.44,124.2103,4.36,66.58,82.83,83.67012023925781,531.63427734375,-0.009138186462878228,-0.0039352939017182065,59.4,62.4,40.6,-0.0175828508343302,180.75624084472656,-0.029524963548296146,500.8578186035156,-0.001133255627175811,44.06999969482422,0.002414056503563966,16.610000610351562,-0.002298830733897139,29.324689865112305,1514.4965934065933,66.58,12.44
2024-07-01,183.08572387695312,11815900,0.03225106107275244,0.005474507001004936,-0.06146662815140236,-0.09257914978498516,5.33,313.569,4.2,12.22,124.4667,4.48,66.4,84.7,83.31848907470703,532.7285766601562,-0.004202589449438854,0.0020583686249009414,59.0,64.0,42.0,0.00461166730724627,181.58982849121094,0.0009121923331121273,501.314697265625,-0.022464213084299134,43.08000183105469,-0.035520778501368366,16.020000457763672,-0.03423305854864489,28.320816040039062,1515.723,66.4,12.22
2024-07-02,185.1896209716797,12555500,0.03242039957361986,-0.021381711349327426,-0.07588031132640505,-0.09628810801586973,5.33,313.58490322580644,4.2,12.03,124.2917,4.43,66.4483870967742,84.09,84.06083679199219,536.3135986328125,0.008909759712751653,0.006729546958287536,59.38709677419355,63.83870967741935,42.03225806451613,0.012295609213967884,183.8225860595703,0.009550693123793197,506.10260009765625,0.004178191337697701,43.2599983215332,0.0149812586929019,16.260000228881836,0.003749192498193832,28.4269962310791,1515.5756847826087,66.4483870967742,12.03
2024-07-03,185.96363830566406,7409100,-0.00048025352265912424,-0.04359886383487488,-0.10133940106404093,-0.10598078510004627,5.33,313.6008064516129,4.2,12.09,123.7768,4.36,66.49677419354839,85.19,84.09013366699219,538.70703125,0.00034851990674922284,0.004462748330993138,59.774193548387096,63.67741935483871,42.064516129032256,0.003131236772118351,184.39817810058594,0.0009028598098042018,506.5595397949219,-0.003236231971344039,43.119998931884766,-0.03136532728800012,15.75,0.002376889375442115,28.494564056396484,1515.4283695652173,66.49677419354839,12.09
2024-07-05,190.49887084960938,14303400,-0.026984907886830167,-0.06548246013827985,-0.16315899335930362,-0.1277863474920249,5.33,313.63261290322583,4.2,12.48,123.4762,4.28,66.59354838709677,84.44,85.72134399414062,541.8134155273438,0.0193983557406181,0.005766370396420806,60.54838709677419,63.354838709677416,42.12903225806452,0.02572372597161765,189.14158630371094,0.058730185409998636,536.3098754882812,0.009044512970988405,43.5099983215332,0.039999946715339796,16.3799991607666,-0.003387561901923797,28.39803695678711,1515.1337391304348,66.59354838709677,12.48
2024-07-08,189.03012084960938,12097600,-0.01202225200306295,-0.03743159460903278,-0.1571818133238534,-0.11391276495409608,5.33,313.68032258064517,4.2,12.37,123.3576,4.28,66.73870967741937,83.63,84.94969940185547,542.4386596679688,-0.00900177897744936,0.001153984236467176,61.70967741935484,62.87096774193548,42.225806451612904,-0.008237208366883575,187.58358764648438,-0.019614309982552425,525.79052734375,-0.001608818605483009,43.439998626708984,0.00732605893660998,16.5,0.02651256821425574,29.150941848754883,1514.691793478261,66.73870967741937,12.37
2024-07-09,188.9904327392578,10198500,-0.02593996274890742,-0.03591680939200981,-0.1559021763606463,-0.13565217307055566,5.33,313.69622580645165,4.2,12.51,123.4071,4.3,66.78709677419356,82.78,85.21341705322266,542.9661254882812,0.0031043976991569355,0.0009723971750748017,62.096774193548384,62.70967741935484,42.25806451612903,-0.0002643678217019163,187.53399658203125,0.0012844544904946353,526.4658813476562,-0.0023019907293369,43.34000015258789,0.015151515151515138,16.75,0.024503370925316847,29.865238189697266,1514.5444782608695,66.78709677419356,12.51
2024-07-10,191.19354248046875,12052900,-0.0521125996204328,-0.09493402266230166,-0.14959002590570192,-0.1388034055702846,5.33,313.7121290322581,4.2,12.85,123.1895,4.28,66.83548387096775,83.39,85.7506332397461,548.3389892578125,0.00630436150903213,0.009895394053725859,62.483870967741936,62.54838709677419,42.29032258064516,0.01164136255242787,189.71714782714844,0.00884910609872902,531.1246337890625,-0.013843988740393831,42.7400016784668,0.005373143438083039,16.84000015258789,-0.0029088670790738957,29.778364181518555,1514.3971630434783,66.83548387096775,12.85
2024-07-11,185.87432861328125,16452000,-0.043139328126513554,-0.0968498849891557,-0.11697809622163513,-0.12827198053435307,5.33,313.72803225806456,4.2,12.92,122.769,4.2,66.88387096774194,83.92,84.57850646972656,543.61083984375,-0.013669015909683613,-0.008622675948070313,62.87096774193548,62.38709677419355,42.32258064516129,-0.029344012608717107,184.15008544921875,-0.041126548015811615,509.28131103515625,-0.014506380960073728,42.119998931884766,-0.027909697689774915,16.3700008392334,0.022690304826811447,30.454044342041016,1514.249847826087,66.88387096774194,12.92
2024-07-12,185.3582763671875,14449100,-0.03956521595964324,-0.09690532482029435,-0.12222925605302759,-0.12520168526561537,5.33,313.743935483871,4.2,12.46,122.4404,4.18,66.93225806451613,83.49,84.3050308227539,547.0396728515625,-0.003233394137440171,0.006307514045889917,63.25806451612903,62.225806451612904,42.354838709677416,-0.0026943785702566725,183.65391540527344,-0.02697492169584015,495.5434875488281,-0.01970555644361882,41.290000915527344,-0.011606629463466467,16.18000030517578,0.02313785762734799,31.1586856842041,1514.1025326086956,66.93225806451613,12.46
2024-07-15,186.75755310058594,12186000,-0.0257185373430584,-0.09065290514368296,-0.11828469877835768,-0.12462629734292108,5.33,313.7916451612903,4.2,13.12,122.6347,4.23,67.07741935483871,83.22,84.6078109741211,548.5440673828125,0.0035914837870560934,0.0027500647684435275,64.41935483870968,61.74193548387097,42.45161290322581,0.007888787775083284,185.10272216796875,-0.005432268037954713,492.8515625,0.0016953183161081409,41.36000061035156,0.0018540654345524654,16.209999084472656,-0.008054419270175806,30.9077205657959,1513.6605869565217,67.07741935483871,13.12
2024-07-16,184.08802795410156,12760100,-0.010242537689214903,-0.07353092691857765,-0.12652281801496357,-0.10205395331534706,5.33,313.8075483870968,4.2,13.19,122.7264,4.17,67.1258064516129,81.92,84.83247375488281,551.7970581054688,0.0026553432617519857,0.005930226787752568,64.80645161290323,61.58064516129032,42.483870967741936,-0.013992375828587034,182.5126953125,-0.012838642803360556,486.5240173339844,-0.014506824950776043,40.7599983215332,-0.004318303440946525,16.139999389648438,0.07464071658405502,33.21469497680664,1513.5132717391305,67.1258064516129,13.19
2024-07-17,181.22994995117188,17376600,-0.045175643251215036,-0.05185615394213694,-0.10650533304212839,-0.08487721651590296,5.33,313.8234516129032,4.2,14.48,122.518,4.16,67.17419354838711,84.16,83.55290985107422,544.0602416992188,-0.015083420854916985,-0.014021126594645938,65.19354838709677,61.41935483870968,42.516129032258064,-0.0157677120063352,179.6348876953125,-0.05675907777859812,458.90936279296875,-0.0014719715668402023,40.70000076293945,-0.09727383854990446,14.569999694824219,0.03312988477245926,34.315093994140625,1513.365956521739,67.17419354838711,14.48
2024-07-18,177.8558349609375,17877200,-0.056132056046863554,-0.03777475214396753,-0.08079437472331752,-0.06841023819573844,5.33,313.8393548387097,4.2,15.93,122.7909,4.2,67.2225806451613,84.17,83.50407409667969,539.879150390625,-0.0005844889720966195,-0.007684978589016733,65.58064516129032,61.25806451612903,42.54838709677419,-0.018395671558724014,176.33038330078125,0.03000078071269896,472.677001953125,0.006388165028486936,40.959999084472656,0.0,14.569999694824219,-0.01575232760928358,33.77455139160156,1513.2186413043478,67.2225806451613,15.93
2024-07-19,178.0245361328125,14485900,-0.05970224091575771,-0.061263137035211024,-0.061263137035211024,-0.08174060959546126,5.33,313.85525806451614,4.2,16.52,123.147,4.25,67.2709677419355,81.43,83.13290405273438,536.2940673828125,-0.0044449333515820255,-0.006640528727991368,65.96774193548387,61.096774193548384,42.58064516129032,-0.00016891675553831753,176.30059814453125,0.0019754427104181627,473.6107482910156,-0.004394538798806247,40.779998779296875,-0.011667816050424218,14.399999618530273,-0.00914545580223447,33.465667724609375,1513.0713260869566,67.2709677419355,16.52
2024-07-22,181.9544219970703,16303900,-0.06664846893786058,-0.1238615412805415,-0.07848386922290251,-0.0986240588231101,5.33,313.90296774193547,4.2,14.91,123.2172,4.26,67.41612903225807,81.25,83.48454284667969,541.8232421875,0.004229838930229768,0.010309968244979206,67.12903225806451,60.61290322580645,42.67741935483871,0.022571073865444102,180.27989196777344,0.022252969645428777,484.1499938964844,0.00784697656701927,41.099998474121094,0.026388897535241984,14.779999732971191,-0.007499409540189128,33.21469497680664,1512.6293804347827,67.41612903225807,14.91
2024-07-23,182.20249938964844,23772600,-0.06394333120924744,-0.12559913165114334,-0.08698244668730115,-0.09576107107525167,5.33,313.91887096774195,4.2,14.72,123.3843,4.25,67.46451612903226,78.24,83.36731719970703,540.9732666015625,-0.0014041598956581192,-0.0015687322354536182,67.51612903225806,60.45161290322581,42.70967741935484,0.0006606108276019373,180.39898681640625,0.0026466427480456023,485.4313659667969,-0.006812622620246067,40.81999969482422,-0.030446537036213805,14.329999923706055,-0.001743647922317515,33.15678024291992,1512.4820652173912,67.46451612903226,14.72
2024-07-24,173.0427703857422,31250700,-0.006996585962332769,-0.07810992271878625,-0.050926363148251164,-0.04203938951359509,5.33,313.9347741935484,4.2,18.04,123.5575,4.28,67.51290322580645,78.78,81.18911743164062,528.7135620117188,-0.026127742156419775,-0.022662311331685947,67.90322580645162,60.29032258064516,42.74193548387097,-0.05038778180282755,171.30908203125,-0.05610923505723875,458.1941833496094,-0.04924052759824149,38.810001373291016,-0.052337753244456,13.579999923706055,-0.039592429736773016,31.844022750854492,1512.33475,67.51290322580645,18.04
2024-07-25,167.87242126464844,28967900,0.019449017227994192,-0.03144963131563372,-0.010226977008162441,-0.026386135144546463,5.33,313.95067741935486,4.2,18.46,123.5286,4.27,67.56129032258065,79.43,80.2514419555664,525.958740234375,-0.011549275392280456,-0.0052104238954299165,68.29032258064517,60.12903225806452,42.774193548387096,-0.030991068603726468,166.00003051757812,-0.017039841263952638,450.3866271972656,-0.02396290317618499,37.880001068115234,-0.009572909806426555,13.449999809265137,0.00788113448229777,32.09498977661133,1512.1874347826088,67.56129032258065,18.46
2024-07-26,167.3960723876953,25150100,-0.0016600019561606727,-0.019504453273602063,-0.004446391489734802,-0.023318784274400706,5.33,313.9665806451613,4.2,16.39,123.672,4.2,67.60967741935484,78.58,81.75564575195312,531.8493041992188,0.018743635749493004,0.01119966931668226,68.6774193548387,59.96774193548387,42.806451612903224,-0.0016738704683473271,165.72216796875,0.027105685632915266,462.59466552734375,-0.008711769317569007,37.54999923706055,-0.00892192470340547,13.329999923706055,0.0,32.09498977661133,1512.0401195652173,67.60967741935484,16.39
2024-07-29,169.8274383544922,13768900,-0.06129852519508194,-0.04195650761724523,-0.027756715725001935,-0.022907756474930263,5.33,314.0142903225807,4.2,16.6,124.1392,4.17,67.75483870967743,77.27,82.47846221923828,532.1619262695312,0.008841181066298276,0.0005878019729350648,69.83870967741936,59.483870967741936,42.903225806451616,0.015149757365225058,168.23281860351562,2.150636661024663e-05,462.6046142578125,-0.005059883637000495,37.36000061035156,0.0015004094432216064,13.350000381469727,-0.0015035343754906672,32.04673385620117,1511.5981739130434,67.75483870967743,16.6
2024-07-30,170.55186462402344,13681400,-0.06586759380876595,-0.03450488477212765,-0.042825598018553124,-0.019192492775751413,5.33,314.0301935483871,4.2,17.69,124.2855,4.15,67.80322580645162,76.17,82.8105697631836,529.4657592773438,0.004026597186820968,-0.005066440981766007,70.2258064516129,59.32258064516129,42.935483870967744,0.004482868774798643,168.9869842529297,-0.005411043796311854,460.1014404296875,-0.0002677231281333903,37.349998474121094,-0.01947567201891065,13.09000015258789,0.0147588478749614,32.51970672607422,1511.4508586956522,67.80322580645162,17.69
2024-07-31,171.83206176757812,15650200,-0.0716143930133114,-0.06422183240735035,-0.0563096995289839,-0.010307440086683606,5.33,314.0460967741936,4.2,16.36,123.6373,4.09,67.85161290322581,79.36,83.79710388183594,538.0720825195312,0.011913142506730479,0.016254730530514516,70.61290322580645,59.16129032258065,42.96774193548387,0.007340404024260172,170.2274169921875,0.02513012877435794,471.6638488769531,-0.14457825787926515,31.950000762939453,0.01757062945418353,13.319999694824219,0.13208672625874995,36.815128326416016,1511.303543478261,67.85161290322581,16.36
2024-08-01,171.1373748779297,17177800,-0.04992760568059351,-0.05381279869511013,-0.04256316993945697,0.022741953905695667,5.33,314.062,4.2,18.59,123.8693,3.99,67.9,77.74,84.13897705078125,530.452392578125,0.004079773084131766,-0.014161095118941924,71.0,59.0,43.0,-0.00454696045831382,169.45339965820312,0.048248579258063806,494.42095947265625,-0.022222252734493186,31.239999771118164,-0.03828823475166376,12.8100004196167,-0.01494498161563751,36.26492691040039,1511.1562282608695,67.9,18.59
2024-08-02,167.11819458007812,18907800,-0.017874122395582726,-0.021733783115773897,-0.05813531784952475,0.026825153315416683,5.323548387096774,314.0836129032258,4.1967741935483875,23.39,123.4681,3.8,67.9709677419355,74.99,82.771484375,520.5762329101562,-0.016252784663116526,-0.018618371424376612,71.12903225806451,58.483870967741936,42.61290322580645,-0.024010251683475814,165.38478088378906,-0.01928704478795562,484.8850402832031,-0.06850190157897817,29.100000381469727,-0.2693208938273153,9.359999656677246,-0.023955168985696607,35.39619445800781,1511.0089130434783,67.9709677419355,23.39
2024-08-05,159.41726684570312,34907800,0.020605078501507945,0.04830673544183006,-0.017617015248521883,0.07617809691631638,5.304193548387097,314.1484516129032,4.187096774193549,38.57,123.5787,3.78,68.18387096774194,74.46,80.39794921875,505.4150695800781,-0.02867575922036858,-0.029123810062021582,71.51612903225806,56.935483870967744,41.45161290322581,-0.044461689303388785,158.031494140625,-0.025422889821220873,472.557861328125,-0.015120293068374036,28.65999984741211,-0.06944440623633741,8.710000038146973,-0.027543135500975313,34.42127227783203,1510.5669673913044,68.18387096774194,38.57
2024-08-06,159.31802368164062,36146500,0.033574158040950985,0.05244799716810533,-0.012084110951889437,0.06456141547232819,5.297741935483871,314.17006451612906,4.183870967741935,27.71,123.6532,3.9,68.25483870967743,74.6,81.34541320800781,510.0748596191406,0.011784678570344154,0.009219729128642884,71.64516129032258,56.41935483870968,41.064516129032256,-0.00602843439719325,157.0788116455078,0.03859319631100888,490.7953796386719,0.006629467378548304,28.850000381469727,-0.00803670430742165,8.640000343322754,0.0005609902330958594,34.440582275390625,1510.419652173913,68.25483870967743,27.71
2024-08-07,159.5264129638672,19334200,0.007962812596756574,0.042799603585862656,-0.05362370672087635,0.06771781519223419,5.291290322580645,314.19167741935485,4.180645161290323,27.85,123.5698,3.96,68.3258064516129,76.68,80.91563415527344,506.6654052734375,-0.0052833839768615665,-0.006684223465255434,71.7741935483871,55.903225806451616,40.67741935483871,0.004106440475847073,157.72384643554688,-0.010463747816477187,485.6598205566406,-0.00207970416461134,28.790000915527344,-0.040509301801152975,8.289999961853027,-0.020459789517335958,33.73593521118164,1510.2723369565217,68.3258064516129,27.85
2024-08-08,162.5928955078125,15733600,-0.004089365229162145,0.01007077159166081,-0.08607881537072026,0.0898728453761033,5.28483870967742,314.21329032258063,4.17741935483871,23.79,123.4466,3.99,68.3967741935484,77.64,82.52730560302734,518.3782348632812,0.019917923953499228,0.023117484375161812,71.90322580645162,55.38709677419355,40.29032258064516,0.01944132446000091,160.7902069091797,0.0423587860853718,506.2317810058594,0.016672439283510032,29.270000457763672,0.07840767448990205,8.9399995803833,-0.002288867985055565,33.65871810913086,1510.1250217391305,68.3967741935484,23.79
2024-08-09,164.131103515625,13549200,-0.003929904310846166,0.012334592975258962,-0.0917983886202347,0.10357304088617703,5.2783870967741935,314.2349032258065,4.174193548387096,20.37,122.9276,3.94,68.46774193548387,78.28,83.2305679321289,520.6640625,0.008521571423698138,0.004409574868284416,72.03225806451613,54.87096774193549,39.903225806451616,0.010121520691675157,162.4176483154297,0.015972254499176275,514.3174438476562,-0.009566131953074097,28.989999771118164,0.012304319408798614,9.050000190734863,-0.0005735863974002386,33.63941192626953,1509.977706521739,68.46774193548387,20.37
2024-08-12,162.7020721435547,12435000,0.02714238594716245,0.024275608296961737,-0.0707515809807947,0.09848592912790699,5.259032258064516,314.2997419354839,4.164516129032258,20.71,123.2204,3.9,68.68064516129033,81.45,82.65428924560547,520.9376831054688,-0.006923882665241132,0.0005255223572662171,72.41935483870968,53.32258064516129,38.74193548387097,-0.008431631752983337,161.04820251464844,-0.003515069048796393,512.5095825195312,0.0006899088624208183,29.010000228881836,-0.0033148875512626352,9.020000457763672,-0.03098996753368255,32.596927642822266,1509.5357608695651,68.68064516129033,20.71
2024-08-13,164.6669921875,12717600,0.01826074982653192,0.0027121053973750975,-0.06138274378925268,0.09811097800366508,5.252580645161291,314.3213548387097,4.161290322580645,18.12,123.0146,3.85,68.7516129032258,79.81,83.72872924804688,529.5048217773438,0.012999204424209987,0.016445611346070477,72.54838709677419,52.806451612903224,38.354838709677416,0.011522527690913442,162.9038848876953,0.024401458766550865,525.0155639648438,0.02550843727265595,29.75,0.023281493771090345,9.229999542236328,0.023393670914369613,33.35948944091797,1509.388445652174,68.7516129032258,18.12
2024-08-14,160.79669189453125,22515900,0.03456158357604289,0.015244014692770147,-0.021301916535743315,0.13288477137726318,5.2461290322580645,314.3429677419355,4.158064516129032,16.19,122.4297,3.83,68.8225806451613,78.47,83.25011444091797,531.1752319335938,-0.00571625547679111,0.0031546646745219675,72.6774193548387,52.29032258064516,37.96774193548387,-0.02308724306671306,159.14288330078125,-0.003367413191689428,523.2476196289062,-0.015798296247209853,29.280000686645508,-0.021668452782683367,9.029999732971191,-0.011284861389206813,32.9830322265625,1509.2411304347827,68.8225806451613,16.19
2024-08-15,161.92799377441406,18392500,0.014218280562975583,0.0014096155968184032,-0.02433464475924818,0.1076031700755542,5.239677419354838,314.3645806451613,4.154838709677419,15.23,122.5844,3.92,68.89354838709677,79.66,84.00222778320312,540.2797241210938,0.009034382082668824,0.017140279968171024,72.80645161290323,51.774193548387096,37.58064516129032,0.005799174425682008,160.06578063964844,0.020065814452980835,533.7470092773438,0.047472655637006644,30.670000076293945,0.029900383803758146,9.300000190734863,0.043020347191123465,34.401973724365234,1509.0938152173912,68.89354838709677,15.23
2024-08-16,163.486083984375,16853100,0.01632866738645755,0.002245706268601433,-0.025792441897798613,0.07796178239319995,5.233225806451613,314.3861935483871,4.151612903225806,14.8,122.3972,3.89,68.96451612903226,78.05,84.25617980957031,541.4910278320312,0.003023158231262535,0.002241993650433649,72.93548387096774,51.25806451612903,37.193548387096776,0.010291255416669642,161.7130584716797,-0.0184430693462746,523.903076171875,0.011085756496319377,31.010000228881836,-0.00752695129708425,9.229999542236328,-0.012626367071914335,33.96760177612305,1508.9465,68.96451612903226,14.8
2024-08-19,167.11819458007812,13100800,-0.002791022636610685,-0.05813531784952475,-0.0438141614268035,0.03396030298044472,5.2138709677419355,314.4510322580645,4.141935483870967,14.65,121.8788,3.86,69.1774193548387,75.82,85.21341705322266,546.6685180664062,0.011361033052006642,0.00956154390055941,73.3225806451613,49.70967741935484,36.03225806451613,0.022766407369975594,165.39468383789062,0.0035265973781715143,525.7506713867188,0.02450823035383265,31.770000457763672,0.02925248874912234,9.5,0.03949989684878363,35.30931854248047,1508.5045543478261,69.1774193548387,14.65
2024-08-20,167.67393493652344,12622500,-0.015269806316118628,-0.06599191768182511,-0.03258244234816576,0.04777899145111064,5.207419354838709,314.47264516129036,4.138709677419355,15.88,121.7728,3.82,69.2483870967742,75.27,85.15481567382812,545.7794799804688,-0.0006877013200624615,-0.0016262836738469844,73.45161290322581,49.193548387096776,35.645161290322584,0.0030600667607316723,165.9008026123047,-0.0048180272371430855,523.2175903320312,-0.0037771746145528473,31.649999618530273,-0.0031578666285464463,9.470000267028809,-0.0013667705042044176,35.26105880737305,1508.357239130435,69.2483870967742,15.88
2024-08-21,166.3540802001953,15269600,-0.018672227144275078,-0.053868670865031554,-0.016544212575447026,0.07269811425805539,5.200967741935484,314.49425806451615,4.135483870967742,16.27,121.8535,3.79,69.31935483870967,72.76,85.51622009277344,547.6550903320312,0.0042440866800723676,0.0034365717663653594,73.58064516129032,48.67741935483871,35.25806451612903,-0.007955502312031015,164.5809783935547,0.01600450842395662,531.5914306640625,0.02748817850613916,32.52000045776367,0.001055889643671204,9.479999542236328,0.01669848190209855,35.8498649597168,1508.2099239130434,69.31935483870967,16.27
2024-08-22,164.23033142089844,19123800,-0.012629100866775156,-0.0807300084298066,-0.013325932669881357,0.07295587410163273,5.194516129032258,314.51587096774193,4.132258064516129,17.55,122.3626,3.86,69.39032258064516,73.72,84.87155151367188,543.3568115234375,-0.007538553252262381,-0.007848514301196041,73.70967741935483,48.16129032258065,34.87096774193549,-0.012360769476743805,162.546630859375,-0.006035413361403563,528.383056640625,-0.015375153535111097,32.02000045776367,-0.024261556259745465,9.25,-0.019386077228278453,35.154876708984375,1508.0626086956522,69.39032258064516,17.55
2024-08-23,166.1555938720703,14281600,-0.013856699677744166,-0.10567505907014241,-0.02134983069880514,0.012141050564629552,5.188064516129033,314.5374838709678,4.129032258064516,15.86,121.4597,3.81,69.46129032258064,75.82,85.46739196777344,549.1301879882812,0.007020496779837737,0.010625387116536933,73.83870967741936,47.645161290322584,34.483870967741936,0.011111313460230088,164.3527374267578,-0.00738844785993531,524.4791259765625,0.009993744230151425,32.34000015258789,0.019459492451435745,9.430000305175781,0.02471179429752035,36.023616790771484,1507.915293478261,69.46129032258064,15.86
2024-08-26,166.65176391601562,11990300,-0.055499194721695955,-0.10553522394427972,-0.02813923486200398,-0.006792721639233501,5.168709677419355,314.6023225806452,4.119354838709677,16.15,121.6943,3.82,69.6741935483871,78.4,85.66273498535156,547.8212280273438,0.002285585333547724,-0.00238369696215901,74.2258064516129,46.096774193548384,33.32258064516129,0.0032604151454165287,164.8885955810547,-0.013030040732842085,517.6451416015625,-0.019789715109114647,31.700000762939453,-0.001060469624412086,9.420000076293945,0.0013397752392549922,36.07188034057617,1507.473347826087,69.6741935483871,16.15
2024-08-27,165.11358642578125,13718200,-0.051508638296094866,-0.08432342496232281,-0.01403018459490002,0.01967196025759077,5.162258064516129,314.623935483871,4.116129032258065,15.43,121.8672,3.83,69.74516129032257,76.5,85.46739196777344,548.5733642578125,-0.0022803733456738806,0.0013729592647899747,74.35483870967742,45.58064516129032,32.935483870967744,-0.008907066622037663,163.419921875,-0.0038762669644897274,515.6386108398438,-0.005362778302917093,31.530000686645508,0.008492560834195695,9.5,-0.007492681651606992,35.801605224609375,1507.3260326086956,69.74516129032257,15.43
2024-08-28,163.2478790283203,15208700,-0.03586614451798564,-0.053223347736758075,0.0061252799778812594,0.038569111715696325,5.155806451612903,314.6455483870968,4.112903225806451,17.11,121.8943,3.84,69.81612903225806,75.49,84.90086364746094,545.3887329101562,-0.006628590240897014,-0.005805297076289628,74.48387096774194,45.064516129032256,32.54838709677419,-0.011112441138506735,161.6039276123047,-0.004469460619114796,513.333984375,-0.008246121890887248,31.270000457763672,-0.033684178402549336,9.180000305175781,-0.009436477270111876,35.46376419067383,1507.1787173913044,69.81612903225806,17.11
2024-08-29,162.15625,17133800,-0.06897196142079398,-0.029507563325062658,0.024541472947581466,0.046786264363316565,5.1493548387096775,314.6671612903226,4.109677419354838,15.65,122.2333,3.87,69.88709677419354,76.9,84.72503662109375,545.4375610351562,-0.002070968642878368,8.952903141112856e-05,74.61290322580645,44.54838709677419,32.16129032258065,-0.006570373080600045,160.54212951660156,0.002786528781289599,514.764404296875,-0.002238557524767759,31.200000762939453,0.004357294174649917,9.220000267028809,0.012248116599023806,35.898128509521484,1507.031402173913,69.88709677419354,15.65
2024-08-30,163.8532257080078,18498800,-0.09310853641899053,-0.03579845384993974,0.021390100933249556,0.03394378152563471,5.142903225806451,314.6887741935484,4.106451612903226,15.0,122.3262,3.91,69.95806451612903,74.52,85.29157257080078,550.6443481445312,0.006686759573096168,0.00954607361380333,74.74193548387096,44.03225806451613,31.774193548387096,0.009889947895167506,162.1298828125,0.005962840441551265,517.8338623046875,0.026923081155359352,32.040000915527344,0.013015171592587471,9.34000015258789,0.0005378047174857681,35.91743469238281,1506.8840869565217,69.95806451612903,15.0
2024-09-03,157.40272521972656,26533100,-0.05297616364428637,0.011859092272875627,0.056240072628251925,0.09203498215557193,5.11,314.79193333333336,4.1,20.72,122.7811,3.84,70.12666666666667,71.28,83.72872924804688,539.3126220703125,-0.018323537433391657,-0.020579029118164005,74.66666666666667,43.733333333333334,31.733333333333334,-0.03684680703043586,156.15591430664062,-0.018319309209246848,508.3475036621094,-0.022784064566964024,31.309999465942383,-0.05139191521079878,8.859999656677246,-0.009943561388937816,35.56028747558594,1506.2948260869566,70.12666666666667,20.72
2024-09-04,156.6088104248047,17410700,-0.03459682184904489,0.02035160468903685,0.06096020710253747,0.09782496542363894,5.1,314.8219,4.1,21.32,122.5144,3.77,70.14,70.11,83.3282470703125,538.2088012695312,-0.004783091554488306,-0.00204671790647859,74.5,44.1,32.1,-0.005782778966318958,155.25289916992188,0.0019150497153510582,509.3210144042969,-0.01533055095572422,30.829999923706055,-0.00790064306283178,8.789999961853027,-0.010586342979275964,35.183834075927734,1506.1475108695652,70.14,21.32
2024-09-05,157.39280700683594,14139500,-0.018002897751261626,0.030610684839738944,0.06419842373577245,0.11173880102511946,5.09,314.8518666666667,4.1,19.9,122.4533,3.73,70.15333333333332,70.09,83.57243347167969,536.8997192382812,0.002930415674784914,-0.002432293987318923,74.33333333333333,44.46666666666667,32.46666666666667,0.005049410033992396,156.03683471679688,0.00803508519853069,513.4134521484375,-0.0006487336300086133,30.809999465942383,0.009101242781938579,8.869999885559082,0.0016460609085904299,35.24174880981445,1506.000195652174,70.15333333333332,19.9
2024-09-06,150.97201538085938,24999100,0.04238798023307222,0.08365701101524925,0.08201158629656335,0.14730472760438484,5.08,314.88183333333336,4.1,22.38,122.4991,3.72,70.16666666666666,68.58,81.82402801513672,527.8635864257812,-0.020920839371459166,-0.016830205881500304,74.16666666666667,44.833333333333336,32.833333333333336,-0.040193212810836654,149.7652130126953,-0.03209748107591204,496.9341735839844,-0.05063289493616574,29.25,-0.028184893261049004,8.619999885559082,-0.018898916946016642,34.57571792602539,1505.8528804347827,70.16666666666666,22.38
2024-09-09,148.5970916748047,28057700,0.06319398171723067,0.09047766181487238,0.10806494128075084,0.18021958094191293,5.05,314.97173333333336,4.1,19.45,122.7156,3.7,70.20666666666666,69.65,82.17566680908203,533.773681640625,0.004297500410029409,0.011196254802991135,73.66666666666667,45.93333333333333,33.93333333333333,-0.013335998638004831,147.7679443359375,0.009035075237637136,501.42401123046875,0.0054700802534053405,29.40999984741211,-0.010440853107047676,8.529999732971191,0.005862651463505841,34.77842330932617,1505.4109347826088,70.20666666666666,19.45
2024-09-10,149.0641326904297,20401800,0.06846211618775877,0.09086067277458532,0.08699428512466945,0.18192750648552214,5.04,315.0017,4.1,19.08,123.0071,3.65,70.22,66.73,82.15614318847656,536.0987548828125,-0.00023758396327744347,0.00435591585377737,73.5,46.3,34.3,-0.0003363237960702925,147.71824645996094,0.0,501.42401123046875,-0.009860557962710348,29.1200008392334,0.01289573432533353,8.640000343322754,0.0063834909791702366,35.000431060791016,1505.2636195652174,70.22,19.08
2024-09-11,151.19064331054688,18991500,0.056917594412031036,0.07124559592185653,0.07249433058516841,0.22735206283942055,5.03,315.0316666666667,4.1,17.69,122.7754,3.65,70.23333333333333,68.25,82.49800109863281,541.5984497070312,0.004161075445958895,0.010258734559868365,73.33333333333333,46.666666666666664,34.666666666666664,0.016816992452015844,150.20242309570312,0.013946486148884274,508.4171142578125,0.003434013435410499,29.219999313354492,0.04166662527455389,9.0,-0.025372110960983463,34.112396240234375,1505.1163043478261,70.23333333333333,17.69
2024-09-12,154.5592803955078,20980800,0.04950481267172502,0.05329820320406453,0.05773429028974353,0.2661256366126554,5.02,315.06163333333336,4.1,17.07,122.4423,3.68,70.24666666666667,69.89,84.04129791259766,546.1605834960938,0.018707081303942275,0.008423461683707334,73.16666666666667,47.03333333333333,35.03333333333333,0.02335278340406921,153.71006774902344,0.026903424840568402,522.0952758789062,0.003080087429939038,29.309999465942383,0.03555552164713549,9.319999694824219,-0.009903873250461825,33.77455139160156,1504.968989130435,70.24666666666667,17.07
2024-09-13,157.3714141845703,16733900,0.03959085442730226,0.043695380410885054,0.05038845714056328,0.22403030670598212,5.01,315.0916,4.1,16.56,121.6551,3.66,70.25999999999999,69.59,84.85202026367188,549.0130004882812,0.00964671383249427,0.005222670911050553,73.0,47.4,35.4,0.01790660942232547,156.46249389648438,-0.0018646227751221156,521.1217651367188,-0.015353083036173665,28.860000610351562,0.02145931003093504,9.520000457763672,0.0008573723632214758,33.80350875854492,1504.8216739130435,70.25999999999999,16.56
2024-09-16,157.98753356933594,14157600,0.0256619963683149,0.05157539629381125,0.04975153737186799,0.20508909179957913,4.98,315.1815,4.1,17.14,121.4976,3.63,70.3,71.1,85.7408676147461,549.8237915039062,0.010475264446411447,0.0014768156945352828,72.5,48.5,36.5,0.0038106379936815316,157.0587158203125,0.01747715727895538,530.2294921875,0.0010394587201123517,28.889999389648438,0.01260502938959629,9.640000343322754,0.004568923578216477,33.95795440673828,1504.3797282608696,70.3,17.14
2024-09-17,159.26937866210938,12064800,0.020963360560451116,0.050786184701526516,0.040304648128671294,0.23773922247414658,4.97,315.21146666666664,4.1,17.61,121.6031,3.65,70.31333333333333,72.16,85.7408676147461,550.0484619140625,0.0,0.00040862256895390914,72.33333333333333,48.86666666666667,36.86666666666667,0.00797163120567368,158.31072998046875,0.005700403348343874,533.2520141601562,0.01626864765083824,29.360000610351562,-0.022821603650791777,9.420000076293945,0.021603203999517318,34.69155502319336,1504.2324130434783,70.31333333333333,17.61
2024-09-18,159.79605102539062,16756500,0.013556403626525215,0.04042036615505484,0.023008397124859803,0.2271850161481701,4.96,315.2414333333333,4.1,18.23,121.5618,3.7,70.32666666666667,71.87,85.67250061035156,548.4171752929688,-0.0007973677698448478,-0.002965714357998861,72.16666666666667,49.233333333333334,37.233333333333334,0.003075647235310175,158.79763793945312,0.003039098635759352,534.8726196289062,0.018051729164815233,29.889999389648438,0.026539277916689308,9.670000076293945,0.008903493584855315,35.000431060791016,1504.0850978260871,70.32666666666667,18.23
2024-09-19,162.21070861816406,17548200,0.003614457491321499,0.024320264413030257,0.011088230709700442,0.166170882828232,4.95,315.27139999999997,4.1,16.33,121.3059,3.73,70.34,72.86,86.83486938476562,557.7755126953125,0.013567583134997507,0.01706426753929513,72.0,49.6,37.6,0.014579759203502407,161.1128692626953,0.03931611564660242,555.9017333984375,0.0210773195376317,30.520000457763672,0.04136500676053512,10.069999694824219,0.015995700562159598,35.56028747558594,1503.9377826086957,70.34,16.33
2024-09-20,163.6018829345703,46362700,0.003948212862880496,0.023809592650049005,0.0070458233136503345,0.1535181596619899,4.94,315.30136666666664,4.1,16.15,121.4052,3.73,70.35333333333332,72.72,86.83486938476562,556.8114013671875,0.0,-0.001728493464093095,71.83333333333333,49.96666666666667,37.96666666666667,0.008942962921641984,162.55369567871094,0.004024091628646476,558.1387329101562,-0.004587198391127756,30.3799991607666,-0.0019860481326166024,10.050000190734863,-0.014657930837394417,35.03904724121094,1503.7904673913044,70.35333333333332,16.15
2024-09-23,162.04180908203125,15648400,0.025265048346581276,0.00809458234286664,0.02299621867999946,0.18463794962734847,4.91,315.39126666666664,4.1,15.89,121.4303,3.75,70.39333333333333,71.33,87.02983093261719,558.2027587890625,0.002245198838126683,0.0024987947776549113,71.33333333333333,51.06666666666666,39.06666666666666,-0.0106364154948424,160.82470703125,0.005451337382013088,561.1813354492188,0.0026333089504941842,30.459999084472656,0.014925334893879816,10.199999809265137,0.012947678436663113,35.49272155761719,1503.3485217391305,70.39333333333333,15.89
2024-09-24,162.6082000732422,18774100,0.029210474433386535,0.012588710698283379,0.005133300759119219,0.199048841708932,4.9,315.4212333333333,4.1,15.39,121.1291,3.74,70.40666666666667,72.34,87.44132232666016,559.7999267578125,0.004728164924984846,0.002861268497158287,71.16666666666667,51.43333333333333,39.43333333333333,0.0027183607139713573,161.2618865966797,-0.001913448356308356,560.1075439453125,0.039067648385591625,31.649999618530273,0.03627449926253856,10.569999694824219,0.014957862058914362,36.023616790771484,1503.201206521739,70.40666666666667,15.39
2024-09-25,161.96231079101562,13607900,0.026504654731014377,0.0004294181788788709,0.009448424690998936,0.21353539666350185,4.89,315.4512,4.1,15.41,121.4447,3.79,70.42,70.42,87.1669921875,558.5652465820312,-0.0031373054736675288,-0.002205574021654777,71.0,51.8,39.8,-0.004929290069630721,160.46697998046875,0.008840116633223705,565.0589599609375,0.015797848763824174,32.150001525878906,0.0018921909499642897,10.59000015258789,-0.00857458271010103,35.71472930908203,1503.0538913043479,70.42,15.41
2024-09-26,162.79701232910156,18234500,0.02063123619548657,-0.003967545422209007,0.01928819442003582,0.20444115768345217,4.88,315.48116666666664,4.1,15.37,121.0785,3.79,70.43333333333334,68.28,87.65686798095703,560.77978515625,0.005619968994723168,0.003964690943036642,70.83333333333333,52.166666666666664,40.166666666666664,0.007678319236572584,161.6990966796875,-0.000826859061089924,564.5917358398438,0.017729383134411414,32.720001220703125,-0.002832835933799349,10.5600004196167,0.004594333804508688,35.878814697265625,1502.9065760869566,70.43333333333334,15.37
2024-09-27,164.24781799316406,13604300,0.019783271221262888,-0.004658614316325194,0.018452185473161187,0.17526835619549908,4.87,315.5111333333333,4.1,16.96,121.1111,3.75,70.44666666666667,68.72,88.1859130859375,559.9664916992188,0.006035409628089905,-0.0014502902539623719,70.66666666666667,52.53333333333333,40.53333333333333,0.007497325686470102,162.91140747070312,-0.0008455968479194054,564.1143188476562,-0.007335014349416968,32.47999954223633,0.029356008865919714,10.869999885559082,0.01721848347803001,36.4965934753418,1502.7592608695652,70.44666666666667,16.96
2024-09-30,166.13580322265625,14070100,-0.01674734355901919,-0.005024120406955435,0.023625911977689595,0.15382862552806453,4.84,315.6010333333333,4.1,16.73,121.2864,3.81,70.48666666666666,68.75,88.56800079345703,562.21044921875,0.0043327521839817695,0.004007306781378839,70.16666666666667,53.63333333333333,41.63333333333333,0.011588842925278842,164.7993621826172,0.008953903884132863,569.1653442382812,-0.0033867183467327644,32.369998931884766,-0.015639381608438918,10.699999809265137,0.0007933220470468516,36.52554702758789,1502.3173152173913,70.48666666666666,16.73
2024-10-01,167.35806274414062,18629500,-0.016150014159401094,-0.009024999867796923,0.045837710469514015,0.13202743477421275,4.83,315.631,4.1,19.26,121.6881,3.74,70.5,70.41,88.6365966796875,557.173828125,0.0007744996569407636,-0.008958604559465067,70.0,54.0,42.0,0.006873703680762011,165.93214416503906,0.0070400597091431205,573.1723022460938,0.012048174313168847,32.7599983215332,-0.026168199809568193,10.420000076293945,-0.008192416192538965,36.226314544677734,1502.17,70.5,19.26
2024-10-02,166.25506591796875,12745000,-0.025401966208295934,-0.00340675929532519,0.03215601175216776,0.14067449777398267,4.823870967741936,315.6599354838709,4.103225806451612,18.9,121.5724,3.79,70.54193548387097,70.74,88.36226654052734,557.4091186523438,-0.0030949985608260677,0.000422292856316675,70.09677419354838,53.935483870967744,42.03225806451613,-0.006766821809018109,164.80931091308594,-0.006348942668159663,569.5332641601562,0.01373628772879587,33.209999084472656,0.044145876658244765,10.880000114440918,-0.002131414368919282,36.14910125732422,1503.0062826086958,70.54193548387097,18.9
2024-10-03,166.1557159423828,11004300,-0.02410153711284624,-0.016147587224420223,0.032533668050884534,0.1563247961439891,4.817741935483871,315.68887096774193,4.106451612903226,20.49,122.1197,3.85,70.58387096774193,74.33,88.05855560302734,556.3900146484375,-0.003437111217158506,-0.0018282872845175602,70.19354838709677,53.87096774193548,42.064516129032256,0.0,164.80931091308594,0.0173880557906978,579.4363403320312,-0.01324898039261635,32.77000045776367,-0.012867678478875488,10.739999771118164,-0.004272356106358344,35.994659423828125,1503.8425652173914,70.58387096774193,20.49
2024-10-04,167.49717712402344,11422100,-0.02396772552300952,-0.020823268815656548,0.012577189137927602,0.17575105253256895,4.811612903225806,315.7178064516129,4.109677419354838,19.21,122.2197,3.98,70.6258064516129,74.93,89.03827667236328,561.4461059570312,0.011125790817561931,0.009087314968778681,70.29032258064517,53.806451612903224,42.096774193548384,0.007235016424028906,166.001708984375,0.02259876115040993,592.5308837890625,0.014647529311297536,33.25,0.005586631368284634,10.800000190734863,0.00831303471974354,36.29388427734375,1504.6788478260871,70.6258064516129,19.21
2024-10-07,163.3534698486328,14034700,0.011922900055513441,0.008577246924557524,0.04270324513501578,0.19796333353976858,4.793225806451613,315.8046129032258,4.119354838709677,22.64,122.4241,4.03,70.7516129032258,77.76,87.84300994873047,556.3704223632812,-0.01342418977886406,-0.009040375451706217,70.58064516129032,53.61290322580645,42.193548387096776,-0.02442235966838402,161.9475555419922,-0.018726567069350608,581.434814453125,-0.0201503208705357,32.58000183105469,-0.029629689152511185,10.479999542236328,-0.0018617388028703274,36.226314544677734,1507.187695652174,70.7516129032258,22.64
2024-10-08,164.6552276611328,11723900,0.007241972245917827,0.006759155561960162,0.07622201968427866,0.18051681772836137,4.787096774193548,315.83354838709676,4.12258064516129,21.42,122.6625,4.04,70.79354838709678,74.26,88.61699676513672,561.6323852539062,0.008811023402522045,0.009457661081755386,70.6774193548387,53.54838709677419,42.225806451612904,0.008589899838835846,163.3386688232422,0.013868553219595459,589.4984741210938,0.010435737224745889,32.91999816894531,0.01812982274396857,10.670000076293945,0.005062806750816273,36.40972137451172,1508.0239782608696,70.79354838709678,21.42
2024-10-09,162.0318603515625,19666400,0.022568490957649123,0.008708512730108087,0.1178706497459252,0.185999800356345,4.780967741935484,315.8624838709677,4.125806451612903,20.86,122.8821,4.06,70.83548387096774,73.85,88.6463851928711,565.5224609375,0.00033163421022108786,0.006926373524267282,70.7741935483871,53.483870967741936,42.25806451612903,-0.015330284851422737,160.8346405029297,-0.004014353186669761,587.1320190429688,0.027946598870423056,33.84000015258789,0.0009372285670412595,10.680000305175781,-0.022799617374868908,35.579593658447266,1508.8602608695653,70.83548387096774,20.86
2024-10-10,162.15110778808594,12900500,0.008150386736848203,0.008273096110893885,0.10221841421659605,0.17972876899630985,4.774838709677419,315.8914193548387,4.129032258064516,20.93,123.0951,4.09,70.87741935483871,76.46,87.9899673461914,564.5327758789062,-0.007404902582902828,-0.0017500366951881396,70.87096774193549,53.41935483870968,42.29032258064516,0.0013592387200596079,161.05325317382812,-0.011312250826985948,580.490234375,-0.0029550376380079735,33.7400016784668,-0.001872701984285463,10.65999984741211,-0.008410227665405445,35.28036117553711,1509.696543478261,70.87741935483871,20.93
2024-10-11,163.48265075683594,10946000,0.003221672878632953,0.015013348423870587,0.10606618499777731,0.16257449716021077,4.768709677419355,315.92035483870967,4.132258064516129,20.46,122.9805,4.08,70.91935483870968,76.11,88.59740447998047,567.9132690429688,0.006903481750358376,0.005988125594301508,70.96774193548387,53.354838709677416,42.32258064516129,0.0071569428314322,162.20590209960938,0.010482557004956039,586.5752563476562,0.012151743539295046,34.150001525878906,0.044090081965893146,11.130000114440918,0.032011015798718345,36.40972137451172,1510.5328260869567,70.91935483870968,20.46
2024-10-14,165.30111694335938,9981800,-0.003306233242445833,0.011962606711569457,0.10201386961937464,0.1854731586513796,4.750322580645161,316.0071612903226,4.141935483870967,19.7,123.379425,4.0425,71.04516129032258,72.4425,89.0088882446289,572.557861328125,0.004644422340176035,0.008178347889252757,71.25806451612904,53.16129032258065,42.41935483870968,0.01053683584115861,163.9150390625,0.0007966329148616502,587.0425415039062,-0.004978095931086557,33.97999954223633,-0.007187773843978396,11.050000190734863,0.0018556061601389118,36.4772834777832,1513.0416739130435,71.04516129032258,19.7
2024-10-15,165.84765625,14829300,-0.00047934527875259647,0.02540437972536913,0.08142595007890341,0.16615064212026276,4.744193548387097,316.03609677419354,4.145161290322581,20.64,123.5124,4.03,71.08709677419354,71.22,89.204833984375,568.1093139648438,0.0022014176742390923,-0.007769603150609483,71.35483870967742,53.096774193548384,42.45161290322581,0.003030811920237797,164.41183471679688,-0.007028931374735481,582.916259765625,-0.009123054074962278,33.66999816894531,-0.0009049980732327434,11.039999961853027,0.021963542038678785,37.2784538269043,1513.8779565217392,71.08709677419354,20.64
2024-10-16,165.6886749267578,9968500,-0.013554083027300212,0.056374995130575645,0.06363184186356707,0.18612270691554045,4.7380645161290325,316.0650322580645,4.148387096774194,19.58,123.9235,4.02,71.12903225806451,70.97,89.14604949951172,570.5784912109375,-0.0006589831765572152,0.004346306574101622,71.45161290322581,53.03225806451613,42.483870967741936,-0.001813103683433015,164.11373901367188,-0.016169834040102637,573.4906005859375,-0.008909986735230802,33.369998931884766,-0.025362294740823077,10.760000228881836,-0.020585177137513733,36.511070251464844,1514.7142391304349,71.12903225806451,19.58
2024-10-17,163.4727020263672,15113400,0.00012171733072774416,0.0497236764570399,0.057017942198642535,0.21485927787086512,4.731935483870967,316.0939677419355,4.151612903225806,19.11,124.1122,4.09,71.17096774193548,71.26,88.72477722167969,570.6275024414062,-0.004725641575786699,8.589743781750592e-05,71.54838709677419,52.96774193548387,42.516129032258064,-0.013502200484632909,161.89784240722656,0.0002425482143066926,573.6296997070312,-0.01288583514951569,32.939998626708984,-0.027881058025408523,10.460000038146973,0.005419615891828267,36.708946228027344,1515.5505217391305,71.17096774193548,19.11
2024-10-18,164.00933837890625,13091300,0.01175380861878983,0.04604635653889333,0.07119038572394554,0.2133105630581933,4.725806451612903,316.12290322580645,4.154838709677419,18.03,123.9185,4.08,71.21290322580646,69.78,89.3812026977539,572.8223876953125,0.0073984460331091295,0.0038464414079508735,71.64516129032258,52.903225806451616,42.54838709677419,0.0030075012226515874,162.38475036621094,-0.0007973740919814398,573.1723022460938,0.00728602575812487,33.18000030517578,0.002868043294625755,10.489999771118164,0.010518204765027184,37.09505844116211,1516.3868043478262,71.21290322580646,18.03
2024-10-21,164.7545928955078,11384000,0.015319489760318161,0.029433036251371503,0.08311219125198877,0.2051050085683006,4.707419354838709,316.20970967741937,4.164516129032258,18.37,124.4757,4.19,71.33870967741936,71.16,89.02849578857422,571.8817138671875,-0.0039460971494462704,-0.0016421736446260438,71.93548387096774,52.70967741935484,42.645161290322584,0.003977618215743606,163.03065490722656,-0.0022725300305457274,571.8697509765625,-0.004520841606366899,33.029998779296875,-0.015252607331091905,10.329999923706055,-0.01509247965420868,36.53520202636719,1518.895652173913,71.33870967741936,18.37
2024-10-22,165.76815795898438,11958600,0.02589613819570391,0.02751454327783831,0.06300209264140233,0.21165953072327848,4.701290322580645,316.2386451612903,4.167741935483871,18.2,124.4107,4.2,71.38064516129032,72.84,89.1558609008789,571.5780639648438,0.0014306106283896725,-0.0005309662732357889,72.03225806451613,52.645161290322584,42.67741935483871,0.006521484593813964,164.09385681152344,0.011909902690790508,578.6806640625,-0.03300025084840352,31.940000534057617,-0.033881934564831906,9.979999542236328,-0.0023778687596868187,36.448326110839844,1519.7319347826087,71.38064516129032,18.2
2024-10-23,163.4429168701172,12754300,0.07088992610206235,0.08420471843303323,0.028939647917008093,0.17941285892267067,4.695161290322581,316.2675806451613,4.170967741935484,19.24,124.6931,4.24,71.42258064516129,71.37,88.4798355102539,566.3552856445312,-0.0075825120613953745,-0.009137471588891777,72.12903225806451,52.58064516129032,42.70967741935484,-0.014290888413719283,161.74880981445312,-0.03147724146892594,560.4653930664062,-0.012523469375141483,31.540000915527344,0.01703407656227718,10.149999618530273,-0.003972386393726213,36.30353927612305,1520.5682173913044,71.42258064516129,19.24
2024-10-24,163.4925994873047,12764400,0.04959592244301758,0.10788293524446102,0.012399003943292186,0.19913425084960767,4.689032258064516,316.2965161290323,4.174193548387096,19.08,124.5127,4.21,71.46451612903226,70.58,88.78355407714844,567.580078125,0.003432630329193387,0.002162586827586299,72.2258064516129,52.516129032258064,42.74193548387097,-0.0003685720404099646,161.68919372558594,0.007255845661362947,564.5320434570312,0.009194641717208851,31.829999923706055,0.011822743225952337,10.270000457763672,-0.005317779011858592,36.1104850769043,1521.4045,71.46451612903226,19.08
2024-10-25,165.93707275390625,14566400,0.03389416242170462,0.07707056610977325,0.014611693106260315,0.18212891540960752,4.682903225806451,316.32545161290324,4.17741935483871,20.33,124.6105,4.25,71.50645161290322,72.02,89.0088882446289,567.3840942382812,0.0025380169764848137,-0.00034529733208077396,72.3225806451613,52.45161290322581,42.774193548387096,0.015670983799028093,164.2230224609375,0.00963392553355158,569.970703125,0.01633674369027438,32.349998474121094,0.017526713094291324,10.449999809265137,-0.005346103330108876,35.91743469238281,1522.2407826086958,71.50645161290322,20.33
2024-10-28,167.27854919433594,20858300,0.013900596446134506,0.08096724120835552,0.013544208318939877,0.20506063843188493,4.664516129032258,316.41225806451615,4.187096774193549,19.8,124.8076,4.28,71.63225806451612,67.65,89.57713317871094,569.13818359375,0.006384136969785459,0.003091537766534813,72.61290322580645,52.25806451612903,42.87096774193548,0.00877359577496728,165.66384887695312,0.008565385933350544,574.8527221679688,-0.0027820759453787147,32.2599983215332,0.024880405131808336,10.710000038146973,-0.005106026844981848,35.734039306640625,1524.7496304347826,71.63225806451612,19.8
2024-10-29,170.0609130859375,28916100,0.0015775525629531106,0.07116985455148406,-0.001869788298224373,0.20271855500420277,4.658387096774193,316.4411935483871,4.190322580645161,19.34,124.8612,4.28,71.6741935483871,67.48,90.4197006225586,570.0592041015625,0.009406055027086913,0.001618272212904115,72.70967741935483,52.193548387096776,42.903225806451616,0.0177542561232229,168.60508728027344,0.02615203643681241,589.8862915039062,0.005269745582382912,32.43000030517578,0.016806751123683794,10.890000343322754,-0.002161203928832789,35.65681076049805,1525.5859130434783,71.6741935483871,19.34
2024-10-30,175.0293731689453,49698300,0.012433390217270412,0.024696346569201166,-0.03207661241987758,0.15175361627098538,4.652258064516129,316.47012903225806,4.193548387096774,20.35,124.8153,4.29,71.71612903225807,68.91,90.96835327148438,568.3346557617188,0.006067844121891541,-0.0030252091843017137,72.80645161290323,52.12903225806452,42.935483870967744,0.028170711918682256,173.3548126220703,-0.00249485317542808,588.4146118164062,0.00493369860951165,32.59000015258789,0.15886129363596257,12.619999885559082,-0.00135345068945103,35.608551025390625,1526.422195652174,71.71612903225807,20.35
2024-10-31,171.60116577148438,32801900,0.05553281177557934,0.02698457610109295,0.0016789889146895387,0.20415543087379806,4.646129032258064,316.49906451612907,4.1967741935483875,23.16,124.7988,4.28,71.75806451612902,69.58,90.1747817993164,557.1935424804688,-0.008723599401647353,-0.01960308625965801,72.90322580645162,52.064516129032256,42.96774193548387,-0.01920203897885231,170.0260467529297,-0.04092593966030067,564.3331909179688,-0.024547383654952903,31.790000915527344,-0.036450082592579536,12.15999984741211,-0.023312594648193685,34.77842330932617,1527.2584782608697,71.75806451612902,23.16
2024-11-01,171.56137084960938,21752900,0.04176095122438439,0.007182317591955423,0.002143204138659982,0.12087637544574847,4.64,316.528,4.2,21.88,124.8076,4.37,71.8,69.81,90.52747344970703,559.545166015625,0.003911200485913424,0.004220478802908323,73.0,52.0,43.0,0.0010517977170425574,170.2048797607422,-0.0007401010270888797,563.91552734375,0.007234964945345146,32.02000045776367,0.03042762254950393,12.529999732971191,-0.009436593687256356,34.450233459472656,1528.0947608695653,71.8,21.88
2024-11-04,169.60382080078125,16194000,0.06614715978795083,0.03585653678634837,0.03169663115839305,0.13387216517698897,4.624,316.6356,4.19,21.98,124.5903,4.31,72.02,71.83,90.22377014160156,558.3399047851562,-0.003354819222632921,-0.002154001685066964,72.2,52.9,43.7,-0.011967854902579234,168.1678924560547,-0.011425241514625983,557.47265625,0.00811987251143731,32.279998779296875,-0.03272145699518603,12.119999885559082,0.015130238086432435,34.971473693847656,1530.6036086956522,72.02,21.98
2024-11-05,170.32919311523438,12518300,0.06948268939379698,0.04766367330323673,0.01691849655647637,0.09300693900594248,4.618666666666666,316.6714666666667,4.1866666666666665,20.49,124.5532,4.26,72.09333333333333,72.26,91.22309112548828,565.09130859375,0.011076027773150532,0.012091924203754711,71.93333333333334,53.2,43.93333333333333,0.0029544369225766864,168.66473388671875,0.02095672345897004,569.1554565429688,0.013630807250477606,32.720001220703125,0.005775552432770503,12.1899995803833,0.019597031359046113,35.65681076049805,1531.4398913043478,72.09333333333333,20.49
2024-11-06,177.20558166503906,27061500,0.012112358670133272,-0.005607514458581875,-0.010317871379865173,0.05654408785754672,4.613333333333333,316.70733333333334,4.183333333333334,16.27,125.7035,4.42,72.16666666666667,71.98,93.46669006347656,579.1426391601562,0.02459463837836795,0.02486559313993597,71.66666666666667,53.5,44.166666666666664,0.03988442872791276,175.39183044433594,-0.0006640183857596904,568.7775268554688,0.03178475128454572,33.7599983215332,-0.031173024925949422,11.8100004196167,0.025446713081184846,36.56415939331055,1532.2761739130435,72.16666666666667,16.27
2024-11-07,181.1306610107422,16730400,-0.027046279713904386,-0.0715382122472712,-0.027315432549667507,0.027442722044139556,4.608,316.7432,4.18,15.2,124.775,4.31,72.24,72.69,94.69136047363281,583.62060546875,0.013102747185382624,0.007732061163874038,71.4,53.8,44.4,0.024021271429527147,179.60496520996094,0.034350264855613544,588.315185546875,0.0050356040312402595,33.93000030517578,0.05673150709687902,12.479999542236328,-0.17872223222040517,30.02933120727539,1533.1124565217392,72.24,15.2
2024-11-08,178.72593688964844,15021500,-0.03319248393001173,-0.07389074158137177,0.0382608768406818,0.03213801300659269,4.602666666666667,316.77906666666667,4.176666666666667,14.94,125.5811,4.3,72.31333333333333,70.69,94.23087310791016,586.1485595703125,-0.004863034636099495,0.004331502482733729,71.13333333333334,54.1,44.63333333333333,-0.013277922918229046,177.22018432617188,-0.0039885024892737375,585.9686889648438,-0.13999410425220127,29.18000030517578,-0.03766020277195237,12.010000228881836,-0.017679286189840493,29.49843406677246,1533.948739130435,72.31333333333333,14.94
2024-11-11,180.8226318359375,12503400,-0.028411296436438582,-0.06891248829574581,0.08222884103749473,0.03364909785262804,4.586666666666667,316.88666666666666,4.166666666666667,14.97,126.47742500000001,4.3975,72.53333333333333,68.995,94.75992584228516,586.7071533203125,0.0056144309919441415,0.0009529900583726825,70.33333333333333,55.0,45.333333333333336,0.011213932615149913,179.20751953125,-0.010469338559166319,579.833984375,0.04146672624462022,30.389999389648438,-0.004163213137550303,11.960000038146973,0.04515716255514235,30.83049964904785,1536.4575869565217,72.53333333333333,14.97
2024-11-12,182.16412353515625,14065800,-0.020401467276602303,-0.06927774019567934,0.05743862530603172,0.020521417272866493,4.581333333333333,316.9225333333333,4.163333333333333,14.71,126.7762,4.43,72.60666666666667,68.43,95.1910171508789,584.8847045898438,0.004549299767406367,-0.0031062323344024367,70.06666666666666,55.3,45.56666666666667,0.007041737848655583,180.46945190429688,0.002829368421052525,581.4745483398438,0.009213579870649191,30.670000076293945,-0.058528411959235416,11.260000228881836,-0.033187204626362155,29.807321548461914,1537.2938695652174,72.60666666666667,14.71
2024-11-13,179.35195922851562,13969700,-0.017507812227486652,-0.053576353942186516,0.061538742948151315,0.030587773874618085,4.576,316.9584,4.16,14.02,126.9572,4.44,72.67999999999999,68.76,95.2302017211914,585.1688232421875,0.00041164147085837044,0.0004857686482722112,69.8,55.6,45.8,-0.01508643685943456,177.74681091308594,-0.008241838696597226,576.68212890625,-0.02249757197069413,29.979999542236328,-0.013321542553777155,11.109999656677246,-0.004533767487706508,29.672182083129883,1538.130152173913,72.67999999999999,14.02
2024-11-14,176.23175048828125,17925800,-0.045728724404572874,-0.03868046856303342,0.11860635988115176,0.05634223540294814,4.570666666666667,316.99426666666665,4.156666666666666,14.31,127.0015,4.43,72.75333333333333,68.99,95.12242889404297,581.4060668945312,-0.001131708483239069,-0.006430206460433574,69.53333333333333,55.9,46.03333333333333,-0.018448056733667784,174.4677276611328,-0.004896616979031321,573.8583374023438,-0.02034685498055311,29.3700008392334,-0.031503099784981226,10.760000228881836,0.01691610899409768,30.17411994934082,1538.9664347826088,72.75333333333333,14.31
2024-11-15,172.7935791015625,21708900,-0.04209551226576713,-0.005233393970434985,0.13487619434485443,0.07453983504353512,4.565333333333333,317.0301333333333,4.153333333333333,16.14,126.8848,4.43,72.82666666666667,67.33,93.22175598144531,573.9591064453125,-0.019981332843327815,-0.012808535846547398,69.26666666666667,56.2,46.266666666666666,-0.017598780890223376,171.39730834960938,-0.03998874718879142,550.9104614257812,-0.038474669248417026,28.239999771118164,-0.01486987397850048,10.600000381469727,-0.017594453173588875,29.64322280883789,1539.8027173913044,72.82666666666667,16.14
2024-11-18,175.6852264404297,18662800,-0.04168553186215351,-0.021380082018762514,0.07672915421592719,0.028201256120205187,4.549333333333333,317.13773333333336,4.1433333333333335,15.58,126.6045,4.42,73.04666666666667,69.46,94.1427001953125,576.3106689453125,0.009879069581681055,0.004097090670037273,68.46666666666667,57.1,46.96666666666667,0.016290660103444488,174.18948364257812,0.000577435457572717,551.2285766601562,0.02655807386964093,28.989999771118164,-0.004716998956176499,10.550000190734863,-0.00651246275637507,29.450172424316406,1542.3115652173913,73.04666666666667,15.58
2024-11-19,178.4477081298828,15392900,-0.049894187553747416,-0.01943436323430281,0.05755206888151254,0.010110007491396455,4.5440000000000005,317.1736,4.14,16.35,126.3994,4.39,73.12,69.75,94.75992584228516,578.4175415039062,0.006556277286418721,0.0036557930854368426,68.2,57.4,47.2,0.01608673051684506,176.9916229248047,0.012067216242482193,557.88037109375,0.02414628383808548,29.690000534057617,-0.0037914655099395844,10.510000228881836,-0.007210771864822996,29.23781394958496,1543.147847826087,73.12,16.35
2024-11-20,176.21189880371094,15729800,-0.036711275838715585,-0.017030585571477075,0.08937522249094076,0.00136020927202396,4.538666666666667,317.2094666666667,4.136666666666667,17.16,126.88,4.41,73.19333333333333,69.25,95.36736297607422,578.6134033203125,0.00641027447404352,0.00033861666072065866,67.93333333333334,57.7,47.43333333333333,-0.012014408082264838,174.86517333984375,0.007895244713747251,562.2849731445312,-0.015493465259241668,29.229999542236328,0.007611790862402934,10.59000015258789,0.003961762759364884,29.353647232055664,1543.9841304347826,73.19333333333333,17.16
2024-11-21,168.1728973388672,38839400,0.007386008592935589,0.04283865022698152,0.1593733415754961,0.03343293067047237,4.533333333333333,317.24533333333335,4.133333333333333,16.87,127.1047,4.43,73.26666666666667,70.39,95.12242889404297,581.7196044921875,-0.002568321849191757,0.005368353297815709,67.66666666666667,58.0,47.666666666666664,-0.04744849111218852,166.56808471679688,-0.004296998516251427,559.8688354492188,0.0027369115620565765,29.309999465942383,0.0037771445964760453,10.630000114440918,0.03584343230712106,30.40578269958496,1544.8204130434783,73.26666666666667,16.87
2024-11-22,165.51974487304688,24497000,0.038482039459407424,0.06442285053277708,0.18745348007310803,0.023011933991807565,4.5280000000000005,317.2812,4.13,15.24,127.4712,4.41,73.34,71.68,94.91668701171875,583.5226440429688,-0.0021629166193116722,0.0030994993753996614,67.4,58.3,47.9,-0.017121149967305516,163.71624755859375,-0.007014800459309911,555.9414672851562,0.02422384867820604,30.020000457763672,0.07431796362634158,11.420000076293945,0.0007936574151294895,30.429914474487305,1545.656695652174,73.34,15.24
2024-11-25,168.3616943359375,21395700,0.021188712597491666,0.10217557907772434,0.164632030881245,0.017620207523243225,4.5120000000000005,317.3888,4.12,14.6,126.9948,4.27,73.56,69.41,95.40656280517578,585.5020751953125,0.0051611134867839414,0.003392209664099921,66.6,59.2,48.6,0.01754073981285642,166.58795166015625,0.01067711692701745,561.8773193359375,0.01632244382566106,30.510000228881836,0.015761847983646993,11.600000381469727,0.03314828301472739,31.438613891601562,1548.1655434782608,73.56,14.6
2024-11-26,169.54420471191406,14937500,0.03205940214281933,0.15422091611843092,0.13855418054261937,-0.010366071357054474,4.506666666666667,317.42466666666667,4.116666666666666,14.1,127.4301,4.3,73.63333333333334,69.05,95.75926971435547,588.55908203125,0.003696883094928438,0.005221171649848921,66.33333333333333,59.5,48.833333333333336,0.008768209741637056,168.0486297607422,0.014917446591810934,570.2590942382812,0.016060300473361266,31.0,0.0,11.600000381469727,0.002763290025388665,31.525487899780273,1549.0018260869565,73.63333333333334,14.1
2024-11-27,169.74293518066406,12433400,0.020430728372092366,0.13481824834755485,0.129309124290639,0.01162511923251075,4.501333333333334,317.46053333333333,4.113333333333333,14.1,126.8205,4.25,73.70666666666666,69.03,95.88662719726562,586.7758178710938,0.0013299755030511395,-0.0030298813060565255,66.06666666666666,59.8,49.06666666666667,0.0006505808692904846,168.157958984375,-0.007566847280754518,565.9440307617188,-0.021935493715347754,30.31999969482422,0.0008620064550595163,11.609999656677246,-0.0045928123261518294,31.38069725036621,1549.8381086956522,73.70666666666666,14.1
2024-11-29,169.41502380371094,9250700,0.03519270799041996,0.12380265380310496,0.1182828665569704,0.02755903632449619,4.490666666666667,317.53226666666666,4.1066666666666665,13.51,126.5798,4.18,73.85333333333334,68.26,96.4058837890625,590.4209594726562,0.005415318141586356,0.006212153757098493,65.53333333333333,60.4,49.53333333333333,-0.0016546586330804525,167.8797149658203,0.00899484029370079,571.0346069335938,0.0,30.31999969482422,0.01722659507784119,11.8100004196167,0.007074841955850841,31.602710723876953,1551.5106739130435,73.85333333333334,13.51
2024-12-02,171.8892822265625,16593400,0.024979547154107218,0.1468659031884425,0.10328527387994035,0.008253397977582733,4.475161290322581,317.6477741935484,4.096774193548387,13.34,127.1272,4.19,73.9258064516129,68.35,97.19947814941406,591.4791259765625,0.008231804213194582,0.0017922238140926083,65.16129032258064,60.70967741935484,49.96774193548387,0.015034041027379708,170.40362548828125,0.032229526163950695,589.4387817382812,0.0036279885045757965,30.43000030517578,0.02540213602043906,12.109999656677246,0.014050159690533803,32.04673385620117,1554.0195217391304,73.9258064516129,13.34
2024-12-03,171.92906188964844,15721500,0.07930646459481006,0.14058273396427245,0.11749562437880212,0.01693084286432267,4.470322580645162,317.69154838709676,4.0935483870967735,13.3,126.9565,4.23,73.85161290322581,70.15,97.9832763671875,591.7535400390625,0.008063810965822205,0.00046394547237316175,65.3225806451613,60.41935483870968,49.935483870967744,-0.0008748544446366413,170.25454711914062,0.035119724686806464,610.1397094726562,0.029904693995593812,31.34000015258789,0.061932289121615636,12.859999656677246,-0.01054213622678346,31.708892822265625,1554.855804347826,73.85161290322581,13.3
2024-12-04,174.9796905517578,18239800,0.11836674683838266,0.08107063555175076,0.12547337167425532,-0.0448533150601933,4.465483870967742,317.7353225806452,4.090322580645161,13.45,126.7574,4.19,73.77741935483871,68.81,98.2085952758789,595.4280395507812,0.002299564956850686,0.0062095099785566266,65.48387096774194,60.12903225806452,49.903225806451616,0.017684307357309192,173.265380859375,0.00021167347186201724,610.2688598632812,0.030631751110357985,32.29999923706055,-0.01866250214039078,12.619999885559082,0.00030430822001537017,31.718542098999023,1555.6920869565217,73.77741935483871,13.45
2024-12-05,173.21090698242188,16145500,0.11209729067836549,0.08952574758513165,0.1297872096762116,-0.045622051614096715,4.460645161290323,317.77909677419353,4.087096774193548,13.54,126.4286,4.17,73.70322580645161,68.58,97.9832763671875,594.4481201171875,-0.0022942890900583546,-0.0016457394823613525,65.64516129032258,59.83870967741935,49.87096774193548,-0.009921427514636538,171.5463409423828,-0.007901670676376704,605.4467163085938,-0.022291000939974492,31.579999923706055,-0.03565767142201537,12.170000076293945,-0.008216648683727623,31.457921981811523,1556.5283695652174,73.70322580645161,13.54
2024-12-06,175.377197265625,13319500,0.08559753669893988,0.09456006514975401,0.10834400601382344,-0.04026033799915085,4.4558064516129035,317.82287096774195,4.083870967741936,12.77,126.688,4.15,73.62903225806451,68.58,98.88461303710938,595.5750732421875,0.009198882741419778,0.0018957972729021222,65.80645161290323,59.54838709677419,49.83870967741935,0.011990257293309714,173.6032257080078,0.024370544129680427,620.2017822265625,0.0221658916175409,32.279998779296875,0.022185661659549938,12.4399995803833,0.010432540183232808,31.786108016967773,1557.364652173913,73.62903225806451,12.77
2024-12-09,176.18299865722656,19887800,0.1189158909294894,0.10666281897908858,0.09073948958149392,-0.06878801045769611,4.441290322580645,317.9541935483871,4.074193548387097,14.19,126.5981,4.2,73.40645161290323,68.65,96.77819061279297,592.508056640625,-0.02130182198848174,-0.005149672542314909,66.29032258064517,58.67741935483871,49.74193548387097,0.004928163289916521,174.45877075195312,-0.016352198410728658,610.0601196289062,0.024163650046182816,33.060001373291016,0.004823185019339871,12.5,0.013969154054212174,32.230133056640625,1559.8735,73.40645161290323,14.19
2024-12-10,185.56414794921875,34317400,0.05677374441787153,0.0591862665416345,0.030879773363203356,-0.1003539802051322,4.436451612903226,317.9979677419355,4.070967741935483,14.18,126.957,4.22,73.33225806451613,68.85,98.29678344726562,590.6659545898438,0.01569147785112568,-0.00310899072195836,66.45161290322581,58.38709677419355,49.70967741935484,0.055881794717724365,184.2078399658203,0.009371174735936405,615.777099609375,-0.037205123971309706,31.829999923706055,-0.007200012207031259,12.40999984741211,-0.010182879832442815,31.90193748474121,1560.7097826086956,73.33225806451613,14.18
2024-12-11,195.69146728515625,41664500,-0.03334873054127163,0.0019824814913813604,-0.02877338938291296,-0.15225582611738664,4.4316129032258065,318.04174193548386,4.067741935483871,13.58,126.8483,4.26,73.25806451612904,70.57,99.90355682373047,595.2319946289062,0.016346143994903528,0.007730325412496741,66.61290322580645,58.096774193548384,49.67741935483871,0.05524664219455455,194.38470458984375,0.021572240043802537,629.060791015625,0.00314170222147081,31.93000030517578,-0.033037860793979634,12.0,-0.04750366843373677,30.386478424072266,1561.5460652173913,73.25806451612904,13.58
2024-12-12,192.62738037109375,25197800,-0.02029637450107047,0.0021174699549144638,0.0173010547821979,-0.15893540476938106,4.426774193548387,318.08551612903227,4.064516129032258,13.92,126.9556,4.32,73.18387096774194,70.25,100.08969116210938,592.1651000976562,0.0018631402554296628,-0.005152435619933393,66.7741935483871,57.806451612903224,49.645161290322584,-0.017604957173121494,190.9625701904297,-0.0029873288124463437,627.1815795898438,-0.034137179523020644,30.84000015258789,-0.051666657129923466,11.380000114440918,-0.028589629976676023,29.51774024963379,1562.382347826087,73.18387096774194,13.92
2024-12-13,190.38905334472656,18883200,0.008255848182989745,0.00684489005947353,0.01583230460153473,-0.13016295063602112,4.421935483870968,318.12929032258063,4.061290322580645,13.81,127.3096,4.4,73.10967741935484,71.54,98.8944091796875,592.0474853515625,-0.011942108808048468,-0.000198618165903941,66.93548387096774,57.516129032258064,49.61290322580645,-0.011148130915388021,188.8336944580078,-0.016550628017847457,616.8013305664062,-0.006160847377352341,30.649999618530273,-0.006151115476298763,11.3100004196167,0.02844997256037929,30.357519149780273,1563.2186304347827,73.10967741935484,13.81
2024-12-16,197.1339569091797,32248600,-0.010950842730656163,-0.03895847560999677,-0.0030784006434988465,-0.16613835147237432,4.4074193548387095,318.2606129032258,4.051612903225807,14.69,127.2687,4.39,72.88709677419355,71.03,99.2765121459961,594.5755004882812,0.0038637468940667663,0.00426995333865432,67.41935483870968,56.645161290322584,49.516129032258064,0.03603413383238774,195.63815307617188,0.0070823585920503085,621.1697387695312,-0.011419262180288103,30.299999237060547,0.002652496185513664,11.34000015258789,0.02893500869529264,31.23591423034668,1565.7274782608695,72.88709677419355,14.69
2024-12-17,196.0993194580078,24129500,0.002282912625816369,-0.03292416137645493,0.012733390836057623,-0.1556442347682948,4.402580645161291,318.3043870967742,4.048387096774193,15.87,127.5043,4.4,72.81290322580645,70.31,98.53191375732422,592.1259155273438,-0.007500247264699111,-0.004119888826441431,67.58064516129032,56.354838709677416,49.483870967741936,-0.00630534619542944,194.4045867919922,-0.0076893108105385855,616.3933715820312,0.023102335992248646,31.0,-0.014109333797107215,11.180000305175781,-0.024104004398955436,30.483003616333008,1566.5637608695652,72.81290322580645,15.87
2024-12-18,189.1654052734375,27638400,0.036550111864474655,0.015671835384020616,0.051959064119929455,-0.10531893474819687,4.397741935483872,318.3481612903226,4.04516129032258,27.62,127.6418,4.5,72.73870967741935,70.8,95.7200698852539,574.4784545898438,-0.028537392250348903,-0.029803561159425507,67.74193548387096,56.064516129032256,49.45161290322581,-0.035922690312208294,187.42105102539062,-0.03591963512387231,594.2527465820312,-0.03645158583118069,29.8700008392334,0.0035778140215712018,11.220000267028809,-0.015832687445332616,30.000375747680664,1567.4000434782608,72.73870967741935,27.62
2024-12-19,188.71774291992188,26981200,0.022878188742611272,0.04354248441477826,0.05208223673624901,-0.08810317690946967,4.392903225806452,318.39193548387095,4.041935483870968,24.09,128.6366,4.57,72.66451612903226,70.1,95.45555114746094,574.3019409179688,-0.002763461603298767,-0.0003072589937267445,67.90322580645162,55.774193548387096,49.41935483870968,0.0005838232992960712,187.5304718017578,-0.002712752370345961,592.6406860351562,-0.008704393089280837,29.610000610351562,0.007130117807674585,11.300000190734863,0.018017861078984954,30.540918350219727,1568.2363260869565,72.66451612903226,24.09
2024-12-20,191.96087646484375,45319700,-0.0013994048495319378,0.01943412058235583,0.04633075333051195,-0.13282335274032164,4.388064516129033,318.43570967741937,4.038709677419354,18.36,127.893,4.52,72.59032258064516,69.71,95.97481536865234,581.199951171875,0.005439853575296416,0.012011121262937685,68.06451612903226,55.483870967741936,49.38709677419355,0.015383893096149626,190.41542053222656,-0.01732780971850678,582.3715209960938,-0.0040527131631143964,29.489999771118164,0.008849506735177037,11.399999618530273,0.06700381714310133,32.587276458740234,1569.0726086956522,72.59032258064516,18.36
2024-12-23,194.9751739501953,15235900,-0.02831773595224185,-0.0030614593501447906,-0.011327063076831179,-0.1618606447870553,4.373548387096775,318.5670322580645,4.029032258064516,16.78,128.3021,4.59,72.36774193548388,69.5,96.49934387207031,584.680419921875,0.005465272336322657,0.00598841886167123,68.54838709677419,54.61290322580645,49.29032258064516,0.01682257444768509,193.6186981201172,0.024946510403156763,596.899658203125,-0.0006782115265819844,29.469999313354492,-0.01228064862571343,11.260000228881836,-0.02665869793817055,31.718542098999023,1571.581456521739,72.36774193548388,16.78
2024-12-24,196.5469970703125,6809800,-0.03512688239893724,-0.022270719508506565,-0.0025308006332475097,-0.20920286340151284,4.368709677419355,318.6108064516129,4.025806451612903,14.27,128.3377,4.59,72.29354838709678,70.87,97.41287231445312,591.1791381835938,0.009466680349597745,0.011114992122683187,68.70967741935483,54.32258064516129,49.25806451612903,0.007604069510627198,195.0909881591797,0.01317006291870304,604.7608642578125,0.014591120298429239,29.899999618530273,-0.007104788817042462,11.180000305175781,0.010955551622821247,32.066036224365234,1572.4177391304347,72.29354838709678,14.27
2024-12-26,196.0794219970703,7907900,-0.020142081160841818,-0.024403862302874613,0.00040590615241198336,-0.20645362767339903,4.359032258064516,318.6983548387097,4.019354838709678,14.73,128.3329,4.58,72.14516129032258,70.38,97.28517150878906,591.2184448242188,-0.0013109233167033496,6.648854481872135e-05,69.03225806451613,53.74193548387097,49.193548387096776,-0.002600527488871518,194.58364868164062,-0.007239815259816873,600.3825073242188,0.0006689116394260619,29.920000076293945,0.0017888643598780174,11.199999809265137,0.006321379018760398,32.26873779296875,1574.090304347826,72.14516129032258,14.73
2024-12-27,193.03526306152344,14693000,0.020202108031620813,-0.015409114978792937,0.04426928060205726,-0.18026689149639163,4.354193548387097,318.74212903225805,4.016129032258064,15.95,128.45,4.62,72.07096774193549,71.28,96.42076873779297,584.9949340820312,-0.00888524692499515,-0.010526584203640499,69.19354838709677,53.45161290322581,49.16129032258065,-0.014519495172375274,191.75839233398438,-0.005867434569046592,596.8598022460938,-0.012032105930266934,29.559999465942383,-0.018750003725290343,10.989999771118164,-0.007777463584589084,32.01776885986328,1574.9265869565218,72.07096774193549,15.95
2024-12-30,191.69224548339844,12209500,0.02086272082458418,0.022263768350590407,0.06699890302619416,-0.17462762710341206,4.339677419354839,318.87345161290324,4.006451612903226,17.4,128.8205,4.55,71.84838709677419,71.73,95.40901947021484,578.3193359375,-0.010493063691801474,-0.01141137769852063,69.6774193548387,52.58064516129032,49.064516129032256,-0.00788528566465485,190.24632263183594,-0.014287933337635117,588.3319091796875,-0.013870089811215736,29.149999618530273,-0.011828946055354783,10.859999656677246,-0.011154537458958225,31.660625457763672,1577.4354347826086,71.84838709677419,17.4
2024-12-31,189.45391845703125,14355200,0.02599232026412257,0.02084640109432523,0.06406199007542823,-0.19762723287563555,4.3348387096774195,318.9172258064516,4.003225806451613,17.35,129.2775,4.58,71.7741935483871,72.44,95.09468078613281,576.21533203125,-0.003294643271961939,-0.003638135153892552,69.83870967741936,52.29032258064516,49.03225806451613,-0.010144463623346311,188.31637573242188,-0.00969133426632629,582.6301879882812,-0.005145784579527746,29.0,-0.008287219314803473,10.770000457763672,-0.0027439734456048415,31.573749542236328,1578.2717173913043,71.7741935483871,17.35
2025-01-02,189.64291381835938,17545200,0.013324200514980289,0.03630078051642527,0.08959766303698014,-0.22410780823784937,4.33,318.9841612903226,4.006451612903226,17.93,129.4598,4.57,71.4741935483871,73.79,95.55634307861328,574.7994995117188,0.004854764626832653,-0.002457123996579935,70.03225806451613,52.83870967741935,49.354838709677416,0.000686707339187631,188.44569396972656,0.02344965274304034,596.2926635742188,0.05448275598986396,30.579999923706055,0.043639674408341156,11.239999771118164,-0.0030571342859238015,31.477224349975586,1579.6182999999999,71.4741935483871,17.93
2025-01-03,192.12997436523438,12875000,-0.004349386844861969,0.03365614548943219,0.0008802018515767784,-0.2263757968713641,4.33,319.00732258064517,4.012903225806451,16.13,129.4535,4.6,71.2483870967742,74.64,96.1457290649414,581.9864501953125,0.00616794204695803,0.012503404560544995,70.06451612903226,53.67741935483871,49.70967741935484,0.012458403768687232,190.79342651367188,0.008994684461351099,601.6561279296875,0.01177242025015457,30.940000534057617,0.06494666465976473,11.970000267028809,0.002146683559622664,31.544795989990234,1580.1286,71.2483870967742,16.13
2025-01-06,196.9349822998047,19483300,-0.03490604727245872,0.010456651080775758,-0.02348963466069487,-0.2587038097814166,4.33,319.0768064516129,4.032258064516129,16.04,128.538,4.62,70.57096774193549,74.31,97.18694305419922,585.339111328125,0.01082953969338063,0.005760720256781537,70.16129032258064,56.193548387096776,50.774193548387096,0.026487467288043964,195.84706115722656,0.04229039433188864,627.1004028320312,0.04751128920428971,32.40999984741211,0.05012526436178111,12.569999694824219,0.027392956508058397,32.40890121459961,1581.6595,70.57096774193549,16.04
2025-01-07,195.69146728515625,16966800,0.0013724152106115994,0.014589894170966344,-0.04865044668017582,-0.18029852389535428,4.33,319.0999677419355,4.038709677419355,17.82,128.613,4.67,70.34516129032258,74.99,96.10643005371094,578.722412109375,-0.011117882367034593,-0.0113040442551956,70.19354838709677,57.03225806451613,51.12903225806452,-0.007009643060520321,194.4742431640625,-0.019533476024372387,614.8509521484375,-0.018512816547194055,31.809999465942383,-0.001591050483286005,12.550000190734863,-0.029358863127529222,31.457412719726562,1582.1698,70.34516129032258,17.82
2025-01-08,194.37826538085938,14335300,-0.005015553302068154,0.03331804143789663,-0.036798125157099126,-0.20391514913444575,4.33,319.1231290322581,4.04516129032258,17.7,129.0785,4.67,70.11935483870968,73.99,95.5367202758789,579.56787109375,-0.005927904902030323,0.0014609058966514876,70.2258064516129,57.87096774193549,51.483870967741936,-0.007877794885925993,192.9422149658203,-0.011604057211051622,607.7161865234375,-0.029550413155944866,30.8700008392334,-0.04063746781919153,12.039999961853027,-0.016666723257209304,30.933120727539062,1582.6801,70.11935483870968,17.7
2025-01-10,192.1697540283203,20753800,0.02267446093734682,0.003106231941354398,-0.03157819847599308,-0.17387998780692804,4.33,319.16945161290323,4.058064516129033,19.54,129.8664,4.77,69.66774193548387,77.27,94.11239624023438,570.7192993164062,-0.014908655347719124,-0.015267533310024395,70.29032258064517,59.54838709677419,52.193548387096776,-0.009847871761844762,191.04214477539062,0.008416340073167827,612.8309326171875,-0.006802753032464914,30.65999984741211,0.035714311174267044,12.470000267028809,-0.03295668282826891,29.913667678833008,1583.7006999999999,69.66774193548387,19.54
2025-01-13,191.29432678222656,13169100,0.03817155519430404,0.024858285676453873,-0.03567535704272229,-0.1593219568362081,4.33,319.238935483871,4.077419354838709,19.19,130.0413,4.79,68.99032258064517,79.57,94.15170288085938,571.604248046875,0.0004176563576669956,0.0015505849049237685,70.38709677419355,62.064516129032256,53.25806451612903,-0.005363519156098784,190.01748657226562,-0.01222693175781342,605.337890625,-0.008153946550691238,30.40999984741211,-0.025661639265929237,12.149999618530273,0.01168460083564904,30.26319694519043,1585.2316,68.99032258064517,19.19
2025-01-14,190.06076049804688,13651200,0.0470034013010141,0.03208579891395358,-0.016592642380406475,-0.16848586949941968,4.33,319.26209677419354,4.083870967741936,18.71,129.3812,4.78,68.76451612903226,78.2,93.83736419677734,572.3907470703125,-0.0033386404543293002,0.0013759502770052112,70.41935483870968,62.903225806451616,53.61290322580645,-0.007067622175115251,188.6745147705078,-0.02314522412908593,591.3272094726562,-0.020387995231691103,29.790000915527344,-0.06666662480441832,11.34000015258789,0.01668268455981603,30.768068313598633,1585.7419,68.76451612903226,18.71
2025-01-15,195.9600372314453,12894900,0.01319936395249588,0.028683185286406232,-0.05132499384657285,-0.20968045239388755,4.33,319.28525806451614,4.090322580645162,16.12,129.2092,4.66,68.53870967741936,80.73,95.37954711914062,582.8025512695312,0.01643463598497208,0.01819002884394938,70.45161290322581,63.74193548387097,53.96774193548387,0.031055627861055646,194.53392028808594,0.03848547294908666,614.084716796875,0.028197321900766736,30.6299991607666,0.044091710165091724,11.84000015258789,0.011991138485861974,31.137012481689453,1586.2522,68.53870967741936,16.12
2025-01-16,193.40335083007812,13449600,0.03852682809985919,0.057558800152932355,-0.04428782847840318,-0.21025292385365013,4.33,319.3084193548387,4.096774193548387,16.6,129.436,4.61,68.31290322580645,79.35,94.83929443359375,581.6817016601562,-0.005664240414897659,-0.00192320642202648,70.48387096774194,64.58064516129032,54.32258064516129,-0.013500457879947247,191.90762329101562,-0.009430916740846285,608.2933349609375,-0.00783544817805859,30.389999389648438,-0.05236485452439521,11.220000267028809,0.020268228106480102,31.768104553222656,1586.7625,68.31290322580645,16.6
2025-01-17,196.527099609375,22109100,-0.019134367526941864,0.02576547408304597,-0.05274620329823909,-0.24054302928662386,4.33,319.3315806451613,4.103225806451613,15.97,129.4859,4.61,68.08709677419355,78.56,95.6644058227539,587.5217895507812,0.008700100460341309,0.010040006199192764,70.51612903225806,65.41935483870968,54.67741935483871,0.01601791162784849,194.98158264160156,0.0024047091602301673,609.756103515625,0.004606821316513576,30.530000686645508,-0.03208561513224406,10.859999656677246,0.0006112045195991733,31.787521362304688,1587.2728,68.08709677419355,15.97
2025-01-21,198.59632873535156,19005200,-0.012823766410512527,0.04047480144191318,-0.0650704110859841,-0.22819556720141798,4.33,319.4242258064516,4.129032258064516,15.06,128.4151,4.57,67.18387096774194,76.79,96.52881622314453,592.8995971679688,0.009035862324720867,0.00915337560722529,70.64516129032258,68.7741935483871,56.096774193548384,0.010459127116388522,197.0209197998047,0.006021874941192662,613.427978515625,0.05044215439052846,32.06999969482422,-0.027624240013312762,10.5600004196167,0.0,31.787521362304688,1589.314,67.18387096774194,15.06
2025-01-22,198.9942626953125,15477400,-0.014247902507789068,-0.033645066346207564,-0.09223628831753428,-0.21061999397605513,4.33,319.4473870967742,4.135483870967742,15.1,128.3402,4.6,66.95806451612904,76.12,97.49143981933594,596.232666015625,0.009972396159568797,0.005621641275482148,70.6774193548387,69.61290322580645,56.45161290322581,0.001615633502047631,197.3392333984375,0.011420038438255897,620.433349609375,-0.013408179272455079,31.639999389648438,-0.00946973271743079,10.460000038146973,-0.004887009432961498,31.63217544555664,1589.8243,66.95806451612904,15.1
2025-01-23,198.5465850830078,15170800,0.015282107238508313,-0.03141597004414942,-0.09214345983065253,-0.19002918010207392,4.33,319.47054838709676,4.141935483870967,15.02,128.2162,4.65,66.73225806451613,75.03,97.74684143066406,599.4868774414062,0.00261973370996893,0.005457955612408583,70.70967741935483,70.45161290322581,56.806451612903224,-0.001965927936543488,196.95127868652344,0.0207699224214426,633.3197021484375,0.03761069735657396,32.83000183105469,0.011472264351955141,10.579999923706055,0.02087170028165075,32.29239273071289,1590.3346,66.73225806451613,15.02
2025-01-24,200.8545684814453,12732400,0.018325932020355262,-0.07310552407259474,-0.1214957907287777,-0.18753502661395915,4.33,319.49370967741936,4.148387096774194,14.85,127.4611,4.63,66.50645161290323,74.97,98.63089752197266,597.73681640625,0.009044344332452825,-0.002919264959769352,70.74193548387096,71.29032258064517,57.16129032258065,0.011263849517629376,199.16970825195312,0.01734624351045788,644.305419921875,0.002132186747489051,32.900001525878906,0.029300606980355193,10.890000343322754,0.024053020481244802,33.069122314453125,1590.8449,66.50645161290323,14.85
2025-01-27,192.7666778564453,24970200,0.04577573127603807,-0.028745467186072293,-0.09841570084184026,-0.16083485703533962,4.33,319.56319354838706,4.167741935483871,17.9,128.0912,4.53,65.82903225806452,73.51,99.14167785644531,589.2815551757812,0.00517870512492169,-0.014145458332822769,70.83870967741936,73.80645161290323,58.225806451612904,-0.041956023794460395,190.81333923339844,0.019135397819311617,656.6344604492188,0.01762911822059343,33.47999954223633,-0.003673090963450143,10.850000381469727,0.027304590493434366,33.97206115722656,1592.3758,65.82903225806452,17.9
2025-01-28,196.04957580566406,15939200,0.05399093499103569,-0.05074326924835615,-0.13629665547323166,-0.17671576133972533,4.33,319.58635483870967,4.174193548387097,16.41,128.2817,4.55,65.60322580645162,74.15,99.62299346923828,594.3448486328125,0.004854826176029725,0.00859231620701384,70.87096774193549,74.64516129032258,58.58064516129032,0.0181951537859264,194.28521728515625,0.021897885530045125,671.0133666992188,-0.01732371637657082,32.900001525878906,0.031336330595365336,11.1899995803833,0.012289047800635444,34.38954544067383,1592.8861,65.60322580645162,16.41
2025-01-29,196.1590118408203,12287800,-0.01967752732940209,-0.0595903209192471,-0.12658480117073834,-0.18311549233062296,4.33,319.6095161290322,4.180645161290323,16.56,128.3418,4.55,65.37741935483871,72.94,100.06503295898438,591.6805419921875,0.004437123141482369,-0.004482762232656312,70.90322580645162,75.48387096774194,58.935483870967744,0.0005631966131864896,194.39463806152344,0.0032031448761098424,673.1627197265625,0.009726434042032217,33.220001220703125,0.039320871363477394,11.630000114440918,-0.006775475531760167,34.15653991699219,1593.3964,65.37741935483871,16.56
2025-01-30,201.58079528808594,14571500,-0.04599517409961351,-0.07279287195271078,-0.16764542402015203,-0.19569929116323703,4.33,319.6326774193548,4.187096774193549,15.84,128.1004,4.52,65.15161290322581,73.1,100.16326904296875,594.8561401367188,0.0009817223967201194,0.005367082266790391,70.93548387096774,76.3225806451613,59.29032258064516,0.027941230377413584,199.82626342773438,0.015536084637202352,683.6210327148438,-0.00872970815385199,32.93000030517578,-0.024075643182798978,11.350000381469727,0.0008525863274368994,34.18566131591797,1593.9067,65.15161290322581,15.84
2025-01-31,204.53541564941406,17060300,-0.08978604316944994,-0.09109926544449887,-0.16045729050978885,-0.19261239919659412,4.33,319.65583870967737,4.193548387096774,16.43,128.4828,4.58,64.9258064516129,72.84,100.56599426269531,591.6903686523438,0.004020687659004096,-0.005321911081975883,70.96774193548387,77.16129032258064,59.645161290322584,0.015681804888187933,202.95989990234375,0.00317335549197284,685.7904052734375,0.000910986304854644,32.959999084472656,-0.00528638040529561,11.289999961853027,0.013916652513634276,34.66141128540039,1594.417,64.9258064516129,16.43
2025-02-03,201.59071350097656,16719500,-0.07125925400007216,-0.0831029208075511,-0.1364486211921191,-0.17963290779081087,4.33,319.6865714285714,4.2,18.62,129.109,4.54,64.15,73.52,100.78209686279297,587.7085571289062,0.0021488635565334313,-0.00672955270931086,71.14285714285714,76.78571428571429,59.57142857142857,-0.013675252872301535,200.1843719482422,0.012014250635680623,694.0296630859375,0.003640860130926571,33.08000183105469,-0.010628865010145372,11.170000076293945,-0.008403328050277104,34.370140075683594,1595.9479,64.15,18.62
2025-02-04,206.6344757080078,28285400,-0.09936916984991206,-0.09908043843164338,-0.16128249031512853,-0.2037542173432766,4.33,319.6903571428571,4.2,17.21,128.1083,4.52,63.875,73.04,101.685791015625,591.6510009765625,0.008966812370081456,0.00670816138345165,71.21428571428571,76.17857142857143,59.357142857142854,0.025592785825262032,205.30764770507812,0.009649210595883417,700.7265014648438,0.009371146959935572,33.38999938964844,0.03849599840991669,11.600000381469727,0.030225775439221225,35.40900421142578,1596.4582,63.875,17.21
2025-02-05,192.29908752441406,43666400,-0.04071394332225642,-0.03445416005522073,-0.09079149531525976,-0.20861815417290186,4.33,319.6941428571428,4.2,15.77,127.9751,4.43,63.6,71.39,100.7035140991211,594.0499877929688,-0.009659923050143404,0.00405473296326142,71.28571428571429,75.57142857142857,59.142857142857146,-0.07292381547378302,190.33583068847656,0.0009656203108816541,701.4031372070312,-0.0026954224088963086,33.29999923706055,-0.08362070992500337,10.630000114440918,-0.0792430031572059,32.60308837890625,1596.9685,63.6,15.77
2025-02-06,192.30905151367188,20816600,-0.028089687940315966,-0.06067983235323571,-0.13092353143646607,-0.19338132973889255,4.33,319.6979285714286,4.2,15.5,128.2017,4.45,63.325,70.97,101.13572692871094,596.1145629882812,0.004291933935536951,0.0034754233443936577,71.35714285714286,74.96428571428571,58.92857142857143,0.0014112724949613131,190.6044464111328,0.010101212265557713,708.4881591796875,0.008708736401549011,33.59000015258789,0.005644352332684566,10.6899995803833,0.030077325715269776,33.583702087402344,1597.4788,63.325,15.5
2025-02-07,186.17098999023438,29565700,-0.001442762182664814,-0.03179428865177347,-0.11205999359719465,-0.17411622517744996,4.33,319.7017142857143,4.2,16.54,128.4292,4.49,63.050000000000004,71.32,100.91960906982422,590.6580200195312,-0.0021369091363634407,-0.009153513951071335,71.42857142857143,74.35714285714286,58.714285714285715,-0.03267225998448697,184.37696838378906,0.0035533650876518053,711.0056762695312,0.19083059893699517,40.0,0.02151548222066424,10.920000076293945,-0.022839089544179125,32.816680908203125,1597.9891,63.050000000000004,16.54
2025-02-10,187.2255096435547,16606000,-0.012752392805515878,-0.057545180684842046,-0.1009961604761398,-0.15110630300168437,4.33,319.7130714285714,4.2,15.81,128.6382,4.51,62.225,72.73,101.37145233154297,594.6693725585938,0.004477259334269901,0.006791328320455037,71.64285714285714,72.53571428571429,58.07142857142857,0.006096995289956997,185.50111389160156,0.004030691768311723,713.8715209960938,-0.009000015258789018,39.63999938964844,-0.0192307725897235,10.710000038146973,-0.005029469831318023,32.65163040161133,1599.52,62.225,15.81
2025-02-11,186.10137939453125,13028100,0.0003205879796726041,-0.06612508342666734,-0.11841749246085298,-0.13896791988416202,4.33,319.7168571428571,4.2,16.02,128.4322,4.54,61.95,73.67,101.5384521484375,595.12158203125,0.0016474047974408546,0.0007604384781254581,71.71428571428571,71.92857142857143,57.857142857142854,-0.0061673105069252054,184.35707092285156,0.003345311429795439,716.2596435546875,-0.0017658853658433227,39.56999969482422,0.014939294756509902,10.869999885559082,0.008920571687667467,32.942901611328125,1600.0303,61.95,16.02
2025-02-12,184.46983337402344,17632300,0.006525460495813817,-0.08207932311034072,-0.0950170872618733,-0.09939033443719159,4.33,319.7206428571429,4.2,15.89,128.3288,4.62,61.675000000000004,71.72,101.64649963378906,593.2044067382812,0.0010641041208074853,-0.003221485072722685,71.78571428571429,71.32142857142857,57.642857142857146,-0.00922734392620439,182.65594482421875,0.007752233920552465,721.812255859375,-0.011877716055797682,39.099998474121094,-0.012879516540634572,10.729999542236328,0.0020631595232118993,33.010868072509766,1600.5406,61.675000000000004,15.89
2025-02-13,186.9071502685547,12729300,-0.033532049211263404,-0.08335094680470401,-0.11241329702386627,-0.11864785360156094,4.33,319.7244285714286,4.2,15.1,127.8931,4.52,61.4,71.66,102.81542205810547,599.4672241210938,0.011499878781146222,0.010557604278849553,71.85714285714286,70.71428571428571,57.42857142857143,0.013779244712435634,185.1728057861328,0.004383920680335107,724.9766235351562,-0.0002557115581429681,39.09000015258789,0.048462300088345955,11.25,0.00029398166150707006,33.020572662353516,1601.0509,61.4,15.1
2025-02-14,185.9023895263672,12714200,-0.03039537977357365,-0.09744733343571388,-0.12851002015135637,-0.10300871709706871,4.33,319.7282142857143,4.2,14.77,127.1491,4.47,61.125,71.05,103.44407653808594,599.437744140625,0.006114398670903576,-4.917696795181392e-05,71.92857142857143,70.10714285714286,57.214285714285715,-0.0048888033729183045,184.2675323486328,0.011131571877696311,733.0467529296875,-0.005628069067391883,38.869998931884766,-0.03555552164713538,10.850000381469727,0.019994119784268793,33.680789947509766,1601.5612,61.125,14.77
2025-02-18,184.8379364013672,19796000,-0.04537138155909681,-0.07099040173148408,-0.10403970301329779,-0.09547234709856467,4.33,319.7433571428571,4.2,15.35,127.2906,4.55,60.025,72.21,102.96276092529297,601.1975708007812,-0.004652906467928708,0.0029357955473410247,72.21428571428571,67.67857142857143,56.357142857142854,-0.007882060493251242,182.81512451171875,-0.02755648972151925,712.8465576171875,0.011577071656935889,39.31999969482422,0.017511481447299637,11.039999961853027,0.015566386011353073,34.205078125,1603.6024,60.025,15.35
2025-02-19,186.16104125976562,13120500,-0.06642437654966082,-0.06487449027683856,-0.11698793057519308,-0.1155433700129096,4.33,319.7471428571429,4.2,15.27,127.7317,4.53,59.75,72.58,103.08062744140625,602.61328125,0.0011447489854978787,0.0023548173146026308,72.28571428571429,67.07142857142857,56.142857142857146,0.008162359447964729,184.3073272705078,-0.017588587239724895,700.30859375,-0.01602240775699093,38.689998626708984,-0.023550745451107358,10.779999732971191,-0.02157236766973103,33.467193603515625,1604.1127000000001,59.75,15.27
2025-02-20,185.673583984375,12063800,-0.08803034506698715,-0.0665987634759947,-0.1082329139705911,-0.08779596564977343,4.33,319.7509285714286,4.2,15.66,127.1126,4.5,59.475,72.88,102.59930419921875,600.1063232421875,-0.004669386034355405,-0.004160143969300423,72.35714285714286,66.46428571428571,55.92857142857143,-0.0038321798627591885,183.6010284423828,-0.012688846713781343,691.4224853515625,0.02248650238983063,39.560001373291016,-0.00927638499744643,10.680000305175781,-0.017406485916693804,32.884647369384766,1604.623,59.475,15.66
2025-02-21,180.6397705078125,19520800,-0.05154738711488904,-0.03210701979522923,-0.06309277396082313,-0.05179015624398142,4.33,319.7547142857143,4.2,18.21,127.1408,4.42,59.2,70.72,101.19465637207031,589.8419799804688,-0.01369061747651823,-0.01710420781148192,72.42857142857143,65.85714285714286,55.714285714285715,-0.026549645596663063,178.7264862060547,-0.016248470860412367,680.1879272460938,-0.04625889200019628,37.72999954223633,-0.03183521937008915,10.34000015258789,-0.03247712752129717,31.816648483276367,1605.1333,59.2,18.21
2025-02-24,180.25181579589844,18734000,-0.06915391311407115,-0.07279008189548741,-0.04527391599564645,-0.06295497081473833,4.33,319.7660714285714,4.2,18.98,127.1921,4.4,58.375,71.06,101.39112091064453,587.157958984375,0.0019414517091878025,-0.004550406866907997,72.64285714285714,64.03571428571429,55.07142857142857,-0.0022820760386370598,178.31861877441406,-0.02255855266044693,664.8438720703125,-0.020673172243845794,36.95000076293945,0.007736936414457718,10.420000076293945,0.0024413277144348378,31.894323348999023,1606.6642,58.375,18.98
2025-02-25,176.4515838623047,20832500,-0.026836635396734865,-0.06314997901665098,-0.056602465026814874,-0.017995091807448516,4.33,319.7698571428572,4.2,19.43,127.3752,4.3,58.1,69.15,99.88822174072266,584.2379760742188,-0.014822788784891405,-0.004973078990885282,72.71428571428571,63.42857142857143,54.857142857142854,-0.02136683424481456,174.50851440429688,-0.015910047754471246,654.2661743164062,-0.00920162775555089,36.61000061035156,-0.0019194297137458127,10.399999618530273,-0.011263433129342304,31.535083770751953,1607.1745,58.1,19.43
2025-02-26,173.79541015625,23637200,0.0016601614629718764,-0.03152533271711244,-0.059719894614997715,-0.006425103179530933,4.33,319.7736428571429,4.2,19.1,127.2822,4.25,57.825,68.87,99.7114028930664,584.5328369140625,-0.0017701671385762507,0.0005046930393417526,72.78571428571429,62.82142857142857,54.642857142857146,-0.015334728271276687,171.8324737548828,0.024638656086195088,670.3864135742188,0.00737504652450971,36.880001068115234,-0.02307690191550993,10.15999984741211,0.003694506644886131,31.65159034729004,1607.6848,57.825,19.1
2025-02-27,169.32867431640625,25930500,0.02350032314679007,-0.031093101239564436,-0.08208811580369835,0.017314215827452184,4.33,319.7774285714286,4.2,21.13,127.9704,4.29,57.550000000000004,70.62,98.74877166748047,575.2025756835938,-0.00965417392249801,-0.015961911190013223,72.85714285714286,62.214285714285715,54.42857142857143,-0.024489102550497854,167.62445068359375,-0.022947826539013394,655.0025024414062,-0.019251704951379733,36.16999816894531,-0.016732291225107332,9.989999771118164,-0.02208580661035142,30.952539443969727,1608.1951000000001,57.550000000000004,21.13
2025-02-28,171.32826232910156,30049800,0.020496930532484914,-0.02560123560662475,-0.09181292159033227,0.004801495239339593,4.33,319.7812142857143,4.2,19.63,128.2805,4.24,57.275,69.97,100.1927261352539,584.1788940429688,0.014622505610861758,0.01560549055036331,72.92857142857143,61.60714285714286,54.214285714285715,0.010563804659186937,169.39520263671875,0.015131256300924045,664.9135131835938,0.022394288479297364,36.97999954223633,0.026026049533405926,10.25,-0.0053324969212249496,30.787485122680664,1608.7054,57.275,19.63
2025-03-03,167.7866973876953,24122000,-0.003906305062290949,-0.011266662659173976,-0.056913338757696,0.01128939805670548,4.33,319.8183548387097,4.2,22.78,127.75,4.16,56.69032258064516,68.63,99.19080352783203,573.9442138671875,-0.009999953550214213,-0.017519770536298163,72.61290322580645,62.354838709677416,55.096774193548384,-0.019203738887521693,166.14218139648438,-0.019679743137998806,651.8281860351562,-0.038128714571823985,35.56999969482422,-0.0468292236328125,9.770000457763672,-0.04793436598771528,29.31170654296875,1610.2363,56.69032258064516,22.78
2025-03-04,171.71621704101562,30711400,-0.0373147458491927,-0.05651270163114108,-0.07861070872114273,-0.027280618085209096,4.33,319.83503225806453,4.2,23.51,127.9966,4.22,56.535483870967745,68.47,98.40497589111328,567.1504516601562,-0.007922384019182327,-0.011836973076626123,72.41935483870968,63.03225806451613,55.645161290322584,0.02341184027543708,170.03187561035156,-0.022975306176204247,636.8522338867188,-0.01040199423838073,35.20000076293945,-0.01740021170202255,9.600000381469727,0.017555435477456305,29.82628631591797,1610.7466,56.535483870967745,23.51
2025-03-05,174.0839385986328,18848000,-0.033130492213662044,-0.048691948690327114,-0.1267852392436868,-0.030899225288626764,4.33,319.85170967741936,4.2,21.93,126.504,4.28,56.380645161290325,66.58,99.672119140625,573.2461547851562,0.012876820892815832,0.010747947228388455,72.2258064516129,63.70967741935484,56.193548387096776,0.012286496645625089,172.1209716796875,0.02573415638420129,653.2410888671875,0.02840909029334049,36.20000076293945,0.019791622170145518,9.789999961853027,0.02587890287771155,30.59815788269043,1611.2569,56.380645161290325,21.93
2025-03-06,173.30795288085938,19082400,-0.05333991905200863,-0.05150084830747914,-0.15097689627757216,-0.024146431869947915,4.33,319.8683870967742,4.2,24.87,126.1099,4.29,56.225806451612904,66.62,97.88436889648438,563.0703735351562,-0.017936312175908853,-0.017751154831232574,72.03225806451613,64.38709677419355,56.74193548387097,-0.003872210579320079,171.45448303222656,-0.04347481598572023,624.841552734375,-0.04668514933116874,34.5099983215332,-0.019407515947256204,9.600000381469727,-0.0058701876364327665,30.418540954589844,1611.7672,56.225806451612904,24.87
2025-03-07,174.8399658203125,16395300,-0.045172273193468615,-0.05297630226860639,-0.14987172630663226,-0.003588661226889278,4.33,319.88506451612903,4.2,23.37,125.9814,4.32,56.07096774193548,67.29,98.51302337646484,566.2262573242188,0.006422419504438892,0.005604776840324233,71.83870967741936,65.06451612903226,57.29032258064516,0.008761137089581927,172.9566192626953,-0.0036150766346624286,622.5827026367188,-0.006085166464398939,34.29999923706055,0.012499987582366145,9.720000267028809,0.041174559238368325,31.671010971069336,1612.2775000000001,56.07096774193548,23.37
2025-03-10,167.1312713623047,28990700,-0.007389222152784813,0.012633392418503808,-0.12651204702954366,0.05979093618573339,4.33,319.9350967741936,4.2,27.86,126.268,4.22,55.60645161290323,66.31,96.05732727050781,551.14453125,-0.024927629076743063,-0.026635511651277977,71.25806451612904,67.09677419354838,58.935483870967744,-0.04485779961596437,165.1981658935547,-0.044225248139900475,595.048828125,-0.07434400273412589,31.75,-0.0658436549115845,9.079999923706055,-0.018087074099544243,31.098175048828125,1613.8084000000001,55.60645161290323,27.86
2025-03-11,165.3086700439453,23705900,-0.019942089794325435,0.04102894411856228,-0.02964203539908783,0.08583186360964135,4.33,319.95177419354843,4.2,26.92,126.0457,4.28,55.45161290322581,66.52,94.64283752441406,546.56298828125,-0.014725474737709465,-0.008312779514221158,71.06451612903226,67.7741935483871,59.483870967741936,-0.011032818121805121,163.3755645751953,0.01290987642164354,602.7308349609375,-0.011338601900836576,31.389999389648438,-0.02422910450190996,8.859999656677246,-0.02091785039621208,30.447668075561523,1614.3187,55.45161290322581,26.92
2025-03-12,168.3164520263672,19880100,-0.016094681186392235,-0.011005833038023494,-0.0806508184774124,0.05920058106461479,4.33,319.96845161290327,4.2,24.23,125.8664,4.32,55.29677419354839,67.65,95.11432647705078,549.4632568359375,0.0049817710982629215,0.005306375691130905,70.87096774193549,68.45161290322581,60.03225806451613,0.01871507944209494,166.4331512451172,0.022865696513528544,616.5126953125,0.06021023977055906,33.279998779296875,0.003386082145375502,8.890000343322754,-0.019770477958037214,29.845703125,1614.829,55.29677419354839,24.23
2025-03-13,164.063720703125,15206200,0.0019426938787658887,-0.003945748171516605,-0.03235597205377938,0.07559486164537477,4.33,319.9851290322581,4.2,24.66,126.0031,4.27,55.14193548387097,66.82,93.15958404541016,542.138671875,-0.020551503690795392,-0.013330436330021067,70.6774193548387,69.12903225806451,60.58064516129032,-0.026030764722875688,162.10076904296875,-0.046678211462215846,587.7349853515625,-0.06460335629182068,31.1299991607666,-0.05849273764699481,8.369999885559082,-0.021470379372259707,29.204904556274414,1615.3393,55.14193548387097,24.66
2025-03-14,166.94204711914062,18611100,-0.008173232569647637,-0.06896551724137934,-0.03669001858562426,0.05053948033007716,4.33,320.00180645161294,4.2,21.77,125.6942,4.31,54.98709677419355,67.43,94.8687515258789,553.3369750976562,0.01834666285795805,0.0206557912275962,70.48387096774194,69.80645161290323,61.12903225806451,0.01677310429506984,164.8197021484375,0.029629833479586143,605.1494750976562,0.026341202193359115,31.950000762939453,0.03225811964818637,8.640000343322754,0.028590534308190474,30.039888381958008,1615.8496,54.98709677419355,21.77
2025-03-17,165.89630126953125,17839100,0.02017166750366539,-0.06207605098517499,-0.04736750127389355,0.06954364258134071,4.33,320.05183870967744,4.2,20.51,125.3688,4.31,54.52258064516129,67.84,95.54653930664062,557.6038818359375,0.007144478765242601,0.007711226486406764,69.90322580645162,71.83870967741936,62.774193548387096,-0.00725113186683779,163.62457275390625,-0.004443774736456296,602.4603271484375,0.003755835024078058,32.06999969482422,0.040509191422185564,8.989999771118164,0.013574607482510714,30.447668075561523,1617.3805,54.52258064516129,20.51
2025-03-18,162.01206970214844,24616800,0.062211664512857645,-0.023298717613160713,-0.044077097105444385,0.09081599525618866,4.33,320.0685161290323,4.2,21.7,125.488,4.29,54.36774193548387,67.49,94.21063995361328,551.5770263671875,-0.013981661321505356,-0.010808489081722827,69.70967741935483,72.51612903225806,63.32258064516129,-0.02203426184103774,160.01922607421875,-0.03726236511861858,580.01123046875,-0.024009992675115055,31.299999237060547,-0.028921049555210132,8.729999542236328,-0.011798528215918647,30.088430404663086,1617.8908000000001,54.36774193548387,21.7
2025-03-19,165.60745239257812,24955700,0.005172091309054938,-0.04462340773501028,-0.07770013590399194,0.047565199364245636,4.33,320.0851935483871,4.2,19.9,125.8006,4.25,54.21290322580646,67.4,95.3304443359375,557.584228515625,0.011886177430442846,0.010890957855881567,69.51612903225806,73.19354838709677,63.87096774193548,0.020041060282139256,163.22618103027344,0.002919212905865498,581.7044067382812,0.009584701332962409,31.600000381469727,0.035509786468704396,9.039999961853027,0.014520884718690619,30.525341033935547,1618.4011,54.21290322580646,19.9
2025-03-20,164.3824462890625,19981500,-0.005877024790197138,-0.07525001466633896,-0.09203276200207777,0.017458884125526097,4.33,320.10187096774195,4.2,19.8,125.985,4.24,54.058064516129036,68.55,95.12415313720703,555.971923828125,-0.002163959269963267,-0.002891589476610945,69.3225806451613,73.87096774193549,64.41935483870968,-0.006650811413949742,162.14059448242188,0.0033214960792264936,583.6365356445312,-0.005696212120343325,31.420000076293945,0.02101765278595802,9.229999542236328,-0.007315576600202323,30.302030563354492,1618.9114,54.058064516129036,19.8
2025-03-21,165.5775909423828,29882100,-0.061293248647879994,-0.11133834465625436,-0.074285801701235,-0.00024338113439570375,4.33,320.1185483870968,4.2,19.28,126.2679,4.25,53.903225806451616,68.52,95.87068939208984,556.1552124023438,0.007848019985061017,0.000329672356396582,69.12903225806451,74.54838709677419,64.96774193548387,0.0073095862750829355,163.32577514648438,0.017491501261045928,593.84521484375,0.031826801089216206,32.41999816894531,0.010834278053008184,9.329999923706055,-0.023069566792100482,29.602975845336914,1619.4217,53.903225806451616,19.28
2025-03-24,169.24270629882812,18742800,-0.08062144941752636,-0.12175595884772916,-0.07185310539882384,-0.0117011330308191,4.33,320.1685806451613,4.2,17.48,126.1956,4.34,53.438709677419354,69.46,97.228271484375,566.1151733398438,0.014160554189121877,0.017908599461789354,68.54838709677419,76.58064516129032,66.61290322580645,0.022501433614002142,167.00083923339844,0.03790356398439387,616.3540649414062,0.04996924238366596,34.040000915527344,0.022508042857899202,9.539999961853027,0.03837334980189078,30.738941192626953,1620.9526,53.438709677419354,17.48
2025-03-25,172.0911102294922,13841600,-0.0805022059000211,-0.15168684829258094,-0.06551279672052979,-0.006330552236210818,4.33,320.1852580645162,4.2,17.15,126.0535,4.31,53.28387096774194,69.48,98.45977020263672,567.4759521484375,0.012666055864827497,0.002403713718828193,68.35483870967742,77.25806451612902,67.16129032258064,0.0171756452310996,169.8691864013672,0.012054747584876457,623.7840576171875,0.017332553957680963,34.630001068115234,0.009433978296411683,9.630000114440918,-0.012318396967794465,30.360286712646484,1621.4629,53.28387096774194,17.15
2025-03-26,166.4639892578125,22498000,-0.04953927737808106,-0.03637666434695119,-0.01968406282151225,0.0448705444780384,4.33,320.201935483871,4.2,18.33,126.2364,4.35,53.12903225806452,70.05,97.62235260009766,560.7012939453125,-0.008505175269204912,-0.011938229589247729,68.16129032258064,77.93548387096774,67.70967741935483,-0.032246798508912655,164.39144897460938,-0.024476819061459265,608.5158081054688,-0.04966795170811522,32.90999984741211,-0.022845302639083243,9.40999984741211,0.017908490096518737,30.903993606567383,1621.9732000000001,53.12903225806452,18.33
2025-03-27,163.41636657714844,21571200,-0.06978310692547984,-0.05308387618462029,-0.010117039251030913,0.08778816871318451,4.33,320.21861290322585,4.2,18.69,126.3626,4.38,52.9741935483871,70.3,97.18887329101562,559.2122192382812,-0.004440369418853729,-0.002655736170240508,67.96774193548387,78.61290322580645,68.25806451612902,-0.01708460658957789,161.5828857421875,-0.013748350915047225,600.1497192382812,-0.020358498087261423,32.2400016784668,-0.025504758236969294,9.170000076293945,0.0003142089664289749,30.91370391845703,1622.4835,52.9741935483871,18.69
2025-03-28,155.42880249023438,34866500,-0.053312811414522154,0.021401934503035625,0.038446691802679345,0.1380443624510146,4.33,320.2352903225807,4.2,21.65,126.4187,4.27,52.81935483870968,69.74,94.32196044921875,547.95068359375,-0.029498364830430668,-0.020138214540216803,67.7741935483871,79.29032258064515,68.80645161290323,-0.04875510600315636,153.70489501953125,-0.042882264181107965,574.4139404296875,-0.023883446805978092,31.469999313354492,-0.03053432177116766,8.890000343322754,-0.038002591857047574,29.738903045654297,1622.9938000000002,52.81935483870968,21.65
2025-03-31,155.59811401367188,33591600,-0.044741645760760895,0.033540421277129084,0.029827763840507338,0.13373009934611968,4.33,320.2853225806452,4.2,22.28,126.7075,4.23,52.35483870967742,71.87,95.02144622802734,551.6289672851562,0.007415937661571226,0.006712800625198856,67.19354838709677,81.3225806451613,70.45161290322581,0.002008794818411319,154.01365661621094,-0.0006590021801687884,574.035400390625,-0.01493483710230159,31.0,-0.02024750261241315,8.710000038146973,0.018609264514887647,30.292322158813477,1624.5247000000002,52.35483870967742,22.28
2025-04-01,158.23739624023438,20111400,-0.0774168713066209,-0.0012587936679612222,0.024609734426743524,0.1327798781243954,4.33,320.302,4.2,21.77,126.4338,4.17,52.2,71.61,95.08056640625,553.18701171875,0.0006221772091405953,0.002824442743211364,67.0,82.0,71.0,0.015713871159274806,156.43380737304688,0.01672568494446991,583.6365356445312,0.0,31.0,0.025258354312890807,8.930000305175781,0.006730806343648643,30.496213912963867,1625.035,52.2,21.77
2025-04-02,158.2174835205078,17113300,0.013848665934158566,-0.021150858125241534,0.04374911574865736,0.13790135366765033,4.33,320.31260000000003,4.203333333333333,21.51,126.3811,4.2,52.2,72.12,95.41553497314453,556.6878051757812,0.0035229971755039724,0.0063284086265045225,66.93333333333334,81.83333333333333,70.6,-0.00019108380902699285,156.40391540527344,-0.0035324133804196522,581.5748901367188,0.012258037444083936,31.3799991607666,-0.005599125310878583,8.880000114440918,0.0019101497241913457,30.554466247558594,1625.5228351648352,52.2,21.51
2025-04-03,152.01266479492188,28416100,0.01795197535669968,0.004782930692123211,0.08792505989077615,0.16473461655749855,4.33,320.32320000000004,4.206666666666667,30.02,124.7316,4.06,52.2,67.43,91.15950775146484,529.2537841796875,-0.04460518114662959,-0.04928080108999533,66.86666666666666,81.66666666666667,70.2,-0.04024453646100756,150.10951232910156,-0.08958261422048308,529.4758911132812,-0.12332692910722887,27.510000228881836,-0.09684680693626224,8.020000457763672,-0.03516618037946628,29.479982376098633,1626.0106703296703,52.2,30.02
2025-04-04,147.1424560546875,39832200,0.07892231649315451,0.014349493234975252,0.11818053229201153,0.18702136899976862,4.33,320.3338,4.21,45.31,125.8129,4.01,52.2,62.42,85.9380111694336,498.2696838378906,-0.05727868338502895,-0.05854299254528794,66.8,81.5,69.8,-0.03397015342294141,145.01026916503906,-0.05058119757236168,502.6943664550781,-0.06288620602845574,25.780000686645508,0.003740614870183734,8.050000190734863,-0.04771382972866012,28.073379516601562,1626.4985054945055,52.2,45.31
2025-04-07,148.6363983154297,47823000,0.08194858143924133,0.031224710721191373,0.023854241361416006,0.19186246636009407,4.33,320.36560000000003,4.22,46.98,126.8282,4.15,52.2,61.05,86.05623626708984,497.3822021484375,0.0013757020443858625,-0.001781127205286448,66.6,81.0,68.6,0.00789833694134301,146.15560913085938,0.022823968180742726,514.1678466796875,-0.014740149650658507,25.399999618530273,-0.03975157317756095,7.730000019073486,-0.030967210325809624,27.204025268554688,1627.962010989011,52.2,46.98
2025-04-08,145.98715209960938,35304400,0.08254874305637872,0.07599942889478806,0.06255974707481049,0.22059482321973323,4.33,320.37620000000004,4.223333333333334,52.33,126.8668,4.26,52.2,60.04,84.85430145263672,489.591796875,-0.013966853148477454,-0.01566281471228148,66.53333333333333,80.83333333333333,68.2,-0.013969373345635971,144.11390686035156,-0.01123481533870696,508.3912658691406,-0.02834643008534632,24.68000030517578,-0.06468305288050047,7.230000019073486,-0.029443422668176567,26.403045654296875,1628.4498461538462,52.2,52.33
2025-04-09,160.40858459472656,46479500,-0.034521448057685755,0.002545722312321086,-0.041475240467643504,0.1270826442751165,4.33,320.3868,4.226666666666667,33.62,126.628,4.34,52.2,62.63,92.35159301757812,541.0083618164062,0.0883548793236626,0.10501925332407813,66.46666666666667,80.66666666666667,67.8,0.09682127943558294,158.06719970703125,0.14755616570417196,583.4075317382812,0.14019445063568492,28.139999389648438,0.21991696702021435,8.819999694824219,0.07991114514404596,28.512943267822266,1628.9376813186814,52.2,33.62
2025-04-10,154.74159240722656,35270500,-0.012936803487180182,0.05457943851507885,0.02709654580424603,0.17802486800060535,4.33,320.3974,4.23,40.72,125.089,4.4,52.2,60.57,89.15958404541016,517.3019409179688,-0.034563659032502025,-0.043818954699414436,66.4,80.5,67.4,-0.03711193992678119,152.20101928710938,-0.06739840952847553,544.0867919921875,-0.06787490720823264,26.229999542236328,-0.11224487589258292,7.829999923706055,-0.03802670601112024,27.42868995666504,1629.4255164835165,52.2,40.72
2025-04-11,158.75527954101562,22582000,-0.059849372166164705,0.01894612418501551,0.009347583751386113,0.15006334950182554,4.33,320.408,4.233333333333333,37.56,124.0163,4.48,52.2,61.91,89.91817474365234,526.5321044921875,0.008508235052507862,0.017842893761116585,66.33333333333333,80.33333333333333,67.0,0.02826857213779821,156.50352478027344,-0.004979068505296724,541.3777465820312,0.005337449463986399,26.3700008392334,0.01660282448373085,7.960000038146973,0.014245021377163214,27.819412231445312,1629.9133516483516,52.2,37.56
2025-04-14,160.8169403076172,18255900,-0.04688196055544114,0.003653753442235619,0.0330709850816453,0.13947398209311634,4.33,320.4398,4.243333333333333,30.89,123.6598,4.38,52.2,61.99,90.51913452148438,531.6401977539062,0.006683407214896242,0.009701389940211191,66.13333333333334,79.83333333333333,65.8,0.012282122318133304,158.42572021484375,-0.02224188164668206,529.3364868164062,-0.019719394812836466,25.850000381469727,-0.0062814309667393875,7.909999847412109,0.005968989229217403,27.98546600341797,1631.3768571428573,52.2,30.89
2025-04-15,158.0382080078125,15690800,-0.006049902328739254,0.013927327020682778,0.042349316301175,0.16537696703894267,4.33,320.4504,4.246666666666667,30.12,123.776,4.35,52.2,61.74,90.74573516845703,530.1511840820312,0.002503345266948731,-0.0028007921112169765,66.06666666666666,79.66666666666667,65.4,-0.01735087629404153,155.67689514160156,-0.018740179615247876,519.4166259765625,0.00541583704380888,25.989999771118164,-0.005056885287565982,7.869999885559082,0.015008815163990441,28.405494689941406,1631.8646923076924,52.2,30.12
2025-04-16,154.8710479736328,16921500,0.03839253631832262,0.046881122452850255,0.07672043973232912,0.19719311907853965,4.33,320.461,4.25,32.64,123.2724,4.29,52.2,62.88,88.30245971679688,518.3668823242188,-0.0269244107959955,-0.022228190960692285,66.0,79.5,65.0,-0.019064751268838553,152.70895385742188,-0.03683466582500228,500.2840881347656,-0.020777184029789564,25.450000762939453,-0.016518439178056288,7.739999771118164,-0.014786881591334233,27.98546600341797,1632.3525274725275,52.2,32.64
2025-04-17,152.73973083496094,19513400,0.06840113403152515,0.0811814163725677,0.09461384975810572,0.2479118029648697,4.33,320.4716,4.253333333333333,29.65,123.1298,4.34,52.2,65.07,88.87387084960938,519.1065063476562,0.006471066996832642,0.0014268350248789474,65.93333333333334,79.33333333333333,64.6,-0.014152371508445172,150.54776000976562,-0.0016523204680641834,499.45745849609375,-0.0074656396212882115,25.260000228881836,0.018087900188985317,7.880000114440918,0.012914617360270775,28.346887588500977,1632.8403626373627,52.2,29.65
2025-04-21,149.25387573242188,16147800,0.08381156595377681,0.10803412400263279,0.10316309294830184,0.2834705753778919,4.33,320.514,4.266666666666667,33.82,122.3145,4.42,52.2,63.48,86.87393951416016,506.7503356933594,-0.022503029476835357,-0.02380276591259234,65.66666666666667,78.66666666666667,63.0,-0.023088193768321164,147.07188415527344,-0.033540727970083783,482.7052917480469,-0.041567740890541494,24.209999084472656,-0.03426395647275571,7.610000133514404,0.0020674968727150134,28.405494689941406,1634.7917032967034,52.2,33.82
2025-04-22,153.27752685546875,15910300,0.053021464190444956,0.0734243513018562,0.10500342651352956,0.24587524225510382,4.33,320.5246,4.27,30.57,122.4175,4.41,52.2,64.6,89.13987731933594,519.9348754882812,0.02608305572244074,0.026017821531153285,65.6,78.5,62.6,0.025733145489501785,150.85650634765625,0.03222878866647605,498.2622985839844,0.019413516665705455,24.68000030517578,0.03153742009296501,7.849999904632568,0.021664363518672847,29.02088165283203,1635.2795384615386,52.2,30.57
2025-04-23,157.08209228515625,18575700,0.020098825279284194,-0.0311944243798552,0.09041333787684569,0.22642797166495776,4.33,320.53520000000003,4.273333333333333,28.45,123.0252,4.4,52.2,62.64,90.56840515136719,527.9915161132812,0.016025687660682575,0.015495480308824972,65.53333333333333,78.33333333333333,62.2,0.025615554574647703,154.7207794189453,0.03995765557042463,518.1716918945312,0.037682345772935166,25.610000610351562,0.016560524333790072,7.980000019073486,-0.002356115226121114,28.952505111694336,1635.7673736263737,52.2,28.45
2025-04-24,160.8169403076172,30787500,0.0081747372382166,-0.03542455717405868,0.05028778479479512,0.20340166836523,4.33,320.5458,4.276666666666666,26.47,122.9251,4.32,52.2,63.55,92.38114166259766,539.105224609375,0.02001510911228732,0.02104902854861268,65.46666666666667,78.16666666666667,61.8,0.025297686409597953,158.63485717773438,0.024756396703073502,530.999755859375,0.0054665906408393194,25.75,0.043859637067169555,8.329999923706055,0.018556072943612945,29.489749908447266,1636.2552087912088,52.2,26.47
2025-04-25,163.1873016357422,35148100,0.011962063623816244,-0.05779678667160748,0.06182478461412888,0.1818888204122382,4.33,320.5564,4.28,24.84,122.8858,4.29,52.2,63.85,92.96240997314453,543.0003662109375,0.006292066758276649,0.007225197278295514,65.4,78.0,61.4,0.016825803502671155,161.30401611328125,0.026484097518362226,545.0628051757812,0.012038814211354776,26.059999465942383,0.02521008884397946,8.539999961853027,-0.0039748732336502,29.37253189086914,1636.743043956044,52.2,24.84
2025-04-28,161.76307678222656,20871200,0.022349418302746615,-0.017485583142830108,0.06747942824020248,0.21084904169816832,4.33,320.58820000000003,4.29,25.15,122.7176,4.23,52.2,63.3,93.31707763671875,543.2074584960938,0.0038151728604784996,0.0003813851666460977,65.2,77.5,60.2,-0.00833546175370492,159.95947265625,0.004513281679279002,547.5228271484375,0.004221051903524398,26.170000076293945,0.03395784111808142,8.829999923706055,0.0033255266705134456,29.470211029052734,1638.2065494505496,52.2,25.15
2025-04-29,161.40452575683594,15955200,0.019375566220862117,-0.007219549382967538,0.06725921544985658,0.21977873107346357,4.33,320.5988,4.293333333333333,24.17,122.5944,4.19,52.2,61.84,93.99685668945312,546.6292724609375,0.007284615741833811,0.006299276475910887,65.13333333333334,77.33333333333333,59.8,-0.0028017465056151547,159.5113067626953,0.008549470526766578,552.203857421875,0.004203309515891318,26.280000686645508,0.02944509978803156,9.09000015258789,-0.01458396085970004,29.04041862487793,1638.6943846153847,52.2,24.17
2025-04-30,160.2392578125,20639500,-0.05028262790626814,0.036795334735045815,0.07433656717554915,0.20014817015571196,4.33,320.6094,4.296666666666667,24.7,122.5921,4.17,52.2,59.55,94.02642059326172,546.8462524414062,0.00031452013237287524,0.00039694175083582195,65.06666666666666,77.16666666666667,59.4,-0.008491607734768092,158.15679931640625,-0.00981164784044053,546.7858276367188,-0.0365297171513822,25.31999969482422,-0.12431244174613254,7.960000038146973,-0.0023545301471349367,28.972042083740234,1639.1822197802198,52.2,24.7
2025-05-01,162.13157653808594,21904300,-0.04324577159284004,0.01603291341406088,0.0465629942435406,0.16824324228938892,4.33,320.62,4.3,24.6,123.1405,4.25,52.2,60.59,94.5091552734375,550.7216796875,0.005134032297836599,0.0070868680708551235,65.0,77.0,59.0,0.015743132344695043,160.6466827392578,0.042276982887499814,569.9022827148438,0.006714063125707437,25.489999771118164,-0.016331672590190194,7.829999923706055,0.025286618677111017,29.704647064208984,1639.670054945055,52.2,24.6
2025-05-02,165.1393585205078,16844900,-0.06893425435892186,0.009770319867558275,0.011459012565681048,0.1819873148464788,4.33,320.6462903225806,4.293548387096774,22.68,122.4962,4.33,52.4741935483871,59.67,95.97708129882812,558.896728515625,0.015532103965415489,0.014844247338807959,64.74193548387096,76.48387096774194,58.87096774193548,0.016924925302577165,163.36561584472656,0.04335813463429772,594.6121826171875,0.05413892038080226,26.8700008392334,0.07918261706260998,8.449999809265137,0.009207456887501353,29.978151321411133,1640.15789010989,52.4741935483871,22.68
2025-05-05,165.37838745117188,15309300,-0.03896417480405945,0.010960545431831337,0.020114431884592276,0.17768617002136322,4.33,320.7251612903226,4.274193548387097,23.64,122.2613,4.36,53.29677419354839,58.5,96.20368194580078,555.6917724609375,0.0023609870596827953,-0.005734433377700299,63.96774193548387,74.93548387096774,58.483870967741936,0.0010973882831359916,163.54489135742188,0.003768787223651149,596.8531494140625,0.0227018490491544,27.479999542236328,0.011834364938100972,8.550000190734863,-0.01270768270526812,29.597198486328125,1641.6213956043957,53.29677419354839,23.64
2025-05-06,164.53182983398438,10691900,-0.026089614549450135,0.0007265302624801517,0.027905569243045214,0.19344253112237153,4.33,320.7514516129032,4.267741935483871,24.76,122.0417,4.3,53.57096774193548,60.42,96.18397521972656,551.0471801757812,-0.00020484378222984656,-0.008358216758522774,63.70967741935484,74.41935483870968,58.354838709677416,-0.005968047629435036,162.56884765625,-0.0199576800606861,584.9413452148438,-0.01783114189521884,26.989999771118164,-0.022222284189362895,8.359999656677246,-0.01122116924320582,29.26508331298828,1642.1092307692309,53.57096774193548,24.76
2025-05-07,152.1820068359375,78729800,0.0916882908536707,0.1129580684621092,0.14476427296608985,0.29265115206449144,4.33,320.7777419354839,4.261290322580645,23.55,122.117,4.26,53.84516129032259,59.42,96.00663757324219,553.364501953125,-0.0018437338036741968,0.004205305572209772,63.45161290322581,73.90322580645162,58.225806451612904,-0.07259685274568162,150.76686096191406,0.016175312215695126,594.4029541015625,0.012967780082912883,27.34000015258789,-0.0275119080959082,8.130000114440918,0.014018728135453129,29.675342559814453,1642.597065934066,53.84516129032259,23.55
2025-05-08,155.1200714111328,38387500,0.06195811133815443,0.10420532308395414,0.1418522756704761,0.29908767002470693,4.33,320.8040322580645,4.254838709677419,22.48,122.7568,4.37,54.11935483870968,61.25,96.23323822021484,557.2202758789062,0.0023602602142980267,0.00696787363875373,63.193548387096776,73.38709677419355,58.096774193548384,0.019157025691712626,153.6551055908203,0.0020107410662082437,595.59814453125,0.019019767917391572,27.860000610351562,0.011070129313778043,8.220000267028809,-0.09578674603716342,26.83283805847168,1643.0849010989011,54.11935483870968,22.48
2025-05-09,153.75559997558594,22871000,0.08453170422706147,0.09852303278699104,0.16742038204234455,0.3076328778754822,4.33,320.83032258064515,4.248387096774193,21.9,122.5191,4.37,54.39354838709678,62.37,95.74065399169922,556.51025390625,-0.005118649622788518,-0.0012742213508586397,62.935483870967744,72.87096774193549,57.96774193548387,-0.009916939930432522,152.13131713867188,-0.009230520132646358,590.1004638671875,0.04881545847840418,29.219999313354492,0.0036496024326815313,8.25,-0.01055690750764049,26.5495662689209,1643.5727362637363,54.39354838709678,21.9
2025-05-12,158.93455505371094,31884900,0.051948864888269775,0.0902369302419801,0.12172512597284824,0.28089624215204867,4.33,320.9091935483871,4.229032258064516,18.39,123.4863,4.45,55.21612903225807,63.32,97.730712890625,574.9014892578125,0.02078593383222893,0.033047433039141705,62.16129032258065,71.3225806451613,57.58064516129032,0.03738135248289942,157.8181915283203,0.07922483240427436,636.85107421875,0.12388777975018428,32.84000015258789,0.11636364098751173,9.210000038146973,0.044885998675682215,27.741270065307617,1645.0362417582419,55.21612903225807,18.39
2025-05-13,160.2392578125,24944300,0.02753450955297554,0.07763078206417395,0.10126630252612978,0.26343491940152974,4.33,320.93548387096774,4.22258064516129,18.22,122.9583,4.49,55.49032258064516,65.04,98.68634796142578,578.6981201171875,0.009778247211501334,0.006603967688927792,61.903225806451616,70.80645161290323,57.45161290322581,0.006752541122192257,158.8838653564453,0.025960574911195522,653.3840942382812,0.0027405649259961695,32.93000030517578,-0.011943502304195164,9.100000381469727,0.014084444097614002,28.131990432739258,1645.524076923077,55.49032258064516,18.22
2025-05-14,166.13531494140625,31769200,0.019483379813303614,0.036868456234310454,0.05564076781408689,0.22333806399136513,4.33,320.96177419354837,4.216129032258064,18.62,122.6746,4.53,55.76451612903226,64.48,99.19866180419922,579.4376831054688,0.005191334499212497,0.001277977174232836,61.645161290322584,70.29032258064517,57.32258064516129,0.036607429854542684,164.7001953125,0.00507620472403425,656.7008056640625,-0.0012147256348812308,32.88999938964844,-0.007692378633420427,9.029999732971191,0.021180445262865666,28.72783851623535,1646.0119120879122,55.76451612903226,18.62
2025-05-15,164.73101806640625,22717600,0.03978237116392913,0.04504237383904064,0.07710943836369144,0.2403646895666578,4.33,320.98806451612904,4.209677419354838,17.83,122.8174,4.45,56.038709677419355,63.03,99.59272766113281,582.2678833007812,0.003972491662351363,0.004884390984280174,61.38709677419355,69.7741935483871,57.193548387096776,-0.008526289926654163,163.29591369628906,-0.023477454940272646,641.2831420898438,-0.01976277662644821,32.2400016784668,-0.0498338673944867,8.579999923706055,-0.014790732575909127,28.302932739257812,1646.4997472527473,56.038709677419355,17.83
2025-05-16,166.75282287597656,36271400,0.012900801798045203,0.017559434836831533,0.05980429001255727,0.2216181948668563,4.33,321.01435483870966,4.203225806451613,17.24,123.0737,4.43,56.31290322580645,63.84,100.27250671386719,585.9559936523438,0.006825589264382259,0.006334043929497213,61.12903225806452,69.25806451612904,57.064516129032256,0.013600752250026993,165.51686096191406,-0.005497876942923474,637.7574462890625,0.010235669949664628,32.56999969482422,0.019813528881771347,8.75,0.009490872900988379,28.571552276611328,1646.9875824175824,56.31290322580645,17.24
2025-05-19,167.19102478027344,21374700,0.03639726856664005,-0.0009529953871628694,0.03764304399613372,0.20768098584370165,4.33,321.09322580645164,4.183870967741935,18.14,122.4186,4.46,57.13548387096775,63.98,100.37102508544922,586.5969848632812,0.000982506320133858,0.001093923806363195,60.354838709677416,67.70967741935483,56.67741935483871,0.0021060515170900906,165.86544799804688,0.00014058737385647113,637.8471069335938,-0.01688668229087975,32.02000045776367,-0.007999965122767905,8.680000305175781,0.02324782796369651,29.23577880859375,1648.451087912088,57.13548387096775,18.14
2025-05-20,164.6513671875,33563300,0.048753858917101045,0.024618760490620062,0.015797094357751673,0.2123797285635487,4.33,321.11951612903226,4.177419354838709,18.09,122.3199,4.48,57.40967741935484,63.97,100.12472534179688,584.6246948242188,-0.0024538928783746083,-0.0033622573759429786,60.096774193548384,67.19354838709677,56.54838709677419,-0.01537171768800416,163.31581115722656,-0.0051997576763647135,634.5304565429688,0.007495248605199123,32.2599983215332,-0.017281171305391085,8.529999732971191,-0.017039701544262043,28.73760986328125,1648.9389230769232,57.40967741935484,18.09
2025-05-21,169.3721923828125,45567600,0.017052829663775748,-0.0014701833589549906,-0.022641850757154747,0.18111913034766913,4.33,321.1458064516129,4.170967741935484,20.87,121.7496,4.58,57.68387096774194,62.93,99.37599182128906,574.7733154296875,-0.007478008233749001,-0.016850775346555102,59.83870967741935,66.6774193548387,56.41935483870968,0.027930317156814377,167.8772735595703,-0.0025114111987835086,632.9368896484375,-0.001239835800096123,32.220001220703125,-0.029308324481379433,8.279999732971191,-0.0027192266113326147,28.659465789794922,1649.4267582417583,57.68387096774194,20.87
2025-05-22,171.28440856933594,45024100,0.005058753467058086,0.017095051844962628,-0.023481610060136493,0.20344507649910315,4.33,321.17209677419356,4.164516129032258,20.28,122.0429,4.54,57.958064516129035,62.55,99.15924835205078,575.0001831054688,-0.002181044588999481,0.00039470808698149895,59.58064516129032,66.16129032258064,56.29032258064516,0.01370413847294194,170.17788696289062,0.0016836968196258795,634.0025634765625,-0.014587250245078343,31.75,0.018116011720058722,8.430000305175781,0.0037492145184281345,28.766916275024414,1649.9145934065934,57.958064516129035,20.28
2025-05-23,168.90406799316406,24963600,0.004599298401696261,0.048667498938731235,0.012418945846335072,0.23480994321500281,4.33,321.1983870967742,4.158064516129032,22.29,121.3837,4.51,58.23225806451613,62.89,98.70606994628906,571.0752563476562,-0.00457020815802045,-0.006825957405117156,59.32258064516129,65.64516129032258,56.16129032258065,-0.014045648537073019,167.78762817382812,-0.014939401191701784,624.5309448242188,-0.02677166555810162,30.899999618530273,-0.023724882052098883,8.229999542236328,-0.00814950177192919,28.532480239868164,1650.4024285714286,58.23225806451613,22.29
2025-05-27,173.2763214111328,24341300,-0.03603855884863438,0.03590276965053296,0.0037916183545079196,0.19668898030149595,4.33,321.3035483870968,4.132258064516129,18.96,121.6099,4.43,59.329032258064515,61.61,100.31192016601562,582.9483032226562,0.016269011830785995,0.020790686941918546,58.29032258064516,63.58064516129032,55.645161290322584,0.026295523970706114,172.19969177246094,0.024335939618747027,639.7294921875,0.019093856306524826,31.489999771118164,0.02308633592049847,8.420000076293945,0.03800073493053158,29.616735458374023,1652.3537692307693,59.329032258064515,18.96
2025-05-28,172.6787567138672,25999200,-0.02301312001979383,0.03244247979198844,0.02943983104577974,0.20233169195015321,4.33,321.3298387096774,4.1258064516129025,19.31,121.9888,4.47,59.60322580645162,62.54,100.29222869873047,579.5758056640625,-0.0001963023661850638,-0.005785242945128943,58.03225806451613,63.064516129032256,55.516129032258064,-0.0031231837511505045,171.66188049316406,0.0019615834940001076,640.984375,-0.0019053498373605704,31.43000030517578,-0.009501178501326923,8.34000015258789,0.007255936632980742,29.831632614135742,1652.8416043956045,59.60322580645162,19.31
2025-05-29,172.26046752929688,21174700,-0.018212439395949853,0.02441435055719321,0.026845421782220935,0.2293318199187866,4.33,321.3561290322581,4.119354838709677,19.18,121.5617,4.43,59.877419354838715,61.66,99.48436737060547,581.863525390625,-0.008055074043191834,0.003947231240857718,57.774193548387096,62.54838709677419,55.38709677419355,-0.0029009692682678834,171.1638946533203,0.0022841607147210397,642.448486328125,-0.01177221876044554,31.059999465942383,-0.007194294786443289,8.279999732971191,-0.011787830809852462,29.479982376098633,1653.3294395604396,59.877419354838715,19.18
2025-05-30,172.15089416503906,36258300,0.011975716182147655,0.018752834694237608,0.024718843979226968,0.23683352388624046,4.33,321.3824193548387,4.112903225806451,18.57,121.7674,4.41,60.15161290322581,61.46,99.89814758300781,581.2128295898438,0.004159248566771412,-0.001118296253996065,57.516129032258064,62.03225806451613,55.25806451612903,-0.000698112048633015,171.04440307617188,0.003782678040288534,644.878662109375,0.0016098243808408963,31.110000610351562,-0.003623156272787309,8.25,-0.007952251038286007,29.24555015563965,1653.8172747252747,60.15161290322581,18.57
2025-06-02,169.680908203125,24742900,0.0438664456636062,0.04568826410441251,0.0563836575718728,0.24578775864624114,4.33,321.4594666666667,4.1066666666666665,18.36,121.1881,4.46,60.733333333333334,63.27,100.39073181152344,584.4866333007812,0.004930864489817832,0.0056327106771676405,57.3,61.833333333333336,56.233333333333334,-0.015779736699886526,168.34536743164062,0.036154849109741205,668.1941528320312,0.02571517908599308,31.90999984741211,-0.006060629179983401,8.199999809265137,0.012692026676160761,29.616735458374023,1655.2807802197804,60.733333333333334,18.36
2025-06-03,167.0316925048828,25386700,0.07463091927540177,0.05803488191618422,0.0778546632197481,0.3796301295316742,4.33,321.4839333333333,4.113333333333333,17.69,121.4592,4.46,60.76666666666667,64.1,100.10504150390625,587.81982421875,-0.002845783693992354,0.005702766715374175,57.6,62.666666666666664,57.46666666666667,-0.01686099535906138,165.50689697265625,-0.006036705632867179,664.1604614257812,0.03823256742516312,33.130001068115234,0.020731717103439795,8.369999885559082,0.004122568321294651,29.738832473754883,1655.7686153846155,60.76666666666667,17.69
2025-06-04,168.7048797607422,18508700,0.056761867480662254,0.02833186643962149,0.0494919476715554,0.3751677672062743,4.33,321.5084,4.119999999999999,17.61,121.0539,4.37,60.800000000000004,63.57,100.74540710449219,587.6619873046875,0.006396936567484968,-0.00026851240390246556,57.9,63.5,58.7,0.011252957131504093,167.3693389892578,0.0316413801089086,685.1754150390625,0.020525212292559214,33.810001373291016,0.009557936057332572,8.449999809265137,0.019543522895784537,30.32003402709961,1656.2564505494506,60.800000000000004,17.61
2025-06-05,169.12318420410156,25375400,0.04341752907005336,-0.011061782225848416,0.03274569034390007,0.3865654630055766,4.33,321.5328666666667,4.126666666666666,18.48,120.9596,4.4,60.833333333333336,64.06,100.88333129882812,584.8218994140625,0.0013690370439705113,-0.004832859623354335,58.2,64.33333333333333,59.93333333333334,0.0009520712404194054,167.5286865234375,-0.004840496729264121,681.8588256835938,-0.001478942612445855,33.7599983215332,-0.02958579948438389,8.199999809265137,0.014819553824349185,30.769363403320312,1656.7442857142858,60.833333333333336,18.48
2025-06-06,174.2125244140625,22258100,0.0066969181213734075,-0.04979683270632573,0.016885237631109273,0.34147608273557983,4.33,321.55733333333336,4.133333333333333,16.77,121.161,4.51,60.86666666666667,65.3,102.1739273071289,590.8275146484375,0.012792955899502134,0.010269135339138424,58.5,65.16666666666667,61.166666666666664,0.032518790144236975,172.9765167236328,0.019120043503266126,694.89599609375,0.013033248319968216,34.20000076293945,0.008536664649606562,8.270000457763672,0.010793696606151038,31.101478576660156,1657.2321208791209,60.86666666666667,16.77
2025-06-09,177.12420654296875,18817600,0.0017452600841556531,-0.05567749240783004,0.006023770478528201,0.3519926581743713,4.33,321.63073333333335,4.153333333333333,17.16,120.9103,4.49,60.96666666666667,65.99,101.87837982177734,591.3599243164062,-0.002892592006013106,0.0009011253788435702,59.4,67.66666666666667,64.86666666666667,0.01510366490890358,175.58909606933594,-0.005231364012291073,691.2607421875,-0.0017544260804822631,34.13999938964844,0.027811309492783653,8.5,0.002826666679749623,31.18939208984375,1658.6956263736265,60.96666666666667,17.16
2025-06-10,179.49742126464844,32908000,-0.01544347651043565,-0.047330723405355046,0.0072218888476032195,0.3320044819830217,4.33,321.6552,4.159999999999999,16.95,121.0485,4.47,61.0,65.66,103.16897583007812,594.7128295898438,0.012668006799465337,0.005669821601985259,59.7,68.5,66.1,0.0142541234528335,178.0919647216797,0.012016300040545325,699.567138671875,0.028412455713084706,35.11000061035156,-0.0011764975155100776,8.489999771118164,-0.00720330152033144,30.964725494384766,1659.1834615384616,61.0,16.95
2025-06-11,178.2808837890625,18994400,-0.02690293992989956,-0.024386039629518352,0.02248452046831284,0.3479234010532175,4.33,321.67966666666666,4.166666666666666,17.26,120.587,4.41,61.03333333333334,68.91,102.93252563476562,593.0166015625,-0.0022918730501109152,-0.0028521799815779403,60.0,69.33333333333333,67.33333333333333,-0.006998967993224525,176.8455047607422,-0.01175976564749337,691.3403930664062,-0.010253506240197052,34.75,0.009422841679949556,8.569999694824219,-0.005047296382491684,30.80843734741211,1659.6712967032968,61.03333333333334,17.26
2025-06-12,176.46609497070312,17345900,-0.05221237882063989,0.0073458596464710535,0.03463857218776645,0.36517908267460064,4.33,321.70413333333335,4.173333333333333,18.02,120.1723,4.36,61.06666666666667,68.73,102.09510803222656,595.3734741210938,-0.00813559754193205,0.003974378714497684,60.3,70.16666666666667,68.56666666666666,-0.009303654342066259,175.2001953125,-0.0011236946033259532,690.5635375976562,-0.021007181071548975,34.02000045776367,-0.0315051941311526,8.300000190734863,-0.027901078310259675,29.948848724365234,1660.159131868132,61.06666666666667,18.02
2025-06-13,175.37921142578125,20873200,-0.05611793362109796,0.008585173798545398,0.044859980100319774,0.43270972533360164,4.33,321.7286,4.18,20.82,120.3245,4.41,61.1,73.84,101.06067657470703,588.7171630859375,-0.010132037444859798,-0.011180059785133145,60.6,71.0,69.8,-0.0058622599704578615,174.17312622070312,-0.015129139126405233,680.1159057617188,-0.005291014190292431,33.84000015258789,-0.04337350906524862,7.940000057220459,-0.015003290700913552,29.4995174407959,1660.646967032967,61.1,20.82
2025-06-16,177.43333435058594,18132500,-0.05732270945525775,-0.005788478785883178,0.03799034267433221,0.41421102070978555,4.33,321.802,4.199999999999999,19.11,120.1565,4.46,61.2,72.53,102.79458618164062,594.318359375,0.017157114574152255,0.009514239842613348,61.5,73.5,73.5,0.01202266218469128,176.26715087890625,0.02898092518733031,699.8262939453125,0.04078017322377869,35.220001220703125,0.0415617629930769,8.270000457763672,0.019536548080875127,30.075836181640625,1662.1104725274727,61.2,19.11
2025-06-17,176.72535705566406,17656100,-0.032387421274607364,0.014275152214153985,0.0491451598545416,0.4110100326605204,4.33,321.82646666666665,4.206666666666666,21.6,120.5048,4.39,61.233333333333334,75.62,101.88821411132812,589.2398071289062,-0.008817313284484873,-0.00854517139843114,61.8,74.33333333333333,74.73333333333333,-0.004638826493848058,175.44947814941406,-0.006964531690952236,694.9523315429688,-0.0193072198071379,34.540000915527344,-0.010882726433636525,8.180000305175781,-0.016888714137134997,29.567893981933594,1662.5983076923078,61.233333333333334,21.6
2025-06-18,173.48460388183594,32531800,0.002586484333022332,0.03776291753532934,0.09868950111821229,0.45163541679585006,4.33,321.85093333333333,4.213333333333333,20.14,120.7305,4.38,61.26666666666667,75.89,101.93748474121094,589.1510009765625,0.00048357536062981765,-0.0001507130904417897,62.1,75.16666666666667,75.96666666666667,-0.014947308970394424,172.8269805908203,-0.0020940446767588883,693.4970703125,0.006948403514999368,34.779998779296875,0.006112375940733328,8.229999542236328,0.0009910920409967883,29.597198486328125,1663.086142857143,61.26666666666667,20.14
2025-06-20,167.25238037109375,55402600,0.06283922382632623,0.05860623597078085,0.1453526541065584,0.5230916703980604,4.33,321.89986666666664,4.226666666666667,20.62,121.0408,4.38,61.333333333333336,75.72,101.31681060791016,587.7673950195312,-0.006088772298791678,-0.002348474253184407,62.7,76.83333333333333,78.43333333333334,-0.03854140979971643,166.16598510742188,-0.019288070960555737,680.120849609375,-0.01610113795999024,34.220001220703125,-0.026731388285680557,8.010000228881836,0.009570963178500369,29.88047218322754,1664.0618131868132,61.333333333333336,20.62
2025-06-23,165.53729248046875,36975600,0.0685499912800227,0.05511717031756569,0.15360516679860314,0.5246432459995951,4.33,321.97326666666663,4.246666666666666,19.83,121.1694,4.34,61.43333333333334,69.36,102.59968566894531,593.5730590820312,0.012662015842561436,0.009877485739587577,63.6,79.33333333333333,82.13333333333334,-0.00870149406961751,164.7200927734375,0.023712252425267755,696.248046875,-0.006429024338258205,34.0,-0.01248444177431518,7.909999847412109,0.011768563625125683,30.23212242126465,1665.5253186813188,61.43333333333334,19.83
2025-06-24,167.2623748779297,27310300,0.05466794542127418,0.0591392380766973,0.15178247329544559,0.5056964211869557,4.33,321.9977333333333,4.253333333333333,17.48,120.3645,4.3,61.46666666666667,65.45,103.92304229736328,600.1304321289062,0.012898252268413346,0.011047288866202987,63.9,80.16666666666667,83.36666666666667,0.009564806093433464,166.2956085205078,0.01956970116051715,709.8734130859375,0.051176519954905686,35.7400016784668,0.05183310433896504,8.319999694824219,0.02003225293793398,30.837739944458008,1666.013153846154,61.46666666666667,17.48
2025-06-25,171.00167846679688,23627400,0.04822443870069204,0.042043351311163324,0.1317279222212724,0.4464488684782033,4.33,322.0222,4.26,16.76,120.3336,4.29,61.5,65.98,103.90328216552734,600.4666748046875,-0.0001901419685097494,0.000560282661534961,64.2,81.0,84.6,0.023445477842561235,170.19448852539062,-0.004942493770294543,706.3648681640625,-0.011191983970160413,35.34000015258789,-0.0348557659242984,8.029999732971191,-0.022489684316233105,30.144208908081055,1666.500989010989,61.5,16.76
2025-06-26,173.93331909179688,25909100,0.03508568462870176,0.03944277400947849,0.10886889552618007,0.41483910632031495,4.33,322.0466666666667,4.266666666666667,16.59,119.6451,4.26,61.53333333333334,66.44,105.10813903808594,605.1646118164062,0.011595946224674192,0.007823809728070064,64.5,81.83333333333333,85.83333333333333,0.016756342599059337,173.04632568359375,0.024566835351205407,723.718017578125,-0.0059422491105246555,35.130001068115234,0.013698706601433575,8.140000343322754,-0.014257939653815832,29.714414596557617,1666.9888241758242,61.53333333333334,16.59
2025-06-27,177.76239013671875,74053100,-0.00398271700992181,0.02546688210889836,0.10186787178806633,0.3877876907451745,4.33,322.0711333333333,4.273333333333333,16.32,119.659,4.29,61.56666666666667,66.66,106.34261322021484,608.1713256835938,0.011744801053718446,0.004968423150459644,64.8,82.66666666666667,87.06666666666666,0.02875423560529078,178.0221405029297,0.01038440480523728,731.2333984375,0.023341863646240135,35.95000076293945,0.07125305887509326,8.720000267028809,0.014135455295944732,30.134441375732422,1667.4766593406594,61.56666666666667,16.32
2025-06-30,176.88487243652344,43964600,-0.012571073952624023,0.03218905056767296,0.11302795374906172,0.37876105461828335,4.33,322.1445333333333,4.293333333333333,16.73,119.4088,4.24,61.66666666666667,66.3,107.18204498291016,611.0791015625,0.007893653703591186,0.00478117884896645,65.7,85.16666666666667,90.76666666666667,-0.012882987614747043,175.7286834716797,0.00607944825136264,735.6788940429688,-0.002503481242778438,35.86000061035156,-0.0034404456108726444,8.6899995803833,0.0012965274155039008,30.173511505126953,1668.940164835165,61.66666666666667,16.73
2025-07-01,176.40626525878906,25778500,0.004239526454591358,0.03877670723048032,0.09015885444125282,0.377919188551886,4.33,322.169,4.3,16.83,119.3436,4.26,61.7,66.64,106.42162322998047,610.8812866210938,-0.007094674794187128,-0.0003237141327537829,66.0,86.0,92.0,-0.0022130750037663294,175.33978271484375,-0.025566142826694893,716.8704223632812,-0.005019528781709526,35.68000030517578,0.07594946294086169,9.350000381469727,0.052444150013811974,31.755935668945312,1669.428,61.7,16.83
2025-07-02,179.24813842773438,19325900,-0.00589672131398733,0.027481172969981094,0.05668667085603163,0.3671531766787779,4.33,322.20519354838706,4.3,16.64,119.3037,4.3,61.587096774193554,68.66,106.11546325683594,613.6505737304688,-0.0028768587045784333,0.00453326557880418,66.12903225806451,85.35483870967742,91.25806451612904,0.015923585170673382,178.13182067871094,-0.007855716439176708,711.2388916015625,0.0016816528244902873,35.7400016784668,0.0032085274595974322,9.380000114440918,-0.0021531893076783826,31.687559127807617,1669.7744565217392,61.587096774193554,16.64
2025-07-03,180.035888671875,13287400,0.0042093997100729474,0.02985329395316416,0.08418731616824449,0.3661049670001233,4.33,322.2413870967742,4.3,16.38,119.2382,4.35,61.4741935483871,68.13,106.69812774658203,618.4869995117188,0.005490853753668645,0.007881400243543668,66.25806451612904,84.70967741935483,90.51612903225806,0.004982076909575639,179.019287109375,0.007623656797967948,716.6611328125,-0.001678829615924915,35.68000030517578,-0.011727042146609024,9.270000457763672,0.008992436048788743,31.97250747680664,1670.1209130434784,61.4741935483871,16.38
2025-07-07,177.05441284179688,20991400,0.029567357536619765,0.07653748828579943,0.10002251056971212,0.3892220564284481,4.33,322.38616129032255,4.3,17.79,119.6201,4.4,61.02258064516129,69.16,105.67105865478516,613.8780517578125,-0.009625933589352709,-0.007451971921066947,66.7741935483871,82.12903225806451,87.54838709677419,-0.015262088773059568,176.28707885742188,-0.0009180042269585353,716.0032348632812,-0.00028032892782847707,35.66999816894531,-0.008630083433638913,9.1899995803833,-0.021819442835392278,31.274885177612305,1671.5067391304349,61.02258064516129,17.79
2025-07-08,174.66123962402344,24108600,0.04532997093721902,0.09676856855036164,0.1242293016467162,0.4371705517071054,4.33,322.4223548387097,4.3,16.81,119.8371,4.42,60.90967741935484,69.55,105.45378875732422,613.5418090820312,-0.0020560965341582804,-0.0005477352950125081,66.90322580645162,81.48387096774194,86.80645161290323,-0.013745082509964868,173.86399841308594,0.003229734011525265,718.3157348632812,0.0025231330868484836,35.7599983215332,0.014145823762431009,9.319999694824219,0.019164304401884102,31.87424659729004,1671.853195652174,60.90967741935484,16.81
2025-07-09,177.15414428710938,31288000,0.03439137762065614,0.07795771118867267,0.11043547556609523,0.3922709904432171,4.33,322.45854838709676,4.3,15.94,119.7311,4.34,60.79677419354839,69.61,105.73030853271484,617.2210083007812,0.0026221890995967723,0.005996656078344209,67.03225806451613,80.83870967741936,86.06451612903226,0.012961686014411944,176.11756896972656,0.016803800869835905,730.3861694335938,0.0036353767957799654,35.88999938964844,-0.02145920770536125,9.119999885559082,0.013255174572152972,32.29674530029297,1672.1996521739131,60.79677419354839,15.94
2025-07-10,178.191162109375,24693700,0.033575881902418336,0.08114156474226264,0.13088982505127622,0.3748147789129861,4.33,322.49474193548383,4.3,15.78,119.8343,4.35,60.68387096774194,67.78,105.3747787475586,618.9617309570312,-0.003362609927939797,0.002820258275139098,67.16129032258064,80.19354838709677,85.3225806451613,0.005661910228875522,177.11473083496094,-0.00756026312132374,724.8642578125,-0.002507666595665925,35.79999923706055,0.024122836599720143,9.34000015258789,0.022513115967380593,33.02384567260742,1672.5461086956523,60.68387096774194,15.78
2025-07-11,180.79373168945312,23975700,0.0255364013227668,0.0704318809016975,0.11207327713605553,0.3370828943888078,4.33,322.53093548387096,4.3,16.4,119.9214,4.43,60.57096774193548,69.63,104.69335174560547,616.7858276367188,-0.006466699242952512,-0.0035154084840562927,67.29032258064517,79.54838709677419,84.58064516129032,0.014469229131679917,179.6774444580078,-0.013379306605089014,715.1660766601562,-0.010614555201494347,35.41999816894531,-0.02462532035900633,9.109999656677246,-0.033323483889285965,31.923376083374023,1672.8925652173914,60.57096774193548,16.4
2025-07-14,182.28944396972656,20990400,0.045621231486555835,0.05803848668578904,0.11678805905083167,0.3002695931309207,4.33,322.63951612903224,4.3,17.2,120.2209,4.43,60.23225806451613,68.19,105.7204360961914,617.9627685546875,0.009810406615709866,0.0019081841138897104,67.6774193548387,77.61290322580645,82.35483870967742,0.007602922072490248,181.04351806640625,0.004752382399978217,718.5648193359375,0.015810316268790814,35.97999954223633,0.04720091343369148,9.539999961853027,-0.007386967936928834,31.687559127807617,1673.9319347826088,60.23225806451613,17.2
2025-07-15,182.57862854003906,23911600,0.04920800038577666,0.07280171874525987,0.10884759841921832,0.3372946476917378,4.33,322.6757096774193,4.3,17.38,120.5105,4.5,60.11935483870968,67.76,104.67359161376953,615.3220825195312,-0.009902006850117329,-0.004273212189356279,67.80645161290323,76.96774193548387,81.61290322580645,0.002423457218403202,181.48226928710938,-0.014606259798932597,708.0692749023438,0.01528624914002319,36.529998779296875,-0.006289352186228392,9.479999542236328,-0.01178283298543159,31.314189910888672,1674.278391304348,60.11935483870968,17.38
2025-07-16,183.24671936035156,21152600,0.042117842927335225,0.07438653365482972,0.10910391875200931,0.3408611373709465,4.33,322.71190322580645,4.3,17.16,120.4175,4.46,60.00645161290323,67.13,104.98961639404297,617.3792114257812,0.00301914528202607,0.0033431741923299896,67.93548387096774,76.3225806451613,80.87096774193549,0.005329747321715761,182.44952392578125,-0.010529516963484253,700.6136474609375,-0.012318559082384106,36.08000183105469,0.018987374880539143,9.65999984741211,0.010982080631008584,31.658084869384766,1674.624847826087,60.00645161290323,17.16
2025-07-17,184.17408752441406,21654400,0.046020503837893356,0.04417974665023694,0.10942066189877031,0.3640225341554575,4.33,322.7480967741935,4.3,16.52,120.6384,4.47,59.89354838709678,68.76,105.35503387451172,621.1574096679688,0.0034805106735249502,0.006119736739210957,68.06451612903226,75.6774193548387,80.12903225806451,0.0033337760303326913,183.05776977539062,-0.0021339238220121626,699.1185913085938,0.0,36.08000183105469,0.025879917593060187,9.90999984741211,0.004034714158142716,31.785816192626953,1674.9713043478262,59.89354838709678,16.52
2025-07-18,185.41055297851562,21033400,0.04377755828171792,0.021566009105703055,0.09868763777597778,0.35584128997406483,4.33,322.78429032258066,4.3,16.41,120.356,4.44,59.78064516129032,68.53,104.8711166381836,620.702392578125,-0.00459320469589064,-0.0007325310505222893,68.19354838709677,75.03225806451613,79.38709677419355,0.00806193346700157,184.5335693359375,0.0040918920037340545,701.9793090820312,0.028547636558331257,37.11000061035156,0.010090856004991933,10.010000228881836,0.003091343601848262,31.884077072143555,1675.3177608695653,59.78064516129032,16.41
2025-07-21,190.605712890625,24665000,0.011875481125779963,0.02406493484868477,0.05932513023218289,0.32888741624728945,4.33,322.89287096774194,4.3,16.65,119.9961,4.38,59.44193548387097,68.39,106.27347564697266,621.87939453125,0.013372213949312206,0.0018962420109840394,68.58064516129032,73.09677419354838,77.16129032258064,0.027234422990290996,189.55923461914062,0.01233868137048666,710.6408081054688,0.02398273713313226,38.0,-0.012987024122719681,9.880000114440918,0.0067794941255132635,32.10023498535156,1676.3571304347827,59.44193548387097,16.65
2025-07-22,191.56295776367188,26212900,0.022487169704012988,0.01670929492515305,0.042059394930967775,0.3390752309771894,4.33,322.929064516129,4.3,16.5,119.681,4.35,59.32903225806452,67.56,106.52037048339844,621.9683837890625,0.0023232028022301954,0.00014309729281114514,68.70967741935483,72.45161290322581,76.41935483870968,0.00652284472759046,190.7957000732422,-0.011445023545626265,702.5075073242188,0.00289475290398844,38.11000061035156,0.0475708766786187,10.350000381469727,0.03520060407249814,33.23018264770508,1676.7035869565218,59.32903225806452,16.5
2025-07-23,190.9646759033203,34068100,0.030964531455340172,0.02824924305203136,0.047569324672089186,0.3135849677440645,4.33,322.96525806451615,4.3,15.37,119.5697,4.4,59.21612903225807,66.05,107.10304260253906,627.2598266601562,0.0054700534413878454,0.008507575318954297,68.83870967741936,71.80645161290323,75.6774193548387,-0.005801109678057137,189.68887329101562,0.012443132567029558,711.2489013671875,-0.008396738118584546,37.790000915527344,-0.02705320544208012,10.069999694824219,0.0014783449103343838,33.2793083190918,1677.050043478261,59.21612903225807,15.37
2025-07-24,192.64987182617188,45252100,-0.0017597716114574613,0.021117972180432876,0.06997931646599076,0.30825934683626843,4.33,323.0014516129032,4.3,15.39,119.5664,4.43,59.10322580645162,67.16,107.28080749511719,627.4674072265625,0.0016597557665827267,0.0003309323466664793,68.96774193548387,71.16129032258064,74.93548387096774,0.01019808630529817,191.6233367919922,0.0017096735272719155,712.4649047851562,-0.0031755158421477025,37.66999816894531,-0.032770599176449644,9.739999771118164,0.006347797350541473,33.49055862426758,1677.3965,59.10322580645162,15.39
2025-07-25,193.52737426757812,31101800,-0.02127996429869561,0.04127166973770424,0.07769985200673979,0.3085158806939363,4.33,323.0376451612903,4.3,14.93,119.9857,4.4,58.99032258064516,66.38,106.28335571289062,630.1180419921875,-0.009297578994005629,0.004224338563401986,69.09677419354838,70.51612903225806,74.19354838709677,0.005255837468139513,192.63047790527344,-0.002965983538971262,710.3517456054688,0.0063711624670226286,37.90999984741211,0.0030801527053900823,9.770000457763672,0.01393577131971857,33.957275390625,1677.7429565217392,58.99032258064516,14.93
2025-07-28,192.86924743652344,25553500,0.012046396963135475,0.0424465297492167,0.07512144696954781,0.3480655946152649,4.33,323.1462258064516,4.3,15.03,120.6149,4.42,58.65161290322581,67.81,105.71055603027344,629.9598999023438,-0.005389363920391466,-0.00025097216601477346,69.48387096774194,68.58064516129032,71.96774193548387,-0.0031060109720743023,192.03216552734375,0.006945712397139037,715.28564453125,0.016090757394007227,38.52000045776367,-0.008188421047288563,9.6899995803833,-0.011574086556089935,33.56425094604492,1678.7823260869566,58.65161290322581,15.03
2025-07-29,195.87066650390625,31891600,-0.005650804186161706,0.039352537825495526,0.05997056848475224,0.3754073125396329,4.33,323.1824193548387,4.3,15.98,120.9674,4.34,58.538709677419355,70.27,104.8019790649414,628.2982788085938,-0.00859495020603085,-0.0026376616892719307,69.61290322580645,67.93548387096774,71.2258064516129,0.016460760491441517,195.1931610107422,-0.02456695144053711,697.7132568359375,-0.005192127740464292,38.31999969482422,-0.03715166896457245,9.329999923706055,-0.0030737610594877562,33.461082458496094,1679.1287826086957,58.538709677419355,15.98
2025-07-30,196.8778076171875,21150500,-0.0026337360020287637,0.028312313254461374,0.07561779872930874,0.3607674245716983,4.33,323.2186129032258,4.3,15.48,121.4042,4.38,58.42580645161291,71.09,105.12788391113281,627.507080078125,0.003109720342107769,-0.0012592724779846298,69.74193548387096,67.29032258064517,70.48387096774194,0.003984700339168201,195.970947265625,-0.006842858410050834,692.9389038085938,-0.000521932618031129,38.29999923706055,-0.0010718359017802825,9.319999694824219,0.00719422245965462,33.70180892944336,1679.4752391304348,58.42580645161291,15.48
2025-07-31,192.31085205078125,27852000,0.02291807436855353,0.05682883921365267,0.10717619312553772,0.4280614481114604,4.33,323.2548064516129,4.3,16.72,121.721,4.37,58.31290322580645,70.36,106.07596588134766,625.1531372070312,0.009018368247726505,-0.0037512610547767444,69.87096774193549,66.64516129032258,69.74193548387096,-0.023558780585949624,191.35411071777344,0.11252713022888616,770.913330078125,0.007832878408265298,38.599998474121094,0.01180264098212902,9.430000305175781,-0.0008746167255648807,33.672332763671875,1679.821695652174,58.31290322580645,16.72
2025-08-01,189.40911865234375,21236700,0.06391167213776128,0.07875766245961136,0.11603073716543055,0.48540124816363606,4.33,323.291,4.3,20.38,121.2122,4.23,58.2,68.39,104.8019790649414,614.9066162109375,-0.012010136375579017,-0.01639041762130744,70.0,66.0,69.0,-0.014434576127760557,188.5919952392578,-0.03029322970388526,747.5598754882812,-0.021761662844392515,37.7599983215332,-0.04029693554011338,9.050000190734863,-0.019550696725954442,33.014015197753906,1680.168152173913,58.2,20.38
2025-08-04,195.192626953125,23386000,0.03003827974419293,0.043626932279686725,0.18058739801553214,0.4409801828372164,4.319354838709677,323.38332258064514,4.309677419354839,17.52,120.9859,4.22,57.900000000000006,67.33,106.81665802001953,624.2530517578125,0.01922367280707271,0.015199764160073403,70.7741935483871,68.3225806451613,70.25806451612904,0.031248268041796035,194.48516845703125,0.035146249341015956,773.8338012695312,0.03469283452123384,39.06999969482422,0.046408847231177885,9.470000267028809,0.008333539393600375,33.28913879394531,1681.2075217391305,57.900000000000006,17.52
2025-08-05,194.7638397216797,19010200,0.04525909227977376,0.03670898006219492,0.19117343932482833,0.45593868651178937,4.315806451612903,323.4140967741935,4.312903225806451,17.85,120.9082,4.22,57.800000000000004,66.2,105.9870834350586,621.088134765625,-0.007766340946610217,-0.005069926343612585,71.03225806451613,69.09677419354838,70.6774193548387,-0.0018970200332972809,194.11622619628906,-0.01662871131450716,760.9659423828125,-0.00486303117975595,38.880001068115234,-0.008447721378064377,9.390000343322754,-0.0044275239189653925,33.14175033569336,1681.5539782608696,57.800000000000004,17.85
2025-08-06,196.35928344726562,15383700,0.03102776820667863,0.016605766500510377,0.1942413014249722,0.41330752167174034,4.312258064516129,323.4448709677419,4.316129032258065,16.77,120.5082,4.22,57.7,65.38,106.3919906616211,625.845458984375,0.0038203450216705015,0.007659660445043404,71.29032258064517,69.87096774193549,71.09677419354838,0.007294364915233498,195.5321807861328,0.011172740751957955,769.468017578125,0.005658369340588276,39.099998474121094,-0.17145900688483773,7.78000020980835,0.10495112116134697,36.62001419067383,1681.9004347826087,57.7,16.77
2025-08-07,196.71824645996094,14660600,0.0331510075878092,0.01693025518597513,0.18800334498721583,0.44467006879469917,4.308709677419355,323.47564516129034,4.319354838709677,16.57,120.5043,4.23,57.6,64.9,105.93769836425781,625.3212280273438,-0.004269985875235194,-0.000837636431655131,71.54838709677419,70.64516129032258,71.51612903225806,0.002192924099354787,195.96096801757812,-0.013160741951829147,759.3412475585938,0.0017902735947816772,39.16999816894531,-0.030848360087799342,7.539999961853027,-0.02468479018704406,35.71605682373047,1682.2468913043479,57.6,16.57
2025-08-08,201.5145721435547,24379900,0.013954156825838115,0.022910531884436258,0.18835389562031724,0.4132071284210248,4.30516129032258,323.5064193548387,4.32258064516129,15.15,120.3329,4.27,57.5,64.94,106.29322814941406,630.197265625,0.003356027086163227,0.007797652437033564,71.80645161290323,71.41935483870968,71.93548387096774,0.02493385632608236,200.84703063964844,0.009805364452043275,766.786865234375,-0.10314008909076389,35.130001068115234,-0.017241394575414404,7.409999847412109,-0.0071527062027716415,35.46059036254883,1682.593347826087,57.5,15.15
2025-08-11,201.05587768554688,16690200,0.013192376247286974,0.0373455628768955,0.18917871181486778,0.38843422914213743,4.294516129032258,323.5987419354839,4.332258064516129,16.25,120.6892,4.27,57.2,65.03,106.83639526367188,628.9510498046875,0.005110082022293128,-0.00197750115446238,72.58064516129032,73.74193548387096,73.19354838709677,-0.002085208738534128,200.42822265625,-0.0044585560369324595,763.3681030273438,-0.02675782558570483,34.189998626708984,-0.02968958093413243,7.190000057220459,-0.010806192615768428,35.077396392822266,1683.6327173913044,57.2,16.25
2025-08-12,203.57867431640625,19854000,-0.008179897482575749,0.018563781673923696,0.1804231264726348,0.42461653404520483,4.290967741935484,323.62951612903225,4.335483870967742,14.73,120.2736,4.29,57.1,64.22,108.88069152832031,635.6468505859375,0.019134830032435213,0.010645980769615315,72.83870967741936,74.51612903225806,73.61290322580645,0.011641791135678758,202.76156616210938,0.031506538366484094,787.419189453125,0.018134038358740723,34.810001373291016,0.011126553973489273,7.269999980926514,0.020167957013827342,35.78483581542969,1683.9791739130435,57.1,14.73
2025-08-13,202.45187377929688,19573000,-0.013987985727341945,0.025513559582890588,0.18995105927198952,0.43821479925287266,4.287419354838709,323.66029032258064,4.338709677419355,14.49,120.13,4.24,57.0,63.68,109.73001861572266,637.8226928710938,0.007800529877985074,0.003423036365476362,73.09677419354838,75.29032258064517,74.03225806451613,-0.006786556656132481,201.38551330566406,-0.012556937111292132,777.5316162109375,0.027865480256778152,35.779998779296875,0.0068776053460857245,7.320000171661377,0.0637013126840198,38.06437683105469,1684.3256304347826,57.0,14.49
2025-08-14,203.23965454101562,17777100,-0.015700272547481853,0.041948602629195086,0.23631139995047867,0.4114752234953918,4.283870967741936,323.691064516129,4.341935483870968,14.83,120.6446,4.29,56.900000000000006,64.99,109.81888580322266,637.8821411132812,0.0008098712514688078,9.320496566211922e-05,73.35483870967742,76.06451612903226,74.45161290322581,0.004852401511410642,202.3627166748047,0.0026278981885501373,779.5748901367188,0.015930679549213123,36.349998474121094,-0.03278691835069325,7.079999923706055,-0.0020650712923622194,37.98577117919922,1684.6720869565218,56.900000000000006,14.83
2025-08-15,204.3265380859375,21111400,0.00883311636754458,0.04206726676277284,0.22807433253895382,0.36337637400879297,4.280322580645161,323.7218387096774,4.345161290322581,15.09,120.3377,4.33,56.800000000000004,63.78,110.09541320800781,636.388671875,0.002518031418390576,-0.0023412933863844465,73.61290322580645,76.83870967741936,74.87096774193549,0.004730342074746652,203.31996154785156,0.003963576590588103,782.664794921875,-0.015680872592883977,35.779998779296875,0.009887030002217134,7.150000095367432,-0.009829336811498002,37.612396240234375,1685.0185434782609,56.800000000000004,15.09
2025-08-18,203.70828247070312,13000200,0.023838697562123645,0.0376917214734791,0.2241095394190331,0.3570296113339204,4.269677419354839,323.8141612903226,4.354838709677419,14.99,120.5622,4.34,56.5,64.51,109.42385864257812,636.2501220703125,-0.006099750624132594,-0.00021771255650937515,74.38709677419355,79.16129032258064,76.12903225806451,-0.0019616088134157827,202.92112731933594,-0.022744904150140632,764.8631591796875,0.008943535655159929,36.099998474121094,0.02657343422184888,7.340000152587891,-0.01149427618879939,37.18006896972656,1686.0579130434783,56.5,14.99
2025-08-19,201.91342163085938,13476600,0.026964243907356744,0.14129092412540611,0.24724940635240333,0.4117007106238699,4.266129032258064,323.844935483871,4.358064516129033,15.57,120.7224,4.3,56.4,63.38,108.81156158447266,632.7984008789062,-0.005595644914199838,-0.00542510102815319,74.64516129032258,79.93548387096774,76.54838709677419,-0.009484053217776678,200.99661254882812,-0.02070714816832242,749.0250244140625,-0.024376656249689543,35.220001220703125,-0.021798408845108197,7.179999828338623,0.00026429913737513466,37.18989562988281,1686.4043695652174,56.4,15.57
2025-08-20,199.61997985839844,13971700,0.04006193102968547,0.16219585325051922,0.27612830929129784,0.4247198981524267,4.26258064516129,323.87570967741937,4.361290322580645,15.69,120.7757,4.29,56.300000000000004,64.19,108.48565673828125,631.1170654296875,-0.0029951306777120656,-0.0026569843521784264,74.90322580645162,80.70967741935483,76.96774193548387,-0.011162409848264332,198.7530059814453,-0.005003493310721474,745.2772827148438,0.0073821213095350835,35.47999954223633,-0.002785512730456685,7.159999847412109,-0.022192799587408385,36.36454772949219,1686.7508260869565,56.300000000000004,15.69
2025-08-21,200.04873657226562,11768900,0.058568415258915874,0.1722161820613477,0.2616191397451517,0.4617279999365389,4.259032258064516,323.90648387096775,4.364516129032258,16.6,121.0843,4.33,56.2,64.56,108.36714172363281,628.5850830078125,-0.0010924486997793137,-0.004011906127353915,75.16129032258064,81.48387096774194,77.38709677419355,0.002157233857923213,199.1817626953125,-0.011528322510653277,736.6854858398438,-0.017192802091933523,34.869998931884766,-0.01536308086891991,7.050000190734863,-0.005944246087277283,36.14838790893555,1687.0972826086957,56.2,16.6
2025-08-22,206.13137817382812,25723700,0.03294315963267813,0.13375235194602486,0.22177594446853544,0.4040209856728383,4.255483870967741,323.93725806451613,4.367741935483871,14.22,120.2774,4.26,56.1,64.08,109.9275131225586,638.2380981445312,0.014398934714963563,0.015356735941821187,75.41935483870968,82.25806451612902,77.80645161290323,0.031739808309998674,205.50375366210938,0.021228506887613907,752.32421875,0.021221729312705717,35.61000061035156,0.021276541059871645,7.199999809265137,0.013862267774564563,36.64948654174805,1687.4437391304348,56.1,14.22
2025-08-25,208.56442260742188,22788800,0.013530475009726706,0.1481854087924055,0.18594140474162524,0.43391575857970444,4.24483870967742,324.0295806451613,4.37741935483871,14.79,120.4214,4.28,55.800000000000004,65.18,110.10529327392578,635.4292602539062,0.0016172489153736258,-0.004400924825375907,76.19354838709677,84.58064516129032,79.06451612903226,0.011645324799853585,207.89691162109375,-0.0019741069342402717,750.8390502929688,-0.002808264170298558,35.5099983215332,-0.02777775202268362,7.0,-0.0032170890839529065,36.53158187866211,1688.4831086956522,55.800000000000004,14.79
2025-08-26,207.3578643798828,23051000,0.11132488876444557,0.15303738463898897,0.1867775667882443,0.532842828659533,4.241290322580645,324.06035483870966,4.380645161290323,14.62,120.5274,4.26,55.7,63.6,109.62137603759766,638.0897216796875,-0.004395040619202706,0.004186872705103539,76.45161290322581,85.35483870967742,79.48387096774194,-0.006475136538465542,206.55075073242188,0.001062044277125862,751.636474609375,0.015488681434949303,36.060001373291016,0.0028571401323591594,7.019999980926514,0.003227472149373467,36.64948654174805,1688.8295652173913,55.7,14.62
2025-08-27,207.6171417236328,15249000,0.11742947085844979,0.1574621113877539,0.18822778726800338,0.555781446036008,4.237741935483871,324.0911290322581,4.383870967741935,14.85,120.7274,4.24,55.6,64.49,109.80902099609375,639.5436401367188,0.0017117551820526877,0.002278548623544596,76.70967741935483,86.12903225806451,79.90322580645162,0.001641412742279913,206.88978576660156,-0.0089112200819631,744.9384765625,0.002773113430748708,36.15999984741211,-0.004273534172344884,6.989999771118164,0.003753444074557688,36.78704833984375,1689.1760217391304,55.6,14.85
2025-08-28,211.76527404785156,20915700,0.1073598693898632,0.13761721669642912,0.15166178384607454,0.5094705391148409,4.234193548387097,324.1219032258065,4.387096774193549,14.43,120.2595,4.22,55.5,64.96,110.22379302978516,641.8085327148438,0.0037772127456283666,0.0035414199062957508,76.96774193548387,86.90322580645162,80.3225806451613,0.020050109416597905,211.03794860839844,0.004990793991219489,748.6563110351562,0.014933653700388128,36.70000076293945,0.015736786425789573,7.099999904632568,-0.010683772205621556,36.39402389526367,1689.5224782608695,55.5,14.43
2025-08-29,212.9219970703125,24682200,0.09759413320399468,0.18009179553242438,0.14160857602979382,0.5005202788350569,4.230645161290322,324.15267741935486,4.390322580645162,15.36,120.2082,4.23,55.4,64.36,110.00652313232422,637.98095703125,-0.0019711705747798014,-0.005963734491660877,77.2258064516129,87.6774193548387,80.74193548387098,0.00600075933169264,212.30433654785156,-0.016522276849352036,736.2868041992188,-0.0019073485931615508,36.630001068115234,0.005633797519761785,7.139999866485596,0.008099282268440477,36.68878936767578,1689.8689347826087,55.4,15.36
2025-09-02,211.3863983154297,28900100,0.13285731125291167,0.18705923786756173,0.15929721031320865,0.4878135137614765,4.2156666666666665,324.2584098360656,4.401639344262295,17.17,120.6837,4.28,55.050000000000004,65.95,109.81888580322266,633.2533569335938,-0.0017056927512912878,-0.0074102526816088865,78.13333333333334,89.7,81.9,-0.007326944034592997,210.74879455566406,-0.0048600207422117014,732.7084350585938,0.002729960993862468,36.72999954223633,0.026610652769378795,7.329999923706055,-0.009641032316719533,36.3350715637207,1691.2547608695652,55.050000000000004,17.17
2025-09-03,230.44195556640625,72250300,0.03753402474493184,0.08210005082688365,0.06728794740702115,0.36868216405456034,4.211333333333333,324.27181967213113,4.4032786885245905,16.35,120.5052,4.22,55.0,64.36,111.6557846069336,636.685302734375,0.0167266202919083,0.005419546163007771,78.26666666666667,89.4,81.8,0.09136501092955474,230.0038604736328,0.0026391341054479156,734.6421508789062,0.010618006929185242,37.119998931884766,-0.010914041546893571,7.25,0.016495396703062326,36.93443298339844,1691.6012173913043,55.0,16.35
2025-09-04,231.9975128173828,32196000,0.03582565304864338,0.08551334109303688,0.060217812341059496,0.37929408796483655,4.207,324.2852295081967,4.4049180327868855,15.3,120.7629,4.17,54.95,63.81,112.66311645507812,642.00634765625,0.009021761404397255,0.008357417548391144,78.4,89.1,81.7,0.007110011966006802,231.63919067382812,0.01573853992775409,746.204345703125,0.0,37.119998931884766,-0.022068944470635787,7.090000152587891,-0.0053206212676123465,36.737918853759766,1691.9476739130434,54.95,15.3
2025-09-05,234.5003662109375,26127700,0.027323861143023986,0.08631262080126922,0.07043751857730274,0.35508181300939556,4.2026666666666666,324.2986393442623,4.406557377049181,15.18,120.1282,4.1,54.9,62.22,113.26554870605469,640.14697265625,0.005347200307713518,-0.0028961941058495144,78.53333333333333,88.8,81.6,0.011622911345493314,234.33151245117188,0.005075736482779147,749.9918823242188,0.02209050965569581,37.939998626708984,0.03102958892199026,7.309999942779541,0.020861262898306254,37.50431823730469,1692.2941304347826,54.9,15.18
2025-09-08,233.70193481445312,23128800,0.07516226611708499,0.07994533781582391,0.05538953335392205,0.37551249062248426,4.189666666666667,324.33886885245903,4.411475409836066,15.11,120.0971,4.05,54.75,62.6,113.39393615722656,641.7195434570312,0.0011335084024981512,0.0024565777359784047,78.93333333333334,87.9,81.3,-0.0031944078165545564,233.5829620361328,-0.00019938366845928535,749.8423461914062,0.0002636303793492889,37.95000076293945,-0.012311922475018444,7.21999979019165,0.01571921853074376,38.09385681152344,1693.3335,54.75,15.11
2025-09-09,239.4706268310547,22854800,0.04784532533466557,0.05167954243760353,0.02300581236829724,0.3113910732590086,4.185333333333333,324.3522786885246,4.413114754098361,15.04,120.1569,4.08,54.7,62.97,114.03585815429688,643.203125,0.005660990515226949,0.0023118846201510834,79.06666666666666,87.6,81.2,0.02388481700496592,239.16204833984375,0.01781201240462571,763.1985473632812,-0.03820818797862768,36.5,0.008310307667627637,7.28000020980835,-0.014444312260391334,37.543617248535156,1693.679956521739,54.7,15.04
2025-09-10,239.09136962890625,19990100,0.042953797195140586,0.03452159193398052,0.011062032184123938,0.32725546572832687,4.181,324.36568852459015,4.414754098360656,15.35,120.1223,4.04,54.65,64.01,113.19641876220703,645.0625610351562,-0.007361188012932174,0.002890900188266654,79.2,87.3,81.1,-0.0019196458990856646,238.70294189453125,-0.017918234967405078,749.5233764648438,-0.03315065984856591,35.290000915527344,-0.03159340830287438,7.050000190734863,-0.008113020398433868,37.2390251159668,1694.0264130434782,54.65,15.35
2025-09-11,240.30897521972656,21308600,0.04796916150720221,0.024046902610082466,-0.013663884480994204,0.33403708667957477,4.176666666666667,324.37909836065575,4.416393442622951,14.71,119.9534,4.01,54.6,62.71,114.9345474243164,650.4231567382812,0.015354979257432788,0.008310195052279257,79.33333333333333,87.0,81.0,0.005017375755866471,239.90060424804688,-0.0014360525825697357,748.447021484375,-0.009351142603951867,34.959999084472656,0.0340425198049743,7.289999961853027,0.0031661586928972696,37.356929779052734,1694.3728695652173,54.6,14.71
2025-09-12,240.90782165527344,14536600,0.05741982824443803,0.024028423876537586,0.013505585048519064,0.3004584772045591,4.1723333333333334,324.39250819672134,4.418032786885246,14.76,120.0611,4.06,54.550000000000004,63.02,115.89250183105469,650.2054443359375,0.008334782084290948,-0.00033472424849623206,79.46666666666667,86.7,80.9,0.0017888802061503117,240.3297576904297,0.006245761487246204,753.1216430664062,0.0020022796526704134,35.029998779296875,0.00685873676220905,7.340000152587891,-0.007101475100059762,37.09164047241211,1694.7193260869565,54.550000000000004,14.76
2025-09-15,251.2675018310547,29935200,0.004448697512434929,-0.029393091070802124,-0.022124219206735463,0.2342015733585101,4.1593333333333335,324.43273770491805,4.422950819672131,15.69,119.5644,4.05,54.4,63.66,117.52202606201172,653.6671142578125,0.014060652805066853,0.0053239632981088025,79.86666666666666,85.8,80.6,0.044892046482306824,251.11865234375,0.012056751095801177,762.2018432617188,0.035112748646833225,36.2599983215332,0.01634875791068935,7.460000038146973,-0.007417093140009046,36.8165283203125,1695.7586956521739,54.4,15.69
2025-09-16,250.9281768798828,24493500,0.0036591441601490082,-0.031302180156449144,0.0011534324862849665,0.23109458906504887,4.155,324.4461475409836,4.424590163934426,16.36,119.1348,4.04,54.35,64.89,117.0479736328125,652.7671508789062,-0.0040337326123792705,-0.0013767915798059693,80.0,85.5,80.5,-0.0017884451604247564,250.66954040527344,0.0187001593140248,776.4551391601562,-0.0002757397130729311,36.25,0.03753347607766799,7.739999771118164,-0.0008007267880411062,36.78704833984375,1696.105152173913,54.35,16.36
2025-09-17,249.3612518310547,20491300,-0.008084926948669358,-0.017250434597331443,0.008124884998224502,0.23246253137364703,4.150666666666666,324.4595573770492,4.426229508196721,15.72,119.1582,4.06,54.300000000000004,64.41,117.35413360595703,651.9561157226562,0.002615679397449222,-0.001242457061691904,80.13333333333334,85.2,80.4,-0.006489943102210627,249.04270935058594,-0.0042105292945979755,773.1858520507812,0.006620735957704849,36.4900016784668,0.03229974255721246,7.989999771118164,0.004006427539201551,36.93443298339844,1696.451608695652,54.300000000000004,15.72
2025-09-18,251.83639526367188,21166400,-0.022827254632869498,-0.023382138648295747,0.00578605034430324,0.18200159351928424,4.146333333333333,324.47296721311477,4.427868852459016,15.7,119.6616,4.11,54.25,63.91,117.44300842285156,655.00244140625,0.0007573215715857007,0.004672593154858351,80.26666666666667,84.9,80.3,0.010018893758405811,251.537841796875,0.005839810411799817,777.7011108398438,-0.005206972668306942,36.29999923706055,0.056320378242283864,8.4399995803833,0.026070682720968685,37.8973388671875,1696.7980652173912,54.25,15.7
2025-09-19,254.74070739746094,41616800,-0.031578190115214455,-0.03443820180635915,0.006973775549071304,0.19083286796571874,4.1419999999999995,324.4863770491803,4.4295081967213115,15.45,119.7858,4.14,54.2,63.02,117.92692565917969,658.2465209960938,0.004120443122384909,0.00495277480627232,80.4,84.6,80.2,0.010673357928135507,254.22259521484375,-0.002396746784514514,775.837158203125,-0.013498564023915138,35.810001373291016,-0.03317532546115076,8.15999984741211,-0.0015556803723566492,37.838382720947266,1697.1445217391304,54.2,15.45
2025-09-22,252.38531494140625,20079000,-0.0336919034959654,-0.005417608506338767,-0.006089844431100611,0.22117740861666313,4.129,324.526606557377,4.434426229508197,16.1,119.8152,4.15,54.050000000000004,62.99,117.5156478881836,661.3607788085938,-0.00348756459728905,0.004731142076964234,80.8,83.7,79.9,-0.00859770146953931,252.036865234375,-0.016320497421352775,763.1751098632812,-0.013962579749380422,35.310001373291016,0.0453431240781732,8.529999732971191,-0.05401172787262565,35.7946662902832,1698.1838913043478,54.050000000000004,16.1
2025-09-23,251.8463592529297,17521100,-0.03483386219317863,-0.02064664877673761,0.000752983807394747,0.2345768128609247,4.124666666666666,324.5400163934426,4.436065573770492,16.64,119.6202,4.12,54.0,63.76,117.34717559814453,657.7606201171875,-0.0014336158040788582,-0.0054435624348510014,80.93333333333334,83.4,79.8,-0.003445136451741382,251.16856384277344,-0.012755500081134907,753.4404296875,-0.0011328494469445838,35.27000045776367,-0.012895622522948291,8.420000076293945,0.013999254211472412,36.2957649230957,1698.5303478260869,54.0,16.64
2025-09-24,247.34518432617188,16958500,-0.009240214104688671,-0.009562915861762944,0.023806641993029842,0.27460753581088815,4.120333333333333,324.5534262295082,4.437704918032787,16.18,120.1707,4.16,53.95,65.4,116.37596893310547,655.6678466796875,-0.008276353138357284,-0.0031816642308674092,81.06666666666666,83.1,79.7,-0.017960724720382015,246.6573944091797,0.006963175433525537,758.686767578125,-0.06436065858524809,33.0,-0.023752946253317142,8.220000267028809,-0.02273950975105199,35.47041702270508,1698.876804347826,53.95,16.18
2025-09-25,246.08766174316406,17379800,-0.0005678463895528729,-0.017682543113510807,0.056535686863780965,0.2810803045040611,4.116,324.5668360655738,4.439344262295082,16.74,120.5419,4.18,53.9,65.51,115.97956085205078,652.6429443359375,-0.0034062709396863733,-0.004613467564511753,81.2,82.8,79.6,-0.00546262500588468,245.30999755859375,-0.015447143614277459,746.9672241210938,0.01363638675574097,33.45000076293945,0.013381952932345342,8.329999923706055,-0.005817156729946982,35.26408004760742,1699.2232608695651,53.9,16.74
2025-09-26,246.6964569091797,16594600,-0.002953270632643945,-0.039202167261615406,0.09203816867407877,0.2750444580203777,4.111666666666666,324.58024590163933,4.440983606557377,15.29,120.4349,4.2,53.85,66.5,117.10932159423828,656.3820190429688,0.009741033108658481,0.005729127602591033,81.33333333333333,82.5,79.5,0.0030514468325337774,246.0585479736328,-0.006889921329830573,741.8206787109375,0.004484236405394304,33.599998474121094,-0.007202817105872006,8.270000457763672,0.009752098246404994,35.60797882080078,1699.5697173913043,53.85,15.29
2025-09-29,243.88197326660156,23157200,0.02926012427290936,0.0011458389447469575,0.09850229452465542,0.28742494626651016,4.0986666666666665,324.62047540983605,4.445901639344262,16.12,120.115,4.15,53.7,64.27,117.48592376708984,658.2266845703125,0.0032158172186875777,0.0028103535347194786,81.73333333333333,81.6,79.2,-0.010099782998473361,243.5734100341797,-0.0004706273413093154,741.4715576171875,-0.008333297381323712,33.31999969482422,0.01571936560711573,8.399999618530273,0.007174201969528227,35.86343765258789,1700.6090869565217,53.7,16.12
2025-09-30,243.07357788085938,22541200,0.014699244887184992,0.010839625940124664,0.1298295613264726,0.29236381258839406,4.094333333333333,324.63388524590164,4.447540983606557,16.28,120.1368,4.16,53.65,63.17,117.30753326416016,660.7061157226562,-0.0015183989469524928,0.003766834755358328,81.86666666666666,81.3,79.1,-0.0038925435951915333,242.6252899169922,-0.012133414881295823,732.4749755859375,-0.03451385163300413,32.16999816894531,-0.08214281091884479,7.710000038146973,-0.03232864093960619,34.70402145385742,1700.9555434782608,53.65,16.28
2025-10-01,245.05966186523438,23967700,-0.0003257114001480321,0.025128344986341977,0.14808181451946822,0.2788333666454341,4.09,324.64729508196723,4.449180327868852,16.29,120.1502,4.12,53.6,62.59,115.66242980957031,662.9574584960938,-0.014023851740921911,0.0034074798459751143,82.0,81.0,79.0,0.00740426941193939,244.4217529296875,-0.023203317759462494,715.4791259765625,-0.009947087525310816,31.850000381469727,0.0,7.710000038146973,-0.019535691920736897,34.02605438232422,1701.302,53.6,16.29
2025-10-02,245.9479217529297,20657500,-0.01712442076446219,0.022115907845441374,0.14361083139357822,0.2803869455629182,4.083225806451613,324.66070491803276,4.450819672131148,16.63,120.4296,4.1,53.516129032258064,61.28,115.4047622680664,663.7210693359375,-0.002227754871898635,0.001151824796685963,81.74193548387096,81.61290322580645,79.61290322580645,0.003225847936101589,245.21022033691406,0.01353612439762819,725.1639404296875,0.0015698347397707924,31.899999618530273,0.06614788928125725,8.220000267028809,0.0037539269704025546,34.153785705566406,1702.1908804347825,53.516129032258064,16.63
2025-10-03,245.9678955078125,19941400,-0.036356266523207004,0.029782902367232467,0.15285049050382415,0.2884034444202368,4.0764516129032256,324.67411475409835,4.452459016393443,16.65,120.0881,4.13,53.432258064516134,61.65,115.34530639648438,663.7112426757812,-0.0005151942642013241,-1.4805406382656372e-05,81.48387096774194,82.2258064516129,80.2258064516129,-0.0013838746586284367,244.87088012695312,-0.02268067077369862,708.7167358398438,0.0015674340127620479,31.950000762939453,0.038929401998655244,8.539999961853027,-0.007231707957257805,33.906795501708984,1703.0797608695652,53.432258064516134,16.65
2025-10-06,251.0179901123047,18309000,-0.027315043753417423,0.02190768000053489,0.10556240260681671,0.25146207930779907,4.056129032258064,324.71434426229507,4.457377049180328,16.37,120.2722,4.18,53.18064516129032,62.49,115.46422576904297,666.0914916992188,0.0010309857962476077,0.003586271966467658,80.70967741935483,84.06451612903226,82.06451612903226,0.020705068551827965,249.94094848632812,0.007177468422781885,713.8035278320312,0.0028169061170191245,32.040000915527344,-0.0023418623160058605,8.520000457763672,-0.0093239967359936,33.59064865112305,1705.7464021739129,53.18064516129032,16.37
2025-10-07,246.64657592773438,13811200,-0.0038037073216602435,0.017035516074690893,0.1522274800593657,0.30554910441140715,4.049354838709677,324.72775409836066,4.4590163934426235,17.24,120.4884,4.14,53.09677419354839,62.52,115.01825714111328,663.6219482421875,-0.0038623965558105544,-0.0037075138893177817,80.45161290322581,84.6774193548387,82.6774193548387,-0.018647898398852725,245.2800750732422,-0.0036050581460025377,711.230224609375,-0.020287188118147004,31.389999389648438,-0.04577468572403354,8.130000114440918,-0.026470580553005774,32.70148468017578,1706.6352826086957,53.09677419354839,17.24
2025-10-08,244.97984313964844,14136500,0.025462349764082903,0.02880299151684773,0.16247045546374683,0.3290258068530556,4.04258064516129,324.7411639344262,4.4606557377049185,16.3,120.7766,4.13,53.012903225806454,63.37,114.5425796508789,667.5791625976562,-0.0041356694324691246,0.005963055269571305,80.19354838709677,85.29032258064517,83.29032258064517,-0.004638662990075981,244.14230346679688,0.006675307797373353,715.9779052734375,0.012742960613462584,31.790000915527344,0.036900391944889144,8.430000305175781,0.0033233020293501614,32.81016159057617,1707.5241630434782,53.012903225806454,16.3
2025-10-09,241.7362060546875,19375700,0.039924004053925044,0.047561913505155484,0.15478300542896717,0.35979001698224966,4.0358064516129035,324.7545737704918,4.462295081967214,16.43,121.0902,4.14,52.92903225806452,62.36,113.88849639892578,665.6452026367188,-0.005710393933389124,-0.002896974724933221,79.93548387096774,85.90322580645162,83.90322580645162,-0.012631850656026788,241.05833435058594,0.021829351689455878,731.6072387695312,0.0025165121548322844,31.8700008392334,-0.005931220513024749,8.380000114440918,-0.021981430735798058,32.08894729614258,1708.4130434782608,52.92903225806452,16.43
2025-10-10,237.02542114257812,22449100,0.06863446167165099,0.09693042828565357,0.22358835610168293,0.40194150806845874,4.029032258064516,324.7679836065574,4.463934426229509,21.66,121.1163,4.05,52.84516129032258,59.75,111.78752899169922,647.6542358398438,-0.018447582272640983,-0.027027862178845674,79.6774193548387,86.51612903225806,84.51612903225806,-0.0205357020215029,236.1080322265625,-0.03845894262560201,703.4703979492188,-0.046124919422452226,30.399999618530273,-0.07159903298791281,7.78000020980835,-0.031711766331725455,31.07135009765625,1709.3019239130433,52.84516129032258,21.66
2025-10-13,244.1614227294922,12465000,0.050605001586427445,0.10337638112453296,0.19252778653918412,0.37610164834083193,4.008709677419355,324.8082131147541,4.468852459016394,19.03,121.165725,4.035,52.593548387096774,59.5775,112.81819152832031,657.5919189453125,0.009219834680285643,0.015344118135168339,78.90322580645162,88.35483870967742,86.35483870967742,0.032041268288597324,243.67323303222656,0.014745447527121813,713.8433837890625,0.06151318627298741,32.27000045776367,0.03470436679244826,8.050000190734863,0.021303612153856122,31.7332820892334,1711.9685652173912,52.593548387096774,19.03
2025-10-14,245.70840454101562,17705400,0.02091879236001115,0.09033676616398223,0.1675129198460934,0.36694995996335034,4.001935483870968,324.8216229508197,4.470491803278689,20.81,121.1822,4.03,52.50967741935484,59.52,113.56145477294922,656.78857421875,0.00658815067463947,-0.0012216462876413203,78.64516129032258,88.96774193548387,86.96774193548387,0.00532456855371044,244.97068786621094,-0.00985044815960856,706.8117065429688,0.02634020644758306,33.119998931884766,-0.016149082156611816,7.920000076293945,0.009962687031412898,32.04943084716797,1712.8574456521737,52.50967741935484,20.81
2025-10-15,251.2176055908203,16048100,0.0032576932283603366,0.09320249757695631,0.10889511089088377,0.3244502468051569,3.9951612903225806,324.8350327868852,4.472131147540984,20.64,120.8642,4.05,52.42580645161291,59.08,114.36418914794922,659.7044067382812,0.007068722187514753,0.004439529909605389,78.38709677419355,89.58064516129032,87.58064516129032,0.022733769105900414,250.539794921875,0.012559062063729476,715.6885986328125,0.006340667449954207,33.33000183105469,-0.0012626551496847105,7.909999847412109,0.013255147909330134,32.47425079345703,1713.7463260869565,52.42580645161291,20.64
2025-10-16,251.3872833251953,18946000,0.00734468040112124,0.11918366569009109,0.09965057790579457,0.31235319728773137,3.9883870967741935,324.8484426229508,4.473770491803279,25.31,120.6698,3.99,52.34193548387097,58.29,113.14523315429688,655.2116088867188,-0.01065854619994222,-0.006810319600221937,78.12903225806451,90.19354838709677,88.19354838709677,0.0017129152776573786,250.9689483642578,-0.007637063504693287,710.2228393554688,-0.02220226936133296,32.59000015258789,-0.018963289686958484,7.760000228881836,-0.015819758884426438,31.96051597595215,1714.635206521739,52.34193548387097,25.31
2025-10-17,253.2935333251953,17653800,0.026478620734109226,0.11044566982402548,0.12533990528224814,0.2702241496833253,3.9816129032258063,324.8618524590164,4.475409836065574,20.78,120.7028,4.02,52.25806451612903,58.3,113.9083251953125,658.9308471679688,0.006744358730296662,0.005676392528467966,77.87096774193549,90.80645161290323,88.80645161290323,0.007317281816854759,252.80535888671875,0.00681110501619453,715.0602416992188,-0.006136875176527723,32.38999938964844,-0.014175274519322323,7.650000095367432,0.002472888903211734,32.03955078125,1715.5240869565216,52.25806451612903,20.78
2025-10-20,256.5172119140625,13726800,0.050229514858981306,0.10543930704881399,0.10870750251381356,0.2784774737090563,3.961290322580645,324.9020819672131,4.480327868852459,18.23,120.6209,4.0,52.00645161290323,58.34,115.1966552734375,665.7840576171875,0.011310236331856904,0.010400500262923273,77.09677419354838,92.64516129032258,90.64516129032258,0.012830631273142767,256.04901123046875,0.02127156333374791,730.2706909179688,0.015745666744083398,32.900001525878906,0.010457506236437819,7.730000019073486,0.016959686514165462,32.58293151855469,1718.1907282608695,52.00645161290323,18.23
2025-10-21,250.84832763671875,27836400,0.06799558821275165,0.10631015506707109,0.16571173646846304,0.31716339014657047,3.954516129032258,324.91549180327866,4.481967213114754,17.87,120.8895,3.98,51.92258064516129,58.66,115.60297393798828,665.7741088867188,0.0035271741491653685,-1.494287878323064e-05,76.83870967741936,93.25806451612904,91.25806451612904,-0.023738071519987414,249.9709014892578,0.0015024127113343333,731.3678588867188,0.025835818683852985,33.75,0.01552391788654428,7.849999904632568,0.002425709074135307,32.66196823120117,1719.079608695652,51.92258064516129,17.87
2025-10-22,252.03599548339844,19650200,0.08965274321412342,0.1275887878690094,0.14829939353159705,0.3014069802985706,3.947741935483871,324.92890163934425,4.483606557377049,18.6,120.8958,3.97,51.83870967741935,59.3,114.60203552246094,662.3128051757812,-0.008658414065232156,-0.005198916065879078,76.58064516129032,93.87096774193549,91.87096774193549,0.00491097199851076,251.19850158691406,0.00019085799389140234,731.5074462890625,-0.022518468786169032,32.9900016784668,-0.010191073207382328,7.769999980926514,0.0033272059703772783,32.7706413269043,1719.9684891304346,51.83870967741935,18.6
2025-10-23,253.233642578125,13241300,0.11102355277682707,0.12458134288427525,0.18097978298280548,0.31560190697472623,3.940967741935484,324.94231147540984,4.4852459016393444,17.3,120.9531,4.01,51.75483870967742,62.44,114.21553802490234,666.2402954101562,-0.0033725186101327687,0.005929962705964353,76.3225806451613,94.48387096774194,92.48387096774194,0.005522657644975393,252.58578491210938,0.0008045044237730004,732.095947265625,0.013943590817484086,33.45000076293945,0.012870000627804856,7.869999885559082,-0.012662055982642473,32.35569763183594,1720.8573695652174,51.75483870967742,17.3
2025-10-24,260.0003967285156,18406000,0.08180106959253108,0.07366321767697492,0.22248665532901235,0.2867780564393576,3.9341935483870967,324.9557213114754,4.4868852459016395,16.37,120.9345,4.02,51.670967741935485,62.27,114.51284790039062,671.6851806640625,0.0026030597993020876,0.008172554694480416,76.06451612903226,95.09677419354838,93.09677419354838,0.0270272164215557,259.4124755859375,0.005939976622930443,736.444580078125,0.015545603763925886,33.970001220703125,0.01016517469750533,7.949999809265137,-0.003969416113367652,32.227264404296875,1721.74625,51.670967741935485,16.37
2025-10-27,269.4019470214844,22987700,0.05256926358353753,0.07653841635757552,0.19897758922617204,0.24661740465846216,3.913870967741935,324.99595081967215,4.491803278688525,15.79,120.7988,4.01,51.41935483870968,62.13,116.1083984375,679.6094970703125,0.013933375742233522,0.011797664492784632,75.29032258064517,96.93548387096774,94.93548387096774,0.035972306335633863,268.744140625,0.016875315144123437,748.872314453125,0.03738594089274461,35.2400016784668,-0.005031441863232566,7.909999847412109,0.006131258504786352,32.42485809326172,1724.4128913043478,51.41935483870968,15.79
2025-10-28,267.9049072265625,20101200,0.03587521079411693,0.08683817709849784,0.19316008688294461,0.2624555914150466,3.907096774193548,325.0093606557377,4.49344262295082,16.42,120.6361,3.99,51.33548387096774,60.97,115.53359985351562,681.41455078125,-0.0049505340846965895,0.002656016019079832,75.03225806451613,97.54838709677419,95.54838709677419,-0.006684602498601033,266.94769287109375,0.0008257859066089779,749.49072265625,-0.05788878599213787,33.20000076293945,-0.02149179261356926,7.739999771118164,-0.0042657737392856054,32.28654098510742,1725.3017717391303,51.33548387096774,16.42
2025-10-29,274.6317138671875,26287900,0.034814802138695145,0.04455429701442326,0.1633535323184503,0.23106039560259806,3.9003225806451614,325.02277049180327,4.495081967213115,16.92,120.5312,4.08,51.251612903225805,61.26,115.24620819091797,681.7418823242188,-0.0024875158651859186,0.0004803706386860007,74.7741935483871,98.16129032258064,96.16129032258064,0.0265450922120114,274.0338439941406,0.0003060346315890694,749.7200927734375,-0.01174696929777741,32.810001373291016,0.0,7.739999771118164,-0.0198898286250625,31.644367218017578,1726.190652173913,51.251612903225805,16.92
2025-10-30,281.3485412597656,48570000,0.012202972721471639,-0.009861670645126663,0.11784315152601166,0.22428177020008944,3.893548387096774,325.03618032786886,4.49672131147541,16.91,121.2832,4.11,51.16774193548387,61.36,113.29388427734375,674.2440185546875,-0.01694046115894743,-0.010998097614260183,74.51612903225806,98.7741935483871,96.7741935483871,0.025166653841215192,280.93035888671875,-0.11334764097342975,664.7410888671875,-0.009143646424898622,32.5099983215332,-0.01808783858211538,7.599999904632568,0.008429570624905569,31.911115646362305,1727.0795326086957,51.16774193548387,16.91
2025-10-31,281.2687072753906,29932800,-0.007522503114755885,-0.017174096384431015,0.12135401584074312,0.2097165195066777,3.886774193548387,325.0495901639344,4.498360655737705,17.44,121.3859,4.11,51.08387096774194,61.75,113.77948760986328,676.45556640625,0.004286227236509621,0.003280040742968948,74.25806451612904,99.38709677419355,97.38709677419355,-0.0010303593732721161,280.6408996582031,-0.02718802605939996,646.6680908203125,0.018148267703757437,33.099998474121094,0.02631582744894323,7.800000190734863,0.0012384481981086992,31.95063591003418,1727.9684130434782,51.08387096774194,17.44
2025-11-03,283.564208984375,19691800,0.02277204323108717,0.005209091167382329,0.1284668082677345,0.17400206977483013,3.869333333333333,325.1275333333333,4.493333333333333,17.17,121.4512,4.13,51.126666666666665,61.79,112.5704345703125,677.7251586914062,-0.010626283040546691,0.0018768302726830388,73.53333333333333,98.0,97.46666666666667,0.008997458797758817,283.16595458984375,-0.01641083868726878,636.0557250976562,0.018126958201749366,33.70000076293945,0.0025641000560834293,7.820000171661377,0.004947486274974544,32.10871124267578,1730.635054347826,51.126666666666665,17.17
2025-11-04,277.51605224609375,18123700,0.049197978456605895,0.024814799256535736,0.14504072403962054,0.19235474967906163,3.864,325.15979999999996,4.49,19.0,121.8271,4.1,51.19,61.38,111.79743957519531,669.6917114257812,-0.006866767442692656,-0.01185354736001909,73.3,97.0,97.2,-0.021781953709010482,276.998046875,-0.016292655974103454,625.6926879882812,-0.023442163134789085,32.90999984741211,-0.044757081046888025,7.46999979019165,-0.02923089004700663,31.17014503479004,1731.5239347826086,51.19,19.0
2025-11-05,284.1929626464844,20063200,0.009411824082530496,0.028937651645353668,0.13113261998607229,0.13542000561614653,3.8586666666666667,325.1920666666667,4.486666666666666,18.01,121.8482,4.17,51.25333333333333,60.4,112.40196228027344,672.012451171875,0.005407303667912089,0.0034653852011290454,73.06666666666666,96.0,96.93333333333334,0.024392750999485235,283.7547912597656,0.013756921162278335,634.30029296875,-0.21756304711666963,25.75,-0.022757644475439265,7.300000190734863,0.05198091338505195,32.79039764404297,1732.4128152173912,51.25333333333333,18.01
2025-11-06,284.7818298339844,23103800,-0.021798635215695805,0.01626139887658562,0.10273763785089818,0.13763105687465704,3.853333333333333,325.22433333333333,4.483333333333333,19.5,121.6948,4.11,51.31666666666666,60.24,111.39111328125,664.8021850585938,-0.008993161493950574,-0.010729363869237507,72.83333333333333,95.0,96.66666666666667,0.0015477393874023804,284.1939697265625,-0.02674739636056278,617.3344116210938,0.02058255093768957,26.280000686645508,0.09726027665699277,8.010000228881836,-0.016269794827849737,32.25690460205078,1733.3016956521737,51.31666666666666,19.5
2025-11-07,279.1528625488281,21991100,-0.009724747714648707,0.07132633183565695,0.1367797709505152,0.13992813820850158,3.848,325.2566,4.48,19.08,121.388,4.11,51.38,60.54,111.10372161865234,665.4567260742188,-0.0025800232543867763,0.000984565078659072,72.6,94.0,96.4,-0.020790407011331502,278.28546142578125,0.004475398310548551,620.0972290039062,0.0308218966810756,27.09000015258789,0.02496876448816976,8.210000038146973,0.006737974213199438,32.47425079345703,1734.1905760869565,51.38,19.08
2025-11-10,290.02154541015625,19508200,-0.017171912529228894,0.09594276842898553,0.10536989502522554,0.0720709563056523,3.832,325.35339999999997,4.47,17.6,121.2984,4.13,51.57,60.94,112.26322174072266,675.8406982421875,0.010436195162301765,0.015604278627143309,71.9,91.0,95.6,0.04041898667574384,289.5334777832031,0.016165185631466628,630.1212158203125,-0.002953116399241229,27.010000228881836,0.058465230207802366,8.6899995803833,0.013386225424149023,32.908958435058594,1736.8572173913042,51.57,17.6
2025-11-11,291.1692810058594,14156700,-0.023239826706431765,0.10934400722772741,0.0759741474588449,0.06112240443515815,3.8266666666666667,325.3856666666667,4.466666666666667,17.28,121.1721,4.105,51.63333333333333,60.12,113.17495727539062,677.3878784179688,0.008121408957723286,0.002289267544563822,71.66666666666667,90.0,95.33333333333333,0.004170991247052891,290.7411193847656,-0.007407951990264117,625.4533081054688,0.012958177656565484,27.360000610351562,0.008055310918144709,8.760000228881836,-0.011107831956977288,32.54341125488281,1737.746097826087,51.63333333333333,17.28
2025-11-12,286.86773681640625,16998800,0.019343767426709624,0.11428857748262189,0.08103737818457324,0.06537123825090041,3.8213333333333335,325.41793333333334,4.463333333333334,17.51,121.0458,4.08,51.696666666666665,59.3,112.52088928222656,677.7648315429688,-0.005779264325874722,0.0005564804700675108,71.43333333333334,89.0,95.06666666666666,-0.01579079679290607,286.15008544921875,-0.02881611159562303,607.43017578125,-0.0014620217337352193,27.31999969482422,0.0376712231830818,9.09000015258789,0.0015179825250319912,32.592811584472656,1738.6349782608695,51.696666666666665,17.51
2025-11-13,278.573974609375,18060200,0.03890817929974344,0.14689024652093408,0.10892024724834126,0.08561758187055823,3.816,325.4502,4.46,20.0,120.7725,4.11,51.76,59.54,110.92533874511719,666.5180053710938,-0.014180038455858579,-0.016593994920437227,71.2,88.0,94.8,-0.028390990902212976,278.0260009765625,0.0014450164266244236,608.3079223632812,-0.02013174389473893,26.770000457763672,-0.0561056347987674,8.579999923706055,-0.013640433473275482,32.148231506347656,1739.523858695652,51.76,20.0
2025-11-14,276.43817138671875,18330500,0.08184702118250109,0.13769939390567298,0.11174371511910697,0.09805156052012265,3.8106666666666666,325.48246666666665,4.456666666666667,19.83,120.9666,4.14,51.82333333333333,60.87,110.33072662353516,666.4088745117188,-0.005360471541568379,-0.0001637328001578009,70.96666666666667,87.0,94.53333333333333,-0.007753813352628591,275.8702392578125,-0.0007050607549257126,607.8790283203125,-0.005603272916148594,26.6200008392334,-0.0011655278520698031,8.569999694824219,-0.007990302185734155,31.891357421875,1740.4127391304346,51.82333333333333,19.83
2025-11-17,285.04132080078125,34286100,0.11509101377974051,0.1065125349107956,0.044308311761782404,0.0635784927872256,3.7946666666666666,325.5792666666667,4.446666666666667,22.38,121.1146,4.13,52.013333333333335,60.66,110.18206024169922,660.2003173828125,-0.0013474612774301287,-0.00931643825039885,70.26666666666667,84.0,93.73333333333333,0.031149208669829953,284.46337890625,-0.012223919096258973,600.4483642578125,-0.041322327077034204,25.520000457763672,-0.04550751499839312,8.180000305175781,-0.021685254101372564,31.199785232543945,1743.0793804347825,52.013333333333335,22.38
2025-11-18,284.4025573730469,29702200,0.13573837013347467,0.12514036725707922,0.0666345970294131,0.10578838353039921,3.7893333333333334,325.61153333333334,4.443333333333333,24.69,121.2127,4.12,52.07666666666667,61.51,110.8064193725586,654.65625,0.005666613326069214,-0.008397553343794883,70.03333333333333,83.0,93.46666666666667,-0.0025962055061871103,283.724853515625,-0.00717593237312697,596.1395874023438,0.009796238068794594,25.770000457763672,0.008557419585904835,8.25,-0.002849916366466032,31.110868453979492,1743.9682608695653,52.07666666666667,24.69
2025-11-19,292.4168395996094,43123600,0.09314307213119721,0.08669248266134688,0.05399964412124292,0.06451883574421191,3.7840000000000003,325.6438,4.44,23.66,121.4978,4.13,52.14,60.27,110.19197845458984,657.185302734375,-0.005545174381123563,0.0038631766432766224,69.8,82.0,93.2,0.030005606051610068,292.2381896972656,-0.012330924340168359,588.7886352539062,-0.010865373755208907,25.489999771118164,-0.026666699033794927,8.029999732971191,0.0006351520487177797,31.13062858581543,1744.8571413043478,52.14,23.66
2025-11-20,289.41278076171875,34801400,0.10393802779950567,0.11073163242430684,0.0743260014943885,0.07291133063207411,3.7786666666666666,325.67606666666666,4.4366666666666665,26.42,121.6889,4.1,52.20333333333333,60.07,108.98292541503906,647.1683349609375,-0.0109722418683047,-0.015242227316648038,69.56666666666666,81.0,92.93333333333334,-0.011474968674489383,288.884765625,-0.0019819186079237383,587.6217041015625,-0.02667714049751646,24.809999465942383,-0.031133191964670126,7.78000020980835,-0.008251367911421892,30.87375831604004,1745.7460217391304,52.20333333333333,26.42
2025-11-21,299.0638122558594,43670600,0.05162686741247691,0.05007570111930715,0.054183164156782704,0.045333730351357904,3.7733333333333334,325.7083333333333,4.433333333333334,23.43,121.8653,4.06,52.266666666666666,58.86,110.8956069946289,653.6149291992188,0.017550286637157075,0.009961232480063087,69.33333333333333,80.0,92.66666666666667,0.03527369446754425,299.0747985839844,0.00865657608744197,592.70849609375,0.006045933968526818,24.959999084472656,-0.011568142694189931,7.690000057220459,0.03264004780208696,31.881479263305664,1746.634902173913,52.266666666666666,23.43
2025-11-24,317.8470153808594,55311800,-0.0076930750610813,-0.0016098569678520969,-0.008145298256559519,-0.03491566325444584,3.7573333333333334,325.80513333333334,4.423333333333334,20.52,121.9171,4.04,52.45666666666666,59.11,111.99564361572266,663.235107421875,0.009919568961347824,0.014718418739979588,68.63333333333334,77.0,91.86666666666666,0.06313824076796082,317.9578552246094,0.03163639426724685,611.4596557617188,-0.006810824326154208,24.790000915527344,-0.0013004198709265502,7.679999828338623,0.008676657606782268,32.158103942871094,1749.3015434782608,52.45666666666666,20.52
2025-11-25,323.00689697265625,50899300,-0.009331376974742733,-0.00751009278846293,-0.02618503461261923,-0.037099323620195634,3.7520000000000002,325.8374,4.42,18.56,121.6335,4.01,52.519999999999996,58.25,113.2740707397461,669.4735107421875,0.011414971893102921,0.009406020957730021,68.4,76.0,91.6,0.015255244752224506,322.8083801269531,0.03779468375164896,634.569580078125,0.029043940571358284,25.510000228881836,-0.005208328482694813,7.639999866485596,0.025806477633476543,32.98799133300781,1750.1904239130433,52.519999999999996,18.56
2025-11-26,319.6534423828125,29839600,-0.005900956273979907,-0.019905380773932335,-0.0177495540557725,-0.042837855022586524,3.7466666666666666,325.86966666666666,4.416666666666667,17.19,121.2437,4.0,52.58333333333333,58.81,113.43262481689453,674.09521484375,0.0013997384936639268,0.006903490619724062,68.16666666666667,75.0,91.33333333333333,-0.010790160699995277,319.3252258300781,-0.004102324679506775,631.9663696289062,0.002351997859821875,25.56999969482422,-0.003926666687887215,7.610000133514404,-0.005091236832768908,32.82004165649414,1751.079304347826,52.58333333333333,17.19
2025-11-28,319.4937744140625,19695800,0.006153972826122178,-0.029355903217561097,-0.01675863191473026,-0.05111196950436958,3.736,325.9342,4.41,16.35,121.0527,4.02,52.71,58.58,114.35428619384766,677.7747192382812,0.008125187779449705,0.0054584342293309,67.7,73.0,90.8,0.000718774110255449,319.55474853515625,0.02263220971482216,646.2691650390625,0.021509626553515737,26.1200008392334,0.009198382864139543,7.679999828338623,0.0027092219898769976,32.908958435058594,1752.8570652173912,52.71,16.35
2025-12-01,314.5035400390625,28520600,-0.0014750158456737772,-0.01776520301675233,-0.003539125908773144,-0.0364050717024017,3.72,326.031,4.4,17.24,120.9862,4.09,52.9,59.47,113.81912231445312,674.6802978515625,-0.004679875999464955,-0.004565560353440801,67.0,70.0,90.0,-0.01652193594412088,314.27508544921875,-0.010926786994990945,639.20751953125,0.02756505705287049,26.84000015258789,-0.005208328482694813,7.639999866485596,0.013209285482618016,33.34366226196289,1755.523706521739,52.9,17.24
2025-12-02,315.40179443359375,24668200,0.006130379563363153,-0.02559717451794785,-0.001563992791158153,-0.04719215689158274,3.71741935483871,326.0489677419355,4.396774193548388,16.59,121.1467,4.09,53.01290322580645,58.81,114.19571685791016,675.9300537109375,0.003308710661259484,0.001852367504067809,67.2258064516129,69.90322580645162,89.7741935483871,0.0029215881740496386,315.1932678222656,0.00972120476939442,645.42138671875,0.0018628627710990386,26.889999389648438,-0.002617798596338705,7.619999885559082,-0.0014815508027202773,33.29426193237305,1756.4125869565216,53.01290322580645,16.59
2025-12-03,319.9927978515625,32285100,0.001838439356964816,-0.0697571242028534,-0.00964682356361013,-0.06900809153648402,3.7148387096774194,326.06693548387096,4.393548387096774,16.08,120.7336,4.06,53.1258064516129,59.09,114.09661865234375,678.2706298828125,-0.000867792665899314,0.003462749080359595,67.45161290322581,69.80645161290323,89.54838709677419,0.01209594691377136,319.0058288574219,-0.011590148605372996,637.9408569335938,0.0193380613449865,27.40999984741211,0.005249338904693701,7.659999847412109,-0.0020771340980312303,33.22510528564453,1757.3014673913042,53.1258064516129,16.08
2025-12-04,317.7671813964844,20831600,-0.014087554543319891,-0.04535891389226221,-0.01141617435423159,-0.03757852869529643,3.712258064516129,326.08490322580644,4.390322580645162,15.78,120.6766,4.11,53.23870967741935,59.82,114.75069427490234,678.7664794921875,0.005732646859164081,0.0007310498015529188,67.6774193548387,69.70967741935483,89.3225806451613,-0.006288515182409027,316.999755859375,0.03428704663202531,659.81396484375,-0.006566957540234175,27.229999542236328,0.013054880347486142,7.760000228881836,0.007433842623943088,33.47209548950195,1758.190347826087,53.23870967741935,15.78
2025-12-05,321.4599304199219,15719900,-0.035292685814221736,-0.04122655514036555,0.0017087227262020388,-0.04577409867225812,3.709677419354839,326.1028709677419,4.387096774193549,15.41,120.6863,4.14,53.351612903225806,60.23,116.07866668701172,680.0557861328125,0.011572674313656162,0.0018994848443159018,67.90322580645162,69.61290322580645,89.09677419354838,0.011491561738744771,320.642578125,0.01797344629130926,671.673095703125,-0.017627600084671458,26.75,0.019329847178611193,7.909999847412109,0.018890173797758925,34.10438919067383,1759.0792282608695,53.351612903225806,15.41
2025-12-08,314.0396423339844,22006900,-0.016314250949739706,-0.009922208462972093,0.03676252867828622,-0.01848538999894178,3.701935483870968,326.1567741935484,4.37741935483871,16.66,120.776,4.17,53.69032258064516,59.04,115.21647644042969,678.0127563476562,-0.007427637404785137,-0.0030042091058060105,68.58064516129032,69.3225806451613,88.41935483870968,-0.02286154054663181,313.31219482421875,-0.009830443232759278,665.0702514648438,0.014953256767486822,27.149999618530273,0.015170655862697835,8.029999732971191,-0.011297768599820568,33.719085693359375,1761.7458695652174,53.69032258064516,16.66
2025-12-09,317.3353271484375,14151300,-0.03153423723780213,-0.006514532366573289,0.035845843858946624,-0.04508703417549775,3.6993548387096777,326.1747419354839,4.374193548387097,16.93,120.6832,4.18,53.803225806451614,58.4,115.34530639648438,677.4275512695312,0.0011181556669224157,-0.0008631180942337835,68.80645161290323,69.2258064516129,88.19354838709677,0.010710054941190927,316.66778564453125,-0.014757017177333132,655.2557983398438,0.001104997682026987,27.18000030517578,-0.013698587837504772,7.920000076293945,-0.003223008814316475,33.610408782958984,1762.63475,53.803225806451614,16.93
2025-12-10,320.5810852050781,22764500,-0.07146418099686036,-0.016604312637621632,0.03654205348583006,-0.060210659868759064,3.696774193548387,326.1927096774194,4.370967741935484,15.77,120.6752,4.13,53.91612903225806,58.67,116.01920318603516,681.92041015625,0.005842429229277357,0.006632235252757246,69.03225806451613,69.12903225806451,87.96774193548387,0.00987137368128388,319.7937316894531,-0.010396423674221444,648.4434814453125,0.02244299497801716,27.790000915527344,0.0,7.920000076293945,-0.006172788362239112,33.40293884277344,1763.5236304347825,53.91612903225806,15.77
2025-12-11,313.2906188964844,25912100,-0.03171819109602303,0.004016498493508713,0.07245769906156374,-0.02889876169733463,3.694193548387097,326.21067741935485,4.367741935483871,14.85,119.98,4.14,54.02903225806452,57.76,115.76153564453125,683.5072021484375,-0.0022209042505725307,0.0023269460314641055,69.25806451612904,69.03225806451613,87.74193548387096,-0.02429659086777447,312.0238342285156,0.003968525139734114,651.016845703125,-0.032745654004361247,26.8799991607666,-0.0353535615039251,7.639999866485596,-0.01863349923141755,32.78052520751953,1764.4125108695653,54.02903225806452,14.85
2025-12-12,310.11474609375,21264800,-0.006150952977019952,0.012463097234359122,0.08305425001771338,-0.00287260968486025,3.6916129032258067,326.22864516129033,4.364516129032258,15.74,120.1442,4.19,54.14193548387097,57.61,115.50387573242188,676.1581420898438,-0.0022257817389410572,-0.010751986278262682,69.48387096774194,68.93548387096774,87.51612903225806,-0.01005017704222555,308.887939453125,-0.012992089073395885,642.5587768554688,-0.03311009737483395,25.989999771118164,-0.043193708046209034,7.309999942779541,0.00030116773483457315,32.79039764404297,1765.3013913043478,54.14193548387097,15.74
2025-12-15,308.91632080078125,22028900,0.006498053359966782,0.01690805793390404,0.0770723245183782,-0.009065780725645789,3.6838709677419357,326.28254838709677,4.354838709677419,16.5,119.9561,4.18,54.48064516129032,56.97,115.523681640625,675.1365356445312,0.0001714739707003865,-0.001510898681416406,70.16129032258064,68.64516129032258,86.83870967741936,-0.0034596172161823757,307.8193054199219,0.005911177226745945,646.3570556640625,-0.008849539986988342,25.760000228881836,-0.00683990619549768,7.260000228881836,-0.01717372402308759,32.227264404296875,1767.9680326086957,54.48064516129032,16.5
2025-12-16,307.3283996582031,21285200,0.025834372089591717,0.019725065306845035,0.07347353969306702,-0.0057992935232749065,3.6812903225806455,326.30051612903225,4.351612903225806,16.48,119.8902,4.15,54.593548387096774,55.44,115.60297393798828,673.2918701171875,0.000686372666081958,-0.002732285145230273,70.38709677419355,68.54838709677419,86.61290322580645,-0.005353228726799886,306.1714782714844,0.014887750740940842,655.9798583984375,0.0007764152789582202,25.780000686645508,0.01515146738420814,7.369999885559082,-0.012262339456621696,31.832082748413086,1768.8569130434782,54.593548387096774,16.48
2025-12-17,297.6710205078125,29120400,0.059082123959564026,0.05790784660045989,0.08085618290759022,0.0031553962422303794,3.678709677419355,326.3184838709678,4.348387096774194,17.62,120.155,4.16,54.70645161290322,56.07,114.7705078125,665.8832397460938,-0.007201078805592287,-0.011003593983400228,70.61290322580645,68.45161290322581,86.38709677419355,-0.0321297701987725,296.3342590332031,-0.011641138735122958,648.343505859375,0.003878916658559106,25.8799991607666,0.017639093142408635,7.5,0.009000502661035581,32.118587493896484,1769.7457934782608,54.70645161290322,17.62
2025-12-18,303.3536071777344,21040500,0.03690525760261942,0.04467484905622987,0.08108645913887225,-0.014878538264121222,3.6761290322580646,326.33645161290326,4.345161290322581,16.87,120.0528,4.12,54.81935483870968,56.22,115.42459106445312,670.9114990234375,0.005699053392895115,0.00755126270975226,70.83870967741936,68.35483870967742,86.16129032258064,0.019344857270350957,302.0668029785156,0.023017737887457423,663.2669067382812,0.013910379521855365,26.239999771118164,0.017333348592122322,7.630000114440918,0.0030760021592231013,32.217384338378906,1770.6346739130433,54.81935483870968,16.87
2025-12-19,308.2072448730469,45234400,0.01872925296566552,0.019247603926397128,0.07203266353675764,-0.06223469169009643,3.6735483870967744,326.35441935483874,4.341935483870968,14.91,120.1652,4.16,54.93225806451613,56.8,115.47413635253906,676.9923095703125,0.0004292437827071449,0.009063506223587092,71.06451612903226,68.25806451612904,85.93548387096774,0.015539306686872534,306.7607116699219,-0.008548476966659946,657.5969848632812,-0.006097555213709138,26.079999923706055,-0.007863688319739603,7.570000171661377,0.012572946319702405,32.62245178222656,1771.5235543478261,54.93225806451613,14.91
2025-12-22,310.9236755371094,14091400,0.010342796530192766,0.03565357559965321,0.05492578923744951,-0.06917412608738194,3.6658064516129034,326.4083225806452,4.332258064516129,14.08,119.9912,4.17,55.27096774193548,58.18,115.98716735839844,681.2098999023438,0.004442821761343252,0.00622989400678442,71.74193548387096,67.96774193548387,85.25806451612904,0.00852970099786754,309.3772888183594,0.004144023952324716,660.3220825195312,0.011886482624587691,26.389999389648438,0.048877130405385216,7.940000057220459,-0.0075712892520621855,32.375457763671875,1774.1901956521738,55.27096774193548,14.08
2025-12-23,315.2680358886719,13961400,-0.005955451434427994,0.03272294247545404,0.056734667524562354,-0.11005524019033364,3.663225806451613,326.42629032258066,4.329032258064516,14.0,119.7057,4.18,55.383870967741935,58.55,116.71295166015625,684.3233032226562,0.006257453460477569,0.0045704023396588855,71.96774193548387,67.87096774193549,85.03225806451613,0.014752396382799793,313.94134521484375,0.005200339374807461,663.7559814453125,-0.014020422146349132,26.020000457763672,-0.016372810264994708,7.809999942779541,-0.0003051714663029337,32.365577697753906,1775.0790760869565,55.383870967741935,14.0
2025-12-24,315.258056640625,6138200,-0.0011087689354192243,0.04267114769104241,0.06123475079706675,-0.13215433784791575,3.6606451612903226,326.44425806451613,4.325806451612904,13.47,119.4372,4.15,55.49677419354838,58.72,117.4089126586914,686.7305297851562,0.005963014289636526,0.003517674396244841,72.19354838709677,67.7741935483871,84.80645161290323,-0.0008270447924271229,313.68170166015625,0.003925249320044566,666.3613891601562,0.004227467373856708,26.1299991607666,0.005121634077604353,7.849999904632568,0.003968322253838252,32.494014739990234,1775.967956521739,55.49677419354838,13.47
2025-12-26,314.5489501953125,6730900,0.007493058210134018,0.056419918619520004,0.06769123151524092,-0.13216770122458799,3.655483870967742,326.4801935483871,4.319354838709677,13.6,119.4723,4.14,55.72258064516129,56.6,117.28961181640625,686.660888671875,-0.0010161140205084962,-0.00010140966545213459,72.64516129032258,67.58064516129032,84.35483870967742,-0.001846630349570666,313.1024475097656,-0.006381675935284714,662.10888671875,0.00038271064688166767,26.139999389648438,0.0012739145227167459,7.860000133514404,-0.01064144386002952,32.148231506347656,1777.7457173913042,55.72258064516129,13.6
2025-12-29,313.979736328125,12317700,0.0005088211212376237,0.07010388698514292,0.07719705752682038,-0.0869237540054476,3.647741935483871,326.5340967741936,4.309677419354839,14.2,119.5899,4.12,56.061290322580646,57.89,117.21006774902344,684.2138671875,-0.000678185102252038,-0.0035636535074947684,73.3225806451613,67.29032258064517,83.6774193548387,0.00015945821634288926,313.1523742675781,-0.006935016176265574,657.5171508789062,-0.009946451222366814,25.8799991607666,0.00254452679221151,7.880000114440918,-0.0046099266374969305,32.000030517578125,1780.412358695652,56.061290322580646,14.2
2025-12-30,314.1394958496094,11052500,0.02505167469534597,0.06917817780797098,0.0762359740980012,-0.06180970675041475,3.645161290322581,326.55206451612906,4.306451612903226,14.33,119.4939,4.14,56.174193548387095,57.79,117.60775756835938,683.3783569335938,0.0033929663805629673,-0.0012211244085722495,73.54838709677419,67.19354838709677,83.45161290322581,0.000924924598326271,313.4420166015625,0.011021872665698318,664.7642211914062,0.005796040600584806,26.030000686645508,0.0241116215258812,8.069999694824219,-0.0071008733741060315,31.772802352905273,1781.3012391304346,56.174193548387095,14.33
2025-12-31,313.3904724121094,10821500,0.038910121247277996,0.06169538967039134,0.09910772808614987,-0.060970599499726275,3.6425806451612903,326.57003225806454,4.3032258064516125,14.95,119.7456,4.18,56.28709677419355,57.26,117.04105377197266,678.3152465820312,-0.004818591971344377,-0.0074089416209803804,73.7741935483871,67.09677419354838,83.2258064516129,-0.0027083397430479605,312.5931091308594,-0.008799433172501425,658.9146728515625,-0.00537845921259994,25.889999389648438,0.0,8.069999694824219,0.004042297983701593,31.90123748779297,1782.1901195652174,56.28709677419355,14.95
2026-01-02,314.90850830078125,22043700,0.0438285123194071,0.04763414240363484,0.08048970619217788,-0.05534163355435773,3.64,326.6161290322581,4.3032258064516125,14.51,119.6059,4.19,56.406451612903226,57.21,116.22578430175781,679.55859375,-0.006965670967071125,0.0018329931020035772,74.48387096774194,67.74193548387096,83.54838709677419,0.00686904712277614,314.7403259277344,-0.014664692045635364,649.2518920898438,0.025878721208538513,26.559999465942383,0.007434996516193282,8.130000114440918,-0.017033158358323197,31.357858657836914,1783.079,56.406451612903226,14.51
2026-01-05,316.9058837890625,19934000,0.04856297520928554,0.015252727849117909,0.05048528692924337,-0.04152239538414071,3.64,326.7005161290323,4.312903225806451,14.9,119.6192,4.17,56.4258064516129,58.1,117.07087707519531,684.0845336914062,0.007271129883222649,0.006660117292359935,75.93548387096774,69.96774193548387,85.19354838709677,0.004410664909989537,316.1285400390625,0.012884138454499316,657.616943359375,-0.0022590160824106365,26.5,0.01476013331733328,8.25,0.022684339799114994,32.069190979003906,1783.079,56.4258064516129,14.9
2026-01-06,314.1394958496094,18989900,0.0695596724333849,0.043967668451929454,0.05334600513341958,0.0013089530386625192,3.64,326.72864516129033,4.316129032258065,14.75,119.7807,4.18,56.43225806451613,56.97,116.65330505371094,688.1529541015625,-0.0035668308969459828,0.0059472480516442605,76.41935483870968,70.70967741935483,85.74193548387096,-0.006950255335991251,313.9313659667969,0.002777881934170612,659.4437255859375,0.021509422446196913,27.06999969482422,0.06545454083066993,8.789999961853027,0.01425474256032011,32.526329040527344,1783.079,56.43225806451613,14.75
2026-01-07,322.00921630859375,24681800,0.04304807669890387,0.026083158209780244,0.0020780738614190053,-0.01810351379952113,3.64,326.7567741935484,4.319354838709677,15.38,119.8719,4.15,56.438709677419354,56.01,116.41468048095703,685.9347534179688,-0.0020455877580496384,-0.003223412281198157,76.90322580645162,71.45161290322581,86.29032258064517,0.024304885542325128,321.5614318847656,-0.01805878497187141,647.5349731445312,0.015515333617615479,27.489999771118164,-0.019340168035462346,8.619999885559082,-0.0042774466955223245,32.38719940185547,1783.079,56.438709677419354,15.38
2026-01-08,325.58453369140625,21789600,0.0219318957021597,0.007423172377955201,-0.00493843985905007,-0.03088120693381813,3.64,326.7849032258065,4.32258064516129,15.45,120.0904,4.19,56.44516129032258,57.74,116.80243682861328,685.8651123046875,0.0033308200138870703,-0.00010152731427326422,77.38709677419355,72.19354838709677,86.83870967741936,0.01074601935574182,325.0169372558594,-0.004054400642158895,644.9096069335938,-0.025100056013188987,26.799999237060547,-0.02552207307999743,8.399999618530273,0.001841083331075799,32.44682693481445,1783.079,56.44516129032258,15.45
2026-01-09,328.7104797363281,17917700,0.0036458384105368946,0.013520053735963211,-0.03193167696961852,-0.029486356422250615,3.64,326.81303225806454,4.325806451612904,14.49,120.2215,4.18,56.45161290322581,58.96,117.2299575805664,690.4010009765625,0.0036602040467736963,0.006613382996888628,77.87096774193549,72.93548387096774,87.38709677419355,0.009617794295012638,328.14288330078125,0.0108348328476493,651.8970947265625,0.012686573218916974,27.139999389648438,-0.02261899869187667,8.210000038146973,-0.01316992840482678,32.01950454711914,1783.079,56.45161290322581,14.49
2026-01-12,332.2957763671875,23893800,-0.031767521977894786,0.006822322069145681,-0.06431649858366517,-0.005761769942843276,3.64,326.8974193548387,4.335483870967742,15.12,119.9958,4.19,56.47096774193548,59.39,116.87203216552734,691.4852294921875,-0.003053190689701335,0.00157043300066384,79.3225806451613,75.16129032258064,89.03225806451613,0.010012940142957172,331.4285583496094,-0.016981499870513894,640.826904296875,-0.011790703832744831,26.81999969482422,-0.002436109338701753,8.1899995803833,-0.004655563366950166,31.87043571472168,1783.079,56.47096774193548,15.12
2026-01-13,335.9909362792969,24616700,-0.023927607445436316,-0.00044578664858085926,-0.08043279089599753,-0.005125456515774007,3.64,326.9255483870968,4.338709677419355,15.98,120.1401,4.18,56.47741935483871,60.85,116.21583557128906,690.1026000976562,-0.005614658888697166,-0.0019995067653818532,79.80645161290323,75.90322580645162,89.58064516129032,0.012384888710214925,335.53326416015625,-0.016947783606310107,629.96630859375,0.027964206134750036,27.56999969482422,-0.024420002382439243,7.989999771118164,-0.012160901898447207,31.48286247253418,1783.079,56.47741935483871,15.98
2026-01-14,335.87109375,17839300,-0.016264752189386278,0.006987663985904113,-0.09006567795378151,-0.009828977821197182,3.64,326.95367741935485,4.341935483870968,16.75,119.9537,4.15,56.483870967741936,61.84,115.96727752685547,686.7106323242188,-0.0021387622711804832,-0.0049151644595419874,80.29032258064517,76.64516129032258,90.12903225806451,-0.0003870027469463633,335.4034118652344,-0.02467163267504846,614.4240112304688,-0.018135654897880382,27.06999969482422,-0.011264039840909401,7.900000095367432,0.009785359788785808,31.79093360900879,1783.079,56.483870967741936,16.75
2026-01-15,332.7252197265625,16424900,-0.014197348556417966,0.016118425276581805,-0.09106738306150564,0.019447404964256787,3.64,326.9818064516129,4.345161290322581,15.84,119.9951,4.17,56.49032258064516,59.13,115.53976440429688,688.5806884765625,-0.0036864978783311964,0.002723208385480236,80.7741935483871,77.38709677419355,90.6774193548387,-0.0091115062200543,332.3473815917969,0.008578064579704892,619.694580078125,-0.010343508771830878,26.790000915527344,-0.017721501872853374,7.760000228881836,-0.012191313629042688,31.40336036682129,1783.079,56.49032258064516,15.84
2026-01-16,329.9089050292969,21868600,0.00983834630457281,0.04407575814338993,-0.07991763528917151,0.016032812679947384,3.64,327.00993548387095,4.348387096774194,15.86,120.0838,4.24,56.49677419354839,59.4,114.50575256347656,688.0037231445312,-0.008949402365077463,-0.000837905189162047,81.25806451612904,78.12903225806451,91.2258064516129,-0.008353810925792238,329.5710144042969,-0.0008859384092072542,619.1455688476562,-0.032848116388274895,25.90999984741211,-0.029639176841445458,7.53000020980835,-0.00838609108558741,31.1400089263916,1783.079,56.49677419354839,15.86
2026-01-20,321.73956298828125,27169900,0.03985596943191916,0.057549150782309155,-0.05773534487452148,0.026517339573823184,3.64,327.1224516129032,4.361290322580645,20.09,119.4455,4.3,56.52258064516129,60.3,112.81555938720703,673.9981689453125,-0.014760770864612804,-0.02035680001149731,83.19354838709677,81.09677419354838,93.41935483870968,-0.02424240347805051,321.5814208984375,-0.026005608590861984,603.0443115234375,-0.020069489032266796,25.389999389648438,-0.023904422332062913,7.349999904632568,-0.015477878590372973,30.65802764892578,1783.079,56.52258064516129,20.09
2026-01-21,327.95147705078125,22791700,0.02405745821311389,0.015104341823624301,-0.04105007540259853,0.02919763930218311,3.64,327.1505806451613,4.364516129032258,16.9,119.3431,4.26,56.52903225806452,60.38,113.96886444091797,681.77685546875,0.010222925454391962,0.0115411092816613,83.6774193548387,81.83870967741936,93.96774193548387,0.019813657405210794,327.953125,0.014632887860037913,611.8685913085938,-0.01575421930468235,24.989999771118164,0.0027210858756485656,7.369999885559082,0.005348447607000706,30.82200050354004,1783.079,56.52903225806452,16.9
2026-01-22,330.4082336425781,19902100,0.023636863909309636,0.001481044705937018,-0.05788294011065298,0.021605426599526023,3.64,327.17870967741936,4.367741935483871,15.64,119.1962,4.26,56.535483870967745,59.24,115.57952880859375,685.3379516601562,0.014132494656123873,0.005223257672714476,84.16129032258064,82.58064516129032,94.51612903225806,0.0065777572478440405,330.1103210449219,0.05656151635110929,646.476806640625,0.02641055836162498,25.649999618530273,0.03934870642552646,7.659999847412109,0.016282452448559193,31.3238582611084,1783.079,56.535483870967745,15.64
2026-01-23,328.00140380859375,19110600,0.03075237603449965,-0.016228676166152645,-0.053314259928637586,0.04302634455872978,3.64,327.2068387096774,4.370967741935484,16.09,118.8976,4.24,56.541935483870965,60.7,116.28543090820312,685.5865478515625,0.006107501102365465,0.00036273518897367296,84.64516129032258,83.3225806451613,95.06451612903226,-0.007896234233809474,327.5036926269531,0.017185812975907266,657.5870361328125,0.010136461315734424,25.90999984741211,-0.005221927238881263,7.619999885559082,-0.01395937811287451,30.8865966796875,1783.079,56.541935483870965,16.09
2026-01-26,333.1546630859375,18502500,0.0339038539822798,-0.02754879354888584,-0.06163255353302777,0.045491485975942325,3.64,327.2912258064516,4.380645161290323,16.15,118.0525,4.22,56.561290322580646,60.46,117.09075927734375,689.0680541992188,0.006925445112521134,0.005078142735685631,86.09677419354838,85.54838709677419,96.70967741935483,0.016253525439399175,332.8267822265625,0.02064478750789167,671.1627807617188,-0.0003859602061261347,25.899999618530273,-0.007874008357040663,7.559999942779541,0.032175064124605246,31.880374908447266,1783.079,56.561290322580646,16.15
2026-01-27,334.56280517578125,16080900,0.01701503080282918,-0.048865570356310895,-0.08313425377868044,0.03804421691452875,3.64,327.31935483870967,4.383870967741935,16.35,117.4523,4.24,56.56774193548387,62.04,116.22578430175781,691.8134765625,-0.007387218094103698,0.0039842543077575066,86.58064516129032,86.29032258064517,97.25806451612902,0.0038707809267282123,334.1150817871094,0.0009072116872437253,671.7716674804688,-0.09613898871784854,23.40999984741211,-0.013227500712890472,7.460000038146973,-0.011221994223218679,31.522613525390625,1783.079,56.56774193548387,16.35
2026-01-28,335.8411560058594,17538500,-0.008742787152892562,-0.07419424338902425,-0.07389682887797677,0.03352760234743912,3.64,327.3474838709677,4.387096774193549,16.35,117.5117,4.26,56.5741935483871,62.75,116.07664489746094,691.7438354492188,-0.0012831869037739363,-0.0001006645803248718,87.06451612903226,87.03225806451613,97.80645161290323,0.004364154635023487,335.5732116699219,-0.006300387586862688,667.5392456054688,-0.03630928607475792,22.559999465942383,0.0281501390178458,7.670000076293945,-0.011191674581023214,31.169822692871094,1783.079,56.5741935483871,16.35
2026-01-29,338.2180480957031,24548300,-0.02164421777343828,-0.08648799406716523,-0.09537596741741139,0.12859224474405173,3.64,327.3756129032258,4.390322580645162,16.88,117.4396,4.24,56.58064516129032,64.77,119.09911346435547,690.3711547851562,0.026038559001808625,-0.001984377154833794,87.54838709677419,87.7741935483871,98.35483870967742,0.006666385960138577,337.8102722167969,0.10404798845895336,736.995361328125,-0.009308470276769287,22.350000381469727,-0.0560626207168895,7.239999771118164,-0.010999534694850599,30.826969146728516,1783.079,56.58064516129032,16.88
2026-01-30,338.0882263183594,21740200,-0.04557937802811307,-0.09603289261382997,-0.10329968700565739,0.1328093442463878,3.64,327.4037419354839,4.393548387096774,17.44,117.8996,4.26,56.58709677419355,64.5,119.38744354248047,688.3120727539062,0.0024209254774285593,-0.002982572514766746,88.03225806451613,88.51612903225806,98.90322580645162,-0.0007390666512366861,337.56060791015625,-0.029540456211264776,715.2241821289062,-0.009843454897008774,22.1299991607666,-0.04281767300824979,6.929999828338623,0.004190825388359576,30.956159591674805,1783.079,56.58709677419355,17.44
2026-02-02,344.44989013671875,22775200,-0.05943748762950152,-0.12200638366450978,-0.12017966969595106,0.10150037202308448,3.64,327.56117857142857,4.396428571428571,16.34,118.3609,4.29,56.48214285714286,61.6,118.97980499267578,691.7339477539062,-0.0034144172762995417,0.004971400525214165,88.57142857142857,89.03571428571429,99.71428571428571,0.01683436116163306,343.24322509765625,-0.014082413278520778,705.152099609375,-0.0058743409713757355,22.0,-0.03896103717382671,6.659999847412109,0.012520130230894821,31.343734741210938,1783.079,56.48214285714286,16.34
2026-02-03,340.2554016113281,25786500,-0.06477839477665748,-0.1078955277681336,-0.11678902952413339,0.12867818426476774,3.64,327.6623571428571,4.392857142857143,18.0,117.9764,4.28,56.364285714285714,62.62,117.0609359741211,685.885009765625,-0.01612768670004805,-0.008455473390127866,88.14285714285714,88.07142857142857,99.42857142857143,-0.011580282508108053,339.26837158203125,-0.020823559716553253,690.4683227539062,-0.05590907010165125,20.770000457763672,-0.0840840774188818,6.099999904632568,-0.08370327674363465,28.72016143798828,1783.079,56.364285714285714,18.0
2026-02-04,332.90496826171875,36991100,-0.06602873138056753,-0.08933825787472849,-0.10511787456353361,0.18623145161216392,3.64,327.7635357142857,4.389285714285714,18.64,118.2602,4.29,56.246428571428574,64.56,116.12635803222656,682.5626831054688,-0.00798368759071888,-0.004843853725993386,87.71428571428571,87.10714285714286,99.14285714285714,-0.01963435579599293,332.6070556640625,-0.03283214438230253,667.7987670898438,-0.04333170913310502,19.8700008392334,-0.03114755085097065,5.909999847412109,0.059169580138608735,30.41952133178711,1783.079,56.246428571428574,18.64
2026-02-05,330.8975830078125,51842000,-0.066278318656383,-0.04958796818401656,-0.07576853396135996,0.1939108824873752,3.64,327.8647142857143,4.385714285714286,21.77,118.5034,4.21,56.128571428571426,62.9,115.53976440429688,674.0379638671875,-0.005051339229694141,-0.012489284060324235,87.28571428571429,86.14285714285714,98.85714285714286,-0.005374778371478595,330.8193664550781,0.0018236548683121523,669.0166015625,-0.02767997590232607,19.31999969482422,-0.1336717398053665,5.119999885559082,0.007840567724168634,30.65802764892578,1783.079,56.128571428571426,21.77
2026-02-06,322.6783752441406,33877000,-0.052862976159795294,-0.03531424004766626,-0.049377289030857696,0.22974211533050704,3.64,327.9658928571428,4.382142857142857,17.76,118.2407,4.22,56.010714285714286,63.77,115.09235382080078,686.96923828125,-0.0038723515302533373,0.01918478647681998,86.85714285714286,85.17857142857143,98.57142857142857,-0.025328291524331137,322.4402770996094,-0.013055542985929924,660.2822265625,0.014492789392771988,19.600000381469727,0.01953123181010552,5.21999979019165,0.025283576161610144,31.43317222595215,1783.079,56.010714285714286,17.76
2026-02-09,323.9766540527344,26103300,-0.06652284692626753,-0.04155361868006302,-0.048590405467486164,0.19310249266512725,3.64,328.26942857142853,4.371428571428572,17.36,117.6392,4.22,55.65714285714286,64.53,116.20588684082031,690.2816772460938,0.009675125958005015,0.004821815563577747,85.57142857142857,82.28571428571429,97.71428571428571,0.004522170418437055,323.8984069824219,0.023825982172041238,676.0140991210938,0.027550969268818948,20.139999389648438,-0.005747075512830602,5.190000057220459,0.03035096709442664,32.38719940185547,1783.079,55.65714285714286,17.36
2026-02-10,318.2142028808594,25281900,-0.04610365366952707,-0.017575307298391296,-0.04772440807220091,0.2054431837830959,3.64,328.3706071428571,4.367857142857143,17.79,117.5216,4.16,55.53928571428571,64.2,116.90185546875,688.4613037109375,0.005989099578776358,-0.0026371459581814305,85.14285714285714,81.32142857142857,97.42857142857143,-0.017698680633528863,318.16583251953125,-0.009598029580667466,669.5256958007812,0.009433989067312076,20.329999923706055,0.00770712165934917,5.230000019073486,-0.003068393695723648,32.28782272338867,1783.079,55.53928571428571,17.79
2026-02-11,310.9236755371094,24008100,-0.024957434213813134,-0.013426123001111012,-0.031020439331326255,0.2826298515352883,3.64,328.4717857142857,4.364285714285715,17.65,117.4601,4.18,55.42142857142857,64.8,116.06670379638672,688.3021850585938,-0.00714404120460288,-0.00023112214366449724,84.71428571428571,80.35714285714286,97.14285714285714,-0.023918586241750917,310.5557556152344,-0.0030265711984009958,667.4993286132812,-0.06099359447966579,19.09000015258789,-0.04588914858127269,4.989999771118164,-0.03354879733234373,31.204605102539062,1783.079,55.42142857142857,17.65
2026-02-12,308.96624755859375,28194000,0.01787508077176625,0.00665869501272498,-0.015306978147224592,0.284707067398668,3.64,328.57296428571425,4.360714285714286,20.82,117.5376,4.09,55.30357142857143,63.08,113.97881317138672,677.668701171875,-0.017988713013361135,-0.01544885969788623,84.28571428571429,79.39285714285714,96.85714285714286,-0.006303082331273746,308.5982971191406,-0.028234297330113844,648.6529541015625,-0.028810855561255067,18.540000915527344,-0.034068057566001286,4.820000171661377,-0.04713377587071066,29.733814239501953,1783.079,55.30357142857143,20.82
2026-02-13,305.6206359863281,20236000,0.01852819145531548,0.00111098052369063,0.011790013697033919,0.2861809340524317,3.64,328.67414285714284,4.357142857142858,20.6,117.5258,4.04,55.18571428571428,63.05,113.91915893554688,678.1461181640625,-0.0005233800403776634,0.0007044991031190939,83.85714285714286,78.42857142857143,96.57142857142857,-0.010614855457529382,305.32257080078125,-0.015450626815450064,638.630859375,-0.1682848266000021,15.420000076293945,0.0020746372797806334,4.829999923706055,0.01938504140269459,30.310205459594727,1783.079,55.18571428571428,20.6
2026-02-17,302.4248046875,23750800,0.026748622785235154,0.002443627838790041,0.012204516392569253,0.2990784124411092,3.64,329.07885714285715,4.3428571428571425,20.29,117.7375,4.05,54.714285714285715,62.53,113.74019622802734,679.2402954101562,-0.0015709623314615895,0.0016134830190519533,82.14285714285714,74.57142857142857,95.42857142857143,-0.01210267861158787,301.6273498535156,-0.0007504304557784947,638.151611328125,0.005836585742061917,15.510000228881836,-0.02070391432963803,4.730000019073486,-0.010491793705439734,29.992197036743164,1783.079,54.714285714285715,20.29
2026-02-18,303.5433654785156,15847700,0.029907176477696806,-0.001612123409328814,0.006597892788313908,0.2672604026196528,3.64,329.18003571428574,4.339285714285714,19.62,117.8426,4.09,54.59642857142857,65.33,113.9291000366211,682.662109375,0.0016608359652821036,0.005037707550576753,81.71428571428571,73.60714285714286,95.14285714285714,0.004337534684544453,302.9356689453125,0.006147496297633781,642.0746459960938,0.05609277363289156,16.3799991607666,0.031712493607307435,4.880000114440918,0.003313481359624282,30.091575622558594,1783.079,54.59642857142857,19.62
2026-02-19,303.163818359375,13448600,0.011826469548438912,-0.008729652855344772,-0.015020024014321565,0.26884695419964744,3.64,329.28121428571427,4.335714285714285,20.23,118.2354,4.08,54.47857142857143,66.66,114.4759292602539,680.8616333007812,0.00479973267108269,-0.002637433731113581,81.28571428571429,72.64285714285714,94.85714285714286,-0.0015824155632001569,302.456298828125,0.0024253425770248693,643.6318969726562,0.02380960421116507,16.770000457763672,0.02459013990675496,5.0,0.013540261900940598,30.4990234375,1783.079,54.47857142857143,20.23
2026-02-20,314.4890441894531,33663100,-0.011019412864039069,-0.05271515472271848,-0.04975974696989682,0.2186095396517691,3.64,329.38239285714286,4.332142857142857,19.09,117.9917,4.08,54.36071428571429,66.69,116.12635803222656,685.7855834960938,0.014417255947497098,0.007231939581382241,80.85714285714286,71.67857142857143,94.57142857142857,0.04005281867780153,314.5705261230469,0.016873923983892203,654.4924926757812,0.05963029056072866,17.770000457763672,0.02799997329711923,5.139999866485596,0.03714564705340839,31.631929397583008,1783.079,54.36071428571429,19.09
2026-02-23,311.2832336425781,17641200,-0.017100371965883987,-0.017531542983426962,-0.07150135062017349,0.21802841905234738,3.64,329.6859285714286,4.321428571428571,21.01,117.9395,4.03,54.00714285714285,66.36,114.69466400146484,678.7827758789062,-0.01232876028338381,-0.010211366038766267,79.57142857142857,68.78571428571429,93.71428571428571,-0.011080102372493461,311.0850524902344,-0.028078545546783795,636.1152954101562,-0.06077658389897256,16.690000534057617,-0.04085603961125339,4.929999828338623,-0.02984610510664909,30.68783950805664,1783.079,54.00714285714285,21.01
2026-02-24,310.5142517089844,15040700,-0.023671806717903032,-0.01213747788559938,-0.06794679983579255,0.23861793264249154,3.64,329.78710714285717,4.317857142857143,19.55,117.9463,4.04,53.88928571428571,65.62,115.49005126953125,683.7164916992188,0.00693482364668907,0.00726847527019836,79.14285714285714,67.82142857142857,93.42857142857143,-0.0018940250460213193,310.495849609375,0.0032169100450167853,638.16162109375,0.015578203748482844,16.950000762939453,0.008113582808481956,4.96999979019165,0.013277237134372788,31.09528923034668,1783.079,53.88928571428571,19.55
2026-02-25,312.6214904785156,20209100,-0.030604020058217607,-0.014032923333223701,-0.10252127566421687,0.23023695573039427,3.64,329.8882857142857,4.314285714285714,17.93,117.769,4.05,53.77142857142857,65.3,115.82808685302734,689.4859008789062,0.0029269671264340325,0.008438306300538434,78.71428571428571,66.85714285714286,93.14285714285714,0.006432857285513016,312.49322509765625,0.022509095569472448,652.5260620117188,0.03657810642937376,17.56999969482422,0.020120801949947476,5.070000171661377,0.0028763003755101213,31.184728622436523,1783.079,53.77142857142857,17.93
2026-02-26,306.7491760253906,22380000,-0.02031585753331544,-0.012132249759912783,-0.10808126541987473,0.25799117489957024,3.64,329.9894642857143,4.310714285714286,18.63,117.9042,4.02,53.653571428571425,65.1,116.04682159423828,685.6561889648438,0.001888443012000085,-0.005554445579207146,78.28571428571429,65.89285714285714,92.85714285714286,-0.01764130042663037,306.9804382324219,0.005078857546080728,655.8401489257812,0.013659634336184112,17.809999465942383,0.0374753551848892,5.260000228881836,0.026768741033135646,32.01950454711914,1783.079,53.653571428571425,18.63
2026-02-27,311.0235595703125,33389200,-0.04216032387392776,-0.03133162343179985,-0.12233099350250498,0.20956619261707177,3.64,330.0906428571429,4.307142857142857,19.86,117.8223,3.97,53.535714285714285,66.96,117.36915588378906,682.3637084960938,0.01139483418317444,-0.004801940858611298,77.85714285714286,64.92857142857143,92.57142857142857,0.01424943596044792,311.354736328125,-0.013439662140185216,647.02587890625,-0.038180815584870076,17.1299991607666,-0.00950573926980458,5.210000038146973,-0.01924277683282538,31.40336036682129,1783.079,53.535714285714285,19.86
2026-03-02,305.9601745605469,21854400,-0.0004386724801243025,-0.005632323239577297,-0.06299099424748567,0.21700772504431853,3.64,330.3611935483871,4.3,21.44,118.667,4.05,53.18709677419355,71.13,117.19019317626953,682.751708984375,-0.0015247848224854144,0.0005686124327104469,77.2258064516129,64.0,91.90322580645162,-0.016807887343381123,306.12152099609375,0.008300071918611929,652.396240234375,0.020432013929769788,17.479999542236328,0.00959696552183642,5.260000228881836,-0.009810132828972584,31.09528923034668,1783.079,53.18709677419355,21.44
2026-03-03,303.163818359375,20361100,0.011813987255175906,0.019989486687835623,-0.027843667732627697,0.18145509716458674,3.64,330.4293870967742,4.3,23.57,119.4341,4.06,53.07419354838709,74.48,117.2796630859375,676.7337036132812,0.0007634590168599242,-0.008814339520359149,77.45161290322581,65.0,91.80645161290323,-0.009591575706884403,303.1853332519531,0.002325785911687417,653.91357421875,0.09267739597584335,19.100000381469727,-0.0019011841153402376,5.25,-0.015659987093083583,30.60833740234375,1783.079,53.07419354838709,23.57
2026-03-04,303.05401611328125,20015600,0.017094249478927237,0.010102941712550662,-0.02894252580491119,0.17294622593040376,3.64,330.4975806451613,4.3,21.15,119.0705,4.09,52.961290322580645,74.58,118.1048812866211,681.5082397460938,0.00703632820021749,0.00705526576749449,77.6774193548387,66.0,91.70967741935483,-0.0014821671387289514,302.7359619140625,0.0193105662645654,666.541015625,0.014659621659930622,19.3799991607666,0.02285712105887283,5.369999885559082,0.0,30.60833740234375,1783.079,52.961290322580645,21.15
2026-03-05,300.5173034667969,22643900,0.00835331247967086,0.016733840400326994,-0.010103732465715942,0.22804203891990849,3.64,330.5657741935484,4.3,23.75,119.5683,4.13,52.84838709677419,80.88,117.75690460205078,677.70849609375,-0.0029463361783145237,-0.005575491873376914,77.90322580645162,67.0,91.61290322580645,-0.007422642542599611,300.4888610839844,-0.010722846200504565,659.393798828125,0.01909189139607581,19.75,-0.005586542571791475,5.340000152587891,0.016558442691435582,31.115163803100586,1783.079,52.84838709677419,23.75
2026-03-06,297.91070556640625,17598000,0.011305337116461978,0.0023483041994325493,0.019591396708317443,0.227011992905507,3.64,330.63396774193546,4.3,29.49,119.491,4.15,52.73548387096774,90.77,116.78255462646484,668.82568359375,-0.008274249216032592,-0.01310712873041986,78.12903225806451,68.0,91.51612903225806,-0.007843663772585718,298.1319274902344,-0.02378255285227726,643.7117309570312,0.013164568550979139,20.010000228881836,-0.033707921354374615,5.159999847412109,-0.02682846586532084,30.280391693115234,1783.079,52.73548387096774,29.49
2026-03-09,305.8259582519531,19632700,-0.005195930070983734,-0.022842434193949823,0.028528420200762294,0.18096585225177764,3.64,330.83854838709675,4.3,25.5,119.5151,4.12,52.39677419354838,94.65,116.88197326660156,674.6845703125,0.00085131414066697,0.00875996072290297,78.80645161290323,71.0,91.2258064516129,0.026985254760708344,306.1770935058594,0.003923454566710838,646.2373046875,-0.017991034794289873,19.649999618530273,-0.0058139019105275525,5.130000114440918,0.021004310627737555,30.916410446166992,1783.079,52.39677419354838,25.5
2026-03-10,306.7453918457031,14386400,0.008080041920390801,-0.05776559421925209,0.03075621157699593,0.18107726530137547,3.64,330.90674193548386,4.3,24.93,118.7255,4.15,52.28387096774193,83.71,116.70301055908203,673.6002807617188,-0.0015311403676538937,-0.0016071058958396778,79.03225806451613,72.0,91.12903225806451,0.0022197168869222406,306.8567199707031,0.010318237181279333,652.9053344726562,-0.0142493020220128,19.3700008392334,-0.042885041349123854,4.909999847412109,-0.00867888864670674,30.648090362548828,1783.079,52.28387096774193,24.93
2026-03-11,308.2344970703125,13376700,-0.006873805224990925,-0.0610531762253288,0.023668970641058884,0.14627016340621224,3.64,330.974935483871,4.3,24.23,119.2885,4.21,52.17096774193548,86.8,116.32520294189453,672.7548217773438,-0.0032373425105107767,-0.0012551345486657706,79.25806451612904,73.0,91.03225806451613,0.005406520345286214,308.5157470703125,0.0012077925805078493,653.6939086914062,0.0005161755859581785,19.3799991607666,-0.010183241436159784,4.860000133514404,-0.0077820939026634894,30.409584045410156,1783.079,52.17096774193548,24.23
2026-03-12,303.0276184082031,15610200,0.008311102682895255,-0.07410704691393188,0.05276874446919311,0.1766584162578808,3.64,331.04312903225804,4.3,27.29,119.8227,4.27,52.05806451612903,95.61,114.60517883300781,662.5390625,-0.014786340925155184,-0.015184966271003186,79.48387096774194,74.0,90.93548387096774,-0.016683014417014475,303.3687744140625,-0.02547104743261075,637.0436401367188,-0.06656341919715969,18.09000015258789,-0.043209883205314936,4.650000095367432,-0.016339885268995658,29.912694931030273,1783.079,52.05806451612903,27.29
2026-03-13,301.2786865234375,16857500,-0.008856902646799614,-0.09188618660291925,0.09659653778754707,0.18879967180900104,3.64,331.11132258064515,4.3,27.19,120.5518,4.28,51.94516129032258,98.48,113.78990936279297,658.7890014648438,-0.007113722769917619,-0.00566013575260893,79.70967741935483,75.0,90.83870967741936,-0.004183772956429577,302.09954833984375,-0.0383434526266937,612.6171875,0.004975132771074975,18.18000030517578,-0.019354871127326034,4.559999942779541,0.022923614668159953,30.59840202331543,1783.079,51.94516129032258,27.19
2026-03-16,304.2369079589844,14822000,-0.017738673027569263,-0.10275271873920111,0.09871228835512458,0.20665828421137622,3.64,331.31590322580644,4.3,23.51,120.097,4.23,51.60645161290322,93.39,114.66484069824219,665.493408203125,0.007689006348178928,0.01017686501045656,80.38709677419355,78.0,90.54838709677419,0.010850879030806393,305.3775939941406,0.023263844608812034,626.8690185546875,0.004950503359577363,18.270000457763672,0.026315764707210976,4.679999828338623,-0.016239054379416973,30.101512908935547,1783.079,51.60645161290322,23.51
2026-03-17,309.2239074707031,14423600,-0.06531786505187342,-0.07288074421604851,0.07549842099533888,0.20010127657634258,3.64,331.38409677419355,4.3,22.37,119.8328,4.2,51.49354838709677,96.01,114.70460510253906,667.2440185546875,0.00034678811791599706,0.002630544991105488,80.61290322580645,79.0,90.45161290322581,0.01754159974009184,310.7344055175781,-0.0076341043414897,622.0834350585938,0.015872961188431622,18.559999465942383,-0.0064101995879434215,4.650000095367432,0.02575101721203743,30.876657485961914,1783.079,51.49354838709677,22.37
2026-03-18,306.1157531738281,13848400,-0.054554367093914036,-0.03721836371791243,0.10806405191370061,0.18288589316047643,3.64,331.45229032258067,4.3,25.09,119.9276,4.26,51.38064516129032,96.12,113.00447082519531,657.9335327148438,-0.014821848484844469,-0.013953644515257158,80.83870967741936,80.0,90.35483870967742,-0.010388577259506704,307.5063171386719,-0.011209928361989974,615.1099243164062,0.011314708936637663,18.770000457763672,-0.00645165789098312,4.619999885559082,-0.009655576964072932,30.57852554321289,1783.079,51.38064516129032,25.09
2026-03-19,305.5461120605469,15399700,-0.08173880995412064,-0.036862667153409356,0.09704643415215641,0.20263350424260151,3.64,331.5204838709677,4.3,24.06,120.1802,4.25,51.26774193548387,96.11,112.48746490478516,656.3121948242188,-0.00457509261921063,-0.002464288275344284,81.06451612903226,81.0,90.25806451612904,-0.0018200011968599883,306.9466552734375,-0.014585490060935902,606.1382446289062,-0.005860447931212653,18.65999984741211,-0.012987000923330161,4.559999942779541,0.02274937914617281,31.274168014526367,1783.079,51.26774193548387,24.06
2026-03-20,298.61029052734375,34763500,-0.08377123765261074,-0.003781964426273987,0.10602765782491352,0.16801064746748606,3.64,331.58867741935484,4.3,26.78,120.2757,4.39,51.15483870967741,98.71,111.58271789550781,646.9034423828125,-0.008043091823992654,-0.014335787930812693,81.29032258064517,82.0,90.16129032258064,-0.01995898201913937,300.8203125,-0.021493370888580943,593.1102905273438,0.0010718359017802825,18.68000030517578,-0.017543843138140613,4.480000019073486,-0.013028254332845934,30.86672019958496,1783.079,51.15483870967741,26.78
2026-03-23,298.84014892578125,22204100,-0.08654931572402014,0.01642029518011623,0.12945629025956262,0.15807727916176573,3.64,331.7932580645161,4.3,26.15,119.9371,4.34,50.81612903225806,89.33,112.41754150390625,653.6959228515625,0.007481656874321896,0.010499991225476402,81.96774193548387,85.0,89.87096774193549,0.003521661147902977,301.87969970703125,0.017518463303236143,603.5006713867188,0.012847953276085677,18.920000076293945,0.006696475375139288,4.510000228881836,0.00450743188042857,31.005849838256836,1783.079,50.81612903225806,26.15
2026-03-24,289.02606201171875,27411200,-0.008091391588002095,0.0883125469996957,0.16787684173870732,0.19380240710241559,3.64,331.86145161290324,4.3,26.95,120.1295,4.39,50.70322580645161,93.18,110.84164428710938,651.5015869140625,-0.014018250138855048,-0.0033568144771775055,82.19354838709677,86.0,89.7741935483871,-0.03846919033715546,290.2666320800781,-0.01844190111911148,592.3709716796875,-0.028012721168515164,18.389999389648438,-0.0332594429611861,4.360000133514404,-0.025961560642704384,30.200889587402344,1783.079,50.70322580645161,26.95
2026-03-25,289.4158020019531,22343000,0.018336330268631684,0.09247565554642523,0.1820850929981377,0.18234733582065088,3.64,331.9296451612903,4.3,25.33,120.1282,4.33,50.59032258064516,91.51,111.15084075927734,655.1322021484375,0.002789533429935931,0.0055726882440485515,82.41935483870968,87.0,89.6774193548387,0.0016870180877650576,290.7563171386719,0.00332258125007856,594.3391723632812,0.015769490220352234,18.68000030517578,0.02981642973000853,4.489999771118164,-0.0016452607824547494,30.151201248168945,1783.079,50.59032258064516,25.33
2026-03-26,280.5711364746094,29281200,0.04887078239522369,0.12459925242732695,0.2414333425243549,0.19288821596833938,3.64,331.9978387096774,4.3,27.44,120.389,4.42,50.47741935483871,96.18,108.52766418457031,643.432373046875,-0.023600150541264187,-0.017858729983344035,82.64516129032258,88.0,89.58064516129032,-0.03440681152238945,280.7523193359375,-0.07959464154247431,547.032958984375,-0.0385439619347131,17.959999084472656,-0.10690413512355079,4.010000228881836,0.015491039202961243,30.618274688720703,1783.079,50.47741935483871,27.44
2026-03-27,273.5953369140625,25703300,0.08730273105747433,0.1660213546377025,0.2693600301254677,0.2839400069513447,3.64,332.0660322580645,4.3,31.05,120.8851,4.44,50.36451612903225,101.26,106.76226043701172,632.4606323242188,-0.016266854730755287,-0.01705189415742525,82.87096774193549,89.0,89.48387096774194,-0.02342306677223538,274.1762390136719,-0.03985098946866683,525.233154296875,-0.011135794308794189,17.760000228881836,-0.01995016397965177,3.930000066757202,-0.03472896992261909,29.554933547973633,1783.079,50.36451612903225,31.05
2026-03-30,272.9757385253906,22752300,0.11272596613768182,0.21029497469443093,0.271545620176215,0.2839400069513447,3.64,332.2706129032258,4.3,30.61,121.2851,4.35,50.0258064516129,104.69,107.67987060546875,630.3460693359375,0.008594892658706943,-0.0033433906874337227,83.54838709677419,92.0,89.19354838709677,-0.003061928559749294,273.33673095703125,0.02027710442953401,535.8833618164062,0.014076576395164908,18.010000228881836,0.022900741129903812,4.019999980926514,0.013786182994749874,29.962383270263672,1783.079,50.0258064516129,30.61
2026-03-31,286.68743896484375,31625100,0.09719034371728696,0.1659695679471127,0.3314509609892258,0.2839400069513447,3.64,332.33880645161287,4.3,25.25,121.035,4.3,49.912903225806446,102.86,110.57234191894531,648.6688842773438,0.026861764387462683,0.029067865784757174,83.7741935483871,93.0,89.09677419354838,0.05140767278298308,287.3883361816406,0.06665043264096115,571.6002197265625,0.01832314933438184,18.34000015258789,0.14427858867113197,4.599999904632568,0.018573780829462594,30.518898010253906,1783.079,49.912903225806446,25.25
2026-04-01,294.7226257324219,24403600,0.07280436047905292,0.12841633177050182,0.2994913471653189,0.2839400069513447,3.64,332.407,4.3,24.54,120.1198,4.33,49.8,101.9,110.95135498046875,653.5562744140625,0.0034277383923122517,0.00753449141030349,84.0,94.0,89.0,0.03418426038221156,297.2124938964844,0.012409800730328824,578.6936645507812,-0.0027262397298012386,18.290000915527344,0.0652174341205396,4.900000095367432,0.014001956915363323,30.94622230529785,1783.079,49.8,24.54
2026-04-02,294.2828674316406,13433400,0.07219999956445355,0.1526184476070409,0.28927546968747797,0.2839400069513447,3.639666666666667,332.45939999999996,4.3,23.87,120.503,4.31,49.63333333333333,113.23,111.41016387939453,654.144775390625,0.004135225739303028,0.0009004595313388819,83.93333333333334,93.76666666666667,89.1,-0.005447446206045203,295.59344482421875,-0.008235037389847877,573.9281005859375,-0.006014248487990925,18.18000030517578,-0.05510203585134166,4.630000114440918,0.009633933575363018,31.244356155395508,1783.079,49.63333333333333,23.87
2026-04-06,297.48095703125,10121700,0.07239807399698961,0.12678900878305965,0.2909695219133315,0.2839400069513447,3.6383333333333336,332.669,4.3,24.17,120.4302,4.34,48.96666666666666,114.01,111.47000885009766,657.23681640625,0.000537158986391173,0.004726845083763864,83.66666666666667,92.83333333333333,89.5,0.014267800370968198,299.8109130859375,-0.002506689716882615,572.4894409179688,0.0038503681875237117,18.25,0.017278600805329614,4.710000038146973,0.022264580132605793,31.939998626708984,1783.079,48.96666666666666,24.17
2026-04-07,303.7471923828125,17317700,0.08768466947474507,0.08732277537609057,0.3001020376586878,0.2839400069513447,3.638,332.72139999999996,4.3,25.78,120.32,4.33,48.8,114.58,111.52985382080078,657.5260009765625,0.0005368706015229652,0.0004400005646272298,83.6,92.6,89.6,0.018233945467744705,305.27764892578125,0.003542556468156155,574.5175170898438,-0.0027396842224957085,18.200000762939453,0.019108312496595836,4.800000190734863,-0.0006261287186880571,31.920000076293945,1783.079,48.8,25.78
2026-04-08,314.5506896972656,20887500,0.06268668387729459,0.0730444950261453,0.25595726946909036,0.2839400069513447,3.6376666666666666,332.7738,4.3,21.04,119.0596,4.29,48.63333333333333,96.17,113.51468658447266,674.27294921875,0.017796425761132717,0.02546963651219092,83.53333333333333,92.36666666666666,89.7,0.03882673963431005,317.1305847167969,0.06498563938087054,611.8529052734375,-0.005494526224051444,18.100000381469727,-0.014583368516629225,4.730000019073486,0.024436111678608485,32.70000076293945,1783.079,48.63333333333333,21.04
2026-04-09,316.1797180175781,14606800,0.051837943002595255,0.06757905471867054,0.2550178431181971,0.2839400069513447,3.6373333333333333,332.8262,4.3,19.49,118.8998,4.29,48.46666666666666,99.62,113.97349548339844,678.162841796875,0.004041846149875461,0.005769017699185586,83.46666666666667,92.13333333333334,89.8,0.003687064768298942,318.29986572265625,0.026076955903867605,627.8081665039062,-0.008839770388950563,17.940000534057617,0.04651158336247607,4.949999809265137,-0.006421990201011196,32.4900016784668,1783.079,48.46666666666666,19.49
2026-04-10,315.53009033203125,11997600,0.07500321588813152,0.08425191671768562,0.22504117787585032,0.2839400069513447,3.637,332.8786,4.3,19.23,118.8552,4.31,48.3,98.34,113.6543197631836,677.7140502929688,-0.002800438109414105,-0.0006617754265585418,83.4,91.9,89.9,-0.003924717522926557,317.0506286621094,0.002339196864400872,629.2767333984375,-0.017837217686628604,17.6200008392334,-0.02626255406322109,4.820000171661377,-0.02431520082225569,31.700000762939453,1783.079,48.3,19.23
2026-04-13,319.01800537109375,12212800,0.050718978432464645,0.09182039228276007,0.20240593128747641,0.2839400069513447,3.636,333.0358,4.3,19.12,118.9916,4.3,47.8,100.72,114.5220718383789,684.3369750976562,0.007635011823601712,0.009772447246481741,83.2,91.2,90.2,0.012829389221314713,321.1181945800781,0.0074144986406494695,633.9425048828125,0.0227014528648386,18.020000457763672,0.06846471202350779,5.150000095367432,0.0473186108485415,33.20000076293945,1783.079,47.8,19.12
2026-04-14,330.38116455078125,18557500,-0.0003327196832050294,0.05118276212759554,0.20709056866246134,0.2839400069513447,3.635666666666667,333.0882,4.3,18.36,118.3581,4.26,47.63333333333333,93.07,116.25755310058594,692.675537109375,0.015154120374771596,0.012184877209840739,83.13333333333334,90.96666666666667,90.3,0.03610221659486279,332.7112731933594,0.04406396602363416,661.8765258789062,0.037735865033389215,18.700000762939453,0.08737860212273074,5.599999904632568,0.01174696929777741,33.59000015258789,1783.079,47.63333333333333,18.36
2026-04-15,334.2688293457031,15104100,0.009746815600492287,0.03838908765661109,0.18746077103008307,0.2839400069513447,3.6353333333333335,333.1406,4.3,18.17,118.3623,4.29,47.46666666666666,93.04,117.05548095703125,698.1414184570312,0.006863449601033134,0.007890969227043909,83.06666666666666,90.73333333333333,90.4,0.012646066883422513,336.91876220703125,0.013721086462468168,670.9581909179688,0.083957199506415,20.270000457763672,0.07857144012743134,6.039999961853027,0.027686820510601562,34.52000045776367,1783.079,47.46666666666666,18.17
2026-04-16,332.56982421875,13949600,0.014965339309913395,0.14775977348506752,0.18195761140385525,0.2839400069513447,3.6350000000000002,333.193,4.3,17.94,118.3616,4.32,47.3,96.46,118.52166748046875,699.8569946289062,0.012525569169851147,0.002457347646937613,83.0,90.5,90.5,-0.0032629979618038485,335.81939697265625,0.007876845757642137,676.2432250976562,-0.007400079681439853,20.1200008392334,-0.0033112551411966784,6.019999980926514,0.0066627908223158006,34.75,1783.079,47.3,17.94
2026-04-17,339.19586181640625,19683800,0.008603416894816585,0.1291101840164035,0.15824978834469805,0.2839400069513447,3.6346666666666665,333.24539999999996,4.3,17.48,118.0795,4.26,47.13333333333333,85.91,118.79096221923828,708.3152465820312,0.002272113989738589,0.012085686101644066,82.93333333333334,90.26666666666667,90.6,0.01684431209009718,341.4760437011719,0.01725590589309034,687.9124145507812,0.0,20.1200008392334,0.001661167593608015,6.03000020980835,0.021870455295919466,35.5099983215332,1783.079,47.13333333333333,17.48
2026-04-20,335.1982727050781,12897300,0.039117418352539346,0.13190225912270437,0.14758493367081282,0.2839400069513447,3.6336666666666666,333.4026,4.3,18.87,118.2374,4.26,46.63333333333333,91.06,118.4418716430664,706.8988037109375,-0.0029386964264807025,-0.0019997351150194964,82.73333333333333,89.56666666666666,90.9,-0.012467774438631563,337.2185974121094,-0.02561904227018652,670.2887573242188,0.02584485729250363,20.639999389648438,-0.004975158999091178,6.0,0.01689671408557958,36.11000061035156,1783.079,46.63333333333333,18.87
2026-04-21,330.271240234375,14623800,0.051532627730373815,0.16279833691974588,0.16470476592466987,0.2839400069513447,3.6333333333333333,333.455,4.3,19.5,118.4331,4.3,46.46666666666666,93.64,116.85600280761719,702.2708129882812,-0.013389427349040472,-0.006546892848539487,82.66666666666667,89.33333333333333,91.0,-0.015203648803314485,332.0916442871094,-0.003085318344700272,668.220703125,-0.0009689220448847458,20.6200008392334,-0.06000002225240075,5.639999866485596,-0.004984777129141915,35.93000030517578,1783.079,46.46666666666666,19.5
2026-04-22,337.5268859863281,12954200,0.02836579587437016,0.16998781473661895,0.13543354700566845,0.2839400069513447,3.633,333.50739999999996,4.3,18.92,118.6004,4.3,46.3,94.76,117.57412719726562,709.3825073242188,0.0061453786916767505,0.01012671209511895,82.6,89.1,91.1,0.02115626211004451,339.1174621582031,0.00879127463617535,674.09521484375,0.0,20.6200008392334,0.03546104447461973,5.840000152587891,0.016699094601306363,36.529998779296875,1783.079,46.3,18.92
2026-04-23,337.5468444824219,13442100,0.13083642271512708,0.17039229309806259,0.1232569083338495,0.2839400069513447,3.6326666666666667,333.5598,4.3,19.31,118.7155,4.34,46.13333333333333,99.27,117.08539581298828,706.6295776367188,-0.004156793640979761,-0.0038807408683984024,82.53333333333333,88.86666666666666,91.2,-0.0012672556948888358,338.6877136230469,-0.023076179224611693,658.5396728515625,-0.040252177008975876,19.790000915527344,-0.04623287223834538,5.570000171661377,-0.02381601316608395,35.65999984741211,1783.079,46.13333333333333,19.31
2026-04-24,342.1141052246094,18260900,0.11947884084369909,0.15987964741652716,0.12421123430530323,0.2839400069513447,3.6323333333333334,333.6122,4.3,18.71,118.7294,4.31,45.96666666666666,98.42,115.24020385742188,712.10546875,-0.015759368986663302,0.007749309237231605,82.46666666666667,88.63333333333334,91.3,0.016258881347370746,344.19439697265625,0.024091631930780233,674.4049682617188,0.0065689315185732955,19.920000076293945,0.014362642951623705,5.650000095367432,0.030566465430509338,36.75,1783.079,45.96666666666666,18.71
2026-04-27,348.31036376953125,17443000,0.08929196944583029,0.10974979134237772,0.10418336847613086,0.2839400069513447,3.631333333333333,333.76939999999996,4.3,18.02,118.5458,4.35,45.46666666666666,99.89,115.5094985961914,713.332275390625,0.0023368124122957745,0.001722787837563633,82.26666666666667,87.93333333333334,91.6,0.017247411505119103,350.130859375,0.005318273278916763,677.9916381835938,0.020582321578403784,20.329999923706055,0.07256634344984847,6.059999942779541,0.004625800515518641,36.91999816894531,1783.079,45.46666666666666,18.02
2026-04-28,347.2909851074219,18502300,0.10581289277682981,0.10451799296504549,0.1111366919826493,0.2839400069513447,3.631,333.8218,4.3,17.83,118.7717,4.36,45.3,103.45,115.44965362548828,709.8612060546875,-0.0005180956668536796,-0.004865992267119479,82.2,87.7,91.7,-0.0015984362710370625,349.5711975097656,-0.010727646160971882,670.7183837890625,-0.02213481380365001,19.8799991607666,-0.018151837384993486,5.949999809265137,0.002573164285339269,37.01499938964844,1783.079,45.3,17.83
2026-04-29,347.1011047363281,22232200,0.13771560609115197,0.14894473786222373,0.08384438317893328,0.2839400069513447,3.6306666666666665,333.8742,4.3,18.81,119.0975,4.42,45.13333333333333,110.47,114.99085235595703,709.7515258789062,-0.003974037644318695,-0.00015450932498595193,82.13333333333334,87.46666666666667,91.8,0.00045745218860759884,349.7311096191406,-0.0033068372607277796,668.5004272460938,-0.0075452527596832075,19.729999542236328,0.005042052230259664,5.980000019073486,-0.0012156739075320777,36.970001220703125,1783.079,45.13333333333333,18.81
2026-04-30,381.71026611328125,44570500,0.03497930345041622,0.039875416157587606,-0.024506467202041082,0.2839400069513447,3.630333333333333,333.9266,4.3,16.89,118.671,4.4,44.96666666666666,108.64,116.20768737792969,716.8132934570312,0.010582015847712123,0.009949633527564838,82.06666666666666,87.23333333333333,91.9,0.09961702406520634,384.5702819824219,-0.08550038433407037,611.3433837890625,-0.0035478812188702857,19.65999984741211,0.015050192692446673,6.070000171661377,0.01217194842801872,37.41999816894531,1783.079,44.96666666666666,16.89
2026-05-01,382.989501953125,28047900,0.03608894165644072,0.026355639133691433,-0.06479306443130572,0.2839400069513447,3.63,333.979,4.3,16.99,118.3926,4.39,44.8,105.38,116.4171371459961,718.7982177734375,0.0018023744624160454,0.0027690952923506984,82.0,87.0,92.0,0.002312960442559797,385.45977783203125,-0.005164108323973515,608.1863403320312,0.02848420499942672,20.219999313354492,0.036243786485995466,6.289999961853027,0.03340459810704566,38.66999816894531,1783.079,44.8,16.99
2026-05-04,379.41168212890625,18275000,0.018780843401384306,0.03548086066250855,-0.06311249443196021,0.2839400069513447,3.63,333.979,4.3,16.99,118.3926,4.39,44.8,105.38,115.79874420166016,716.1649780273438,-0.00531187211347095,-0.0036633921467564834,81.3225806451613,86.3225806451613,92.48387096774194,-0.006326388005902461,383.0212097167969,0.0027268735840393354,609.8447875976562,0.03115732391242676,20.850000381469727,-0.01907788335243965,6.170000076293945,-0.012929920446738907,38.16999816894531,1783.079,44.8,18.29
2026-05-05,384.0388488769531,15432500,-0.0011709935923541748,0.0016395181730084474,-0.039035026900828274,0.2839400069513447,3.63,333.979,4.3,16.99,118.3926,4.39,44.8,105.38,115.32996368408203,721.9102172851562,-0.004048234899350578,0.008022228723942426,81.09677419354838,86.09677419354838,92.64516129032258,0.013515988851422689,388.1981201171875,-0.008928413261531043,604.3998413085938,0.06858514527638482,22.280000686645508,-0.009724463863472144,6.110000133514404,-0.013623177050332447,37.650001525878906,1783.079,44.8,17.38
2026-05-06,394.90234375,23097300,0.009869893417082887,-0.02591490367970717,-0.07435340830407045,0.2839400069513447,3.63,333.979,4.3,16.99,118.3926,4.39,44.8,105.38,117.04550170898438,731.9443359375,0.014875041750655793,0.013899399692774095,80.87096774193549,85.87096774193549,92.80645161290323,0.024740662220501752,397.8023986816406,0.0130917616958246,612.3125,-0.05026933593878746,21.15999984741211,0.0,6.110000133514404,0.009296107833635103,38.0,1783.079,44.8,17.39
2026-05-07,395.0622253417969,15153600,0.004730638275421306,-0.02992661717108913,-0.08578955349309825,0.2839400069513447,3.63,333.979,4.3,16.99,118.3926,4.39,44.8,105.38,117.07542419433594,729.7001342773438,0.00025564831552404854,-0.0030660824190705815,80.64516129032258,85.64516129032258,92.96774193548387,-0.00012565985809642743,397.7524108886719,0.006412298567163521,616.2388305664062,0.018430973178675814,21.549999237060547,-0.021276614009850037,5.980000019073486,-0.05710521497224508,35.83000183105469,1783.079,44.8,17.08
2026-05-08,396.8111877441406,13762500,-0.009394273147234178,-0.044503187758797025,-0.08699648665520388,0.2839400069513447,3.63,333.979,4.3,16.99,118.3926,4.39,44.8,105.38,116.6365737915039,735.724609375,-0.003748441706293293,0.00825609701116825,80.41935483870968,85.41935483870968,93.12903225806451,0.007060470320022549,400.56072998046875,-0.011640519045443387,609.0654907226562,-0.012992983257992363,21.270000457763672,0.016722392025688038,6.079999923706055,0.03153773920375791,36.959999084472656,1783.079,44.8,17.19
2026-05-11,386.537353515625,16314900,0.016392158695650805,-0.004990030045659011,-0.0859356693196367,0.2839400069513447,3.63,333.979,4.3,16.99,118.3926,4.39,44.8,105.38,115.28009796142578,737.4002685546875,-0.011629935499502198,0.002277563042387465,79.74193548387096,84.74193548387096,93.61290322580645,-0.03033924459227455,388.40802001953125,-0.017666424923957313,598.3054809570312,-0.023977443248981323,20.760000228881836,-0.05427630392220528,5.75,-0.03219693333837004,35.77000045776367,1783.079,44.8,18.38
2026-05-12,383.5891418457031,17103900,0.002813806714996092,0.0026313802617758952,-0.07046378882638371,0.2839400069513447,3.63,333.979,4.3,16.99,118.3926,4.39,44.8,105.38,115.55937194824219,736.2831420898438,0.0024225689581722776,-0.0015149526145865622,79.51612903225806,84.51612903225806,93.7741935483871,-0.0033193073752800784,387.1187744140625,0.006913139801055568,602.441650390625,-0.009633948012255145,20.559999465942383,-0.034782575524371584,5.550000190734863,-0.011462114681721314,35.36000061035156,1783.079,44.8,17.99
2026-05-13,398.79998779296875,18160100,-0.035435056862330616,-0.03237771273958945,-0.10190568047849846,0.2839400069513447,3.63,333.979,4.3,16.99,118.3926,4.39,44.8,105.38,116.45703887939453,740.4025268554688,0.007768014969434134,0.00559483781461112,79.29032258064517,84.29032258064517,93.93548387096774,0.039421737678543955,402.3796691894531,0.022603634055911037,616.0590209960938,-0.058852097076997456,19.350000381469727,0.010810800129287257,5.610000133514404,0.02007915928216364,36.06999969482422,1783.079,44.8,17.87
2026-05-14,396.9311218261719,13805400,-0.03449407644818925,-0.0522194857564664,-0.07512924745585692,0.2839400069513447,3.63,333.979,4.3,16.99,118.3926,4.39,44.8,105.38,116.8061294555664,746.2474975585938,0.002997591038987446,0.0078943149045545,79.06451612903226,84.06451612903226,94.09677419354838,-0.0038497776707889786,400.8305969238281,0.0029191031743067697,617.8573608398438,-0.016537451602877562,19.030000686645508,-0.04456327879681998,5.360000133514404,-0.009426120195855647,35.72999954223633,1783.079,44.8,17.26
2026-05-15,393.08343505859375,15801900,-0.035441865173853504,-0.05273063480634921,-0.05592560508636346,0.2839400069513447,3.63,333.979,4.3,16.99,118.3926,4.39,44.8,105.38,115.77880096435547,737.2706298828125,-0.008795159089675542,-0.012029343756796207,78.83870967741936,83.83870967741936,94.25806451612904,-0.010696401675080014,396.54315185546875,-0.006791382967951565,613.6612548828125,0.02312131428443709,19.469999313354492,0.03171643135435542,5.53000020980835,-0.009235880788840523,35.400001525878906,1783.079,44.8,18.43
2026-05-18,392.87353515625,18592800,-0.021037341304118162,-0.08832128808545803,-0.07832935104802974,0.2839400069513447,3.63,333.979,4.3,16.99,118.3926,4.39,44.8,105.38,116.67646789550781,736.751953125,0.00775329268981384,-0.0007035093177317764,78.16129032258064,83.16129032258064,94.74193548387096,0.00040326534105239453,396.70306396484375,-0.004916738493843331,610.64404296875,0.023626143196922245,19.93000030517578,0.025316430592042805,5.670000076293945,0.013559308518261703,35.880001068115234,1783.079,44.8,17.82
2026-05-19,384.6684875488281,25559400,-0.0001819145807511191,-0.0759158185319152,-0.044735913262366256,0.2839400069513447,3.63,333.979,4.3,16.99,118.3926,4.39,44.8,105.38,115.54939270019531,731.8446044921875,-0.00965983300353146,-0.0066607880874933745,77.93548387096774,82.93548387096774,94.90322580645162,-0.023378884460741545,387.4285888671875,-0.014070457436796246,602.052001953125,-0.054691426788629816,18.84000015258789,-0.021164000695660823,5.550000190734863,-0.014771532280279831,35.349998474121094,1783.079,44.8,18.06
2026-05-20,384.6684875488281,16488100,0.003169661249346145,-0.040607967573031756,-0.09329718947922849,0.2839400069513447,3.63,333.979,4.3,16.99,118.3926,4.39,44.8,105.38,115.79874420166016,739.3452758789062,0.0021579646213443215,0.010248994582563453,77.70967741935483,82.70967741935483,95.06451612903226,0.00322451056536055,388.6778564453125,0.004065685187175205,604.499755859375,-0.0015923931211533349,18.809999465942383,0.01261255719253418,5.619999885559082,0.018104759037379736,35.9900016784668,1783.079,44.8,17.44
2026-05-21,383.2393493652344,16837600,-0.01835867484175613,-0.04618351651423114,-0.09696124068292156,0.2839400069513447,3.63,333.979,4.3,16.99,118.3926,4.39,44.8,105.38,115.79874420166016,740.8114624023438,0.0,0.0019830877010671433,77.48387096774194,82.48387096774194,95.2258064516129,-0.0032141465159613025,387.4285888671875,0.0038342613642559087,606.8175659179688,0.0021265771750695883,18.850000381469727,0.012455546812597973,5.690000057220459,-0.009169264119599396,35.65999984741211,1783.079,44.8,16.76
2026-05-22,379.1518249511719,13382800,-0.017924030712375805,-0.047426414275477224,-0.08996875172799979,0.2839400069513447,3.63,333.979,4.3,16.99,118.3926,4.39,44.8,105.38,115.16040802001953,743.7239990234375,-0.005512462039562238,0.003931549076803931,77.25806451612904,82.25806451612904,95.38709677419355,-0.012098216184623256,382.74139404296875,0.004741755236997713,609.6949462890625,0.023342202925903166,19.290000915527344,0.005272360750352201,5.71999979019165,0.003925950371494347,35.79999923706055,1783.079,44.8,16.7
2026-05-26,384.6085205078125,16150900,-0.06872983988068737,-0.05802916673146685,-0.11029011528501642,0.2839400069513447,3.63,333.979,4.3,16.99,118.3926,4.39,44.8,105.38,115.25017547607422,748.6613159179688,0.0007794992879763818,0.006638641352187502,76.35483870967742,81.35483870967742,96.03225806451613,0.015431995898472772,388.6478576660156,0.0034083667209183766,611.7730102539062,0.0020735617563665265,19.329999923706055,0.005244792116914532,5.75,0.00418998684568761,35.95000076293945,1783.079,44.8,17.01
2026-05-27,384.5985107421875,16893100,-0.07574768355926165,-0.08132767690027809,-0.12976781476472488,0.2839400069513447,3.63,333.979,4.3,16.99,118.3926,4.39,44.8,105.38,115.95833587646484,748.5316162109375,0.006144549433138469,-0.0001732421647460125,76.12903225806451,81.12903225806451,96.19354838709677,-0.00012861975688982508,388.5978698730469,0.037430228740286786,634.6718139648438,0.03621317980870664,20.030000686645508,0.02260871555494215,5.880000114440918,0.004172397997172617,36.099998474121094,1783.079,44.8,16.29
2026-05-28,385.88775634765625,20795400,-0.04363930700202534,-0.07600074971707671,-0.08968348178733188,0.2839400069513447,3.63,333.979,4.3,16.99,118.3926,4.39,44.8,105.38,116.36726379394531,752.6609497070312,0.003526507295828374,0.005516578600909927,75.90322580645162,80.90322580645162,96.35483870967742,0.0033434443979794004,389.8971252441406,4.712234875481336e-05,634.7017211914062,0.03095351525864576,20.649999618530273,0.005101995303965046,5.909999847412109,0.0072022755462677335,36.36000061035156,1783.079,44.8,15.74
2026-05-29,376.2035827636719,48018600,-0.028345222393718617,-0.04796227342921755,-0.08968348178733188,0.2839400069513447,3.63,333.979,4.3,16.99,118.3926,4.39,44.8,105.38,115.38981628417969,754.5361328125,-0.008399677691970253,0.0024914048034492264,75.6774193548387,80.6774193548387,96.51612903225806,-0.02509425962392897,380.1129455566406,-0.004375921306693065,631.92431640625,-0.02905570908249877,20.049999237060547,-0.03384091614701368,5.710000038146973,-0.006325619867312282,36.130001068115234,1783.079,44.8,15.32
2026-06-01,372.35589599609375,19091900,-0.03004083643804234,-0.014088431795870604,-0.08968348178733188,0.2839400069513447,3.63,333.979,4.3,16.99,118.3926,4.39,44.8,105.38,115.31002044677734,756.5908203125,-0.0006915327536861637,0.0027231134609038143,75.0,80.0,97.0,-0.010438005061361832,376.14532470703125,-0.05065539518815376,599.9139404296875,0.06483796478187642,21.350000381469727,0.026269718803033415,5.860000133514404,0.01743695640169629,36.7599983215332,1783.079,44.8,16.05
2026-06-02,358.1744384765625,34648600,0.011490406981202517,0.03608735364234805,-0.08968348178733188,0.2839400069513447,3.63,333.979,4.3,16.99,118.3926,4.39,44.8,105.38,113.27531433105469,757.6182250976562,-0.017645527317045273,0.0013579397972762752,75.0,80.0,97.0,-0.03857903067859958,361.6340026855469,-0.004729580557107038,597.0765991210938,-0.022482413754565278,20.8700008392334,-0.01706482975327095,5.760000228881836,-0.03917297857615687,35.31999969482422,1783.079,44.8,15.77
2026-06-03,355.466064453125,43031000,-0.00603730522689383,0.018662658165686796,-0.08968348178733188,0.2839400069513447,3.63,333.979,4.3,16.99,118.3926,4.39,44.8,105.38,111.78917694091797,752.3018798828125,-0.01311969336755392,-0.00701718232049986,75.0,80.0,97.0,-0.007903866515702074,358.77569580078125,0.04241756940938335,622.4031372070312,-0.009583169856106188,20.670000076293945,-0.005208369551432002,5.730000019073486,-0.028312571026056332,34.31999969482422,1783.079,44.8,16.06
2026-06-04,369.0478820800781,37746200,-0.03383811458583219,-0.004302668304313584,-0.08968348178733188,0.2839400069513447,3.63,333.979,4.3,16.99,118.3926,4.39,44.8,105.38,112.8165054321289,755.1445922851562,0.009189874362827588,0.0037786857621391334,75.0,80.0,97.0,0.03676987830078726,371.96783447265625,0.007367820180195883,626.9888916015625,0.04450895369609009,21.59000015258789,0.05933685016686385,6.070000171661377,0.012820472920206383,34.7599983215332,1783.079,44.8,15.4
2026-06-05,365.5400085449219,23411500,-0.020189321853412268,-0.045850001022706977,-0.08968348178733188,0.2839400069513447,3.63,333.979,4.3,16.99,118.3926,4.39,44.8,105.38,111.38024139404297,735.65478515625,-0.012730974360396274,-0.025809371248925683,75.0,80.0,97.0,-0.009833745219524848,368.30999755859375,-0.055085447812264654,592.450927734375,-0.007874019226144724,21.420000076293945,-0.05107082932663132,5.760000228881836,-0.009781362744694544,34.41999816894531,1783.079,44.8,21.51
2026-06-08,361.1700134277344,18739000,0.01644647036849478,-0.0417809516140466,-0.08968348178733188,0.2839400069513447,3.63,333.979,4.3,16.99,118.3926,4.39,44.8,105.38,110.80174255371094,737.3204345703125,-0.00519390901915362,0.002264172608771542,75.0,80.0,97.0,-0.013575520711203493,363.30999755859375,-0.012833073513225268,584.8479614257812,0.026610629915685857,21.989999771118164,-0.01909724464294993,5.650000095367432,-0.0066821485901135125,34.189998626708984,1783.079,44.8,18.92
2026-06-09,362.2900085449219,19873600,0.02431752836347223,-0.04761378893467638,-0.08968348178733188,0.2839400069513447,3.63,333.979,4.3,16.99,118.3926,4.39,44.8,105.38,111.19073486328125,735.1560668945312,0.0035107057037639944,-0.0029354505508077944,75.0,80.0,97.0,0.002614880442088685,364.260009765625,-0.0013666036710554552,584.0487060546875,-0.0031832512757075104,21.920000076293945,-0.010619458719785979,5.590000152587891,0.015501685150115962,34.720001220703125,1783.079,44.8,19.87
2026-06-10,353.32000732421875,19878600,0.02484999036932556,-0.03150120189089434,-0.08968348178733188,0.2839400069513447,3.63,333.979,4.3,16.99,118.3926,4.39,44.8,105.38,110.72195434570312,723.56591796875,-0.004216003412105596,-0.015765562508027298,75.0,80.0,97.0,-0.021632912402002935,356.3800048828125,-0.023281298234914316,570.4512939453125,-0.006843048266797047,21.770000457763672,-0.0375670898774042,5.380000114440918,-0.010656760759599315,34.349998474121094,1783.079,44.8,22.22
2026-06-11,356.55999755859375,28771800,0.030569873152114235,-0.06133608724179329,-0.08968348178733188,0.2839400069513447,3.63,333.979,4.3,16.99,118.3926,4.39,44.8,105.38,111.8290786743164,735.8642578125,0.009999140054523847,0.016996847886747934,75.0,80.0,97.0,0.003900286525099661,357.7699890136719,-0.004466057810845303,567.9036254882812,-0.012402409374657752,21.5,-0.009293715552282866,5.329999923706055,0.0064046937547572735,34.56999969482422,1783.079,44.8,19.44
2026-06-12,358.1600036621094,17637100,-0.026189425918315745,-0.019209305373201757,-0.08968348178733188,0.2839400069513447,3.63,333.979,4.3,16.99,118.3926,4.39,44.8,105.38,111.36029815673828,739.843994140625,-0.004191937581309868,0.005408247901529384,75.0,80.0,97.0,0.005338635773713296,359.67999267578125,-0.0025509071761044,566.4549560546875,-0.06000004258266711,20.209999084472656,-0.013133151186904057,5.260000228881836,0.009256572104399785,34.88999938964844,1783.079,44.8,17.68
2026-06-15,367.1099853515625,17268600,-0.05728528130107258,-0.019209305373201757,-0.08968348178733188,0.2839400069513447,3.63,333.979,4.3,16.99,118.3926,4.39,44.8,105.38,111.89889526367188,752.890380859375,0.0048365271631682916,0.01763396989375332,75.0,80.0,97.0,0.02688504677670811,369.3500061035156,0.04770904398522635,593.47998046875,0.05541815388274296,21.329999923706055,0.08555129081444868,5.710000038146973,0.030094561634531614,35.939998626708984,1783.079,44.8,16.2
2026-06-16,371.1000061035156,16492800,-0.07022365165718836,-0.019209305373201757,-0.08968348178733188,0.2839400069513447,3.63,333.979,4.3,16.99,118.3926,4.39,44.8,105.38,112.02855682373047,748.4019775390625,0.0011587385179547827,-0.005961562844234103,75.0,80.0,97.0,0.010559073594251789,373.25,0.011339963815781395,600.2100219726562,-0.007969998917112475,21.15999984741211,-0.09632227444141161,5.159999847412109,0.01613805935495094,36.52000045776367,1783.079,44.8,16.41
2026-06-17,362.1000061035156,16003500,-0.05498482001245142,-0.019209305373201757,-0.08968348178733188,0.2839400069513447,3.63,333.979,4.3,16.99,118.3926,4.39,44.8,105.38,108.9166488647461,739.0560302734375,-0.027777809937164166,-0.012487870885051433,75.0,80.0,97.0,-0.0253449201743553,363.7900085449219,-0.05436431197128366,567.5800170898438,-0.037807147581732536,20.360000610351562,-0.08139536602982411,4.739999771118164,-0.033132504635974835,35.310001373291016,1783.079,44.8,18.44
2026-06-18,367.4599914550781,29339100,-0.08917974684511465,-0.019209305373201757,-0.08968348178733188,0.2839400069513447,3.63,333.979,4.3,16.99,118.3926,4.39,44.8,105.38,109.16600036621094,746.739990234375,0.0022893791175533362,0.010396992441959574,75.0,80.0,97.0,0.011655048612615904,368.0299987792969,0.016984307627157635,577.219970703125,-0.004420439582017099,20.270000457763672,-0.016877621850007518,4.659999847412109,0.003964865029836506,35.45000076293945,1783.079,44.8,16.4
2026-06-22,348.7799987792969,32211200,0.007167842217873144,-0.019209305373201757,-0.08968348178733188,0.2839400069513447,3.63,333.979,4.3,16.99,118.3926,4.39,44.8,105.38,106.86000061035156,744.3900146484375,-0.021123790815122057,-0.003146979693962715,75.0,80.0,97.0,-0.04986008250517615,349.67999267578125,-0.02316273829005122,563.8499755859375,-0.03798719488774116,19.5,-0.006437711148821523,4.630000114440918,-0.005923810435913945,35.2400016784668,1783.079,44.8,17.28
2026-06-23,346.0799865722656,21820900,0.007167842217873144,-0.019209305373201757,-0.08968348178733188,0.2839400069513447,3.63,333.979,4.3,16.99,118.3926,4.39,44.8,105.38,107.2699966430664,733.5800170898438,0.003836758659676809,-0.014521954010491611,75.0,80.0,97.0,-0.01015210440209613,346.1300048828125,-0.002926245367292357,562.2000122070312,0.0015384967510516656,19.530000686645508,-0.03671707820561754,4.460000038146973,0.0019863703601068483,35.310001373291016,1783.079,44.8,19.49
2026-06-24,345.0400085449219,23898400,0.007167842217873144,-0.019209305373201757,-0.08968348178733188,0.2839400069513447,3.63,333.979,4.3,16.99,118.3926,4.39,44.8,105.38,106.54000091552734,733.239990234375,-0.006805218144716352,-0.0004635170636431152,75.0,80.0,97.0,-0.0024268232341632112,345.2900085449219,-0.00805768267256246,557.6699829101562,0.016897076912634645,19.860000610351562,0.01569510561942966,4.53000020980835,0.0008495830679735583,35.34000015258789,1783.079,44.8,18.63
2026-06-25,342.19000244140625,27687600,0.007167842217873144,-0.019209305373201757,-0.08968348178733188,0.2839400069513447,3.63,333.979,4.3,16.99,118.3926,4.39,44.8,105.38,105.58000183105469,734.2999877929688,-0.009010691535790483,0.0014456352254532678,75.0,80.0,97.0,-0.0045759131476235115,343.7099914550781,-0.026538971518130117,542.8699951171875,-0.01913399075713862,19.479999542236328,-0.04194261554537482,4.340000152587891,-0.011318662256701084,34.939998626708984,1783.079,44.8,18.89
2026-06-26,334.69000244140625,82484600,0.007167842217873144,-0.019209305373201757,-0.08968348178733188,0.2839400069513447,3.63,333.979,4.3,16.99,118.3926,4.39,44.8,105.38,106.18000030517578,728.989990234375,0.005682879936687257,-0.007231373616869652,75.0,80.0,97.0,-0.018387527170465212,337.3900146484375,0.013594423985837434,550.25,0.06878851047622025,20.81999969482422,0.01612896137399411,4.409999847412109,0.06382368717472309,37.16999816894531,1783.079,44.8,18.41
2026-06-29,351.2799987792969,25542100,0.007167842217873144,-0.019209305373201757,-0.08968348178733188,0.2839400069513447,3.63,333.979,4.3,16.99,118.3926,4.39,44.8,105.38,107.87999725341797,741.0,0.01601051933844566,0.016474862380159383,75.0,80.0,97.0,0.04819342168436691,353.6499938964844,0.022444299111199495,562.5999755859375,0.050912559148879044,21.8799991607666,0.002267625675248963,4.420000076293945,0.041969369118623145,38.72999954223633,1783.079,44.8,18.41
