Date,price,volume,return_1w,return_2w,return_1m,return_3m,fed_rate,inflation,unemployment,vix,usd_index,treasury_10y,consumer_conf,oil,sector_etf,sp500,sector_return,market_return,southwest,luv_stock,southwest_stock_price,DAL_return,DAL_price,ALK_return,ALK_price,UAL_return,UAL_price,AAL_return,AAL_price,JBLU_return,JBLU_price,ind_jet_fuel,ind_manufacturing_output,ind_tech_spending,ind_dollar_index
2020-01-02,50.388553619384766,3713000,-0.009846880061158081,0.008387729722114212,0.006929033616858593,-0.4233912382996,1.550967741935484,259.1309677419355,3.596774193548387,12.47,114.9745,1.88,99.83870967741935,61.17,74.96610260009766,296.1252746582031,-0.0019275476169904326,-0.007572268495077972,89.80645161290323,6.032258064516129,6.096774193548387,-0.016598801221221704,56.73714828491211,-0.018336501293446106,67.78558349609375,-0.020503636970036987,89.73999786376953,-0.04950154925348049,28.982892990112305,-0.0169401643813486,18.889999389648438,1.934,98.61412580645161,1147.7583296703297,114.9745
2020-01-03,49.93832015991211,3536100,-0.007543638083203685,0.012143581357342947,0.02447102905798637,-0.43592383976479776,1.5519354838709678,259.134935483871,3.5935483870967744,14.02,114.9867,1.8,99.87741935483871,63.0,74.82160186767578,293.8829345703125,-0.0019275476169904326,-0.007572268495077972,89.61290322580645,6.064516129032258,6.193548387096774,-0.016598801221221704,55.795379638671875,-0.018336501293446106,66.54263305664062,-0.020503636970036987,87.9000015258789,-0.04950154925348049,27.548194885253906,-0.0169401643813486,18.56999969482422,1.972,98.62135161290323,1146.3186593406595,114.9867
2020-01-06,49.736183166503906,4200300,-0.002586431306173087,-0.010899796150372842,0.05209677956245273,-0.4306641288622939,1.5548387096774194,259.1468387096774,3.5838709677419356,13.85,114.9557,1.81,99.99354838709677,63.27,74.84870910644531,295.004150390625,0.0003622916122201225,0.003815178387107876,89.03225806451613,6.161290322580645,6.483870967741935,-0.006889312110738732,55.410987854003906,-0.004781884080901855,66.22443389892578,-0.002275364893797316,87.69999694824219,-0.011934899691120826,27.219409942626953,-0.0048465349524466905,18.479999542236328,1.941,98.64302903225806,1141.9996483516484,114.9557
2020-01-07,49.8831901550293,2997600,0.003684067522553125,-0.014919727858486498,0.06317929177042414,-0.3940667127082702,1.5558064516129033,259.15080645161294,3.5806451612903225,13.79,115.1477,1.83,100.03225806451613,62.7,74.69518280029297,294.1746520996094,-0.002051155029728191,-0.0028118190537904653,88.83870967741936,6.193548387096774,6.580645161290323,-0.0008672240527761721,55.36293411254883,-0.006306213623260115,65.80680847167969,-0.01060433680202566,86.7699966430664,-0.0036603388315028518,27.11977767944336,-0.0037878623678661016,18.40999984741211,1.949,98.65025483870967,1140.5599780219782,115.1477
2020-01-08,49.95669937133789,4103100,0.012138960979162228,0.01894424714273968,0.053154323938829684,-0.36670944358017565,1.5567741935483872,259.1547741935484,3.57741935483871,13.45,115.1328,1.87,100.07096774193548,59.65,74.94802856445312,295.7424621582031,0.0033850344116055364,0.005329521246660196,88.64516129032258,6.225806451612903,6.67741935483871,0.02152399138954908,56.5545654296875,0.004835237199768638,66.125,0.006108175973218222,87.30000305175781,0.02277738963133724,27.73749542236328,0.004888655803033215,18.5,1.892,98.65748064516129,1139.1203076923077,115.1328
2020-01-09,49.89238357543945,3850700,0.018415949428506995,0.04143630673594112,0.05745849316028928,-0.32577602137290584,1.557741935483871,259.1587419354839,3.574193548387097,12.54,115.2331,1.85,100.10967741935484,59.56,75.26412200927734,297.747802734375,0.004217501792624034,0.006780698860548329,88.45161290322581,6.258064516129032,6.774193548387097,0.0018692193958493863,56.6602783203125,-0.001954855675508016,65.99573516845703,0.007445519745274298,87.94999694824219,0.003951194971736571,27.847091674804688,0.011351301863386842,18.709999084472656,1.874,98.6647064516129,1137.6806373626375,115.2331
2020-01-10,49.56160354614258,4051400,0.019836861544746842,0.04282544160657897,0.07397094443106478,-0.3624054120767284,1.558709677419355,259.16270967741934,3.5709677419354837,12.56,115.0677,1.83,100.14838709677419,59.02,74.73128509521484,296.89093017578125,-0.007079560617166525,-0.002877846790890315,88.25806451612904,6.290322580645161,6.870967741935484,0.0047489583355775355,56.92935562133789,-0.007232208576155474,65.51844024658203,-0.007276855166067464,87.30999755859375,-0.022540297547325006,27.219409942626953,0.0,18.709999084472656,1.856,98.67193225806452,1136.240967032967,115.0677
2020-01-13,49.6075439453125,3958600,-0.008334922548814516,0.06686431893401568,0.08316336417436676,-0.35332743273004663,1.5616129032258066,259.1746129032258,3.5612903225806454,12.32,115.0342,1.85,100.26451612903226,58.17,75.34540557861328,298.9327697753906,0.008217716082574933,0.006877406454957935,87.6774193548387,6.387096774193548,7.161290322580645,0.0042200691799461065,57.16960144042969,-0.0003034596378304055,65.4985580444336,-0.004810424701517713,86.88999938964844,0.0025622231674304885,27.289152145385742,-0.005879139945774603,18.600000381469727,1.821,98.69360967741935,1131.921956043956,115.0342
2020-01-14,50.06696319580078,5007400,-0.018535509313165055,0.044044711238016454,0.07432550735808086,-0.3953696960720178,1.5625806451612905,259.1785806451613,3.5580645161290323,12.39,115.0239,1.82,100.30322580645161,58.34,75.35443878173828,298.47705078125,0.00011989056340766524,-0.0015244865742990443,87.48387096774194,6.419354838709677,7.258064516129032,0.03294681646380626,59.053157806396484,0.004706216998502155,65.80680847167969,0.011048441606814174,87.8499984741211,0.005111419809713524,27.428638458251953,-0.004301071078780971,18.520000457763672,1.822,98.70083548387096,1130.4822857142858,115.0239
2020-01-15,50.5631217956543,4097100,0.006723667822246426,0.01453758063388122,0.05342555036021235,-0.4403401887268321,1.5635483870967744,259.1825483870968,3.554838709677419,12.42,114.9528,1.79,100.34193548387097,57.86,75.47184753417969,299.1515197753906,0.0015580867476363558,0.002259701348479748,87.29032258064517,6.451612903225806,7.354838709677419,0.002766460442864993,59.21652603149414,0.006195169400250222,66.21449279785156,0.005008565157071265,88.29000091552734,0.0018161391539353033,27.478452682495117,0.009719238700143906,18.700000762939453,1.792,98.70806129032258,1129.0426153846154,114.9528
2020-01-16,50.81119918823242,2950500,0.022604081682294996,-0.005786476140010821,0.04159160639259407,-0.4338148001805726,1.5645161290322582,259.18651612903227,3.5516129032258066,12.32,115.0006,1.81,100.38064516129032,58.52,76.22140502929688,301.6399230957031,0.009931617147410199,0.008318203839247973,87.09677419354838,6.483870967741935,7.451612903225806,0.004219282074631625,59.46637725830078,-0.0007507893312329594,66.16477966308594,0.014157888628814952,89.54000091552734,0.023567840985357913,28.126060485839844,0.01604273929523581,19.0,1.774,98.71528709677419,1127.6029450549452,115.0006
2020-01-17,50.54475021362305,3999900,0.022541428858544377,0.0038173576262585662,0.03817485928116393,-0.4332024302183177,1.5654838709677419,259.19048387096774,3.5483870967741935,12.1,115.0656,1.84,100.41935483870968,58.55,76.23043060302734,302.5788269042969,0.00011841258668732202,0.003112664261938125,86.90322580645162,6.516129032258064,7.548387096774194,0.0024240551874767924,59.61052703857422,0.0012022116266063865,66.24432373046875,0.0017868665521434401,89.69999694824219,0.006021908353607497,28.295433044433594,0.011052583393297732,19.209999084472656,1.773,98.7225129032258,1126.1632747252747,115.0656
2020-01-21,49.194068908691406,6753500,0.07583128940681294,0.03997013011081796,0.06350383415542726,-0.43545227060010405,1.5693548387096774,259.2063548387097,3.535483870967742,12.85,115.1876,1.78,100.5741935483871,58.25,75.39057159423828,301.986328125,-0.011017371962158462,-0.0019581633829397482,86.12903225806451,6.645161290322581,7.935483870967742,-0.027244863258934715,57.986446380615234,-0.024467175014073805,64.6235122680664,-0.04358970084437075,85.79000091552734,-0.04225344517368301,27.099853515625,-0.00832898776874158,19.049999237060547,1.736,98.75141612903225,1120.4045934065934,115.1876
2020-01-22,49.138946533203125,5303600,0.06376208323888255,0.06488400401196137,0.05703048096957808,-0.44232724034815873,1.5703225806451613,259.21032258064514,3.532258064516129,12.91,115.2273,1.77,100.61290322580645,56.76,74.9931869506836,302.0228576660156,-0.005271012477441661,0.00012096422126939288,85.93548387096774,6.67741935483871,8.032258064516128,-0.011600969133267247,57.31374740600586,0.00923222262926382,65.22013092041016,-0.028558160059341864,83.33999633789062,0.004411700119818729,27.219409942626953,0.03884523402117357,19.790000915527344,1.711,98.75864193548387,1118.9649230769232,115.2273
2020-01-23,50.90309143066406,6784500,0.007761725547327014,0.04187728661849488,-0.023285101701596367,-0.4538627646707044,1.5712903225806452,259.21429032258067,3.5290322580645164,12.98,115.5545,1.74,100.65161290322581,55.51,75.80598449707031,302.36920166015625,0.010838285175441609,0.0011467476230677676,85.74193548387096,6.709677419354839,8.129032258064516,0.010563511288762317,57.91918182373047,0.024241586246435576,66.8011703491211,0.018478533515691842,84.87999725341797,0.054172748428435336,28.693960189819336,0.0646790661991623,21.06999969482422,1.702,98.76586774193548,1117.5252527472528,115.5545
2020-01-24,51.959739685058594,7995100,-0.027763000687030748,0.012555379829312763,-0.12183900164261863,-0.4793478185857152,1.572258064516129,259.21825806451614,3.5258064516129033,14.56,115.5556,1.7,100.69032258064516,54.09,75.45378875732422,299.6803283691406,-0.004646014982625846,-0.008892682443358613,85.54838709677419,6.741935483870968,8.225806451612904,-0.024224196718918845,56.516136169433594,-0.006847261626428236,66.34376525878906,-0.03510833911365452,81.9000015258789,-0.040277789687367616,27.538230895996094,-0.01993355872696656,20.649999618530273,1.665,98.7730935483871,1116.0855824175824,115.5556
2020-01-27,51.68410110473633,8275100,-0.018311308181603314,0.02079989064614951,-0.13066678023249056,-0.48049721017041,1.5751612903225807,259.2301612903226,3.5161290322580645,18.23,115.8004,1.61,100.80645161290323,53.09,74.02689361572266,294.8764953613281,-0.01891084815092281,-0.016029857661845726,84.96774193548387,6.838709677419355,8.516129032258064,-0.03366788238643581,54.61335754394531,-0.02068352459402867,64.97154235839844,-0.05213680333219162,77.62999725341797,-0.05535448072872329,26.013866424560547,-0.029539889310968626,20.040000915527344,1.598,98.79477096774194,1111.7665714285715,115.8004
2020-01-28,52.92451858520508,6242300,-0.03333344145044148,0.005728981403497091,-0.19045131324445386,-0.4825649270263579,1.5761290322580646,259.23412903225807,3.5129032258064514,16.28,115.7239,1.65,100.84516129032258,53.33,74.5055160522461,297.96649169921875,0.006465521017374964,0.010478950972692136,84.7741935483871,6.870967741935484,8.612903225806452,0.011437451053199599,55.23799514770508,0.0030609620770436496,65.17041778564453,-0.007471263972441022,77.05000305175781,0.03025656735019422,26.80095672607422,0.011477022541357185,20.270000457763672,1.641,98.80199677419355,1110.326901098901,115.7239
2020-01-29,52.27214813232422,6666000,0.0010546726479128132,0.027948460281562282,-0.1880823888204115,-0.4535210609779148,1.5770967741935484,259.23809677419354,3.509677419354839,16.39,115.7003,1.6,100.88387096774194,53.29,74.90287017822266,297.7203674316406,0.005333217552616176,-0.0008260132412022392,84.58064516129032,6.903225806451613,8.709677419354838,-0.014439816166906372,54.44036865234375,0.020598062495075897,66.51280212402344,-0.023880647558821577,75.20999908447266,-0.003717489050928613,26.701324462890625,-0.01628021293801507,19.940000534057617,1.62,98.80922258064516,1108.8872307692309,115.7003
2020-01-30,51.298187255859375,5129600,0.03385280489059994,0.04854028016483647,-0.1590541804312946,-0.4381108564915205,1.5780645161290323,259.242064516129,3.5064516129032257,15.49,115.8077,1.57,100.92258064516129,52.19,74.98416900634766,298.6866760253906,0.0010853900248624093,0.0032456919292627173,84.38709677419355,6.935483870967742,8.806451612903226,0.00794368188387029,54.872825622558594,-0.013155935684998066,65.63776397705078,0.033772117357354636,77.75,0.0343283579957232,27.617937088012695,0.013039128481353579,20.200000762939453,1.584,98.81644838709677,1107.4475604395604,115.8077
2020-01-31,50.517181396484375,5552100,0.04146970393518701,0.054383537107325575,-0.17453629057835007,-0.4663059693828545,1.5790322580645162,259.24603225806453,3.503225806451613,18.84,115.7345,1.51,100.96129032258065,51.58,73.25021362304688,293.26318359375,-0.023124286183047515,-0.01815779834511122,84.19354838709677,6.967741935483871,8.903225806451612,-0.02381779324557365,53.56587600708008,-0.021511929239023342,64.22576904296875,-0.03794208293559087,74.80000305175781,-0.031745983512287856,26.741178512573242,-0.01831687253756109,19.829999923706055,1.504,98.82367419354838,1106.0078901098902,115.7345
2020-02-03,50.73769760131836,4071100,0.03984073480087291,0.04310051672171067,-0.14685581827503347,-0.4989845181974354,1.5158620689655173,259.1690344827586,3.5620689655172413,17.97,116.1172,1.54,100.17931034482758,50.06,73.22312927246094,295.4416809082031,-0.00036975114810333665,0.007428471885754906,83.44827586206897,9.206896551724139,15.275862068965516,0.005382220860273623,53.85417938232422,0.0009290584685561765,64.28543853759766,0.0014705963350756246,74.91000366210938,0.011922472048838006,27.059999465942383,0.009581469227868178,20.020000457763672,1.45,98.52283103448276,1101.6888791208792,116.1172
2020-02-04,51.160362243652344,3619400,0.040409407471951875,0.02568251355453155,-0.18419265069028679,-0.5236766427203401,1.4837931034482759,259.12855172413794,3.593103448275862,16.05,115.9291,1.61,99.76896551724138,49.59,74.60487365722656,299.9444885253906,0.01887032688297441,0.015240935548923362,83.17241379310344,10.310344827586206,18.413793103448274,0.03372568186406277,55.670448303222656,0.017323953975429296,65.39911651611328,0.05313036354251577,78.88999938964844,0.05062826556806388,28.43000030517578,0.019980000468738934,20.420000076293945,1.451,98.36879655172413,1100.249208791209,115.9291
2020-02-05,52.32727813720703,3162700,0.026865453374801174,-0.0001757636826303921,-0.19392449612102458,-0.5605627995400255,1.4517241379310346,259.08806896551727,3.624137931034483,15.15,116.009,1.66,99.35862068965517,50.87,75.85114288330078,303.4083251953125,0.01670493045535104,0.011548259102712732,82.89655172413794,11.413793103448276,21.551724137931032,0.016571837907301434,56.59300994873047,0.008514589314293719,65.95596313476562,0.03752058698660665,81.8499984741211,0.02356665737256325,29.100000381469727,0.013222353416008081,20.690000534057617,1.52,98.21476206896551,1098.8095384615385,116.009
2020-02-06,53.03477478027344,4332000,0.01420654391491527,-0.02061685934320323,-0.2413742232830517,-0.5573813177078373,1.4196551724137931,259.04758620689654,3.6551724137931036,14.96,116.1518,1.65,98.94827586206897,50.94,76.09498596191406,304.4291687011719,0.0032147581347381493,0.0033645863382365526,82.62068965517241,12.517241379310345,24.689655172413794,-0.012056471503051003,55.91069793701172,-0.03482599150026955,63.65898132324219,-0.016493567492831818,80.5,-0.027491447901100474,28.299999237060547,-0.029482870691445617,20.079999923706055,1.553,98.0607275862069,1097.369868131868,116.1518
2020-02-07,52.61211395263672,2703600,0.012399624418591992,-0.05501216289212185,-0.20126892861415535,-0.5231455667980235,1.3875862068965519,259.00710344827587,3.6862068965517243,15.47,116.5086,1.59,98.53793103448275,50.34,75.54408264160156,302.8066711425781,-0.007239679636556251,-0.005329638961719896,82.34482758620689,13.620689655172413,27.82758620689655,-0.004468891740229353,55.66083908081055,-0.0009371505684984127,63.59932327270508,-0.012670765752377688,79.4800033569336,0.0028268525039849557,28.3799991607666,-0.006972081184281165,19.940000534057617,1.522,97.90669310344828,1095.9301978021979,116.5086
2020-02-10,52.759124755859375,2882100,0.003134885768311335,-0.13514454442966872,-0.25716605227523426,-0.543879941185011,1.2913793103448277,258.8856551724138,3.779310344827586,15.04,116.5711,1.56,97.30689655172414,49.59,75.96853637695312,305.0673522949219,0.005618623199983297,0.0074657574214382905,81.51724137931035,16.93103448275862,37.241379310344826,-0.0036257582076264505,55.45902633666992,0.0073483487253407365,64.0666732788086,-0.0001258446880726405,79.47000122070312,0.0144468557746662,28.790000915527344,0.004012032174693925,20.020000457763672,1.491,97.44458965517241,1091.6111868131868,116.5711
2020-02-11,53.22772216796875,2848600,-0.014154902687014914,-0.1558777232212989,-0.37495570949095447,-0.562624880601961,1.2593103448275862,258.84517241379314,3.810344827586207,15.18,116.3585,1.59,96.89655172413794,50.0,76.25753021240234,305.5959777832031,0.003804125355466148,0.001732815669407417,81.24137931034483,18.03448275862069,40.37931034482759,0.016461815111047384,56.37198257446289,0.0018624929992769879,64.18599700927734,0.013338335753260377,80.52999877929688,0.03647096921397619,29.84000015258789,0.024475512483224993,20.510000228881836,1.5,97.29055517241379,1090.1715164835166,116.3585
2020-02-12,53.73307418823242,2234200,-0.02633374895275764,-0.20263310512009858,-0.29140078133990654,-0.588023664678542,1.227241379310345,258.8046896551724,3.841379310344828,13.74,116.2794,1.62,96.48620689655172,51.13,76.97097778320312,307.5648498535156,0.009355765506876335,0.006442729006431058,80.96551724137932,19.137931034482758,43.51724137931034,0.013808217680070234,57.1503791809082,0.015337002184836468,65.17041778564453,0.020737590888609825,82.19999694824219,0.02111257230378949,30.469999313354492,0.030229104093899117,21.1299991607666,1.56,97.13652068965517,1088.7318461538462,116.2794
2020-02-13,53.78821563720703,2401800,-0.03433561286609077,-0.21096699081676373,-0.3566039713599567,-0.5750705767227806,1.1951724137931035,258.76420689655174,3.8724137931034486,14.15,116.3999,1.61,96.07586206896552,51.41,76.53748321533203,307.23663330078125,-0.005631922321320593,-0.00106714584872325,80.6896551724138,20.241379310344826,46.6551724137931,-0.005717001802674426,56.82365036010742,0.014647477287858424,66.125,-0.014720184055901364,80.98999786376953,-0.012471255967506867,30.09000015258789,0.020350228218380062,21.559999465942383,1.576,96.98248620689655,1087.292175824176,116.3999
2020-02-14,53.26448440551758,2481800,-0.06658614413199493,-0.1900983064843319,-0.33763659795752554,-0.5866505430615918,1.1631034482758622,258.7237241379311,3.903448275862069,13.68,116.4223,1.59,95.6655172413793,52.03,76.43814849853516,307.7289123535156,-0.0012978571103181569,0.0016022798044803555,80.41379310344827,21.344827586206897,49.79310344827586,-0.0038897745492256774,56.60261917114258,-0.00022683386991961818,66.11000061035156,-0.017779909247977566,79.55000305175781,-0.029577912433871978,29.200000762939453,-0.013450789209749847,21.270000457763672,1.591,96.82845172413793,1085.8525054945055,116.4223
2020-02-18,52.92451858520508,3086600,-0.1378472946757009,-0.21208352839461586,-0.38740832119718793,-0.5278774197059286,1.0348275862068965,258.5617931034483,4.027586206896552,14.83,116.6039,1.55,94.02413793103447,52.1,76.00467681884766,306.93585205078125,-0.0056708814669393925,-0.002577139394114858,79.3103448275862,25.75862068965517,62.3448275862069,-0.003056132020697877,56.42963409423828,-0.009378350338193009,65.48999786376953,0.008673724519693504,80.23999786376953,-0.01952060230410324,28.6299991607666,0.0014103798143514368,21.299999237060547,1.559,96.21231379310345,1080.0938241758242,116.6039
2020-02-19,52.47428894042969,2135100,-0.14375769674217898,-0.17508988922506985,-0.457559672923897,-0.5132801243400975,1.0027586206896553,258.5213103448276,4.058620689655172,14.38,116.7829,1.56,93.61379310344827,53.31,75.97757720947266,308.4034423828125,-0.00035655186640148884,0.004781423617428837,79.03448275862068,26.862068965517242,65.48275862068965,0.0033094048479349603,56.61638259887695,-0.00488623767387919,65.16999816894531,-0.010219338442859938,79.41999816894531,-0.010478492694881214,28.329999923706055,-0.02300468491405383,20.809999465942383,1.584,96.05827931034483,1078.6541538461538,116.7829
2020-02-20,52.31808090209961,2924800,-0.1810675433986948,-0.2022452125142118,-0.4368997346019514,-0.48608732812725686,0.9706896551724139,258.4808275862069,4.089655172413793,15.56,117.2454,1.52,93.20344827586206,53.77,75.86920166015625,307.136474609375,-0.0014264149147269478,-0.004108150556454748,78.75862068965517,27.96551724137931,68.62068965517241,-0.002221788757243548,56.49059295654297,0.002915489439077268,65.36000061035156,0.006169799854712998,79.91000366210938,0.006353699458543138,28.510000228881836,0.0009610984275325585,20.829999923706055,1.583,95.90424482758621,1077.2144835164836,117.2454
2020-02-21,51.94136428833008,2324600,-0.1829117655202287,-0.18793551788663387,-0.4010292728830106,-0.47436901430855805,0.9386206896551725,258.4403448275862,4.120689655172414,17.08,117.0473,1.46,92.79310344827586,53.36,75.4898910522461,303.9734191894531,-0.004999533402357592,-0.010298533978892466,78.48275862068965,29.06896551724138,71.75862068965517,-0.008735760875216991,55.99710464477539,0.0010709867529152817,65.43000030517578,-0.023776766847776076,78.01000213623047,-0.02420205291189781,27.81999969482422,-0.01056165694480471,20.610000610351562,1.582,95.7502103448276,1075.7748131868132,117.0473
2020-02-24,49.71780776977539,7538400,-0.13232304360586122,-0.1907618413708042,-0.3013318652904404,-0.4644038217708971,0.8424137931034483,258.31889655172415,4.2137931034482765,25.03,117.4018,1.38,91.56206896551724,51.36,73.34051513671875,293.89208984375,-0.028472367433141077,-0.03316516744320952,77.65517241379311,32.37931034482759,81.17241379310344,-0.06289970812650869,52.47490310668945,-0.03698612215123509,63.0099983215332,-0.03255993905873367,75.47000122070312,-0.08519047296487547,25.450000762939453,-0.0596798356700281,19.3799991607666,1.511,95.28810689655172,1071.4558021978023,117.4018
2020-02-25,45.6290168762207,9351700,-0.08610566696649291,-0.0790305594516616,-0.20355121439654122,-0.34262672019340923,0.810344827586207,258.2784137931035,4.244827586206897,27.85,117.2425,1.33,91.15172413793103,49.78,70.35128021240234,284.9864501953125,-0.04075830281180848,-0.03030241355993024,77.37931034482759,33.48275862068965,84.3103448275862,-0.06158935520483777,49.24300765991211,-0.06665603967818023,58.810001373291016,-0.06492648001355439,70.56999969482422,-0.09155205712602665,23.1200008392334,-0.05830749276058811,18.25,1.466,95.1340724137931,1070.0161318681319,117.2425
2020-02-26,44.93070602416992,9286300,-0.03659267051356663,-0.12773974885202166,-0.15360584260142474,-0.3090071882098585,0.7782758620689656,258.23793103448276,4.275862068965518,27.56,117.405,1.33,90.74137931034483,48.67,69.81844329833984,283.93829345703125,-0.007573947658859548,-0.0036779178012249503,77.10344827586206,34.58620689655172,87.44827586206897,-0.025545368071400176,47.985076904296875,-0.024485672636971545,57.369998931884766,-0.05724813565251652,66.52999877929688,-0.03503466020280099,22.309999465942383,-0.06191776223378642,17.1200008392334,1.412,94.98003793103449,1068.5764615384617,117.405
2020-02-27,42.844974517822266,10355900,-0.025860092544637392,-0.22348690336946275,-0.21681302665802316,-0.2992651595019852,0.7462068965517242,258.1974482758621,4.306896551724138,39.16,117.3678,1.3,90.33103448275861,47.17,67.2265396118164,271.1861877441406,-0.037123481476778575,-0.04491153890385846,76.82758620689656,35.689655172413794,90.58620689655172,-0.02823165593449395,46.63037872314453,-0.07686944273169827,52.959999084472656,-0.0238989383295376,64.94000244140625,-0.07664720418676285,20.600000381469727,-0.049649552558537646,16.270000457763672,1.384,94.82600344827587,1067.1367912087912,117.3678
2020-02-28,42.440677642822266,11851000,-0.006148359692884076,-0.1028603570747707,-0.237170701112006,-0.3023697934011286,0.7141379310344829,258.1569655172414,4.337931034482759,40.11,117.6568,1.13,89.92068965517241,44.83,65.99835968017578,270.0467224121094,-0.018269271908571527,-0.004201782330840231,76.55172413793103,36.793103448275865,93.72413793103448,-0.04274733198329761,44.637054443359375,-0.04720543888251261,50.459999084472656,-0.05158611276371572,61.59000015258789,-0.07524277260710388,19.049999237060547,-0.030116823048930152,15.779999732971191,1.381,94.67196896551724,1065.6971208791208,117.6568
2020-03-02,43.13899612426758,9043200,-0.0673508698534544,-0.19777631753592761,-0.23861460129251744,-0.28116308351790475,0.6306451612903226,258.01006451612903,4.735483870967743,33.42,116.8144,1.1,88.54193548387096,46.78,68.31929016113281,281.7414855957031,0.035166487352172426,0.043306443711421005,74.74193548387096,39.74193548387097,99.35483870967742,0.022328390535918397,45.63372802734375,-0.008521607470819426,50.029998779296875,-0.005358042380859129,61.2599983215332,-0.009973681591511796,18.860000610351562,-0.01330798743349737,15.569999694824219,1.438,93.89599032258064,1061.37810989011,116.8144
2020-03-03,41.70009994506836,7338100,0.007741712864491435,-0.15394818848511238,-0.29130710334264565,-0.23733690493037918,0.6112903225806452,257.9441290322581,5.070967741935484,36.82,116.4958,1.02,87.98387096774194,47.27,66.64856719970703,273.6745300292969,-0.02445462998057124,-0.028632473309174844,73.48387096774194,40.483870967741936,98.70967741935483,-0.020780418450558558,44.68544006347656,-0.05316809738785877,47.369998931884766,-0.04848183949365026,58.290000915527344,-0.053552502449415784,17.850000381469727,-0.035966568845119395,15.010000228881836,1.43,93.42808064516129,1059.9384395604395,116.4958
2020-03-04,43.28657150268555,8990300,-0.09460907712529354,-0.2510120676124704,-0.3287876471218081,-0.2239506878940084,0.5919354838709677,257.8781935483871,5.4064516129032265,31.99,116.7802,1.02,87.4258064516129,46.78,69.40303039550781,285.17791748046875,0.04132816820423546,0.042033094749228006,72.2258064516129,41.225806451612904,98.06451612903226,0.05023834686981932,46.930362701416016,0.04897613990154914,49.689998626708984,0.02024361445603362,59.470001220703125,0.038095254377792376,18.530000686645508,0.035309775142533306,15.539999961853027,1.438,92.96017096774193,1058.4987692307693,116.7802
2020-03-05,41.73699951171875,10774800,-0.2028731287080353,-0.31801109833157604,-0.32508287097901634,-0.15425417764057447,0.5725806451612904,257.81225806451613,5.741935483870968,39.62,116.7901,0.92,86.86774193548386,45.9,66.00739288330078,275.6980895996094,-0.04892635801140488,-0.03324180204629146,70.96774193548387,41.96774193548387,97.41935483870968,-0.0719588753939947,43.553306579589844,-0.12537733375761506,43.459999084472656,-0.1325037986609624,51.59000015258789,-0.1343766691229913,16.040000915527344,-0.10810812801156877,13.859999656677246,1.379,92.49226129032259,1057.0590989010989,116.7901
2020-03-06,42.17973709106445,10708100,-0.09731029608403241,-0.30155265838937917,-0.3286683340621217,-0.16509955309521018,0.5532258064516129,257.7463225806452,6.07741935483871,41.94,116.7106,0.74,86.30967741935483,41.14,65.42938995361328,271.1405944824219,-0.008756639285987133,-0.016530746091879878,69.70967741935483,42.70967741935484,96.7741935483871,0.019551050788290558,44.40481948852539,0.0402669129513451,45.209999084472656,0.009885604187338304,52.099998474121094,-0.004364129956549556,15.970000267028809,0.0014430345064284644,13.880000114440918,1.275,92.02435161290323,1055.6194285714287,116.7106
2020-03-09,40.23354721069336,9602300,-0.1398440672560105,-0.226730952349122,-0.24873923661392072,-0.06946365609956895,0.49516129032258066,257.5485161290323,7.083870967741936,54.46,117.1871,0.54,84.63548387096773,31.05,59.39669418334961,249.9660186767578,-0.09220162031986856,-0.07809445076302224,65.93548387096774,44.935483870967744,94.83870967741936,-0.051645223207301916,42.11152267456055,-0.044680391476881076,43.189998626708984,-0.1021113215092847,46.779998779296875,-0.07639325276328168,14.75,-0.03458216800814329,13.399999618530273,1.039,90.62062258064516,1051.3004175824176,117.1871
2020-03-10,42.02293014526367,9366900,-0.16044776085531132,-0.17339776411872887,-0.247146597526393,-0.16571552494408393,0.47580645161290325,257.4825806451613,7.419354838709678,47.3,117.9027,0.76,84.07741935483871,34.47,62.47627258300781,262.9004211425781,0.05184763970452555,0.05174464326907713,64.6774193548387,45.67741935483871,94.19354838709677,0.044807076691484315,43.998416900634766,0.08312109902147147,46.779998779296875,0.12355713434845494,52.560001373291016,0.15254237288135597,17.0,0.08805972677372398,14.579999923706055,1.112,90.1527129032258,1049.8607472527472,117.9027
2020-03-11,39.19126892089844,10508900,-0.17274636462068982,-0.07272267318787795,-0.14168021899683036,-0.12591188655833363,0.45645161290322583,257.4166451612903,7.75483870967742,53.9,118.2505,0.82,83.51935483870967,33.13,58.809696197509766,250.08448791503906,-0.05868750221336472,-0.048748241527496905,63.41935483870968,46.41935483870968,93.54838709677419,-0.06157897214659269,41.289039611816406,-0.023086747424956977,45.70000076293945,-0.061263339736886024,49.34000015258789,-0.0435293983010685,16.260000228881836,-0.06927299274121712,13.569999694824219,1.057,89.68480322580645,1048.421076923077,118.2505
2020-03-12,33.269683837890625,16353400,-0.1444412097624156,0.14305525871392,-0.050180027444983955,-0.08982516435344223,0.4370967741935484,257.3507096774194,8.090322580645163,75.47,120.4883,0.88,82.96129032258064,31.56,52.72282409667969,226.15708923339844,-0.10350116552868405,-0.09567726043755842,62.16129032258065,47.16129032258065,92.90322580645162,-0.20998368945701806,32.619014739990234,-0.23238509309822775,35.08000183105469,-0.248479900357077,37.08000183105469,-0.17281675154133358,13.449999809265137,-0.15327929038195887,11.489999771118164,0.945,89.21689354838709,1046.9814065934065,120.4883
2020-03-13,38.07521438598633,14308800,-0.22625976724817054,-0.11870158956012156,-0.15746140064074532,-0.13105643025094504,0.41774193548387095,257.2847741935484,8.425806451612903,57.83,120.4388,0.94,82.4032258064516,31.72,56.840946197509766,245.4904327392578,0.07810890579910001,0.08548634743838157,60.903225806451616,47.903225806451616,92.25806451612904,0.137941140320194,37.1185188293457,0.0818129641414127,37.95000076293945,0.12297727436395989,41.63999938964844,0.06394056673213822,14.3100004196167,-0.026979936650792014,11.180000305175781,0.977,88.74898387096775,1045.5417362637363,120.4388
2020-03-16,34.60712432861328,15849900,-0.10101294635721803,-0.06449920359786376,-0.12526672582271925,-0.0314497825739497,0.3596774193548387,257.0869677419355,9.43225806451613,82.69,120.9352,0.73,80.7290322580645,28.96,50.39282989501953,218.6279296875,-0.1134413962794435,-0.10942382866826106,57.12903225806452,50.12903225806452,90.3225806451613,-0.0664754994066532,34.65104675292969,-0.14281954873991853,32.529998779296875,-0.14817479009087486,35.470001220703125,0.11250870785930922,15.920000076293945,-0.05098395643465714,10.609999656677246,0.836,87.34525483870968,1041.2227252747252,120.9352
2020-03-17,35.28044509887695,8133500,-0.015424892769758558,-0.06901963192744553,-0.197908441284408,-0.043921662590174826,0.3403225806451613,257.0210322580645,9.767741935483873,75.91,122.4816,1.02,80.17096774193548,26.96,52.71379852294922,230.43209838867188,0.04605751716593076,0.053992043551088775,55.87096774193549,50.87096774193549,89.6774193548387,-0.1136552789191555,30.712772369384766,0.0,32.529998779296875,-0.13532565489756776,30.670000076293945,-0.021356793401915652,15.579999923706055,-0.10273319832085004,9.520000457763672,0.838,86.87734516129032,1039.783054945055,122.4816
2020-03-18,32.421119689941406,14219600,0.12091054926213696,-0.08847797659066325,-0.11266022763613892,0.03300140416486541,0.3209677419354839,256.9550967741935,10.103225806451613,76.45,124.1623,1.18,79.61290322580645,20.48,48.83047103881836,218.76463317871094,-0.07366813989775811,-0.05063298599260824,54.61290322580645,51.61290322580645,89.03225806451613,-0.2599244283656199,22.729772567749023,-0.22748232081828013,25.1299991607666,-0.3029018875910585,21.3799991607666,-0.2522464906560117,11.649999618530273,-0.1953782059784157,7.659999847412109,0.724,86.40943548387096,1038.3433846153846,124.1623
2020-03-19,28.464170455932617,18052600,0.3360335628092832,0.020738740703121428,0.006480818777300668,0.1616978222757608,0.3016129032258065,256.8891612903226,10.438709677419356,72.0,125.0587,1.12,79.05483870967741,25.09,48.86660385131836,219.22947692871094,0.0007399644470207356,0.002124857858629481,53.354838709677416,52.354838709677416,88.38709677419355,-0.08429121989046351,20.813852310180664,-0.03780337792744437,24.18000030517578,-0.004677197289352342,21.280000686645508,-0.11673817177762447,10.289999961853027,-0.00783289085832184,7.599999904632568,0.777,85.94152580645161,1036.9037142857144,125.0587
2020-03-20,29.460325241088867,12617900,0.139010708161724,-0.04383214869903884,-0.057294864361882025,0.08171564957096455,0.28225806451612906,256.8232258064516,10.774193548387098,66.04,124.9362,0.92,78.49677419354838,19.48,46.41920471191406,209.78199768066406,-0.0500832664134131,-0.04309401901788512,52.096774193548384,53.096774193548384,87.74193548387098,-0.007438382552483858,20.65903091430664,-0.02564106002515998,23.559999465942383,0.1513157523239761,24.5,0.008746370546310889,10.380000114440918,-0.05921050196209077,7.150000095367432,0.716,85.47361612903225,1035.464043956044,124.9362
2020-03-23,31.111356735229492,9616800,0.040616539038462296,-0.08983097679886065,-0.11918171384262122,0.018677713888233693,0.22419354838709676,256.6254193548387,11.780645161290323,61.59,126.1262,0.76,76.82258064516128,23.33,44.386016845703125,204.41822814941406,-0.0438005751892836,-0.025568302287858224,48.32258064516129,55.32258064516129,85.80645161290323,0.04074946991501105,21.50087547302246,0.01994911847865466,24.030000686645508,0.0714285714285714,26.25,-0.012524095665476742,10.25,-0.04055943468321377,6.860000133514404,0.697,84.0698870967742,1031.1450329670329,126.1262
2020-03-24,34.73624801635742,12803100,-0.054434383689078936,-0.12984599324020618,-0.19968116272759007,-0.07727013005525318,0.20483870967741935,256.5594838709677,12.116129032258065,61.67,125.5001,0.84,76.26451612903226,21.03,50.00138854980469,222.93919372558594,0.12651217890584765,0.09060329767966913,47.064516129032256,56.064516129032256,85.16129032258064,0.21017088172072396,26.019733428955078,0.20307944325106186,28.90999984741211,0.2571428571428571,33.0,0.3580487879311167,13.920000076293945,0.37026230839366137,9.399999618530273,0.687,83.60197741935484,1029.7053626373627,125.5001
2020-03-25,36.3411750793457,16346700,-0.18680217256464804,-0.1294418556170126,-0.2555840103222329,-0.18147231846422773,0.18548387096774194,256.4935483870968,12.451612903225808,63.95,124.7916,0.88,75.70645161290322,20.75,52.63161087036133,226.27664184570312,0.05260298557382592,0.014970217054903534,45.806451612903224,56.806451612903224,84.51612903225806,0.15656391948472614,30.09348487854004,0.032168810449130225,29.84000015258789,0.1090908628521543,36.599998474121094,0.10560346688016553,15.390000343322754,0.20638304391345752,11.34000015258789,0.692,83.13406774193548,1028.2656923076922,124.7916
2020-03-26,38.02908706665039,8986300,-0.23599318975429773,-0.11544967412795759,-0.2939605763691536,-0.2003394590302412,0.16612903225806452,256.4276129032258,12.78709677419355,61.0,122.4308,0.83,75.14838709677419,16.6,55.9535026550293,239.48887634277344,0.06311590562656777,0.05838974093525606,44.54838709677419,57.54838709677419,83.87096774193549,0.01929253989804436,30.67406463623047,0.08880702119061756,32.4900016784668,-0.028688504940866943,35.54999923706055,0.017543827034838255,15.65999984741211,-0.03615518887965308,10.930000305175781,0.728,82.66615806451613,1026.826021978022,122.4308
2020-03-27,33.555625915527344,8297400,-0.1605277769125254,-0.05827385639089422,-0.18389237604539854,-0.12149530160385957,0.1467741935483871,256.3616774193548,13.12258064516129,65.54,122.4007,0.72,74.59032258064516,15.48,53.59630584716797,232.3555450439453,-0.04212777924545985,-0.029785647700055984,43.29032258064516,58.29032258064516,83.2258064516129,-0.06782334384858046,28.593647003173828,-0.08064021864824467,29.8700008392334,-0.07623063692354481,32.84000015258789,-0.10344826956219888,14.039999961853027,-0.10795976873093083,9.75,0.766,82.19824838709677,1025.3863516483516,122.4007
2020-03-30,32.37499237060547,7443300,-0.1253559894001468,-0.009116745670685766,-0.11766379047262199,-0.0017091026062489023,0.08870967741935484,256.1638709677419,14.129032258064518,57.08,123.2883,0.7,72.91612903225806,14.1,54.37901306152344,239.9014434814453,0.014603753038266998,0.032475654652755814,39.516129032258064,60.516129032258064,81.29032258064517,-0.029779993817750094,27.742128372192383,-0.051556775100742414,28.329999923706055,-0.08160780428512238,30.15999984741211,-0.1274928751222575,12.25,-0.09846154237404847,8.789999961853027,0.725,80.79451935483871,1021.0673406593406,123.2883
2020-03-31,32.845401763916016,7794100,-0.07975291005751883,-0.07834882363701301,-0.12243745082155233,-0.040157312962204816,0.06935483870967742,256.09793548387097,14.464516129032258,53.54,122.5301,0.7,72.35806451612903,20.51,53.70553207397461,236.32566833496094,-0.012384943190985487,-0.01490518395634799,38.25806451612903,61.25806451612903,80.64516129032258,-0.004883304176422354,27.60665512084961,0.004941736322819024,28.469999313354492,0.046087513152547555,31.549999237060547,-0.004897993438097936,12.1899995803833,0.018202485563876936,8.949999809265137,0.697,80.32660967741936,1019.6276703296703,122.5301
2020-04-01,29.55256462097168,8545900,0.07053673166901753,-0.04244699015202924,-0.08770292863940399,0.05524331751758971,0.05,256.032,14.8,57.06,123.7933,0.62,71.8,20.28,51.28464126586914,225.68983459472656,-0.04507712175294909,-0.04500498746145287,37.0,62.0,80.0,-0.16333670447327098,23.097475051879883,-0.074464312715678,26.350000381469727,-0.18700474678933665,25.649999618530273,-0.12305168594212812,10.6899995803833,-0.09385476765243206,8.109999656677246,0.65,79.8587,1018.188,123.7933
2020-04-02,29.054481506347656,7853500,0.15777806429182695,-0.009841254294318924,-0.1250791378354611,0.08317468566097252,0.05,256.0243333333333,14.746666666666668,50.91,123.5916,0.63,71.81666666666666,25.18,51.96722412109375,230.8977508544922,0.013309693475010764,0.023075546442388628,37.3,63.1,80.0,-0.04985346905781296,21.945985794067383,-0.06413664173022504,24.65999984741211,-0.08693955459653557,23.420000076293945,-0.0589335065945823,10.0600004196167,-0.05918613595021893,7.630000114440918,0.705,79.97742333333333,1019.3182197802198,123.5916
2020-04-03,28.169015884399414,9915900,0.12180739005938035,0.017026711329660715,-0.1349049749005954,0.12311718917002512,0.05,256.01666666666665,14.693333333333333,46.8,124.4152,0.62,71.83333333333333,28.36,51.27553939819336,227.560302734375,-0.01331001866269843,-0.014454225334660786,37.6,64.2,80.0,-0.008818342611522256,21.752458572387695,0.0012165728641988505,24.690000534057617,-0.022630259817205678,22.889999389648438,-0.06660040242020915,9.390000343322754,-0.019659252046868803,7.480000019073486,0.808,80.09614666666667,1020.4484395604395,124.4152
2020-04-06,28.316593170166016,13833000,0.13289891924114494,-0.01921817587843233,-0.18794777061912094,0.07524432424786398,0.05,255.99366666666666,14.533333333333333,45.24,124.16,0.67,71.88333333333333,26.21,54.82496643066406,242.8446807861328,0.06922261714122047,0.06716627578756063,38.5,67.5,80.0,-0.007117332875738347,21.597639083862305,0.0801943904174931,26.670000076293945,0.04936658358436907,24.020000457763672,0.011714552998442374,9.5,0.03342245980782321,7.730000019073486,0.765,80.45231666666666,1023.8390989010989,124.16
2020-04-07,30.22588539123535,14036100,0.0015257711063163537,-0.09337802466815792,-0.22337487140366463,0.003662002102723161,0.05,255.986,14.48,46.7,123.0956,0.75,71.89999999999999,23.54,54.697547912597656,243.09222412109375,-0.0023240965998136964,0.0010193483923945923,38.8,68.6,80.0,-0.0031362535383638868,21.529903411865234,0.08848896151482522,29.030000686645508,0.019150669263371167,24.479999542236328,0.0757895017925061,10.220000267028809,0.1332471160759201,8.760000228881836,0.729,80.57104,1024.9693186813188,123.0956
2020-04-08,31.63710594177246,8923800,-0.10553932291972823,-0.12128265857114828,-0.206997004573775,-0.07959176352742259,0.05,255.97833333333332,14.426666666666668,43.35,123.2216,0.77,71.91666666666666,24.97,56.68159484863281,251.25247192382812,0.03627305083594434,0.03356852664554766,39.1,69.7,80.0,0.044044979256493866,22.478187561035156,0.003789138835726291,29.139999389648438,0.12377454016768774,27.510000228881836,0.1086105310836698,11.329999923706055,0.030821860392099554,9.029999732971191,0.731,80.68976333333333,1026.0995384615385,123.2216
2020-04-09,33.638641357421875,10338100,-0.14477672686662357,-0.19577751297094814,-0.2846175078542391,-0.08911459840638103,0.05,255.97066666666666,14.373333333333333,41.67,122.476,0.73,71.93333333333334,22.9,57.53709411621094,255.07582092285156,0.015093069802688541,0.015217159734780772,39.4,70.8,80.0,0.04993549451321533,23.60064697265625,0.08476325574600252,31.610000610351562,0.14503815841227063,31.5,0.10414830654207119,12.510000228881836,0.05204875757777705,9.5,0.69,80.80848666666667,1027.2297582417582,122.476
2020-04-13,31.600210189819336,9067500,-0.09340344845131865,-0.1503210088648267,-0.26328080735357684,-0.04728539316863489,0.05,255.94,14.16,41.17,122.5203,0.76,72.0,22.36,55.8533821105957,252.74688720703125,-0.029263069876531267,-0.00913035860237299,40.6,75.2,80.0,-0.04674047903525713,22.497541427612305,-0.06643468335720382,29.510000228881836,-0.08222222706628224,28.90999984741211,-0.07593923196514996,11.5600004196167,-0.049473712318821916,9.029999732971191,0.707,81.28338,1031.7506373626375,122.5203
2020-04-14,32.079837799072266,8860200,-0.13427243378559361,-0.14634848505928444,-0.3099480387564737,-0.04399065013924075,0.05,255.93233333333333,14.106666666666667,37.76,122.1121,0.76,72.01666666666667,20.15,56.918212890625,260.2011413574219,0.019064750240564088,0.029492961249744987,40.9,76.3,80.0,0.05548388321986475,23.745792388916016,0.05218566574836858,31.049999237060547,0.06883430583263395,30.899999618530273,0.033736970198256166,11.949999809265137,0.02325581886566397,9.239999771118164,0.662,81.40210333333333,1032.8808571428572,122.1121
2020-04-15,30.272003173828125,20028700,-0.09475921490231898,-0.056368094052843265,-0.24497248105504998,0.0892750210947495,0.05,255.92466666666667,14.053333333333333,40.84,123.0752,0.63,72.03333333333333,19.96,55.34372329711914,254.6724090576172,-0.02766231604164071,-0.021247917172700692,41.2,77.4,80.0,-0.007742556929786093,23.561939239501953,-0.031239914241180555,30.079999923706055,0.031067993646368475,31.860000610351562,0.028451896068172333,12.289999961853027,-0.005411276187598069,9.1899995803833,0.625,81.52082666666666,1034.0110769230769,123.0752
2020-04-16,28.298147201538086,17862300,-0.017600925401002443,0.018578859437333062,-0.22196864881923006,0.11505866761694339,0.05,255.917,14.0,40.11,123.4615,0.61,72.05,19.82,54.85226821899414,255.90101623535156,-0.008880050868398714,0.004824264953870339,41.5,78.5,80.0,-0.06447627270638756,22.042753219604492,-0.06050530915692842,28.260000228881836,-0.11456376195714801,28.209999084472656,-0.0992677193503313,11.069999694824219,-0.05005441340050498,8.729999542236328,0.653,81.63955,1035.1412967032968,123.4615
2020-04-17,28.7685489654541,20139900,-0.0596344693912122,-0.0628405281308333,-0.1314521874122564,0.09426125629475024,0.05,255.9093333333333,13.946666666666667,38.15,122.871,0.65,72.06666666666666,18.31,57.42787170410156,262.8143005371094,0.046955277671006934,0.02701546247631814,41.8,79.6,80.0,0.06540817570613044,23.484529495239258,0.059094128194209894,29.93000030517578,0.03084015836470777,29.079999923706055,0.04516711958300923,11.569999694824219,0.02863688580858259,8.979999542236328,0.667,81.75827333333334,1036.2715164835165,122.871
2020-04-20,28.64864158630371,14553900,-0.06278157612256452,-0.11268490924085328,-0.10849946195571158,0.06181593925329176,0.05,255.8863333333333,13.786666666666667,43.83,123.1033,0.63,72.11666666666666,-36.98,55.898887634277344,258.18402099609375,-0.02662442511716867,-0.0176180654232011,42.7,82.9,80.0,-0.025958085245126217,22.874916076660156,-0.023387930364250686,29.229999542236328,-0.0443603511541657,27.790000915527344,-0.04407945450816786,11.0600004196167,-0.03897543938050674,8.630000114440918,0.6,82.11444333333333,1039.6621758241758,123.1033
2020-04-21,27.77239990234375,12562700,-0.013949020159420567,-0.12255060458482314,-0.0318832784276839,0.1165726787437118,0.05,255.87866666666665,13.733333333333333,45.41,123.9116,0.58,72.13333333333333,8.91,54.57923126220703,250.3447265625,-0.02360791829533826,-0.03036320529577763,43.0,84.0,80.0,-0.022842574412300976,22.352394104003906,-0.032158694540884936,28.290000915527344,0.0032385117766935423,27.8799991607666,-0.005424992526246064,11.0,-0.03476247818732481,8.329999923706055,0.453,82.23316666666666,1040.7923956043956,123.9116
2020-04-22,27.403451919555664,15676500,0.04240984440988593,-0.16088846471581542,-0.003702504736275758,0.1208348039760565,0.05,255.87099999999998,13.68,41.98,123.9256,0.63,72.14999999999999,13.64,55.15260696411133,255.90101623535156,0.010505382517201678,0.022194554481515638,43.3,85.10000000000001,80.0,-0.027272761405064516,21.742782592773438,-0.026864623693408918,27.530000686645508,-0.07173601363713267,25.8799991607666,-0.06636359474875708,10.270000457763672,-0.05642254435730476,7.860000133514404,0.507,82.35189,1041.9226153846155,123.9256
2020-04-23,27.800073623657227,11631600,0.036827991570639096,-0.155607195625185,-0.04213678740906246,0.08792298174061575,0.05,255.86333333333332,13.626666666666667,41.38,123.7542,0.61,72.16666666666666,15.06,55.589454650878906,255.8826904296875,0.007920707847080433,-7.161286787238375e-05,43.6,86.2,80.0,0.00044502029917148356,21.752458572387695,0.02433708897867759,28.200000762939453,-0.006182374520887324,25.719999313354492,-0.0019474641550334404,10.25,0.019083981274738537,8.010000228881836,0.497,82.47061333333333,1043.0528351648352,123.7542
2020-04-24,27.05295181274414,15077600,-0.0034093750092536457,-0.07262172527052135,0.10876242584889617,0.07944089831465173,0.05,255.85566666666665,13.573333333333332,35.93,124.1615,0.6,72.18333333333334,15.99,56.035404205322266,259.44927978515625,0.008022196966026796,0.013938376798679153,43.9,87.3,80.0,-0.0031137564093919323,21.68472671508789,-0.006737607408412449,28.010000228881836,-0.006220834046796964,25.559999465942383,0.005853699474799967,10.3100004196167,-0.007490688876681251,7.949999809265137,0.453,82.58933666666667,1044.183054945055,124.1615
2020-04-27,26.850034713745117,14224500,-0.053246214379599976,-0.1037443584998129,0.15630371514804375,0.0831329435906456,0.05,255.83266666666665,13.413333333333332,33.29,123.8843,0.67,72.23333333333333,12.17,57.42787170410156,263.19012451171875,0.02484978057224474,0.014418404744311442,44.8,90.60000000000001,80.0,-0.011155821220468654,21.44281578063965,-0.005712240132262791,27.850000381469727,-0.021909212740342965,25.0,-0.028128026193020128,10.020000457763672,0.02138365790849739,8.119999885559082,0.407,82.94550666666667,1047.5737142857142,123.8843
2020-04-28,27.38500213623047,54153900,-0.11013790021582948,-0.1498820696566313,0.09632879470062883,0.08757163787778866,0.05,255.825,13.36,33.57,123.3693,0.62,72.25,12.4,58.501800537109375,261.9798889160156,0.018700481162548632,-0.004598332091481083,45.1,91.7,80.0,0.09837548859383616,23.552263259887695,0.13393175910755528,31.579999923706055,0.11360000610351562,27.84000015258789,0.1237524665138503,11.260000228881836,0.11083751045430246,9.020000457763672,0.416,83.06423,1048.7039340659342,123.3693
2020-04-29,28.565628051757812,101007800,-0.19502723445670234,-0.2250562476863932,0.03648688061441918,0.02647747662088684,0.05,255.81733333333332,13.306666666666667,31.23,122.7782,0.63,72.26666666666667,15.04,59.621246337890625,268.8381652832031,0.019135236702179093,0.026178636824241375,45.4,92.8,80.0,0.12243215978012612,26.43581771850586,0.07663078157506042,34.0,0.12104881154504965,31.209999084472656,0.12166961436155566,12.630000114440918,0.12305982265464843,10.130000114440918,0.485,83.18295333333333,1049.8341538461539,122.7782
2020-04-30,28.823894500732422,62444700,-0.18559991508747142,-0.20703999769190384,0.0758401489886662,-0.009280095013096235,0.05,255.80966666666666,13.253333333333332,34.15,122.327,0.64,72.28333333333333,19.23,58.4380989074707,266.33514404296875,-0.0198443927809675,-0.009310513027782408,45.7,93.9,80.0,-0.051610384486790783,25.071455001831055,-0.0435293983010685,32.52000045776367,-0.05222682501062759,29.579999923706055,-0.04908946001118286,12.010000228881836,-0.03849953987332988,9.739999771118164,0.517,83.30167666666667,1050.9643736263736,122.327
2020-05-01,26.960718154907227,36353800,-0.06944912838399453,-0.18337317364383232,0.17960979770970043,0.056790924714724245,0.05,255.802,13.2,37.19,123.1492,0.64,72.3,19.72,56.672489166259766,259.28436279296875,-0.03021333298344553,-0.026473341606252587,46.0,95.0,80.0,-0.0690854531607239,23.33938217163086,-0.07410823534711108,30.110000610351562,-0.10006758255940529,26.6200008392334,-0.11407159529143762,10.640000343322754,-0.07392190249218411,9.020000457763672,0.48,83.4204,1052.0945934065935,123.1492
2020-05-04,25.420372009277344,43447700,-0.05333820142807455,-0.017053713212795474,0.32148003285813886,0.14586344003824836,0.05290322580645162,255.922,12.987096774193548,35.97,123.2117,0.64,72.86129032258064,20.47,55.9535026550293,259.9994812011719,-0.012686693699321738,0.002758046804288483,47.064516129032256,95.48387096774194,79.61290322580645,-0.06426194359557647,21.839548110961914,-0.0445034913791138,28.770000457763672,-0.051089427778948426,25.260000228881836,-0.0770677276352848,9.819999694824219,-0.04434595919119966,8.619999885559082,0.503,84.05485161290322,1055.4852527472528,123.2117
2020-05-05,24.36887550354004,36676900,-0.04466329046988449,0.04806967333053702,0.4485236698642776,0.1884934060376906,0.053870967741935484,255.962,12.916129032258064,33.61,122.803,0.66,73.04838709677419,24.56,56.17191696166992,262.4017028808594,0.0039034965869289007,0.009239332588624638,47.41935483870968,95.64516129032258,79.48387096774194,-0.038103745318973536,21.00737953186035,0.006951645895328706,28.969999313354492,-0.0451306167584663,24.1200008392334,-0.03156817470226325,9.510000228881836,-0.03828305430245971,8.289999961853027,0.574,84.26633548387098,1056.6154725274725,122.803
2020-05-06,22.994552612304688,36971800,-0.03730438409232828,0.1692736622005333,0.5314879981101162,0.3124747423805767,0.054838709677419356,256.002,12.84516129032258,34.12,123.609,0.72,73.23548387096774,23.88,55.3983268737793,260.623046875,-0.013771829941614744,-0.006778370667308353,47.774193548387096,95.80645161290323,79.35483870967742,-0.03270389635222415,20.320356369018555,-0.0393510326775508,27.829999923706055,-0.05016587685408003,22.90999984741211,-0.027339665891091824,9.25,-0.0325693010050393,8.020000457763672,0.504,84.47781935483872,1057.7456923076923,123.609
2020-05-07,23.47418212890625,24535900,-0.02632622835094034,0.16306461111645576,0.5948916864490732,0.29744592447757556,0.05580645161290323,256.042,12.774193548387096,31.44,123.1249,0.63,73.42258064516129,23.68,56.04450988769531,263.76788330078125,0.011664305591544188,0.012066609087298286,48.12903225806452,95.96774193548387,79.2258064516129,0.032380992965930444,20.978349685668945,0.015091630522649835,28.25,-0.006983843233424714,22.75,0.03135134722735433,9.539999961853027,0.019950104523650314,8.180000305175781,0.518,84.68930322580646,1058.8759120879122,123.1249
2020-05-08,25.088319778442383,19120400,-0.12242645591422208,0.06139701927357,0.39742631336666534,0.2235290897749307,0.0567741935483871,256.082,12.703225806451613,27.98,122.5379,0.69,73.60967741935484,24.73,57.43697738647461,268.1322021484375,0.024845743170376355,0.01654605857635638,48.483870967741936,96.12903225806451,79.09677419354838,0.04797040958579002,21.984689712524414,0.06194690265486735,30.0,0.11736264071621738,25.420000076293945,0.06289312199883734,10.140000343322754,0.1112469209611544,9.09000015258789,0.579,84.9007870967742,1060.006131868132,122.5379
2020-05-11,24.064495086669922,20841500,0.03832888183511307,0.24645442882725677,0.42353380742357416,0.3411268501828446,0.05967741935483871,256.202,12.490322580645161,27.57,123.2333,0.73,74.17096774193548,24.02,56.71799087524414,268.18719482421875,-0.012517833353114072,0.00020509537959489954,49.54838709677419,96.61290322580645,78.70967741935483,-0.031249986444055966,21.29766845703125,-0.054666646321614554,28.360000610351562,-0.05704172929140494,23.969999313354492,-0.003944769279950466,10.100000381469727,-0.058305800228210414,8.5600004196167,0.555,85.53523870967742,1063.3967912087912,123.2333
2020-05-12,23.280481338500977,16904400,0.09706835597894314,0.3335976365751774,0.3007131845288058,0.3981774218668903,0.06064516129032258,256.24199999999996,12.419354838709676,33.04,123.0592,0.69,74.35806451612903,25.76,55.125301361083984,262.8418273925781,-0.02808085211733624,-0.019931478962462057,49.903225806451616,96.7741935483871,78.58064516129032,-0.04452516686201968,20.34938621520996,-0.05324401256644107,26.850000381469727,-0.05047972962596314,22.760000228881836,-0.04455452930131176,9.649999618530273,-0.05841121208991584,8.0600004196167,0.629,85.74672258064516,1064.527010989011,123.0592
2020-05-13,22.136754989624023,22892500,0.21458293034615172,0.35624965804428466,0.49458277525442584,0.4687494911052741,0.061612903225806454,256.282,12.348387096774193,35.28,123.5408,0.64,74.54516129032258,25.37,53.74193572998047,258.1932067871094,-0.025094930947263894,-0.01768600017578481,50.25806451612903,96.93548387096774,78.45161290322581,-0.07703268338116842,18.781818389892578,-0.04953444710652377,25.520000457763672,-0.09007034814559367,20.709999084472656,-0.0559585474818155,9.109999656677246,-0.02109187894300235,7.889999866485596,0.637,85.95820645161291,1065.6572307692309,123.5408
2020-05-14,22.8561954498291,23187200,0.19451159616494018,0.2953992617515697,0.46650556373411534,0.4007262983958664,0.06258064516129032,256.322,12.27741935483871,32.61,123.6429,0.63,74.73225806451613,27.4,54.30619812011719,261.2831115722656,0.010499480200560463,0.011967413177156105,50.61290322580645,97.09677419354838,78.3225806451613,-0.0015455339967718196,18.752790451049805,0.024294628556566167,26.139999389648438,-0.01979719292790827,20.299999237060547,0.0043907753414358375,9.149999618530273,0.043092481812953,8.229999542236328,0.703,86.16969032258065,1066.7874505494506,123.6429
2020-05-15,22.016845703125,18679800,0.209467886112374,0.4084625641764894,0.5320482210776105,0.4620861448087734,0.0635483870967742,256.36199999999997,12.206451612903226,31.89,123.5991,0.64,74.91935483870968,29.44,54.115081787109375,262.48419189453125,-0.003519236102389134,0.004596854021823971,50.96774193548387,97.25806451612904,78.19354838709677,-0.009804042224754395,18.568937301635742,-0.01951033820925785,25.6299991607666,-0.01871917118464017,19.920000076293945,-0.01202182090308268,9.039999961853027,0.0012150947069333728,8.239999771118164,0.725,86.38117419354839,1067.9176703296703,123.5991
2020-05-18,24.986860275268555,27148700,0.20044279864806258,0.2727940580952619,0.34034695817526783,0.24806182082242167,0.0664516129032258,256.48199999999997,11.993548387096775,29.3,122.7968,0.73,75.48064516129031,31.83,57.682701110839844,270.47943115234375,0.06592652558053236,0.030459888651218625,52.03225806451613,97.74193548387096,77.80645161290323,0.13913502490018193,21.15252685546875,0.13343738541861327,29.049999237060547,0.21134533475644002,24.1299991607666,0.0918141512398769,9.869999885559082,0.08980579996032523,8.979999542236328,0.822,87.01562580645161,1071.3083296703296,122.7968
2020-05-19,25.540279388427734,35768200,0.21560122421466854,0.3152759031017749,0.2946908030507087,0.2336580321127082,0.06741935483870969,256.522,11.92258064516129,30.53,122.5655,0.7,75.66774193548386,32.3,56.94551467895508,267.7013244628906,-0.012780026206959838,-0.0102710460370955,52.38709677419355,97.90322580645162,77.6774193548387,-0.0045746552574856825,21.055761337280273,-0.013425108429982235,28.65999984741211,-0.018648937888173678,23.68000030517578,-0.023302892087450067,9.640000343322754,-0.006681455345312948,8.920000076293945,0.773,87.22710967741935,1072.4385494505495,122.5655
2020-05-20,26.886924743652344,27249000,0.11663816785055459,0.3128646474598078,0.18524878388183397,0.17564341539724926,0.06838709677419355,256.56199999999995,11.851612903225806,27.99,122.1007,0.68,75.85483870967741,33.56,58.01034927368164,272.24896240234375,0.018699182907202516,0.016987730443909443,52.74193548387097,98.06451612903226,77.54838709677419,0.04411753915539629,21.984689712524414,0.055826950104265194,30.260000228881836,0.051942547566922403,24.90999984741211,0.023858872826248323,9.869999885559082,0.030269002441705606,9.1899995803833,0.824,87.43859354838709,1073.5687692307692,122.1007
2020-05-21,27.301990509033203,22166500,0.08445934381092335,0.28986497654830834,0.16081081137725262,0.1641892270463834,0.06935483870967742,256.602,11.780645161290323,29.53,122.0914,0.68,76.04193548387096,34.3,58.14685821533203,270.3694152832031,0.0023531825503475545,-0.006903780651927427,53.096774193548384,98.2258064516129,77.41935483870968,0.019366390403033673,22.41045379638672,0.0522141411683803,31.84000015258789,0.03733441633370371,25.84000015258789,0.002026388854668104,9.890000343322754,0.025027258586779233,9.420000076293945,0.823,87.65007741935484,1074.698989010989,122.0914
2020-05-22,26.6286678314209,17558200,0.16453076625601826,0.40595760030501915,0.20367169012794206,0.20159327089838475,0.0703225806451613,256.642,11.709677419354838,28.16,122.3211,0.66,76.2290322580645,33.49,58.10136032104492,270.8828430175781,-0.0007824652213989092,0.0018989859997189384,53.45161290322581,98.38709677419355,77.29032258064517,-0.020293744465737062,21.95566177368164,-0.02575375913613398,31.020000457763672,-0.017027884344402833,25.399999618530273,-0.01921137790312577,9.699999809265137,-0.019108312496595836,9.239999771118164,0.813,87.86156129032258,1075.8292087912089,122.3211
2020-05-26,29.995296478271484,41232500,0.060270476468084366,0.16881919276742074,-0.008302591590300334,0.13499367360427272,0.07419354838709678,256.80199999999996,11.425806451612903,28.01,121.3864,0.69,76.9774193548387,34.7,60.54044723510742,274.2202453613281,0.041979859001322506,0.01232046410386145,54.87096774193549,99.03225806451613,76.7741935483871,0.13045393616069378,24.81986427307129,0.1292713817652309,35.029998779296875,0.16299217949502576,29.540000915527344,0.14845366622401102,11.140000343322754,0.14393938924796168,10.569999694824219,0.813,88.70749677419354,1080.350087912088,121.3864
2020-05-27,31.046794891357422,44902300,0.0819961981788071,0.10338675648574691,-0.020499203131298938,0.10101021891496353,0.07516129032258065,256.842,11.35483870967742,27.62,121.5677,0.68,77.16451612903225,32.8,62.56088638305664,278.3003845214844,0.03337337664690332,0.014879058819234903,55.225806451612904,99.19354838709677,76.64516129032258,0.026120905815731454,25.468181610107422,0.020268424890426795,35.7400016784668,0.0389302499285229,30.690000534057617,0.07540387549602401,11.979999542236328,0.031220428877367423,10.899999618530273,0.786,88.91898064516128,1081.4803076923076,121.5677
2020-05-28,30.022966384887695,24743000,0.17572969047527232,0.00860216911834999,-0.018125835851701688,0.11766523951536789,0.07612903225806451,256.88199999999995,11.283870967741935,28.59,121.0138,0.7,77.3516129032258,33.67,61.96930694580078,277.7868957519531,-0.009456059072335599,-0.0018450882502880628,55.58064516129032,99.35483870967742,76.51612903225806,-0.025075973614849256,24.82954216003418,-0.035814284663711615,34.459999084472656,-0.0586510626616531,28.889999389648438,-0.08347245727968766,10.979999542236328,-0.06697243741140235,10.170000076293945,0.8,89.13046451612902,1082.6105274725276,121.0138
2020-05-29,29.607898712158203,19741300,0.18940832951428543,0.11744548403002342,0.0915891229219794,0.17289715833199448,0.07709677419354839,256.92199999999997,11.212903225806452,27.51,120.9458,0.65,77.53870967741935,35.57,61.58707809448242,279.0247802734375,-0.006168034954024293,0.0044562380026369475,55.935483870967744,99.51612903225806,76.38709677419355,-0.017536869237279262,24.39410972595215,-0.007835184705078269,34.189998626708984,-0.029421893114530695,28.040000915527344,-0.04371580712639678,10.5,-0.0098328791267982,10.069999694824219,0.856,89.34194838709678,1083.7407472527473,120.9458
2020-06-01,31.009902954101562,20812800,0.20731683614095608,0.08090431119957286,0.016656476886626415,0.15437209222222492,0.08,257.042,11.0,28.23,120.2686,0.66,78.1,35.49,61.723575592041016,280.1524353027344,0.002216333389760683,0.004041415347381783,57.0,100.0,76.0,0.03807994955877603,25.323036193847656,0.05615683125949844,36.11000061035156,0.050641873130574,29.459999084472656,0.05809520539783297,11.109999656677246,0.012909644327768532,10.199999809265137,0.856,89.9764,1087.1314065934066,120.2686
2020-06-02,31.80312728881836,22875700,0.10237832582203743,0.060614856736818545,-0.019431452492677526,0.08990741152781712,0.08033333333333334,257.0856666666666,10.973333333333333,26.84,119.6854,0.68,77.91333333333333,36.88,62.52449417114258,282.47222900390625,0.012975894079681805,0.008280469518907152,56.6,98.63333333333334,74.73333333333333,0.009170972248542686,25.555273056030273,0.002492388564570902,36.20000076293945,0.015274975455672468,29.90999984741211,0.009901045342107784,11.220000267028809,0.010784373765541089,10.3100004196167,0.913,90.08671,1088.2616263736263,119.6854
2020-06-03,33.59251403808594,26644900,0.019769531855051037,-0.00302007386717984,-0.06315202139976983,0.04091152517875152,0.08066666666666666,257.1293333333333,10.946666666666667,25.66,119.2556,0.77,77.72666666666666,37.33,64.96357727050781,286.2313537597656,0.03901004129180086,0.013307944533575311,56.2,97.26666666666667,73.46666666666667,0.0780006572464329,27.548601150512695,0.08563531515984901,39.29999923706055,0.12504184879794944,33.650001525878906,0.05614974148371821,11.850000381469727,0.09311348196653735,11.270000457763672,0.878,90.19702,1089.3918461538462,119.2556
2020-06-04,35.298892974853516,54234500,-0.14214791266295512,-0.0632350749611521,-0.10373659694341308,0.023516995333495494,0.081,257.173,10.92,25.81,119.3014,0.82,77.53999999999999,37.42,65.65525817871094,285.4794616699219,0.010647210902856807,-0.0026268683705238383,55.8,95.9,72.2,0.13733759797986633,31.332059860229492,0.0768447968547481,42.31999969482422,0.16196126897797636,39.099998474121094,0.41097036076894633,16.719999313354492,0.15527949679846387,13.020000457763672,0.896,90.30733,1090.522065934066,119.3014
2020-06-05,35.21588134765625,54289300,-0.06050306164717134,-0.09507603855959601,-0.13541121439849424,0.014667395754076828,0.08133333333333334,257.21666666666664,10.893333333333333,24.52,118.8138,0.91,77.35333333333332,39.49,68.06705474853516,292.7962646484375,0.036734248508465406,0.025629875213144082,55.4,94.53333333333333,70.93333333333334,0.054971920353432235,33.054443359375,0.009451831965108237,42.720001220703125,0.08465476988398835,42.40999984741211,0.11184216004960024,18.59000015258789,0.05145922419842286,13.6899995803833,0.962,90.41764,1091.6522857142857,118.8138
2020-06-08,37.438777923583984,31341000,-0.10470534424538103,-0.15348610417540598,-0.18970184579703742,-0.029563748025722703,0.08233333333333333,257.34766666666667,10.813333333333333,25.81,118.6621,0.88,76.79333333333332,38.17,69.43221282958984,296.3354187011719,0.020056076850953675,0.012087428973808434,54.2,90.43333333333334,67.13333333333334,0.0822602453264989,35.77350997924805,0.1760299682322879,50.2400016784668,0.14807825517311546,48.689998626708984,0.09252282405791434,20.309999465942383,0.13878748213602154,15.59000015258789,0.938,90.74857,1095.042945054945,118.6621
2020-06-09,35.059078216552734,26724400,-0.03788487863644818,-0.08576679008722787,-0.16942902186131437,0.06550897462136818,0.08266666666666667,257.3913333333333,10.786666666666667,27.57,118.5893,0.84,76.60666666666667,38.98,67.70301818847656,294.12579345703125,-0.02490478944344332,-0.007456500656672582,53.8,89.06666666666666,65.86666666666667,-0.07573729093068737,33.06412124633789,-0.08240451962644213,46.099998474121094,-0.08317928427377097,44.63999938964844,-0.08665683284892056,18.549999237060547,-0.08851828742361123,14.210000038146973,0.97,90.85888,1096.173164835165,118.5893
2020-06-10,34.256622314453125,37974200,-0.022347800174785104,-0.13166401786692628,-0.10554674478250292,0.05600440882620461,0.083,257.43499999999995,10.76,27.57,118.5231,0.75,76.42,39.54,66.0830078125,292.4844665527344,-0.023928185468285346,-0.005580356911256912,53.4,87.7,64.6,-0.07404135950124835,30.616008758544922,-0.10021689988728022,41.47999954223633,-0.11021501425213298,39.720001220703125,-0.08247972195277142,17.020000457763672,-0.1111892976400084,12.630000114440918,0.981,90.96919,1097.3033846153846,118.5231
2020-06-11,30.28122901916504,28557000,0.09198886249349258,0.004264401456656408,-0.005787320992549527,0.1861100516909553,0.08333333333333333,257.47866666666664,10.733333333333333,40.79,119.2347,0.66,76.23333333333333,36.43,61.44145965576172,275.6231384277344,-0.07023814911554771,-0.05764862771596091,53.0,86.33333333333333,63.333333333333336,-0.14032869981981866,26.319704055786133,-0.14199612957206142,35.59000015258789,-0.16112792873085446,33.31999969482422,-0.15511164937240163,14.380000114440918,-0.12034841203411628,11.109999656677246,0.921,91.0795,1098.4336043956043,119.2347
2020-06-12,33.08521270751953,26920400,-0.03679945671035356,-0.1090045185741183,-0.0730413266782658,0.08586559115609305,0.08366666666666667,257.52233333333334,10.706666666666667,36.09,119.6645,0.71,76.04666666666667,36.24,62.63371658325195,278.9238586425781,0.019404762422150945,0.011975483022479194,52.6,84.96666666666667,62.06666666666667,0.11874994791328852,29.445167541503906,0.080921636857757,38.470001220703125,0.19027611676637313,39.65999984741211,0.16411680374795323,16.739999771118164,0.0999100490236684,12.220000267028809,0.964,91.18981,1099.5638241758243,119.6645
2020-06-15,33.51873779296875,23794700,-0.05448570436166511,-0.035773352016038706,-0.016235721660466385,0.10236645325408666,0.08466666666666667,257.6533333333333,10.626666666666667,34.4,119.9539,0.71,75.48666666666666,37.07,63.252586364746094,281.5278015136719,0.009880776924223289,0.009335676351841071,51.4,80.86666666666666,58.266666666666666,0.0009858303167016302,29.47419548034668,-0.0181960161353657,37.77000045776367,-0.016641448561558025,39.0,-0.002389427044540482,16.700000762939453,-0.017184945463019408,12.010000228881836,1.001,91.52074,1102.9544835164836,119.9539
2020-06-16,33.73086929321289,30327500,-0.04976734112953063,-0.06535410007187004,-0.06453361636534205,0.11047307020931663,0.08499999999999999,257.697,10.6,33.67,119.567,0.75,75.3,38.26,64.4903335571289,286.94659423828125,0.01956832540009268,0.019247806772455522,51.0,79.5,57.0,0.027577098948053047,30.28700828552246,0.011649420740701633,38.209999084472656,0.031025617550580975,40.209999084472656,0.019760473570659354,17.030000686645508,0.021648644789912908,12.270000457763672,1.049,91.63105,1104.0847032967033,119.567
2020-06-17,33.49106216430664,18721000,-0.1118150378137387,-0.06885167813450477,-0.060038514805146215,0.15945999541430744,0.08533333333333333,257.74066666666664,10.573333333333332,33.47,119.9105,0.74,75.11333333333333,37.91,64.02617645263672,285.754638671875,-0.0071973128202386105,-0.004153928258219586,50.6,78.13333333333333,55.733333333333334,-0.018530314819182325,29.725780487060547,-0.020936908040535385,37.40999984741211,-0.023874635820207324,39.25,-0.0029360623836256483,16.979999542236328,-0.02689493602843085,11.9399995803833,1.039,91.74136,1105.214923076923,119.9105
2020-06-18,33.06676483154297,13810100,-0.08033457487517093,-0.048256488561595035,-0.08005562596573657,0.1269181775245627,0.08566666666666667,257.7843333333333,10.546666666666667,32.94,120.2173,0.71,74.92666666666666,38.79,63.78951644897461,285.8646545410156,-0.0036963007440742324,0.0003850011662172026,50.2,76.76666666666667,54.46666666666667,0.002278684390694341,29.793516159057617,0.001069257302606319,37.45000076293945,0.0022929975181629203,39.34000015258789,-0.02885746668598732,16.489999771118164,0.008375241623460372,12.039999961853027,1.059,91.85167,1106.345142857143,120.2173
2020-06-19,31.867694854736328,20499000,-0.0749636847350198,-0.007235820288068129,-0.02691728738287691,0.1528221764021105,0.086,257.828,10.52,35.12,120.2186,0.7,74.74,39.72,63.0068473815918,284.2308654785156,-0.012269556362115908,-0.0057152538327035485,49.8,75.4,53.2,-0.041571964016503316,28.554941177368164,-0.030974628138326965,36.290000915527344,-0.06354855084654953,36.84000015258789,-0.02971496530742146,16.0,-0.053156174862998395,11.399999618530273,1.063,91.96198,1107.4753626373627,120.2186
2020-06-22,31.692445755004883,14395700,0.01979066041830002,-0.039289794052937865,-0.030849720530894076,0.09196761260206965,0.087,257.95899999999995,10.44,31.77,119.7532,0.71,74.17999999999999,40.6,63.112876892089844,286.05438232421875,0.0016828251992342391,0.006415618664894707,48.6,71.3,49.4,-0.006777230104602849,28.361417770385742,0.004960052373511159,36.470001220703125,-0.008143301732301267,36.540000915527344,-0.06749999523162842,14.920000076293945,-0.01666663041588734,11.210000038146973,1.08,92.29291,1110.866021978022,119.7532
2020-06-23,32.05217361450195,15215000,-0.01640309749074209,-0.05352526128309143,-0.05640287136177835,0.09697838147599125,0.08733333333333333,258.00266666666664,10.413333333333332,31.37,119.3285,0.72,73.99333333333333,40.4,63.12202453613281,287.3712158203125,0.00014494100876771832,0.004603437589014936,48.2,69.93333333333334,48.13333333333333,0.01125877977082168,28.68073272705078,0.00987114335897532,36.83000183105469,-0.012588918252522063,36.08000183105469,-0.06166220318964433,14.0,0.011596798750984405,11.34000015258789,1.05,92.40322,1111.9962417582417,119.3285
2020-06-24,29.746257781982422,19031700,0.04837208634278145,-0.021085169758712774,-0.018294576049176947,0.16434116122194942,0.08766666666666667,258.04633333333334,10.386666666666667,33.84,119.9744,0.69,73.80666666666667,37.91,60.92807388305664,280.040771484375,-0.03475729223197355,-0.02550862415016919,47.8,68.56666666666666,46.86666666666667,-0.07759777838132753,26.455171585083008,-0.06625040239202118,34.38999938964844,-0.08342577559515829,33.06999969482422,-0.06857143129621235,13.039999961853027,-0.09523808722873683,10.260000228881836,1.001,92.51353,1113.1264615384616,119.9744
2020-06-25,30.41036033630371,18182600,0.034880169937042016,0.00758251474383087,-0.043676009971784,0.11798608448544878,0.088,258.09,10.36,32.22,120.2997,0.68,73.62,38.66,61.60454177856445,283.0429992675781,0.01110272904418741,0.010720681018301814,47.4,67.2,45.6,0.024506188803290918,27.103487014770508,0.03169526524958255,35.47999954223633,0.04898696543194436,34.689998626708984,0.00996933395868238,13.170000076293945,0.039960997881653304,10.670000076293945,1.007,92.62384,1114.2566813186813,120.2997
2020-06-26,29.478775024414062,23962000,0.0732164384568521,0.021276555821899468,0.010325279863928172,0.1608258049889204,0.08833333333333333,258.1336666666666,10.333333333333332,34.73,120.533,0.64,73.43333333333334,38.53,60.46185302734375,276.3202819824219,-0.018548774460949047,-0.023751575917978607,47.0,65.83333333333333,44.333333333333336,-0.03927161886253183,26.03908920288086,-0.03325818264938474,34.29999923706055,-0.051888132266303066,32.88999938964844,-0.059984810727148785,12.380000114440918,-0.034676652569209265,10.300000190734863,0.971,92.73415,1115.386901098901,120.533
2020-06-29,32.31966018676758,25720800,-0.05793390424560674,-0.05108455037265103,-0.0927511727779774,0.09132412815487445,0.08933333333333333,258.26466666666664,10.253333333333332,31.78,120.6658,0.64,72.87333333333333,39.67,62.44554901123047,280.3814697265625,0.03280905041050586,0.014697392876860782,45.8,61.733333333333334,40.53333333333333,0.06317353773246981,27.684070587158203,0.07609331394770136,36.90999984741211,0.0723624540067429,35.27000045776367,0.07592888301243383,13.319999694824219,0.07378642862215457,11.0600004196167,1.006,93.06508000000001,1118.7775604395604,120.6658
2020-06-30,31.526418685913086,18758400,-0.03774123698198606,0.04593348278045695,-0.09420710593182624,0.10035118440566282,0.08966666666666666,258.3083333333333,10.226666666666667,30.43,120.4649,0.66,72.68666666666667,39.27,62.80207824707031,283.97308349609375,0.00570944192957179,0.012809740148070015,45.4,60.36666666666667,39.266666666666666,-0.01957349191762736,27.142196655273438,-0.017610445097969274,36.2599983215332,-0.018712782502015246,34.61000061035156,-0.018768769198781787,13.069999694824219,-0.01446661799421256,10.899999618530273,1.02,93.17539000000001,1119.9077802197803,120.4649
2020-07-01,31.18514633178711,16127000,-0.06625248516849969,0.011830888297356346,-0.08636496469296207,0.10913946289167731,0.09,258.352,10.2,28.62,120.0808,0.69,72.5,39.88,62.518672943115234,285.9622802734375,-0.004512673972987491,0.007004877901997109,45.0,59.0,38.0,-0.012477786878840713,26.80352210998535,-0.015443948828348208,35.70000076293945,-0.004622936856125137,34.45000076293945,-0.019892829478066476,12.8100004196167,-0.021100876172997607,10.670000076293945,1.025,93.2857,1121.038,120.0808
2020-07-02,31.471078872680664,12300600,-0.02637760002191525,0.0002932743447252584,-0.07444307723151689,0.11166479766645976,0.09032258064516129,258.3830967741935,10.141935483870967,27.68,119.8555,0.68,72.5516129032258,40.57,63.05803680419922,287.5369567871094,0.008627244240688503,0.005506588184169381,45.193548387096776,58.645161290322584,37.774193548387096,0.0007219931451212247,26.822874069213867,0.022128876712727008,36.4900016784668,-0.008998588285214493,34.13999938964844,-0.02419987583622385,12.5,0.0,10.670000076293945,1.04,93.32888064516129,1121.4785108695653,119.8555
2020-07-06,31.63710594177246,16454900,-0.04839646577687107,-0.03848397731832032,-0.0845481283333801,0.13002923080215756,0.09161290322580645,258.5074838709677,9.909677419354837,27.94,119.2852,0.69,72.75806451612902,40.51,63.963043212890625,291.9757995605469,0.014351959790653401,0.015437468710236102,45.96774193548387,57.225806451612904,36.87096774193548,0.02597399642222009,27.51957130432129,0.016168816811429565,37.08000183105469,0.03134152647784316,35.209999084472656,0.024000015258789142,12.800000190734863,0.03186505624712077,11.010000228881836,1.072,93.50160322580646,1123.240554347826,119.2852
2020-07-07,30.447256088256836,10922100,0.007270566156476477,0.018479394800431148,-0.008785243947443622,0.16601035222977245,0.09193548387096774,258.5385806451613,9.851612903225806,29.43,119.5717,0.65,72.80967741935484,40.59,62.73808670043945,288.9645080566406,-0.019151004250596793,-0.010313496900902552,46.16129032258065,56.87096774193548,36.645161290322584,-0.05028139028752132,26.135848999023438,-0.026429431190395314,36.099998474121094,-0.07554671731261564,32.54999923706055,-0.06953127578599338,11.90999984741211,-0.04632154571114222,10.5,1.063,93.54478387096775,1123.6810652173913,119.5717
2020-07-08,30.336572647094727,16028400,0.08695656821041253,0.012465812068719329,0.003952631297342801,0.1425965795501707,0.09225806451612903,258.56967741935483,9.793548387096774,28.08,119.5525,0.67,72.86129032258064,40.91,62.73808670043945,291.1746520996094,0.0,0.007648496550086925,46.354838709677416,56.516129032258064,36.41935483870968,0.0,26.135848999023438,0.004432128924515277,36.2599983215332,-0.0006144534019190129,32.529998779296875,0.006717038180603874,11.989999771118164,0.009523845854259694,10.600000381469727,1.067,93.58796451612903,1124.1215760869566,119.5525
2020-07-09,29.11905288696289,17209500,0.08362364796220811,0.038644323586455975,0.054165091895666206,0.22236281806826197,0.09258064516129032,258.6007741935484,9.735483870967741,29.26,119.5129,0.62,72.91290322580645,39.64,61.375999450683594,289.5169372558594,-0.02171069156538874,-0.005693197645456172,46.54838709677419,56.16129032258065,36.193548387096776,-0.0503517113984443,24.81986427307129,-0.050193044100153794,34.439998626708984,-0.07254837969760108,30.170000076293945,-0.0675562536617833,11.180000305175781,-0.05849064310575369,9.979999542236328,1.071,93.63114516129033,1124.5620869565219,119.5129
2020-07-10,30.640947341918945,14939500,0.027393447775277968,-0.04695953813212972,0.0532814190334685,0.17369078165946772,0.0929032258064516,258.6318709677419,9.67741935483871,27.29,119.3509,0.65,72.96451612903226,40.56,62.171302795410156,292.4731750488281,0.012957888292566277,0.010210932116749394,46.74193548387097,55.806451612903224,35.96774193548387,0.056140447408646654,26.2132625579834,0.03745647406986019,35.72999954223633,0.08286370852931291,32.66999816894531,0.06797846640985128,11.9399995803833,0.0621243354380423,10.600000381469727,1.091,93.67432580645162,1125.002597826087,119.3509
2020-07-13,30.105981826782227,15503400,0.010416615851099209,-0.03400735101957941,0.08118856793864504,0.2172180987259098,0.09387096774193548,258.72516129032255,9.503225806451612,32.19,119.1891,0.64,73.11935483870967,40.06,62.42725372314453,289.94061279296875,0.004116866081713688,-0.008659126620540691,47.32258064516129,54.74193548387097,35.29032258064516,-0.009966893683969191,25.951997756958008,-0.023789490204619623,34.880001068115234,-0.027854239089871835,31.760000228881836,-0.02596310526272494,11.630000114440918,-0.04056606506613736,10.170000076293945,1.066,93.80386774193549,1126.3241304347825,119.1891
2020-07-14,30.668624877929688,11588800,0.011127922348336927,-0.0288722841297,0.060150161774298105,0.17864641457108044,0.09419354838709677,258.7562580645161,9.44516129032258,29.52,119.3901,0.63,73.17096774193548,40.3,63.78023147583008,293.6979675292969,0.02167286997255724,0.012959049441656045,47.516129032258064,54.38709677419355,35.064516129032256,-0.026472622540655966,25.26498031616211,0.017488549073158666,35.4900016784668,-0.0006297373305899079,31.739999771118164,-0.005159107396929152,11.569999694824219,0.02163227781498489,10.390000343322754,1.073,93.84704838709678,1126.7646413043478,119.3901
2020-07-15,32.97453689575195,21286100,-0.06853149272039105,-0.1107692006908314,-0.029091018046229822,0.09454520129795241,0.09451612903225806,258.78735483870963,9.387096774193548,27.76,119.0331,0.64,73.22258064516129,41.2,65.40740966796875,296.39617919921875,0.02551226539143725,0.009187028744598758,47.70967741935484,54.03225806451613,34.83870967741935,0.09536576958425425,27.674394607543945,0.0921385316544081,38.7599983215332,0.14587269042703888,36.369998931884766,0.16162488633388783,13.4399995803833,0.11164579490679194,11.550000190734863,1.101,93.89022903225808,1127.2051521739131,119.0331
2020-07-16,31.554094314575195,11389900,-0.04150825285175086,-0.09500156346025646,0.02016951378834131,0.1473252256650721,0.09483870967741935,258.8184516129032,9.329032258064515,28.0,118.9275,0.62,73.27419354838709,40.74,65.4256820678711,295.42010498046875,0.0002793628427588679,-0.003293140354869273,47.903225806451616,53.67741935483871,34.61290322580645,-0.04685322632925126,26.37775993347168,-0.03818368437374542,37.279998779296875,-0.05169088008330447,34.4900016784668,-0.07366069955561183,12.449999809265137,-0.045887422010290946,11.020000457763672,1.068,93.93340967741936,1127.6456630434782,118.9275
2020-07-17,31.480308532714844,7775600,-0.0723705081713456,-0.09493128886305924,-0.009376089837906054,0.136829595944149,0.09516129032258065,258.8495483870968,9.270967741935484,25.68,119.124,0.64,73.3258064516129,40.55,65.81876373291016,296.2764587402344,0.006008063693264898,0.002898766012632281,48.096774193548384,53.32258064516129,34.38709677419355,-0.00770350835164979,26.174558639526367,-0.007510697115483023,37.0,-0.0165266303793008,33.91999816894531,-0.0433734915763746,11.90999984741211,-0.018148888805040952,10.819999694824219,1.061,93.97659032258065,1128.0861739130435,119.124
2020-07-20,30.419584274291992,12541800,-0.04396599004189894,-0.042449934392455035,0.03577913905169128,0.2031534007669502,0.09612903225806452,258.9428387096774,9.096774193548386,24.46,119.0483,0.62,73.48064516129033,40.83,65.01432037353516,298.67083740234375,-0.012222097677789812,0.008081569059824156,48.67741935483871,52.25806451612903,33.70967741935484,-0.030683872710988158,25.371421813964844,-0.030000016495988158,35.88999938964844,-0.046874894567250025,32.33000183105469,-0.03694370999332186,11.470000267028809,-0.026802215344955083,10.529999732971191,1.077,94.10613225806452,1129.407706521739,119.0483
2020-07-21,31.009902954101562,11922600,-0.03955998602544453,-0.06603229647708342,0.01933360068691825,0.18530592713056615,0.0964516129032258,258.97393548387095,9.038709677419355,24.84,118.4042,0.61,73.53225806451613,41.76,65.87361907958984,299.3063659667969,0.01321706819540136,0.002127856103999237,48.87096774193548,51.903225806451616,33.483870967741936,0.008008986965201803,25.574621200561523,0.008637541893645961,36.20000076293945,0.02288889025235763,33.06999969482422,0.0,11.470000267028809,0.0037986669389724614,10.569999694824219,1.119,94.1493129032258,1129.8482173913044,118.4042
2020-07-22,30.71474266052246,10424000,-0.04534528826293571,-0.017417471161783493,0.03483475602716979,0.2060059971294208,0.0967741935483871,259.0050322580645,8.980645161290322,24.32,118.1337,0.6,73.58387096774193,41.88,66.40380096435547,301.010009765625,0.008048470574010036,0.0056919731504043725,49.064516129032256,51.54838709677419,33.25806451612903,-0.006810323655940698,25.400449752807617,0.0027623887296563954,36.29999923706055,-0.042334430947980506,31.670000076293945,-0.009590288386284174,11.359999656677246,0.004730387150280402,10.619999885559082,1.114,94.1924935483871,1130.2887282608697,118.1337
2020-07-23,30.244338989257812,22888500,-0.05580988127196862,0.007014302557952545,0.05794436739345743,0.2150045431773382,0.0970967741935484,259.03612903225803,8.92258064516129,26.08,118.0613,0.59,73.63548387096773,40.99,66.20272064208984,297.4184875488281,-0.003028144764989582,-0.011931570712858774,49.25806451612903,51.193548387096776,33.03225806451613,0.02019042961966866,25.91329574584961,0.010192808255131247,36.66999816894531,0.04925795586309745,33.22999954223633,0.03609162090470952,11.770000457763672,0.008474590730483067,10.710000038146973,1.11,94.23567419354839,1130.7292391304347,118.0613
2020-07-24,29.202062606811523,14976700,-0.024320896317385432,0.05116852449114129,0.16582421588198426,0.3243839715391432,0.09741935483870968,259.0672258064516,8.864516129032259,25.84,118.1329,0.59,73.68709677419355,41.23,65.67250061035156,295.5029296875,-0.00800903688845056,-0.006440614627272079,49.45161290322581,50.83870967741935,32.806451612903224,-0.030619982437842364,25.119831085205078,-0.04390501434542626,35.060001373291016,-0.010532605445156107,32.880001068115234,-0.032285480005250444,11.390000343322754,-0.03921569325844865,10.289999961853027,1.112,94.27885483870968,1131.16975,118.1329
2020-07-27,29.082157135009766,9759000,0.0015857758548885048,0.10973681721754214,0.1753886852771085,0.357120080464729,0.09838709677419355,259.16051612903226,8.690322580645162,24.74,117.3869,0.62,73.84193548387097,41.46,65.94674682617188,297.6578674316406,0.004175967311606854,0.007292441216808054,50.03225806451613,49.774193548387096,32.12903225806452,-0.017719554995563436,24.674718856811523,-0.025955499479967337,34.150001525878906,-0.013990355359690065,32.41999816894531,0.0,11.390000343322754,-0.005830944590780596,10.229999542236328,1.134,94.40839677419355,1132.4912826086957,117.3869
2020-07-28,29.783151626586914,10257600,-0.027562690086275654,0.09290795634362947,0.12666471084855924,0.2728398920803392,0.09870967741935484,259.1916129032258,8.63225806451613,25.44,117.3189,0.59,73.89354838709677,40.89,65.48966217041016,295.77008056640625,-0.006931117572282153,-0.0063421366333208384,50.225806451612904,49.41935483870968,31.903225806451612,0.017254996054236305,25.100481033325195,0.024890144542950132,35.0,0.03207899365409417,33.459999084472656,0.03336260781271072,11.770000457763672,0.007820222967759971,10.3100004196167,1.101,94.45157741935485,1132.931793478261,117.3189
2020-07-29,29.32197380065918,11150800,0.029254364701490454,0.10883898358170896,0.18433433232558127,0.25605518033086105,0.09903225806451613,259.22270967741935,8.574193548387097,24.1,117.2126,0.58,73.94516129032257,41.13,66.48611450195312,299.4075927734375,0.015215414135899996,0.012298445468403418,50.41935483870968,49.064516129032256,31.677419354838708,-0.008481155718657374,24.88759994506836,-0.006857190813337022,34.7599983215332,-0.026598906575028836,32.56999969482422,-0.03143592394589423,11.399999618530273,-0.034917613549907744,9.949999809265137,1.117,94.49475806451613,1133.372304347826,117.2126
2020-07-30,28.556406021118164,12316500,0.06653764171410192,0.12112406666915576,0.25355293401633383,0.23191208848165767,0.09935483870967743,259.2538064516129,8.516129032258064,24.76,117.4008,0.55,73.99677419354838,39.85,65.81876373291016,298.33929443359375,-0.010037445774085163,-0.0035680402422263446,50.61290322580645,48.70967741935484,31.451612903225808,-0.030326472398256588,24.13284683227539,-0.002876826206839822,34.65999984741211,-0.025483571737274335,31.739999771118164,-0.01929818602773381,11.180000305175781,0.02512562862234513,10.199999809265137,1.083,94.53793870967742,1133.8128152173913,117.4008
2020-07-31,28.49184226989746,11115400,0.07737115668829908,0.12981550122302754,0.21657503974278636,0.2809972144067341,0.09967741935483872,259.28490322580643,8.458064516129033,24.46,117.2082,0.55,74.04838709677419,40.1,65.57193756103516,300.6968078613281,-0.0037500882404386537,0.007902121751042435,50.806451612903224,48.354838709677416,31.225806451612904,0.0012027603579416457,24.16187286376953,-0.006347409742402221,34.439998626708984,-0.011342174320969733,31.3799991607666,-0.005366763683264164,11.119999885559082,0.013725524111832366,10.34000015258789,1.087,94.58111935483872,1134.2533260869566,117.2082
2020-08-03,29.12827491760254,13462200,0.10797980958779374,0.07061425436291735,0.20044304446061822,0.25174138540120694,0.09935483870967743,259.35993548387097,8.361290322580645,24.28,117.8074,0.56,74.50645161290322,40.83,65.84620666503906,302.78729248046875,0.004182720752282432,0.006952134390813658,50.935483870967744,47.03225806451613,30.870967741935484,0.009211243011798542,24.38443374633789,-0.012775802678684056,34.0,0.01561509533369998,31.8700008392334,-0.003597118908694741,11.079999923706055,-0.02224376136523365,10.109999656677246,1.095,94.62270000000001,1135.5748586956522,117.8074
2020-08-04,28.962247848510742,12116700,0.12388525738547962,0.08789797583189607,0.24745209920156386,0.222930214832054,0.09903225806451614,259.3819032258064,8.341935483870968,23.76,117.7833,0.52,74.70967741935483,41.67,66.01075744628906,303.9568786621094,0.0024990168695224746,0.003862732058730778,50.903225806451616,46.54838709677419,30.806451612903224,0.01865075944509531,24.839221954345703,0.008823506972369,34.29999923706055,0.013178539856732785,32.290000915527344,0.035198587184855024,11.470000267028809,0.01780418509281545,10.289999961853027,1.111,94.62190000000001,1136.0153695652175,117.7833
2020-08-05,30.17976951599121,14899600,0.07732259547259734,0.04737168447915119,0.18398540443715383,0.18734711627603318,0.09870967741935484,259.4038709677419,8.32258064516129,22.99,116.8736,0.55,74.91290322580645,42.25,67.27225494384766,305.84478759765625,0.019110483599359407,0.006211107785606407,50.87096774193548,46.064516129032256,30.741935483870968,0.031164626389839523,25.613327026367188,0.042565571922670964,35.7599983215332,0.04459580631403859,33.72999954223633,0.09503052547619895,12.5600004196167,0.04470359959691739,10.75,1.127,94.6211,1136.4558804347826,116.8736
2020-08-06,30.45648193359375,15007900,0.05118096429050967,0.043609806833280196,0.19291346275243026,0.178982573111369,0.09838709677419355,259.4258387096774,8.303225806451612,22.65,117.0422,0.55,75.11612903225806,41.93,67.52822875976562,307.88922119140625,0.0038050428981699636,0.0066845461379563265,50.83870967741935,45.58064516129032,30.677419354838708,0.023044793413539377,26.203580856323242,0.01845637243821363,36.41999816894531,0.019863681966660218,34.400001525878906,0.03821652278662713,13.039999961853027,0.006511599518532085,10.819999694824219,1.127,94.6203,1136.8963913043478,117.0422
2020-08-07,30.6962890625,9381200,0.04867806624407467,0.0423679557511214,0.21694718230044852,0.23347365328635505,0.09806451612903226,259.4478064516129,8.283870967741935,22.21,117.6239,0.57,75.31935483870967,41.16,68.68004608154297,308.1101989746094,0.017056827091896265,0.0007177184779254553,50.806451612903224,45.096774193548384,30.612903225806452,0.0036929812538346596,26.300350189208984,0.005216981080692795,36.61000061035156,-0.002034874759280436,34.33000183105469,-0.0007668887201756069,13.029999732971191,-0.005545237304496742,10.760000228881836,1.094,94.6195,1137.3369021739131,117.6239
2020-08-10,32.27354049682617,15958000,-0.0337240398259403,0.054872543161808895,0.12089171620678418,0.14346959894519284,0.0970967741935484,259.51370967741934,8.225806451612904,22.13,117.5821,0.59,75.92903225806451,41.94,70.3712387084961,309.03118896484375,0.0246242209119254,0.0029891577536200753,50.70967741935484,43.645161290322584,30.419354838709676,0.07947018186580879,28.390443801879883,0.0721114270864549,39.25,0.09350419205538496,37.540000915527344,0.07444361373042185,14.0,0.08643116465789413,11.6899995803833,1.115,94.61710000000001,1138.6584347826088,117.5821
2020-08-11,32.55024337768555,21870300,-0.03202042318563869,0.05015615531080986,0.10342861957861449,0.24369533699814983,0.0967741935483871,259.53567741935484,8.206451612903226,24.03,117.3781,0.64,76.13225806451612,41.53,70.74603271484375,306.4801940917969,0.005325954370366981,-0.008254813637393332,50.67741935483871,43.16129032258065,30.35483870967742,0.010224881555098264,28.68073272705078,-0.006878992554488428,38.97999954223633,-0.018913134447447133,36.83000183105469,-0.019285746983119467,13.729999542236328,0.001710903206295633,11.710000038146973,1.122,94.61630000000001,1139.098945652174,117.3781
2020-08-12,32.51334762573242,13003000,-0.027801246459800977,0.03205693556359668,0.10496447393630937,0.27120584936676795,0.0964516129032258,259.55764516129034,8.187096774193549,22.28,117.2559,0.69,76.33548387096774,42.6,70.97456359863281,310.7532653808594,0.0032302996368742676,0.013942405974144645,50.645161290322584,42.67741935483871,30.29032258064516,-0.018555939882545447,28.148534774780273,-0.013340186348648642,38.459999084472656,-0.011675272435452633,36.400001525878906,-0.013838280168824713,13.539999961853027,-0.008539742198459543,11.609999656677246,1.119,94.61550000000001,1139.539456521739,117.2559
2020-08-13,32.01527404785156,8576800,-0.007202525268652948,0.08470163996619884,0.15413449352835573,0.24517456543922211,0.09612903225806452,259.5796129032258,8.167741935483871,22.13,117.1193,0.71,76.53870967741935,42.26,70.59978485107422,310.1914978027344,-0.0052804656845514275,-0.0018077608209088325,50.61290322580645,42.193548387096776,30.225806451612904,-0.013406614568606146,27.77115821838379,-0.017420649633239527,37.790000915527344,-0.016208794721297548,35.810001373291016,-0.017725241639167555,13.300000190734863,-0.023255771927096602,11.34000015258789,1.097,94.6147,1139.9799673913044,117.1193
2020-08-14,32.19052505493164,7373400,-0.006017204608420479,0.11203425516199284,0.16361015922990596,0.20114621547082767,0.09580645161290323,259.6015806451613,8.148387096774194,22.05,116.9395,0.71,76.74193548387096,42.05,70.87400817871094,310.2007141113281,0.0038841949478340965,2.9711673785515202e-05,50.58064516129032,41.70967741935484,30.161290322580644,0.008710732114544761,28.013065338134766,-0.002910839049658942,37.68000030517578,0.010332279187253324,36.18000030517578,0.002255618988042496,13.329999923706055,0.012345625023337359,11.479999542236328,1.097,94.6139,1140.4204782608697,116.9395
2020-08-17,31.18514633178711,8113500,0.09168869623103326,0.1115055793890618,0.24519366913684015,0.2978408927022498,0.09483870967741935,259.6674838709677,8.09032258064516,21.35,116.749,0.69,77.35161290322581,42.89,70.544921875,311.1861267089844,-0.004643257975210591,0.0031766935175481237,50.483870967741936,40.25806451612903,29.967741935483872,-0.03212431147891248,27.1131649017334,-0.03768582728614056,36.2599983215332,-0.04919841802882008,34.400001525878906,-0.05326331899554704,12.619999885559082,-0.03048775625013911,11.130000114440918,1.108,94.6115,1141.7420108695653,116.749
2020-08-18,31.507970809936523,7256100,0.08489495074564823,0.10977743482437541,0.18267020702088743,0.33430916450146553,0.09451612903225806,259.6894516129032,8.070967741935483,21.51,116.5593,0.67,77.55483870967743,42.89,70.1609878540039,311.85833740234375,-0.00544240479387581,0.002160156368371746,50.45161290322581,39.774193548387096,29.903225806451612,-0.01391864303237389,26.73578643798828,-0.0019304936035434705,36.189998626708984,-0.012209359448039914,33.97999954223633,-0.0015847467726398667,12.600000381469727,-0.007187773843978396,11.050000190734863,1.123,94.61070000000001,1142.1825217391304,116.5593
2020-08-19,31.60943603515625,14959400,0.06156990204464674,0.14298201448572967,0.1622410883413241,0.33236043341333765,0.09419354838709677,259.7114193548387,8.051612903225806,22.54,116.567,0.68,77.75806451612904,42.91,69.97814178466797,310.55987548828125,-0.0026060931427649425,-0.004163627385684654,50.41935483870968,39.29032258064516,29.838709677419356,0.0014477873409139974,26.774494171142578,-0.009394865031494226,35.849998474121094,0.013537348165672869,34.439998626708984,0.006349200101906982,12.680000305175781,-0.006334900207262351,10.979999542236328,1.094,94.60990000000001,1142.6230326086957,116.567
2020-08-20,31.784683227539062,9149300,0.092570909550028,0.12420206803418665,0.088798780244844,0.3232731616900484,0.09387096774193548,259.7333870967742,8.03225806451613,22.72,116.8126,0.65,77.96129032258065,42.62,69.60333251953125,311.52691650390625,-0.0053560905673953885,0.0031138633543839056,50.38709677419355,38.806451612903224,29.774193548387096,-0.0018070822350287896,26.726110458374023,-0.002231464986397924,35.77000045776367,-0.011324024541220057,34.04999923706055,-0.014195607322052495,12.5,-0.014571935708798889,10.819999694824219,1.107,94.60910000000001,1143.063543478261,116.8126
2020-08-21,31.996828079223633,11435500,0.11876609969280882,0.13548590618741452,0.09887584629847979,0.3283367767369576,0.0935483870967742,259.75535483870965,8.012903225806452,22.54,117.0572,0.64,78.16451612903226,42.32,69.8867416381836,312.6319274902344,0.004071775134801392,0.003547080293186289,50.354838709677416,38.32258064516129,29.70967741935484,-0.012671976285772546,26.38743782043457,-0.009505176075951027,35.43000030517578,-0.029662212750768746,33.040000915527344,-0.027200012207031277,12.15999984741211,-0.02402950855274899,10.5600004196167,1.076,94.6083,1143.504054347826,117.0572
2020-08-24,34.044471740722656,15211900,0.01815250375536981,0.09726368398913832,0.017339690028207677,0.23381224428694147,0.09258064516129032,259.82125806451614,7.95483870967742,22.37,116.912,0.65,78.7741935483871,42.44,71.14824676513672,315.7999267578125,0.018050707435813385,0.01013331969325848,50.25806451612903,36.87096774193548,29.516129032258064,0.09277596915042885,28.83555793762207,0.058989560671343755,37.52000045776367,0.09927356805112608,36.31999969482422,0.10526313725600911,13.4399995803833,0.08238634952541601,11.430000305175781,1.11,94.6059,1144.8255869565219,116.912
2020-08-25,34.182838439941406,11774000,0.022935385644135886,0.0582838010692317,-0.00539682390886731,0.26308679579315575,0.09225806451612903,259.84322580645164,7.935483870967742,22.03,116.8206,0.69,78.97741935483872,43.17,71.05683898925781,316.9049987792969,-0.0012847509254957368,0.003499278903670744,50.225806451612904,36.38709677419355,29.451612903225808,0.010066981136630737,29.125844955444336,0.005063929221506003,37.709999084472656,-0.03028630185472847,35.220001220703125,-0.022321372502006498,13.140000343322754,-0.005249380403737125,11.369999885559082,1.149,94.60510000000001,1145.266097826087,116.8206
2020-08-26,33.555625915527344,7938200,0.07669029828773244,0.07036805713606209,0.019790923702248442,0.32627802763992486,0.09193548387096774,259.8651935483871,7.916129032258064,23.27,116.6243,0.69,79.18064516129033,43.21,71.0934066772461,320.0821533203125,0.0005146258756854039,0.010025574078206034,50.193548387096776,35.903225806451616,29.387096774193548,-0.004983258057733031,28.980703353881836,-0.027048541037585583,36.689998626708984,-0.027541203494704458,34.25,-0.026636253601590165,12.789999961853027,-0.019349188148034102,11.149999618530273,1.16,94.60430000000001,1145.7066086956522,116.6243
2020-08-27,34.727020263671875,14342500,0.028951126382438463,0.034528553915645466,0.015670930237667413,0.28207202080962435,0.09161290322580645,259.8871612903226,7.896774193548387,24.47,116.649,0.74,79.38387096774194,42.88,71.349365234375,320.7820129394531,0.0036003135746598414,0.0021864999715877076,50.16129032258065,35.41935483870968,29.322580645161292,0.029048517414664188,29.82254981994629,0.0493322823940745,38.5,0.05751828381614965,36.220001220703125,0.038311162828742695,13.279999732971191,0.04035881420045917,11.600000381469727,1.105,94.60350000000001,1146.1471195652175,116.649
2020-08-28,35.796966552734375,14082600,0.014944863362588823,0.032208470624341956,-0.03091978226676162,0.22983782965826793,0.09129032258064516,259.9091290322581,7.877419354838709,22.96,115.9374,0.74,79.58709677419355,42.96,72.02583312988281,322.8540954589844,0.009481063963017622,0.0064594722769644175,50.12903225806452,34.935483870967744,29.258064516129032,0.03796226625065047,30.954681396484375,0.057922066032112474,40.72999954223633,0.030922111930923535,37.34000015258789,0.023343405560998676,13.59000015258789,0.03189654080961346,11.970000267028809,1.117,94.60270000000001,1146.5876304347826,115.9374
2020-08-31,34.6624641418457,9824300,0.07770071766456765,0.08062778894139999,-0.0021287490960547606,0.23310259320444482,0.09032258064516129,259.9750322580645,7.819354838709677,26.41,115.7586,0.72,80.19677419354839,42.61,71.12998962402344,321.6845397949219,-0.012437808310303278,-0.003622551736256585,50.03225806451613,33.483870967741936,29.06451612903226,-0.03563614598111253,29.85157585144043,-0.04370240116136137,38.95000076293945,-0.03588645278821778,36.0,-0.03973509608461612,13.050000190734863,-0.03759396818934535,11.520000457763672,1.104,94.6003,1147.9091630434782,115.7586
2020-09-01,34.966835021972656,10868600,0.034555863372384144,0.11052506636777615,0.0005278002815953808,0.24690089158755302,0.09,259.997,7.8,26.12,115.5687,0.68,80.4,42.76,71.8521499633789,324.7143859863281,0.010152684446780302,0.00941868761656317,50.0,33.0,29.0,-0.00453816390358508,29.71610450744629,0.005134807677070752,39.150001525878906,0.0002777311537001115,36.0099983215332,0.003831432184220329,13.100000381469727,-0.006076444940708248,11.449999809265137,1.104,94.5995,1148.3496739130435,115.5687
2020-09-02,36.1290168762207,11157400,-0.005871921723196172,0.031401947311821665,-0.010466999014360101,0.21113113127909866,0.09,260.00773333333336,7.77,26.57,116.0304,0.66,80.44666666666667,42.76,73.0405502319336,329.4109802246094,0.016539522744418722,0.014463770134529819,49.96666666666667,32.96666666666667,28.833333333333332,0.014001979615010374,30.13218879699707,0.033716465986640465,40.470001220703125,0.024437687007305753,36.88999938964844,0.00992359976954571,13.229999542236328,0.020087379890131762,11.680000305175781,1.071,94.63187333333335,1148.7901847826088,116.0304
2020-09-03,35.73240661621094,16721400,0.005420498010256347,0.028136328289973367,-0.006453268675384649,0.23438321364410264,0.09,260.01846666666665,7.74,33.6,116.0685,0.63,80.49333333333334,41.39,70.99285125732422,318.0745849609375,-0.028035097875181547,-0.03441413900636259,49.93333333333333,32.93333333333333,28.666666666666668,0.002569068318695855,30.2096004486084,-0.001976818103325395,40.38999938964844,0.013824942929480777,37.400001525878906,0.00982616167339212,13.359999656677246,0.005993124400279326,11.75,1.049,94.66424666666667,1149.230695652174,116.0685
2020-09-04,36.331947326660156,15543400,0.01700940404245932,-0.04747400359631182,-0.04595083136623934,0.20817450112880853,0.09,260.0292,7.71,30.75,116.0347,0.72,80.54,39.69,71.15738677978516,315.4775695800781,0.002317635079404745,-0.008164800030088237,49.9,32.9,28.5,0.017616974705545685,30.741802215576172,0.010646207270951002,40.81999969482422,0.021657687848843254,38.209999084472656,0.018712575331171655,13.609999656677246,0.03234043527156749,12.130000114440918,1.041,94.69662000000001,1149.6712065217391,116.0347
2020-09-08,37.35576248168945,15808600,0.0027160335229019505,-0.058765256052306536,-0.047160459813027966,0.18246931429471824,0.09,260.07213333333334,7.59,31.46,116.4618,0.69,80.72666666666667,36.87,69.82273864746094,306.8578186035156,-0.018756283679368768,-0.027322864785715106,49.766666666666666,32.766666666666666,27.833333333333332,0.024236612022739523,31.486879348754883,0.019108250493097723,41.599998474121094,-0.02433918679557634,37.279998779296875,0.0014695413863481388,13.630000114440918,0.025556427289174177,12.4399995803833,0.978,94.82611333333334,1151.43325,116.4618
2020-09-09,36.17514419555664,12211500,0.07343170696239842,-0.04258039330400187,-0.00586443437202,0.20550733584186687,0.09,260.0828666666667,7.56,28.81,116.1291,0.71,80.77333333333334,38.05,70.90143585205078,312.9173583984375,0.015449081853352142,0.019747060128688654,49.733333333333334,32.733333333333334,27.666666666666668,-0.023970461212805105,30.73212432861328,-0.022355777386730558,40.66999816894531,-0.03353004401636883,36.029998779296875,-0.04255318553457288,13.050000190734863,-0.015273278681046887,12.25,1.005,94.85848666666668,1151.8737608695653,116.1291
2020-09-10,35.9168701171875,9024800,0.03749403105043325,-0.05341530124290095,0.020287843565089947,0.17514140675183776,0.09,260.09360000000004,7.53,29.71,115.8806,0.68,80.82000000000001,37.25,69.99642944335938,307.4840087890625,-0.012764288872511353,-0.01736352894318094,49.7,32.7,27.5,0.0009445470977660353,30.761152267456055,0.005409422931105912,40.88999938964844,0.011657007989795298,36.45000076293945,-0.003065131131678167,13.010000228881836,0.0,12.25,0.959,94.89086,1152.3142717391304,115.8806
2020-09-11,35.92609405517578,8044900,0.022593363000527722,-0.047496711018803706,0.006161835925762027,0.20154069789048612,0.09,260.10433333333333,7.5,26.87,116.0866,0.67,80.86666666666667,37.33,70.9471664428711,307.64056396484375,0.013582649959039017,0.0005091490006188248,49.666666666666664,32.666666666666664,27.333333333333332,-0.0028310913215601197,30.67406463623047,-0.013695220517306206,40.33000183105469,-0.010425269140230009,36.06999969482422,-0.004611869220686127,12.949999809265137,0.007346951231664622,12.34000015258789,0.994,94.92323333333334,1152.7547826086957,116.0866
2020-09-14,36.94993209838867,9680700,-0.06340492760682381,-0.04543194066859846,-0.02321549527714828,0.14528200575602224,0.09,260.1365333333334,7.41,25.85,115.6428,0.68,81.00666666666667,37.23,71.9070053100586,311.6926574707031,0.013528924625346272,0.013171518910368496,49.56666666666667,32.56666666666667,26.833333333333332,0.03533114323030073,31.757814407348633,0.029258528066068656,41.5099983215332,0.018575048220438983,36.7400016784668,0.02393825669363392,13.260000228881836,0.02350080699085,12.630000114440918,0.988,95.02035333333333,1154.0763152173913,115.6428
2020-09-15,37.45722198486328,10131200,-0.06131475664072361,-0.07387333328852308,-0.03348923220315814,0.11450389064836952,0.09,260.14726666666667,7.38,25.59,115.5908,0.68,81.05333333333334,38.29,71.95271301269531,313.2673645019531,0.000635650204589,0.005052114618381731,49.53333333333333,32.53333333333333,26.666666666666668,0.021023899894301756,32.42548751831055,0.016140737430360597,42.18000030517578,0.001633030915970668,36.79999923706055,-0.009049764968910634,13.140000343322754,-0.0007917837522741777,12.619999885559082,0.991,95.05272666666667,1154.5168260869566,115.5908
2020-09-16,38.831546783447266,19842600,-0.10807590228044583,-0.10926349018420134,-0.07838473113055044,0.10261303721799697,0.09,260.158,7.3500000000000005,26.04,115.3537,0.69,81.10000000000001,40.17,72.68403625488281,312.0240783691406,0.010163942561254968,-0.003968770046599457,49.5,32.5,26.5,0.03163239412212526,33.4511833190918,0.022285410618966717,43.119998931884766,0.040760870410273764,38.29999923706055,0.050228297577442405,13.800000190734863,0.030110944365042913,13.0,1.004,95.08510000000001,1154.9573369565219,115.3537
2020-09-17,37.2635383605957,15234600,-0.08762395693138691,-0.061138795012045444,-0.01782203516579406,0.1319305397918782,0.09,260.16873333333336,7.32,26.46,115.4392,0.69,81.14666666666666,40.99,72.83030700683594,309.27978515625,0.002012419225594364,-0.008795132821909912,49.46666666666667,32.46666666666667,26.333333333333332,-0.017645173175997786,32.860931396484375,-0.022495302180738252,42.150001525878906,0.0013054631346354206,38.349998474121094,-0.012318845937993594,13.630000114440918,-0.00692308866060698,12.90999984741211,1.041,95.11747333333334,1155.397847826087,115.4392
2020-09-18,36.73778533935547,21206300,-0.06854149122743258,-0.026864190044431302,0.0005018384128074871,0.16469967052901224,0.09,260.17946666666666,7.29,25.83,115.2395,0.7,81.19333333333333,41.09,72.01668548583984,305.71923828125,-0.011171469055042293,-0.011512381493673063,49.43333333333333,32.43333333333333,26.166666666666668,-0.03298006012331134,31.777175903320312,-0.026334533100077162,41.040000915527344,-0.03598428444134627,36.970001220703125,-0.032281770386152764,13.1899995803833,-0.020139444767999337,12.649999618530273,1.031,95.14984666666668,1155.8383586956522,115.2395
2020-09-21,34.60712432861328,14266900,0.01918970905142725,0.02585281165778408,0.070362376750569,0.2268122419960208,0.09,260.2116666666667,7.2,27.78,116.378,0.68,81.33333333333333,39.26,69.62611389160156,302.316650390625,-0.033194690620805156,-0.01112978008762,49.333333333333336,32.333333333333336,25.666666666666668,-0.0919612215606932,28.854907989501953,-0.08284603923077705,37.63999938964844,-0.0860156938105533,33.790000915527344,-0.07429867880313079,12.210000038146973,-0.08774701107905725,11.539999961853027,0.986,95.24696666666667,1157.1598913043479,116.378
2020-09-22,35.16054153442383,10740000,-0.013378900687578854,-0.014165805497918238,0.04512068568018779,0.20146889621221375,0.09,260.2224,7.17,26.86,116.5438,0.68,81.38,39.55,70.31436157226562,305.39556884765625,0.009884907288313816,0.010184415754319165,49.3,32.3,25.5,0.013413816585386318,29.241962432861328,0.006376240232692565,37.880001068115234,0.008286438937863627,34.06999969482422,0.010647019986467443,12.34000015258789,0.02253034919768626,11.800000190734863,0.956,95.27934,1157.6004021739132,116.5438
2020-09-23,34.63479232788086,6797500,-0.001331489873176439,0.027696289021304832,0.1166443062865068,0.20692392356549827,0.09,260.23313333333334,7.140000000000001,28.58,117.2526,0.68,81.42666666666666,39.92,69.05711364746094,298.3131408691406,-0.017880385979364255,-0.02319099784335321,49.266666666666666,32.266666666666666,25.333333333333332,-0.021839763462896955,28.60332489013672,-0.026927149656873595,36.86000061035156,-0.029057759689969376,33.08000183105469,-0.03322527085432214,11.930000305175781,-0.02542374456658214,11.5,0.953,95.31171333333333,1158.0409130434782,117.2526
2020-09-24,33.99835968017578,10798800,0.029028778342604644,0.057786251302389235,0.16087893070223203,0.26831249622719455,0.09,260.2438666666667,7.11,28.51,117.5473,0.67,81.47333333333333,40.11,69.1580581665039,299.1082458496094,0.0014617541005013113,0.0026653367603994838,49.233333333333334,32.233333333333334,25.166666666666668,-0.018606223635303953,28.071125030517578,-0.03147042398817379,35.70000076293945,-0.01027811770762077,32.7400016784668,-0.013411554343606635,11.770000457763672,-0.017391287762185792,11.300000190734863,0.981,95.34408666666667,1158.4814239130435,117.5473
2020-09-25,34.219722747802734,9297300,0.04474413061932481,0.07088962203312077,0.10781679271879652,0.2474395225681525,0.09,260.25460000000004,7.08,26.38,117.8679,0.66,81.52,40.06,70.1950454711914,303.9439697265625,0.014994453751012937,0.016167136627134315,49.2,32.2,25.0,0.02654261085246712,28.816205978393555,0.028011203883169467,36.70000076293945,0.04459373884005946,34.20000076293945,0.04418007509475963,12.289999961853027,0.02035394144726732,11.529999732971191,0.99,95.37646000000001,1158.9219347826088,117.8679
2020-09-28,35.27122497558594,9235200,0.006537647061368279,0.02484290741866335,0.04419444222129454,0.20606653154721855,0.09,260.2868,6.99,26.19,117.6178,0.67,81.66,40.47,71.46148681640625,308.99224853515625,0.01804174834154937,0.016609241542562492,49.1,32.1,24.5,0.05238413234426731,30.32571792602539,0.02288828706064061,37.540000915527344,0.050877129384601316,35.939998626708984,0.038242495401761056,12.760000228881836,0.03642672038342831,11.949999809265137,1.005,95.47358,1160.2434673913044,117.6178
2020-09-29,34.69013214111328,5232400,-0.0007975754936599966,0.040414633690389445,0.01409189327685545,0.22706731282047898,0.09,260.2975333333334,6.96,26.27,117.526,0.66,81.70666666666666,39.03,70.8282699584961,307.3094787597656,-0.00886095274699461,-0.0054459934945557675,49.06666666666667,32.06666666666667,24.333333333333332,-0.023292876905495197,29.61934471130371,-0.023175352300595753,36.66999816894531,-0.03978854646124197,34.5099983215332,-0.039968669258129585,12.25,-0.04435144279753622,11.420000076293945,0.968,95.50595333333334,1160.6839782608697,117.526
2020-09-30,34.58867645263672,10144900,0.029066480619074353,0.04666648432473308,0.05519997653082864,0.23760010517012176,0.09,260.30826666666667,6.930000000000001,26.37,116.946,0.69,81.75333333333333,40.05,70.64476013183594,309.63946533203125,-0.002590912170630344,0.007581889701772093,49.03333333333333,32.03333333333333,24.166666666666668,-0.0009800975164830916,29.590314865112305,-0.0010907309197508708,36.630001068115234,0.00695455491567043,34.75,0.003265303008410436,12.289999961853027,-0.007880923991823496,11.329999923706055,1.038,95.53832666666666,1161.1244891304348,116.946
2020-10-01,34.98529052734375,8186800,0.02794622809879299,0.02293695121589545,0.04218277596436848,0.22884264452659542,0.09,260.319,6.9,26.7,116.7227,0.68,81.8,38.51,70.43365478515625,311.62738037109375,-0.0029882661684422773,0.006420095826385808,49.0,32.0,24.0,0.017004550837713017,30.09348487854004,0.007643974095884021,36.90999984741211,0.012374109501461339,35.18000030517578,0.023596416822877053,12.579999923706055,0.011473973108235835,11.460000038146973,1.003,95.5707,1161.565,116.7227
2020-10-02,35.7508544921875,11937400,0.025025736587098057,0.02373570616414744,-0.009287792236172265,0.16202248600919855,0.09,260.33809677419356,6.893548387096774,27.63,116.7321,0.7,81.64193548387097,36.9,71.22290802001953,308.6686096191406,0.011205626589600337,-0.009494578905196782,48.74193548387097,31.967741935483872,24.193548387096776,0.020900320218729673,30.722448348999023,0.01652670313934812,37.52000045776367,0.02359289394989883,36.0099983215332,0.033386333771154186,13.0,0.027050647345968404,11.770000457763672,0.96,95.5875935483871,1161.8096847826087,116.7321
2020-10-05,35.50181579589844,9304300,0.01818636432600229,0.035333572303834604,0.009352944387352347,0.18576238681673662,0.09,260.3953870967742,6.8741935483870975,27.96,116.1767,0.78,81.16774193548387,39.12,72.37001037597656,314.1422424316406,0.016105806233502884,0.017733040036866043,47.96774193548387,31.870967741935484,24.774193548387096,0.00787395317596351,30.96435546875,0.0013326022508137747,37.56999969482422,0.0052763801794635246,36.20000076293945,0.00923076042762161,13.119999885559082,-0.0008496370852083546,11.760000228881836,1.028,95.63827419354838,1162.543739130435,116.1767
2020-10-06,34.6624641418457,10136000,0.04124510526924552,0.06865350649316349,0.03592350766082242,0.24401266618368211,0.09,260.41448387096773,6.867741935483871,29.48,116.2681,0.76,81.00967741935484,40.52,71.4890365600586,309.6763916015625,-0.012173189023203634,-0.014216014998523874,47.70967741935484,31.838709677419356,24.967741935483872,-0.02937501231964046,30.054777145385742,-0.03939312095443581,36.09000015258789,-0.03646407919901473,34.880001068115234,-0.04496952421754907,12.529999732971191,-0.021258502987611783,11.510000228881836,1.067,95.65516774193549,1162.7884239130435,116.2681
2020-10-07,35.59404754638672,8679300,0.01710288308591168,0.032391981537207126,0.06374707071209373,0.22648365632575085,0.09,260.4335806451613,6.861290322580645,28.06,116.3447,0.81,80.8516129032258,39.82,73.0674819946289,315.06683349609375,0.02207954548728952,0.017406693053523936,47.45161290322581,31.806451612903224,25.161290322580644,0.035093507738193974,31.10950469970703,0.025768919402708645,37.02000045776367,0.04300458583905242,36.380001068115234,0.043096566110219614,13.069999694824219,0.06776713444487625,12.289999961853027,1.058,95.67206129032257,1163.0331086956521,116.3447
2020-10-08,35.96299743652344,9138800,-0.004873092333012696,0.07540378747924681,0.02616063840575067,0.20492424065636183,0.09,260.45267741935487,6.85483870967742,26.36,116.1657,0.78,80.69354838709677,41.04,73.79244232177734,317.85919189453125,0.009921791573462624,0.008862749428280026,47.193548387096776,31.774193548387096,25.35483870967742,0.01648512538671798,31.62234878540039,0.04349002135179392,38.630001068115234,0.017042301090753886,37.0,0.006886010305228396,13.15999984741211,0.037428807125693186,12.75,1.087,95.68895483870968,1163.277793478261,116.1657
2020-10-09,36.645545959472656,10501800,-0.0012585346659157448,0.07701982322220258,0.10470685719222894,0.19405990375176585,0.09,260.4717741935484,6.848387096774194,25.0,115.2757,0.79,80.53548387096774,40.44,74.06776428222656,320.6977233886719,0.0037310319564793915,0.008930153874809,46.935483870967744,31.741935483870968,25.548387096774192,0.003977992206870118,31.74814224243164,0.001553133754460978,38.689998626708984,0.00324321437526387,37.119998931884766,0.0030395108143479455,13.199999809265137,-0.0007843316770067554,12.739999771118164,1.095,95.70584838709678,1163.5224782608695,115.2757
2020-10-12,36.147464752197266,7378500,0.016840932641229323,0.04873699337082593,0.14340405247407584,0.22811969934911325,0.09,260.52906451612904,6.829032258064516,25.07,115.75195000000001,0.7525,80.06129032258065,39.22,74.48990631103516,325.8569641113281,0.005699402876534476,0.016087550195682088,46.16129032258065,31.64516129032258,26.129032258064516,-0.005181322870237981,31.58364486694336,-0.007236980853847386,38.40999984741211,-0.019935287851905015,36.380001068115234,-0.021212101289172614,12.920000076293945,-0.029042377724203705,12.369999885559082,1.062,95.75652903225806,1164.2565326086958,115.75195000000001
2020-10-13,36.09212112426758,8839400,0.02632271795105412,0.02044479356133011,0.1045237494547544,0.22642496569986492,0.09,260.5481612903226,6.822580645161291,26.07,115.9107,0.74,79.90322580645162,40.03,73.66397094726562,323.7303466796875,-0.011087882971966834,-0.006526229805891348,45.903225806451616,31.612903225806452,26.322580645161292,-0.026654385676945447,30.741802215576172,-0.010674299636575846,38.0,-0.030786220827344724,35.2599983215332,-0.05417955148077125,12.220000267028809,-0.018593334225074032,12.140000343322754,1.064,95.77342258064516,1164.5012173913044,115.9107
2020-10-14,36.20280838012695,6905300,0.015032007779692824,-0.028280308764198292,0.06802563319852628,0.24382169717889202,0.09,260.5672580645161,6.816129032258065,26.4,115.6872,0.73,79.74516129032259,40.86,74.07693481445312,321.69622802734375,0.005606049495799459,-0.0062833734100201655,45.645161290322584,31.580645161290324,26.516129032258064,-0.0003148119584864828,30.73212432861328,0.014473664133172193,38.54999923706055,0.009926327438439353,35.61000061035156,0.011456578280621965,12.359999656677246,0.01317955872218013,12.300000190734863,1.092,95.79031612903226,1164.745902173913,115.6872
2020-10-15,35.78774642944336,4492700,0.08066999213242432,0.019845456125927363,0.13092782285387372,0.2025772306325302,0.09,260.58635483870967,6.809677419354839,26.97,116.0964,0.74,79.58709677419355,40.84,74.34307861328125,321.29864501953125,0.0035928025301634747,-0.0012358957711456897,45.38709677419355,31.548387096774192,26.70967741935484,-0.013224155878137744,30.32571792602539,-0.013488987498182947,38.029998779296875,-0.038191535721463055,34.25,-0.010517808903877102,12.229999542236328,0.0008130267257531187,12.3100004196167,1.088,95.80720967741935,1164.9905869565218,116.0964
2020-10-16,36.59942626953125,7333400,0.07837699805718379,-0.00378036171401408,0.14868943291447434,0.18220759782871543,0.09,260.6054516129032,6.803225806451613,27.41,115.7679,0.76,79.42903225806452,40.7,74.88452911376953,321.1045837402344,0.007283132614197996,-0.0006039903445128614,45.12903225806452,31.516129032258064,26.903225806451612,0.004147952659878662,30.451507568359375,0.03470943300536766,39.349998474121094,-0.0026277416813982324,34.15999984741211,0.01880625547992354,12.460000038146973,-0.005686486280454095,12.239999771118164,1.076,95.82410322580645,1165.2352717391304,115.7679
2020-10-19,36.756221771240234,8592200,0.031367797760409655,-0.03638605175922216,0.14579681660057897,0.2097868458914569,0.09,260.6627419354839,6.783870967741936,29.18,115.4031,0.78,78.95483870967742,40.69,73.9576187133789,316.2226257324219,-0.012377862441818932,-0.015203638487334303,44.354838709677416,31.419354838709676,27.483870967741936,0.0009533139246469258,30.48053741455078,0.005845066476555472,39.58000183105469,0.039227170918427534,35.5,0.008025712773962246,12.5600004196167,0.001634024357652919,12.260000228881836,1.077,95.87478387096773,1165.9693260869565,115.4031
2020-10-20,37.04216384887695,7203900,-0.005727169716615688,-0.03261962635657656,0.1354579186954663,0.18949204979701628,0.09,260.68183870967744,6.77741935483871,29.35,115.2485,0.81,78.79677419354839,41.37,74.34307861328125,317.48931884765625,0.005211902527529677,0.004005700453281857,44.096774193548384,31.387096774193548,27.677419354838708,0.015238057692524398,30.94500160217285,0.008842810963350711,39.93000030517578,0.01577468657157799,36.060001373291016,0.019108261393313564,12.800000190734863,0.0032626395682111564,12.300000190734863,1.082,95.89167741935483,1166.2140108695653,115.2485
2020-10-21,36.74700927734375,6532600,-0.04267088743204617,-0.02284125581542129,0.15662646600106633,0.18950799168857735,0.09,260.700935483871,6.770967741935484,28.65,114.9108,0.83,78.63870967741936,39.88,73.59056091308594,316.888427734375,-0.010122229456083875,-0.0018926341064392505,43.83870967741935,31.35483870967742,27.870967741935484,-0.015009344436080374,30.48053741455078,-0.0060105603965068255,39.689998626708984,-0.01442042257238585,35.540000915527344,-0.003906264842953311,12.75,-0.03008129104240087,11.930000305175781,1.038,95.90857096774194,1166.458695652174,114.9108
2020-10-22,38.67474365234375,13663900,-0.056284098243974956,-0.020987336008850388,0.08609604401188675,0.08800375051093123,0.09,260.7200322580645,6.764516129032258,28.11,115.1158,0.87,78.48064516129033,40.46,74.19624328613281,318.62664794921875,0.008230435609292597,0.005485275140122203,43.58064516129032,31.322580645161292,28.064516129032256,0.07047616544580992,32.62868881225586,0.022675776190963726,40.59000015258789,0.04783344735921835,37.2400016784668,0.0313725191004135,13.149999618530273,0.08968982962724681,13.0,1.054,95.92546451612903,1166.7033804347827,115.1158
2020-10-23,39.467979431152344,12518700,-0.07618612036348471,-0.06496828719539571,0.09394735931532594,0.07057744541185462,0.09,260.73912903225806,6.758064516129033,27.55,115.0126,0.85,78.3225806451613,39.73,74.48990631103516,319.7084045410156,0.003957923095511129,0.003395060013841933,43.32258064516129,31.29032258064516,28.258064516129032,0.008303700919457313,32.899627685546875,0.024143866433906647,41.56999969482422,0.020676600654173427,38.0099983215332,-0.041825038252131796,12.600000381469727,0.03307694655198312,13.430000305175781,1.049,95.94235806451613,1166.9480652173913,115.0126
2020-10-26,37.909183502197266,9712900,-0.06569319855318123,0.06788335086763331,0.17396591654075677,0.07420928356912815,0.09,260.7964193548387,6.738709677419355,32.46,115.2797,0.81,77.8483870967742,38.39,72.626953125,313.80023193359375,-0.025009471461225008,-0.018479878925622417,42.54838709677419,31.193548387096776,28.838709677419356,-0.06088238772604371,30.89661979675293,-0.07192681947846657,38.58000183105469,-0.07024462738354609,35.34000015258789,-0.06349207670750456,11.800000190734863,-0.06478033252343207,12.5600004196167,1.024,95.99303870967742,1167.6821195652174,115.2797
2020-10-27,36.83001708984375,6525100,-0.027047361469483278,0.12221391544571558,0.2088656091995167,0.11695444157746726,0.09,260.8155161290323,6.732258064516129,33.35,115.0131,0.79,77.69032258064516,39.34,71.03935241699219,312.7183837890625,-0.021859662834476268,-0.0034475696141620382,42.29032258064516,31.161290322580644,29.032258064516128,-0.03820855799347689,29.71610450744629,-0.028771398591745934,37.470001220703125,-0.03310701693805451,34.16999816894531,-0.0483051389224628,11.229999542236328,-0.05414014987720306,11.880000114440918,1.054,96.00993225806451,1167.9268043478262,115.0131
2020-10-28,35.17898178100586,12101000,0.02071349482252094,0.1331938257370262,0.25144223694770274,0.1520714850282896,0.09,260.83461290322583,6.725806451612903,40.28,115.8023,0.79,77.53225806451613,37.27,68.70838928222656,302.0300598144531,-0.03281228017230731,-0.034178751645822514,42.03225806451613,31.129032258064516,29.225806451612904,-0.034516495946641634,28.69040870666504,-0.04697096554291069,35.709999084472656,-0.04594673043474373,32.599998474121094,-0.02493319184191456,10.949999809265137,-0.06481485272274412,11.109999656677246,1.009,96.02682580645161,1168.1714891304348,115.8023
2020-10-29,36.49797058105469,8383600,0.037401894118183066,0.05938841881308443,0.17108906987701578,0.13191799847069174,0.09,260.8537096774194,6.719354838709678,37.59,116.3069,0.85,77.3741935483871,35.94,69.70867156982422,305.0997314453125,0.014558371954971783,0.010163463970259023,41.774193548387096,31.096774193548388,29.419354838709676,0.03743688437942283,29.764488220214844,0.0299635878537301,36.779998779296875,0.029754640064573623,33.56999969482422,0.019178086009580042,11.15999984741211,0.04050412032812245,11.5600004196167,0.986,96.0437193548387,1168.4161739130436,116.3069
2020-10-30,36.46106719970703,11253900,0.012142958030142204,0.1100431573385785,0.19580092173612829,0.1540601901015375,0.09,260.8728064516129,6.712903225806452,38.02,116.1354,0.88,77.21612903225807,35.64,69.62611389160156,301.9190673828125,-0.001184324365440803,-0.010424997909479039,41.516129032258064,31.06451612903226,29.612903225806452,-0.00390120859992249,29.64837074279785,0.030179462947029112,37.88999938964844,0.008638692825846395,33.86000061035156,0.010752678064499088,11.279999732971191,0.03546711354061549,11.970000267028809,0.987,96.0606129032258,1168.6608586956522,116.1354
2020-11-02,35.41880798339844,11362000,0.14296861503519498,0.1869788002534889,0.23541642343832314,0.21223925742081606,0.09,260.9488,6.7,37.13,116.2361,0.87,77.02666666666667,36.6,71.50736999511719,305.3030700683594,0.02701940404780423,0.011208310607478733,41.1,30.9,30.0,-0.01370761022459377,29.241962432861328,0.010029059758154935,38.27000045776367,-0.002362723851523807,33.779998779296875,-0.007978737120429402,11.1899995803833,0.002506243300079536,12.0,1.016,96.11976999999999,1169.3949130434783,116.2361
2020-11-03,35.8338623046875,7275300,0.15341062966912045,0.17528949398911942,0.23088832945552906,0.2646074489611685,0.09,260.9866,6.7,35.55,115.4802,0.9,77.15333333333334,37.44,73.61810302734375,310.6934509277344,0.029517699117876717,0.017655835750908233,41.2,30.8,30.0,0.0225016812110721,29.89995574951172,0.007577760963117797,38.560001373291016,0.007104845682051719,34.02000045776367,0.00536196799523414,11.25,-0.002499977747599247,11.970000267028809,1.037,96.14514,1169.639597826087,115.4802
2020-11-04,35.90766143798828,8999900,0.11019775038250379,0.17133270682243174,0.22245032337268822,0.2856408460744304,0.09,261.0244,6.7,29.57,115.1677,0.78,77.28,38.97,72.85640716552734,317.6372375488281,-0.010346583659368247,0.02234931763241077,41.3,30.7,30.0,-0.01521033047064757,29.445167541503906,-0.019709598266687056,37.79999923706055,-0.019988250911989636,33.34000015258789,-0.021333312988281228,11.010000228881836,-0.0041771252814912785,11.920000076293945,1.07,96.17051,1169.8842826086957,115.1677
2020-11-05,37.86306381225586,8070200,0.021193835117864657,0.12253365674028971,0.16662621560967494,0.27259458520035373,0.09,261.0622,6.7,27.58,114.4556,0.79,77.40666666666667,38.56,74.57249450683594,323.8320617675781,0.023554377824447137,0.019502827396922218,41.4,30.6,30.0,0.05093650965153729,30.94500160217285,0.03650796550181479,39.18000030517578,0.06028789179166161,35.349998474121094,0.05358766033811513,11.600000381469727,0.05201341288513195,12.539999961853027,1.074,96.19587999999999,1170.1289673913043,114.4556
2020-11-06,36.903812408447266,5993300,0.09672566363448509,0.13821535886545888,0.1817045138918678,0.27918001371288503,0.09,261.1,6.7,24.86,113.9919,0.83,77.53333333333333,36.97,74.64591217041016,323.7580871582031,0.0009845139827995286,-0.00022843509988235144,41.5,30.5,30.0,-0.017510871023729946,30.403127670288086,-0.02348141849098051,38.2599983215332,-0.018953272924065345,34.68000030517578,-0.012068994717137738,11.460000038146973,-0.015151481735349637,12.350000381469727,1.053,96.22125,1170.3736521739131,113.9919
2020-11-09,40.48258590698242,30140200,0.03850515634406859,0.06652998836158197,0.04260635357176756,0.16837542817194473,0.09,261.2134,6.7,25.75,114.0895,0.96,77.91333333333334,40.05,77.18795776367188,327.8263244628906,0.03405471939921445,0.012565670066797763,41.8,30.2,30.0,0.17027401827917754,35.57999038696289,0.1999477747382281,45.90999984741211,0.19146480193823567,41.31999969482422,0.1518324402553417,13.199999809265137,0.21700398937012255,15.029999732971191,1.123,96.29736,1171.1077065217391,114.0895
2020-11-10,41.33115768432617,16842600,0.018968842281499754,0.07676851675378638,0.04440975143324022,0.14751167889510697,0.09,261.2512,6.7,24.8,114.0757,0.98,78.04,41.18,78.54617309570312,327.3455810546875,0.017596207638887584,-0.0014664576098053494,41.9,30.1,30.0,0.0073424901102499,35.84123611450195,-0.008494868023189994,45.52000045776367,-0.030735732505892344,40.04999923706055,-0.062121189899461804,12.380000114440918,-0.0059880342107031526,14.9399995803833,1.154,96.32272999999999,1171.352391304348,114.0757
2020-11-11,39.86460494995117,10332700,0.055066727003243,0.11684390456243854,0.061545508837238305,0.18787558250904013,0.09,261.289,6.7,23.45,114.18,0.9299999999999999,78.16666666666667,41.23,77.88541412353516,329.77728271484375,-0.00841236365981679,0.007428545857626867,42.0,30.0,30.0,-0.05453551755535724,33.88661575317383,-0.025922677796777704,44.34000015258789,-0.038451958673254905,38.5099983215332,-0.0274636631215609,12.039999961853027,-0.05689420693903413,14.09000015258789,1.145,96.3481,1171.5970760869566,114.18
2020-11-12,38.66552734375,11046100,0.09923661712149712,0.138597264228977,0.07967542415421724,0.23950368273832834,0.09,261.3268,6.7,25.35,114.2843,0.88,78.29333333333334,40.9,76.9952392578125,326.5781555175781,-0.011429288471275778,-0.009700871967072033,42.1,29.9,30.0,-0.01827511408367255,33.267333984375,-0.043527295862292315,42.40999984741211,-0.043105684751066464,36.849998474121094,-0.02491695944230643,11.739999771118164,-0.04968061048151007,13.390000343322754,1.126,96.37347,1171.8417608695652,114.2843
2020-11-13,40.473358154296875,7828700,0.037830513688791756,0.05606197185859774,0.057885277904075494,0.19507744126023296,0.09,261.3646,6.7,23.1,114.2397,0.89,78.42,39.93,78.7021713256836,331.09942626953125,0.022169319614107064,0.013844375919104479,42.2,29.8,30.0,0.06050007613952424,35.28001022338867,0.05305352530288432,44.65999984741211,0.05807335937472513,38.9900016784668,0.042589438649740075,12.239999771118164,0.05750556268456952,14.15999984741211,1.103,96.39883999999999,1172.086445652174,114.2397
2020-11-16,42.04137420654297,14330000,0.02698574181005653,0.037077845045964564,0.003291112318111411,0.13975436112533157,0.09,261.478,6.7,22.45,113.8312,0.91,78.8,41.14,80.62017059326172,335.232421875,0.02437034754277745,0.012482642002841438,42.5,29.5,30.0,0.04223824485916161,36.77017593383789,0.055978504445625576,47.15999984741211,0.0515516346500513,41.0,0.044934656946044926,12.789999961853027,0.044491533985154375,14.789999961853027,1.107,96.47495,1172.8205,113.8312
2020-11-17,42.11516189575195,8384500,0.05672369171060376,0.03898394572507824,0.01598770026404317,0.15659247170146795,0.09,261.5158,6.7,22.71,113.682,0.87,78.92666666666668,41.24,80.40910339355469,333.4294738769531,-0.0026180445681750486,-0.005378202943386978,42.6,29.4,30.0,-0.010526522186088072,36.383113861083984,0.006361306998117211,47.459999084472656,-0.009756134777534342,40.599998474121094,-0.0070367594101893305,12.699999809265137,0.004732907032100497,14.859999656677246,1.106,96.50032,1173.0651847826086,113.682
2020-11-18,42.059818267822266,11424700,0.058552863035178815,0.048684581309770936,0.009430034059425996,0.20153524542458823,0.09,261.5536,6.7,23.84,113.46,0.88,79.05333333333334,41.64,80.05120849609375,329.4166564941406,-0.004450925111168735,-0.012034980999590217,42.7,29.3,30.0,0.008244828502723234,36.68308639526367,0.005478342630552913,47.720001220703125,0.011083763050540263,41.04999923706055,0.0031496033428162207,12.739999771118164,-0.015477762284670016,14.630000114440918,1.132,96.52569,1173.3098695652175,113.46
2020-11-19,42.5025634765625,6628600,0.03580725613976643,0.03276905546253239,-0.006076491106637105,0.23090280270893593,0.09,261.5914,6.7,23.11,113.694,0.86,79.18,41.57,80.25308227539062,330.80352783203125,0.002521808016261673,0.004210082612854382,42.8,29.2,30.0,0.0,36.68308639526367,0.016135801300642294,48.4900016784668,-0.002679673870791488,40.939998626708984,0.003924661823637932,12.789999961853027,0.012303506751042859,14.8100004196167,1.151,96.55106,1173.554554347826,113.694
2020-11-20,42.004486083984375,6587800,0.017566893562423136,0.0516029825567077,-0.004831070551284733,0.30193237373065873,0.09,261.6292,6.7,23.7,113.489,0.83,79.30666666666667,41.99,79.52808380126953,328.5382385253906,-0.009033901920841414,-0.0068478390224147034,42.9,29.1,30.0,-0.020574858122983652,35.92833709716797,-0.015879571687158922,47.720001220703125,-0.025402958859690572,39.900001525878906,-0.02032839950408938,12.529999732971191,-0.020256595694453594,14.510000228881836,1.185,96.57643,1173.799239130435,113.489
2020-11-23,43.1758918762207,10113000,0.009826916601705538,0.010040552906306344,-0.001281906180088388,0.24567388691995373,0.09,261.74260000000004,6.7,22.66,113.7548,0.86,79.68666666666667,42.91,80.8587646484375,330.5075988769531,0.016732213119747374,0.005994310922228685,43.2,28.8,30.0,0.044707709315320976,37.534610748291016,0.041911147293355544,49.720001220703125,0.025814504759575696,40.93000030517578,0.0822027700395862,13.5600004196167,0.04272914374770198,15.130000114440918,1.189,96.65254,1174.533293478261,113.7548
2020-11-24,44.50408935546875,12108800,-0.01678749717138328,-0.05160622569961115,-0.040828938977309326,0.20476690484190607,0.09,261.7804,6.7,21.64,113.4316,0.88,79.81333333333333,44.71,82.27204132080078,335.8334655761719,0.01747833618913197,0.016114203477668232,43.3,28.7,30.0,0.06367586963244887,39.924659729003906,0.053298424097346864,52.369998931884766,0.09846075615072158,44.959999084472656,0.09292029765609233,14.819999694824219,0.0482484822679925,15.859999656677246,1.246,96.67791,1174.7779782608695,113.4316
2020-11-25,44.52254104614258,7281800,-0.009322426937765416,-0.0304537182907465,-0.044541417219667645,0.20281747124167726,0.09,261.8182,6.7,21.25,113.1823,0.88,79.94,45.58,81.64797973632812,335.3156433105469,-0.007585342170364662,-0.001541901920752875,43.4,28.6,30.0,0.0007274023242860306,39.95370101928711,0.001909533909833172,52.470001220703125,0.015124562255843577,45.63999938964844,0.008097158436581653,14.9399995803833,-0.0025220657452024176,15.819999694824219,1.264,96.70328,1175.0226630434784,113.1823
2020-11-27,44.02446365356445,4051900,-0.002933171841792981,-0.038759616035319744,-0.033102877464885494,0.21118793936164804,0.09,261.8938,6.7,20.84,113.19962,0.84,80.19333333333334,45.428,81.51034545898438,336.24945068359375,-0.0016857034036631413,0.002784860747406359,43.6,28.4,30.0,-0.005570374263041522,39.731143951416016,-0.017533866251933206,51.54999923706055,-0.007449609052032624,45.29999923706055,0.0026773736932059755,14.979999542236328,-0.006953202199696307,15.710000038146973,1.254,96.75402000000001,1175.5120326086958,113.19962
2020-11-30,42.742374420166016,8791500,0.03344850270740096,-0.023306023557883138,0.001510800375236876,0.24773422336801554,0.09,262.0072,6.7,20.57,113.2256,0.84,80.57333333333334,45.2,80.78536224365234,334.7608642578125,-0.00889437053971065,-0.0044270300598409085,43.9,28.1,30.0,-0.01972726419959292,38.947357177734375,-0.011251174101675754,50.970001220703125,-0.005518763889856171,45.04999923706055,-0.05674228663350922,14.130000114440918,-0.039465301340140035,15.09000015258789,1.239,96.83013000000001,1176.2460869565218,113.2256
2020-12-01,43.60017776489258,7540000,0.00021155734818378846,-0.01798176214672087,-0.013962347516629059,0.18637598675360523,0.09,262.045,6.7,20.77,112.8063,0.92,80.7,44.54,80.58346557617188,338.4222106933594,-0.0024991738834014843,0.01093719973409768,44.0,28.0,30.0,-0.007205027005383835,38.66674041748047,-0.0005886323970099028,50.939998626708984,0.005993350995254998,45.31999969482422,0.009908021386332067,14.270000457763672,0.02186878199928044,15.420000076293945,1.231,96.8555,1176.4907717391304,112.8063
2020-12-02,43.75697708129883,6054700,-0.03541322799298974,-0.03604545138719073,-0.050590338158439274,0.19983150008600226,0.09,262.06570967741936,6.690322580645161,21.17,112.6115,0.95,80.64516129032258,45.23,80.69357299804688,339.1342468261719,0.0013663773466148221,0.0021039875939397046,44.16129032258065,27.838709677419356,29.903225806451612,0.027777816143912837,39.74081802368164,0.006870873542482725,51.290000915527344,0.031112088634306367,46.72999954223633,0.041345422563920264,14.859999656677246,-0.029182866863726398,14.970000267028809,1.251,96.88596129032258,1176.7354565217393,112.6115
2020-12-03,44.10748291015625,9892200,-0.021330140024935718,-0.029904141937322937,-0.04558784457910181,0.2662064264236006,0.09,262.0864193548387,6.680645161290323,21.28,112.0236,0.92,80.59032258064516,45.65,80.9046630859375,339.04168701171875,0.0026159467234860845,-0.00027292971830283896,44.32258064516129,27.677419354838708,29.806451612903224,0.045775520917674006,41.559974670410156,0.033534750932031177,53.0099983215332,0.06805051008617236,49.90999984741211,0.08277257902613422,16.09000015258789,0.06145624982520759,15.890000343322754,1.295,96.91642258064516,1176.9801413043479,112.0236
2020-12-04,43.89533233642578,7615800,-0.03593183845029302,-0.03277998988085229,-0.017650803891717803,0.23828533111182537,0.09,262.10712903225806,6.670967741935484,20.79,111.7778,0.97,80.53548387096774,46.23,81.86823272705078,341.9635314941406,0.011909939481359322,0.00861795051863612,44.483870967741936,27.516129032258064,29.70967741935484,-0.013736957187799104,40.98906707763672,-0.0013204998498516085,52.939998626708984,-0.013424126848200157,49.2400016784668,0.019266591858454474,16.399999618530273,-0.017621188206151883,15.609999656677246,1.282,96.94688387096775,1177.2248260869565,111.7778
2020-12-07,44.17204284667969,8097400,-0.05491761429485853,-0.04364176286306176,-0.011693488352973347,0.22175795090538086,0.09,262.16925806451616,6.641935483870968,21.3,111.8385,0.94,80.37096774193549,45.72,81.47362518310547,341.2608337402344,-0.004820032518118911,-0.0020548909143497385,44.96774193548387,27.032258064516128,29.419354838709676,-0.00023601591730060267,40.979393005371094,-0.036456372407272175,51.0099983215332,-0.0008123662502805828,49.20000076293945,0.04939021248678377,17.209999084472656,-0.012171658203850577,15.420000076293945,1.286,97.03826774193548,1177.9588804347827,111.8385
2020-12-08,43.60940170288086,9132100,-0.018189471378574962,-0.04145533265867407,-0.006345290559968686,0.236674990419389,0.09,262.1899677419355,6.6322580645161295,20.68,111.8639,0.92,80.31612903225806,45.64,81.86823272705078,342.2593994140625,0.004843377756402312,0.0029261068810146895,45.12903225806452,26.870967741935484,29.322580645161292,0.0014167090683343542,41.03744888305664,-0.0007841031591093728,50.970001220703125,-0.003252029368516429,49.040000915527344,0.024404421768556617,17.6299991607666,0.0,15.420000076293945,1.295,97.06872903225808,1178.2035652173913,111.8639
2020-12-09,42.207401275634766,20733700,-0.0006554344435861781,0.02163466904763256,0.036713366822671345,0.33369765438160903,0.09,262.21067741935485,6.622580645161291,22.27,112.0305,0.95,80.26129032258065,45.48,82.05180358886719,339.189697265625,0.002242272194007633,-0.00896893453822667,45.29032258064516,26.70967741935484,29.225806451612904,-0.007073617172261626,40.74716567993164,-0.011967835898418433,50.36000061035156,-0.020799356417644632,48.02000045776367,-0.02665906612181912,17.15999984741211,-0.005836585742061917,15.329999923706055,1.281,97.09919032258065,1178.4482500000001,112.0305
2020-12-10,43.166664123535156,8322900,-0.008760872550632848,-0.011111109147302844,0.028418907160749907,0.3269229035792349,0.09,262.2313870967742,6.612903225806452,22.52,111.9788,0.92,80.20645161290322,46.76,81.27174377441406,339.07879638671875,-0.00950691856039787,-0.0003269582767408963,45.45161290322581,26.548387096774192,29.129032258064516,0.012110984985898687,41.24065399169922,0.018467043167283315,51.290000915527344,0.033735920792205,49.63999938964844,0.048368294352358454,17.989999771118164,0.01108937228571416,15.5,1.306,97.12965161290323,1178.6929347826087,111.9788
2020-12-11,42.318092346191406,7638000,0.003269321294019578,0.005230661668875536,0.04598945646586983,0.3195291917723584,0.09,262.25209677419355,6.603225806451613,23.31,112.1417,0.9,80.15161290322581,46.59,81.46446228027344,338.68115234375,0.0023712854789272875,-0.0011727186931359546,45.61290322580645,26.387096774193548,29.032258064516128,-0.02064769276449241,40.389129638671875,-0.027490735469752225,49.880001068115234,-0.02578563245437504,48.36000061035156,-0.05225128104596921,17.049999237060547,-0.045161278017105566,14.800000190734863,1.314,97.16011290322581,1178.9376195652173,112.1417
2020-12-14,41.746219635009766,6939700,0.0119310777582462,0.019664237862750067,0.07865667731619475,0.3647814081043934,0.09,262.31422580645165,6.574193548387097,24.72,112.1708,0.9,79.98709677419355,47.02,80.40910339355469,337.16485595703125,-0.012954837694599264,-0.004477061614517441,46.096774193548384,25.903225806451612,28.741935483870968,-0.025155632424133212,39.37311553955078,-0.019045724590946778,48.93000030517578,-0.03391231118589755,46.720001220703125,-0.020527770661732503,16.700000762939453,-0.01351350045186761,14.600000381469727,1.338,97.25149677419355,1179.6716739130436,112.1708
2020-12-15,42.81616973876953,5969900,-0.02369689527852903,-0.000215342085648218,0.0051699919511773995,0.31279591717820443,0.09,262.334935483871,6.564516129032258,22.89,111.8601,0.92,79.93225806451613,47.58,81.5286865234375,341.72320556640625,0.01392358679095218,0.013519646335725888,46.25806451612903,25.741935483870968,28.64516129032258,0.028508173192347552,40.49557113647461,0.028612334296895803,50.33000183105469,0.01583899495793717,47.459999084472656,0.01856284142395559,17.010000228881836,0.015068445726461377,14.819999694824219,1.346,97.28195806451613,1179.9163586956522,111.8601
2020-12-16,42.17973709106445,6441800,0.022304722774779906,0.019243359396373227,0.025803449618414742,0.3350096521124537,0.09,262.35564516129034,6.554838709677419,22.5,111.7157,0.92,79.87741935483871,47.86,81.02395629882812,342.2593994140625,-0.00619082983097341,0.00156908819454471,46.41935483870968,25.580645161290324,28.548387096774192,-0.018399119565781552,39.75048828125,-0.011523977944638442,49.75,-0.030762728879830892,46.0,-0.008818319606814784,16.860000610351562,-0.011470990539447667,14.649999618530273,1.35,97.31241935483871,1180.1610434782608,111.7157
2020-12-17,42.78848648071289,6368700,-0.0023710087017222437,-0.02910104491097909,0.03923268292182813,0.28174198486281,0.09,262.3763548387097,6.545161290322581,21.93,111.2226,0.94,79.8225806451613,48.34,81.51950073242188,344.1733703613281,0.006116023658066183,0.005592164745635175,46.58064516129032,25.419354838709676,28.451612903225808,0.0007303975911754357,39.77952194213867,0.00844217425015703,50.16999816894531,-0.00260867243227747,45.880001068115234,-0.003558800184987887,16.799999237060547,-0.02525596554221632,14.279999732971191,1.373,97.3428806451613,1180.4057282608696,111.2226
2020-12-18,42.456443786621094,8398100,0.0019549490184014306,-0.008472823441274535,0.037801461350897014,0.2517924558986395,0.09,262.39706451612903,6.5354838709677425,21.57,111.6071,0.95,79.76774193548387,49.04,81.5286865234375,342.79913330078125,0.00011268213044846043,-0.003992862838586686,46.74193548387097,25.258064516129032,28.35483870967742,-0.010459665037169774,39.363441467285156,0.0035878076887632115,50.349998474121094,-0.024847414191554784,44.7400016784668,-0.017261846508836554,16.510000228881836,0.004902006289041472,14.350000381469727,1.388,97.37334193548388,1180.6504130434782,111.6071
2020-12-21,42.24429702758789,7656900,0.0076419830109726306,0.020742383414112053,0.03471626424530272,0.25982534545279523,0.09,262.45919354838713,6.506451612903226,25.16,111.9415,0.95,79.60322580645162,47.79,81.03660583496094,341.5733642578125,-0.006035675410214103,-0.0035757647085217226,47.225806451612904,24.774193548387096,28.06451612903226,-0.01327429597563301,38.840919494628906,-0.0025818720428518738,50.220001220703125,-0.015198933385446534,44.060001373291016,-0.024833424695832162,16.100000381469727,-0.007665547555915531,14.239999771118164,1.35,97.46472580645163,1181.3844673913043,111.9415
2020-12-22,41.80155944824219,4546200,0.02405149904709125,0.044351410673526326,0.00661953044836161,0.3219331069422344,0.09,262.4799032258065,6.496774193548387,24.23,112.1947,0.93,79.54838709677419,47.02,80.65878295898438,340.9976806640625,-0.004662372912632051,-0.0016853878375465703,47.38709677419355,24.612903225806452,27.967741935483872,-0.029895557947160034,37.67974853515625,0.00258855536157121,50.349998474121094,-0.024738994975352924,42.970001220703125,-0.038509367984052245,15.479999542236328,-0.025280875173004147,13.880000114440918,1.324,97.4951870967742,1181.629152173913,112.1947
2020-12-23,43.12054443359375,6474200,-0.0029945703176420535,0.0049197649779826325,-0.020106792481673352,0.31101607319030644,0.09,262.50061290322583,6.487096774193549,23.31,111.9807,0.96,79.49354838709678,47.94,81.08269500732422,341.30413818359375,0.005255621679233657,0.0008987085159477548,47.54838709677419,24.451612903225808,27.870967741935484,0.03338479699357744,38.937679290771484,0.029592884282461762,51.84000015258789,0.026530122347289575,44.11000061035156,0.0264858406466848,15.890000343322754,0.042507215253841935,14.470000267028809,1.363,97.52564838709678,1181.8738369565217,111.9807
2020-12-24,42.687034606933594,2973400,-0.02679356398260968,0.025064811463653358,-0.046024226663628265,0.3171995013471669,0.09,262.5213225806452,6.47741935483871,21.53,111.9796,0.94,79.43870967741935,48.18,81.0918960571289,342.6319274902344,0.0001134773554807289,0.0038903404854890855,47.70967741935484,24.29032258064516,27.774193548387096,-0.012673896735848955,38.44418716430664,0.007908947650565157,52.25,-0.019270058423415337,43.2599983215332,-0.014474543168106035,15.65999984741211,-0.0027643373265286986,14.430000305175781,1.36,97.55610967741936,1182.1185217391305,111.9796
2020-12-28,42.53944396972656,5476600,-0.010407426471511383,0.04358236499974,-0.032957478213615055,0.3423680845378094,0.09,262.60416129032257,6.4387096774193555,21.7,111.9752,0.94,79.21935483870968,47.5,81.1932601928711,345.5754089355469,0.00124999094448075,0.008590797322576949,48.354838709677416,23.64516129032258,27.387096774193548,0.010571434780197064,38.8505973815918,0.006315824517793001,52.58000183105469,0.015256585136841805,43.91999816894531,0.02554276005286016,16.059999465942383,0.02633403370785925,14.8100004196167,1.343,97.67795483870968,1183.0972608695652,111.9752
2020-12-29,42.5671272277832,4749500,0.013001046625700896,0.039869995806865566,-0.04788731536071755,0.3230769272130478,0.09,262.62487096774197,6.429032258064517,23.08,111.5172,0.94,79.16451612903226,47.85,80.70487213134766,344.9161071777344,-0.006015130570730776,-0.001907837597134865,48.516129032258064,23.483870967741936,27.29032258064516,-0.0029890663718643573,38.73447036743164,-0.01046030872203152,52.029998779296875,-0.004098280919460184,43.7400016784668,-0.01245328866226092,15.859999656677246,-0.008777860280728023,14.680000305175781,1.353,97.70841612903226,1183.341945652174,111.5172
2020-12-30,42.806949615478516,4845600,0.019823135501803035,0.051928225825496055,-0.034906477115309476,0.3208356929970231,0.09,262.6455806451613,6.419354838709678,22.77,111.3084,0.93,79.10967741935484,48.24,81.22089385986328,345.408203125,0.006393935271662432,0.001426711994670704,48.67741935483871,23.322580645161292,27.193548387096776,0.013240090687333339,39.247318267822266,0.016721175610102224,52.900001525878906,0.020804751085780282,44.650001525878906,0.018284991685414864,16.149999618530273,0.012261535950922386,14.859999656677246,1.355,97.73887741935485,1183.5866304347826,111.3084
2020-12-31,42.991416931152344,5305600,0.007938106513769139,0.0010725875962804832,-0.021240304519757114,0.35099754728107735,0.09,262.66629032258066,6.409677419354839,22.75,111.3169,0.93,79.05483870967743,48.35,81.59871673583984,347.1631774902344,0.004651794113820662,0.005080870544928118,48.83870967741935,23.161290322580644,27.096774193548388,-0.008629094628354594,38.90864944458008,-0.0170132608680289,52.0,-0.03135501630537396,43.25,-0.023529360355562856,15.770000457763672,-0.021534300283811203,14.539999961853027,1.34,97.76933870967743,1183.8313152173914,111.3169
2021-01-04,41.543296813964844,10256300,0.053286099975335954,0.04151868364638478,0.0335258099711615,0.4231796183144563,0.08903225806451613,262.7733225806452,6.380645161290323,26.97,111.2075,0.93,78.78709677419354,47.47,79.62671661376953,342.4368896484375,-0.02416704822030824,-0.013614024033207883,49.67741935483871,23.387096774193548,27.677419354838708,-0.0368068806938735,37.47654342651367,-0.05307689079871547,49.2400016784668,-0.03745662270253791,41.630001068115234,-0.040583406768874064,15.130000114440918,-0.035075669203567195,14.029999732971191,1.312,97.4069741935484,1184.9128333333333,111.2075
2021-01-05,42.096717834472656,5204400,0.05455759563629847,0.05631022775608896,0.07646798911358199,0.3917616231832788,0.08870967741935483,262.80209677419356,6.3741935483870975,25.34,110.9574,0.96,78.71612903225807,49.78,80.40998840332031,344.79541015625,0.009836796277184812,0.00688746037330823,49.903225806451616,23.516129032258064,27.903225806451612,0.021172301074148026,38.2700080871582,0.01259136699330976,49.86000061035156,0.042517425230606865,43.400001525878906,0.01982816843791868,15.430000305175781,0.018531734414137135,14.289999961853027,1.376,97.27603225806452,1185.1917777777778,110.9574
2021-01-06,43.12054443359375,7492800,0.0265241080161418,0.021818253555974776,0.07058843616372279,0.3574329747044178,0.08838709677419354,262.83087096774193,6.367741935483871,25.07,110.8502,1.04,78.64516129032258,50.45,82.32667541503906,346.8567199707031,0.023836429401096648,0.005978356305610388,50.12903225806452,23.64516129032258,28.129032258064516,0.02098601380965981,39.073143005371094,0.033293217550973475,51.52000045776367,0.003225792274798911,43.540000915527344,0.0058328030335619285,15.520000457763672,0.01959410312936649,14.569999694824219,1.371,97.14509032258064,1185.4707222222223,110.8502
2021-01-07,43.655517578125,6282300,0.03148103745253428,0.0012677350080809724,0.10373974836840727,0.33995326122821057,0.08806451612903225,262.85964516129036,6.361290322580645,22.37,111.3042,1.08,78.5741935483871,50.63,82.77825164794922,352.0102233886719,0.005485175134712916,0.01485772978076949,50.354838709677416,23.774193548387096,28.35483870967742,-0.0037146129130832817,38.928001403808594,-0.003882002351754954,51.31999969482422,0.0018373453071953705,43.619998931884766,-0.009020640411947944,15.380000114440918,-0.00411801422094038,14.510000228881836,1.38,97.01414838709678,1185.7496666666666,111.3042
2021-01-08,43.33268737792969,4770600,-0.006811448910523876,-0.028948613853332472,0.08939976076209621,0.33375914792712713,0.08774193548387096,262.88841935483873,6.35483870967742,21.56,111.2847,1.13,78.50322580645161,52.14,82.57549285888672,354.0158386230469,-0.002449421013683839,0.005697605072567669,50.58064516129032,23.903225806451612,28.580645161290324,-0.0052199261872568625,38.72480010986328,-0.006625100440563303,50.97999954223633,-0.0075652917110964335,43.290000915527344,-0.016254876341988078,15.130000114440918,0.012405192878162774,14.6899995803833,1.424,96.8832064516129,1186.028611111111,111.2847
2021-01-11,43.75697708129883,7911800,-0.011172098757618265,-0.03435905738037559,0.0809443841309836,0.332841468414679,0.0867741935483871,262.9747419354839,6.335483870967742,24.08,111.8257,1.15,78.29032258064517,52.15,82.5478515625,351.6295471191406,-0.00033473970823227894,-0.006740634863083517,51.25806451612903,24.29032258064516,29.258064516129032,-0.01524241701254414,38.13454055786133,-0.016280855704397967,50.150001525878906,-0.013629016865561394,42.70000076293945,-0.008592208424165082,15.0,-0.010211002233831201,14.539999961853027,1.412,96.4903806451613,1186.8654444444444,111.8257
2021-01-12,44.39341354370117,5356800,0.0016619595999713965,-0.08269282310317183,0.06835636999013617,0.3095780207153327,0.08645161290322581,263.0035161290323,6.329032258064516,23.33,111.5501,1.15,78.21935483870968,53.08,83.36799621582031,351.7037658691406,0.009935384601734265,0.0002110708574067921,51.483870967741936,24.419354838709676,29.483870967741936,0.022583159851795598,38.9957389831543,0.03070781762659358,51.689998626708984,0.03231852560791926,44.08000183105469,0.02533334096272788,15.380000114440918,0.018569495080608123,14.8100004196167,1.463,96.35943870967742,1187.144388888889,111.5501
2021-01-13,44.264278411865234,6261900,-0.004584261025551095,-0.0706399686649376,0.06980600442189777,0.3115232623626345,0.08612903225806451,263.03229032258065,6.322580645161291,22.21,111.3622,1.1,78.14838709677419,52.81,82.64922332763672,352.65093994140625,-0.008621688427329577,0.0026931018777263116,51.70967741935484,24.548387096774192,29.70967741935484,0.0037220840031386704,39.14088439941406,0.0030953734119356646,51.849998474121094,0.007940073946968829,44.43000030517578,0.009752901002219927,15.529999732971191,0.007427390517257937,14.920000076293945,1.462,96.22849677419354,1187.4233333333334,111.3622
2021-01-14,45.02983856201172,8090600,-0.029291185535578523,-0.09995898105622847,0.06431790714944441,0.2779599335903131,0.08580645161290322,263.061064516129,6.316129032258065,23.25,111.1567,1.15,78.07741935483871,53.47,82.93490600585938,351.416015625,0.003456568213474398,-0.0035018319151833843,51.935483870967744,24.677419354838708,29.93548387096774,0.02521609956895099,40.127864837646484,0.06885245515688965,55.41999816894531,0.04186361912167014,46.290000915527344,0.05859631788366593,16.440000534057617,0.053619315458715455,15.720000267028809,1.473,96.09755483870968,1187.702277777778,111.1567
2021-01-15,43.03752899169922,7359100,-0.022288985226949443,-0.04007709605452214,0.12387487003668674,0.3294042827398971,0.08548387096774193,263.08983870967745,6.309677419354839,24.34,111.5106,1.11,78.00645161290322,52.25,81.85672760009766,348.8531494140625,-0.013000296951992008,-0.007292969292760909,52.16129032258065,24.806451612903224,30.161290322580644,-0.035929458663469194,38.686092376708984,-0.03193786902826401,53.650001525878906,-0.05184708313699471,43.88999938964844,-0.041362547632956104,15.760000228881836,-0.050254449645905974,14.930000305175781,1.433,95.96661290322581,1187.9812222222222,111.5106
2021-01-19,43.26811981201172,4780700,-0.023448932411418433,-0.027499546395417296,0.1074398381023971,0.2758473941937556,0.08419354838709678,263.204935483871,6.283870967741936,23.24,111.4527,1.1,77.72258064516129,52.87,82.12398529052734,351.5923767089844,0.0032649447182320213,0.007852092777498765,53.064516129032256,25.322580645161292,31.064516129032256,0.008254245228459745,39.00541687011719,0.019757642655097385,54.709999084472656,0.01959445482595279,44.75,0.013324875323423191,15.970000267028809,0.008707308223955712,15.0600004196167,1.443,95.44284516129032,1189.097,111.4527
2021-01-20,44.467193603515625,6972500,-0.08421482107280143,-0.0344326680168362,0.09541608646209143,0.2868702135267218,0.08387096774193549,263.23370967741937,6.27741935483871,21.58,111.32499999999999,1.1,77.65161290322581,53.16,82.63079833984375,356.4580078125,0.00617131581624375,0.01383884129985824,53.29032258064516,25.451612903225808,31.29032258064516,0.032498076290391475,40.27301788330078,0.02010605569778834,55.810001373291016,0.009608945367056476,45.18000030517578,0.012523469375141483,16.170000076293945,0.0385126100627835,15.640000343322754,1.442,95.31190322580646,1189.3759444444445,111.32499999999999
2021-01-21,44.06135940551758,5662600,-0.06635991882893277,0.028469611627143232,0.14695403743292124,0.27841747067054956,0.08354838709677419,263.26248387096774,6.270967741935484,21.32,111.1973,1.12,77.58064516129032,53.0,81.9857406616211,356.78289794921875,-0.007806504247601098,0.0009114401404881622,53.516129032258064,25.580645161290324,31.516129032258064,-0.022825562902741514,39.353763580322266,-0.015230286111857061,54.959999084472656,-0.05732625354345522,42.59000015258789,-0.021026601792435873,15.829999923706055,-0.023657281166048483,15.270000457763672,1.444,95.18096129032259,1189.654888888889,111.1973
2021-01-22,43.71086120605469,4812500,-0.07280019967639861,0.056130100344371936,0.1968770017820769,0.2983751856693784,0.0832258064516129,263.2912580645161,6.264516129032258,21.91,111.5516,1.1,77.50967741935483,52.28,81.56185913085938,355.5200500488281,-0.005170186026753121,-0.0035395415745806957,53.74193548387097,25.70967741935484,31.741935483870968,-0.016474135772593268,38.7054443359375,-0.008915536243303324,54.470001220703125,-0.010565878406368356,42.13999938964844,-0.0006317264011391766,15.819999694824219,0.0013097251794245146,15.289999961853027,1.421,95.05001935483871,1189.9338333333333,111.5516
2021-01-25,42.07826614379883,13345700,-0.018193628340887336,0.14511205908310232,0.29964956464152115,0.35839560348903254,0.08225806451612903,263.3775806451613,6.245161290322581,23.19,111.8676,1.05,77.29677419354839,52.78,81.00895690917969,356.922119140625,-0.006778931078466499,0.003943713136866256,54.41935483870968,26.096774193548388,32.41935483870968,-0.02749999999999997,37.64104461669922,-0.02882319918560028,52.900001525878906,-0.041765504200874326,40.380001068115234,-0.024652300706177188,15.430000305175781,-0.045781544212659564,14.59000015258789,1.464,94.6571935483871,1190.7706666666668,111.8676
2021-01-26,42.2535285949707,5667200,-0.004147877277940193,0.11722312508390509,0.2728660266515379,0.36214785723552434,0.08193548387096775,263.40635483870966,6.238709677419355,23.02,111.6572,1.05,77.2258064516129,52.61,80.2625503540039,356.3650817871094,-0.00921387688046138,-0.001560669187039565,54.645161290322584,26.225806451612904,32.645161290322584,0.010796894898277953,38.04745101928711,-0.020226836747835875,51.83000183105469,0.02154529244358372,41.25,0.006480844187790824,15.529999732971191,0.017820440449804797,14.850000381469727,1.409,94.52625161290322,1191.049611111111,111.6572
2021-01-27,40.72239685058594,10428700,0.054360077233705395,0.16149495856350993,0.31664779414437216,0.39909408145960157,0.08161290322580646,263.4351290322581,6.232258064516129,37.21,112.0782,1.04,77.15483870967742,52.81,78.6683578491211,347.6552734375,-0.019862220896937677,-0.02444068960385004,54.87096774193548,26.35483870967742,32.87096774193548,-0.020345880367290237,37.27334213256836,-0.05749572162175931,48.849998474121094,-0.008242427941524633,40.90999984741211,0.06632322927761769,16.559999465942383,-0.011447816291377144,14.680000305175781,1.424,94.39530967741936,1191.3285555555556,112.0782
2021-01-28,41.137451171875,12404600,0.10156968661535082,0.15291503955513086,0.3017940759292339,0.39618864577831325,0.08129032258064517,263.46390322580646,6.225806451612903,30.21,112.0059,1.07,77.08387096774193,52.26,79.8386459350586,350.645263671875,0.014876223655030607,0.008600445506869336,55.096774193548384,26.483870967741936,33.096774193548384,0.04049858647794191,38.782859802246094,0.03725690382136637,50.66999816894531,0.040087983274636585,42.54999923706055,0.09299522736667587,18.100000381469727,-0.002043643461978051,14.649999618530273,1.418,94.26436774193549,1191.6075,112.0059
2021-01-29,40.52870178222656,9854900,0.1390534165082571,0.16841124299675192,0.3156577208067952,0.4287666000649828,0.08096774193548387,263.49267741935483,6.219354838709678,33.09,111.9511,1.11,77.01290322580645,52.16,78.11546325683594,343.6255187988281,-0.021583315423764904,-0.02001950575216027,55.32258064516129,26.612903225806452,33.32258064516129,-0.05289438238231625,36.73146438598633,-0.03631332947271204,48.83000183105469,-0.06016445603984932,39.9900016784668,-0.05138123124725946,17.170000076293945,-0.02116037365286172,14.34000015258789,1.417,94.13342580645161,1191.8864444444446,111.9511
2021-02-01,41.31270980834961,5861200,0.1663318676044303,0.16008036654887836,0.290913222576171,0.3875865095076316,0.08,263.579,6.2,30.24,112.4189,1.09,76.8,53.55,78.92637634277344,349.34521484375,0.010380954706385115,0.01664514342507384,56.0,27.0,34.0,-0.0036879475638681436,36.59600067138672,0.021707915601994143,49.88999938964844,-0.0012503888386865558,39.939998626708984,-0.019219564486879337,16.84000015258789,-0.0013947320467818658,14.319999694824219,1.454,93.7406,1192.7232777777779,112.4189
2021-02-02,42.07826614379883,6203500,0.1218765312565584,0.1494959687015125,0.22928553523776896,0.33318755657575116,0.07964285714285714,263.62835714285717,6.196428571428571,25.56,112.2862,1.12,77.08928571428571,54.77,80.60350036621094,354.28515625,0.02124922112417571,0.014140572695290787,56.535714285714285,27.0,33.892857142857146,0.025912025969461183,37.54427719116211,0.015433964064618388,50.65999984741211,0.022283506132885433,40.83000183105469,-0.014845605566195963,16.59000015258789,0.00768160703182974,14.430000305175781,1.484,93.84551428571429,1193.0022222222221,112.2862
2021-02-03,42.93606948852539,6118700,0.10161128407943076,0.11600433319624393,0.22277143846887104,0.3067670519650376,0.07928571428571429,263.6777142857143,6.192857142857143,22.91,112.2567,1.15,77.37857142857143,55.67,80.65878295898438,354.563720703125,0.0006858584617575048,0.0007862718722779771,57.07142857142857,27.0,33.785714285714285,0.025257958056725593,38.49256896972656,0.037110167267623284,52.540000915527344,0.02963504849887988,42.040000915527344,0.06088006145824454,17.600000381469727,0.03950101751694146,15.0,1.505,93.95042857142857,1193.2811666666666,112.2567
2021-02-04,45.31576919555664,10621700,0.046611080137419325,0.07490350617046171,0.23244467225517562,0.23529409288813263,0.07892857142857143,263.72707142857143,6.189285714285714,21.77,112.7469,1.15,77.66785714285714,56.19,81.52500915527344,358.5935974121094,0.010739390857528175,0.0113657333609678,57.607142857142854,27.0,33.67857142857143,0.028908896957127173,39.6053466796875,0.03692422141042728,54.47999954223633,0.00880111617095869,42.40999984741211,-0.011363679466167786,17.399999618530273,0.06333332061767583,15.949999809265137,1.521,94.05534285714286,1193.5601111111112,112.7469
2021-02-05,46.16435623168945,10472600,0.025773880366814383,0.0947050536415972,0.17742237893837975,0.2319676501889114,0.07857142857142857,263.7764285714286,6.185714285714286,20.87,112.2379,1.19,77.95714285714286,56.8,82.00416564941406,360.00494384765625,0.005877417238040694,0.00393578258433025,58.142857142857146,27.0,33.57142857142857,0.005375011172857214,39.8182258605957,-0.005506593971756013,54.18000030517578,-0.006366433830113483,42.13999938964844,-0.012068913165320772,17.190000534057617,-0.009404364910596485,15.800000190734863,1.527,94.16025714285715,1193.8390555555557,112.2379
2021-02-08,48.184329986572266,11359100,-0.0053599676294467935,0.08575805703212036,0.12002272462237062,0.17438740936850738,0.0775,263.9245,6.175,21.24,112.0428,1.19,78.825,57.95,82.70451354980469,362.6048278808594,0.008540394196372425,0.007221800915887755,59.75,27.0,33.25,0.05078994672310855,41.84059143066406,0.05352531394507709,57.08000183105469,0.05244421254110265,44.349998474121094,0.03374054134302851,17.770000457763672,0.04177208137787347,16.459999084472656,1.567,94.47500000000001,1194.675888888889,112.0428
2021-02-09,47.20661926269531,5409800,0.024618963562789586,0.15846042628759505,0.1424384392576865,0.1680343778858744,0.07714285714285715,263.9738571428571,6.171428571428572,21.63,111.7675,1.18,79.11428571428571,58.34,82.91645812988281,362.3634033203125,0.0025626724707170645,-0.0006658062496238681,60.285714285714285,27.0,33.142857142857146,-0.016882714304730206,41.13420867919922,-0.02347582532589998,55.7400016784668,-0.023224325022195735,43.31999969482422,-0.018570619876482786,17.440000534057617,-0.009112978546382378,16.309999465942383,1.569,94.57991428571428,1194.9548333333335,111.7675
2021-02-10,47.298858642578125,7570800,0.013065451783966564,0.13709046260732216,0.19013256755806385,0.13514040360309676,0.07678571428571429,264.0232142857143,6.167857142857143,21.99,111.5834,1.15,79.40357142857142,58.69,82.7874526977539,362.20550537109375,-0.0015558483205689866,-0.0004357447462186581,60.82142857142857,27.0,33.035714285714285,0.009174460817617414,41.511592864990234,0.029063489111996077,57.36000061035156,0.010618630833638232,43.779998779296875,-0.0017202228054363777,17.40999984741211,0.02023298188299405,16.639999389648438,1.569,94.68482857142857,1195.2337777777777,111.5834
2021-02-11,47.42798614501953,5240300,0.027032415927918052,0.13049400456624904,0.2077011897888854,0.16549998302898383,0.07642857142857143,264.07257142857145,6.164285714285715,21.25,111.5272,1.16,79.69285714285715,58.22,82.61238098144531,362.79052734375,-0.0021147131673172614,0.001615165876777347,61.357142857142854,27.0,32.92857142857143,-0.004195822189180909,41.33741760253906,0.005753103431764384,57.689998626708984,-0.0077661069453631715,43.439998626708984,-0.02412407122199811,16.989999771118164,-0.007211474536436335,16.520000457763672,1.554,94.78974285714285,1195.5127222222222,111.5272
2021-02-12,47.354190826416016,4660000,0.06719918940627867,0.1308923096306258,0.1791978115645101,0.21347903677066893,0.07607142857142858,264.12192857142855,6.160714285714286,19.97,111.4889,1.2,79.98214285714286,59.5,83.21134948730469,364.5826110839844,0.007250347935062074,0.004939720321132768,61.892857142857146,27.0,32.82142857142857,0.013342584905848387,41.88896560668945,-0.0022533759145867416,57.560001373291016,0.011510129277319425,43.939998626708984,0.016480323155830146,17.270000457763672,-0.004237269545069644,16.450000762939453,1.581,94.89465714285714,1195.7916666666667,111.4889
2021-02-16,47.926063537597656,7402600,0.09160904618367605,0.11258666951087792,0.18879916711306466,0.1951500095912535,0.07464285714285715,264.31935714285714,6.146428571428571,21.46,111.7879,1.3,81.13928571428572,60.07,83.12841033935547,364.2669677734375,-0.000996728793130175,-0.0008657662240346697,64.03571428571429,27.0,32.392857142857146,0.03141606898716609,43.204952239990234,0.04134810974001013,59.939998626708984,0.04028221468099402,45.709999084472656,0.03184708873665931,17.81999969482422,0.01702120159943643,16.729999542236328,1.632,95.31431428571429,1196.9074444444445,111.7879
2021-02-17,48.368797302246094,6255300,0.1306255959380389,0.10259353811913474,0.162089941394004,0.18363850881613675,0.07428571428571429,264.3687142857143,6.142857142857142,21.5,112.0204,1.29,81.42857142857143,61.09,82.89802551269531,364.35052490234375,-0.0027714330843048307,0.00022938431507246726,64.57142857142857,27.0,32.285714285714285,-0.005823015333236925,42.953369140625,0.000834218433490852,59.9900016784668,0.00809456910944717,46.08000183105469,0.009539847317916683,17.989999771118164,0.011356876225725232,16.920000076293945,1.659,95.41922857142858,1197.1863888888888,112.0204
2021-02-18,47.916839599609375,5030900,0.12242546678988298,0.07949949017252611,0.17516840865681327,0.16246388058636851,0.07392857142857143,264.41807142857147,6.139285714285714,22.49,112.1603,1.29,81.71785714285714,60.4,82.48336791992188,362.7998352050781,-0.005002020135086771,-0.004256038049296751,65.10714285714286,27.0,32.17857142857143,-0.00022531147513027427,42.94369125366211,-0.0015002525432533664,59.900001525878906,-0.02430561419438204,44.959999084472656,-0.01556424070082707,17.709999084472656,-0.00650121807656967,16.809999465942383,1.624,95.52414285714286,1197.4653333333333,112.1603
2021-02-19,48.710079193115234,6334600,0.10073838666996116,0.077826197788325,0.12592302249461684,0.13463345564726592,0.07357142857142858,264.46742857142857,6.135714285714285,22.05,111.7058,1.34,82.00714285714287,59.12,83.83796691894531,362.1591491699219,0.016422692637120928,-0.0017659490798668243,65.64285714285714,27.0,32.07142857142857,0.029067022484970062,44.19193649291992,0.03973284128197774,62.279998779296875,0.068282912752204,48.029998779296875,0.054771387399651594,18.68000030517578,0.034503268419558975,17.389999389648438,1.618,95.62905714285715,1197.7442777777778,111.7058
2021-02-22,50.536354064941406,11268100,0.059682504312790874,0.10512876022754569,0.05165196460514743,0.09673310334801188,0.07250000000000001,264.6155,6.125,23.45,111.918,1.37,82.875,61.67,84.10520935058594,359.3735656738281,0.0031876063013192013,-0.007691600508998309,67.25,27.0,31.75,0.045325318820566896,46.194950103759766,0.02135520001803215,63.61000061035156,0.034769977640774385,49.70000076293945,0.09421842613108433,20.440000534057617,0.06325476826206855,18.489999771118164,1.671,95.94380000000001,1198.581111111111,111.918
2021-02-23,52.316524505615234,13654500,0.019217157828199216,0.03896324631886783,0.017277745399145505,0.06981665997421849,0.07214285714285715,264.66485714285716,6.121428571428571,23.11,111.8981,1.37,83.16428571428571,61.66,84.36324310302734,359.8099670410156,0.0030679877552626245,0.001214339085762406,67.78571428571429,27.0,31.642857142857142,0.012567911305034096,46.7755241394043,0.045747461166370185,66.5199966430664,0.018309855803678055,50.61000061035156,0.010763175518901047,20.65999984741211,0.03569496244359316,19.149999618530273,1.717,96.04871428571428,1198.8600555555556,111.8981
2021-02-24,54.6870002746582,14871700,-0.024793404571428534,-0.013155881935026037,0.01045705705039568,0.021251449772594855,0.07178571428571429,264.7142142857143,6.117857142857143,21.34,111.7212,1.38,83.45357142857144,63.21,85.95740509033203,363.7747802734375,0.018896404745344375,0.011019186780809598,68.32142857142857,27.0,31.535714285714285,0.026065405891066096,47.994747161865234,0.013980762960136506,67.44999694824219,0.08595136181901886,54.959999084472656,0.05614713726909404,21.81999969482422,-0.0005222051739447453,19.139999389648438,1.754,96.15362857142857,1199.1390000000001,111.7212
2021-02-25,53.7830810546875,16988200,-0.03824394392985786,0.0027438996711235397,0.0511061420909642,0.049733979473026046,0.07142857142857144,264.7635714285714,6.114285714285714,28.89,111.9253,1.54,83.74285714285715,63.43,84.37242126464844,355.0093688964844,-0.018439177218273928,-0.024095709357213946,68.85714285714286,27.0,31.428571428571427,-0.027217744098792407,46.688438415527344,-0.028020748334484424,65.55999755859375,-0.057860268525262715,51.779998779296875,-0.04399629229602475,20.860000610351562,-0.0339602737334368,18.489999771118164,1.729,96.25854285714286,1199.4179444444444,111.9253
2021-02-26,53.6170539855957,9763300,-0.02081529013533523,0.049888195908345256,0.04868388914742949,0.06193019631118002,0.07107142857142858,264.8129285714286,6.110714285714286,27.95,112.8306,1.44,84.03214285714286,61.55,83.49700164794922,353.18017578125,-0.010375660714456836,-0.005152520681130923,69.39285714285714,27.0,31.321428571428573,-0.006424821968031291,46.38847351074219,-0.00823674398469465,65.0199966430664,0.017381258151723866,52.68000030517578,0.0038350873137729113,20.940000534057617,-0.003244968452411956,18.43000030517578,1.682,96.36345714285714,1199.696888888889,112.8306
2021-03-01,53.552490234375,11350700,0.04288667193220008,0.06958303985393277,0.06631067330442986,0.05856003904700691,0.07,264.961,6.1,23.35,112.5263,1.45,84.9,60.54,85.63489532470703,361.7412414550781,0.025604436501467154,0.02423993831162985,71.0,27.0,31.0,0.0025031947804605714,46.50459289550781,-0.002922098151661112,64.83000183105469,0.011959017928352855,53.310001373291016,0.011461306828900009,21.18000030517578,0.002712926545449079,18.479999542236328,1.645,96.6782,1200.5337222222222,112.5263
2021-03-02,53.3218994140625,6558200,0.019373779512056544,0.047223726171153224,0.056218636464574034,0.061235085150854074,0.07,265.01432258064517,6.1,24.1,112.5342,1.42,85.00967741935484,59.7,85.38609313964844,358.9185791015625,-0.002905383186552535,-0.007802987412111717,71.09677419354838,26.774193548387096,30.870967741935484,0.0035373106169356294,46.66909408569336,0.009100668228085862,65.41999816894531,-0.0018758635573485893,53.209999084472656,0.012275742452104721,21.440000534057617,-0.0010822758798213483,18.459999084472656,1.636,96.68515806451613,1200.8126666666667,112.5342
2021-03-03,53.33112335205078,8552500,0.011933392053494085,0.06831547575704722,0.06018668662217497,0.052749864560713844,0.07,265.06764516129033,6.1,26.67,112.7617,1.47,85.11935483870968,61.33,85.47821807861328,354.1643981933594,0.0010789220536671085,-0.01324584790261818,71.19354838709677,26.548387096774192,30.741935483870968,0.0024878161500923035,46.78519821166992,0.008254370691555213,65.95999908447266,0.025559117341695803,54.56999969482422,0.03404848526364157,22.170000076293945,0.03575307624559376,19.1200008392334,1.655,96.69211612903226,1201.0916111111112,112.7617
2021-03-04,51.72620391845703,12853300,0.042617713028460624,0.08666185732235943,0.12286026091700752,0.038873091276113936,0.07,265.1209677419355,6.1,28.57,112.7037,1.54,85.22903225806452,63.81,84.11441802978516,349.7817077636719,-0.015954942434268538,-0.012374734592308534,71.29032258064517,26.322580645161292,30.612903225806452,-0.028748516343036434,45.44019317626953,-0.020315287393720793,64.62000274658203,-0.04617922799810248,52.04999923706055,-0.04194859278192864,21.239999771118164,-0.015690435734374564,18.81999969482422,1.719,96.69907419354838,1201.3705555555555,112.7037
2021-03-05,52.500999450683594,11420700,0.0722064849781534,0.07255779374317273,0.12614186247558812,0.028636423547438117,0.07,265.17429032258065,6.1,24.66,113.7487,1.56,85.33870967741936,66.08,86.1048355102539,356.21649169921875,0.023663214073049055,0.018396570754621866,71.38709677419355,26.096774193548388,30.483870967741936,-0.015970954696129303,44.71446990966797,0.004178220854078818,64.88999938964844,-0.0293947896584692,50.52000045776367,-0.03719392733953508,20.450000762939453,-0.010095671473888013,18.6299991607666,1.769,96.70603225806452,1201.6495,113.7487
2021-03-08,55.849178314208984,15098100,0.0255985320746992,-0.018001674393278377,0.04905028350413887,-0.03748983899281766,0.07,265.3342580645161,6.1,25.47,114.2678,1.59,85.66774193548387,65.03,87.00791931152344,354.44287109375,0.01048818914661287,-0.004979052477352308,71.6774193548387,25.419354838709676,30.096774193548388,0.036139171770479095,46.330413818359375,0.04777313150376794,67.98999786376953,0.07007127639452215,54.060001373291016,0.04987767786608277,21.469999313354492,0.09822866377578254,20.459999084472656,1.71,96.7269064516129,1202.4863333333333,114.2678
2021-03-09,54.35494613647461,7309900,0.027320642554125252,-0.022229625562756983,0.07687070012730168,-0.0005090244997779658,0.07,265.3875806451613,6.1,24.03,113.928,1.55,85.77741935483871,64.02,86.64852905273438,359.5035705566406,-0.0041305465253375084,0.014277898853697346,71.7741935483871,25.193548387096776,29.967741935483872,-0.005430110891180395,46.078834533691406,-0.016178827896496495,66.88999938964844,-0.011653737552927534,53.43000030517578,0.006055010352719048,21.600000381469727,-0.010263885330866307,20.25,1.702,96.73386451612903,1202.7652777777778,113.928
2021-03-10,53.96754455566406,6449400,0.05571718864730624,-0.01384366225337641,0.08391726232937691,-0.0015379647858512202,0.07,265.44090322580644,6.1,22.56,113.5881,1.53,85.88709677419355,64.45,87.92939758300781,361.7412414550781,0.014782345924117202,0.006224335672029069,71.87096774193549,24.967741935483872,29.838709677419356,0.0037798579221128836,46.25300598144531,-0.007474958955932864,66.38999938964844,0.009170837749781224,53.91999816894531,0.006944426661166014,21.75,-0.01728396945529509,19.899999618530273,1.722,96.74082258064516,1203.0442222222223,113.5881
2021-03-11,53.93065643310547,7295300,0.04224380973344988,0.02462808745870415,0.07166075877953237,-0.016589663958474388,0.07,265.4942258064516,6.1,21.91,112.9214,1.54,85.99677419354839,66.02,87.99394226074219,365.4090881347656,0.0007340511763820334,0.010139420832786072,71.96774193548387,24.741935483870968,29.70967741935484,0.01087864459295007,46.75617599487305,-0.01054371071964988,65.69000244140625,0.00259649868508971,54.060001373291016,0.0183907870588631,22.149999618530273,-0.023618056400204313,19.43000030517578,1.76,96.7477806451613,1203.3231666666668,112.9214
2021-03-12,56.29191207885742,10182800,0.00032765028932502105,0.004260199191046032,0.03604783409605483,-0.05669346170628753,0.07,265.54754838709675,6.1,20.69,113.0269,1.64,86.10645161290323,65.59,89.17344665527344,365.9011535644531,0.013404381758873374,0.0013466151928493986,72.06451612903226,24.516129032258064,29.580645161290324,0.03125011473175299,48.21731185913086,0.03546954049420914,68.0199966430664,0.04125045293354512,56.290000915527344,0.055079062831337344,23.3700008392334,0.0514668031031178,20.43000030517578,1.76,96.75473870967743,1203.602111111111,113.0269
2021-03-15,57.27883529663086,11155700,-0.04251196262905921,-0.018357471707364126,0.014975921564819528,-0.07761654893011483,0.07,265.70751612903223,6.1,20.03,113.1928,1.62,86.43548387096774,65.36,89.91984558105469,368.08319091796875,0.008370192627707551,0.005963461257935787,72.35483870967742,23.838709677419356,29.193548387096776,0.023279099428087813,49.33976745605469,0.05821827270364688,71.9800033569336,0.082607881249811,60.939998626708984,0.07702178743779586,25.170000076293945,0.05922658181097096,21.639999389648438,1.748,96.7756129032258,1204.4389444444446,113.1928
2021-03-16,55.83995819091797,5928500,-0.04823252455405791,0.0226295607834619,0.03964316431561188,-0.0564917192178499,0.07,265.7608387096774,6.1,19.79,112.9839,1.62,86.54516129032258,64.82,88.63897705078125,367.6190185546875,-0.014244558828994558,-0.001261052867216339,72.45161290322581,23.612903225806452,29.06451612903226,-0.031378622935731904,47.79155349731445,-0.019172059161616684,70.5999984741211,-0.018542784359740883,59.810001373291016,-0.027810916202528735,24.469999313354492,-0.04158963234355684,20.739999771118164,1.728,96.78257096774193,1204.7178888888889,112.9839
2021-03-17,56.974464416503906,6268900,-0.06588966405843144,-0.011494281348469193,0.010037217333129567,-0.08256428268889837,0.07,265.8141612903226,6.1,19.23,113.1589,1.63,86.65483870967742,64.55,89.66183471679688,368.8725891113281,0.01153959240109037,0.0034099719910278825,72.54838709677419,23.387096774193548,28.935483870967744,0.021259281709228972,48.80756759643555,0.03682717465035279,73.19999694824219,0.04413976473886794,62.45000076293945,0.028197815832428308,25.15999984741211,0.02121506937865769,21.18000030517578,1.686,96.78952903225807,1204.9968333333334,113.1589
2021-03-18,56.208892822265625,8020500,-0.01690172885675456,0.00590750184732447,0.01788653871943091,-0.08811941018094283,0.07,265.86748387096776,6.1,21.58,112.7744,1.71,86.76451612903226,59.95,89.57891082763672,363.5055236816406,-0.0009248515761703935,-0.014549916659889583,72.64516129032258,23.161290322580644,28.806451612903224,-0.02498036087224531,47.58833694458008,-0.03565574752956646,70.58999633789062,-0.02610089748922062,60.81999969482422,-0.018282952593895563,24.700000762939453,-0.02266286757885594,20.700000762939453,1.579,96.7964870967742,1205.2757777777779,112.7744
2021-03-19,56.31035614013672,9363800,0.003931260822974902,0.03144968011889371,-0.0196560331382708,-0.09598689069386401,0.07,265.9208064516129,6.1,20.95,112.9756,1.74,86.8741935483871,61.43,88.89698791503906,362.8328857421875,-0.0076125385573149185,-0.0018504201329336833,72.74193548387096,22.935483870967744,28.677419354838708,-0.003659800479310693,47.4141731262207,0.0026916341020444268,70.77999877929688,-0.0008220854539859879,60.77000045776367,0.010931115063775643,24.969999313354492,0.014492716232052283,21.0,1.622,96.80344516129033,1205.5547222222222,112.9756
2021-03-22,54.84379959106445,8093400,0.025226937547980333,0.07803568943198269,0.04339063584525049,-0.0531450535519542,0.07,266.0807741935484,6.1,18.88,113.0023,1.69,87.20322580645161,61.48,88.84709167480469,365.7301330566406,-0.0005612815620036349,0.007985073647684082,73.03225806451613,22.258064516129032,28.29032258064516,-0.021020422563030494,46.41750717163086,-0.03136481010158587,68.55999755859375,-0.040151367588105114,58.33000183105469,-0.045654762554948936,23.829999923706055,-0.08571424938383554,19.200000762939453,1.633,96.8243193548387,1206.3915555555557,113.0023
2021-03-23,53.14665603637695,9849900,0.07445314865830843,0.10239478291714876,0.059874992077634914,-0.032454242106184195,0.07,266.13409677419355,6.1,20.3,113.2916,1.63,87.31290322580645,57.75,87.29419708251953,362.8515625,-0.017478282777887766,-0.007870750305922436,73.12903225806451,22.032258064516128,28.161290322580644,-0.04857195524253599,44.16291809082031,-0.04229862893454661,65.66000366210938,-0.06806105084998493,54.36000061035156,-0.06546367901539507,22.270000457763672,0.0026041268267580353,19.25,1.54,96.83127741935485,1206.6705,113.2916
2021-03-24,53.220436096191406,6733400,0.05823228864621499,0.0998265552648483,0.06637791226669565,-0.04350088284932763,0.07,266.1874193548387,6.1,21.2,113.6565,1.62,87.42258064516129,61.12,87.9319839477539,361.0071105957031,0.0073061771177238555,-0.005083213343739956,73.2258064516129,21.806451612903224,28.032258064516128,-0.0006575080823740809,44.133880615234375,-0.0036552768775210964,65.41999816894531,-0.00974979347582916,53.83000183105469,-0.020655634592092076,21.809999465942383,-0.023896056336241922,18.790000915527344,1.645,96.83823548387097,1206.9494444444445,113.6565
2021-03-25,55.25886535644531,6826300,0.023201374037159272,0.058587663211784324,0.03438482428975176,-0.08763138747102328,0.07,266.24074193548387,6.1,19.81,114.0016,1.63,87.53225806451613,58.47,89.33696746826172,363.03790283203125,0.015978071430102103,0.005625352456291255,73.3225806451613,21.580645161290324,27.903225806451612,0.030695111047802426,45.48857498168945,0.035616048551966095,67.75,0.04124089412022158,56.04999923706055,0.04401655274317573,22.770000457763672,0.045236744688963215,19.639999389648438,1.573,96.8451935483871,1207.228388888889,114.0016
2021-03-26,56.5317268371582,6463100,0.027410660838831147,0.02235278184694134,0.01811065496142139,-0.1099689711894224,0.07,266.294064516129,6.1,18.86,113.7406,1.67,87.64193548387097,60.93,90.88062286376953,368.88818359375,0.017279021655354665,0.016114793293155127,73.41935483870968,21.35483870967742,27.774193548387096,0.013826928748799538,46.1175422668457,0.00841327962840177,68.31999969482422,0.013916192767374769,56.83000183105469,0.007026782792951325,22.93000030517578,0.0025458831956752803,19.690000534057617,1.604,96.85215161290323,1207.5073333333335,113.7406
2021-03-29,56.22734069824219,7357000,0.05150932925182805,0.03723762963324795,0.013287552087361654,-0.1268045531579426,0.07,266.4540322580645,6.1,20.74,113.9314,1.73,87.97096774193548,61.49,90.89910125732422,368.7019348144531,0.00020332600033334813,-0.0005048922345043394,73.70967741935483,20.677419354838708,27.387096774193548,-0.007133913680182125,45.788543701171875,-0.012002337507128868,67.5,-0.011085712613350118,56.20000076293945,-0.0008722397513076796,22.90999984741211,-0.005078739398546861,19.59000015258789,1.61,96.87302580645162,1208.3441666666668,113.9314
2021-03-30,57.10359191894531,5999900,0.026005446857995995,0.01809074854482806,0.005814876303362082,-0.1452108452971015,0.07,266.50735483870966,6.1,19.61,114.203,1.73,88.08064516129032,60.55,91.29657745361328,367.7237854003906,0.004372718660483388,-0.0026529543832058966,73.80645161290323,20.451612903225808,27.258064516129032,0.03338970167268829,47.31740951538086,0.03614818431712963,69.94000244140625,0.03576509420367624,58.209999084472656,0.05281540811349972,24.1200008392334,0.05002549946927215,20.56999969482422,1.588,96.87998387096775,1208.6231111111113,114.203
2021-03-31,56.319583892822266,5721000,0.03930542194270448,0.030789413134427512,0.028169092311411292,-0.13052734718560033,0.07,266.5606774193548,6.1,19.4,113.8234,1.74,88.19032258064516,59.19,91.00078582763672,369.2142639160156,-0.003239898298781796,0.004053255663084565,73.90322580645162,20.225806451612904,27.129032258064516,-0.012679161317239007,46.717464447021484,-0.010437565505451163,69.20999908447266,-0.011510018544632405,57.540000915527344,-0.009121111652088842,23.899999618530273,-0.011181309948886442,20.34000015258789,1.571,96.88694193548388,1208.9020555555555,113.8234
2021-04-01,56.54094696044922,4975200,0.03458389528446815,0.017781494507778106,0.01386626653721823,-0.1213702454548583,0.07,266.614,6.1,17.33,113.7389,1.69,88.3,61.41,91.3058090209961,373.2013854980469,0.0033518742787246314,0.010798937017607146,74.0,20.0,27.0,0.011392127334189484,47.24967575073242,0.004045640557734043,69.48999786376953,0.004866158756374306,57.81999969482422,-0.0016735986952777226,23.860000610351562,0.001474960001005332,20.3700008392334,1.624,96.8939,1209.181,113.7389
2021-04-05,58.081298828125,7378100,-0.004922938007826838,-0.01492775618849862,-0.03414314147481512,-0.14784806757853053,0.06866666666666667,266.8498666666666,6.06,17.91,113.394,1.73,87.58,58.73,92.43350982666016,378.55804443359375,0.01235081116695147,0.014353266476752946,74.66666666666667,19.466666666666665,26.333333333333332,0.0290803028753166,48.62371063232422,0.023024874418010155,71.08999633789062,0.02542375005987263,59.290000915527344,0.015507079732606677,24.229999542236328,0.03927340226318088,21.170000076293945,1.582,97.03539333333333,1208.2997252747252,113.394
2021-04-06,59.123573303222656,5777900,-0.013572584875433003,-0.06630274813228565,-0.051014040360309654,-0.18315130954539327,0.06833333333333334,266.9088333333333,6.05,18.12,113.1464,1.67,87.4,59.34,92.21167755126953,378.33453369140625,-0.0023999118480584336,-0.0005904266082151777,74.83333333333333,19.333333333333332,26.166666666666668,0.027860777156618388,49.9784049987793,0.03727671490210027,73.73999786376953,0.003204564408418209,59.47999954223633,-0.0070160990303616,24.059999465942383,0.0037789288340928096,21.25,1.596,97.07076666666667,1208.0794065934067,113.1464
2021-04-07,58.58859634399414,4320500,-0.007714089956740389,-0.0232995753728078,-0.04455294212401106,-0.1911207815218643,0.068,266.96779999999995,6.04,17.16,113.2436,1.68,87.22,59.77,91.78648376464844,378.7723083496094,-0.004611062263612853,0.00115710996279339,75.0,19.2,26.0,-0.028073648446949595,48.5753288269043,-0.018714365248117204,72.36000061035156,0.0015131162286574629,59.56999969482422,-0.005403124008818816,23.93000030517578,-0.009411800608915444,21.049999237060547,1.604,97.10614,1207.859087912088,113.2436
2021-04-08,58.53324890136719,5206900,-0.00819394244317373,-0.037661283069627904,-0.028364313672841868,-0.1933499694345855,0.06766666666666667,267.0267666666666,6.029999999999999,16.95,113.0917,1.64,87.03999999999999,59.61,92.00830078125,380.57025146484375,0.0024166631894335655,0.004746764944534521,75.16666666666667,19.066666666666666,25.833333333333332,-0.007768893500263219,48.19795227050781,0.004560555946256928,72.69000244140625,-0.002350166029304157,59.43000030517578,-0.01170082252714999,23.649999618530273,0.0019002810915507151,21.09000015258789,1.61,97.14151333333334,1207.6387692307692,113.0917
2021-04-09,58.49635314941406,4086400,-0.01624073296836903,-0.029801099066495196,-0.03263934555799397,-0.16682411153748533,0.06733333333333334,267.08573333333334,6.02,16.69,113.2028,1.67,86.86,59.29,92.90491485595703,383.3370361328125,0.009744925915312175,0.00727010231966152,75.33333333333333,18.933333333333334,25.666666666666668,-0.010841165403119857,47.67543029785156,-0.0008254943729937292,72.62999725341797,-0.01682651850689809,58.43000030517578,-0.0046511080244053815,23.540000915527344,-0.0014225076542651038,21.059999465942383,1.805,97.17688666666668,1207.4184505494507,113.2028
2021-04-12,57.79536819458008,4537900,-0.010054314949881182,-0.01101189389882673,-0.04596240347563929,-0.1544845855068565,0.06633333333333334,267.2626333333333,5.989999999999999,16.91,113.1815,1.69,86.32,59.7,93.24690246582031,383.4768981933594,0.00368104970973282,0.0003648540249536758,75.83333333333333,18.533333333333335,25.166666666666668,-0.009133347010376491,47.239994049072266,-0.01831191314822156,71.30000305175781,-0.03884991350175626,56.15999984741211,-0.02676300100310003,22.90999984741211,-0.026590668572807785,20.5,1.623,97.28300666666667,1206.7574945054946,113.1815
2021-04-13,58.32111358642578,8635400,-0.05345569521726423,-0.013126638074425712,-0.07939265580144073,-0.18440608743940723,0.066,267.3216,5.9799999999999995,16.65,113.0391,1.64,86.14,60.2,92.79399108886719,384.6133728027344,-0.004857119807482491,0.0029636064512077454,76.0,18.4,25.0,-0.011470741211760838,46.698116302490234,-0.015147290109801204,70.22000122070312,0.008903133927324003,56.65999984741211,-0.015277188293358335,22.559999465942383,0.013170754037252319,20.770000457763672,1.632,97.31838,1206.5371758241758,113.0391
2021-04-14,58.13663864135742,6035000,-0.01570664791097165,-0.01999039249625223,-0.04918278147928923,-0.17531332161561708,0.06566666666666666,267.38056666666665,5.97,16.99,112.7849,1.64,85.96000000000001,63.15,92.91414642333984,383.2998046875,0.001294861154938154,-0.003415294964036808,76.16666666666667,18.266666666666666,24.833333333333332,-0.0018647841941976662,46.61103439331055,0.00498431313068548,70.56999969482422,0.004588745538887995,56.91999816894531,-0.008421925142144349,22.3700008392334,0.0028887561203665424,20.829999923706055,1.696,97.35375333333333,1206.316857142857,112.7849
2021-04-15,58.05363082885742,5148900,-0.029710789122464942,-0.010645132399170976,-0.010168407200988328,-0.1773117443076021,0.06533333333333334,267.4395333333333,5.96,16.57,112.6181,1.56,85.78,63.42,93.28389739990234,387.41741943359375,0.0039794906458896495,0.010742543293103868,76.33333333333333,18.133333333333333,24.666666666666668,-0.02802582216932381,45.30472183227539,-0.016154164582376285,69.43000030517578,-0.014054800822130287,56.119998931884766,-0.010728729077464916,22.1299991607666,-0.00672104609511337,20.690000534057617,1.71,97.38912666666667,1206.0965384615386,112.6181
2021-04-16,57.546329498291016,5082900,-0.013784232131345275,0.00625106684100718,-0.004648327773330907,-0.20003201765942957,0.065,267.4985,5.95,16.25,112.4814,1.59,85.6,63.16,93.48725128173828,388.71234130859375,0.002179946244786235,0.003342446183481229,76.5,18.0,24.5,-0.003844359395946295,45.13055419921875,-0.0014402775987549798,69.33000183105469,-0.004454739927978846,55.869998931884766,-0.004518684044885868,22.030000686645508,-0.018849748039159953,20.299999237060547,1.699,97.42450000000001,1205.8762197802198,112.4814
2021-04-19,57.21427536010742,4855000,-0.0009673045333765673,0.0019345423928811556,0.0006448696889176375,-0.21812010484599698,0.064,267.67539999999997,5.92,17.29,112.1835,1.61,85.06,63.33,93.09901428222656,386.80255126953125,-0.004152833613020768,-0.004913119127201382,77.0,17.6,24.0,-0.0105061372510038,44.65640640258789,-0.008077386026224542,68.7699966430664,-0.015750801328828334,54.9900016784668,-0.021788535389194785,21.549999237060547,-0.0054186555239919,20.190000534057617,1.701,97.53062,1205.2152637362638,112.1835
2021-04-20,55.20351791381836,6112500,0.042606623841126234,0.016207353175819783,0.009022566158839895,-0.14068494743827265,0.06366666666666666,267.73436666666663,5.91,18.68,112.2354,1.58,84.88,62.61,92.072998046875,383.97064208984375,-0.01102069923362703,-0.007321330147365468,77.16666666666667,17.466666666666665,23.833333333333332,-0.03683640303358615,43.01142501831055,-0.027192019899219155,66.9000015258789,-0.08528827601841626,50.29999923706055,-0.05475630810222254,20.3700008392334,-0.04457650295809079,19.290000915527344,1.682,97.56599333333334,1204.994945054945,112.2354
2021-04-21,57.223506927490234,7307100,-0.00435210151139287,-0.01950362777342729,-0.034171646456965354,-0.14361708333002798,0.06333333333333334,267.7933333333333,5.8999999999999995,17.5,112.1771,1.57,84.7,61.34,93.33010864257812,387.60369873046875,0.01365341220955063,0.00946180838423305,77.33333333333333,17.333333333333332,23.666666666666668,0.028121484814398245,44.220970153808594,0.028849032304269828,68.83000183105469,0.031013944273414973,51.86000061035156,0.031418721810544836,21.010000228881836,0.03214094880553908,19.90999984741211,1.644,97.60136666666666,1204.7746263736265,112.1771
2021-04-22,56.32881164550781,9786200,0.01964945761485981,-0.00622256414284994,-0.01604719136734689,-0.1601441394097084,0.063,267.85229999999996,5.89,18.71,112.2297,1.57,84.52000000000001,61.45,92.85868072509766,384.0636901855469,-0.005051187921422784,-0.009133061827109934,77.5,17.2,23.5,-0.022975929978118148,43.204952239990234,-0.027168425059351464,66.95999908447266,-0.016004662963482796,51.029998779296875,-0.04474062464623041,20.06999969482422,-0.0030135342241190965,19.850000381469727,1.661,97.63674,1204.5543076923077,112.2297
2021-04-23,56.75309753417969,5019800,0.020315330199649262,0.0021125883919619337,-0.013814365385975247,-0.17601168315825444,0.06266666666666666,267.9112666666666,5.88,17.33,112.0889,1.58,84.34,62.18,93.87545776367188,388.22796630859375,0.010949725223690532,0.010842670706608715,77.66666666666667,17.066666666666666,23.333333333333332,0.025755967352406373,44.3177375793457,0.033602150997068314,69.20999908447266,0.04076037391359999,53.11000061035156,0.051818681182917326,21.110000610351562,0.02166248347164723,20.280000686645508,1.67,97.67211333333333,1204.333989010989,112.0889
2021-04-26,57.158931732177734,4953900,0.002904656613768264,-0.01000475778255161,-0.022914238917299823,-0.16443434410240187,0.06166666666666667,268.08816666666667,5.85,17.64,111.8109,1.58,83.80000000000001,62.02,93.5981674194336,389.0384216308594,-0.002953810834524506,0.0020875758384222287,78.16666666666667,16.666666666666668,22.833333333333332,0.017685536351694564,45.10152053833008,0.003901232134555954,69.4800033569336,0.01261529205885048,53.779998779296875,0.04405496344323856,22.040000915527344,0.01429975337080136,20.56999969482422,1.673,97.77823333333333,1203.6730329670331,111.8109
2021-04-27,57.5555534362793,4435000,-0.02532045170406394,-0.04198724761385708,-0.019070718060891778,-0.1802885939361909,0.06133333333333333,268.14713333333333,5.84,17.56,111.9097,1.63,83.62,63.03,94.37459564208984,388.95458984375,0.008295335732129372,-0.00021548459598907943,78.33333333333333,16.533333333333335,22.666666666666668,-0.005792646645002231,44.84026336669922,-0.005757074072435087,69.08000183105469,-0.005578267829489669,53.47999954223633,-0.012704204855465528,21.760000228881836,-0.021876463892415487,20.1200008392334,1.703,97.81360666666667,1203.4527142857144,111.9097
2021-04-28,56.974464416503906,4457300,-0.015217755478653117,-0.05763316883503311,-0.0006475840068175254,-0.16205280916344755,0.061,268.2061,5.83,17.28,111.7909,1.63,83.44,63.81,94.18048858642578,388.8427429199219,-0.0020567723161453166,-0.0002875577940166796,78.5,16.4,22.5,0.002157622297165984,44.93701171875,-0.0062246713054150415,68.6500015258789,0.0013088948284103452,53.54999923706055,-0.0027573283690845996,21.700000762939453,-0.004970197678855426,20.020000457763672,1.724,97.84898,1203.2323956043956,111.7909
2021-04-29,57.43564224243164,4105400,-0.02537344728082236,-0.03757815027474343,-0.013007882556856698,-0.17215333350734563,0.06066666666666667,268.26506666666666,5.819999999999999,17.61,111.7464,1.65,83.26,65.0,94.84601593017578,391.3207092285156,0.0070665097807309785,0.006372669552699106,78.66666666666667,16.266666666666666,22.333333333333332,-0.0012917692136344971,44.878963470458984,-0.001165358037530817,68.56999969482422,0.0026143677244265806,53.689998626708984,-0.018433249392417195,21.299999237060547,-0.005494535855962268,19.90999984741211,1.729,97.88435333333334,1203.012076923077,111.7464
2021-04-30,57.90605545043945,4676800,-0.017840310018791494,-0.007645790684613907,-0.022778014753231712,-0.1952851583279671,0.06033333333333333,268.3240333333333,5.81,18.61,112.0839,1.65,83.08000000000001,63.5,94.21743774414062,388.7496032714844,-0.006627354663984009,-0.0065703293906937965,78.83333333333333,16.133333333333333,22.166666666666668,0.011642915349419525,45.401485443115234,0.00831266876711445,69.13999938964844,0.013224118408092567,54.400001525878906,0.01971831414731584,21.719999313354492,0.02260174617720767,20.360000610351562,1.689,97.91972666666666,1202.7917582417583,112.0839
2021-05-03,57.32495880126953,4133600,-0.012872025582080338,-0.0008045972575151383,-0.02059532078549353,-0.1996781344789389,0.06129032258064516,268.52951612903223,5.806451612903226,18.31,112.005,1.63,83.06774193548388,64.46,95.1880111694336,389.5879821777344,0.01030142029470893,0.0021566038889677674,79.7741935483871,16.129032258064516,22.129032258064516,-0.007459505666698618,45.06281280517578,-0.006508489329109857,68.69000244140625,0.001102896266743869,54.459999084472656,0.010589385674775187,21.950000762939453,-0.03241649448068029,19.700000762939453,1.722,97.9561,1202.1308021978023,112.005
2021-05-04,56.09822082519531,6293500,-0.017099769805298703,0.020552350322443846,-0.04209152136583827,-0.1672147039551437,0.06193548387096774,268.6027741935484,5.809677419354839,19.48,112.2896,1.61,83.15161290322581,65.72,95.60395812988281,387.1845397949219,0.004369741056033272,-0.006169190254221024,80.16129032258064,16.193548387096776,22.193548387096776,-0.04101364723075851,43.214622497558594,-0.031008950460140516,66.55999755859375,-0.030481084746940446,52.79999923706055,-0.024145816319986912,21.420000076293945,-0.03299500003582334,19.049999237060547,1.762,97.95660000000001,1201.9104835164835,112.2896
2021-05-05,56.10744094848633,7451300,-0.04307085509751041,-0.0072333657573593335,-0.037481670974799264,-0.19612041667287072,0.06258064516129032,268.6760322580645,5.812903225806451,19.15,112.1514,1.59,83.23548387096774,65.63,95.69639587402344,387.3056335449219,0.00096688197799355,0.0003127546106673762,80.54838709677419,16.258064516129032,22.258064516129032,0.012091676410567631,43.737159729003906,0.005258505353872733,66.91000366210938,0.008901538399516351,53.27000045776367,0.0070027832864614226,21.56999969482422,0.014173252943674886,19.31999969482422,1.755,97.9571,1201.690164835165,112.1514
2021-05-06,55.978302001953125,4452800,-0.012522440477196417,-0.01268735379276098,-0.039710036051958886,-0.16872628859993777,0.0632258064516129,268.74929032258063,5.816129032258065,18.39,111.8401,1.58,83.31935483870969,64.73,96.36190795898438,390.39849853515625,0.006954411175913444,0.007985592571752909,80.93548387096774,16.322580645161292,22.322580645161292,-0.005973607279061599,43.47589111328125,0.0019428672291581517,67.04000091552734,-0.004129927141216294,53.04999923706055,-0.0037088514064861355,21.489999771118164,0.0005176101987474091,19.329999923706055,1.749,97.9576,1201.4698461538462,111.8401
2021-05-07,56.87299346923828,5174700,0.010379696334689381,-0.02546201554318439,-0.04476140918111138,-0.17742452602516856,0.06387096774193549,268.82254838709673,5.819354838709677,16.69,111.0249,1.6,83.40322580645162,64.96,97.37869262695312,393.23974609375,0.010551728265919547,0.0072778137448135105,81.3225806451613,16.387096774193548,22.387096774193548,0.02626318072634204,44.617706298828125,0.0128281712202718,67.9000015258789,0.03166824371982524,54.72999954223633,0.02373197926075643,22.0,0.01189857957289786,19.559999465942383,1.75,97.9581,1201.2495274725275,111.0249
2021-05-10,56.58707046508789,4178600,0.012224786083770978,-0.01092088620160181,-0.04775872068154963,-0.18973105025690706,0.06580645161290323,269.04232258064513,5.829032258064516,19.66,110.7905,1.63,83.65483870967742,64.92,97.47111511230469,389.3457336425781,0.000949103780902183,-0.009902387766885457,82.48387096774194,16.580645161290324,22.580645161290324,-0.014747444141137711,43.95970916748047,-0.011929383943821592,67.08999633789062,-0.012790074343034585,54.029998779296875,0.0,22.0,-0.014826125567316772,19.270000457763672,1.749,97.95960000000001,1200.5885714285714,110.7905
2021-05-11,55.138954162597656,6483100,0.03830716381080124,0.012880624277293418,-0.03813980930026162,-0.14503167421064922,0.0664516129032258,269.1155806451613,5.832258064516129,21.84,110.8921,1.64,83.73870967741937,65.31,96.02915954589844,385.8709411621094,-0.01479367056327252,-0.008924696433578072,82.87096774193549,16.64516129032258,22.64516129032258,-0.02003085100419355,43.079158782958984,-0.023103227112383773,65.54000091552734,-0.02461591794199791,52.70000076293945,-0.019545468417080936,21.56999969482422,-0.011416772987905555,19.049999237060547,1.77,97.9601,1200.3682527472529,110.8921
2021-05-12,53.69084548950195,5999400,0.03745051504707053,0.05153731868306144,-0.010994737875311689,-0.10943148974833128,0.06709677419354838,269.1888387096774,5.835483870967742,27.59,111.5636,1.69,83.8225806451613,65.96,93.72756958007812,377.6730041503906,-0.023967615427481048,-0.021245282132490773,83.25806451612904,16.70967741935484,22.70967741935484,-0.03346815794607305,41.63737869262695,-0.011748615527994444,64.7699966430664,-0.032068357057685626,51.0099983215332,-0.03755213154392134,20.760000228881836,-0.034120716249990246,18.399999618530273,1.81,97.9606,1200.1479340659341,111.5636
2021-05-13,55.27731704711914,5562600,-0.00016700462099028535,0.030034952963010397,-0.04421826896673897,-0.14917418630276402,0.06774193548387096,269.26209677419354,5.838709677419355,23.13,111.5955,1.66,83.90645161290323,63.82,95.48380279541016,382.2098083496094,0.01873763742301615,0.012012519161714197,83.64516129032258,16.774193548387096,22.774193548387096,0.021845464067806297,42.546966552734375,0.03689990957099765,67.16000366210938,0.02783771868981111,52.43000030517578,0.021676245213368084,21.209999084472656,0.029891367163686455,18.950000762939453,1.736,97.9611,1199.9276153846154,111.5955
2021-05-14,57.46331787109375,8033100,-0.035473507640637725,-0.013483240199728352,-0.0831461721397928,-0.1908507784029171,0.06838709677419355,269.3353548387097,5.841935483870968,18.81,111.1353,1.63,83.99032258064517,65.32,96.80560302734375,388.0788879394531,0.013843187988289207,0.01535564881285123,84.03225806451613,16.838709677419356,22.838709677419356,0.05321787948319412,44.81122589111328,0.03990459394946777,69.83999633789062,0.05435816245531755,55.279998779296875,0.056105638162369686,22.399999618530273,0.03852240173330168,19.68000030517578,1.775,97.9616,1199.7072967032968,111.1353
2021-05-17,57.27883529663086,5955100,-0.02286613863203424,-0.012077145562763514,-0.08743939432990466,-0.19307555764941942,0.0703225806451613,269.55512903225804,5.851612903225806,19.72,111.079,1.64,84.24193548387098,66.24,96.50982666015625,387.0913391113281,-0.003055364131185234,-0.0025447115491608052,85.19354838709677,17.032258064516128,23.032258064516128,0.009501239210643941,45.23698806762695,0.026202776732705102,71.66999816894531,0.0233357623736139,56.56999969482422,0.0424107490677621,23.350000381469727,0.011686968428340938,19.90999984741211,1.777,97.9631,1199.0463406593408,111.079
2021-05-18,57.25117111206055,5298300,-0.02448845622925988,-0.019333023321948972,-0.10472052633616447,-0.2149185127369303,0.07096774193548387,269.6283870967742,5.854838709677419,21.34,110.8317,1.64,84.3258064516129,65.49,95.10482788085938,383.75634765625,-0.014558090382281508,-0.008615515559543319,85.58064516129032,17.096774193548388,23.096774193548388,-0.0004277906212408755,45.21763610839844,-0.01925488054520308,70.29000091552734,-0.003358646415661304,56.380001068115234,0.008993536661323187,23.559999465942383,0.0065294359172047844,20.040000915527344,1.772,97.9636,1198.826021978022,110.8317
2021-05-19,55.701595306396484,8732100,0.013578289693510603,-0.03527069432829655,-0.08610696228057302,-0.1978804176651996,0.07161290322580645,269.7016451612903,5.858064516129033,22.18,110.8807,1.68,84.40967741935484,63.28,94.56871032714844,382.7502136230469,-0.005637122380186099,-0.0026218042759370563,85.96774193548387,17.161290322580644,23.161290322580644,-0.012625772638906296,44.646728515625,-0.013657690595656136,69.33000183105469,-0.01046470630383789,55.790000915527344,-0.025042451865959325,22.969999313354492,-0.01347307611919668,19.770000457763672,1.738,97.9641,1198.6057032967033,110.8807
2021-05-20,55.26808547973633,7798300,0.03020700229296991,-0.022863921576991242,-0.06041393556423891,-0.20794395603538518,0.07225806451612903,269.77490322580644,5.861290322580645,20.67,110.8605,1.63,84.49354838709678,61.95,94.78131103515625,386.8677673339844,0.0022481083571124216,0.010757809047215128,86.35483870967742,17.225806451612904,23.225806451612904,-0.015821259836061086,43.94036102294922,-0.012981415002296659,68.43000030517578,-0.012547064912211359,55.09000015258789,-0.016107920894436134,22.600000381469727,-0.00961054778241055,19.579999923706055,1.672,97.9646,1198.3853846153847,110.8605
2021-05-21,55.42489242553711,4885800,0.022799028969249235,-0.03012167892706208,-0.07222514390401247,-0.211848840925129,0.07290322580645162,269.8481612903226,5.864516129032258,20.15,111.0576,1.63,84.57741935483871,63.61,95.24347686767578,386.55108642578125,0.0048761282944072,-0.000818576616980704,86.74193548387096,17.29032258064516,23.29032258064516,-0.004404402509935568,43.746829986572266,-0.005260859400059603,68.06999969482422,0.003811927462171072,55.29999923706055,-0.001327463988456623,22.56999969482422,-0.009193069758792527,19.399999618530273,1.699,97.9651,1198.165065934066,111.0576
2021-05-24,55.96908950805664,4038100,0.011041468826150869,-0.029334251910838605,-0.09047474976248915,-0.19726436023105565,0.07483870967741936,270.06793548387094,5.874193548387097,18.4,110.9118,1.61,84.82903225806452,66.13,95.83505249023438,390.4916687011719,0.006211193060291942,0.01019420825285211,87.90322580645162,17.483870967741936,23.483870967741936,0.02123418715205805,44.675758361816406,0.017335100785456747,69.25,0.01518987638656144,56.13999938964844,0.01860877633907365,22.989999771118164,0.032474282500164486,20.030000686645508,1.765,97.9666,1197.50410989011,110.9118
2021-05-25,55.849178314208984,7029200,0.005284850743419334,-0.0351774905370551,-0.09727491366943275,-0.16085875870451927,0.07548387096774194,270.1411935483871,5.87741935483871,18.84,110.842,1.56,84.91290322580646,66.27,95.54850769042969,389.62530517578125,-0.0029899790562945006,-0.002218647911931826,88.29032258064517,17.548387096774192,23.548387096774192,0.010829543178224599,45.159576416015625,-0.014440433212996373,68.25,0.01496259639687092,56.97999954223633,0.009569348218562146,23.209999084472656,-0.008487272614388308,19.860000610351562,1.75,97.9671,1197.2837912087912,110.842
2021-05-26,56.45792770385742,4526600,-0.04819458399861565,-0.060610845583751516,-0.10880556471652536,-0.16271828305025093,0.07612903225806451,270.21445161290325,5.880645161290323,17.36,110.8677,1.58,84.99677419354839,66.41,95.853515625,390.39849853515625,0.003192178945991664,0.0019844536509920907,88.6774193548387,17.612903225806452,23.612903225806452,0.01757015696156672,45.95303726196289,0.02036629142342039,69.63999938964844,0.018076496798379083,58.0099983215332,0.029728589456051502,23.899999618530273,0.02366562431571717,20.329999923706055,1.763,97.9676,1197.0634725274726,110.8677
2021-05-27,56.93756866455078,4437900,-0.05151481571357919,-0.06739030200105289,-0.13769662039836683,-0.1856471480804902,0.0767741935483871,270.28770967741934,5.883870967741935,16.74,110.8688,1.61,85.08064516129032,66.87,97.16609191894531,390.60345458984375,0.013693564449742235,0.0005249919132797043,89.06451612903226,17.677419354838708,23.677419354838708,0.011791989798040303,46.49491500854492,0.01134406838672053,70.43000030517578,0.019307063937050506,59.130001068115234,0.022175761301459707,24.43000030517578,0.010821412404333541,20.549999237060547,1.773,97.9681,1196.8431538461539,110.8688
2021-05-28,56.68852615356445,3517100,-0.05174106192654826,-0.06801158260756979,-0.1389521940530224,-0.17214435501980174,0.07741935483870968,270.3609677419355,5.887096774193549,16.76,110.7576,1.58,85.16451612903226,66.31,97.16609191894531,391.3021240234375,0.0,0.0017886924075656285,89.45161290322581,17.741935483870968,23.741935483870968,-0.007700213720250981,46.13689422607422,-0.01746419638795893,69.19999694824219,-0.01319131709630128,58.349998474121094,-0.007777344727145308,24.239999771118164,-0.021897755342943137,20.100000381469727,1.759,97.96860000000001,1196.6228351648351,110.7576
2021-06-01,56.58707046508789,5313700,-0.039934782085513154,-0.06894874538230211,-0.134637336581915,-0.19853301488388708,0.08,270.654,5.9,17.9,110.5046,1.62,85.5,67.8,97.54507446289062,390.95745849609375,0.0039003580000054328,-0.0008808169089393747,91.0,18.0,24.0,0.0004193638270586497,46.15624237060547,0.0049133523450797245,69.54000091552734,0.022622103330639298,59.66999816894531,0.017739286684652633,24.670000076293945,0.006965143631415316,20.239999771118164,1.797,97.9706,1195.7415604395605,110.5046
2021-06-02,56.14433288574219,5327800,-0.04024962800399512,-0.06899938170527042,-0.1151634404364753,-0.18219154906610313,0.08066666666666666,270.6956333333333,5.883333333333334,17.48,110.5799,1.59,85.35666666666667,68.79,97.26778411865234,391.5722351074219,-0.0028426893491558802,0.0015724897887687828,90.56666666666666,18.0,23.8,0.0014676540065599042,46.22398376464844,-0.024446427311696106,67.83999633789062,0.010390527327093224,60.290000915527344,0.04661530664668856,25.81999969482422,-0.015810261780775714,19.920000076293945,1.823,97.99987,1195.5212417582418,110.5799
2021-06-03,53.736961364746094,9963500,-0.013044957904628895,-0.046172373016426294,-0.07895627558863172,-0.14950227950633577,0.08133333333333334,270.73726666666664,5.866666666666667,18.04,111.1782,1.63,85.21333333333334,68.81,97.05517578125,390.1190185546875,-0.0021858042652950216,-0.0037112349202585992,90.13333333333334,18.0,23.6,-0.03433129713286909,44.637054443359375,-0.035082508577446214,65.45999908447266,-0.04246145852407346,57.72999954223633,-0.03446938033182256,24.93000030517578,-0.04417666452792113,19.040000915527344,1.818,98.02914,1195.300923076923,111.1782
2021-06-04,54.00444030761719,5000900,-0.016737727220712983,-0.057386765784131266,-0.10572143415173052,-0.15286071707586524,0.082,270.7789,5.8500000000000005,16.42,110.7521,1.56,85.07000000000001,69.57,97.36943054199219,393.6869201660156,0.0032378980122655943,0.009145674631671374,89.7,18.0,23.4,-0.003251679979106692,44.49190902709961,-0.00015279768362908008,65.44999694824219,-0.01385759992038893,56.93000030517578,-0.02527080065797027,24.299999237060547,0.0010503439838980277,19.059999465942383,1.828,98.05841000000001,1195.0806043956045,110.7521
2021-06-07,53.755401611328125,4756800,-0.01715830985371769,-0.033973863682167704,-0.11839375017386178,-0.16163345173910004,0.084,270.9038,5.800000000000001,16.42,110.5155,1.57,84.64,69.21,96.69469451904297,393.3050231933594,-0.006929649472050992,-0.0009700524784902465,88.4,18.0,22.8,0.0021749443360177256,44.58867645263672,0.0016806816727363838,65.55999755859375,0.006499190758850748,57.29999923706055,-0.0020575818366401766,24.25,0.0052466098778445325,19.15999984741211,1.829,98.14622,1194.4196483516484,110.5155
2021-06-08,54.32727813720703,4830000,-0.030220825372483495,-0.05348062046529978,-0.13089982354473562,-0.17606106630097662,0.08466666666666667,270.9454333333333,5.783333333333334,17.07,110.649,1.53,84.49666666666667,70.11,96.94426727294922,393.388916015625,0.002581038754480014,0.00021330218867898765,87.96666666666667,18.0,22.6,0.020833279862677134,45.51760482788086,0.011287454556456966,66.30000305175781,0.007504368427594388,57.72999954223633,-0.001237141717340573,24.219999313354492,0.008872655409593255,19.329999923706055,1.854,98.17549,1194.1993296703297,110.649
2021-06-09,53.884544372558594,4740100,-0.029955449396163347,-0.05528940194017773,-0.09551520617662657,-0.17630959873307228,0.08533333333333333,270.9870666666667,5.766666666666667,17.89,110.5707,1.5,84.35333333333334,69.9,95.95520782470703,392.80194091796875,-0.010202351062775672,-0.0014920987190013557,87.53333333333333,18.0,22.4,-0.011054488258503303,45.01443099975586,-0.010256414387265322,65.62000274658203,-0.008661008210024135,57.22999954223633,-0.015276587216117465,23.850000381469727,-0.025866528813939915,18.829999923706055,1.819,98.20476000000001,1193.9790109890112,110.5707
2021-06-10,53.03596496582031,4570600,-0.0335652726809782,-0.049391213157391256,-0.07860873793251266,-0.14382603541954075,0.08600000000000001,271.0287,5.75,16.1,110.5456,1.45,84.21000000000001,70.34,95.48380279541016,394.6278991699219,-0.004912761276678723,0.0046485469182915296,87.1,18.0,22.2,-0.005159291788666032,44.782188415527344,-0.01097228269684325,64.9000015258789,-0.016949174007720447,56.2599983215332,-0.01635225537774343,23.459999084472656,-0.020711598047191027,18.440000534057617,1.841,98.23403,1193.7586923076924,110.5456
2021-06-11,53.100528717041016,5059600,-0.04134099282434567,-0.05245781514850767,-0.10422087380122891,-0.16796943387510832,0.08666666666666667,271.07033333333334,5.733333333333333,15.65,111.0933,1.47,84.06666666666666,71.0,95.67793273925781,395.2798767089844,0.002033119106741088,0.0016521324022804595,86.66666666666667,18.0,22.0,0.004753998123580905,44.99508285522461,0.008936853889339513,65.4800033569336,0.0046214387484428965,56.52000045776367,0.0029838706267972803,23.530000686645508,0.011388236355243109,18.649999618530273,1.822,98.2633,1193.5383736263736,111.0933
2021-06-14,52.83304977416992,4908300,-0.017109117365531334,-0.0707055887251481,-0.09252803655082031,-0.14926670414957777,0.08866666666666667,271.19523333333336,5.683333333333334,16.39,110.9659,1.51,83.63666666666667,70.94,95.24347686767578,396.1649169921875,-0.004540815830187395,0.0022390218560373043,85.36666666666666,18.0,21.4,-0.01290322471251204,44.41450119018555,-0.015730090957338683,64.44999694824219,-0.013800402918958787,55.7400016784668,-0.022949464503578265,22.989999771118164,-0.01715816093134248,18.329999923706055,1.847,98.35111,1192.8774175824176,110.9659
2021-06-15,52.685462951660156,6430700,-0.02398463042037402,-0.0735294266716423,-0.09348731875007332,-0.15913841672303408,0.08933333333333333,271.2368666666667,5.666666666666667,17.02,111.3507,1.51,83.49333333333334,72.06,95.65019226074219,395.4383544921875,0.004270270326559578,-0.0018339900098077733,84.93333333333334,18.0,21.2,-0.008061156085697907,44.05646896362305,-0.0018618327830778325,64.33000183105469,-0.008073210430370237,55.290000915527344,-0.008699384844799929,22.790000915527344,-0.014184409708893675,18.06999969482422,1.855,98.38038,1192.657098901099,111.3507
2021-06-16,52.270408630371094,5947700,-0.026116277369162444,-0.06317284873409523,-0.11928713958617687,-0.14487401964068414,0.09,271.2785,5.65,18.15,111.1165,1.57,83.35000000000001,72.03,94.74434661865234,393.23046875,-0.009470400640915755,-0.005583387946833884,84.5,18.0,21.0,-0.00021958346851658206,44.04679489135742,-0.006217962295872459,63.93000030517578,0.005606756257200418,55.599998474121094,0.0017551121795462699,22.829999923706055,-0.0022135588740583856,18.030000686645508,1.834,98.40965,1192.4367802197803,111.1165
2021-06-17,51.25579833984375,8334200,-0.01637559167634184,-0.030771932958232884,-0.12722671251228013,-0.11606985502069012,0.09066666666666667,271.32013333333333,5.633333333333334,17.75,112.5772,1.52,83.20666666666666,71.06,93.28389739990234,393.1000671386719,-0.01541463180519187,-0.00033161624464816963,84.06666666666666,18.0,20.8,-0.020869861031854953,43.12754440307617,-0.020178334261996,62.63999938964844,-0.024460374693846543,54.2400016784668,-0.02628122573258107,22.229999542236328,-0.03882422275546171,17.329999923706055,1.826,98.43892,1192.2164615384615,112.5772
2021-06-18,50.90530014038086,8798300,-0.011596221639760818,-0.027722243117192957,-0.06812819555354521,-0.11070829904022772,0.09133333333333334,271.36176666666665,5.616666666666667,20.7,113.0408,1.45,83.06333333333333,71.64,92.072998046875,387.7969970703125,-0.012980797187710724,-0.013490381996013823,83.63333333333334,18.0,20.6,0.008750156006385179,43.50491714477539,0.01069607264002137,63.310001373291016,0.012536808064821159,54.91999816894531,0.002699117162688891,22.290000915527344,-0.0011540945096204513,17.309999465942383,1.863,98.46818999999999,1191.996142857143,113.0408
2021-06-21,51.92912292480469,5470100,-0.054529421634231245,-0.0699821081579336,-0.05630538309669031,-0.11936046287832103,0.09333333333333334,271.4866666666667,5.566666666666667,17.89,112.8391,1.5,82.63333333333334,73.64,94.09813690185547,393.3486633300781,0.02199492682913884,0.014315908327570348,82.33333333333333,18.0,20.0,0.018016137940697785,44.2887077331543,0.027009875733422284,65.0199966430664,0.014020402101889928,55.689998626708984,0.0071780996339327885,22.450000762939453,0.019641834955387738,17.649999618530273,1.899,98.556,1191.335186813187,112.8391
2021-06-22,51.42182159423828,4694100,-0.050762311532663196,-0.078385468402562,-0.07999986943544624,-0.11838540312028512,0.094,271.5283,5.550000000000001,16.66,112.9174,1.48,82.49000000000001,73.15,94.20012664794922,395.4516906738281,0.001083865732645961,0.0053464713110904505,81.9,18.0,19.8,-0.00873952058131855,43.90164566040039,-0.012457668416076872,64.20999908447266,-0.009337411933680317,55.16999816894531,-0.015144772429102282,22.110000610351562,-0.0107649030121304,17.459999084472656,1.933,98.58527,1191.1148681318682,112.9174
2021-06-23,50.90530014038086,6157800,-0.0380503036490113,-0.07247679740273894,-0.08135519908960376,-0.08226111409485792,0.09466666666666668,271.5699333333333,5.533333333333334,16.32,112.3819,1.5,82.34666666666666,73.11,93.98686218261719,394.97491455078125,-0.0022639509406293667,-0.001205649474489423,81.46666666666667,18.0,19.6,-0.0022039260713314635,43.80488967895508,-0.00669678105134508,63.779998779296875,-0.0009062758513682656,55.119998931884766,0.004070563098300228,22.200000762939453,-0.008018293069267157,17.31999969482422,1.939,98.61453999999999,1190.8945494505494,112.3819
2021-06-24,50.41645431518555,8134800,-0.014636014682093856,-0.033296734784457827,-0.05268942586433145,-0.04281016324375275,0.09533333333333334,271.6115666666667,5.516666666666667,15.97,112.326,1.49,82.20333333333333,73.31,94.71939849853516,397.3114929199219,0.0077940288558058235,0.005915763971486854,81.03333333333333,18.0,19.4,-0.007952407645646198,43.45653533935547,-0.00360613901910245,63.54999923706055,-0.014150921524159865,54.34000015258789,0.006756739341229334,22.350000381469727,0.0028869021530133487,17.3700008392334,1.903,98.64381,1190.674230769231,112.326
2021-06-25,50.31499099731445,6555800,-0.016315216342237315,-0.028781010863492495,-0.06232829025943054,-0.031164145129715326,0.096,271.6532,5.5,15.62,111.9655,1.54,82.06,74.21,94.90485382080078,398.7227478027344,0.0019579444676107727,0.0035520112253508707,80.6,18.0,19.2,-0.010687973089580582,42.99207305908203,-0.0044059603880149956,63.27000045776367,-0.008465202119635085,53.880001068115234,-0.0058166025009565026,22.219999313354492,-0.010938429756921275,17.18000030517578,1.882,98.67308,1190.4539120879122,111.9655
2021-06-28,49.09745788574219,8319700,-0.016343910511115056,-0.031185172040100073,-0.027615797984305912,-0.0050721007343556,0.098,271.7781,5.45,15.76,112.0248,1.49,81.63000000000001,72.98,94.40413665771484,399.5265808105469,-0.00527599108925858,0.002016019934258262,79.3,18.0,18.6,-0.02948470618842014,41.724464416503906,-0.028765602681466218,61.45000076293945,-0.025798057945306985,52.4900016784668,-0.0373537330942767,21.389999389648438,-0.014551804165258586,16.93000030517578,1.876,98.76088999999999,1189.792956043956,112.0248
2021-06-29,48.81153106689453,8078100,-0.029100358324899434,-0.01776259900825672,-0.025887860327533208,0.0024566161156329702,0.09866666666666667,271.8197333333334,5.433333333333334,16.02,112.2613,1.49,81.48666666666666,73.14,94.21868133544922,399.7414855957031,-0.001964483007116935,0.0005378985916788537,78.86666666666666,18.0,18.4,-0.005797682865083309,41.48255920410156,-0.0214808735302785,60.130001068115234,-0.006477426971151501,52.150001525878906,-0.014492729069099708,21.079999923706055,-0.012994755861632568,16.709999084472656,1.884,98.79016,1189.5726373626374,112.2613
2021-06-30,48.96833801269531,6859900,-0.03578824743572284,-0.02467508146139108,-0.048408336187117706,-0.010359860388403419,0.09933333333333334,271.8613666666667,5.416666666666667,15.83,112.5533,1.45,81.34333333333333,73.52,94.95121765136719,400.0780334472656,0.007774852136912314,0.0008419137459825254,78.43333333333334,18.0,18.2,0.009097326161507269,41.85993957519531,0.0029935190749768026,60.310001373291016,0.0026845519760716474,52.290000915527344,0.006166943132689839,21.209999084472656,0.004189204428975524,16.780000686645508,1.883,98.81943,1189.3523186813188,112.5533
2021-07-01,49.678558349609375,7113800,-0.018937895417746042,-0.07333822419153413,-0.07649457848829178,-0.04511693830024199,0.1,271.903,5.4,15.48,112.74,1.48,81.2,75.33,95.62810516357422,402.2931213378906,0.007128792330945766,0.005536639618873185,78.0,18.0,18.0,0.02242245108413754,42.79854202270508,0.01857069982393944,61.43000030517578,0.015108068496758387,53.08000183105469,0.014144326136666496,21.510000228881836,0.020262225189208838,17.1200008392334,1.897,98.8487,1189.132,112.74
2021-07-02,49.49409103393555,6747600,-0.012672549914721665,-0.09616096213988912,-0.05609392027286586,0.012858683121818482,0.09967741935483872,271.927935483871,5.390322580645162,15.07,112.5425,1.44,80.84838709677419,75.37,95.77648162841797,405.3680725097656,0.0015515989215717507,0.007643558909604886,77.51612903225806,17.93548387096774,17.967741935483872,-0.0018086559320875661,42.721134185791016,-0.01172067747234673,60.709999084472656,-0.005840266816073192,52.77000045776367,-0.0013947320467818658,21.479999542236328,-0.001168250980329244,17.100000381469727,1.934,98.82997741935483,1189.281445652174,112.5425
2021-07-06,48.295013427734375,7819300,-0.015087856098869423,-0.017761658381415635,-0.06608109098652726,0.05156605147071369,0.09838709677419355,272.02767741935486,5.351612903225806,16.44,112.9516,1.37,79.44193548387096,73.62,94.85848999023438,404.6297302246094,-0.009584729179602847,-0.001821412033229275,75.58064516129032,17.677419354838708,17.838709677419356,-0.020611408660115127,41.84059143066406,-0.025037069357367714,59.189998626708984,-0.025203748711717378,51.439998626708984,-0.021880787866421003,21.010000228881836,-0.030994191510067992,16.56999969482422,1.87,98.75508709677419,1189.8792282608697,112.9516
2021-07-07,47.39109802246094,9116600,0.011677581111351198,0.034059893303642896,-0.0181005968466329,0.06014001763783705,0.09806451612903226,272.0526129032258,5.341935483870968,16.2,113.1048,1.33,79.09032258064516,72.22,95.80429077148438,406.0596618652344,0.009970649768380024,0.0035339262881926015,75.09677419354838,17.612903225806452,17.806451612903224,-0.016188894136353493,41.163238525390625,-0.026524746262044485,57.619998931884766,-0.022161730561487958,50.29999923706055,-0.03331750382264076,20.309999465942383,-0.024743503618782636,16.15999984741211,1.837,98.73636451612903,1190.0286739130436,113.1048
2021-07-08,47.21584701538086,8425500,0.011525648743418548,0.0019534874627049614,-0.009181609215089703,0.06368414372348341,0.09774193548387097,272.0775483870968,5.332258064516129,19.0,113.0776,1.3,78.73870967741935,72.98,94.46905517578125,402.75103759765625,-0.013937116855110121,-0.008148123486041325,74.61290322580645,17.548387096774192,17.774193548387096,-0.011048406886821738,40.70845031738281,0.0027768110096852983,57.779998779296875,-0.012723646110453513,49.65999984741211,0.0019695182953805013,20.350000381469727,-0.006188142476111547,16.059999465942383,1.878,98.71764193548387,1190.1781195652175,113.0776
2021-07-09,48.73775100708008,6773900,-0.0554504434731502,-0.040499646650687615,-0.05923549594800814,0.022709923499815154,0.09741935483870968,272.1024838709678,5.322580645161291,16.18,112.8375,1.37,78.38709677419355,74.56,95.96195220947266,407.0503234863281,0.015803027043231666,0.010674797796466073,74.12903225806451,17.483870967741936,17.741935483870968,0.02020432787366988,41.53093719482422,0.027691282842180698,59.380001068115234,0.028997153264873177,51.099998474121094,0.02653557730005862,20.889999389648438,0.025529256603125994,16.469999313354492,1.902,98.69891935483871,1190.3275652173913,112.8375
2021-07-12,48.86687469482422,6919800,-0.08456000308505174,-0.022649993856437955,-0.03529620790001187,0.01774248217703489,0.0964516129032258,272.17729032258063,5.2935483870967746,16.17,112.7611,1.38,77.33225806451613,74.21,96.09173583984375,408.5083312988281,0.001352448833969122,0.003581885895612036,72.6774193548387,17.29032258064516,17.64516129032258,-0.0016308312435485695,41.46320724487305,0.004883750347148386,59.66999816894531,-0.009393337701945725,50.619998931884766,-0.0023934532561701305,20.84000015258789,0.001821535391393958,16.5,1.923,98.64275161290323,1190.7759021739132,112.7611
2021-07-13,47.56634521484375,6646800,-0.0027147622243294256,-0.008144447067790495,0.005235446738018901,0.001939012763576775,0.09612903225806452,272.2022258064516,5.283870967741936,17.12,113.0063,1.42,76.98064516129033,75.24,95.16449737548828,407.11578369140625,-0.00964951310590223,-0.003408859748329607,72.19354838709677,17.225806451612904,17.612903225806452,-0.0354726523647132,39.99239730834961,-0.034355610859184704,57.619998931884766,-0.041880659356344,48.5,-0.039347393897326444,20.020000457763672,-0.03939391627456201,15.850000381469727,1.954,98.62402903225806,1190.925347826087,113.0063
2021-07-14,47.94451141357422,8445300,0.022123957879647937,-0.00423237197261761,-0.01904583300645446,0.0038477555475389114,0.09580645161290323,272.2271612903226,5.274193548387097,16.33,112.8801,1.37,76.62903225806451,73.06,95.15522003173828,407.7232666015625,-9.748744548498944e-05,0.0014921625112347403,71.70967741935483,17.161290322580644,17.580645161290324,-0.015726885193079965,39.363441467285156,-0.0012148506789625424,57.54999923706055,-0.007010312424492571,48.15999984741211,0.02997004833918715,20.6200008392334,-0.014511071947956422,15.619999885559082,1.904,98.6053064516129,1191.074793478261,112.8801
2021-07-15,47.760040283203125,6245400,-0.009463092994828726,-0.004441690452593905,-0.02645813005870279,-0.010235536590711414,0.09548387096774194,272.25209677419355,5.264516129032258,17.01,113.0041,1.31,76.27741935483871,71.67,95.34066009521484,406.330810546875,0.0019488165064902585,-0.003415198907567474,71.2258064516129,17.096774193548388,17.548387096774192,0.01646989162594048,40.01175308227539,-0.011120754094403162,56.90999984741211,-0.009343869691968765,47.709999084472656,-0.0077595416221472036,20.459999084472656,-0.0025608170388021767,15.579999923706055,1.864,98.58658387096774,1191.2242391304349,113.0041
2021-07-16,46.035221099853516,8234900,0.015828493824545653,0.012221971142017951,0.004007173767471617,0.032057555869281495,0.09516129032258065,272.27703225806454,5.254838709677419,18.45,113.0428,1.31,75.9258064516129,71.76,94.49687194824219,403.14361572265625,-0.008850244440619326,-0.00784384236068425,70.74193548387096,17.032258064516128,17.516129032258064,-0.031197059808609984,38.76350402832031,-0.04023899001348319,54.619998931884766,-0.03563195966383326,46.0099983215332,-0.03274673504036385,19.790000915527344,-0.04749677629922211,14.84000015258789,1.865,98.56786129032258,1191.3736847826087,113.0428
2021-07-19,44.73469161987305,15481100,0.06762869159885043,0.025566876789843818,0.004742246713995257,0.0383501872740617,0.09419354838709677,272.3518387096774,5.225806451612903,22.5,113.5472,1.19,74.87096774193549,66.45,92.52179718017578,397.1900329589844,-0.02090095394002245,-0.014767895438452583,69.29032258064517,16.838709677419356,17.419354838709676,-0.037443931184200974,37.31204605102539,-0.0327718259947668,52.83000183105469,-0.0554227196280318,43.459999084472656,-0.041435147258102156,18.969999313354492,-0.029649631370178064,14.399999618530273,1.747,98.51169354838709,1191.8220217391306,113.5472
2021-07-20,47.43721389770508,12772800,-0.005444465272113508,-0.015166161776627551,-0.05813734215300681,-0.03227685585186335,0.09387096774193548,272.3767741935484,5.216129032258064,19.73,113.7502,1.23,74.51935483870967,67.32,95.1088638305664,402.8819580078125,0.027961699072410084,0.014330483084946666,68.80645161290323,16.774193548387096,17.387096774193548,0.054460788728990295,39.34408950805664,0.05016084836900214,55.47999954223633,0.06580765463875449,46.31999969482422,0.08381656352873779,20.559999465942383,0.06597227695179719,15.350000381469727,1.846,98.49297096774193,1191.9714673913045,113.7502
2021-07-21,49.00523376464844,13951600,-0.025785844905681143,-0.07961613921005906,-0.106719470968895,-0.07058156555269679,0.0935483870967742,272.4017096774194,5.2064516129032254,17.91,113.3926,1.3,74.16774193548387,70.26,96.017578125,406.143798828125,0.009554464829402587,0.008096269280564838,68.3225806451613,16.70967741935484,17.35483870967742,0.023364385852492786,40.26333999633789,0.03803173445856367,57.59000015258789,0.03842829859724217,48.099998474121094,0.04085603961125339,21.399999618530273,0.03387618834961659,15.869999885559082,1.839,98.47424838709676,1192.1209130434784,113.3926
2021-07-22,47.308082580566406,14707500,0.005069374504597324,-0.01637757599263967,-0.07662304570484446,-0.03548441200400276,0.09322580645161291,272.4266451612903,5.196774193548387,17.69,113.4695,1.27,73.81612903225806,72.15,95.66521453857422,406.9942932128906,-0.003669782068102756,0.0020940720681188463,67.83870967741936,16.64516129032258,17.322580645161292,-0.013217881203354764,39.731143951416016,0.006771998413181324,57.97999954223633,-0.003118455632848738,47.95000076293945,-0.011214942775529257,21.15999984741211,-0.01323251667683134,15.65999984741211,1.886,98.4555258064516,1192.2703586956522,113.4695
2021-07-23,46.76388931274414,8826500,-0.0035503263636061932,0.0003943266236627885,-0.03925050859079782,-0.040236733017790516,0.0929032258064516,272.4515806451613,5.187096774193548,17.2,113.4398,1.3,73.46451612903226,72.24,96.07320404052734,411.1814880371094,0.004264763361698343,0.010288092226464096,67.35483870967742,16.580645161290324,17.29032258064516,-0.015830585847851797,39.102176666259766,0.004656786131344903,58.25,-0.008759165317202666,47.529998779296875,0.0018904024487615967,21.200000762939453,-0.008301412241865425,15.529999732971191,1.89,98.43680322580644,1192.4198043478261,113.4398
2021-07-26,47.760040283203125,6376700,-0.03939741891538728,-0.03997681151641441,-0.018733055122648445,-0.08014683377199117,0.09193548387096774,272.5263870967742,5.158064516129032,17.58,113.2238,1.29,72.40967741935484,72.15,96.02684783935547,412.19085693359375,-0.00048250916199610305,0.0024548014097203197,65.90322580645162,16.387096774193548,17.193548387096776,0.0311802435826658,40.32139205932617,0.03965667593632638,60.560001373291016,0.04060594055845956,49.459999084472656,0.04150939288195499,22.079999923706055,0.03477140831538916,16.06999969482422,1.913,98.38063548387096,1192.868141304348,113.2238
2021-07-27,47.1789436340332,4807300,-0.009774915693545383,-0.0007817959670195496,0.0019552580488639837,-0.07174969074628967,0.09161290322580645,272.55132258064515,5.148387096774194,19.36,113.2227,1.25,72.05806451612904,71.68,95.49829864501953,410.3122253417969,-0.005504181447465117,-0.004557674097316333,65.41935483870968,16.322580645161292,17.161290322580644,-0.01703858207905362,39.63437271118164,-0.020475588678135037,59.31999969482422,-0.01637682114005612,48.650001525878906,-0.02807974825071169,21.459999084472656,-0.06907278641920267,14.960000038146973,1.899,98.3619129032258,1193.0175869565219,113.2227
2021-07-28,47.74159240722656,6798800,-0.05525509357761926,0.001545484153154364,-0.02878665990367535,-0.0805641344761382,0.09129032258064516,272.57625806451614,5.138709677419355,18.31,113.1807,1.26,71.70645161290322,72.37,95.27574920654297,410.1440124511719,-0.0023304021289825005,-0.0004099631457115116,64.93548387096774,16.258064516129032,17.129032258064516,0.008300839477674238,39.96337127685547,0.005731627686059504,59.65999984741211,0.010071898219959685,49.13999938964844,0.007921718711393133,21.6299991607666,0.023395747364789443,15.3100004196167,1.901,98.34319032258064,1193.1670326086958,113.1807
2021-07-29,47.54790496826172,5902100,-0.02133877624896119,-0.010863500988976815,-0.0129971780426138,-0.096605387600749,0.09096774193548388,272.6011935483871,5.129032258064516,17.7,112.4834,1.28,71.35483870967742,73.62,96.02684783935547,411.8450622558594,0.007883418803500852,0.0041474451730294515,64.45161290322581,16.193548387096776,17.096774193548388,-0.0016948007084276462,39.8956413269043,-0.013576959023846702,58.849998474121094,-0.013227466814306976,48.4900016784668,-0.02126671762923693,21.170000076293945,-0.010450737864214354,15.149999618530273,1.94,98.32446774193548,1193.3164782608696,112.4834
2021-07-30,46.597862243652344,6562200,0.003958707691551933,-0.0021774243063031884,-0.02672211602614738,-0.06492486911959139,0.09064516129032257,272.62612903225806,5.119354838709677,18.24,112.6714,1.24,71.00322580645161,73.93,95.84138488769531,409.84490966796875,-0.0019313656111092925,-0.00485656566315229,63.96774193548387,16.129032258064516,17.06451612903226,-0.032258079938208506,38.60868453979492,-0.013933724997203023,58.029998779296875,-0.03650237979986881,46.720001220703125,-0.03731700107134073,20.3799991607666,-0.02376235417438055,14.789999961853027,1.936,98.30574516129032,1193.4659239130435,112.6714
2021-08-02,45.87841796875,7399000,-0.0006031553656381528,0.007438666732298094,0.0008041240062155453,-0.04945716017092561,0.08967741935483871,272.7158064516129,5.087096774193548,19.46,112.6691,1.2,70.38064516129032,71.31,95.18302917480469,408.9850769042969,-0.006869221617175847,-0.0020979466705307592,63.064516129032256,15.870967741935484,16.93548387096774,-0.01127829317851381,38.17324447631836,-0.0227468502945265,56.709999084472656,-0.01391270352944407,46.06999969482422,-0.015701653974561913,20.059999465942383,-0.006761351029591078,14.6899995803833,1.887,98.22949677419355,1193.9142608695654,112.6691
2021-08-03,46.7177734375,6208000,0.009081894479399555,-0.037907176283994204,-0.02171786486966698,-0.030010082647003444,0.08935483870967742,272.7556129032258,5.074193548387097,18.04,112.8228,1.19,70.46129032258064,70.64,96.42554473876953,412.31231689453125,0.01305396113925883,0.00813535793388609,63.12903225806452,15.741935483870968,16.870967741935484,0.008111513600583375,38.482887268066406,0.008464107740882465,57.189998626708984,0.010201893288832142,46.540000915527344,-0.005483484842045194,19.950000762939453,0.006126627308286281,14.779999732971191,1.858,98.19069354838709,1194.0637065217393,112.8228
2021-08-04,45.1036262512207,11491500,0.06012266098990615,-0.009406913012019569,0.014314959557733653,0.0002045054634167709,0.08903225806451613,272.7954193548387,5.0612903225806445,17.97,112.8953,1.19,70.54193548387096,68.19,95.1181411743164,410.2842102050781,-0.01355868476548483,-0.004918860306498907,63.193548387096776,15.612903225806452,16.806451612903224,-0.03570528638911474,37.10884475708008,-0.03409681753920335,55.2400016784668,-0.027073530542413238,45.279998779296875,-0.025062655683143364,19.450000762939453,-0.020974253825650435,14.470000267028809,1.789,98.15189032258064,1194.2131521739132,112.8953
2021-08-05,46.53329086303711,6904000,0.010703678664037097,-0.05926659536236778,-0.03151636896015164,-0.019623438210004673,0.08870967741935483,272.8352258064516,5.048387096774193,17.28,112.7674,1.23,70.62258064516129,69.1,95.56320190429688,412.8824157714844,0.004679030986999955,0.006332696949530536,63.25806451612903,15.483870967741936,16.741935483870968,0.04276387172884144,38.695762634277344,0.041998544973407936,57.560001373291016,0.04328628427583103,47.2400016784668,0.07506421733692559,20.90999984741211,0.04837593616775182,15.170000076293945,1.821,98.1130870967742,1194.362597826087,112.7674
2021-08-06,46.78232955932617,5065900,-0.006111936627318348,-0.06624587492183232,-0.04317805374834871,-0.03253143604947506,0.08838709677419354,272.8750322580645,5.035483870967742,16.15,113.3088,1.31,70.70322580645161,68.26,96.00829315185547,413.56475830078125,0.004657558962960939,0.0016526316046225897,63.32258064516129,15.35483870967742,16.677419354838708,0.008252281034580422,39.01509094238281,0.005385641959654297,57.869998931884766,0.008043972055809201,47.619998931884766,0.005260670069549445,21.020000457763672,0.005273561193389176,15.25,1.804,98.07428387096773,1194.512043478261,113.3088
2021-08-09,45.850746154785156,5649800,0.008046675493435851,-0.02011664713451422,-0.03198561204469608,0.050693964090680055,0.08741935483870968,272.9944516129032,4.9967741935483865,16.72,113.4521,1.33,70.94516129032257,66.56,95.62810516357422,413.22833251953125,-0.003959949456448619,-0.0008134778761911265,63.516129032258064,14.967741935483872,16.483870967741936,-0.02554555470252373,38.018428802490234,-0.01745288301667347,56.86000061035156,-0.024569470709540964,46.45000076293945,-0.021883966784186693,20.559999465942383,-0.0072130922411308696,15.140000343322754,1.791,97.95787419354838,1194.9603804347828,113.4521
2021-08-10,47.142059326171875,5503200,-0.04656616179565509,-0.0058697162196367225,-0.03678343629491099,0.005086984892710866,0.08709677419354839,273.0342580645161,4.983870967741935,16.79,113.4973,1.36,71.0258064516129,68.33,96.60173797607422,413.7423095703125,0.010181450430650774,0.0012438088348092347,63.58064516129032,14.838709677419354,16.419354838709676,0.029778243747957456,39.150550842285156,0.02831517047255283,58.470001220703125,0.026480075824190097,47.68000030517578,0.01848254270359817,20.940000534057617,0.023778048118474393,15.5,1.816,97.91907096774193,1195.1098260869567,113.4973
2021-08-11,47.81537628173828,8714900,-0.06558634822219678,-0.011380975760209022,-0.07600302652340574,-0.01793958664851303,0.0867741935483871,273.07406451612906,4.970967741935484,16.06,113.282,1.35,71.10645161290323,69.3,97.8535385131836,414.7704162597656,0.012958364552606794,0.002484896191837116,63.645161290322584,14.709677419354838,16.35483870967742,0.020761404809978234,39.96337127685547,0.0167607238203602,59.45000076293945,0.011115746138939064,48.209999084472656,0.01384904492753214,21.229999542236328,0.021290317658455127,15.829999923706055,1.843,97.88026774193548,1195.2592717391306,113.282
2021-08-12,47.031368255615234,5739800,-0.06922926620678038,-0.014120295813339512,-0.044322199602546575,-0.025495111481547816,0.08645161290322581,273.11387096774195,4.958064516129032,15.59,113.2691,1.36,71.18709677419355,69.12,97.66808319091797,416.01348876953125,-0.001895233683763431,0.0029970134345047583,63.70967741935484,14.580645161290322,16.29032258064516,-0.01864414416048321,39.21828842163086,-0.01480237269675222,58.56999969482422,-0.020120253566199953,47.2400016784668,-0.03768248960481502,20.43000030517578,-0.014529345757727685,15.600000381469727,1.838,97.84146451612902,1195.4087173913044,113.2691
2021-08-13,46.49639892578125,4979700,-0.060503733278025496,0.009323678092720167,-0.047212626854660766,-0.02638350505449616,0.08612903225806451,273.15367741935484,4.945161290322581,15.45,113.0615,1.29,71.26774193548387,68.36,97.36209869384766,416.7706298828125,-0.0031329016304352253,0.0018199917399810417,63.774193548387096,14.451612903225806,16.225806451612904,-0.015543867577344606,38.60868453979492,-0.016219920913255637,57.619998931884766,-0.015876375388484965,46.4900016784668,-0.028879106401110466,19.84000015258789,-0.016025640633762994,15.350000381469727,1.806,97.80266129032258,1195.5581630434783,113.0615
2021-08-16,46.21969223022461,5784000,-0.027938510500185032,-0.018758746027534134,-0.0329276923527686,-0.033725878915156215,0.08516129032258064,273.27309677419356,4.906451612903226,16.12,113.1698,1.26,71.50967741935483,67.44,97.69589233398438,417.7519226074219,0.0034283735109934543,0.0023545150599630915,63.96774193548387,14.064516129032258,16.032258064516128,0.0007518005816598006,38.63771057128906,-0.004512293064089734,57.36000061035156,-0.004086952775789077,46.29999923706055,-0.004032254188043427,19.760000228881836,-0.013680783904115201,15.140000343322754,1.795,97.68625161290322,1196.0065000000002,113.1698
2021-08-17,44.946834564208984,7226900,0.04268407931971896,0.021547131209281423,0.008003026171854444,0.008208245028259231,0.08483870967741935,273.31290322580645,4.893548387096774,17.91,113.6174,1.26,71.59032258064516,66.5,96.63882446289062,415.01348876953125,-0.010819982763247027,-0.006555167528131345,64.03225806451613,13.935483870967742,15.967741935483872,-0.028800400132535042,37.52492904663086,-0.036959534681423545,55.2400016784668,-0.021814218967087018,45.290000915527344,-0.02125506434357527,19.34000015258789,-0.025099082286910934,14.760000228881836,1.782,97.64744838709677,1196.155945652174,113.6174
2021-08-18,44.67934036254883,6526600,0.058010039085856,0.022914903759009286,0.013212383673708361,-0.017341248235527074,0.08451612903225807,273.35270967741934,4.880645161290323,21.57,113.6959,1.27,71.67096774193548,65.36,95.58175659179688,410.4710998535156,-0.010938335363336993,-0.01094515970910559,64.09677419354838,13.806451612903226,15.903225806451612,-0.0033521620301445454,37.399139404296875,-0.006336029655748421,54.88999938964844,-0.005519982224471254,45.040000915527344,-0.010341301001111525,19.139999389648438,-0.01558268918320127,14.529999732971191,1.742,97.60864516129033,1196.305391304348,113.6959
2021-08-19,43.775421142578125,7762100,0.059207889110191925,0.04509063860075724,0.04466930487516674,-0.0012642626041090566,0.08419354838709678,273.3925161290323,4.867741935483871,21.67,114.1106,1.24,71.7516129032258,63.69,94.91415405273438,411.106689453125,-0.006984623037570303,0.0015484393416154152,64.16129032258064,13.67741935483871,15.838709677419354,-0.01862869697550784,36.70244216918945,-0.016578609173453995,53.97999954223633,-0.024644773263512443,43.93000030517578,-0.021421100338898214,18.729999542236328,-0.02890571810134923,14.109999656677246,1.71,97.56984193548386,1196.4548369565218,114.1106
2021-08-20,43.68319320678711,5193200,0.07432430957323843,0.03167207319142373,0.0377956643650621,-0.02090402589682716,0.08387096774193549,273.4323225806452,4.854838709677419,18.56,114.5009,1.26,71.83225806451613,62.25,95.16449737548828,414.3778381347656,0.0026375762946253545,0.007956933724411197,64.2258064516129,13.548387096774194,15.774193548387096,0.0050091853253060314,36.88629150390625,0.006854370785891906,54.349998474121094,0.0022763139864880877,44.029998779296875,-0.012279740942741424,18.5,0.0035435997130730534,14.15999984741211,1.645,97.53103870967742,1196.6042826086957,114.5009
2021-08-23,44.928382873535156,9345800,0.009443604722345844,-0.0036952866712753885,0.03982762008153373,-0.038595716347478826,0.08290322580645161,273.5517419354839,4.816129032258065,17.15,113.9418,1.25,72.0741935483871,65.65,95.9433822631836,418.02288818359375,0.0081846162085224,0.008796440623455082,64.41935483870968,13.161290322580646,15.580645161290322,0.028593870223134088,37.94101333618164,0.014719467786898477,55.150001525878906,0.034067682071009076,45.529998779296875,0.03297300596494934,19.110000610351562,0.039548052658986865,14.720000267028809,1.769,97.41462903225806,1197.0526195652174,113.9418
2021-08-24,46.86534881591797,8703100,-0.02027167051809986,-0.05294245966983757,0.029718521147339194,-0.060814848760364915,0.08258064516129032,273.5915483870968,4.803225806451613,17.22,113.6795,1.29,72.15483870967742,67.5,96.42554473876953,418.6865539550781,0.005025489660801297,0.0015876302237136652,64.48387096774194,13.03225806451613,15.516129032258064,0.03366475940248992,39.21828842163086,0.03572071353581818,57.119998931884766,0.034922033718807866,47.119998931884766,0.037676571970619355,19.829999923706055,0.037364142714508164,15.270000457763672,1.842,97.37582580645162,1197.2020652173915,113.6795
2021-08-25,47.27119064331055,8039500,-0.03317089066297474,-0.03941466732311916,0.031219367489575323,-0.08331720042973378,0.08225806451612903,273.6313548387097,4.790322580645161,16.79,113.6322,1.35,72.23548387096774,68.54,97.04683685302734,419.5650634765625,0.00644323157251514,0.00209825109783357,64.54838709677419,12.903225806451612,15.451612903225806,0.01899835217728829,39.96337127685547,0.009453797717525969,57.65999984741211,0.009974559239327219,47.59000015258789,0.01613715058272236,20.149999618530273,0.006548750805345671,15.369999885559082,1.88,97.33702258064515,1197.3515108695653,113.6322
2021-08-26,46.367271423339844,5779400,-0.013328120621622475,-0.04714550557462327,0.05351100321499924,-0.06524766715519381,0.08193548387096775,273.6711612903226,4.77741935483871,18.84,113.7883,1.34,72.31612903225806,67.42,96.62027740478516,417.0882568359375,-0.004395397748905405,-0.005903271878983207,64.61290322580645,12.774193548387096,15.387096774193548,-0.012832853418209278,39.45052719116211,-0.008324653893627687,57.18000030517578,-0.01218747277148613,47.0099983215332,-0.012406948125700978,19.899999618530273,-0.013012349430987724,15.170000076293945,1.842,97.29821935483871,1197.5009565217392,113.7883
2021-08-27,46.92991638183594,5940900,-0.03970145327788177,-0.04225624016654972,0.04264925303981437,-0.11635237558602407,0.08161290322580646,273.7109677419355,4.764516129032258,16.39,113.3404,1.31,72.39677419354838,68.84,97.28791046142578,420.8175048828125,0.006909864829342416,0.00894114851174499,64.6774193548387,12.64516129032258,15.32258064516129,0.01839587789998931,40.17625427246094,0.018188193598753788,58.220001220703125,0.014890465601629543,47.709999084472656,0.016080386982834094,20.219999313354492,0.01647989444579334,15.420000076293945,1.879,97.25941612903226,1197.650402173913,113.3404
2021-08-30,45.35266876220703,6216300,-0.013015973683081605,-0.02318467683803338,0.06853762281382769,-0.09416314167885587,0.08064516129032258,273.8303870967742,4.725806451612903,16.19,113.246,1.29,72.63870967741936,69.28,97.17665100097656,422.6681213378906,-0.0011436103409100395,0.00439766985357104,64.87096774193549,12.258064516129032,15.129032258064516,-0.03877652829044986,38.61835861206055,-0.025936140580043676,56.709999084472656,-0.03772792436808836,45.90999984741211,-0.035113704677711355,19.510000228881836,-0.03177689809946682,14.930000305175781,1.918,97.1430064516129,1198.0987391304348,113.246
2021-08-31,45.91530990600586,6431200,-0.03334678417333792,-0.026516764989066965,0.033145893925462744,-0.10807538086689039,0.08032258064516129,273.87019354838714,4.712903225806452,16.48,113.1076,1.3,72.71935483870968,68.43,96.90775299072266,422.0418701171875,-0.002767105137747583,-0.0014816618265905968,64.93548387096774,12.129032258064516,15.064516129032258,0.013279800181181134,39.131202697753906,0.011109170839110893,57.34000015258789,0.013069014944789181,46.5099983215332,0.022039994881149605,19.940000534057617,0.01339583423824875,15.130000114440918,1.921,97.10420322580644,1198.2481847826089,113.1076
2021-09-01,45.703163146972656,4509200,-0.00645799407552583,-0.00867812777266308,0.09687199780315359,-0.14127158347390534,0.08,273.91,4.7,16.11,112.8732,1.31,72.8,68.63,96.53681945800781,422.2662048339844,-0.003827697178680367,0.0005315461158736934,65.0,12.0,15.0,-0.000989080728133418,39.092498779296875,-0.0019183922228608319,57.22999954223633,-0.006880234495215354,46.189998626708984,-0.015045192395896745,19.639999389648438,-0.0026437515895885166,15.09000015258789,1.907,97.0654,1198.3976304347827,112.8732
2021-09-02,45.74928283691406,4966700,-0.034274195565709764,-0.01048370285752398,0.11008071442270007,-0.0858871498970224,0.08,273.99800000000005,4.693333333333333,16.41,112.7863,1.29,72.76333333333334,70.07,97.57536315917969,423.5652770996094,0.010758006188753999,0.003076429633140476,65.83333333333333,12.233333333333333,15.233333333333333,0.01039611766900883,39.49890899658203,0.010658756163389072,57.84000015258789,0.012340327165427212,46.7599983215332,0.006110022554106864,19.760000228881836,0.007289572933395938,15.199999809265137,1.942,97.11099666666667,1198.5470760869566,112.7863
2021-09-03,45.06673049926758,5201800,-0.002660408991962293,0.014736109520480545,0.1148179363538413,-0.09373722117021932,0.08,274.086,4.6866666666666665,16.41,112.5476,1.33,72.72666666666666,69.34,96.98189544677734,423.46246337890625,-0.006082147103405489,-0.00024273406311103862,66.66666666666667,12.466666666666667,15.466666666666667,-0.013963722868785666,38.947357177734375,-0.012621015565534521,57.11000061035156,-0.011548270321074972,46.220001220703125,-0.019736810988412956,19.3700008392334,-0.017105278430553206,14.9399995803833,1.949,97.15659333333333,1198.6965217391305,112.5476
2021-09-07,44.762359619140625,6474400,-0.010302804183060399,0.012775664673402076,0.12198615600368967,-0.06119939827089804,0.08,274.43800000000005,4.66,18.14,112.9795,1.38,72.58,68.49,95.3035659790039,421.94842529296875,-0.017305595647947425,-0.003575377316460626,70.0,13.4,16.4,0.002484471806347921,39.04412078857422,0.0005252806684690192,57.13999938964844,0.007572446232743113,46.56999969482422,0.008260187944237662,19.530000686645508,0.004016092456621045,15.0,1.907,97.33897999999999,1199.2943043478263,112.9795
2021-09-08,44.38418197631836,4901900,0.0070656354031057855,0.05257709745392525,0.12302580298988053,-0.0604738425207908,0.08,274.526,4.653333333333333,17.96,113.2319,1.35,72.54333333333334,69.36,95.43339538574219,421.4342956542969,0.001362272286504762,-0.001218465594023499,70.83333333333333,13.633333333333333,16.633333333333333,-0.01734810382463159,38.36677932739258,-0.013125656423018328,56.38999938964844,-0.02233199317892476,45.529998779296875,-0.02048138821379686,19.1299991607666,-0.01933333079020183,14.710000038146973,1.916,97.38457666666666,1199.4437500000001,113.2319
2021-09-09,45.40801239013672,7098200,-0.002234564501449099,0.06276657214495507,0.09526693044480083,-0.08043877743556105,0.08,274.61400000000003,4.6466666666666665,18.8,113.043,1.3,72.50666666666666,68.26,94.96975708007812,419.63055419921875,-0.0048582396527969696,-0.004280006334742459,71.66666666666667,13.866666666666667,16.866666666666667,0.03631753473311439,39.76016616821289,0.032097914397624105,58.20000076293945,0.023061785194584017,46.58000183105469,0.055933175594032436,20.200000762939453,0.04010877981358685,15.300000190734863,1.893,97.43017333333333,1199.593195652174,113.043
2021-09-10,44.1812629699707,6585100,0.024634831749289265,0.10334028587653465,0.07870562681118476,-0.08956140265292611,0.08,274.702,4.640000000000001,20.95,112.9425,1.35,72.47,69.82,94.54322814941406,416.3218994140625,-0.004491207977971534,-0.007884685116578694,72.5,14.1,17.1,-0.04210262624882599,38.086158752441406,-0.03625430554453135,56.09000015258789,-0.048089342859866435,44.34000015258789,-0.061881185781604064,18.950000762939453,-0.04052286783202341,14.680000305175781,1.922,97.47577,1199.742641304348,112.9425
2021-09-13,44.946834564208984,5511900,0.017442923823829837,0.08680469063427143,0.07079821393395291,-0.1387237033635269,0.08,274.966,4.62,19.37,113.0341,1.33,72.36,70.54,94.79359436035156,417.3873596191406,0.0026481665142830124,0.0025592220985195535,75.0,14.8,17.8,0.020833212307059812,38.879615783691406,0.019076478729067148,57.15999984741211,0.011276499735664025,44.84000015258789,0.018997292269612,19.309999465942383,0.024523136866033912,15.039999961853027,1.955,97.61256,1200.1909782608695,113.0341
2021-09-14,44.30118179321289,4827500,0.02331871703184163,0.10451776408905356,0.0670413007030135,-0.15719371144556893,0.08,275.05400000000003,4.613333333333333,19.46,113.0061,1.28,72.32333333333334,70.53,93.65304565429688,415.1349792480469,-0.012031917491375665,-0.0053963789731175105,75.83333333333333,15.033333333333333,18.033333333333335,-0.018416987030489773,38.163570404052734,-0.015045497072206482,56.29999923706055,-0.021632498157945323,43.869998931884766,-0.005178683802974704,19.209999084472656,-0.011968105427681452,14.859999656677246,1.965,97.65815666666667,1200.3404239130437,113.0061
2021-09-15,44.697784423828125,4800100,0.045192150790253294,0.08419317628632506,0.0629385412420791,-0.16962435573653079,0.08,275.142,4.6066666666666665,18.18,112.9773,1.31,72.28666666666666,72.59,94.68231201171875,418.60247802734375,0.010990206994668572,0.008352702018937785,76.66666666666667,15.266666666666667,18.266666666666666,0.005070793697662168,38.35708999633789,0.000710495844927328,56.34000015258789,-0.00022790795023097665,43.86000061035156,0.008849561915458715,19.3799991607666,0.006729500927329601,14.960000038146973,2.015,97.70375333333334,1200.4898695652175,112.9773
2021-09-16,45.30654525756836,5701300,0.06514671117458115,0.04702783291076007,0.025244259015382742,-0.18342818320598608,0.08,275.23,4.6000000000000005,18.69,113.3036,1.34,72.25,72.69,94.03324127197266,417.93890380859375,-0.006855248102367373,-0.0015852133075682229,77.5,15.5,18.5,0.014631905998569339,38.91832733154297,0.012069582948777136,57.02000045776367,0.01390790245925344,44.470001220703125,0.02631580242347442,19.889999389648438,0.01804809514711736,15.229999542236328,2.022,97.74934999999999,1200.6393152173914,113.3036
2021-09-17,45.26966094970703,7289500,0.0768131744973739,0.10737564221292861,0.014058617176631039,-0.19458051077047012,0.08,275.31800000000004,4.593333333333334,20.81,113.5989,1.37,72.21333333333334,72.09,93.03180694580078,413.8676452636719,-0.010649790570075313,-0.009741276793859832,78.33333333333333,15.733333333333334,18.733333333333334,-0.002735094743234967,38.81188201904297,-0.0017538107333484598,56.91999816894531,0.0015740879897172544,44.540000915527344,-0.008044235913621023,19.729999542236328,-0.0006565512480672941,15.220000267028809,2.021,97.79494666666666,1200.7887608695653,113.5989
2021-09-20,45.730838775634766,7771200,0.06817263670158602,0.11052842973407295,-0.004033845328666463,-0.20008074697626343,0.08,275.582,4.573333333333333,25.71,113.9422,1.31,72.10333333333334,70.41,91.96480560302734,406.966796875,-0.011469210131488272,-0.0166740465645131,80.83333333333333,16.433333333333334,19.433333333333334,0.016704241725869817,39.460205078125,0.0007027567957507141,56.959999084472656,0.016389751397194896,45.27000045776367,0.030410562361407933,20.329999923706055,0.019053873637653984,15.510000228881836,1.972,97.93173666666667,1201.237097826087,113.9422
2021-09-21,45.334228515625,7660400,0.07934873632794615,0.10823986948607622,0.0065106340440197474,-0.1991863747987226,0.08,275.67,4.566666666666666,24.36,113.8179,1.33,72.06666666666666,70.51,91.48107147216797,406.5823669433594,-0.005259991881540471,-0.0009446223490283678,81.66666666666667,16.666666666666668,19.666666666666668,-0.010299242400806818,39.053794860839844,-0.014922726260239827,56.11000061035156,-0.01811353405196603,44.45000076293945,-0.02803736827168224,19.760000228881836,-0.04835589870613877,14.760000228881836,1.989,97.97733333333333,1201.386543478261,113.8179
2021-09-22,46.7177734375,9763600,0.03731469420869993,0.07502443090365607,-0.03928933506135157,-0.1930900389849286,0.08,275.75800000000004,4.5600000000000005,20.87,113.6223,1.32,72.03,72.37,92.2066650390625,410.5484619140625,0.007931625146249788,0.009754714648644969,82.5,16.9,19.9,0.030475541522046123,40.243980407714844,0.023881663482653304,57.45000076293945,0.027671530284018475,45.68000030517578,0.038461549599123845,20.520000457763672,0.028455289280558738,15.180000305175781,2.015,98.02293,1201.535989130435,113.6223
2021-09-23,48.25811767578125,10282400,-0.01701068789278848,0.032874550534299773,-0.08964074046905057,-0.2140671697478439,0.08,275.846,4.553333333333334,18.63,113.513,1.41,71.99333333333334,73.43,93.62063598632812,415.5365905761719,0.015334801954572486,0.012149914382467042,83.33333333333333,17.133333333333333,20.133333333333333,0.024044434173501106,41.21162414550781,0.04090510779657053,59.79999923706055,0.039185659009825624,47.470001220703125,0.018518477207091433,20.899999618530273,0.036231833070057284,15.729999542236328,2.053,98.06852666666667,1201.6854347826088,113.513
2021-09-24,48.74696731567383,7030200,0.028382330788087273,0.0202459165527078,-0.10160833729499619,-0.20775773795899044,0.08,275.934,4.546666666666667,17.75,113.7597,1.47,71.95666666666666,74.18,93.81600189208984,416.22113037109375,0.0020867825101107407,0.001647363458348483,84.16666666666667,17.366666666666667,20.366666666666667,0.022070685285531022,42.121192932128906,0.016555212225709326,60.790000915527344,0.027807028878872764,48.790000915527344,0.023444965553191865,21.389999389648438,0.02034327426170579,16.049999237060547,2.08,98.11412333333334,1201.8348804347827,113.7597
2021-09-27,48.84843063354492,8380100,0.03965257260593891,-0.024358073591739915,-0.10139728611297039,-0.21148041326251588,0.08,276.19800000000004,4.526666666666666,18.76,113.7432,1.48,71.84666666666666,75.54,93.90901184082031,415.0303955078125,0.0009914081484463377,-0.0028608227127239205,86.66666666666667,18.066666666666666,21.066666666666666,0.005743438263517753,42.36311340332031,0.007567018877197684,61.25,0.005943859604131463,49.08000183105469,0.003740061991061694,21.469999313354492,0.00498441915943082,16.1299991607666,2.115,98.25091333333333,1202.2832173913043,113.7432
2021-09-28,48.93144226074219,6898900,0.02676719042301423,-0.016399518394048074,-0.12214888434503124,-0.2028273924143632,0.08,276.286,4.5200000000000005,23.25,114.2469,1.54,71.81,75.44,92.82063293457031,406.6667175292969,-0.01158971737552561,-0.02015196493809135,87.5,18.3,21.3,-0.007766066385261894,42.03411865234375,-0.0004897759885204023,61.220001220703125,-0.008149990035774879,48.68000030517578,-0.0018630186054002795,21.43000030517578,-0.010539313791976035,15.960000038146973,2.105,98.29651,1202.4326630434784,114.2469
2021-09-29,48.46103286743164,4848800,0.036353227140701216,-0.024552556017037097,-0.10087549608309154,-0.19756365217283156,0.08,276.374,4.513333333333334,22.56,114.7092,1.55,71.77333333333334,75.06,92.9229507446289,407.3511657714844,0.0011023175216948733,0.00168306923749717,88.33333333333333,18.533333333333335,21.533333333333335,-0.0018418200140266627,41.95669937133789,-0.012577596249757628,60.45000076293945,0.0006162444352673102,48.709999084472656,-0.019598696701488505,21.010000228881836,-0.01817042363157151,15.670000076293945,2.124,98.34210666666667,1202.5821086956523,114.7092
2021-09-30,47.43721389770508,6404600,0.050748505413706235,0.0015554006748967897,-0.08069217983751364,-0.1693563711477758,0.08,276.462,4.506666666666667,23.14,114.6403,1.52,71.73666666666666,75.22,91.01594543457031,402.37237548828125,-0.020522436005066536,-0.01222235432608565,89.16666666666667,18.766666666666666,21.766666666666666,-0.0172968670743453,41.230979919433594,-0.03060384227410229,58.599998474121094,-0.02340380642733042,47.56999969482422,-0.023322216362690718,20.520000457763672,-0.024250166725639843,15.289999961853027,2.201,98.38770333333333,1202.7315543478262,114.6403
2021-10-01,50.13051986694336,12554000,-0.007911857284774837,-0.07341325116054853,-0.09604429964353156,-0.21177536817762777,0.08,276.55,4.5,21.15,114.3798,1.48,71.7,76.01,92.2624740600586,407.154296875,0.013695716937691893,0.011884318303203356,90.0,19.0,22.0,0.0650080020694912,43.91132354736328,0.061433487756969773,62.20000076293945,0.07925163930942514,51.34000015258789,0.05506818399407343,21.649999618530273,0.0667102358818934,16.309999465942383,2.168,98.4333,1202.881,114.3798
2021-10-04,50.785396575927734,11905900,-0.06156926639178428,-0.09607696547014233,-0.11169640820344673,-0.20087181883510563,0.08,276.7792580645161,4.461290322580645,22.96,114.2739,1.49,71.28387096774193,77.68,91.76013946533203,401.9035949707031,-0.005444625237337131,-0.0128960984683133,88.06451612903226,18.70967741935484,21.516129032258064,-0.009255161761397068,43.50491714477539,-0.0017684985370145512,62.09000015258789,-0.0007791374251744365,51.29999923706055,-0.012009248658799154,21.389999389648438,-0.008583653846266248,16.170000076293945,2.284,98.48955483870968,1204.8300217391304,114.2739
2021-10-05,50.2411994934082,5505200,-0.0420413792139952,-0.09344585510464387,-0.09197733801989294,-0.18009914483423428,0.08,276.85567741935483,4.448387096774193,21.3,114.3654,1.54,71.14516129032259,79.17,92.78340911865234,406.0853271484375,0.011151570379935194,0.010404814065022805,87.41935483870968,18.612903225806452,21.35483870967742,-0.0048929581019089285,43.292049407958984,-0.007891797024683567,61.599998474121094,-0.008187098931609627,50.880001068115234,0.003740061991061694,21.469999313354492,-0.003092098752296768,16.1200008392334,2.278,98.50830645161291,1205.479695652174,114.3654
2021-10-06,50.222747802734375,6351600,-0.05876932841303295,-0.09145984472251611,-0.09880611521304927,-0.19210286935824838,0.08,276.93209677419355,4.435483870967742,21.0,114.7185,1.53,71.00645161290323,77.66,93.19271850585938,407.7731628417969,0.004411450183767318,0.004156357249377907,86.7741935483871,18.516129032258064,21.193548387096776,-0.01609331282358739,42.5953369140625,-0.008928559264357872,61.04999923706055,-0.012971694841919068,50.220001220703125,-0.04331618200139775,20.540000915527344,-0.026675014668953723,15.6899995803833,2.22,98.52705806451613,1206.1293695652175,114.7185
2021-10-07,49.844581604003906,5066200,-0.046817201723680535,-0.0995558245394429,-0.033493698139159034,-0.18782373922603968,0.08,277.0085161290323,4.422580645161291,19.54,114.5044,1.58,70.86774193548388,78.46,93.91830444335938,411.29852294921875,0.007785865131237468,0.00864539510852902,86.12903225806451,18.419354838709676,21.032258064516128,-0.0077235478204051855,42.26634979248047,-0.013267773443345732,60.2400016784668,-0.013938684705783744,49.52000045776367,-0.018013671993251656,20.170000076293945,-0.012109597543957351,15.5,2.257,98.54580967741936,1206.779043478261,114.5044
2021-10-08,49.73389434814453,3220100,-0.06602376447772496,-0.1166542485864942,-0.0472921758731506,-0.1589390771594612,0.08,277.084935483871,4.409677419354838,18.77,114.5986,1.61,70.72903225806452,79.55,93.90901184082031,410.5484619140625,-9.894346575078927e-05,-0.001823641450929392,85.48387096774194,18.322580645161292,20.870967741935484,-0.006868131124282195,41.97605895996094,-0.007304157190346383,59.79999923706055,-0.0072698022419973585,49.15999984741211,-0.0049578770992301235,20.06999969482422,0.0025806427001953125,15.539999961853027,2.263,98.56456129032259,1207.4287173913044,114.5986
2021-10-11,47.65857696533203,15630900,-0.036771706043426056,-0.08109155146593283,-0.014708554349853298,-0.1244435266272379,0.08,277.3141935483871,4.370967741935484,20.0,114.7153,1.5950000000000002,70.31290322580645,80.64,93.15550994873047,407.57623291015625,-0.008023744231991925,-0.007239654461373646,83.54838709677419,18.032258064516128,20.387096774193548,-0.004380043497811514,41.79220199584961,-0.022408029593375622,58.459999084472656,0.00040684413803404595,49.18000030517578,0.002989510057534117,20.1299991607666,-0.0057915156247630994,15.449999809265137,2.309,98.62081612903226,1209.377739130435,114.7153
2021-10-12,48.128990173339844,8399400,-0.05366043456915848,-0.08796481749702734,-0.04771951138512476,-0.12169417010403494,0.08,277.3906129032258,4.358064516129033,19.85,114.7542,1.59,70.1741935483871,80.75,92.84854125976562,406.57293701171875,-0.003295228474770706,-0.002461615318620991,82.90322580645162,17.93548387096774,20.225806451612904,0.008103728010624645,42.13087463378906,-0.000513150526285977,58.43000030517578,0.009963356257197242,49.66999816894531,0.007948423319986242,20.290000915527344,0.023948212953193604,15.819999694824219,2.299,98.63956774193548,1210.0274130434784,114.7542
2021-10-13,47.27119064331055,8532100,-0.03473167343172645,-0.09131713006095377,-0.04234142754529402,-0.11785382645170506,0.08,277.46703225806453,4.34516129032258,18.64,114.4705,1.56,70.03548387096775,80.67,93.04387664794922,408.03570556640625,0.0021038067538088345,0.003597801086906438,82.25806451612904,17.838709677419356,20.06451612903226,-0.057648087403194936,39.702110290527344,-0.02378913883944156,57.040000915527344,-0.03603779276861785,47.880001068115234,-0.03351405985671474,19.610000610351562,-0.031605563188701113,15.319999694824219,2.314,98.65831935483871,1210.6770869565219,114.4705
2021-10-14,47.5109977722168,6090900,-0.05532897038336382,-0.08289650440238616,-0.05998832731968429,-0.11104630749314937,0.08,277.5434516129032,4.332258064516129,16.86,114.2053,1.52,69.8967741935484,81.43,94.80206298828125,414.89898681640625,0.01889631433763772,0.016820295764246707,81.61290322580645,17.741935483870968,19.903225806451612,0.00414348264308928,39.866615295410156,0.008415139104699154,57.52000045776367,0.000626540907010309,47.90999984741211,0.0015297694218856517,19.639999389648438,0.008485647325752632,15.449999809265137,2.361,98.67707096774194,1211.3267608695653,114.2053
2021-10-15,46.45027542114258,7598000,-0.05420960639373962,-0.06115945906681641,-0.024424101155480993,-0.09015090425856476,0.08,277.6198709677419,4.319354838709677,16.3,114.0905,1.59,69.75806451612904,82.39,95.71370697021484,418.058837890625,0.009616288435055242,0.007615952736989895,80.96774193548387,17.64516129032258,19.741935483870968,-0.005097220364309152,39.66340637207031,0.0043463142908626295,57.77000045776367,0.0018785254200486268,48.0,0.017311617268536805,19.979999542236328,-0.011003241319912482,15.279999732971191,2.36,98.69582258064516,1211.9764347826087,114.0905
2021-10-18,45.906089782714844,6134200,-0.04601177695939329,-0.012859308861903562,-0.04360085909879052,-0.08720121961049376,0.08,277.8491290322581,4.280645161290322,16.31,113.9899,1.59,69.34193548387097,82.62,95.7788314819336,419.2966003417969,0.0006804094604653255,0.0029607374345133053,79.03225806451613,17.35483870967742,19.258064516129032,0.00048780844362572573,39.68275451660156,-0.006058547447550189,57.41999816894531,-0.017291704813639286,47.16999816894531,-0.0070069766194182925,19.84000015258789,-0.02094238877070942,14.960000038146973,2.305,98.75207741935485,1213.9254565217393,113.9899
2021-10-19,45.54636764526367,6543600,-0.03624954950737069,-0.009518156517576148,-0.04009738262421347,-0.10024307966686286,0.08,277.9255483870968,4.267741935483871,15.7,113.647,1.65,69.20322580645161,83.19,96.3462905883789,422.5313415527344,0.005924681870360438,0.007714685042284231,78.38709677419355,17.258064516129032,19.096774193548388,-0.0136550530271482,39.14088439941406,-0.008359448929692426,56.939998626708984,-0.02013985552510844,46.220001220703125,-0.015624972961602923,19.530000686645508,-0.004010723226183344,14.899999618530273,2.322,98.77082903225806,1214.5751304347827,113.647
2021-10-20,45.6293830871582,6995800,-0.058621478682927664,-0.00020239988917747365,-0.06266454396194987,-0.10369938675592438,0.08,278.00196774193546,4.254838709677419,15.49,113.5083,1.65,69.06451612903226,84.4,96.95094299316406,424.19097900390625,0.0062758244359237825,0.003927844606918418,77.74193548387098,17.161290322580644,18.935483870967744,-0.0037082814680073906,38.9957389831543,0.0054443516116560176,57.25,-0.005841636751033441,45.95000076293945,-0.000512044471594586,19.520000457763672,0.0,14.899999618530273,2.353,98.7895806451613,1215.2248043478262,113.5083
2021-10-21,44.88226318359375,10788300,-0.029182152468685052,0.00842582317831897,-0.03760780566015409,-0.10871355991900467,0.08,278.0783870967742,4.241935483870967,15.01,113.6188,1.68,68.92580645161291,82.64,97.14630889892578,425.29730224609375,0.0020151006244002456,0.002608078193424568,77.09677419354838,17.06451612903226,18.774193548387096,0.0024812915119873935,39.092498779296875,-0.018340598027258515,56.20000076293945,0.016757354624131082,46.720001220703125,0.018954862869258182,19.889999389648438,-0.0026845612669198493,14.859999656677246,2.314,98.80833225806452,1215.8744782608696,113.6188
2021-10-22,43.93222427368164,7623200,-0.007348195456476692,0.09657780889429834,0.0018896252868367824,-0.07894165354282168,0.08,278.1548064516129,4.229032258064516,15.43,113.67,1.66,68.78709677419356,84.53,97.4905014038086,424.8565979003906,0.0035430322447034257,-0.0010362265252463754,76.45161290322581,16.967741935483872,18.612903225806452,-0.0163363799519588,38.4538688659668,-0.04252667895379281,53.810001373291016,0.00021400516421166138,46.72999954223633,-0.037204615074211134,19.149999618530273,-0.014804799356481602,14.640000343322754,2.312,98.82708387096774,1216.524152173913,113.67
2021-10-25,43.79386901855469,5916300,0.03475144377760153,0.08192930498331918,-0.01053073525953152,-0.07645314146842852,0.08,278.384064516129,4.190322580645161,15.24,113.605,1.64,68.37096774193549,84.64,97.71375274658203,427.1350402832031,0.00228998045510842,0.00536285041605189,74.51612903225806,16.677419354838708,18.129032258064516,-0.005787836278356995,38.23130416870117,0.00241585671994593,53.939998626708984,-0.001711919904581194,46.650001525878906,0.004177541791104966,19.229999542236328,0.00683056184769959,14.739999771118164,2.326,98.88333870967742,1218.4731739130436,113.605
2021-10-26,43.89533233642578,6975000,0.027736840980080002,0.06976267626601018,-0.012607654990945405,-0.08152970505170032,0.08,278.4604838709677,4.177419354838709,15.98,113.674,1.63,68.23225806451613,85.64,97.10911560058594,427.5194396972656,-0.006187840800303768,0.0008999482079663501,73.87096774193549,16.580645161290324,17.967741935483872,0.005061909636366879,38.424827575683594,0.006117942889440231,54.27000045776367,0.003001058629564568,46.790000915527344,0.00832032507648739,19.389999389648438,-0.009497923461488478,14.600000381469727,2.339,98.90209032258065,1219.122847826087,113.674
2021-10-27,42.95452117919922,6391500,0.06205694890086999,0.0669959068477044,-0.03457172874185077,-0.08052382402908631,0.08,278.53690322580644,4.164516129032258,16.98,113.6218,1.54,68.09354838709677,82.66,95.97417449951172,425.6255187988281,-0.011687276668673197,-0.004430022877506157,73.2258064516129,16.483870967741936,17.806451612903224,-0.016116907667928393,37.805538177490234,-0.02874518813584881,52.709999084472656,-0.020730951094750427,45.81999969482422,-0.018566204968274436,19.030000686645508,-0.03493152161346014,14.09000015258789,2.271,98.92084193548388,1219.7725217391305,113.6218
2021-10-28,43.57250213623047,6011800,0.03873844691116557,0.038950226180960446,-0.05715492629748731,-0.09123633043169177,0.08,278.61332258064516,4.151612903225806,16.53,113.4389,1.57,67.95483870967742,82.78,97.17420196533203,429.7322998046875,0.012503649779518788,0.009648812922329553,72.58064516129032,16.387096774193548,17.64516129032258,0.0020477281911750467,37.88295364379883,0.002845788815866168,52.86000061035156,0.004146630902977622,46.0099983215332,0.00840776887225192,19.190000534057617,0.00425830129826954,14.149999618530273,2.278,98.9395935483871,1220.422195652174,113.4389
2021-10-29,43.60940170288086,6079600,0.10469532607011778,0.02411156178787799,-0.06091361722149946,-0.053299688425668346,0.08,278.6897419354839,4.138709677419355,16.26,114.1349,1.55,67.81612903225808,83.5,97.20211791992188,430.604248046875,0.0002872774257494104,0.00202904981213603,71.93548387096774,16.29032258064516,17.483870967741936,-0.0005106341500156208,37.863609313964844,-0.001135099746466195,52.79999923706055,0.002825496041246156,46.13999938964844,0.0005211166546914558,19.200000762939453,-0.008480557511954645,14.029999732971191,2.285,98.95834516129032,1221.0718695652174,114.1349
2021-11-01,45.31576919555664,8375000,0.0455934238984812,0.0,-0.1339305143410905,-0.0803988835328674,0.08,278.919,4.1,16.41,114.2067,1.58,67.4,84.08,97.47188568115234,431.3450012207031,0.002775328017571743,0.0017202644358200736,70.0,16.0,17.0,0.032966884612276814,39.111854553222656,0.036174240057023965,54.709999084472656,0.04139574929948142,48.04999923706055,0.029687482925753406,19.770000457763672,0.04205275579595069,14.619999885559082,2.301,99.0146,1223.020891304348,114.2067
2021-11-02,45.112850189208984,6211600,0.04089163062973711,-0.026784061610360066,-0.07299123977269528,-0.09445916193749349,0.08,278.9832,4.093333333333333,16.03,114.2847,1.56,67.50666666666667,83.91,97.79747772216797,433.0889892578125,0.0033403687508488655,0.004043139556906716,69.9,16.066666666666666,17.033333333333335,-0.0007422262769949395,39.08282470703125,-0.0047522998699335295,54.45000076293945,-0.001456809488775801,47.97999954223633,0.003034874281898192,19.829999923706055,0.004787940859928508,14.6899995803833,2.3,99.01068000000001,1223.6705652173914,114.2847
2021-11-03,45.620147705078125,5590600,0.004650370163243656,-0.04164980356295922,-0.1047310789286906,-0.12171437057531664,0.08,279.0474,4.086666666666666,15.1,114.3593,1.6,67.61333333333334,80.82,97.58352661132812,435.73309326171875,-0.002187695591165051,0.006105221027293828,69.8,16.133333333333333,17.066666666666666,0.02104481184008944,39.90531539916992,0.027180891120274664,55.93000030517578,0.02230095258509346,49.04999923706055,0.04034287645680612,20.6299991607666,0.03131382241570968,15.149999618530273,2.221,99.00676,1224.3202391304349,114.3593
2021-11-04,45.260433197021484,6709000,0.00020388122768011385,-0.05502365789218833,-0.07153053612334548,-0.11025069131244303,0.08,279.1116,4.08,15.44,114.3558,1.53,67.72,78.88,97.9742202758789,437.7864685058594,0.004003684618889558,0.004712461082012176,69.7,16.2,17.1,-0.00606207530700642,39.66340637207031,-0.0035759120659426546,55.72999954223633,0.0018348655247253376,49.13999938964844,0.0,20.6299991607666,-0.01122112743065784,14.979999542236328,2.212,99.00284,1224.9699130434783,114.3558
2021-11-05,48.17510223388672,13022700,-0.07294659656876723,-0.10338872676404931,-0.1344055744268623,-0.14608481841604448,0.08,279.1758,4.073333333333333,16.48,114.0732,1.45,67.82666666666667,81.25,98.96959686279297,439.3053894042969,0.010159576510139656,0.003469547388299743,69.6,16.266666666666666,17.133333333333333,0.08050743619346301,42.856605529785156,0.06495601940820506,59.349998474121094,0.07264956734159544,52.709999084472656,0.05768301417678767,21.81999969482422,0.07610155753228298,16.1200008392334,2.253,98.99892,1225.6195869565217,114.0732
2021-11-08,47.38187026977539,8151300,-0.04360530858016176,-0.07105313773033506,-0.11874632322542866,-0.10317302173526777,0.08,279.3684,4.053333333333333,17.22,113.8256,1.51,68.14666666666668,81.96,99.37890625,439.6805419921875,0.004135708340557098,0.0008539676428722665,69.3,16.466666666666665,17.233333333333334,0.008128191813114416,43.204952239990234,-0.007919080338490647,58.880001068115234,0.007588721928032394,53.11000061035156,0.019706705370751143,22.25,-0.01178663301277183,15.930000305175781,2.273,98.98716,1227.5686086956523,113.8256
2021-11-09,46.95758819580078,8148500,-0.0650170394771582,-0.07719520863712614,-0.1433902669856576,-0.07640948361651223,0.08,279.4326,4.046666666666666,17.78,113.762,1.46,68.25333333333333,84.12,99.63006591796875,438.2271423339844,0.0025272935419204945,-0.003305581028484439,69.2,16.533333333333335,17.266666666666666,-0.002687552330190579,43.088836669921875,-0.0008491718096728107,58.83000183105469,-0.005648639307341163,52.810001373291016,0.0004494484890713579,22.260000228881836,-0.0012555214928133829,15.90999984741211,2.319,98.98324000000001,1228.2182826086957,113.762
2021-11-10,45.832298278808594,6815300,-0.0460858574298636,-0.0543368594139394,-0.15536325532919693,-0.06359429836644592,0.08,279.4968,4.04,18.73,114.1484,1.56,68.36,81.23,99.07191467285156,434.7017517089844,-0.0056022370353217,-0.008044665162052489,69.1,16.6,17.3,-0.018414622486162657,42.295372009277344,-0.021927602845090988,57.540000915527344,-0.01969325674082123,51.77000045776367,-0.030997328255296108,21.56999969482422,-0.02451284685033317,15.520000457763672,2.258,98.97932,1228.8679565217392,114.1484
2021-11-11,45.26966094970703,5117500,-0.05521628155659686,-0.08394478211738776,-0.1752243373946779,-0.07233097697260593,0.08,279.561,4.033333333333333,17.66,114.3314,1.57,68.46666666666667,81.47,98.66259002685547,434.84234619140625,-0.004131591151213088,0.0003234274577204044,69.0,16.666666666666668,17.333333333333332,-0.005948151599489027,42.043792724609375,-0.012686818398004895,56.810001373291016,-0.008305974529140614,51.34000015258789,-0.011126554219458407,21.329999923706055,-0.008376295786504784,15.390000343322754,2.245,98.97540000000001,1229.5176304347826,114.3314
2021-11-12,44.660892486572266,6455100,-0.03283751516644984,-0.08013215364227555,-0.16893842752369514,-0.06278391316398724,0.08,279.6252,4.026666666666666,16.29,114.5144,1.58,68.57333333333334,80.87,99.44404602050781,438.1239929199219,0.00792048935102585,0.007546750580430306,68.9,16.733333333333334,17.366666666666667,-0.02830841603813916,40.853599548339844,-0.020418937147878347,55.650001525878906,-0.029411731925308326,49.83000183105469,-0.04875757205338105,20.290000915527344,-0.014944801220256987,15.15999984741211,2.214,98.97148,1230.167304347826,114.5144
2021-11-15,45.31576919555664,4400600,-0.028699269659710147,-0.09627496063095531,-0.18359439483462647,-0.03724803664067544,0.08,279.8178,4.006666666666667,16.49,114.5876,1.63,68.89333333333333,80.85,99.63006591796875,438.2740173339844,0.0018705986422009602,0.00034242455671651406,68.6,16.933333333333334,17.466666666666665,0.003789523457900845,41.00841522216797,0.00035932870652488624,55.66999816894531,0.01304430438083104,50.47999954223633,0.00147850063791366,20.31999969482422,0.01319259968853359,15.359999656677246,2.21,98.95972,1232.1163260869566,114.5876
2021-11-16,43.904544830322266,8331100,-0.013025017218664559,-0.10609243140750446,-0.16953774738770244,-0.003781372528490645,0.08,279.882,4.0,16.37,115.136,1.63,69.0,80.76,99.648681640625,440.0086669921875,0.00018684844263350264,0.003957911237255196,68.5,17.0,17.5,-0.031618560182174904,39.711788177490234,-0.03197411240961423,53.88999938964844,-0.02535655291014627,49.20000076293945,-0.023622025071121988,19.84000015258789,-0.030598914313788805,14.890000343322754,2.239,98.9558,1232.766,115.136
2021-11-17,43.72007751464844,6664900,-0.008649627483082512,-0.043459899854776496,-0.1632910902022484,-0.02151906001558679,0.08,279.94620000000003,3.993333333333333,17.11,115.0263,1.6,69.10666666666667,78.32,99.05333709716797,438.9397888183594,-0.005974434720612654,-0.002429220726797854,68.4,17.066666666666666,17.533333333333335,-0.008040954420983182,39.3924674987793,-0.00649468320811164,53.540000915527344,-0.009349574742672728,48.7400016784668,0.0010080875811415702,19.860000610351562,-0.002014821084874052,14.859999656677246,2.175,98.95188,1233.4156739130435,115.0263
2021-11-18,42.77003860473633,7392700,-0.030407489036880286,-0.04507216389287494,-0.15117523697347168,-0.008410521348326983,0.08,280.0104,3.9866666666666664,17.59,115.0678,1.59,69.21333333333334,78.92,98.8486557006836,440.43060302734375,-0.0020663755758535407,0.0033963979729376703,68.3,17.133333333333333,17.566666666666666,-0.014492811164751984,38.82155990600586,-0.01867762388681593,52.540000915527344,-0.02687733541605053,47.43000030517578,-0.02366572035542369,19.389999389648438,-0.026244912426575562,14.470000267028809,2.187,98.94796000000001,1234.065347826087,115.0678
2021-11-19,43.194339752197266,9870900,-0.04890040630966486,-0.027119516437891678,-0.12726905980206726,-0.025838422691520924,0.08,280.07460000000003,3.98,17.91,115.2187,1.54,69.32,76.11,98.35563659667969,439.6429443359375,-0.004987615668712642,-0.0017883832004229605,68.2,17.2,17.6,-0.010717768061379362,38.405479431152344,0.0038066379797176975,52.7400016784668,-0.02783048042021996,46.11000061035156,-0.0056729606222500895,19.280000686645508,-0.004837639751675615,14.399999618530273,2.09,98.94404,1234.7150217391304,115.2187
2021-11-22,44.01523971557617,8300100,-0.06957236709537973,-0.05259859506543885,-0.13830665804265796,-0.07774512622319463,0.08,280.2672,3.96,19.17,115.6481,1.63,69.64,76.74,98.62539672851562,438.4052429199219,0.002742701294712102,-0.0028152423050599173,67.9,17.4,17.7,0.002015541481595884,38.482887268066406,0.006446722445340836,53.08000183105469,0.008024266471202468,46.47999954223633,0.018153447181333604,19.6299991607666,0.00694447111936336,14.5,2.123,98.93228,1236.664043478261,115.6481
2021-11-23,43.33268737792969,6264400,-0.09429561621366755,-0.03639838850700261,-0.10876961502557703,-0.0561941453970648,0.08,280.33140000000003,3.953333333333333,19.38,116.0118,1.67,69.74666666666667,78.32,98.79283905029297,438.98663330078125,0.0016977606917847332,0.0013261483302231536,67.8,17.466666666666665,17.733333333333334,-0.006034759118157318,38.25065231323242,-0.00659386354078062,52.72999954223633,0.004733244898232236,46.70000076293945,-0.008150782183011573,19.469999313354492,-0.011034472235317838,14.34000015258789,2.195,98.92836,1237.3137173913044,116.0118
2021-11-24,43.341915130615234,4977600,-0.03511399535092208,-0.0719300943167307,-0.11130036086638562,-0.0393700025075201,0.08,280.3956,3.9466666666666663,18.58,116.2711,1.64,69.85333333333332,78.32,98.68122863769531,440.15863037109375,-0.0011297419293805344,0.002669778488470387,67.7,17.533333333333335,17.766666666666666,0.004047698759541474,38.405479431152344,0.0034136223542273747,52.90999984741211,0.0006423721371902058,46.72999954223633,-0.0005136224568316194,19.459999084472656,0.008368192767238325,14.460000038146973,2.198,98.92444,1237.9633913043479,116.2711
2021-11-26,41.46950912475586,11570900,-0.01512457521090782,-0.06650346155448872,-0.05938588994205951,-0.025800702659547925,0.08,280.524,3.933333333333333,28.62,116.5103,1.48,70.06666666666666,74.94399999999999,96.01139831542969,430.3418273925781,-0.02705509810855533,-0.02230287514807827,67.5,17.666666666666668,17.833333333333332,-0.08339615759841856,35.20261001586914,-0.06539404827917206,49.45000076293945,-0.09565592262980804,42.2599983215332,-0.08787251618306002,17.75,-0.058091296706216045,13.619999885559082,2.1048,98.9166,1239.262739130435,116.5103
2021-11-29,41.08211898803711,9893600,0.022900745638279263,-0.09115411947019303,-0.053435042204179606,-0.0581499616832124,0.08,280.7166,3.913333333333333,22.96,116.581,1.52,70.38666666666666,69.88,96.1788558959961,435.62060546875,0.0017441427112252494,0.01226647687991611,67.2,17.866666666666667,17.933333333333334,-0.0038485491083644074,35.06713104248047,0.0,49.45000076293945,0.006625712378494519,42.540000915527344,-0.0005633931764414957,17.739999771118164,-0.006607940774163712,13.529999732971191,1.965,98.90484000000001,1241.2117608695653,116.581
2021-11-30,40.95299530029297,12149100,0.01824297928142138,-0.09369384910850664,-0.03783791134938008,-0.04684711085062743,0.08,280.7808,3.9066666666666667,27.19,116.2071,1.43,70.49333333333333,66.14,93.74158477783203,427.1444396972656,-0.02534102839401242,-0.019457678688921454,67.1,17.933333333333334,17.966666666666665,-0.0011037092943287918,35.02842712402344,-0.017795774611489068,48.56999969482422,-0.0065821012686423375,42.2599983215332,-0.002818446319370782,17.690000534057617,-0.008130056086341875,13.420000076293945,1.882,98.90092,1241.8614347826087,116.2071
2021-12-01,39.246604919433594,14225800,0.0639250827788016,-0.0573439906565365,0.006816020043035387,-0.02068133568138142,0.08,280.845,3.9,31.12,115.889,1.43,70.6,65.44,92.43922424316406,422.4000549316406,-0.013893092780056682,-0.0111072141521672,67.0,18.0,18.0,-0.07375688429676819,32.44483947753906,-0.046942532296121,46.290000915527344,-0.07572165346281279,39.060001373291016,-0.07970603758306916,16.280000686645508,-0.041728794071016706,12.859999656677246,1.88,98.897,1242.5111086956522,115.889
2021-12-02,41.82000732421875,12908200,-0.03815590524519874,-0.12814297431766009,-0.02955441205874665,-0.10277870819158208,0.08,280.8997741935484,3.903225806451613,27.95,116.018,1.44,70.49032258064516,66.6,95.18346405029297,428.8697204589844,0.029686962754145396,0.01531644101796048,67.29032258064517,17.838709677419356,17.903225806451612,0.09275268599754027,35.454185485839844,0.06977747846949955,49.52000045776367,0.06605217423575427,41.63999938964844,0.07002452958024619,17.420000076293945,0.076982951105947,13.850000381469727,1.93,98.86656451612903,1243.1607826086956,116.018
2021-12-03,40.84230041503906,8508200,-0.05216790372709679,-0.10433599425548667,0.008581838206916714,-0.16011747559721312,0.08,280.9545483870968,3.9064516129032256,30.67,116.2377,1.35,70.38064516129032,66.39,95.07185363769531,425.1379089355469,-0.0011725819574992524,-0.00870150384933599,67.58064516129032,17.677419354838708,17.806451612903224,-0.018013036654859205,34.815547943115234,-0.01918418324227844,48.56999969482422,-0.024735801978732264,40.61000061035156,-0.04592418103081575,16.6200008392334,-0.018050541019080546,13.600000381469727,1.935,98.83612903225807,1243.8104565217393,116.2377
2021-12-06,42.02293014526367,13262600,-0.11150139991080299,-0.13608432925059677,-0.03446014586523183,-0.1404741931756175,0.08,281.11887096774194,3.9161290322580644,27.18,116.1538,1.43,70.0516129032258,69.62,96.68118286132812,430.1729431152344,0.01692750443013047,0.011843296196037079,68.45161290322581,17.193548387096776,17.516129032258064,0.060033284805318665,36.9056396484375,0.04220710829609087,50.619998931884766,0.08323075639781363,43.9900016784668,0.0788206618407612,17.93000030517578,0.04926471011036404,14.270000457763672,2.035,98.74482258064516,1245.7594782608696,116.1538
2021-12-07,41.70009994506836,11351700,-0.10993135299486412,-0.09599648938917515,-0.029196909352490086,-0.10064144392440477,0.08,281.1736451612903,3.9193548387096775,21.89,115.8555,1.48,69.94193548387096,71.94,97.66724395751953,439.0710754394531,0.01019910045583261,0.02068501161365499,68.74193548387096,17.032258064516128,17.419354838709676,-0.0026219193532915908,36.808876037597656,-0.005333869290020887,50.349998474121094,-0.013184855851883226,43.40999984741211,-0.0022309489596492593,17.889999389648438,-0.01401546997362857,14.069999694824219,2.088,98.7143870967742,1246.409152173913,115.8555
2021-12-08,41.75544738769531,12788200,-0.11398271870666199,-0.0916720720193972,0.0017671392315323775,-0.09366038914885333,0.08,281.2284193548387,3.92258064516129,19.9,115.4418,1.52,69.83225806451613,72.43,97.90911865234375,440.2337341308594,0.002476518073238676,0.0026479965464420996,69.03225806451613,16.870967741935484,17.322580645161292,0.022081978388732937,37.62168884277344,0.0214498880592775,51.43000030517578,0.042386550542629964,45.25,0.019005039921053513,18.229999542236328,0.03056150067536678,14.5,2.127,98.68395161290323,1247.0588260869565,115.4418
2021-12-09,40.224327087402344,15789200,-0.09355681400258675,-0.03989922392253986,0.03737659757641998,-0.07727601117011362,0.08,281.28319354838715,3.925806451612903,21.58,115.7784,1.49,69.72258064516129,70.87,97.60212707519531,437.2613525390625,-0.003135474829862428,-0.006751826044556042,69.3225806451613,16.70967741935484,17.225806451612904,-0.00977368362349551,37.25398635864258,-0.0001944805788667292,51.41999816894531,-0.017900582835160606,44.439998626708984,-0.00493692566362236,18.139999389648438,-0.005517236117658975,14.420000076293945,2.103,98.65351612903227,1247.7085000000002,115.7784
2021-12-10,38.71164321899414,17075600,-0.05503937958371208,-0.005003633711978428,0.09197050657640271,-0.04455556623086754,0.08,281.33796774193553,3.9290322580645163,18.69,115.5732,1.48,69.61290322580645,71.71,98.00213623046875,441.3775634765625,0.0040983651408053046,0.009413617081862391,69.61290322580645,16.548387096774192,17.129032258064516,-0.008311668683376072,36.94434356689453,0.004861921604481623,51.66999816894531,-0.008775864124668131,44.04999923706055,-0.00716643688757701,18.010000228881836,-0.004854347742986209,14.350000381469727,2.125,98.6230806451613,1248.3581739130436,115.5732
2021-12-13,37.33731460571289,12916500,-0.027667943806918727,0.04471373562450953,0.11684786079092913,0.03903194124330689,0.08,281.5022903225807,3.9387096774193546,20.31,115.842,1.42,69.28387096774193,71.19,96.98816680908203,437.46771240234375,-0.010346401215195922,-0.008858291398915585,70.48387096774194,16.06451612903226,16.838709677419356,-0.03431099530002768,35.6767463684082,-0.026514398692356833,50.29999923706055,-0.05244035411129544,41.7400016784668,-0.049416956043186744,17.1200008392334,-0.026480843507963647,13.970000267028809,2.103,98.53177419354839,1250.307195652174,115.842
2021-12-14,37.11595153808594,9601200,0.01565594255294389,0.047713789209231416,0.13792251455436966,0.07157058103600877,0.08,281.55706451612906,3.9419354838709677,21.89,116.2397,1.44,69.1741935483871,70.57,96.06720733642578,434.4579162597656,-0.0094955859354382,-0.006880041788798308,70.7741935483871,15.903225806451612,16.741935483870968,-0.009221652733589991,35.347747802734375,-0.0031809115276133504,50.13999938964844,-0.00862483459211938,41.380001068115234,-0.01226641247236604,16.90999984741211,0.0,13.970000267028809,2.076,98.50133870967743,1250.9568695652174,116.2397
2021-12-15,36.99604797363281,13099000,0.02518082565466173,0.065071045499558,0.1423582626714064,0.06656677278844558,0.08,281.61183870967744,3.945161290322581,19.29,116.4219,1.47,69.06451612903226,70.89,96.90442657470703,441.2462463378906,0.008714932613262283,0.015624827685418952,71.06451612903226,15.741935483870968,16.64516129032258,0.00219000237422029,35.4251594543457,0.002592761661303067,50.27000045776367,0.002899925780263768,41.5,0.004730923975631907,16.989999771118164,-0.0007158359835853778,13.960000038146973,2.098,98.47090322580645,1251.6065434782608,116.4219
2021-12-16,36.46106719970703,13408000,0.05919575645659947,0.08373433911728867,0.14925387500588516,0.09385313950021179,0.08,281.6666129032258,3.9483870967741934,20.57,115.7146,1.44,68.95483870967742,72.34,96.95094299316406,437.3551330566406,0.0004800236697255489,-0.00881846205728476,71.35483870967742,15.580645161290322,16.548387096774192,-0.022125036868061998,34.64137649536133,-0.02088719370398151,49.220001220703125,-0.0349397774202278,40.04999923706055,-0.02766329132937706,16.520000457763672,-0.025071660495223358,13.609999656677246,2.112,98.44046774193549,1252.2562173913045,115.7146
2021-12-17,36.58097839355469,15175600,0.052950085739754016,0.10943018414755157,0.12027237336232055,0.07866867497771524,0.08,281.7213870967742,3.9516129032258065,21.57,115.791,1.41,68.84516129032258,70.93,95.29511260986328,432.7004699707031,-0.01707905392335929,-0.010642753986689124,71.64516129032258,15.419354838709678,16.451612903225808,0.0212290919894651,35.37678146362305,0.016456674898517543,50.029998779296875,0.018227204897442784,40.779998779296875,0.026029073441925954,16.950000762939453,0.02204263029409259,13.90999984741211,2.075,98.41003225806452,1252.905891304348,115.791
2021-12-20,36.30426788330078,12253100,0.07444131762437234,0.13465454148841438,0.12652441234824696,0.09400421101475209,0.08,281.88570967741936,3.9612903225806453,22.87,116.0092,1.43,68.51612903225806,68.69,93.76839447021484,428.09942626953125,-0.016020949006050222,-0.010633322634207909,72.51612903225806,14.935483870967742,16.161290322580644,-0.005197000456446665,35.192928314208984,-0.013791697852179707,49.34000015258789,0.00784697656701927,41.099998474121094,0.02064887659983783,17.299999237060547,-0.018691605444568604,13.649999618530273,2.02,98.31872580645162,1254.8549130434783,116.0092
2021-12-21,37.69703674316406,12569900,0.031563687379908556,0.07633961043718451,0.06116968419109714,0.048935787830300725,0.08,281.94048387096774,3.964516129032258,21.01,116.1089,1.48,68.40645161290323,71.1,95.63591766357422,435.7019348144531,0.019916339656989468,0.0177587449980261,72.80645161290323,14.774193548387096,16.06451612903226,0.05911454141539618,37.27334213256836,0.05533035131320596,52.06999969482422,0.06885649479614009,43.93000030517578,0.047398938632102317,18.1200008392334,0.06373632699977128,14.520000457763672,2.094,98.28829032258065,1255.5045869565217,116.1089
2021-12-22,37.92763900756836,8616000,0.03891042326062166,0.06736372118771294,0.06687742513127737,0.0680931149832189,0.08,281.9952580645161,3.967741935483871,18.63,115.7485,1.46,68.29677419354839,72.82,95.90670776367188,440.0583801269531,0.0028314686230150876,0.00999868250379743,73.09677419354838,14.612903225806452,15.967741935483872,0.01583617533670867,37.863609313964844,0.0023045694754766366,52.189998626708984,0.01456861791947306,44.56999969482422,0.007726235273969317,18.260000228881836,0.008264454667762822,14.640000343322754,2.142,98.25785483870968,1256.1542608695652,115.7485
2021-12-23,38.619407653808594,6587800,0.02316718369678883,0.08311436187393606,0.04728924165776527,0.059947573283908095,0.08,282.0500322580645,3.9709677419354836,17.96,115.5337,1.5,68.18709677419355,73.89,97.03655242919922,442.7965087890625,0.011780663645669653,0.0062221941127889036,73.38709677419355,14.451612903225806,15.870967741935484,0.00434427010721028,38.028099060058594,0.01590346527868891,53.02000045776367,0.006730967895774542,44.869998931884766,0.0,18.260000228881836,0.0020491620401412725,14.670000076293945,2.172,98.22741935483872,1256.8039347826088,115.5337
2021-12-27,38.5179443359375,6929200,0.0536398630597168,0.08333339935792416,0.04669549564396158,0.06369735595282999,0.08,282.2691290322581,3.9838709677419355,17.68,115.4684,1.48,67.7483870967742,75.49,98.06371307373047,449.0630187988281,0.010585296146838008,0.014152121539763085,74.54838709677419,13.806451612903226,15.483870967741936,-0.007633788411447795,37.73780059814453,-0.007544351611191602,52.619998931884766,-0.006463051208677517,44.58000183105469,-0.004928814428246109,18.170000076293945,-0.007498272399807271,14.5600004196167,2.192,98.10567741935485,1259.4026304347826,115.4684
2021-12-28,39.006805419921875,6561000,0.05604142625227371,0.08370763001936354,0.01253251706534697,0.07188442505916637,0.08,282.3239032258065,3.9870967741935486,17.54,115.4192,1.49,67.63870967741936,76.01,98.55860900878906,448.69610595703125,0.005046677507372088,-0.0008170631435612252,74.83870967741936,13.64516129032258,15.387096774193548,0.01615376855224504,38.347408294677734,0.005321220062292298,52.900001525878906,0.015477761291349479,45.27000045776367,0.020363282205823063,18.540000915527344,0.008241750144279303,14.680000305175781,2.205,98.07524193548387,1260.052304347826,115.4192
2021-12-29,38.88689422607422,6724000,0.04340587363151882,0.07234328621460961,0.018263549240795873,0.0808821610745023,0.08,282.37867741935486,3.990322580645161,16.95,115.3678,1.55,67.52903225806452,76.58,98.73600769042969,449.2701110839844,0.0017999308576361894,0.0012792736984619246,75.12903225806451,13.483870967741936,15.290322580645162,-0.011859486699037247,37.89262771606445,-0.014366769646663835,52.13999938964844,-0.018555337841703823,44.43000030517578,-0.026429431190395314,18.049999237060547,-0.0204359798704562,14.380000114440918,2.209,98.04480645161291,1260.7019782608697,115.3678
2021-12-30,39.403419494628906,7673900,0.02738763351491902,0.07186324044932069,0.04775257348705675,0.07209723342275476,0.08,282.43345161290324,3.9935483870967743,17.33,115.283,1.52,67.41935483870968,76.83,98.38118743896484,448.0280456542969,-0.0035936256667103983,-0.002764629560356613,75.41935483870968,13.32258064516129,15.193548387096774,-0.0030642307585828643,37.77651596069336,-0.003835841298056475,51.939998626708984,-0.006752177245103463,44.130001068115234,0.0011080586487011157,18.06999969482422,-0.009735767886549618,14.239999771118164,2.213,98.01437096774194,1261.3516521739132,115.283
2021-12-31,39.51411056518555,5932100,0.05858981712114053,0.069560733731999,0.054621535186897274,0.07166192960351836,0.08,282.4882258064516,3.996774193548387,17.22,115.314775,1.52,67.30967741935484,75.33,98.80136108398438,446.8988342285156,0.004270873893245097,-0.0025204034362004135,75.70967741935483,13.161290322580646,15.096774193548388,0.0010244487289414739,37.815216064453125,0.0030804746176837927,52.099998474121094,-0.007931164295195137,43.779998779296875,-0.006087471621987306,17.959999084472656,0.0,14.239999771118164,2.161,97.98393548387098,1262.0013260869566,115.314775
2022-01-03,40.584041595458984,10571400,0.028181864922971478,0.03249999553523719,0.006590929876623131,0.043863615876997386,0.08,282.66925806451616,3.9935483870967743,16.6,115.4101,1.63,66.91612903225807,75.99,97.9889907836914,449.48638916015625,-0.008222258189362619,0.005790023901287578,76.64516129032258,13.0,14.935483870967742,0.030962373570467605,38.98606491088867,0.03781192472935779,54.06999969482422,0.03905899832913118,45.4900016784668,0.0439866901892183,18.75,0.0323033739845946,14.699999809265137,2.195,97.99019677419355,1263.3073111111112,115.4101
2022-01-04,41.19280242919922,11207000,0.026198028864523604,-0.005150000287078349,-0.0273174491959306,0.01231519794607494,0.08,282.7323870967742,3.990322580645161,16.91,115.3103,1.66,66.7741935483871,77.0,99.95924377441406,449.3359069824219,0.020106881140065536,-0.000334786950980992,76.96774193548387,13.0,14.903225806451612,0.007446015215514912,39.2763557434082,0.025522490769448458,55.45000076293945,0.016706931050586293,46.25,0.014400024414062518,19.020000457763672,0.001360575375726647,14.720000267028809,2.247,98.00854516129033,1263.6354666666666,115.3103
2022-01-05,40.57481384277344,9702000,0.02773361096998217,0.007956418517316433,-0.007501567253115793,-0.005910433975866325,0.08,282.79551612903225,3.9870967741935486,19.73,115.137,1.71,66.63225806451614,77.83,99.00682067871094,440.7076721191406,-0.009528114256771802,-0.019202193123681988,77.29032258064517,13.0,14.870967741935484,-0.007637386763734155,38.97638702392578,-0.012263305605403452,54.77000045776367,-0.010162188555743246,45.779998779296875,-0.017875927676390124,18.68000030517578,-0.0027173886635466493,14.680000305175781,2.263,98.02689354838711,1263.9636222222223,115.137
2022-01-06,40.48258590698242,6750700,0.043289996378719,-0.011847892632177448,0.016176468232470986,-0.03417648651320215,0.08,282.8586451612903,3.9838709677419355,19.61,115.4046,1.73,66.49032258064517,79.47,99.46434783935547,440.29364013671875,0.004621168092340477,-0.000939470784411367,77.61290322580645,13.0,14.838709677419354,-0.0042206324763203185,38.81188201904297,-0.00566005789118218,54.459999084472656,-0.00021839934031897545,45.77000045776367,-0.005888683541460327,18.56999969482422,0.0013623640104629686,14.699999809265137,2.315,98.04524193548387,1264.291777777778,115.4046
2022-01-07,41.8292350769043,7479100,0.010363708807150651,-0.032634907826820325,0.015876562419775198,-0.09062848628713005,0.08,282.9217741935484,3.9806451612903224,18.76,115.0451,1.76,66.34838709677419,79.0,99.43634033203125,438.5529479980469,-0.0002815833807049417,-0.003953480086905992,77.93548387096774,13.0,14.806451612903226,0.03490401601996873,40.16657257080078,0.025706969324537976,55.86000061035156,0.033646513002516754,47.310001373291016,0.03823376432360304,19.280000686645508,0.027891146444348536,15.109999656677246,2.329,98.06359032258065,1264.6199333333334,115.0451
2022-01-10,41.72777557373047,7710800,0.004199773172024468,-0.030724988357833882,0.03934567643682252,-0.05791326307382805,0.08,283.11116129032257,3.9709677419354836,19.4,115.2216,1.78,65.92258064516129,78.11,98.31581115722656,438.0072326660156,-0.011268809482158026,-0.0012443544947591256,78.90322580645162,13.0,14.709677419354838,-0.021199636143508727,39.31505584716797,-0.013605480270790227,55.099998474121094,-0.015430131495376642,46.58000183105469,-0.025414924982734455,18.790000915527344,-0.03176701212062649,14.630000114440918,2.351,98.11863548387097,1265.6044000000002,115.2216
2022-01-11,42.27197265625,6813200,-0.030547738613655562,-0.04625792683631158,0.01527377906506655,-0.06567741241495617,0.08,283.17429032258065,3.967741935483871,18.41,114.8332,1.75,65.78064516129032,81.17,98.90409088134766,441.99676513671875,0.005983571891405415,0.009108371216657973,79.2258064516129,13.0,14.67741935483871,0.014767509983790283,39.8956413269043,0.016152508693148437,55.9900016784668,0.006869894423466416,46.900001525878906,0.012240528527396988,19.020000457763672,0.02050582285633351,14.930000305175781,2.429,98.13698387096774,1265.9325555555556,114.8332
2022-01-12,41.70009994506836,7831000,-0.01924350069080616,-0.052864167555007224,0.007078213273266742,0.018580001099581578,0.08,283.2374193548387,3.964516129032258,17.62,114.355,1.74,65.63870967741936,82.51,99.2215805053711,443.1916809082031,0.003210075753128594,0.0027034491329698263,79.54838709677419,13.0,14.64516129032258,-0.015037859986845037,39.29569625854492,-0.015002681325350764,55.150001525878906,-0.007675918947527505,46.540000915527344,-0.027339665891091824,18.5,-0.017414616447911424,14.670000076293945,2.444,98.15533225806452,1266.260711111111,114.355
2022-01-13,42.235076904296875,8185900,-0.05285001217521612,-0.062459220251466996,-0.00895393216128515,0.021183521332640565,0.08,283.3005483870968,3.9612903225806453,20.31,114.177,1.7,65.49677419354839,81.97,99.43634033203125,437.0851135253906,0.002164446741992121,-0.013778614639829656,79.87096774193549,13.0,14.612903225806452,0.02117709210765306,40.127864837646484,0.02538527057927098,56.54999923706055,0.03502357587780258,48.16999816894531,0.04540541365339945,19.34000015258789,0.03067483346454214,15.119999885559082,2.444,98.1736806451613,1266.5888666666667,114.177
2022-01-14,42.26274108886719,6241100,-0.04255756244920539,-0.023134015541581454,0.032300429175252,0.009602918117318948,0.08,283.3636774193548,3.958064516129032,19.19,114.3825,1.78,65.35483870967742,83.82,98.8387222290039,437.2639465332031,-0.0060100572992913825,0.0004091491617503884,80.19354838709677,13.0,14.580645161290322,-0.027971783997743582,39.00541687011719,-0.013439404629295382,55.790000915527344,-0.029686455155408686,46.7400016784668,-0.04395038132179063,18.489999771118164,-0.01785711019397751,14.850000381469727,2.486,98.19202903225806,1266.9170222222224,114.3825
2022-01-18,41.90302276611328,6734000,-0.034778698883330184,-0.0055029638696847405,0.04380358511978466,0.04226270425593004,0.08,283.6161935483871,3.945161290322581,22.79,114.7373,1.87,64.78709677419354,85.42,97.69953155517578,429.5201110839844,-0.011525752742823636,-0.01770975062228397,81.48387096774194,13.0,14.451612903225806,-0.019102035435376474,38.26033401489258,-0.014518755332473487,54.97999954223633,-0.024176316378606955,45.61000061035156,-0.03190914872316464,17.899999618530273,-0.00875421623578787,14.720000267028809,2.558,98.26542258064516,1268.2296444444446,114.7373
2022-01-19,40.98065948486328,5475300,-0.01620522108039646,-0.003151030724294901,0.04388907061209357,0.06527123103642851,0.08,283.6793225806452,3.9419354838709677,23.85,114.6109,1.83,64.64516129032258,86.84,96.60704040527344,425.0601501464844,-0.011182153409664553,-0.010383590482513916,81.80645161290323,13.0,14.419354838709678,-0.018209387164164204,37.563636779785156,-0.011094954809574897,54.369998931884766,-0.026529249468986826,44.400001525878906,-0.032960903081646786,17.309999465942383,-0.021739174096029212,14.399999618530273,2.54,98.28377096774194,1268.5578,114.6109
2022-01-20,40.89764404296875,7172700,-0.03428034062265417,-0.02029759710596102,0.036986879670241946,0.0911143027488297,0.08,283.7424516129032,3.9387096774193546,25.59,114.4642,1.83,64.50322580645161,86.29,95.37447357177734,420.35552978515625,-0.012758561159987747,-0.0110681284983003,82.12903225806451,13.0,14.387096774193548,0.0005150764459969093,37.582984924316406,-0.01029975298133301,53.810001373291016,-0.03423424336771086,42.880001068115234,-0.031773498210827644,16.760000228881836,-0.006249944534565177,14.3100004196167,2.484,98.30211935483871,1268.8859555555555,114.4642
2022-01-21,40.002952575683594,7899700,-0.010145392176290069,0.006686670734105338,0.051879009785311236,0.0802397627280853,0.08,283.8055806451613,3.935483870967742,28.85,114.6125,1.75,64.36129032258064,85.16,94.49673461914062,412.103759765625,-0.00920308044453999,-0.01963045430554633,82.45161290322581,13.0,14.35483870967742,-0.025231741200959723,36.634700775146484,-0.03326520850853987,52.02000045776367,-0.02868469010256003,41.650001525878906,-0.027446359519052277,16.299999237060547,-0.03773584528430718,13.770000457763672,2.519,98.32046774193549,1269.2141111111112,114.6125
2022-01-24,40.464141845703125,11296800,0.020286908273368986,0.016639654159461115,0.003191158802620553,0.058354086078515444,0.08,283.9949677419355,3.925806451612903,29.9,115.2034,1.75,63.935483870967744,84.48,95.03829956054688,413.85382080078125,0.005731043972989847,0.004246651465037665,83.41935483870968,13.0,14.258064516129032,0.0013207592553892145,36.68308639526367,-0.011918472249690892,51.400001525878906,-0.006242548060146347,41.38999938964844,0.0067485040184209755,16.40999984741211,0.0,13.770000457763672,2.467,98.37551290322581,1270.1985777777777,115.2034
2022-01-25,40.4456901550293,6803400,0.030330593595247146,0.05062713420629583,0.011174339866796723,0.026681769887466178,0.08,284.05809677419353,3.92258064516129,31.16,115.1654,1.78,63.79354838709677,86.61,94.10455322265625,408.8011169433594,-0.009824947860054611,-0.01220890953149889,83.74193548387096,13.0,14.225806451612904,0.021366330808128886,37.46686935424805,0.0153695929450961,52.189998626708984,0.009422551229753662,41.779998779296875,0.003046876144147781,16.459999084472656,-0.0029049320404918033,13.729999542236328,2.459,98.39386129032258,1270.5267333333334,115.1654
2022-01-26,40.316558837890625,10785800,0.013269221016234178,0.0757263114708806,0.03271571342819923,0.051017793599693606,0.08,284.1212258064516,3.9193548387096775,31.96,115.0922,1.85,63.651612903225804,88.33,93.28284454345703,407.77557373046875,-0.00873186951172289,-0.0025086604962303305,84.06451612903226,13.0,14.193548387096774,0.0010332207766159396,37.50558090209961,0.0022993437390246285,52.310001373291016,-0.008377177700984673,41.43000030517578,-0.013365694142840279,16.239999771118164,-0.016023257151446257,13.510000228881836,2.564,98.41220967741936,1270.854888888889,115.0922
2022-01-27,39.49565887451172,8960900,0.014479091712504388,0.08664158670214572,0.022886256404808014,0.09528219789347614,0.08,284.1843548387097,3.9161290322580644,30.49,115.978,1.81,63.50967741935484,87.61,92.45177459716797,405.7618713378906,-0.008909140264284021,-0.004938261441596703,84.38709677419355,13.0,14.161290322580646,-0.010836196558068445,37.09916305541992,0.005543817496019843,52.599998474121094,-0.012068549271469275,40.93000030517578,-0.028325125900867,15.779999732971191,0.027387111716555834,13.880000114440918,2.653,98.43055806451613,1271.1830444444445,115.978
2022-01-28,39.59710693359375,10975900,0.017004581053981616,0.06056389969156495,-0.022827717996975805,0.08828336100154299,0.08,284.24748387096776,3.9129032258064513,27.66,116.0393,1.78,63.36774193548387,87.67,93.09608459472656,415.8392639160156,0.00696914689161976,0.024835730732652328,84.70967741935483,13.0,14.129032258064516,-0.001564678108891604,37.041114807128906,-0.006653963579358102,52.25,-0.000488650320414119,40.90999984741211,-0.008871951331907768,15.640000343322754,0.001440886449888934,13.899999618530273,2.593,98.4489064516129,1271.5112,116.0393
2022-01-31,41.2850341796875,8199900,-0.0035747338168636844,0.013851816343245504,-0.05451293512552968,0.03954438406064931,0.08,284.4368709677419,3.903225806451613,24.83,115.566,1.79,62.941935483870964,89.16,94.06722259521484,423.3289489746094,0.010431566533822823,0.01801100980235093,85.6774193548387,13.0,14.03225806451613,0.03683378945605753,38.405479431152344,0.04765553451611093,54.7400016784668,0.048154515474234216,42.880001068115234,0.05306898668874349,16.469999313354492,0.05251802272983319,14.630000114440918,2.58,98.50395161290322,1272.4956666666667,115.566
2022-02-01,41.67243194580078,6593200,0.01969905653313231,0.046923438999254774,-0.07768923208684442,0.04581681111384306,0.08,284.5,3.9,21.96,115.3685,1.81,62.8,88.22,95.36514282226562,426.1893005371094,0.013797794717889333,0.006756805952979006,86.0,13.0,14.0,0.020156408084971433,39.179595947265625,0.0012787667643012757,54.810001373291016,0.0251865202764765,43.959999084472656,0.021857961466923648,16.829999923706055,0.016404632210581305,14.869999885559082,2.578,98.5223,1272.8238222222221,115.3685
2022-02-02,40.85152816772461,7955500,0.06163918646616584,0.07067048290206457,-0.08150801994923329,0.0853464796797232,0.08428571428571428,284.6133571428571,3.892857142857143,22.09,115.1538,1.78,62.67857142857142,88.16,96.02810668945312,430.329345703125,0.006951846844324372,0.009714099253073982,86.25,13.0,14.071428571428571,0.0007408456057895751,39.208621978759766,-0.00839268176690977,54.349998474121094,0.0036396690342204163,44.119998931884766,0.007724252011640731,16.959999084472656,-0.009414952548770006,14.729999542236328,2.595,98.53830357142857,1273.1519777777778,115.1538
2022-02-03,40.06752014160156,5512200,0.07113256012780544,0.06767931710122199,-0.14387677965165768,0.0819520424698148,0.08857142857142858,284.7267142857143,3.8857142857142857,24.35,114.9065,1.82,62.55714285714286,90.17,94.49673461914062,420.2144470214844,-0.015947123431943044,-0.02350501722143461,86.5,13.0,14.142857142857142,-0.019496599877119825,38.44418716430664,-0.02042312468845464,53.2400016784668,-0.023572011015587035,43.08000183105469,-0.022995248272477342,16.56999969482422,-0.021045449801508798,14.420000076293945,2.652,98.55430714285714,1273.4801333333335,114.9065
2022-02-04,40.27043914794922,5073900,0.042830995502931124,0.05313776505320722,-0.10306930586149743,0.0563441787520933,0.09285714285714286,284.84007142857143,3.8785714285714286,23.22,115.1362,1.93,62.43571428571428,92.27,93.47892761230469,422.19036865234375,-0.010770816694757768,0.00470217443704013,86.75,13.0,14.214285714285714,0.0030201689576005997,38.56029510498047,0.0046957173575956634,53.4900016784668,-0.006035332525056725,42.81999969482422,-0.007241939293592625,16.450000762939453,0.004160850598122989,14.479999542236328,2.681,98.57031071428571,1273.808288888889,115.1362
2022-02-07,41.137451171875,7478500,0.017489068926225038,0.02287003557884626,-0.08834065780805822,-0.0172643828746758,0.10571428571428572,285.18014285714287,3.857142857142857,22.86,115.0098,1.92,62.07142857142857,91.25,93.55364227294922,420.83551025390625,0.0007992674130194999,-0.003209117258553995,87.5,13.0,14.428571428571429,0.02735253528023862,39.61501693725586,0.03495978450562598,55.36000061035156,0.03783276374195266,44.439998626708984,0.050455920073631866,17.280000686645508,0.03591163495875094,15.0,2.732,98.61832142857143,1274.7927555555557,115.0098
2022-02-08,42.49333953857422,9563800,0.02669844822518752,-0.044714541409598074,-0.10939887645391921,-0.03212496501149886,0.11,285.2935,3.85,21.44,115.0892,1.96,61.949999999999996,89.32,94.48739624023438,424.29803466796875,0.009980947236248428,0.008227738224783954,87.75,13.0,14.5,0.04079167717477383,41.230979919433594,0.04136562301805946,57.650001525878906,0.05378045180472357,46.83000183105469,0.05671293421844026,18.260000228881836,0.0426666895548502,15.640000343322754,2.684,98.634325,1275.1209111111111,115.0892
2022-02-09,43.36958312988281,9549800,0.008506935831900542,-0.05699706818742345,-0.14419395208546415,-0.08528283213165255,0.1142857142857143,285.4068571428571,3.842857142857143,19.96,114.8232,1.94,61.82857142857143,89.57,95.78532409667969,430.5081481933594,0.013736518393896002,0.014636206199376556,88.0,13.0,14.571428571428571,0.029805095159770367,42.45987319946289,0.016305266293653364,58.59000015258789,0.04484301499062737,48.93000030517578,0.027382255954693235,18.760000228881836,0.014066451951736614,15.859999656677246,2.707,98.65032857142857,1275.4490666666666,114.8232
2022-02-10,42.917625427246094,7231600,-0.0032239175197620318,-0.029873078746569748,-0.13819034330441815,-0.09026444638764974,0.11857142857142858,285.5202142857143,3.835714285714286,23.91,114.5527,2.03,61.707142857142856,89.83,94.21659851074219,422.7737731933594,-0.016377515039298962,-0.017965687832988908,88.25,13.0,14.642857142857142,0.0004557705374579335,42.479225158691406,0.0005120119340971119,58.619998931884766,0.006335609469804604,49.2400016784668,-0.0026653061726620297,18.709999084472656,0.0012610629379963267,15.880000114440918,2.687,98.66633214285714,1275.7772222222222,114.5527
2022-02-11,41.995262145996094,8422200,0.009883451484202777,-0.03799703619084571,-0.07621335138433727,-0.05578733969878291,0.12285714285714286,285.63357142857143,3.8285714285714287,27.36,114.8413,1.92,61.58571428571428,93.1,92.77861785888672,414.437255859375,-0.01526249805857205,-0.01971862462284668,88.5,13.0,14.714285714285714,-0.0357629901881108,40.96004104614258,-0.030365042847667056,56.84000015258789,-0.046100738838040445,46.970001220703125,-0.05879201111420562,17.610000610351562,-0.04408059220532201,15.180000305175781,2.8,98.68233571428571,1276.105377777778,114.8413
2022-02-14,41.85690689086914,6002300,0.005288476129084785,-0.07558397843634523,-0.04980170037248455,-0.04847958134021335,0.13571428571428573,285.97364285714286,3.8071428571428574,28.33,115.1946,1.98,61.22142857142857,95.52,92.43310546875,413.0822448730469,-0.0037240519217718315,-0.00326952021607807,89.25,13.0,14.928571428571429,-0.008504549832180519,40.6116943359375,0.002990819290797919,57.0099983215332,-0.0008516268785982994,46.93000030517578,-0.010221482052077402,17.43000030517578,-0.0046113733261696765,15.109999656677246,2.789,98.73034642857142,1277.0898444444445,115.1946
2022-02-15,43.627845764160156,6872100,-0.06955595360861244,-0.10528550960768845,-0.09556030553360395,-0.0463002779279269,0.14,286.087,3.8000000000000003,25.7,114.93,2.05,61.1,92.07,93.82442474365234,419.7439880371094,0.015052174952325137,0.016126917210179004,89.5,13.0,15.0,0.06004267097697258,43.05012893676758,0.05086829698754003,59.90999984741211,0.0756445602807514,50.47999954223633,0.08089499843516434,18.84000015258789,0.06088689946208592,16.030000686645508,2.685,98.74635,1277.4180000000001,114.93
2022-02-16,43.738525390625,5773200,-0.06495146606531843,-0.1212567784240286,-0.08814820642132704,-0.06727106160655971,0.1442857142857143,286.2003571428571,3.7928571428571427,24.29,114.6886,2.03,60.97857142857143,93.83,94.31932067871094,420.2144470214844,0.005274702577828139,0.0011208236396071936,89.75,13.0,15.071428571428571,-0.0017980860644519758,42.972721099853516,0.006676707175724994,60.310001373291016,-0.0053486620485755365,50.209999084472656,-0.0010615954141022232,18.81999969482422,0.009981275144012036,16.190000534057617,2.61,98.76235357142858,1277.7461555555556,114.6886
2022-02-17,42.77926254272461,5538300,-0.026735353802328055,-0.12289743289989674,-0.07761954863631138,-0.060586337459216266,0.14857142857142858,286.3137142857143,3.7857142857142856,28.11,114.6755,1.97,60.857142857142854,91.78,92.59185791015625,411.23809814453125,-0.018315046759498133,-0.0213613523775259,90.0,13.0,15.142857142857142,-0.024769106477286695,41.9083251953125,-0.02354504976468863,58.88999938964844,-0.036845220232103126,48.36000061035156,-0.03188099846966186,18.219999313354492,-0.025324322888312434,15.779999732971191,2.584,98.77835714285715,1278.074311111111,114.6755
2022-02-18,42.41032028198242,5037800,-0.04741189451582717,-0.19117011739302625,-0.06350572978313418,-0.07242257351871728,0.15285714285714286,286.4270714285714,3.7785714285714285,27.75,114.7982,1.92,60.73571428571428,91.26,91.826171875,408.5753173828125,-0.008269474794416753,-0.006475034228912602,90.25,13.0,15.214285714285714,-0.010852159691010832,41.453529357910156,-0.0016980552752166034,58.790000915527344,-0.019230775298557656,47.43000030517578,-0.019209576691068264,17.8700008392334,-0.017743963099451254,15.5,2.599,98.79436071428572,1278.4024666666667,114.7982
2022-02-22,42.07826614379883,7196600,-0.08044701246037711,-0.14160453249674876,-0.06028041174681442,-0.04910102066394606,0.17,286.8805,3.75,28.81,114.7002,1.94,60.25,92.11,90.93909454345703,404.19061279296875,-0.009660397612464067,-0.010731692305669838,91.25,13.0,15.5,-0.022175721744610244,40.53426742553711,-0.016329291878257268,57.83000183105469,-0.023402922268807913,46.31999969482422,-0.024622300693551202,17.43000030517578,-0.012903213500976562,15.300000190734863,2.627,98.858375,1279.7150888888889,114.7002
2022-02-23,40.59326934814453,7070800,-0.03840054234066914,-0.0761192119520937,-0.0020451483195351727,-0.05180663382475903,0.1742857142857143,286.9938571428571,3.742857142857143,31.02,114.6668,1.99,60.128571428571426,92.14,89.26766967773438,397.0208740234375,-0.018379607517687968,-0.01773850886834838,91.5,13.0,15.571428571428571,-0.040582204753235374,38.88929748535156,-0.03475708235497754,55.81999969482422,-0.05332472445976988,43.849998474121094,-0.04532420549027505,16.639999389648438,-0.026143827922748386,14.899999618530273,2.671,98.87437857142857,1280.0432444444446,114.6668
2022-02-24,40.89764404296875,10439300,-0.06021645969731382,-0.07465046405807185,0.0009023351396204582,-0.04262502854192196,0.17857142857142858,287.1072142857143,3.7357142857142858,30.32,115.9419,1.96,60.00714285714285,92.77,90.4068374633789,402.99566650390625,0.01276125824452512,0.015049063843721289,91.75,13.0,15.642857142857142,0.0034834141539301644,39.02476501464844,0.006807615015993473,56.20000076293945,0.004789119874060166,44.060001373291016,0.0192307515962582,16.959999084472656,0.016107431606508626,15.140000343322754,2.721,98.89038214285713,1280.3714,115.9419
2022-02-25,41.63554382324219,6627700,-0.09880362907792084,-0.10855129704426436,-0.015950512840340547,-0.0031015598687544887,0.18285714285714286,287.2205714285714,3.7285714285714286,27.59,115.2577,1.97,59.885714285714286,91.68,92.56385040283203,411.8873596191406,0.023858958016608645,0.022063991884508694,92.0,13.0,15.714285714285714,0.030002518057482774,40.19560623168945,0.02437720486274797,57.56999969482422,0.040626351453433296,45.849998474121094,0.02948113366690941,17.459999084472656,0.025099082286911045,15.520000457763672,2.692,98.90638571428572,1280.6995555555554,115.2577
2022-02-28,40.399566650390625,10361100,-0.15091330875282238,-0.08447473321383003,0.03493157643866618,0.045662132793680144,0.19571428571428573,287.56064285714285,3.7071428571428573,30.15,115.2224,1.83,59.52142857142857,96.13,93.27349853515625,410.8335266113281,0.007666579655404071,-0.0025585466103814625,92.75,13.0,15.928571428571429,-0.038998629311067234,38.62803268432617,-0.024839331470490555,56.13999938964844,-0.03162479817879604,44.400001525878906,-0.012027439603900736,17.25,-0.016108246947566296,15.270000457763672,2.856,98.95439642857143,1281.6840222222222,115.2224
2022-03-01,38.69319534301758,11235300,-0.06650788031259203,0.0026223508208316204,0.08629307804478459,0.0932061898876182,0.2,287.674,3.7,33.32,115.7962,1.72,59.4,103.66,91.8822250366211,404.5764465332031,-0.014916064266751627,-0.015230208035199033,93.0,13.0,16.0,-0.057114249335899814,36.42182159423828,-0.06768791019547504,52.34000015258789,-0.05743249919195437,41.849998474121094,-0.05565212083899451,16.290000915527344,-0.05762934433924671,14.390000343322754,3.04,98.9704,1282.0121777777777,115.7962
2022-03-02,39.03446578979492,8702600,-0.039224928124686365,0.01890370344889125,0.0822306946655369,0.04324206894186067,0.20419354838709677,287.70261290322577,3.7,30.74,115.7623,1.86,59.58709677419355,110.74,93.84308624267578,412.0190734863281,0.021341028749283675,0.01839609551396415,92.83870967741936,13.0,15.935483870967742,0.010626993006319196,36.808876037597656,0.0053496136507564795,52.619998931884766,0.013620064889051209,42.41999816894531,0.004910983376913203,16.3700008392334,0.004864467905082437,14.460000038146973,3.383,98.9687870967742,1282.3403333333333,115.7623
2022-03-03,38.434932708740234,10376000,-0.015358860569221089,0.026637819094997628,0.10175210389334044,0.06959445235748896,0.20838709677419356,287.7312258064516,3.7,30.48,115.9495,1.86,59.774193548387096,107.69,93.94580841064453,409.9678039550781,0.0010946162587099906,-0.004978579059199961,92.6774193548387,13.0,15.870967741935484,-0.038906229370107015,35.37678146362305,-0.022805032065713715,51.41999816894531,-0.048326245298174086,40.369998931884766,-0.04031770111487265,15.710000038146973,-0.04771781317863144,13.770000457763672,3.317,98.96717419354839,1282.668488888889,115.9495
2022-03-04,37.52180099487305,8594700,-0.010816363981104304,0.06293013044276119,0.12905572982829105,0.07767924632845391,0.21258064516129033,287.7598387096774,3.7,31.98,116.6503,1.74,59.961290322580645,115.77,93.74039459228516,406.6369934082031,-0.0021865139257889465,-0.008124566160419677,92.51612903225806,13.0,15.806451612903226,-0.05579885119504813,33.40279769897461,-0.0443407012930207,49.13999938964844,-0.09066138083351283,36.709999084472656,-0.07129216313427766,14.59000015258789,-0.040668148220791456,13.210000038146973,3.588,98.96556129032258,1282.9966444444444,116.6503
2022-03-07,34.302734375,17624500,0.07824710506462451,0.15030933283038195,0.2156494432542846,0.19440727666116264,0.22516129032258064,287.84567741935484,3.7,36.45,117.3278,1.78,60.52258064516129,119.26,91.22856140136719,394.649658203125,-0.026795632788222723,-0.02947920479297028,92.03225806451613,13.0,15.612903225806452,-0.1277520193076036,29.135522842407227,-0.11090762781099095,43.689998626708984,-0.15009529988966375,31.200000762939453,-0.11994516666880195,12.84000015258789,-0.13096143004654526,11.479999542236328,3.712,98.96072258064515,1283.9811111111112,117.3278
2022-03-08,36.11979293823242,15028100,0.07405550585319642,0.09959162861364645,0.11670072841914014,0.14606762339512747,0.22935483870967743,287.87429032258063,3.7,35.13,117.6176,1.86,60.70967741935484,123.64,90.66829681396484,391.65765380859375,-0.006141328754899589,-0.0075814189429533885,91.87096774193549,13.0,15.548387096774194,0.03686488181491754,30.2096004486084,0.0682078195446445,46.66999816894531,0.03333336186205149,32.2400016784668,0.05218069068004705,13.510000228881836,0.04094079144338125,11.949999809265137,4.1,98.95910967741935,1284.3092666666666,117.6176
2022-03-09,37.50334167480469,12104700,0.06050181075172745,0.05435327011468294,0.04254798664995274,0.06665035138877196,0.2335483870967742,287.9029032258064,3.7,32.45,116.5961,1.94,60.89677419354839,108.81,92.31172180175781,402.1582946777344,0.018125685002829517,0.026810763857234354,91.70967741935483,13.0,15.483870967741936,0.04932717560738431,31.69975471496582,0.041997063982619265,48.630001068115234,0.08250619444566376,34.900001525878906,0.058475199738646566,14.300000190734863,0.064435185778553,12.720000267028809,3.198,98.95749677419354,1284.637422222222,116.5961
2022-03-10,37.8446159362793,9483400,0.04265176213183319,0.07043628503884647,0.00511826790322778,0.024616412144296884,0.237741935483871,287.9315161290322,3.7,30.23,116.7401,1.98,61.08387096774194,105.93,92.19034576416016,400.3422546386719,-0.0013148496770357676,-0.00451573438393893,91.54838709677419,13.0,15.419354838709678,-0.006410245224957922,31.496551513671875,0.010692997045904207,49.150001525878906,0.008595966302124447,35.20000076293945,-0.006993033575937835,14.199999809265137,0.0015722880243325132,12.739999771118164,3.117,98.95588387096774,1284.9655777777778,116.7401
2022-03-11,37.11595153808594,8790500,0.07455288557003259,0.10288287725324996,0.05914525427442752,-0.0024849625744779447,0.24193548387096775,287.96012903225807,3.7,30.75,117.0192,2.0,61.270967741935486,109.31,91.45267486572266,395.2519836425781,-0.00800160680950912,-0.012714798243537828,91.38709677419355,13.0,15.35483870967742,-0.01474644867301822,31.032089233398438,-0.006714177432546653,48.81999969482422,-0.009375051815400326,34.869998931884766,-0.012676010839381857,14.020000457763672,-0.011773910614215621,12.59000015258789,3.246,98.95427096774193,1285.2937333333334,117.0192
2022-03-14,36.98682403564453,7576000,0.06683275793394183,0.10773056663071312,0.06783050192277673,-0.06184548190292072,0.25451612903225806,288.04596774193544,3.7,31.77,117.1506,2.14,61.83225806451613,103.22,91.76080322265625,392.36322021484375,0.003369265659927567,-0.007308662694395562,90.90322580645162,13.0,15.161290322580646,0.0,31.032089233398438,0.015977033678260533,49.599998474121094,0.0043017358896948465,35.02000045776367,0.016405102334284383,14.25,0.012708486534785512,12.75,3.07,98.94943225806452,1286.2782,117.1506
2022-03-15,38.79466247558594,11080800,0.023775421867201274,0.07774586844878173,0.09486421939179057,-0.11507368688511499,0.25870967741935486,288.0745806451613,3.7,29.83,117.246,2.15,62.01935483870968,96.42,93.21749877929688,400.99151611328125,0.015874921594855484,0.02199058284237987,90.74193548387096,13.0,15.096774193548388,0.08699726953428666,33.73179626464844,0.04314522722137282,51.7400016784668,0.09194749225051124,38.2400016784668,0.09263155753152419,15.569999694824219,0.0721568687289369,13.670000076293945,2.826,98.94781935483871,1286.6063555555556,117.246
2022-03-16,39.772361755371094,12849000,-0.005797765335908367,0.056818061926594554,0.08441547480041889,-0.1365955546501343,0.26290322580645165,288.1031935483871,3.7,26.67,116.8073,2.19,62.20645161290323,94.85,94.45004272460938,409.8832092285156,0.013222237900103906,0.022174267429444727,90.58064516129032,13.0,15.03225806451613,0.05938035335356573,35.73480224609375,0.05701578764095627,54.689998626708984,0.07714426827296283,41.189998626708984,0.057803444840750506,16.469999313354492,0.0658375723121627,14.569999694824219,2.954,98.94620645161291,1286.934511111111,116.8073
2022-03-17,39.45875549316406,9449600,0.026647941255289576,0.07059375035044901,0.08134648945907696,-0.18232797840964066,0.2670967741935484,288.1318064516129,3.7,25.67,116.0467,2.2,62.39354838709677,102.97,95.66393280029297,415.01116943359375,0.012852191917191336,0.012510783778457268,90.41935483870968,13.0,14.967741935483872,0.005957301628239486,35.94768524169922,-0.006765385649581401,54.31999969482422,0.005583868655125057,41.41999816894531,0.004857311902932926,16.549999237060547,-0.014413180682603,14.359999656677246,3.29,98.94459354838709,1287.2626666666665,116.0467
2022-03-18,39.883052825927734,7862300,0.026364446146537324,0.061748411278205406,0.0950505222186715,-0.17599463152108596,0.27129032258064517,288.16041935483867,3.7,23.87,116.1378,2.14,62.58064516129032,104.69,96.02810668945312,419.55670166015625,0.003806804492560545,0.010952794915775943,90.25806451612904,13.0,14.903225806451612,0.014266506923670264,36.460533142089844,0.016016180721143414,55.189998626708984,0.022452929654474207,42.349998474121094,0.01208463880116617,16.75,0.016016748009022086,14.59000015258789,3.372,98.94298064516128,1287.5908222222222,116.1378
2022-03-21,39.45875549316406,6251200,0.03833572637568361,0.07363255321312834,0.10635819686933612,-0.1743804740118694,0.2838709677419355,288.2462580645161,3.7,23.53,115.9398,2.32,63.14193548387097,112.14,96.24452209472656,419.43402099609375,0.002253667314022101,-0.0002924054450258451,89.7741935483871,13.0,14.709677419354838,-0.04219761433200353,34.9219856262207,-0.026272820879188585,53.7400016784668,-0.03541912760437549,40.849998474121094,-0.039402975964902054,16.09000015258789,-0.03358463097968167,14.100000381469727,3.626,98.93814193548387,1288.5752888888887,115.9398
2022-03-22,39.71702194213867,5393600,0.05271707586332486,0.04993017869815897,0.1235485991125842,-0.1711565556002601,0.2880645161290323,288.2748709677419,3.7,22.94,116.0824,2.38,63.329032258064515,111.03,96.76917266845703,424.3420104980469,0.005451225298974238,0.011701457812834049,89.61290322580645,13.0,14.64516129032258,0.024660746648484055,35.78318786621094,0.014700354971269425,54.529998779296875,0.03304779288238158,42.20000076293945,0.029210646917172234,16.559999465942383,0.0184396644094571,14.359999656677246,3.588,98.93652903225806,1288.9034444444444,116.0824
2022-03-23,39.541770935058594,4301900,0.06298097618303866,0.02006051147068799,0.09283876207137465,-0.16165160311405824,0.292258064516129,288.30348387096774,3.7,23.57,116.005,2.32,63.516129032258064,114.89,95.8416748046875,418.8771667480469,-0.009584641866757004,-0.012878394348902589,89.45161290322581,13.0,14.580645161290322,-0.020551796159374858,35.04777908325195,-0.007518794362558645,54.119998931884766,-0.015876823969893872,41.529998779296875,-0.021135289417704595,16.209999084472656,-0.011142050921826518,14.199999809265137,3.842,98.93491612903226,1289.2316,116.005
2022-03-24,40.510250091552734,4528800,0.0428051402328109,-0.034836041067396795,0.05714948106406692,-0.14093802176915926,0.2964516129032258,288.33209677419353,3.7,21.67,115.9599,2.34,63.70322580645161,114.2,96.57241821289062,425.19146728515625,0.007624484961185063,0.01507434885059622,89.29032258064517,13.0,14.516129032258064,0.028713375089046922,36.05411911010742,0.033628967678193566,55.939998626708984,0.030098724698810697,42.779998779296875,0.03146207635325271,16.719999313354492,0.016901392559285133,14.4399995803833,3.962,98.93330322580645,1289.5597555555555,115.9599
2022-03-25,40.934547424316406,4416300,0.034475049544551606,-0.07075276965832566,0.014420712222617205,-0.16651638199245422,0.3006451612903226,288.3607096774193,3.7,20.81,115.7921,2.48,63.89032258064516,116.2,97.1720199584961,427.2679443359375,0.006208830188798586,0.004883628225278214,89.12903225806451,13.0,14.451612903225806,0.017445088125310093,36.68308639526367,0.026814444705470786,57.439998626708984,0.009350199562709882,43.18000030517578,0.01734455307636984,17.010000228881836,0.008310307667627637,14.5600004196167,3.825,98.93169032258065,1289.887911111111,115.7921
2022-03-28,40.971435546875,4071400,0.033993655366793885,-0.04052217344281639,0.034218600098916196,-0.17492115761624127,0.3132258064516129,288.44654838709675,3.7,19.63,116.1911,2.46,64.45161290322581,107.55,97.20012664794922,430.3070373535156,0.0002892467344521865,0.007112850514216618,88.64516129032258,13.0,14.258064516129032,0.011342465998443574,37.09916305541992,-0.004352367792079814,57.189998626708984,0.015748038452289448,43.86000061035156,0.01704873628903969,17.299999237060547,0.006181263483503674,14.649999618530273,3.481,98.92685161290322,1290.8723777777777,116.1911
2022-03-29,41.810787200927734,6100100,-0.0026473372846929077,-0.055371555557907404,0.03463471882123059,-0.20185289888268243,0.3174193548387097,288.47516129032255,3.7,18.9,115.5679,2.41,64.63870967741936,104.25,98.0995101928711,435.63037109375,0.009252905072638207,0.012371012505335788,88.48387096774194,13.0,14.193548387096774,0.030777589597795307,38.24098587036133,0.020982703125630442,58.38999938964844,0.04126761362074771,45.66999816894531,0.04971102013167972,18.15999984741211,0.025938575039979428,15.029999732971191,4.011,98.92523870967742,1291.2005333333332,115.5679
2022-03-30,42.03215026855469,4687200,-0.04037745328845843,0.010533307873066944,0.02523597637277608,-0.20737314307350674,0.32161290322580643,288.50377419354834,3.7,19.33,115.0818,2.35,64.8258064516129,107.81,97.98709106445312,432.9403991699219,-0.0011459703335617855,-0.006174895283527437,88.3225806451613,13.0,14.129032258064516,-0.004807851051084611,38.05712890625,-0.006507982053217898,58.0099983215332,0.004160333895862678,45.86000061035156,-0.006057302383030483,18.049999237060547,-0.01330670743968132,14.829999923706055,4.0,98.92362580645161,1291.5286888888888,115.0818
2022-03-31,42.24429702758789,5033300,-0.07445416051830533,0.0209606406450229,0.01593891831644112,-0.1980348902740442,0.3258064516129032,288.5323870967742,3.7,20.56,115.2218,2.32,65.01290322580645,100.53,96.4787368774414,426.27691650390625,-0.015393396932454784,-0.015391224008643123,88.16129032258064,13.0,14.064516129032258,0.006102171835105974,38.28936004638672,0.0,58.0099983215332,0.010902747347263153,46.36000061035156,0.011080375146432564,18.25,0.008091698326124774,14.949999809265137,3.835,98.9220129032258,1291.8568444444445,115.2218
2022-04-01,42.345767974853516,6013000,-0.10172098326509282,0.007623400673597791,0.029187377468191444,-0.20474864217887734,0.33,288.561,3.7,19.63,115.4814,2.39,65.2,99.32,95.729248046875,427.48492431640625,-0.007768435355020142,0.0028338569735546493,88.0,13.0,14.0,-0.006570674301103696,38.03777313232422,-0.0010342623742410906,57.95000076293945,-0.012510824491343553,45.779998779296875,-0.0005479577469499342,18.239999771118164,-0.010033419427692092,14.800000190734863,3.625,98.9204,1292.185,115.4814
2022-04-04,42.36420440673828,4092400,-0.07206604065977273,0.030916511623676923,0.046592587003114305,-0.20944904705965195,0.374,288.8347,3.6900000000000004,18.57,115.4112,2.42,64.52,103.29,95.60745239257812,431.1470947265625,-0.00127229302205778,0.008566782597099643,87.4,12.6,13.9,0.0022896543645840595,38.1248664855957,-0.013632457379233909,57.15999984741211,-0.005460900101925237,45.529998779296875,-0.0005482581692610733,18.229999542236328,-0.008108100271120633,14.680000305175781,3.811,98.87635,1293.1233736263737,115.4112
2022-04-05,41.70009994506836,6874500,-0.052864167555007224,0.04689239679599133,0.039593077978537394,-0.18779014385216353,0.38866666666666666,288.9259333333333,3.686666666666667,21.03,115.73,2.54,64.29333333333334,101.98,94.24897766113281,425.7011413574219,-0.014208879093098536,-0.01263131176285559,87.2,12.466666666666667,13.866666666666667,-0.009390942050918505,37.76683807373047,-0.005073493987080124,56.869998931884766,-0.018010097008767878,44.709999084472656,-0.021393274791086214,17.84000015258789,-0.07084468257717613,13.640000343322754,3.629,98.86166666666666,1293.4361648351648,115.73
2022-04-06,40.334999084472656,7428900,0.05305290224368697,0.10633458229560522,0.05465340114765316,-0.16075911105966212,0.4033333333333333,289.01716666666664,3.6833333333333336,22.1,115.9995,2.61,64.06666666666666,96.39,93.51823425292969,421.44439697265625,-0.007753329811496457,-0.00999937273175322,87.0,12.333333333333334,13.833333333333334,-0.036894756245991256,36.37343978881836,-0.03217861879247219,55.040000915527344,-0.03668081912839927,43.06999969482422,-0.025784808738051557,17.3799991607666,-0.08724343871737239,12.449999809265137,3.591,98.84698333333334,1293.748956043956,115.9995
2022-04-07,39.09903335571289,10010200,0.10309030314129064,0.10521351271374413,0.03397027994423585,-0.1311628762826017,0.41800000000000004,289.10839999999996,3.68,21.55,116.3512,2.66,63.84,96.05,93.83677673339844,423.5680236816406,0.003406207174605269,0.005038925002299077,86.8,12.2,13.8,-0.012237024989515066,35.92833709716797,-0.02979650004304013,53.400001525878906,-0.015556029108257152,42.400001525878906,-0.024740990712923683,16.950000762939453,-0.02891563551746712,12.09000015258789,3.367,98.8323,1294.0617472527472,116.3512
2022-04-08,38.03831481933594,7704000,0.1217265258361917,0.12584876762971642,0.08123198117517938,-0.06547018527573945,0.4326666666666667,289.19963333333334,3.6766666666666667,21.16,116.4176,2.72,63.61333333333334,98.35,93.3121109008789,422.4354553222656,-0.00559126017307876,-0.002673875968092987,86.6,12.066666666666666,13.766666666666667,-0.010504015651069287,35.55094528198242,-0.020786527689772294,52.290000915527344,-0.01037741569744266,41.959999084472656,-0.021238973106047943,16.59000015258789,-0.01571551130352522,11.899999618530273,3.406,98.81761666666667,1294.3745384615384,116.4176
2022-04-11,39.31118392944336,5991600,0.11098047576216685,0.05631142595998462,0.009150533939642713,-0.08962939163378925,0.4766666666666667,289.4733333333333,3.666666666666667,24.37,116.5401,2.79,62.93333333333334,94.22,93.01232147216797,415.215087890625,-0.0032127601210242274,-0.017092238212184085,86.0,11.666666666666666,13.666666666666666,0.04001097916865848,36.97337341308594,0.010135757697787628,52.81999969482422,0.010962800155133401,42.41999816894531,0.022905313880140277,16.969999313354492,0.01092437971497806,12.029999732971191,3.343,98.77356666666667,1295.312912087912,116.5401
2022-04-12,39.49565887451172,5368200,0.10532445393126033,0.07286273790149278,-0.011443514543320932,-0.10182179059356455,0.49133333333333334,289.5645666666667,3.6633333333333336,24.26,116.3866,2.72,62.70666666666667,100.52,92.8624267578125,413.6765441894531,-0.0016115576085296013,-0.003705413762751242,85.8,11.533333333333333,13.633333333333333,0.010730217280683796,37.3701057434082,0.011927320555758403,53.45000076293945,0.007307906333620773,42.72999954223633,0.00942839445409982,17.1299991607666,0.01163760153203075,12.170000076293945,3.502,98.75888333333333,1295.6257032967033,116.3866
2022-04-13,42.47488784790039,11063300,0.0505973441015104,0.01845806430927488,-0.06644937279385754,-0.14049933104537715,0.506,289.6558,3.66,21.82,116.2796,2.7,62.480000000000004,104.26,93.73371124267578,418.4146423339844,0.009382529783930948,0.011453630163670292,85.6,11.4,13.6,0.06214386604642197,39.69242858886719,0.052198332566944394,56.2400016784668,0.05640065231056113,45.13999938964844,0.10624645016569878,18.950000762939453,0.043549690192983936,12.699999809265137,3.724,98.7442,1295.9384945054944,116.2796
2022-04-14,43.129764556884766,7226100,0.0019247830992688009,-0.000855370708254144,-0.07656111787779618,-0.14563723348825408,0.5206666666666667,289.7470333333333,3.6566666666666667,22.7,116.7558,2.83,62.25333333333334,106.84,93.63065338134766,413.2046203613281,-0.0010994748843488056,-0.012451815604716643,85.4,11.266666666666667,13.566666666666666,0.03266714924904357,40.98906707763672,0.01546939733143482,57.11000061035156,-0.00022149582783326238,45.130001068115234,0.002638482060556502,19.0,0.006299206685632441,12.779999732971191,3.848,98.72951666666667,1296.2512857142856,116.7558
2022-04-18,42.66858673095703,4808200,0.0036749080088409602,0.0058365817892997995,-0.024859561385581097,-0.10311279593938982,0.5793333333333334,290.11196666666666,3.6433333333333335,22.17,116.8441,2.85,61.346666666666664,108.24,93.30274200439453,413.3746032714844,-0.0035021797361338702,0.00041137707997451756,84.6,10.733333333333333,13.433333333333334,-0.005429482892475579,40.766517639160156,-0.0045526551120950165,56.849998474121094,-0.025703519165915956,43.970001220703125,-0.024210478130139768,18.540000915527344,-0.009389662603004112,12.65999984741211,3.848,98.67078333333333,1297.5024505494505,116.8441
2022-04-19,43.67395782470703,6060900,-0.049207930287593515,-0.0021117375292889484,-0.06589211542872453,-0.12354769459263482,0.594,290.2032,3.64,21.37,117.1324,2.93,61.12,102.54,94.99848175048828,420.0475769042969,0.018174597119706037,0.01614267925509205,84.4,10.6,13.4,0.021599655946111795,41.64706039428711,0.02497804787609592,58.27000045776367,0.04503069109090796,45.95000076293945,0.05663426025945695,19.59000015258789,0.02922589968551348,13.029999732971191,3.799,98.6561,1297.8152417582417,117.1324
2022-04-20,43.655517578125,5877500,-0.02936849529955876,0.015634786760470476,-0.07944228048296265,-0.13606602987478544,0.6086666666666667,290.2944333333333,3.6366666666666667,20.32,116.7306,2.85,60.89333333333333,102.56,95.51374816894531,419.7359924316406,0.005423943719546687,-0.0007417837640025793,84.2,10.466666666666667,13.366666666666667,0.011617008137465579,42.13087463378906,0.007207794159015624,58.689998626708984,0.012404780965399764,46.52000045776367,-0.005615140862417545,19.479999542236328,0.0015349545797045394,13.050000190734863,3.903,98.64141666666667,1298.1280329670328,116.7306
2022-04-21,44.62400436401367,11926000,-0.03059143445648216,-0.02852431394825483,-0.11843734545857099,-0.16825143626022243,0.6233333333333333,290.3856666666667,3.6333333333333333,22.68,117.1432,2.9,60.666666666666664,103.89,94.53941345214844,413.45953369140625,-0.010200989234277258,-0.014953348898847585,84.0,10.333333333333334,13.333333333333334,0.027331426114840962,43.282371520996094,0.0015334836376521555,58.779998779296875,0.09307820235919184,50.849998474121094,0.03798766881455529,20.219999313354492,0.036781573580138005,13.529999732971191,3.865,98.62673333333333,1298.4408241758242,117.1432
2022-04-22,43.2127799987793,6508300,-0.0027748128945598305,-0.015581872517152484,-0.0740660441309392,-0.13297756500259406,0.638,290.4769,3.6300000000000003,28.21,118.0186,2.9,60.44,102.86,92.21598815917969,402.11456298828125,-0.024576260927880234,-0.02743913195527503,83.8,10.2,13.3,-0.02325083944300721,42.27602005004883,-0.03793806717501613,56.54999923706055,0.01199607922627588,51.459999084472656,-0.001978190382642242,20.18000030517578,-0.048780477489867136,12.869999885559082,3.881,98.61205,1298.7536153846154,118.0186
2022-04-25,42.82538986206055,7064300,0.0021537589145745883,-0.05599835530813524,-0.10122782696779797,-0.1471031857977152,0.682,290.7506,3.62,27.02,118.6271,2.81,59.76,99.6,92.21598815917969,404.44580078125,0.0,0.005797446816261376,83.2,9.8,13.2,-0.009613166095265413,41.86961364746094,-0.0019451920749005147,56.439998626708984,-0.003109208127840546,51.29999923706055,-0.009910840431858525,19.979999542236328,0.014763056390607154,13.0600004196167,4.227,98.568,1299.691989010989,118.6271
2022-04-26,41.52485275268555,5280400,0.049533640696593384,-0.009551153916713573,-0.05708561974834203,-0.0944024481762008,0.6966666666666667,290.84183333333334,3.6166666666666667,33.52,118.9624,2.77,59.53333333333333,102.62,90.20172119140625,392.73272705078125,-0.021842925592213902,-0.02896079946396557,83.0,9.666666666666666,13.166666666666666,-0.03166173281238438,40.543949127197266,-0.045712226774160425,53.86000061035156,-0.0475633267640726,48.86000061035156,-0.06056051612587887,18.770000457763672,-0.11408887265841383,11.569999694824219,4.52,98.55331666666667,1300.00478021978,118.9624
2022-04-27,42.37342071533203,6407800,0.04636495090267889,-0.06377862389941324,-0.02046122331615463,-0.16956882546517638,0.7113333333333334,290.93306666666666,3.6133333333333333,31.6,119.4708,2.82,59.306666666666665,101.96,90.53898620605469,393.8370056152344,0.0037390086374600173,0.002811781367816346,82.8,9.533333333333333,13.133333333333333,0.028878416063147228,41.71479415893555,0.007983666919846533,54.290000915527344,0.029062590077914674,50.279998779296875,0.010655239782271675,18.969999313354492,-0.029386357956430076,11.229999542236328,4.789,98.53863333333334,1300.3175714285715,119.4708
2022-04-28,43.25889205932617,8729000,0.0021323522214478086,-0.09744129197211404,-0.023454022593709656,-0.18720660977160697,0.726,291.0243,3.6100000000000003,29.99,120.0675,2.85,59.08,105.47,91.5601806640625,403.78515625,0.01127905779377425,0.025259562948446224,82.6,9.4,13.1,0.02829977056835209,42.89531326293945,0.023024497677665234,55.540000915527344,0.030628499461329506,51.81999969482422,0.024248867078105585,19.43000030517578,0.01602852293081547,11.40999984741211,5.066,98.52395,1300.6303626373626,120.0675
2022-04-29,43.092872619628906,5954200,-0.01284269570022245,-0.07983720322102228,-0.0184074979431752,-0.1800084238197579,0.7406666666666667,291.11553333333336,3.606666666666667,33.4,119.4933,2.89,58.85333333333333,104.59,89.1336898803711,388.8630065917969,-0.026501594536977646,-0.03695566671342476,82.4,9.266666666666667,13.066666666666666,-0.029325687927760802,41.63737869262695,-0.0207058247555304,54.38999938964844,-0.0254727846892685,50.5,-0.033968082194846816,18.770000457763672,-0.03505693460819781,11.010000228881836,4.529,98.50926666666666,1300.9431538461538,119.4933
2022-05-02,42.917625427246094,6499800,-0.058027137757477476,-0.07199661742424712,-0.05114981443653044,-0.19148937683134715,0.7841935483870968,291.4160322580645,3.6,32.34,119.8825,2.99,58.12903225806451,105.18,89.32105255126953,391.2037048339844,0.0021020410032379644,0.006019338951016806,82.45161290322581,9.0,13.0,-0.00836601850904295,41.289039611816406,-0.02445298825670783,53.060001373291016,-0.006138641055267624,50.189998626708984,-0.01118811863078184,18.559999465942383,0.02633968717750701,11.300000190734863,4.466,98.46242903225807,1301.8815274725273,119.8825
2022-05-03,43.581729888916016,5384100,-0.05629623703542386,-0.04529112346077868,-0.056719618363353264,-0.17460308985216144,0.7983870967741936,291.53406451612904,3.6,29.25,119.7043,2.97,57.85806451612903,102.53,89.91130065917969,392.99700927734375,0.006608163373034159,0.004584068149662279,82.90322580645162,9.0,13.0,0.015936086027720453,41.947025299072266,0.0,53.060001373291016,0.023709951663018813,51.380001068115234,0.030711191337595034,19.1299991607666,0.006194663154219571,11.369999885559082,4.203,98.44495806451613,1302.1943186813187,119.7043
2022-05-04,44.33806228637695,4917800,-0.1052630582733809,-0.07988337219177533,-0.08799653995106405,-0.193051819773574,0.8125806451612904,291.6520967741935,3.6,25.42,119.5592,2.93,57.58709677419355,107.84,92.51578521728516,404.9648742675781,0.02896726595000665,0.030452814417700758,83.35483870967742,9.0,13.0,0.011533843493197304,42.43083572387695,0.008292472961195063,53.5,0.010120678220195023,51.900001525878906,0.025614307368697187,19.6200008392334,0.007915580782212661,11.460000038146973,4.326,98.4274870967742,1302.5071098901099,119.5592
2022-05-05,43.35113525390625,4652300,-0.09936176990278278,-0.07297874736893972,-0.054893596052177696,-0.1742553835540256,0.8267741935483871,291.77012903225807,3.6,31.2,120.0068,3.05,57.31612903225806,108.17,90.09866333007812,390.5713195800781,-0.026126588900803327,-0.03554272383137491,83.80645161290323,9.0,13.0,-0.03922425887502001,40.766517639160156,-0.04411216094115067,51.13999938964844,-0.05780346650864954,48.900001525878906,-0.0550458653164998,18.540000915527344,-0.043630017306775515,10.960000038146973,4.18,98.41001612903226,1302.819901098901,120.0068
2022-05-06,42.53944396972656,4112500,-0.06786609107686348,-0.07523813025379633,-0.026886075903962303,-0.1526449451461961,0.8409677419354838,291.88816129032256,3.6,30.19,119.8577,3.12,57.04516129032258,109.72,89.48969268798828,388.2400817871094,-0.006758930927297624,-0.005968788992174789,84.25806451612904,9.0,13.0,-0.02682203614250167,39.67307662963867,-0.017989796244141876,50.220001220703125,-0.028220879857946635,47.52000045776367,-0.03775624209129347,17.84000015258789,-0.031021911624498077,10.619999885559082,4.155,98.39254516129033,1303.1326923076922,119.8577
2022-05-09,40.42723846435547,6505500,-0.014830023482325205,-0.010266794165331938,-0.010495049990762229,-0.1252565872895003,0.8835483870967742,292.24225806451614,3.6,34.75,120.4972,3.05,56.23225806451613,103.08,87.3255386352539,375.8096923828125,-0.0241832772884788,-0.03201727484467476,85.61290322580645,9.0,13.0,-0.06707308102771337,37.012081146240234,-0.05874155100026801,47.27000045776367,-0.08859425597469328,43.310001373291016,-0.08520181865262921,16.31999969482422,-0.06967982853977284,9.880000114440918,3.961,98.34013225806451,1304.071065934066,120.4972
2022-05-10,41.12824249267578,6243700,0.011661618832665699,-0.06414020209762594,-0.05718765866266373,-0.1190850419820133,0.8977419354838709,292.3602903225806,3.6,32.99,120.7742,2.99,55.961290322580645,99.74,86.7540283203125,376.67791748046875,-0.006544595359766703,0.002310278620413664,86.06451612903226,9.0,13.0,0.011242056811160417,37.42817306518555,0.004231029426753574,47.470001220703125,0.018702321240129827,44.119998931884766,0.01531862773743109,16.56999969482422,0.016194316352106997,10.039999961853027,4.123,98.32266129032259,1304.383857142857,120.7742
2022-05-11,39.670902252197266,5743400,0.028365528344709956,-0.01302015897127251,-0.0667285671440202,-0.09393182684264578,0.9119354838709678,292.47832258064517,3.6,32.56,120.3925,2.91,55.69032258064516,105.5,85.9670639038086,370.6940612792969,-0.009071214694472585,-0.01588586939525638,86.51612903225806,9.0,13.0,-0.020424048299706565,36.66373825073242,-0.03496945027859266,45.810001373291016,-0.021305499761235525,43.18000030517578,-0.03620998423933741,15.970000267028809,-0.04382465956723891,9.600000381469727,4.094,98.30519032258064,1304.6966483516483,120.3925
2022-05-12,39.0436897277832,6552900,0.02929369601709575,0.06307597926306108,-0.11126852198065296,-0.0678005199574131,0.9261290322580645,292.59635483870966,3.6,31.77,121.2796,2.84,55.41935483870968,106.15,86.1263427734375,370.3070373535156,0.0018527894567521574,-0.0010440521341118503,86.96774193548387,9.0,13.0,-0.03219865117484544,35.48321533203125,-0.02619516976568137,44.61000061035156,-0.03890690813576503,41.5,-0.030056386216952058,15.489999771118164,-0.0020833809342630794,9.579999923706055,4.009,98.28771935483871,1305.0094395604394,121.2796
2022-05-13,39.65245819091797,5144500,-0.007908776953999608,0.0653638880139733,-0.13421716586237498,-0.07792524888274299,0.9403225806451613,292.7143870967742,3.6,28.87,120.8442,2.93,55.148387096774194,110.52,87.22247314453125,379.1602478027344,0.012727004721159618,0.023907756418809267,87.41935483870968,9.0,13.0,0.04526876342763564,37.08949661254883,0.03452142780670564,46.150001525878906,0.04265061344008858,43.27000045776367,0.07036799023201068,16.579999923706055,0.05010443629784023,10.0600004196167,4.021,98.27024838709677,1305.3222307692306,120.8442
2022-05-16,39.827701568603516,4578200,0.004631920811394519,0.06206582327268184,-0.13779523825897633,-0.0766558949285735,0.9829032258064516,293.0684838709677,3.6,27.47,120.6881,2.88,54.33548387096774,114.07,87.10066986083984,377.6217346191406,-0.0013964667510582007,-0.00405768587954447,88.7741935483871,9.0,13.0,-0.004174522351559795,36.93466567993164,-0.011917725537872292,45.599998474121094,0.006239899581864439,43.540000915527344,-0.0018094503488274016,16.549999237060547,-0.06063624104449139,9.449999809265137,3.827,98.21783548387097,1306.2606043956043,120.6881
2022-05-17,41.60786437988281,4051100,-0.07492803870305742,-0.02128125397671199,-0.22456197032946523,-0.13677688935764942,0.9970967741935484,293.18651612903227,3.6,26.1,119.8871,2.98,54.064516129032256,112.31,89.07746887207031,385.3896789550781,0.02269556611204937,0.020570702435261268,89.2258064516129,9.0,13.0,0.06680660729931143,39.40214538574219,0.05307022071537948,48.02000045776367,0.07877814040083231,46.970001220703125,0.07673719131779477,17.81999969482422,0.08148153156667104,10.220000267028809,3.645,98.20036451612903,1306.5733956043955,119.8871
2022-05-18,40.79618835449219,4581200,-0.04024414099391127,0.0076870526428785,-0.19443823147576378,-0.11869782119292238,1.011290322580645,293.30454838709676,3.6,30.96,120.0274,2.89,53.79354838709677,109.67,85.76094818115234,369.85400390625,-0.037231869438062115,-0.04031160121088506,89.6774193548387,9.0,13.0,-0.03462685191531911,38.03777313232422,-0.02998747632198684,46.58000183105469,-0.049819035379468524,44.630001068115234,-0.05218857020777046,16.889999389648438,-0.029354225332332673,9.920000076293945,3.472,98.1828935483871,1306.8861868131867,120.0274
2022-05-19,40.18742370605469,4295200,0.0328208395491858,0.006197026035008157,-0.18935039865619885,-0.13059431458813242,1.0254838709677419,293.4225806451613,3.6,29.35,119.4278,2.84,53.52258064516129,112.21,84.99272918701172,367.58880615234375,-0.00895767841229922,-0.006124572750280222,90.12903225806451,9.0,13.0,-0.0017805971373654472,37.97004318237305,0.0038642439545486518,46.7599983215332,-0.0094107545057317,44.209999084472656,-0.008288892522651081,16.75,0.03326612108548899,10.25,3.564,98.16542258064516,1307.1989780219778,119.4278
2022-05-20,39.3388557434082,4517800,0.07385678178162403,0.0415004395174956,-0.16318884609808826,-0.12145393260279203,1.0396774193548388,293.5406129032258,3.6,29.43,119.3677,2.78,53.251612903225805,112.63,84.0745849609375,367.749267578125,-0.010802620822470632,0.00043652424419793334,90.58064516129032,9.0,13.0,-0.015290719887912085,37.38945388793945,-0.014114625130518421,46.099998474121094,-0.01492874600949523,43.54999923706055,-0.029253717678696334,16.260000228881836,-0.005853699474799967,10.1899995803833,3.504,98.14795161290323,1307.5117692307692,119.3677
2022-05-23,40.01218032836914,3287500,0.057169099718532346,0.03457809373347365,-0.1715077758475989,-0.13623809735823966,1.082258064516129,293.89470967741937,3.6,28.48,118.7169,2.86,52.438709677419354,110.32,85.45178985595703,374.6298522949219,0.016380751634508917,0.018709988906599584,91.93548387096774,9.0,13.0,0.022774656858429054,38.24098587036133,0.007809124127274192,46.459999084472656,0.02778413560666526,44.7599983215332,0.030135286852444265,16.75,0.003925413493640395,10.229999542236328,3.517,98.09553870967741,1308.4501428571427,118.7169
2022-05-24,38.49026870727539,3898700,0.05799201248207009,0.03930042369702336,-0.09585417948258235,-0.09417667584110312,1.0964516129032258,294.01274193548386,3.6,29.45,118.6245,2.76,52.16774193548387,112.55,85.40494537353516,371.76995849609375,-0.0005481977908343705,-0.007633918603413115,92.38709677419355,9.0,13.0,-0.05819856962515879,36.01541519165039,-0.04842875687339332,44.209999084472656,-0.07126896216111644,41.56999969482422,-0.07462686567164178,15.5,-0.039100648722300124,9.829999923706055,3.636,98.07806774193548,1308.762934065934,118.6245
2022-05-25,39.154380798339844,3903700,0.049941027384221126,-0.009658336845579818,-0.12862177889000537,-0.09187276879792317,1.1106451612903225,294.1307741935484,3.6,28.37,118.9598,2.75,51.89677419354839,112.88,85.9014892578125,375.0545654296875,0.005813994518767185,0.008835052049070535,92.83870967741936,9.0,13.0,0.03707675645903996,37.35074996948242,0.02148836875396154,45.15999984741211,0.03632432396718244,43.08000183105469,0.04064510714623237,16.1299991607666,0.04374367329737128,10.260000228881836,3.741,98.06059677419354,1309.075725274725,118.9598
2022-05-26,41.50640869140625,5327400,-0.02577776560530909,-0.1079999220635226,-0.18555554003361563,-0.16600010146447053,1.1248387096774193,294.2488064516129,3.6,27.5,118.7687,2.75,51.6258064516129,116.19,87.6440658569336,382.5486755371094,0.020285755394661154,0.01998138617199907,93.29032258064517,9.0,13.0,0.05777204705209482,39.50857925415039,0.04362270211159047,47.130001068115234,0.06940570419414782,46.06999969482422,0.0688159124677108,17.239999771118164,0.03411300389742333,10.609999656677246,3.823,98.04312580645161,1309.3885164835165,118.7687
2022-05-27,42.24429702758789,3279900,-0.03013096607766108,-0.17860259205068696,-0.21004346271733954,-0.18275110485386203,1.139032258064516,294.36683870967744,3.6,25.72,118.2834,2.74,51.354838709677416,114.96,89.4428482055664,391.93988037109375,0.020523720927884348,0.024549045479764997,93.74193548387096,9.0,13.0,0.03428851599657312,40.8632698059082,0.02758326347546025,48.43000030517578,0.05079227627715355,48.40999984741211,0.05162409521254374,18.1299991607666,0.021677710023854546,10.84000015258789,3.852,98.02565483870967,1309.7013076923076,118.2834
2022-05-31,42.29964065551758,5234000,-0.02136934005266855,-0.1883993078655487,-0.2123854803272226,-0.18883543156992721,1.1958064516129032,294.8389677419355,3.6,26.19,118.0704,2.85,50.270967741935486,114.38,88.72145080566406,389.7406921386719,-0.008065456482829747,-0.005611034606480048,95.54838709677419,9.0,13.0,-0.012787081776326703,40.34074783325195,-0.0035102618742789415,48.2599983215332,-0.016112348311411395,47.630001068115234,-0.014340779568034479,17.8700008392334,-0.009225127312000314,10.739999771118164,3.815,97.95577096774193,1310.9524725274725,118.0704
2022-06-01,40.72239685058594,4725000,-0.01766704149419418,-0.1567383897454383,-0.16806340193264124,-0.16874292514603095,1.21,294.957,3.6,25.69,118.6954,2.94,50.0,115.26,88.1780776977539,386.5883483886719,-0.006124484022475785,-0.008088310544895227,96.0,9.0,13.0,-0.051571027561480576,38.26033401489258,-0.03501862174651016,46.56999969482422,-0.04492965235478463,45.4900016784668,-0.032456625431861785,17.290000915527344,-0.04655493581523085,10.239999771118164,3.933,97.9383,1311.2652637362637,118.6954
2022-06-02,41.10979080200195,4494400,-0.056764487409625475,-0.21516700172641212,-0.18083919127264092,-0.1781468048848046,1.2256666666666667,294.95553333333334,3.5966666666666667,24.72,118.0658,2.92,50.05,116.88,89.86443328857422,393.9502868652344,0.01912443131954622,0.01904335323929862,95.8,9.0,12.966666666666667,0.011380680033145518,38.695762634277344,0.017607895645216365,47.38999938964844,0.006155171883174937,45.77000045776367,0.009832166567015355,17.459999084472656,0.028320309407718014,10.529999732971191,4.052,97.94107,1311.5780549450549,118.0658
2022-06-03,40.436466217041016,3647500,-0.08439774166035152,-0.18727196725111284,-0.17176090550186096,-0.16195267305442163,1.2413333333333334,294.9540666666667,3.5933333333333333,24.79,118.2153,2.96,50.1,118.97,89.51780700683594,387.4849548339844,-0.0038572132383586366,-0.016411542894653852,95.6,9.0,12.933333333333334,-0.036258872606902526,37.29269790649414,0.031441268150602,48.880001068115234,-0.029276821917981755,44.43000030517578,-0.07101946369635881,16.219999313354492,-0.005697955124776888,10.470000267028809,4.104,97.94384,1311.890846153846,118.2153
2022-06-06,40.971435546875,3354700,-0.15308420083542384,-0.20486264219188532,-0.1733452410037004,-0.1728951653269296,1.2883333333333333,294.94966666666664,3.5833333333333335,25.07,118.3081,3.04,50.25,118.41,89.89253997802734,388.66485595703125,0.004186127695943176,0.003045024350822656,95.0,9.0,12.833333333333334,0.01193538458296639,37.73780059814453,-0.0006138010093806878,48.849998474121094,0.007427369212036128,44.7599983215332,0.00493217799585155,16.299999237060547,0.02101235030979831,10.6899995803833,4.152,97.95215,1312.8292197802198,118.3081
2022-06-07,41.39572525024414,2707500,-0.17067722752715464,-0.20476829264808893,-0.18226386221217605,-0.15797675208754136,1.304,294.9482,3.58,24.02,118.4414,2.98,50.3,119.55,91.1010971069336,392.3929138183594,0.013444465238179548,0.009591960281946088,94.8,9.0,12.8,0.01897482779792603,38.4538688659668,0.009826066979057968,49.33000183105469,0.03775698178686526,46.45000076293945,0.023926461058374926,16.690000534057617,-0.0009353859307785761,10.680000305175781,4.086,97.95492,1313.142010989011,118.4414
2022-06-08,40.002952575683594,4160200,-0.14157251576164254,-0.17131666192089778,-0.15079539149923127,-0.1316578957356167,1.3196666666666665,294.9467333333333,3.5766666666666667,23.96,118.3951,3.03,50.35,121.94,89.45222473144531,388.1268005371094,-0.018099369029034307,-0.01087204465477376,94.6,9.0,12.766666666666667,-0.038248784702192395,36.983055114746094,-0.02473142459798361,48.11000061035156,-0.03982782041834543,44.599998474121094,-0.03235475723475367,16.149999618530273,-0.042134901692968296,10.229999542236328,4.08,97.95769,1313.454802197802,118.3951
2022-06-09,38.776214599609375,4665400,-0.16793527406720665,-0.10252158593567384,-0.08325400847933173,-0.08729800199745164,1.3353333333333333,294.94526666666667,3.5733333333333333,26.09,118.9226,3.04,50.4,121.52,87.69091033935547,378.8959655761719,-0.019690000974013633,-0.023783039326744304,94.4,9.0,12.733333333333333,-0.038461514658346685,35.560630798339844,-0.04240284534705263,46.06999969482422,-0.04260084699967204,42.70000076293945,-0.042105223997729646,15.470000267028809,-0.03519058385007012,9.869999885559082,4.213,97.96046,1313.7675934065933,118.9226
2022-06-10,37.023719787597656,8413000,-0.11235689367707902,-0.0784752346751022,-0.03338328415526548,-0.034130691874522,1.351,294.9438,3.5700000000000003,27.75,119.9981,3.15,50.45,120.73,85.10515594482422,367.90966796875,-0.029487142789653142,-0.028995551828363886,94.2,9.0,12.7,-0.04435397273934383,33.983375549316406,-0.04493161946030522,44.0,-0.036065594567013526,41.15999984741211,-0.04912735719220529,14.710000038146973,-0.033434643113712914,9.539999961853027,4.172,97.96323,1314.0803846153844,119.9981
2022-06-13,34.69935607910156,7051500,-0.06113764958398138,-0.025784094242140787,0.0223284860493822,-0.0034553883214009096,1.398,294.9394,3.56,34.02,121.1523,3.43,50.6,120.92,82.5474853515625,353.94085693359375,-0.030053062765314942,-0.037968045559332086,93.6,9.0,12.6,-0.08285865761587363,31.167558670043945,-0.06977272033691406,40.93000030517578,-0.10058307592313398,37.02000045776367,-0.09449356490265881,13.319999694824219,-0.11425578165056638,8.449999809265137,4.079,97.97154,1315.0187582417582,121.1523
2022-06-14,34.33041763305664,8193900,-0.0411071132404609,-0.02794195641475261,0.06340665322668015,0.021762288692732668,1.4136666666666666,294.9379333333333,3.5566666666666666,32.69,121.6669,3.49,50.65,118.92,82.34138488769531,352.8742370605469,-0.002496750361194233,-0.0030135539657322186,93.4,9.0,12.566666666666666,-0.02576841970244137,30.36441993713379,-0.008062590486053733,40.599998474121094,-0.0008103397873022722,36.9900016784668,-0.027777769822536436,12.949999809265137,0.004733723403066659,8.489999771118164,4.201,97.97431,1315.3315494505493,121.6669
2022-06-15,34.33963394165039,7937600,-0.03464957344142572,-0.029814609735313358,0.07305934094792343,-0.00886365577866699,1.4293333333333333,294.93646666666666,3.5533333333333332,29.62,121.6403,3.33,50.7,115.32,83.13772583007812,357.90496826171875,0.009671211426294679,0.014256442303858696,93.2,9.0,12.533333333333333,0.018483198899275743,30.92565155029297,0.014285759922488372,41.18000030517578,0.024330837262588112,37.88999938964844,0.027799275340065988,13.3100004196167,0.0164900291044785,8.630000114440918,4.319,97.97708,1315.6443406593405,121.6403
2022-06-16,32.264320373535156,8811600,0.07861610532546037,0.05002838766795259,0.18610616964167703,-0.007147284112435481,1.4449999999999998,294.935,3.5500000000000003,32.95,120.6714,3.28,50.75,117.56,80.36459350585938,346.0596618652344,-0.0333558838244703,-0.03309623348905977,93.0,9.0,12.5,-0.07446816777752097,28.6226749420166,-0.06070908162877753,38.68000030517578,-0.08207972183819079,34.779998779296875,-0.08640124237033697,12.15999984741211,-0.06025497692561266,8.109999656677246,4.401,97.97985,1315.9571318681317,120.6714
2022-06-17,32.86384963989258,8812300,0.03817036234566418,0.02469825808546222,0.16474915267576162,0.00701666534920653,1.4606666666666666,294.93353333333334,3.546666666666667,31.13,121.2369,3.25,50.8,109.56,80.15848541259766,346.80572509765625,-0.0025646629226923068,0.0021558803716117403,92.8,9.0,12.466666666666667,0.022988533321338656,29.280668258666992,0.04498443252433737,40.41999816894531,0.043128236131304565,36.279998779296875,0.06414471568740931,12.9399995803833,0.05302100164970369,8.539999961853027,4.21,97.98262,1316.269923076923,121.2369
2022-06-21,32.577919006347656,8449800,0.037655738699261976,0.028029511577490895,0.15770085289339497,-0.006511980062074207,1.5233333333333332,294.92766666666665,3.533333333333333,30.19,120.6427,3.31,51.0,110.49,81.62077331542969,355.5361022949219,0.01824245923940837,0.025173682455234214,92.0,9.0,12.333333333333334,-0.006939711375491986,29.077468872070312,0.0022266243608353165,40.5099983215332,0.006063980929036594,36.5,0.007728005000968041,13.039999961853027,-0.016393482897905765,8.399999618530273,4.21,97.9937,1317.5210879120878,120.6427
2022-06-22,32.919193267822266,6702000,0.013729538520405926,0.02885972636640366,0.12748666822178478,-0.04398997215272282,1.539,294.9262,3.5300000000000002,28.95,120.5197,3.16,51.05,106.22,81.16911315917969,354.8914794921875,-0.005533642207781186,-0.0018131008315989128,91.8,9.0,12.3,-0.0016639588879425737,29.029085159301758,-0.003455921882228763,40.369998931884766,0.0060274307041952024,36.720001220703125,0.004601259186520101,13.100000381469727,-0.00952380087370197,8.319999694824219,4.192,97.99647,1317.833879120879,120.5197
2022-06-23,33.1497802734375,6503300,0.005008506313452177,0.021146451283864165,0.1302171365392193,-0.08180278379234285,1.5546666666666666,294.92473333333334,3.526666666666667,29.05,120.7622,3.09,51.1,105.75,80.75505065917969,358.370361328125,-0.0051012322777013175,0.009802663735166028,91.6,9.0,12.266666666666667,-0.014666678843946013,28.60332489013672,-0.011642244697575355,39.900001525878906,-0.024782130096963173,35.810001373291016,-0.00916036914038132,12.979999542236328,-0.020432702227104693,8.149999618530273,4.066,97.99924,1318.1466703296703,120.7622
2022-06-24,34.80081558227539,6657700,-0.026504070833321958,-0.023853576057854875,0.04956271768887377,-0.15054328017911123,1.5703333333333334,294.9232666666667,3.5233333333333334,27.23,120.4853,3.13,51.15,109.07,83.57801818847656,369.76434326171875,0.03495716374708224,0.03179387349826457,91.4,9.0,12.233333333333333,0.055480255901757536,30.190244674682617,0.05062648034627881,41.91999816894531,0.07539784542583083,38.5099983215332,0.07087828264556606,13.899999618530273,0.05766874711996195,8.619999885559082,4.253,98.00201,1318.4594615384615,120.4853
2022-06-27,34.1182746887207,4198200,-0.01297677601753422,0.041903191906976556,0.10218952557726202,-0.15193320006560895,1.6173333333333333,294.9188666666667,3.513333333333333,26.95,120.1736,3.2,51.3,111.44,83.3803939819336,368.3519287109375,-0.0023645476505234075,-0.003819769473503709,90.8,9.0,12.133333333333333,-0.02435883690709273,29.454845428466797,-0.025047692817849243,40.869998931884766,-0.034017076491568043,37.20000076293945,-0.024460374693846543,13.5600004196167,0.016241339348193495,8.760000228881836,4.133,98.01032,1319.397835164835,120.1736
2022-06-28,33.804664611816406,5945600,-0.009276898650257492,0.05866296383646907,0.040927633442379596,-0.1405185692571056,1.633,294.9174,3.5100000000000002,28.36,120.62,3.2,51.35,113.66,82.41120147705078,360.8254699707031,-0.011623745806392027,-0.020432793080719103,90.6,9.0,12.1,-0.003613717751846157,29.348403930664062,-0.0022021080239783553,40.779998779296875,-0.00618278326664623,36.970001220703125,-0.0044248095693196765,13.5,-0.0034247358289551943,8.729999542236328,4.04,98.01309,1319.7106263736262,120.62
2022-06-29,33.371158599853516,4330200,0.014925270766087406,0.06301793691370494,0.053620641585340856,-0.10364853923429096,1.6486666666666665,294.9159333333333,3.506666666666667,28.16,120.9616,3.1,51.4,111.65,81.9312973022461,360.5316467285156,-0.005823288172037255,-0.0008143084860704475,90.4,9.0,12.066666666666666,-0.022749830116508662,28.68073272705078,-0.007356528838663223,40.47999954223633,-0.03489318022540244,35.68000030517578,-0.03481483459472656,13.029999732971191,0.026345991749241904,8.960000038146973,3.872,98.01586,1320.0234175824176,120.9616
2022-06-30,33.31581115722656,6157000,0.01605752077622591,0.09579185530724077,0.06063131330479976,-0.12403109163065607,1.6643333333333332,294.91446666666667,3.5033333333333334,28.71,120.9652,2.98,51.45,107.76,82.18536376953125,357.6026306152344,0.0031009696617874116,-0.008124158142175042,90.2,9.0,12.033333333333333,-0.022604562995562127,28.03241729736328,-0.010622537303319968,40.04999923706055,-0.007287055325298053,35.41999816894531,-0.02686104642886289,12.680000305175781,-0.0658482310352656,8.369999885559082,3.753,98.01863,1320.3362087912087,120.9652
2022-07-01,33.87845230102539,4375600,0.0027226562495601403,0.08766671624798605,0.024230852424487193,-0.16035944242071842,1.68,294.913,3.5,26.7,121.5058,2.88,51.5,110.3,82.90050506591797,361.38470458984375,0.008701565139897172,0.010576191702232451,90.0,9.0,12.0,0.018985225616551915,28.564619064331055,0.02796501755856129,41.16999816894531,0.028797304079421604,36.439998626708984,0.0354889430942249,13.130000114440918,0.019115872114665144,8.529999732971191,3.779,98.0214,1320.649,121.5058
2022-07-05,33.67552947998047,6514100,0.055601496085451396,0.13640112108989766,0.06820073046197717,-0.1448917617201403,1.7638709677419355,294.9367419354839,3.5129032258064514,27.54,122.6203,2.82,52.36451612903226,101.55,81.6584243774414,362.0672302246094,-0.014982787951520082,0.0018886400727453623,89.2258064516129,8.870967741935484,11.870967741935484,0.010162534445746774,28.854907989501953,0.008987193661357251,41.540000915527344,0.014544528374533794,36.970001220703125,0.057121096227190415,13.880000114440918,0.00468932744492534,8.569999694824219,3.411,98.01888387096774,1321.8197391304348,122.6203
2022-07-06,33.49106216430664,5000400,0.06857603541712765,0.14293601182119997,0.06830050660169995,-0.08592683326041706,1.7848387096774194,294.9426774193548,3.5161290322580645,26.73,123.0073,2.93,52.58064516129032,100.31,82.12890625,363.2900390625,0.005761584014699173,0.003377297738688112,89.03225806451613,8.838709677419354,11.838709677419354,-0.009724964143317805,28.574295043945312,-0.011314424899962927,41.06999969482422,-0.008385214039901556,36.65999984741211,0.0007204775792062357,13.890000343322754,-0.030338306238744006,8.3100004196167,3.246,98.01825483870968,1322.1124239130434,123.0073
2022-07-07,33.869232177734375,4127200,0.047385425836639294,0.11356184342244324,0.056916978952575414,-0.10157940156438794,1.805806451612903,294.9486129032258,3.5193548387096776,26.08,122.7257,3.01,52.79677419354839,104.62,83.09810638427734,368.73114013671875,0.011800962395957182,0.014977292216048488,88.83870967741936,8.806451612903226,11.806451612903226,0.01286822916249486,28.94199562072754,-0.002434830164697921,40.970001220703125,0.0008182973110131275,36.689998626708984,0.015118792869427411,14.100000381469727,0.010830227962578709,8.399999618530273,3.5,98.01762580645162,1322.405108695652,122.7257
2022-07-08,33.85078048706055,3820000,0.07847423290573263,0.0964577774587354,0.06485027404897048,-0.11335142558767808,1.826774193548387,294.9545483870968,3.52258064516129,24.64,122.4662,3.09,53.012903225806454,106.78,82.72171783447266,368.42779541015625,-0.004529447976396983,-0.0008226718428230306,88.64516129032258,8.774193548387096,11.774193548387096,-0.006352337866609603,28.758146286010742,-0.0019526929136204352,40.88999938964844,-0.005996113770517009,36.470001220703125,-0.009219866022965872,13.970000267028809,-0.02261899869187667,8.210000038146973,3.524,98.01699677419354,1322.6977934782608,122.4662
2022-07-11,33.9706916809082,5360700,0.0847134144910402,0.10290511860861717,0.040999131632224906,-0.1346728034467003,1.8896774193548387,294.9723548387097,3.532258064516129,26.17,123.2974,2.99,53.66129032258065,106.09,82.16654205322266,364.218994140625,-0.006711366685601461,-0.011423680085933086,88.06451612903226,8.67741935483871,11.67741935483871,-0.014468463744543136,28.342060089111328,-0.013450702990222663,40.34000015258789,-0.03016183855222676,35.369998931884766,-0.03865425565721026,13.430000305175781,-0.02070646473861837,8.039999961853027,3.607,98.01510967741936,1323.5758478260868,123.2974
2022-07-12,35.54793930053711,8130800,0.07654368178150572,0.027503683730279782,0.01920068284356624,-0.17851602142320822,1.9106451612903226,294.9782903225806,3.535483870967742,27.29,123.4524,2.96,53.87741935483871,97.69,81.91246795654297,360.9961242675781,-0.0030921843652019776,-0.008848714440748084,87.87096774193549,8.64516129032258,11.64516129032258,0.06145455920769893,30.08380889892578,0.03619234206619093,41.79999923706055,0.08085950513765439,38.22999954223633,0.09977662860301417,14.770000457763672,0.02985071794239791,8.279999732971191,3.518,98.0144806451613,1323.8685326086957,123.4524
2022-07-13,35.78774642944336,10121900,0.06958791320361701,0.05077320436520938,0.004381262229464777,-0.19046403134324497,1.9316129032258065,294.9842258064516,3.5387096774193547,26.82,123.2834,2.91,54.093548387096774,98.44,80.9150390625,359.10028076171875,-0.01217676525839917,-0.005251700443338114,87.6774193548387,8.612903225806452,11.612903225806452,-0.04470885549478909,28.73879623413086,-0.012918682425442918,41.2599983215332,-0.008370381863873289,37.90999984741211,-0.031144212856484943,14.3100004196167,-0.019323653692280396,8.119999885559082,3.582,98.01385161290322,1324.1612173913043,123.2834
2022-07-14,35.47414016723633,5987800,0.06318248846449515,-0.008060255504346414,0.026001112122772785,-0.17862711228859107,1.9525806451612904,294.9901612903226,3.541935483870968,26.4,124.0622,2.96,54.30967741935484,97.79,80.45394134521484,358.2282409667969,-0.005698541613864849,-0.0024284018744628044,87.48387096774194,8.580645161290322,11.580645161290322,0.0023568754966847294,28.806529998779297,-0.011391115490195558,40.790000915527344,-0.0015827320900163588,37.849998474121094,-0.004192901317769948,14.25,-0.02586207402791285,7.909999847412109,3.538,98.01322258064516,1324.4539021739129,124.0622
2022-07-15,36.50719451904297,5121500,0.016674987685658227,-0.03688733145234413,0.0015157559835581313,-0.18064679709036713,1.9735483870967743,294.9960967741935,3.545161290322581,24.23,123.4765,2.93,54.5258064516129,99.59,81.71488189697266,365.07220458984375,0.01567282510557577,0.019105036511292806,87.29032258064517,8.548387096774194,11.548387096774194,0.010749048627556546,29.116172790527344,0.01274823353989496,41.310001373291016,0.024570682765328034,38.779998779296875,0.015438615230091823,14.470000267028809,0.024020295540180037,8.100000381469727,3.542,98.0125935483871,1324.7465869565217,123.4765
2022-07-18,36.84846496582031,5433800,0.01677097736097677,-0.04105116524445518,-0.0020025665648405466,-0.17997502796180875,2.036451612903226,295.0139032258065,3.554838709677419,25.3,122.7727,2.96,55.174193548387095,104.48,81.22555541992188,362.0578308105469,-0.005988217393102624,-0.00825692490800145,86.70967741935483,8.451612903225806,11.451612903225806,0.03489524580649128,30.13218879699707,0.005325524054523578,41.529998779296875,0.014440469079900486,39.34000015258789,0.0048375738446750916,14.539999961853027,0.014814799988603022,8.220000267028809,3.465,98.0107064516129,1325.6246413043477,122.7727
2022-07-19,38.2689094543457,5068900,-0.04555318923062435,-0.0932755447212984,-0.061460840423586016,-0.21137628570275113,2.05741935483871,295.0198387096774,3.5580645161290323,24.5,122.4819,3.01,55.39032258064516,106.12,84.123779296875,371.84033203125,0.03568118262743569,0.027019167625246032,86.51612903225806,8.419354838709678,11.419354838709678,0.0468850220709085,31.544937133789062,0.03033956593465148,42.790000915527344,0.0541433924721304,41.470001220703125,0.042640982612496936,15.15999984741211,0.05596107338245182,8.680000305175781,3.445,98.01007741935484,1325.9173260869563,122.4819
2022-07-20,38.278141021728516,5162000,-0.017590614671452176,-0.06024106111136851,-0.060723203265571346,-0.19734971301180892,2.0783870967741938,295.0257741935484,3.5612903225806454,23.88,122.5997,3.04,55.60645161290323,104.45,84.7730484008789,374.2101135253906,0.007718021104503814,0.0063731157972972685,86.3225806451613,8.387096774193548,11.387096774193548,0.0076687116564417845,31.786846160888672,0.014255681170836532,43.400001525878906,0.005063879389707315,41.68000030517578,0.0032981656489528,15.210000038146973,0.021889351809124546,8.869999885559082,3.404,98.00944838709678,1326.2100108695652,122.5997
2022-07-21,37.715484619140625,7632700,-0.06700895165394816,-0.05135731283696143,-0.0736119393685859,-0.19002197658150877,2.0993548387096777,295.03170967741937,3.564516129032258,23.11,122.9032,2.91,55.822580645161295,98.44,85.38468933105469,378.0207824707031,0.0072150399415085165,0.010183233449819529,86.12903225806451,8.35483870967742,11.35483870967742,-0.027092798267458806,30.92565155029297,-0.004838776308445536,43.189998626708984,-0.1017274867423712,37.439998626708984,-0.07429323547711086,14.079999923706055,-0.029312314795531424,8.609999656677246,3.379,98.0088193548387,1326.5026956521738,122.9032
2022-07-22,37.11595153808594,5456900,-0.05268381713602566,-0.03553687648282722,-0.06883710164851542,-0.18464203095586262,2.1203225806451615,295.0376451612903,3.567741935483871,23.03,122.451,2.77,56.038709677419355,97.71,85.11180877685547,374.513427734375,-0.0031958956147418727,-0.00927820611714636,85.93548387096774,8.32258064516129,11.32258064516129,-0.019086282995356862,30.33539581298828,-0.010187511940250138,42.75,-0.029647351398737642,36.33000183105469,-0.028409063970007975,13.680000305175781,-0.027874538988168163,8.369999885559082,3.334,98.00819032258065,1326.7953804347826,122.451
2022-07-25,37.46644973754883,4511000,-0.05686840389121739,-0.037912235322027255,-0.07754811968105013,-0.1851304852923733,2.183225806451613,295.0554516129032,3.57741935483871,23.36,122.4594,2.81,56.68709677419355,99.83,85.51643371582031,374.968505859375,0.004754039947919342,0.0012151183143231936,85.35483870967742,8.225806451612904,11.225806451612904,0.0019137370316446578,30.393449783325195,0.02315793399922339,43.7400016784668,0.0002752083960715357,36.34000015258789,0.005116936642006742,13.75,0.008363165565269615,8.4399995803833,3.343,98.00630322580646,1327.6734347826086,122.4594
2022-07-26,36.525638580322266,5087000,-0.05000001566583401,-0.03181814431512475,-0.04545452171843334,-0.14848479531595737,2.2041935483870967,295.0613870967742,3.5806451612903225,24.69,122.7581,2.81,56.903225806451616,97.74,85.05535125732422,370.53216552734375,-0.005391740960904889,-0.01183123452425372,85.16129032258064,8.193548387096774,11.193548387096774,-0.024514461038118718,29.64837074279785,-0.03063557615836976,42.400001525878906,-0.027517886510762368,35.34000015258789,-0.023272705078124956,13.430000305175781,-0.03909951897071873,8.109999656677246,3.436,98.00567419354839,1327.9661195652172,122.7581
2022-07-27,37.60480499267578,6018900,-0.043414127630359234,-0.036546419643829875,-0.05445170023475654,-0.1508462676637985,2.2251612903225806,295.06732258064517,3.5838709677419356,23.24,122.8169,2.78,57.11935483870968,100.03,86.37271881103516,380.153564453125,0.015488355926312147,0.02596643374290597,84.96774193548387,8.161290322580646,11.161290322580646,0.028067871889893903,30.48053741455078,0.03278300329305539,43.790000915527344,0.030560215384671796,36.41999816894531,0.040208484704569836,13.970000267028809,0.0357583198680238,8.399999618530273,3.585,98.00504516129033,1328.258804347826,122.8169
2022-07-28,35.188209533691406,16592800,0.016775765260270026,0.021493915362098104,-0.016251719086099903,-0.09908266985589709,2.2461290322580645,295.0732580645161,3.5870967741935487,22.33,122.1161,2.68,57.33548387096774,99.11,88.1794204711914,384.9215393066406,0.02091750364034417,0.012542233716457796,84.7741935483871,8.129032258064516,11.129032258064516,0.006349206349206327,30.67406463623047,0.005023918735015398,44.0099983215332,0.008786477913509172,36.7400016784668,-0.015032214325908289,13.760000228881836,-0.0035713969444727267,8.369999885559082,3.521,98.00441612903226,1328.5514891304347,122.1161
2022-07-29,35.16054153442383,7902100,0.01810054653701676,0.03515206748308186,-0.018100872018118497,-0.07423941847376492,2.2670967741935484,295.0791935483871,3.5903225806451613,21.33,121.7678,2.67,57.55161290322581,101.31,89.9955062866211,390.5332336425781,0.02059534759613224,0.014578800516193091,84.58064516129032,8.096774193548388,11.096774193548388,0.003154636313642767,30.770830154418945,0.007271154776775202,44.33000183105469,0.00027213720948360276,36.75,-0.003633734731334881,13.710000038146973,0.005973738520729244,8.420000076293945,3.402,98.0037870967742,1328.8441739130435,121.7678
2022-08-01,35.335792541503906,5595500,0.020099176665695717,0.03471658304064773,-0.02897409993624145,-0.05429390225655306,2.33,295.097,3.6,22.84,121.4109,2.6,58.2,96.59,90.08960723876953,389.3768615722656,0.001045618342861987,-0.0029610081055760906,84.0,8.0,11.0,0.01352191256347246,31.18691062927246,0.020527854947540725,45.2400016784668,0.025578193924054027,37.689998626708984,0.041575469966319556,14.279999732971191,0.020190032631065113,8.59000015258789,3.245,98.0019,1329.7222282608695,121.4109
2022-08-02,34.69935607910156,5486700,0.019138812263720828,0.05980852722689001,-0.02445508182072831,-0.03375860851333101,2.3374193548387097,295.13738709677415,3.596774193548387,23.93,121.9486,2.75,58.21290322580646,97.14,89.13920593261719,386.8080139160156,-0.010549511039974258,-0.0065973300156492165,83.93548387096774,7.935483870967742,10.96774193548387,-0.012720994405025277,30.79018211364746,-0.01635724250689008,44.5,-0.01220480502078547,37.22999954223633,-0.01540611466865327,14.0600004196167,-0.06402796053142867,8.039999961853027,3.18,98.00163225806452,1330.0149130434781,121.9486
2022-08-03,35.972225189208984,6452500,0.007179395164510272,-0.0015388281300454665,-0.06076944799962414,-0.05282079783853555,2.3448387096774193,295.1777741935484,3.5935483870967744,21.95,122.3888,2.73,58.225806451612904,93.25,89.97667694091797,392.86517333984375,0.00939509163828367,0.015659343151931848,83.87096774193549,7.870967741935484,10.935483870967742,0.04494012639470557,32.17389678955078,0.04044942105754035,46.29999923706055,0.03760412417654324,38.630001068115234,0.04054051762537281,14.630000114440918,0.0684079842468186,8.59000015258789,3.19,98.00136451612904,1330.307597826087,122.3888
2022-08-04,35.77851867675781,4965000,0.004640305427244584,0.004898218639608487,-0.05284864556647295,-0.0590355773097786,2.3522580645161293,295.21816129032254,3.5903225806451613,21.44,121.8333,2.68,58.23870967741936,91.29,90.30602264404297,392.59979248046875,0.0036603452619312637,-0.000675501106700116,83.80645161290323,7.806451612903226,10.903225806451612,0.002406394730782857,32.251319885253906,0.01339090587691616,46.91999816894531,0.0,38.630001068115234,0.0157210895719202,14.859999656677246,0.010477316762419031,8.680000305175781,3.063,98.00109677419356,1330.6002826086956,121.8333
2022-08-05,35.796966552734375,4604400,0.01674836636132304,-0.02396269805071638,-0.05333675761618761,-0.04766804206326536,2.359677419354839,295.25854838709677,3.5870967741935487,21.15,122.321,2.83,58.25161290322581,91.77,90.44718933105469,391.9361572265625,0.0015632034595096655,-0.0016903606843838848,83.74193548387096,7.741935483870968,10.870967741935484,-0.011701238040378592,31.873939514160156,-0.007885740543989495,46.54999923706055,-0.0209681944316481,37.81999969482422,-0.00807536260642916,14.739999771118164,0.0,8.680000305175781,2.968,98.00082903225807,1330.8929673913042,122.321
2022-08-08,36.04601287841797,5405300,0.01432939728736038,-0.04119778445814615,-0.03300919459605556,-0.0511769933812708,2.3819354838709677,295.3797096774193,3.57741935483871,21.29,121.8783,2.77,58.29032258064517,93.52,90.41893768310547,391.48114013671875,-0.00031235517828875903,-0.0011609469589730637,83.54838709677419,7.548387096774194,10.774193548387096,0.024589728374943443,32.657711029052734,0.005370569368365663,46.79999923706055,0.02194610887763382,38.650001525878906,0.01899597632247918,15.020000457763672,-0.005760390435130325,8.630000114440918,2.941,98.00002580645162,1331.7710217391304,121.8783
2022-08-09,35.363460540771484,3032000,0.039905962243586224,-0.022691883634209375,-0.017736174990310438,-0.02451760290018068,2.3893548387096777,295.42009677419355,3.574193548387097,21.77,121.8614,2.8,58.303225806451614,93.18,90.08960723876953,389.9266357421875,-0.0036422728775044044,-0.0039708283111374865,83.48387096774194,7.483870967741936,10.741935483870968,-0.01599984020601275,32.13519287109375,-0.022863241715117222,45.72999954223633,-0.02199229638449618,37.79999923706055,-0.02663119573993311,14.619999885559082,-0.018539958898074138,8.470000267028809,3.078,97.99975806451613,1332.063706521739,121.8614
2022-08-10,36.23048400878906,3363200,-0.008656077890802805,-0.037678239690768334,-0.023167106145928984,-0.046843182764832014,2.3967741935483873,295.4604838709677,3.5709677419354837,19.74,120.7543,2.78,58.31612903225807,94.68,92.06566619873047,398.11663818359375,0.02193437201611581,0.021003957387566885,83.41935483870968,7.419354838709677,10.709677419354838,0.02168031331255471,32.83189392089844,0.019243408635997605,46.61000061035156,0.023544957873328443,38.689998626708984,0.030779740956744073,15.069999694824219,0.042502909719922544,8.829999923706055,3.213,97.99949032258066,1332.3563913043479,120.7543
2022-08-11,35.944541931152344,5047900,0.0002567219441333979,-0.010777227543091406,-0.00513199795471464,-0.04541919541496098,2.404193548387097,295.50087096774195,3.567741935483871,20.2,120.7163,2.87,58.329032258064515,97.02,92.55497741699219,398.11663818359375,0.005314806685974505,0.0,83.35483870967742,7.354838709677419,10.67741935483871,0.0008844288927070121,32.860931396484375,-0.0081527797283667,46.22999954223633,-0.0005169412890561054,38.66999816894531,-0.005308555097949363,14.989999771118164,0.013590021132040553,8.949999809265137,3.267,97.99922258064517,1332.6490760869565,120.7163
2022-08-12,36.396507263183594,3207300,-0.04004045224850816,-0.04891036969850304,-0.04992377209985488,-0.016218840417787206,2.4116129032258065,295.5412580645161,3.564516129032258,19.53,121.018,2.84,58.34193548387097,94.86,93.94762420654297,404.8563232421875,0.015046697956355493,0.016928920854309304,83.29032258064517,7.290322580645161,10.64516129032258,0.015900660947801182,33.38344192504883,0.02401039630851498,47.34000015258789,0.017326144695311463,39.34000015258789,0.017344912131539214,15.25,0.021229110402988693,9.140000343322754,3.259,97.99895483870968,1332.941760869565,121.018
2022-08-15,36.562530517578125,4722600,-0.05474275111615989,-0.05575176052370412,-0.04061547174189395,-0.03229049204519563,2.4338709677419357,295.6624193548387,3.554838709677419,19.95,121.4315,2.79,58.380645161290325,92.24,94.17346954345703,406.5245666503906,0.00240394942204758,0.004120581333257656,83.09677419354838,7.096774193548387,10.548387096774194,0.01449309808668886,33.867271423339844,0.02344741459175692,48.45000076293945,0.013218110212169565,39.86000061035156,0.005245896636462577,15.329999923706055,0.0032822463724639928,9.170000076293945,3.21,97.99815161290323,1333.8198152173914,121.4315
2022-08-16,36.77467346191406,4716900,-0.06019567936964354,-0.06696738469709318,-0.0744918705512092,-0.05317263227340341,2.4412903225806453,295.7028064516129,3.5516129032258066,19.69,121.6807,2.82,58.39354838709678,89.23,94.59690856933594,407.3208923339844,0.004496372788766134,0.0019588623884534417,83.03225806451613,7.032258064516129,10.516129032258064,0.009714238471240755,34.196266174316406,-0.004334346360491459,48.2400016784668,0.010787764641029929,40.290000915527344,0.01108937228571416,15.5,-0.01308613790192903,9.050000190734863,3.211,97.99788387096774,1334.1125,121.6807
2022-08-17,35.9168701171875,5492600,-0.029275573443994674,-0.05752421141891917,-0.10811498873334213,-0.00770387467669964,2.448709677419355,295.74319354838707,3.5483870967741935,19.9,122.0711,2.89,58.406451612903226,90.85,93.8441162109375,404.4297790527344,-0.00795789597972607,-0.007097876233855049,82.96774193548387,6.967741935483871,10.483870967741936,-0.02263734576956311,33.42215347290039,-0.033167542146512075,46.63999938964844,-0.03301071732024008,38.959999084472656,-0.034838707216324316,14.960000038146973,-0.04861884251760318,8.609999656677246,3.319,97.99761612903227,1334.4051847826086,122.0711
2022-08-18,35.95376968383789,2981300,-0.01103111755727948,-0.06028732958340344,-0.07952783349504755,-0.02539759672744968,2.4561290322580644,295.7835806451613,3.545161290322581,19.56,122.3627,2.88,58.41935483870968,93.2,94.22052001953125,405.6051940917969,0.004010947343227045,0.0029063513617013648,82.90322580645162,6.903225806451613,10.451612903225806,-0.0014477110266524207,33.3737678527832,0.001072024822359685,46.689998626708984,0.002566793921158439,39.060001373291016,-0.00802138270408359,14.84000015258789,0.010452979811456098,8.699999809265137,3.367,97.99734838709678,1334.6978695652174,122.3627
2022-08-19,34.93917465209961,4382700,-0.009239886691862043,-0.030095222289975188,-0.07365378347969964,-0.006599997052110451,2.463548387096774,295.82396774193546,3.541935483870968,20.6,123.0501,2.98,58.432258064516134,93.55,93.00664520263672,400.1546630859375,-0.01288333811618636,-0.013438020728664068,82.83870967741936,6.838709677419355,10.419354838709678,-0.03595252021064077,32.17389678955078,-0.026558104524342152,45.45000076293945,-0.039938589821907566,37.5,-0.045148252655314636,14.170000076293945,-0.03678157492410894,8.380000114440918,3.416,97.99708064516129,1334.990554347826,123.0501
2022-08-22,34.560997009277344,5254300,-0.0010674442420152142,-0.01948220952017654,-0.08940477428261806,0.01708043238169532,2.4858064516129033,295.945129032258,3.532258064516129,23.8,123.605,3.03,58.47096774193549,93.42,91.23761749267578,391.82244873046875,-0.019020444250050006,-0.020822484714314915,82.64516129032258,6.645161290322581,10.32258064516129,-0.026165215075678816,31.332059860229492,-0.027722818813633365,44.189998626708984,-0.030399983723958357,36.36000061035156,-0.03246295241144992,13.710000038146973,-0.038186120579255856,8.0600004196167,3.489,97.99627741935484,1335.868608695652,123.605
2022-08-23,34.560997009277344,4717000,-0.007205441791231282,0.008540436942422902,-0.11929519982322212,0.007472882324619956,2.493225806451613,295.98551612903225,3.5290322580645164,24.11,123.0547,3.05,58.483870967741936,96.46,91.40697479248047,390.8745422363281,0.0018562222957902996,-0.002419224567688505,82.58064516129032,6.580645161290323,10.290322580645162,0.015132626282924111,31.806196212768555,0.0070151930962869535,44.5,0.015126491414413357,36.90999984741211,0.008023315563178812,13.819999694824219,0.004962774165082395,8.100000381469727,3.554,97.99600967741935,1336.1612934782609,123.0547
2022-08-24,34.86538314819336,6097300,-0.029100573965308296,-0.003703820815249781,-0.15211639791937437,0.009788341060932515,2.5006451612903224,296.0259032258064,3.5258064516129033,22.82,123.109,3.11,58.49677419354839,95.52,91.70809936523438,392.1258239746094,0.003294328178320649,0.0032012362102740166,82.51612903225806,6.516129032258065,10.258064516129032,0.013386319310595418,32.231964111328125,0.02044943477330574,45.40999984741211,0.013004593449489787,37.38999938964844,0.012301018816781362,13.989999771118164,0.007407341125519329,8.15999984741211,3.766,97.99574193548388,1336.4539782608695,123.109
2022-08-25,35.557159423828125,3446400,-0.049805623716352665,-0.0046694079751994355,-0.18625175623124146,0.0020750778663796154,2.5080645161290325,296.06629032258064,3.52258064516129,21.78,123.0586,3.03,58.50967741935484,93.33,93.11015319824219,397.66162109375,0.015288222552994224,0.014117400029994176,82.45161290322581,6.451612903225806,10.225806451612904,0.02041419193941918,32.88995361328125,0.017397069327943715,46.20000076293945,0.023535733684950655,38.27000045776367,0.03073626248825967,14.420000076293945,0.026960817541997972,8.380000114440918,3.691,97.99547419354839,1336.7466630434783,123.0586
2022-08-26,34.61634063720703,3998300,-0.02104983367616342,0.03304029129647956,-0.16067149295616956,0.045030859116117705,2.515483870967742,296.1066774193548,3.5193548387096776,25.56,123.0656,3.04,58.52258064516129,93.63,89.88259887695312,384.201171875,-0.03466382784718691,-0.03384900253066325,82.38709677419355,6.387096774193548,10.193548387096774,-0.03854079099001795,31.62234878540039,-0.028355007611642002,44.88999938964844,-0.0444212370683309,36.56999969482422,-0.04715674768224731,13.739999771118164,-0.04176615473627321,8.029999732971191,3.753,97.9952064516129,1337.039347826087,123.0656
2022-08-29,34.524105072021484,4072000,-0.01843444301821584,0.0016032640732830394,-0.1335825593155222,0.03045693468063493,2.537741935483871,296.2278387096774,3.509677419354839,26.21,123.4686,3.12,58.561290322580646,97.4,89.47795867919922,381.6607360839844,-0.004501874698881858,-0.0066122541444046945,82.19354838709677,6.193548387096774,10.096774193548388,-0.01988984040139896,30.993385314941406,-0.005569169155695053,44.63999938964844,-0.015039629249392283,36.02000045776367,-0.01673941383316413,13.510000228881836,-0.009962630929808758,7.949999809265137,3.651,97.99440322580645,1337.917402173913,123.4686
2022-08-30,34.31196975708008,4248700,0.015860158180221573,0.022311640540288336,-0.14946256547066672,0.0551072595491755,2.545161290322581,296.2682258064516,3.5064516129032257,26.21,123.6848,3.11,58.5741935483871,92.08,88.18882751464844,377.470947265625,-0.014407248260687733,-0.01097778320439391,82.12903225806451,6.129032258064516,10.064516129032258,-0.009678475469338643,30.693416595458984,0.005152319564987851,44.869998931884766,-0.0022210391459738243,35.939998626708984,-0.013323486463825085,13.329999923706055,0.00880511322993427,8.020000457763672,3.547,97.99413548387096,1338.2100869565218,123.6848
2022-08-31,33.85078048706055,4097900,0.026157964943684053,0.005449763849201039,-0.15967306600716558,0.08746589249067394,2.5525806451612905,296.3086129032258,3.503225806451613,25.87,123.535,3.15,58.58709677419355,90.09,87.44544219970703,374.5986328125,-0.008429472710904662,-0.00760936563179726,82.06451612903226,6.064516129032258,10.03225806451613,-0.02049167950415698,30.064456939697266,-0.02919539981675512,43.560001373291016,-0.025876470247960692,35.0099983215332,-0.02550638818708728,12.989999771118164,-0.028678364436749537,7.789999961853027,3.422,97.99386774193549,1338.5027717391304,123.535
2022-09-01,33.78621292114258,3932300,0.04750208680216317,-0.05187011684624321,-0.14769309144004084,0.09418525970793468,2.56,296.349,3.5,25.56,124.4006,3.26,58.6,87.09,87.56777954101562,375.774169921875,0.0013990133531396332,0.003138124398770481,82.0,6.0,10.0,0.0006436823145461457,30.08380889892578,0.0029843262010931237,43.689998626708984,0.004855812390542669,35.18000030517578,-0.0046188966127455044,12.930000305175781,-0.011553293071709048,7.699999809265137,3.27,97.9936,1338.7954565217392,124.4006
2022-09-02,33.887672424316406,3791300,0.055253195549026524,-0.02340757250842862,-0.09662484732845911,0.08192717919276848,2.5773333333333333,296.4042666666667,3.5033333333333334,25.47,123.7743,3.2,58.64333333333334,87.29,86.72089385986328,371.8118591308594,-0.00967120196025606,-0.01054439370284388,81.9,6.033333333333333,9.966666666666667,-0.004824765510778817,29.938661575317383,-0.0016021903644882762,43.619998931884766,0.0036953117392699575,35.310001373291016,0.0046403298164166,12.989999771118164,-0.009090869682878533,7.630000114440918,3.354,98.00178,1339.0881413043478,123.7743
2022-09-06,33.887672424316406,4481800,0.02041402833358652,-0.044910141893070854,-0.10206828428144465,0.0751226156504512,2.6466666666666665,296.62533333333334,3.5166666666666666,26.91,124.767,3.33,58.81666666666667,87.35,86.86202239990234,370.4089050292969,0.0016273879771939725,-0.0037732903540033114,81.5,6.166666666666667,9.833333333333334,0.008080155036023662,30.180570602416992,0.00641913344453271,43.900001525878906,0.035967159681968175,36.58000183105469,0.017705966124959005,13.220000267028809,0.005242458879826328,7.670000076293945,3.306,98.03450000000001,1340.2588804347827,124.767
2022-09-07,34.856163024902344,5394700,0.006350758328413919,-0.09711579986022179,-0.13892569758312434,0.050013056324744065,2.664,296.68059999999997,3.52,24.64,124.8408,3.27,58.86,82.5,88.25468444824219,377.0633239746094,0.01603303733740158,0.01796506200299408,81.4,6.2,9.8,0.03334396953962426,31.18691062927246,0.04988607176740034,46.09000015258789,0.055221337942950255,38.599998474121094,0.05068079143424464,13.890000343322754,0.0534549991308757,8.079999923706055,3.318,98.04268,1340.5515652173913,124.8408
2022-09-08,34.73624801635742,5087700,-0.02018032486413479,-0.12373852378551531,-0.15374385329773588,0.003983132253059241,2.6813333333333333,296.73586666666665,3.5233333333333334,23.61,124.578,3.29,58.903333333333336,84.04,88.5181655883789,379.5279846191406,0.0029854635114721084,0.006536463473963305,81.3,6.233333333333333,9.766666666666667,-0.003412896018163636,31.080472946166992,-0.008678705240933837,45.689998626708984,0.007253953499036125,38.880001068115234,0.005039574736790398,13.960000038146973,-0.002475186173044208,8.0600004196167,3.309,98.05086,1340.84425,124.578
2022-09-09,35.39112854003906,5733100,-0.09486587654614809,-0.16471195265312955,-0.1748761960564682,-0.022934341010773074,2.6986666666666665,296.79113333333333,3.526666666666667,22.79,123.7874,3.33,58.946666666666665,87.27,89.6661605834961,385.4239501953125,0.012969032824917681,0.015534995613270874,81.2,6.266666666666667,9.733333333333333,0.016811905454633402,31.602994918823242,0.01904142641128148,46.560001373291016,0.009773591640397372,39.2599983215332,0.016475611863025375,14.1899995803833,0.02605459394715015,8.270000457763672,3.349,98.05904,1341.1369347826087,123.7874
2022-09-12,35.760074615478516,6078000,-0.07454207993800921,-0.1908692488571666,-0.189837597283378,-0.019602766673824545,2.7506666666666666,296.9569333333333,3.5366666666666666,23.87,123.3332,3.37,59.07666666666667,88.18,90.20252227783203,389.56640625,0.005981762694483583,0.010747790978189897,80.9,6.366666666666666,9.633333333333333,0.015003194807964748,32.07714080810547,0.005584156225612702,46.81999969482422,-0.0010187748991354884,39.220001220703125,0.019732254751620326,14.470000267028809,0.01451026347240747,8.390000343322754,3.38,98.08358,1342.0149891304347,123.3332
2022-09-13,34.5794563293457,4348500,-0.06401731886549689,-0.15977622003007896,-0.15737550438250303,0.038676541791283325,2.7680000000000002,297.0122,3.54,27.27,124.4242,3.42,59.12,87.84,86.80558013916016,372.6270446777344,-0.03765905933549152,-0.04348260348043198,80.8,6.4,9.6,-0.04253397916238055,30.712772369384766,-0.04015380351066222,44.939998626708984,-0.03646099593747398,37.790000915527344,-0.05459571162919141,13.680000305175781,-0.048867736289852415,7.980000019073486,3.328,98.09176000000001,1342.3076739130436,124.4242
2022-09-14,35.0775260925293,4203700,-0.1028136137746819,-0.14725209869365674,-0.14725209869365674,-0.006836706718375329,2.7853333333333334,297.0674666666667,3.5433333333333334,26.16,124.4509,3.41,59.163333333333334,88.88,86.63619995117188,374.04901123046875,-0.001951259213022305,0.003816058370009534,80.7,6.433333333333334,9.566666666666666,0.02898541814238409,31.602994918823242,0.02269694011867318,45.959999084472656,0.01693568071297591,38.43000030517578,0.0255847529230675,14.029999732971191,0.0,7.980000019073486,3.145,98.09994,1342.6003586956522,124.4509
2022-09-15,34.03525924682617,9367100,-0.10569107923559584,-0.1425475998524569,-0.11219534911975704,0.033604049432540695,2.8026666666666666,297.1227333333333,3.546666666666667,26.27,124.8843,3.45,59.20666666666666,85.72,85.73287200927734,369.8022766113281,-0.010426680099123065,-0.01135341757800834,80.6,6.466666666666667,9.533333333333333,0.018983502454663848,32.20293045043945,0.006527398673554341,46.2599983215332,0.012230060290679301,38.900001525878906,0.017106252983631,14.270000457763672,0.01253131634004423,8.079999923706055,2.968,98.10812,1342.8930434782608,124.8843
2022-09-16,32.03371810913086,12677800,-0.0771665483568994,-0.11200683969782721,-0.05787491126767452,0.073711450634937,2.82,297.178,3.55,26.3,124.8794,3.45,59.25,85.57,83.94499206542969,366.9810485839844,-0.020854077344500732,-0.00762901746629574,80.5,6.5,9.5,-0.03515622547547592,31.070796966552734,-0.04063980375336207,44.380001068115234,-0.036503905602623066,37.47999954223633,-0.03644011500229227,13.75,-0.01980196150035629,7.920000076293945,2.942,98.11630000000001,1343.1857282608696,124.8794
2022-09-19,33.094444274902344,7935300,-0.12569687545746588,-0.12987743660026907,-0.07162783513591708,0.039018570666162544,2.872,297.3438,3.56,25.76,125.0104,3.49,59.38,86.15,85.08430480957031,369.8270568847656,0.013572134752870113,0.007755191478586498,80.2,6.6,9.4,0.025848791341657407,31.873939514160156,0.03154568899250143,45.779998779296875,0.032550726670321994,38.70000076293945,0.03345454822887084,14.210000038146973,0.030303001111897654,8.15999984741211,3.056,98.14084,1344.0637826086956,125.0104
2022-09-20,32.36577224731445,4953900,-0.10230841135704871,-0.05414642925629143,-0.05614136283688376,0.03590774369193306,2.8893333333333335,297.39906666666667,3.5633333333333335,27.16,125.1248,3.57,59.42333333333333,84.69,84.02536010742188,365.5819091796875,-0.012445828928360991,-0.011478737496485758,80.1,6.633333333333334,9.366666666666667,-0.005768253529804479,31.690082550048828,-0.009829553522087253,45.33000183105469,-0.01369515719755987,38.16999816894531,-0.016889498274023973,13.970000267028809,-0.02941173720662238,7.920000076293945,3.192,98.14902000000001,1344.3564673913042,125.1248
2022-09-21,31.471078872680664,6164900,-0.04953093983730461,-0.03311812204540032,-0.038393726898736213,0.06652976086110529,2.9066666666666667,297.45433333333335,3.566666666666667,27.99,125.7399,3.51,59.46666666666667,83.38,82.90968322753906,359.2048034667969,-0.01327785895182687,-0.01744371248347576,80.0,6.666666666666667,9.333333333333334,-0.04854963035812199,30.151540756225586,-0.040591221669162625,43.4900016784668,-0.05370708240506028,36.119998931884766,-0.0529707022654099,13.229999542236328,-0.0353535615039251,7.639999866485596,3.2,98.1572,1344.649152173913,125.7399
2022-09-22,30.43803596496582,6564500,-0.0412122922640179,-0.013939457324299687,0.003030147891093904,0.10909065046226418,2.924,297.5096,3.57,27.35,126.1667,3.7,59.51,84.02,81.66162872314453,356.18756103515625,-0.015053181435627283,-0.008399783083411716,79.9,6.7,9.3,-0.03851084865338894,28.990379333496094,-0.03702001720429282,41.880001068115234,-0.04623472365252834,34.45000076293945,-0.03930457460933956,12.710000038146973,-0.07068062451438595,7.099999904632568,3.25,98.16538,1344.9418369565217,126.1667
2022-09-23,29.561786651611328,7767500,-0.03775360687120177,-0.005616144123869571,0.05210611856720071,0.10639639354818309,2.9413333333333336,297.56486666666666,3.5733333333333333,29.92,127.2853,3.69,59.553333333333335,79.07,80.12996673583984,350.2196350097656,-0.01875620179579618,-0.016755009658525388,79.8,6.733333333333333,9.266666666666667,-0.0313752441887486,28.080799102783203,-0.02626557451680278,40.779998779296875,-0.04005808527005339,33.06999969482422,-0.039339102950380234,12.210000038146973,-0.026760571798950084,6.909999847412109,3.112,98.17356000000001,1345.2345217391305,127.2853
2022-09-26,28.9345760345459,6957700,-0.004781592362477882,0.009244530555632346,0.10360215664403505,0.15046205184148698,2.993333333333333,297.73066666666665,3.5833333333333335,32.26,128.4539,3.88,59.68333333333333,77.17,79.28848266601562,346.7550964355469,-0.010501490317577411,-0.009892473830378279,79.5,6.833333333333333,9.166666666666666,-0.03445892681002438,27.1131649017334,-0.048307931951336536,38.810001373291016,-0.03537950066800455,31.899999618530273,-0.028665059817873928,11.859999656677246,-0.0405209463320112,6.630000114440918,3.052,98.19810000000001,1346.1125760869566,128.4539
2022-09-27,29.054481506347656,6169600,0.05365092277801575,-0.002857167990685472,0.09111111752995948,0.0774603496796018,3.010666666666667,297.78593333333333,3.586666666666667,32.6,128.4386,3.97,59.72666666666667,78.91,79.02373504638672,345.8698425292969,-0.0033390425787828137,-0.0025529658117499077,79.4,6.866666666666666,9.133333333333333,0.017130648401028514,27.5776309967041,0.006183917940665085,39.04999923706055,0.029153674722434353,32.83000183105469,0.03457005168255578,12.270000457763672,0.02262444838284594,6.78000020980835,3.244,98.20628,1346.4052608695652,128.4386
2022-09-28,29.91228675842285,6910300,0.017268124213422276,-0.02590205879069063,0.08818973422417753,-0.0074007248646004165,3.028,297.8412,3.59,30.18,128.0884,3.72,59.769999999999996,82.61,80.76344299316406,352.6753234863281,0.022015005311456504,0.01967642193740793,79.3,6.9,9.1,0.034736853535340506,28.53559112548828,0.033290634121876606,40.349998474121094,0.03320122683817739,33.91999816894531,0.03911976563396258,12.75,0.016224137650927117,6.889999866485596,3.443,98.21446,1346.697945652174,128.0884
2022-09-29,29.18361473083496,5638400,0.028445123690747476,0.024968532318855763,0.1450697517531807,0.054993918873478265,3.0453333333333332,297.8964666666667,3.5933333333333333,31.84,127.5437,3.76,59.81333333333333,81.78,79.36410522460938,345.30828857421875,-0.017326375853901288,-0.020889000226280263,79.2,6.933333333333334,9.066666666666666,-0.03560535391395736,27.51957130432129,-0.029987586870633964,39.13999938964844,-0.02977589552047455,32.90999984741211,-0.039215686274509776,12.25,-0.034833058892435265,6.650000095367432,3.752,98.22264,1346.9906304347826,127.5437
2022-09-30,28.445722579956055,6907600,0.03339837174430493,0.0622567722902172,0.17866417375481203,0.09176376888684801,3.062666666666667,297.9517333333333,3.5966666666666667,31.62,127.5148,3.83,59.85666666666666,79.91,78.3240737915039,339.9686279296875,-0.013104556904687148,-0.01546345923690029,79.1,6.966666666666667,9.033333333333333,-0.013361490266860399,27.15186882019043,0.0002555476848862259,39.150001525878906,-0.011546674867126017,32.529998779296875,-0.01714286025689571,12.039999961853027,-0.003007515885668388,6.630000114440918,3.522,98.23082000000001,1347.2833152173914,127.5148
2022-10-03,28.796222686767578,5734600,0.014093512349119264,0.0480461220304218,0.18321572677461995,0.044202376629688844,3.1251612903225805,298.05725806451613,3.6,30.1,127.0813,3.67,59.693548387096776,84.05,80.68779754638672,348.9442138671875,0.030178764209519704,0.02640121823051378,78.6774193548387,6.935483870967742,9.0,0.007127654096664271,27.34539794921875,0.01941247233492005,39.90999984741211,0.008607519351409909,32.810001373291016,-0.009966767935156495,11.920000076293945,0.001508258200915824,6.639999866485596,3.322,98.18845161290324,1348.0508695652175,127.0813
2022-10-04,30.61328125,7459700,-0.053630751463410786,0.003615412067755619,0.09972899985645012,0.012955870390455537,3.147741935483871,298.0823870967742,3.6,29.07,126.1819,3.62,59.59032258064516,86.87,83.49588775634766,359.7568054199219,0.03480191919164222,0.030986590758744548,78.51612903225806,6.903225806451613,9.0,0.08811034268024032,29.754810333251953,0.06865451488205077,42.650001525878906,0.07680586261160838,35.33000183105469,0.0864093730183455,12.949999809265137,0.08283135569187383,7.190000057220459,3.44,98.16317741935484,1348.2883043478262,126.1819
2022-10-05,30.428815841674805,4884300,-0.04243736924077235,0.003940273030375918,0.12033920158902167,0.016368358393409554,3.1703225806451614,298.10751612903226,3.6,28.55,126.8616,3.76,59.487096774193546,88.22,83.04206085205078,358.9192199707031,-0.0054353204270515265,-0.0023281990405743525,78.35483870967742,6.870967741935484,9.0,-0.0074797004376256915,29.53225326538086,0.0002344272256857849,42.65999984741211,0.00254730634662792,35.41999816894531,-0.006177600377168968,12.869999885559082,-0.005563276986744636,7.150000095367432,3.641,98.13790322580645,1348.5257391304349,126.8616
2022-10-06,30.01374626159668,4264300,-0.0033804344945651543,0.00829755144416433,0.13952073885822602,0.07805750780367915,3.1929032258064516,298.1326451612903,3.6,30.52,127.2493,3.83,59.383870967741935,88.9,82.08712005615234,355.2167053222656,-0.011499483347357842,-0.010315732461303462,78.19354838709677,6.838709677419355,9.0,0.0032766046437069374,29.629018783569336,-0.0046882504372907086,42.459999084472656,-0.01298698781063079,34.959999084472656,-0.01087803765094375,12.729999542236328,-0.02797206761324067,6.949999809265137,3.803,98.11262903225807,1348.7631739130436,127.2493
2022-10-07,29.395763397216797,4428800,0.027925726742922263,0.038594143751501386,0.1735171763330623,0.12311438876303327,3.215483870967742,298.1577741935484,3.6,31.36,127.3111,3.89,59.28064516129032,93.07,80.51760864257812,345.30828857421875,-0.019120069171638443,-0.027894005545312406,78.03225806451613,6.806451612903226,9.0,-0.040169847842870476,28.438825607299805,-0.022844970016981936,41.4900016784668,-0.03146448807001412,33.86000061035156,-0.04320496911533478,12.180000305175781,-0.048920817997357924,6.610000133514404,3.928,98.08735483870969,1349.000608695652,127.3111
2022-10-10,29.202062606811523,4906600,0.03348074834109949,0.06506643146103497,0.18256485131471378,0.14961342014988488,3.283225806451613,298.2331612903226,3.6,32.45,127.57585,3.92,58.97096774193548,91.6,80.8012466430664,342.6717224121094,0.003522682867388216,-0.00763539784404188,77.54838709677419,6.709677419354839,9.0,0.0010206480357153325,28.467851638793945,-0.007471712719932411,41.18000030517578,0.01004135104722792,34.20000076293945,-0.010673243939548605,12.050000190734863,-0.016641472207644226,6.5,3.70225,98.01153225806452,1349.7129130434782,127.57585
2022-10-11,28.971467971801758,5624600,0.06049030399042277,0.10219684223062764,0.1843365959390213,0.15108273253578997,3.305806451612903,298.25829032258065,3.6,33.63,127.6641,3.93,58.86774193548387,89.75,80.78234100341797,340.5016174316406,-0.0002339770787442852,-0.006332897751799016,77.38709677419355,6.67741935483871,9.0,-0.01971430759460091,27.906627655029297,-0.010684765018170284,40.7400016784668,-0.007894750050890464,33.93000030517578,0.017427388781988462,12.260000228881836,-0.01846152085524344,6.380000114440918,3.627,97.98625806451614,1349.950347826087,127.6641
2022-10-12,29.137496948242188,4365500,0.04843301187973115,0.08800244035914129,0.22887007705983864,0.17634304851130245,3.3283870967741933,298.2834193548387,3.6,33.57,128.1481,3.91,58.76451612903226,87.83,80.14887237548828,339.37847900390625,-0.007841672079085815,-0.0032984819167851676,77.2258064516129,6.645161290322581,9.0,0.01282923851983897,28.2646484375,0.011536509245022364,41.209999084472656,0.008841710414449588,34.22999954223633,0.0358890352503225,12.699999809265137,0.014106531996295857,6.46999979019165,3.623,97.96098387096775,1350.1877826086957,128.1481
2022-10-13,29.91228675842285,6616000,0.01171759650615245,0.08818973422417753,0.18285534979317597,0.1464933898620342,3.350967741935484,298.3085483870968,3.6,31.94,127.7286,3.97,58.66129032258065,89.59,81.91693878173828,348.3350830078125,0.02205977893197053,0.026391196136520856,77.06451612903226,6.612903225806452,9.0,0.04005495445790008,29.396787643432617,0.016743568472104897,41.900001525878906,0.034180601790511744,35.400001525878906,0.027559085568992447,13.050000190734863,0.030911946304154503,6.670000076293945,3.81,97.93570967741935,1350.4252173913044,127.7286
2022-10-14,30.21666145324707,5843000,0.010378587412519513,0.10592212600332296,0.15232013062804972,0.13647867696428917,3.373548387096774,298.33367741935484,3.6,32.02,128.3325,4.0,58.55806451612903,86.1,80.12049865722656,340.39697265625,-0.021930020228150937,-0.02278871907767177,76.90322580645162,6.580645161290323,9.0,0.023041602327167787,30.07413673400879,-0.0016706370471367693,41.83000183105469,0.0019773924239252505,35.470001220703125,0.00459766015827201,13.109999656677246,0.0,6.670000076293945,3.647,97.91043548387097,1350.662652173913,128.3325
2022-10-17,30.17976951599121,4665700,0.030562430089419168,0.11094135705036456,0.18092919934795737,0.11513490170664764,3.4412903225806453,298.40906451612904,3.6,31.37,127.6448,4.02,58.248387096774195,86.0,81.86965942382812,349.14410400390625,0.021831626062200016,0.025696854115355272,76.41935483870968,6.483870967741936,9.0,0.0016084975756158748,30.12251091003418,-0.007171958848328108,41.529998779296875,0.017761410536694555,36.099998474121094,0.0068650003771777435,13.199999809265137,0.02698648070160692,6.849999904632568,3.711,97.8346129032258,1351.3749565217393,127.6448
2022-10-18,30.723960876464844,4766200,0.03932759977462408,0.10897627072515337,0.14049846897891283,0.0999099589252781,3.4638709677419355,298.4341935483871,3.6,30.5,127.9153,4.01,58.145161290322584,83.29,83.84571838378906,353.2464294433594,0.024136645661748224,0.011749662653353088,76.25806451612904,6.451612903225806,9.0,0.033408238438723314,31.12885093688965,0.01950400667227581,42.34000015258789,0.031855999293277204,37.25,0.03787878842612158,13.699999809265137,0.018978119160702578,6.980000019073486,3.504,97.80933870967742,1351.612391304348,127.9153
2022-10-19,30.54871368408203,8804100,0.03774149424050122,0.1020533800390151,0.1361714460821346,0.12473274142056567,3.4864516129032257,298.45932258064516,3.6,30.76,128.3968,4.14,58.04193548387097,86.0,83.25006103515625,350.7431640625,-0.007104207109375538,-0.007086456287198617,76.09677419354838,6.419354838709677,9.0,0.010879886336697231,31.467529296875,-0.011573020233842546,41.849998474121094,0.049664388567009166,39.099998474121094,0.021167880721932875,13.989999771118164,-0.01862465817846426,6.849999904632568,3.407,97.78406451612904,1351.8498260869565,128.3968
2022-10-20,30.262786865234375,4843600,0.07558644623965494,0.12648565372293286,0.16153591334047968,0.12402372407227946,3.509032258064516,298.48445161290323,3.6,29.98,128.0052,4.24,57.938709677419354,86.02,81.61437225341797,347.80206298828125,-0.0196478988891976,-0.008385341114430567,75.93548387096774,6.387096774193548,9.0,-0.011377588427430974,31.10950469970703,-0.047072819064116644,39.880001068115234,-0.0012787529159020705,39.04999923706055,-0.03788418453482434,13.460000038146973,0.023357711894428146,7.010000228881836,3.282,97.75879032258065,1352.0872608695652,128.0052
2022-10-21,30.5302677154541,5450600,0.094562117389563,0.12024193939857386,0.14048352269521924,0.11387246290651776,3.5316129032258066,298.5095806451613,3.6,29.69,127.6735,4.21,57.83548387096774,85.47,83.85517120361328,356.2541809082031,0.02745593561924964,0.024301517499068614,75.7741935483871,6.354838709677419,9.0,0.01337482848303595,31.525588989257812,0.028334935384979776,41.0099983215332,0.03559537559041104,40.439998626708984,0.018573551210362194,13.710000038146973,0.021397947736472522,7.159999847412109,3.389,97.73351612903225,1352.324695652174,127.6735
2022-10-24,31.102136611938477,5841100,0.07799520399164095,0.1091338736135341,0.13196909424396197,0.09905591502076128,3.599354838709677,298.5849677419355,3.6,29.85,128.0304,4.25,57.52580645161291,86.12,84.97084045410156,360.61346435546875,0.013304716148980988,0.01223644150968961,75.29032258064517,6.258064516129032,9.0,0.0211785857242357,32.19325637817383,0.03828343266956735,42.58000183105469,0.03560837018563068,41.880001068115234,0.02844641445934415,14.100000381469727,0.05307264281273194,7.539999961853027,3.749,97.6576935483871,1353.037,128.0304
2022-10-25,31.932260513305664,7783900,0.06701320254136656,0.08145594046865368,0.11582903075380457,0.03651462894959123,3.6219354838709674,298.61009677419355,3.6,28.46,127.3771,4.1,57.42258064516129,86.93,86.11488342285156,366.3719787597656,0.013463947898314288,0.01596866166544597,75.12903225806451,6.225806451612903,9.0,0.01893600026258202,32.8028678894043,0.019492672162171765,43.40999984741211,0.017191914700165123,42.599998474121094,0.013475147180350255,14.289999961853027,-0.029177691154468333,7.320000171661377,3.764,97.63241935483872,1353.2744347826088,127.3771
2022-10-26,31.70166778564453,9204500,0.061972934642632316,0.08233957875924647,0.1411117055468556,0.05984656337924443,3.644516129032258,298.6352258064516,3.6,27.28,126.4723,4.04,57.31935483870968,89.39,86.41744232177734,363.61163330078125,0.003513433298633517,-0.007534270138040089,74.96774193548387,6.193548387096774,9.0,0.0,32.8028678894043,-0.012669874199350728,42.86000061035156,-0.003521073158553323,42.45000076293945,-0.02029390921113916,14.0,0.019125664371920426,7.460000038146973,4.013,97.60714516129032,1353.5118695652175,126.4723
2022-10-27,32.55024337768555,10819500,0.04732228419317286,0.10002858364689593,0.0929443160322383,0.0102846047587144,3.6670967741935483,298.6603548387097,3.6,27.39,126.7028,3.96,57.21612903225807,89.06,87.42911529541016,361.66998291015625,0.011706814578772429,-0.005339901732513752,74.80645161290323,6.161290322580645,9.0,0.005604556304021013,32.98671340942383,0.009566025235032027,43.27000045776367,0.012720869395102197,42.9900016784668,-0.002142838069370767,13.970000267028809,0.02144770061581025,7.619999885559082,4.099,97.58187096774193,1353.7493043478262,126.7028
2022-10-28,33.417274475097656,7855100,0.02346127424020028,0.05879096881807122,0.08335610694717377,-0.007604446413972066,3.6896774193548385,298.68548387096774,3.6,25.75,127.2135,4.02,57.112903225806456,87.85,89.46190643310547,370.2743225097656,0.02325073439010339,0.02379058259238187,74.64516129032258,6.129032258064516,9.0,0.017013695306576038,33.54793930053711,0.026808408484866986,44.43000030517578,0.016980681873338455,43.720001220703125,0.002147439684879293,14.0,0.018372748743483935,7.760000228881836,4.365,97.55659677419355,1353.986739130435,127.2135
2022-10-31,33.5279541015625,6316700,0.028885721853484814,0.038514523357884745,0.09793663825588639,-0.014751935112738979,3.7574193548387096,298.76087096774194,3.6,25.88,127.6219,4.1,56.803225806451614,86.54,89.20661926269531,367.599853515625,-0.0028535851804258883,-0.007222939403447537,74.16129032258064,6.032258064516129,9.0,-0.021343945248738616,32.83189392089844,0.0006751919669327755,44.459999084472656,-0.014638594962924523,43.08000183105469,0.012857164655412978,14.180000305175781,0.03608243875162076,8.039999961853027,4.183,97.48077419354838,1354.6990434782608,127.6219
2022-11-01,34.0721435546875,5401700,0.01353566937399453,0.04602080564203792,0.08500294677180698,0.001892449994446821,3.78,298.786,3.6,25.81,127.3987,4.07,56.7,88.36,89.12154388427734,365.9912414550781,-0.0009536890773479412,-0.004375986674538979,74.0,6.0,9.0,-0.008841616585435252,32.54160690307617,0.0013495585813443345,44.52000045776367,-0.009749349252344164,42.65999984741211,-0.004936575951481781,14.109999656677246,-0.002487500520428565,8.020000457763672,3.309,97.4555,1354.9364782608695,127.3987
2022-11-02,33.66631317138672,7322300,0.019178119754500234,0.0408217306775811,0.08904095464216888,0.001026693114504873,3.7906666666666666,298.78753333333333,3.5966666666666667,25.86,127.3115,4.1,56.803333333333335,90.06,87.55203247070312,356.8061218261719,-0.01761090916032826,-0.025096555842125667,74.86666666666666,6.433333333333334,9.7,-0.0466845364803149,31.022417068481445,-0.021563321531935076,43.560001373291016,-0.036333784402359126,41.11000061035156,-0.03756199474607225,13.579999923706055,-0.03615965363311846,7.730000019073486,3.371,97.3988,1355.1739130434783,127.3115
2022-11-03,34.09059524536133,5130500,0.05032481428992641,0.018127608291478525,0.06872299391997783,-0.020406427691823992,3.801333333333333,298.78906666666666,3.5933333333333333,25.3,128.1743,4.14,56.906666666666666,88.14,88.4691162109375,353.1322021484375,0.010474728162835678,-0.010296683417119756,75.73333333333333,6.866666666666667,10.4,-0.002807432866343995,30.93532371520996,0.006427887292688617,43.84000015258789,-0.0038919933115209027,40.95000076293945,0.01104562734705361,13.729999542236328,-0.00776195894327214,7.670000076293945,3.605,97.3421,1355.411347826087,128.1743
2022-11-04,34.20128631591797,4658300,0.03451981571466778,0.02777753611501299,0.07011841401114616,-0.018968482193506775,3.812,298.7906,3.5900000000000003,24.55,127.1468,4.17,57.010000000000005,92.58,89.88739013671875,358.2148742675781,0.01603128850524116,0.014393114216766145,76.6,7.3,11.1,0.024710619057786376,31.69975471496582,0.023266433718373447,44.86000061035156,0.04078139530724245,42.619998931884766,0.027676629796815178,14.109999656677246,-0.010430237667573783,7.590000152587891,3.596,97.2854,1355.6487826086957,127.1468
2022-11-07,34.49643325805664,5061200,0.009358475193002258,0.009358475193002258,0.010962693600697904,-0.05128168834504976,3.844,298.7952,3.58,24.35,126.3062,4.22,57.32,91.8,90.85175323486328,361.6413879394531,0.010728569343016137,0.00956552593992921,79.2,8.6,13.2,0.018315080908610115,32.280338287353516,0.004012490029575488,45.040000915527344,0.0037541025673843986,42.779998779296875,0.014883064724072748,14.319999694824219,0.011857664550908531,7.679999828338623,3.449,97.1153,1356.3610869565218,126.3062
2022-11-08,34.53333282470703,4413300,0.032051300461983345,0.019497816453997396,0.001335622740868958,-0.0643766626244131,3.8546666666666662,298.79673333333335,3.5766666666666667,25.54,125.633,4.14,57.42333333333333,88.8,91.64598083496094,363.59259033203125,0.008742017317425743,0.0053954067693844365,80.06666666666666,9.033333333333333,13.9,0.006894508536122945,32.50289535522461,0.001776154856378831,45.119998931884766,-0.014025210173953084,42.18000030517578,-0.0048882469494409,14.25,0.002604164241347462,7.699999809265137,3.368,97.0586,1356.5985217391305,125.633
2022-11-09,34.31196975708008,3366200,0.021236337891844315,0.03844062438262097,0.021773989216066436,-0.06590620207929643,3.865333333333333,298.7982666666667,3.5733333333333333,26.09,125.9861,4.12,57.52666666666667,85.79,90.36959838867188,356.1018981933594,-0.013927315029642284,-0.020601883365751195,80.93333333333334,9.466666666666667,14.6,-0.003869988389095913,32.37710952758789,-0.019503485688163513,44.2400016784668,0.004504471914042796,42.369998931884766,-0.018947400544819026,13.979999542236328,-0.04935060350865461,7.320000171661377,3.179,97.00189999999999,1356.8359565217393,125.9861
2022-11-10,35.80619812011719,5576700,-0.030654522829887565,0.010303972351428436,0.0030908614396605305,-0.09194055642324306,3.876,298.7998,3.5700000000000003,23.53,124.7044,3.82,57.63,86.52,94.1609878540039,375.6711730957031,0.04195425821220966,0.05495414374825325,81.8,9.9,15.299999999999999,0.06066935180292354,34.341407775878906,0.06103067011311558,46.939998626708984,0.046259215213124705,44.33000183105469,0.06795427711348023,14.930000305175781,0.09836062476870633,8.039999961853027,3.096,96.9452,1357.073391304348,124.7044
2022-11-11,35.38190841674805,8221900,-0.006517303484416148,0.005474409861614182,-0.015380659406770025,-0.0695216414173132,3.8866666666666663,298.80133333333333,3.566666666666667,22.52,124.385225,3.835,57.733333333333334,89.14,94.10426330566406,379.3070983886719,-0.0006024209137206471,0.00967847828995505,82.66666666666667,10.333333333333334,16.0,-0.0014090696319223328,34.29301834106445,0.006604204992767704,47.25,0.008572010776497718,44.709999084472656,-0.0033489745286562345,14.880000114440918,0.008706429745813704,8.109999656677246,3.10725,96.8885,1357.3108260869565,124.385225
2022-11-14,34.81926727294922,8240200,0.0,0.03973492883500729,0.010330904014631548,-0.04889466765969208,3.9186666666666663,298.8059333333333,3.5566666666666666,23.73,123.4277,3.88,58.04333333333334,85.85,93.52750396728516,376.0804138183594,-0.006128939520046117,-0.00850678667501803,85.26666666666667,11.633333333333333,18.099999999999998,-0.021162531512421645,33.567291259765625,-0.020740731052620753,46.27000045776367,-0.015209132612394538,44.029998779296875,-0.013440847293478053,14.680000305175781,-0.01356346009049203,8.0,3.141,96.7184,1358.0231304347826,123.4277
2022-11-15,35.64017105102539,7344400,-0.012163624039199128,0.03286735524262019,-0.03493813509079713,-0.07886570456981201,3.929333333333333,298.80746666666664,3.5533333333333332,24.54,123.039,3.8,58.14666666666667,86.87,94.1704330444336,379.28802490234375,0.00687422469195087,0.008529056462731832,86.13333333333334,12.066666666666666,18.8,0.006053891464298244,33.770503997802734,0.012535076953086755,46.849998474121094,0.00022716639808706418,44.040000915527344,-0.004768436447092905,14.609999656677246,0.03125,8.25,3.242,96.6617,1358.2605652173913,123.039
2022-11-16,35.04063034057617,4646400,0.016846527931322797,0.05501458736201781,-0.0186893941892885,-0.06442803268692576,3.9399999999999995,298.80899999999997,3.5500000000000003,24.11,123.2817,3.67,58.25,85.62,93.48966217041016,376.39459228515625,-0.007229136067604336,-0.007628589428660404,87.0,12.5,19.5,-0.02234970322730767,33.015743255615234,-0.024973280833543554,45.68000030517578,-0.01702997239801529,43.290000915527344,-0.0355920271258664,14.09000015258789,-0.039999990752249026,7.920000076293945,3.232,96.60499999999999,1358.498,123.2817
2022-11-17,34.70857620239258,3734000,0.04225376415938853,0.056338169035059726,-0.03401528469349002,-0.09821627286260759,3.9506666666666663,298.81053333333335,3.546666666666667,23.93,123.977,3.77,58.35333333333333,81.69,93.32894897460938,375.24285888671875,-0.0017190477756550138,-0.0030599095259183917,87.86666666666667,12.933333333333334,20.2,-0.0017584301294102378,32.95768737792969,0.0043783003853612446,45.880001068115234,-0.0009240220531618881,43.25,-0.009936149170093556,13.949999809265137,-0.002525250092658138,7.900000095367432,3.137,96.5483,1358.7354347826088,123.977
2022-11-18,35.15131378173828,3166700,0.012070379673534859,0.03647343713407669,-0.0451326390662925,-0.11379429794070484,3.961333333333333,298.8120666666667,3.5433333333333334,23.12,123.8524,3.82,58.45666666666666,80.07,94.01914978027344,376.9465637207031,0.007395356030976297,0.0045402725025573965,88.73333333333333,13.366666666666667,20.9,0.012037510735376067,33.35441589355469,0.01743677459538051,46.68000030517578,0.013179183695357644,43.81999969482422,0.0071684862248750925,14.050000190734863,-0.005063286249386678,7.860000133514404,3.145,96.49159999999999,1358.9728695652175,123.8524
2022-11-21,34.81926727294922,3017500,0.03973492883500729,0.05112568804585438,-0.030463770459510875,-0.10427812730138342,3.993333333333333,298.81666666666666,3.533333333333333,22.36,124.7009,3.83,58.766666666666666,79.74,94.32171630859375,375.5759582519531,0.0032181372521173923,-0.003636073652512617,91.33333333333333,14.666666666666668,23.0,-0.006962530565003622,33.12218475341797,-0.0081405541052042,46.29999923706055,-0.008900031774635164,43.43000030517578,-0.014234861676160282,13.850000381469727,-0.015267221419573263,7.739999771118164,3.125,96.3215,1359.6851739130436,124.7009
2022-11-22,35.20665740966797,3034900,0.04558546372421324,-0.00943146404450046,-0.07099802865119387,-0.11597737358782667,4.004,298.8182,3.5300000000000002,21.29,124.2365,3.76,58.87,80.83,95.04972839355469,380.63006591796875,0.0077183931066213685,0.013456952062477656,92.2,15.1,23.7,0.0,33.12218475341797,-0.0073434159436387425,45.959999084472656,0.0,43.43000030517578,0.009386220735454254,13.979999542236328,0.007751992427776466,7.800000190734863,3.035,96.2648,1359.9226086956521,124.2365
2022-11-23,35.630943298339844,4029000,0.037535712993330694,-0.029510500471177092,-0.06575216280007423,-0.12728487679057454,4.014666666666666,298.8197333333333,3.526666666666667,20.35,123.7574,3.71,58.97333333333333,77.93,95.40901184082031,383.0287170410156,0.0037799523821677727,0.006301790998201939,93.06666666666666,15.533333333333333,24.4,0.007595607030097096,33.3737678527832,0.008268082586703418,46.34000015258789,0.0059866064864433355,43.689998626708984,0.031473572851579146,14.420000076293945,0.01666661979805828,7.929999828338623,2.873,96.2081,1360.1600434782608,123.7574
2022-11-25,36.17514419555664,2326000,0.013513412337762709,-0.030851735461526975,-0.13462537607703473,-0.13938853520110572,4.036,298.8228,3.52,20.5,123.3386,3.68,59.18,76.45,95.77775573730469,382.9429931640625,0.003864874914537353,-0.00022380535228627707,94.8,16.4,25.799999999999997,0.017686332409504235,33.964027404785156,0.012084621740333423,46.900001525878906,0.01670861902453935,44.41999816894531,0.005547844887849429,14.5,0.006305194428401162,7.980000019073486,2.799,96.09469999999999,1360.6349130434783,123.3386
2022-11-28,35.57560348510742,4533400,0.02411201626947479,0.009592715193796675,-0.16541361929441678,-0.12306052875578855,4.068,298.8274,3.5100000000000002,22.21,123.6032,3.69,59.489999999999995,77.1,94.03805541992188,376.8323974609375,-0.018163928607331292,-0.015956933048013933,97.4,17.7,27.9,-0.035042645190086597,32.77383804321289,-0.023880654800491286,45.779998779296875,-0.03151728430642753,43.02000045776367,-0.0462069018133755,13.829999923706055,-0.03884711053115175,7.670000076293945,2.72,95.9246,1361.3472173913044,123.6032
2022-11-29,36.20280838012695,4628800,0.010955445368763472,-0.037706937858660416,-0.14955393105142922,-0.13133900555185063,4.078666666666666,298.82893333333334,3.506666666666667,21.89,123.6615,3.75,59.593333333333334,77.96,94.61479949951172,376.18511962890625,0.006133092363665105,-0.0017176809541656901,98.26666666666667,18.133333333333333,28.599999999999998,0.021848311085478356,33.489891052246094,0.018567110342579518,46.630001068115234,0.01557410882882504,43.689998626708984,0.022415070233321233,14.140000343322754,0.009126426874566773,7.739999771118164,2.85,95.86789999999999,1361.5846521739131,123.6615
2022-11-30,36.81156921386719,4794100,-0.05261829824293063,-0.044349846195807396,-0.15635193077008214,-0.1391559546740847,4.089333333333333,298.83046666666667,3.5033333333333334,20.58,123.5175,3.68,59.696666666666665,80.48,96.17485046386719,388.03521728515625,0.01648844549275319,0.03150070812992212,99.13333333333334,18.566666666666666,29.299999999999997,0.02195912736209582,34.22529983520508,0.017370738581166556,47.439998626708984,0.010986485633416532,44.16999816894531,0.020509190580746406,14.430000305175781,0.028423807950193947,7.960000038146973,2.935,95.8112,1361.8220869565218,123.5175
2022-12-01,36.96837615966797,5185200,-0.06462063196945467,-0.06961101586847562,-0.18662686081717972,-0.15334043680357046,4.1,298.832,3.5,19.84,122.0045,3.53,59.8,81.06,96.20321655273438,387.7496337890625,0.00029494289546971864,-0.0007359731369018796,100.0,19.0,30.0,0.0002823241350800032,34.234962463378906,-0.0006323520270926641,47.40999984741211,-0.00633911684184163,43.88999938964844,-0.031185083397264113,13.979999542236328,0.0,7.960000038146973,2.851,95.7545,1362.0595217391306,122.0045
2022-12-02,36.66399383544922,5312600,-0.04377361686507664,-0.06213866547583946,-0.1542137200525301,-0.15165026470033127,4.10741935483871,298.8832258064516,3.5,19.06,122.0102,3.51,59.964516129032255,79.86,96.7516098022461,387.3022766113281,0.005700362931327918,-0.0011537268865036143,99.58064516129032,18.870967741935484,29.64516129032258,0.009327215251228704,34.55427932739258,-0.01497572425137672,46.70000076293945,0.0,43.88999938964844,-0.0007152557607251753,13.970000267028809,-0.002512560405862674,7.940000057220459,2.8,95.80865161290322,1362.2969565217393,122.0102
2022-12-05,36.43340301513672,5466000,-0.0141774540724241,-0.07974684419040168,-0.15113925558890473,-0.13272152756240896,4.129677419354838,299.03690322580644,3.5,20.75,122.6384,3.6,60.45806451612903,76.83,95.13482666015625,380.3350830078125,-0.01671065882412126,-0.017989033435265478,98.3225806451613,18.483870967741936,28.580645161290324,0.0022405121019115626,34.63169860839844,0.00021409681734185781,46.709999084472656,0.025974012428838344,45.029998779296875,0.010021430706687706,14.109999656677246,0.008816142463087262,8.010000228881836,2.628,95.9711064516129,1363.0092608695652,122.6384
2022-12-06,36.59942626953125,4239700,-0.0481350424000867,-0.08291343211400082,-0.11592754879970646,-0.15753888759182522,4.137096774193548,299.08812903225805,3.5,22.17,123.0191,3.51,60.622580645161285,74.21,94.00970458984375,374.8525695800781,-0.01182660556403492,-0.014414955844664346,97.90322580645162,18.35483870967742,28.225806451612904,0.003352979768005415,34.74781799316406,-0.008777560596193612,46.29999923706055,0.019764588358319513,45.91999816894531,0.015591798184396044,14.329999923706055,-0.001248467989523605,8.0,2.56,96.02525806451612,1363.246695652174,123.0191
2022-12-07,34.87460708618164,8706800,0.00872768814490299,-0.03200225241952981,-0.05332826378510391,-0.12415822765910367,4.144516129032258,299.13935483870966,3.5,22.68,122.7608,3.42,60.78709677419355,71.93,93.88677978515625,374.2149353027344,-0.0013075756936351546,-0.001701026827848784,97.48387096774194,18.225806451612904,27.870967741935484,-0.04399890129819828,33.21895217895508,-0.04362852032504516,44.279998779296875,-0.04050515831492718,44.060001373291016,-0.05443124473998362,13.550000190734863,-0.03874999284744263,7.690000057220459,2.438,96.07940967741935,1363.4841304347826,122.7608
2022-12-08,34.5794563293457,6637300,-0.005335144295012917,-0.05414782040899535,-0.029161050159203783,-0.16277579078715165,4.151935483870967,299.1905806451613,3.5,22.29,122.4152,3.48,60.95161290322581,71.3,94.4446029663086,377.1463928222656,0.005941445456206118,0.00783361978099495,97.06451612903226,18.096774193548388,27.516129032258064,-0.023303344947359084,32.44483947753906,-0.004968324572509175,44.060001373291016,-0.028597414819743427,42.79999923706055,0.0036900509248001256,13.600000381469727,-0.028608617086061217,7.46999979019165,2.648,96.13356129032258,1363.7215652173913,122.4152
2022-12-09,35.059078216552734,5678000,-0.01920575392466617,-0.05051320778449375,-0.04878969399687305,-0.1883199407389805,4.159354838709677,299.2418064516129,3.5,22.83,122.4201,3.57,61.116129032258065,71.05,93.66931915283203,374.3290710449219,-0.008208873658488769,-0.007470101347811231,96.64516129032258,17.967741935483872,27.161290322580644,0.008052349028008665,32.70609664916992,0.011348161244114197,44.560001373291016,0.00560751595198572,43.040000915527344,-0.005147106362872744,13.529999732971191,-0.006693402316203079,7.420000076293945,2.588,96.1877129032258,1363.959,122.4201
2022-12-12,35.9168701171875,4820200,-0.06651236613409195,-0.12840256677576467,-0.04569379586107514,-0.2284661647650995,4.1816129032258065,299.3954838709677,3.5,25.0,122.7714,3.61,61.60967741935484,72.96,95.27664184570312,379.7259216308594,0.017159542819443097,0.014417396358964218,95.38709677419355,17.580645161290324,26.096774193548388,0.028698438143500926,33.644710540771484,0.02670553388766872,45.75,0.027881058025408523,44.2400016784668,0.04951959272114581,14.199999809265137,0.03638813721702405,7.690000057220459,2.733,96.35016774193548,1364.6713043478262,122.7714
2022-12-13,34.837711334228516,6578700,-0.03653710480277195,-0.1477363748381193,-0.015600114623634642,-0.18450030698066477,4.189032258064516,299.44670967741934,3.5,22.55,121.8493,3.51,61.774193548387096,75.44,95.63593292236328,382.6003723144531,0.0037710300205795466,0.007569803692222266,94.96774193548387,17.451612903225808,25.741935483870968,-0.03997694268063334,32.29969787597656,-0.01027325072575136,45.279998779296875,-0.06939429007788134,41.16999816894531,-0.05211266063787778,13.460000038146973,-0.07672303617656218,7.099999904632568,2.874,96.4043193548387,1364.908739130435,121.8493
2022-12-14,35.17898178100586,5602100,-0.040377538004669034,-0.12480309227139263,-0.0238321380522295,-0.20433435021777913,4.196451612903226,299.49793548387095,3.5,21.14,121.8226,3.49,61.938709677419354,77.14,95.45630645751953,380.1541442871094,-0.001878231950636855,-0.006393689615474929,94.54838709677419,17.322580645161292,25.387096774193548,0.027860896176432837,33.1995964050293,0.010159074902189369,45.7400016784668,-0.025989792140222234,40.099998474121094,-0.00817233702566833,13.350000381469727,-0.01408449379940424,7.0,3.05,96.45847096774193,1365.1461739130436,121.8226
2022-12-15,34.39496994018555,5810700,-0.04907449562937016,-0.0970770043814434,-0.021528020775395174,-0.1848426789523797,4.203870967741936,299.54916129032256,3.5,22.83,122.5519,3.44,62.10322580645161,75.89,93.1493148803711,370.85498046875,-0.024168037322658265,-0.024461561074910265,94.12903225806451,17.193548387096776,25.032258064516128,-0.030894942304874995,32.17389678955078,-0.04394407657349797,43.72999954223633,-0.038653349028450745,38.54999923706055,-0.031460678973232126,12.930000305175781,-0.0357142857142857,6.75,3.035,96.51262258064516,1365.3836086956521,122.5519
2022-12-16,34.3857421875,8886200,-0.03192051134588625,-0.12553627595069727,-0.01722084806594526,-0.1586013381826702,4.211290322580645,299.60038709677417,3.5,22.62,122.6505,3.48,62.26774193548387,74.19,92.752197265625,366.4765625,-0.004263237096870709,-0.01180628062003053,93.70967741935483,17.06451612903226,24.677419354838708,-0.004210360824045578,32.03843307495117,0.011205160841438744,44.220001220703125,-0.0031128128212620787,38.43000030517578,-0.009280733389545825,12.8100004196167,0.0133333559389468,6.840000152587891,2.883,96.56677419354838,1365.6210434782608,122.6505
2022-12-19,33.5279541015625,4014800,-0.06629996841561048,-0.0751030361063274,0.024790787552655846,-0.1637631252707884,4.233548387096774,299.75406451612906,3.5,22.42,122.5275,3.57,62.76129032258065,75.05,92.2638931274414,363.3689880371094,-0.005264609923851027,-0.00847959946385557,92.45161290322581,16.677419354838708,23.612903225806452,-0.005738399699095731,31.854583740234375,-0.02985073854331366,42.900001525878906,-0.011709621633254286,37.97999954223633,-0.025761191769753666,12.479999542236328,-0.04385967602959184,6.539999961853027,2.802,96.72922903225806,1366.333347826087,122.5275
2022-12-20,33.564842224121094,3337700,-0.11541624549286256,-0.07859285027018392,0.013444072399691587,-0.17745631176537036,4.240967741935484,299.8052903225807,3.5,21.48,122.1357,3.69,62.92580645161291,75.92,92.37789154052734,363.86627197265625,0.001235569074984566,0.0013685370846674427,92.03225806451613,16.548387096774192,23.258064516129032,-0.0006075692821785328,31.835229873657227,0.003962661139831569,43.06999969482422,0.015007891039870547,38.54999923706055,0.004006425686607251,12.529999732971191,0.0,6.539999961853027,2.756,96.78338064516129,1366.5707826086957,122.1357
2022-12-21,33.758541107177734,3683300,-0.08797788464765466,-0.041530130348279015,0.007354683528598249,-0.18189982393552517,4.248387096774193,299.8565161290323,3.5,20.07,122.2828,3.68,63.090322580645164,78.17,94.11638641357422,369.3069152832031,0.018819382474043245,0.014952315533536709,91.61290322580645,16.419354838709676,22.903225806451612,0.02340405021224523,32.58030319213867,0.0183422549599479,43.86000061035156,0.011673171772902169,39.0,0.03990423069876936,13.029999732971191,0.007645289147784062,6.590000152587891,2.916,96.83753225806451,1366.8082173913044,122.2828
2022-12-22,32.707054138183594,5571100,-0.05047977841738904,0.00940930664694184,0.04512583336657361,-0.140779964165908,4.255806451612903,299.9077419354839,3.5,21.97,122.2419,3.67,63.25483870967742,77.68,92.91939544677734,364.0382995605469,-0.012718199374304073,-0.014266225474321326,91.19354838709677,16.29032258064516,22.548387096774192,-0.02227479123274112,31.854583740234375,-0.022343810501567418,42.880001068115234,-0.018461569761618613,38.279998779296875,-0.0360705543351012,12.5600004196167,-0.03186646939067306,6.380000114440918,2.935,96.89168387096774,1367.0456521739131,122.2419
2022-12-23,33.28813171386719,3337700,-0.09670255976083286,0.008500067153441204,-0.005704031635917373,-0.14233802154502417,4.263225806451612,299.9589677419355,3.5,20.87,121.9743,3.75,63.41935483870968,79.57,93.47039031982422,366.1324157714844,0.0059298155180365075,0.005752461247801266,90.7741935483871,16.161290322580644,22.193548387096772,0.007290352372220532,32.086814880371094,0.010027991941808034,43.310001373291016,0.002873579254423886,38.38999938964844,0.011942644388450718,12.710000038146973,0.010971738803856157,6.449999809265137,3.049,96.94583548387097,1367.2830869565219,121.9743
2022-12-27,31.305051803588867,15174100,-0.009428154003356948,0.06527715487541697,0.07327417526119606,-0.06389055949592704,4.292903225806452,300.16387096774196,3.5,21.65,121.7539,3.84,64.07741935483871,79.45,93.7553939819336,364.68853759765625,0.003049133111932001,-0.003943595572617364,89.09677419354838,15.64516129032258,20.774193548387096,-0.007840759752934301,31.835229873657227,-0.024243893291708396,42.2599983215332,-0.004949169828854294,38.20000076293945,-0.014162101072819788,12.529999732971191,-0.010852666185147353,6.380000114440918,3.29,97.16244193548387,1368.2328260869565,121.7539
2022-12-28,29.690914154052734,17673500,0.04162793521252883,0.154416863295044,0.10757821719464578,-0.0010698553761613327,4.300322580645162,300.21509677419357,3.5,22.14,122.0075,3.88,64.24193548387098,78.89,92.52989959716797,360.15625,-0.013071188042810378,-0.012427831232404984,88.6774193548387,15.516129032258064,20.419354838709676,-0.0276595608282848,30.954681396484375,-0.022716496038843847,41.29999923706055,-0.023821985058570028,37.290000915527344,-0.016759779937934316,12.319999694824219,-0.029780572697859387,6.190000057220459,3.308,97.2165935483871,1368.4702608695652,122.0075
2022-12-29,30.788536071777344,11811600,0.05092832017722637,0.11386390584597006,0.07712671121281911,-0.014884655366167676,4.307741935483871,300.2663225806452,3.5,21.44,121.6577,3.83,64.40645161290323,78.43,93.6698989868164,366.63916015625,0.012320335314438546,0.01800027114967473,88.25806451612902,15.387096774193548,20.064516129032256,0.023132116199672037,31.67072868347168,0.036561795741523184,42.810001373291016,0.016894535745523243,37.91999816894531,0.03084416589722494,12.699999809265137,0.0420031905720899,6.449999809265137,3.355,97.27074516129032,1368.707695652174,121.6577
2022-12-30,31.05600929260254,8942300,0.06307299592262594,0.10576317475677421,0.06367020910384058,-0.04888040032199392,4.315161290322581,300.3175483870968,3.5,21.67,121.4256,3.88,64.57096774193549,80.16,93.29940032958984,365.6734619140625,-0.003955365183843207,-0.0026339200694653897,87.83870967741936,15.258064516129032,19.70967741935484,0.003971975688880525,31.796524047851562,0.003036609419477143,42.939998626708984,-0.005801619636839228,37.70000076293945,0.001574839217641566,12.720000267028809,0.004651195456665924,6.480000019073486,3.333,97.32489677419355,1368.9451304347826,121.4256
2023-01-03,30.06908416748047,11467600,0.11646510022924406,0.11923975220839256,0.13527313277758246,-0.016732911043929377,4.345483870967742,300.48645161290324,3.5064516129032257,22.9,122.0905,3.79,65.02903225806452,76.87,93.49889373779297,364.13397216796875,0.0021382067569393204,-0.004210012227946591,86.6774193548387,14.612903225806452,18.483870967741936,-0.007608033718891849,31.554615020751953,-0.01816485338245233,42.15999984741211,-0.012997391738742037,37.209999084472656,0.0015722880243325132,12.739999771118164,0.0030864168005624304,6.5,3.107,97.43635483870968,1370.357888888889,122.0905
2023-01-04,31.009902954101562,8497300,0.07541634580135947,0.08976769761817471,0.08677793004357204,-0.05077253704610374,4.353225806451613,300.5196774193549,3.509677419354839,22.01,121.5008,3.69,65.09354838709677,72.82,94.32539367675781,366.9451599121094,0.008839676127962104,0.007720201791125092,86.51612903225806,14.419354838709678,18.225806451612904,0.05458462571808265,33.27701187133789,0.05075899898941283,44.29999923706055,0.06745504428883109,39.720001220703125,0.06671902643175032,13.59000015258789,0.09230767763577985,7.099999904632568,3.078,97.43793225806452,1370.8268333333333,121.5008
2023-01-05,30.9268856048584,5208000,0.1082813970993417,0.11097958351719539,0.07980248658692979,-0.0479232444596982,4.360967741935484,300.55290322580646,3.5129032258064514,22.46,122.1017,3.71,65.15806451612904,73.61,93.30889892578125,362.7571105957031,-0.010776469743237649,-0.011413283983386924,86.35483870967742,14.225806451612904,17.967741935483872,0.024425654812951336,34.08982467651367,-0.004288908125985591,44.11000061035156,0.038267885474570607,41.2400016784668,0.02943337851648975,13.989999771118164,-0.0042253145597392905,7.070000171661377,3.091,97.43950967741935,1371.2957777777779,122.1017
2023-01-06,32.356544494628906,10662800,0.05988570719849884,0.051289342677274474,0.03696301164078508,-0.07328231279283814,4.368709677419355,300.5861290322581,3.5161290322580645,21.13,121.0852,3.55,65.2225806451613,73.77,95.86439514160156,371.0758056640625,0.027387486566023966,0.022931859432607116,86.19354838709677,14.03225806451613,17.70967741935484,0.022707692534938095,34.86392593383789,0.026524555718794085,45.279998779296875,0.024248301631911495,42.2400016784668,0.01358116777456031,14.180000305175781,0.029702974971445473,7.28000020980835,3.191,97.4410870967742,1371.7647222222222,121.0852
2023-01-09,33.01480484008789,7866300,0.0401573353832565,0.030047721260970883,-0.008705395133450478,-0.07651398967466327,4.391935483870967,300.6858064516129,3.5258064516129033,21.97,120.1508,3.53,65.41612903225807,74.69,95.43688201904297,370.865478515625,-0.004459561048991256,-0.000566803723732745,85.70967741935483,13.451612903225806,16.935483870967744,0.02053883588681016,35.57999038696289,0.009717368667585546,45.720001220703125,0.02627833218624498,43.349998474121094,0.030324354178223212,14.609999656677246,0.004120842322335783,7.309999942779541,3.4,97.4458193548387,1373.1715555555556,120.1508
2023-01-10,33.571083068847656,5432900,0.002485211565125267,0.018227119543096526,-0.03755884068760962,-0.10486556495127863,4.3996774193548385,300.71903225806454,3.5290322580645164,20.58,120.2483,3.61,65.48064516129033,75.11,95.95938873291016,373.4663391113281,0.005474892963947875,0.007012948754661519,85.54838709677419,13.258064516129032,16.677419354838708,0.03589836948987579,36.85725402832031,0.034558135918027144,47.29999923706055,0.05536335894709765,45.75,0.039698832124268835,15.1899995803833,0.049247624669271683,7.670000076293945,3.315,97.44739677419355,1373.6405,120.2483
2023-01-11,33.34855651855469,8963700,0.013344926244468702,-0.0075056130523886155,-0.038920976183819844,-0.0997312552418611,4.4074193548387095,300.7522580645161,3.532258064516129,21.09,120.1614,3.54,65.54516129032258,77.46,96.88088989257812,378.18988037109375,0.0096030328229042,0.012647836672524226,85.38709677419355,13.064516129032258,16.419354838709676,0.0023628873303285225,36.94434356689453,0.008456692015451406,47.70000076293945,0.04284151004311809,47.709999084472656,0.009874955651631767,15.34000015258789,0.018252915918254065,7.809999942779541,3.471,97.44897419354838,1374.1094444444445,120.1614
2023-01-12,34.275691986083984,8037300,0.0024345679941173426,-0.01974543155402675,-0.05139314605950007,-0.13876764894853932,4.4151612903225805,300.78548387096777,3.535483870967742,18.83,119.4218,3.43,65.60967741935484,78.32,97.45088958740234,379.56683349609375,0.005883510106649892,0.0036409042030656202,85.2258064516129,12.870967741935484,16.161290322580644,0.03719243618154677,38.31839370727539,0.035639428422405084,49.400001525878906,0.07524628424812252,51.29999923706055,0.09713166599068113,16.829999923706055,0.039692694628780334,8.119999885559082,3.503,97.45055161290323,1374.5783888888889,119.4218
2023-01-13,34.29423904418945,5585800,-0.008110652368307103,-0.041092303484226766,-0.04001077193410607,-0.12183859473645742,4.422903225806452,300.81870967741935,3.5387096774193547,18.35,119.1673,3.49,65.67419354838711,79.9,97.33688354492188,381.0392761230469,-0.0011698820089088846,0.003879271045340804,85.06451612903226,12.67741935483871,15.903225806451612,-0.03535343228135723,36.963706970214844,0.018016181420200894,50.290000915527344,0.00682265680357963,51.650001525878906,0.011289396014196651,17.020000457763672,0.014778311237724884,8.239999771118164,3.817,97.45212903225807,1375.0473333333334,119.1673
2023-01-17,34.34059143066406,6791000,-0.00971931243321067,-0.03428702825315644,-0.0356371456691601,-0.1298095016984775,4.453870967741936,300.9516129032258,3.5516129032258066,19.36,119.2121,3.53,65.93225806451613,80.25,96.51036834716797,380.3412170410156,-0.008491284779756247,-0.0018319872143727212,84.41935483870968,11.903225806451612,14.870967741935484,0.0015706183833870124,37.02176284790039,0.00019881330982673973,50.29999923706055,-0.00871250241326682,51.20000076293945,0.0035252329217778655,17.079999923706055,0.024271822186955783,8.4399995803833,3.567,97.45843870967742,1376.9231111111112,119.2121
2023-01-18,33.65451431274414,9224300,0.015702882991554645,-0.018457031017546477,-0.024517675548032747,-0.10126849724148801,4.461612903225807,300.98483870967743,3.554838709677419,20.34,119.0755,3.37,65.99677419354839,79.53,94.6958999633789,374.33642578125,-0.01880076114995277,-0.015787905677122738,84.25806451612904,11.709677419354838,14.612903225806452,0.0031363108193449563,37.137874603271484,-0.0196818663774474,49.310001373291016,-0.04570312729920256,48.86000061035156,-0.025761155504861688,16.639999389648438,-0.0011847483062392694,8.430000305175781,3.558,97.46001612903225,1377.3920555555555,119.0755
2023-01-19,33.7935905456543,5490200,-0.020575954698989873,0.01015082538952572,-0.029903868328700067,-0.11158706039551469,4.469354838709678,301.018064516129,3.5580645161290323,20.52,119.6107,3.39,66.06129032258065,80.31,92.74839782714844,371.611328125,-0.020565854878443646,-0.007279808932733833,84.09677419354838,11.516129032258064,14.35483870967742,-0.000781677640455225,37.10884475708008,0.001825190632353868,49.400001525878906,-0.010028687522426805,48.369998931884766,-0.02163453823363004,16.280000686645508,0.0083036408410615,8.5,3.603,97.4615935483871,1377.861,119.6107
2023-01-20,34.35913848876953,5762900,-0.02212613197540325,-0.019158231970051842,-0.08904499390587939,-0.1278378628633019,4.477096774193549,301.05129032258066,3.5612903225806454,19.85,119.3486,3.48,66.1258064516129,81.27,94.04039764404297,378.5340881347656,0.013930157794233677,0.018629033847528342,83.93548387096774,11.32258064516129,14.096774193548388,0.01773144168075591,37.76683807373047,0.008501986963002306,49.81999969482422,0.022534632554423784,49.459999084472656,0.0036854707255387087,16.34000015258789,0.009411755730124094,8.579999923706055,3.916,97.46317096774193,1378.3299444444444,119.3486
2023-01-23,34.016090393066406,6098600,-0.033251341185051575,-0.018260840895383823,-0.08421884031088978,-0.11876824721541068,4.500322580645162,301.15096774193546,3.5709677419354837,19.81,119.1434,3.52,66.31935483870969,81.62,95.06639862060547,383.0760192871094,0.01091021520821367,0.01199873748418323,83.45161290322581,10.741935483870968,13.32258064516129,0.0012809648143752295,37.815216064453125,0.005620208370373803,50.099998474121094,-0.003639310725994105,49.279998779296875,-0.010403921340662925,16.170000076293945,0.008158472662781024,8.649999618530273,3.839,97.46790322580645,1379.736777777778,119.1434
2023-01-24,34.0068244934082,3900300,-0.02480884069375422,-0.013358632413820515,-0.08287881175835154,-0.14237373502260597,4.508064516129033,301.1841935483871,3.574193548387097,19.2,119.0958,3.46,66.38387096774194,79.86,95.69338989257812,382.6647644042969,0.0065952984552919425,-0.0010735594558433093,83.29032258064517,10.548387096774194,13.064516129032258,-0.0071648109276758465,37.54427719116211,-0.007385208446181624,49.72999954223633,0.00040585345493293623,49.29999923706055,-0.00927641421289671,16.020000457763672,-0.020809174501680294,8.470000267028809,3.735,97.4694806451613,1380.2057222222222,119.0958
2023-01-25,34.182987213134766,6402600,-0.03363179782308967,-0.04258227302832929,-0.08950374768507285,-0.15742804963583312,4.515806451612903,301.2174193548387,3.57741935483871,19.08,118.9686,3.46,66.4483870967742,79.78,95.161376953125,382.8081970214844,-0.005559557875944643,0.0003748257757956175,83.12903225806451,10.35483870967742,12.806451612903226,0.01494867865873295,38.10551452636719,0.026543328111296782,51.04999923706055,0.019878287168402897,50.279998779296875,0.0149812586929019,16.260000228881836,-0.007083874583837191,8.40999984741211,3.796,97.47105806451613,1380.6746666666668,118.9686
2023-01-26,33.0982551574707,16712000,0.03137229500943284,-0.02380980645556874,-0.06050446095313222,-0.1585390506711858,4.523548387096774,301.2506451612903,3.5806451612903225,18.73,119.021,3.49,66.51290322580645,80.64,95.68389892578125,387.0154113769531,0.005490903866530283,0.010990397771531102,82.96774193548387,10.161290322580646,12.548387096774194,-0.00406301568544698,37.95069122314453,0.0052889414652068645,51.31999969482422,-0.016507518625859197,49.45000076293945,0.021525238409777936,16.610000610351562,-0.007134300479309186,8.350000381469727,3.992,97.47263548387097,1381.143611111111,119.021
2023-01-27,33.59890365600586,8196500,0.0030350540109500557,-0.04608202479838497,-0.07340000869688523,-0.15970319778567765,4.531290322580645,301.2838709677419,3.5838709677419356,18.51,118.9223,3.52,66.57741935483871,79.73,96.08289337158203,387.9046630859375,0.0041699225290794395,0.002297716532322358,82.80645161290323,9.967741935483872,12.290322580645162,-0.01249378552403535,37.47654342651367,-0.005845659369534295,51.02000045776367,-0.014560186240537565,48.72999954223633,-0.010836863248734785,16.43000030517578,-0.04550905076859291,7.96999979019165,3.788,97.4742129032258,1381.6125555555557,118.9223
2023-01-30,32.885009765625,6983000,0.015506098873768526,-0.011277278818384917,-0.05131088201667444,-0.1329581393794962,4.554516129032258,301.38354838709677,3.5935483870967744,19.94,118.8953,3.55,66.7709677419355,77.97,95.14238739013672,383.0377502441406,-0.009788485217738896,-0.01254667268776466,82.3225806451613,9.387096774193548,11.516129032258064,-0.00852034419723191,37.157230377197266,-0.016856146660827687,50.15999984741211,-0.01067105402521018,48.209999084472656,-0.02860622387698608,15.960000038146973,-0.015056447768889702,7.849999904632568,3.63,97.47894516129033,1383.019388888889,118.8953
2023-01-31,33.16315460205078,5602200,0.011741501315577274,-0.007268745624615658,-0.05171965976505266,-0.15793713986115177,4.562258064516129,301.41677419354835,3.596774193548387,19.4,118.9802,3.52,66.83548387096775,78.95,96.75739288330078,388.6695861816406,0.016974616019899136,0.014703083270279249,82.16129032258064,9.193548387096774,11.258064516129032,0.01822895946787373,37.83456802368164,0.023524727048751304,51.34000015258789,0.015556938689956556,48.959999084472656,0.011278154829024833,16.139999389648438,0.019108292635635626,8.0,3.437,97.48052258064516,1383.4883333333335,118.9802
2023-02-01,33.03335189819336,9279100,-0.009261971974116268,0.0025258978727973336,-0.04069619533240676,-0.1312083441355414,4.57,301.45,3.6,17.87,118.6259,3.39,66.9,76.34,97.46039581298828,392.8003234863281,0.007265624969198914,0.010627889218882913,82.0,9.0,11.0,0.0202049685902701,38.59901428222656,0.00973899490677721,51.84000015258789,0.025735338231043237,50.220001220703125,0.03407689995093355,16.690000534057617,0.03125,8.25,2.965,97.4821,1383.9572777777778,118.6259
2023-02-02,34.13662338256836,9675900,-0.053503571631713265,-0.038294342056638064,-0.08310705307166588,-0.20024431451635882,4.572857142857143,301.46325,3.5964285714285715,18.73,118.3421,3.4,66.72500000000001,75.87,98.22039031982422,398.518310546875,0.007797982970377593,0.01455698154674745,82.03571428571429,9.0,11.0,0.00025053120521811856,38.60868453979492,0.03356484709385055,53.58000183105469,0.04161688772970984,52.310001373291016,0.022168898744475474,17.059999465942383,0.11757578994288598,9.220000267028809,2.753,97.45971071428572,1384.4262222222223,118.3421
2023-02-03,33.70087814331055,4831100,-0.04896845689781737,-0.027235096835887318,-0.07705997057213199,-0.1796702195250135,4.575714285714286,301.4765,3.592857142857143,18.33,119.5095,3.53,66.55000000000001,73.4,97.70738983154297,394.2824401855469,-0.00522295306107845,-0.010629048275135333,82.07142857142857,9.0,11.0,-0.008019930767950156,38.29904556274414,-0.002053016173803268,53.470001220703125,-0.02274904244246212,51.119998931884766,-0.002344607821269995,17.020000457763672,-0.053145413297301936,8.729999542236328,2.577,97.43732142857144,1384.8951666666667,119.5095
2023-02-06,33.394927978515625,4388700,-0.026374413429773758,-0.06274302398369713,-0.0538112214825206,-0.17410849321703215,4.5842857142857145,301.51625,3.5821428571428573,19.43,120.541,3.63,66.025,74.11,97.46987915039062,391.8728332519531,-0.0024308364143370564,-0.006111372681116167,82.17857142857143,9.0,11.0,0.001515558227127567,38.35708999633789,-0.01945017564586593,52.43000030517578,-0.003912378073519629,50.91999816894531,-0.0058754629130525204,16.920000076293945,-0.011454688778803068,8.630000114440918,2.69,97.37015357142857,1386.3020000000001,120.541
2023-02-07,33.55253982543945,5404900,-0.018789628492528743,-0.07156671684707705,-0.08103548855182885,-0.17687696469040137,4.587142857142857,301.5295,3.5785714285714287,18.66,120.3475,3.67,65.85000000000001,77.17,97.7739028930664,396.998046875,0.003119155838971377,0.013078767365717336,82.21428571428571,9.0,11.0,-0.0012610539885258287,38.308719635009766,-0.012016041664089872,51.79999923706055,-0.0033385344669747408,50.75,0.0023640075649142833,16.959999084472656,0.02085750901376926,8.8100004196167,2.879,97.34776428571429,1386.7709444444445,120.3475
2023-02-08,32.72739791870117,5489000,0.011898069432544123,-0.04702538939406531,-0.06669519660773837,-0.16723124323443506,4.590000000000001,301.54275,3.575,19.63,120.1436,3.63,65.675,78.47,97.22288513183594,392.6568603515625,-0.0056356322589792285,-0.010935032445649195,82.25,9.0,11.0,-0.0037889345386625806,38.163570404052734,-0.005984508941304423,51.4900016784668,0.0003940976899245996,50.77000045776367,0.00058963616873009,16.969999313354492,-0.01475597142441154,8.680000305175781,2.886,97.325375,1387.239888888889,120.1436
2023-02-09,32.3101921081543,5911400,0.01606897725044254,-0.036728669198055286,-0.1039744399093121,-0.16426719581748261,4.592857142857143,301.556,3.5714285714285716,20.71,119.9781,3.67,65.5,78.04,96.34888458251953,389.2528991699219,-0.008989658639848463,-0.00866904802985724,82.28571428571429,9.0,11.0,-0.010902756210772746,37.74748229980469,-0.014177574929831183,50.7599983215332,-0.018711852558082498,49.81999969482422,-0.018267500205402465,16.65999984741211,-0.02188946167943362,8.489999771118164,2.802,97.30298571428571,1387.7088333333334,119.9781
2023-02-10,32.05059814453125,4808700,0.022852407177828882,-0.02979461005832984,-0.11213030857885009,-0.16738603016089748,4.595714285714286,301.56925,3.567857142857143,20.53,120.1419,3.74,65.325,79.74,97.03290557861328,390.1612854003906,0.0070994179025281046,0.0023336659339106003,82.32142857142857,9.0,11.0,-0.021533002212368757,36.93466567993164,-0.02324658253540446,49.58000183105469,-0.019269351472364415,48.86000061035156,-0.022809073484213127,16.280000686645508,-0.020023566652176195,8.319999694824219,2.796,97.28059642857143,1388.177777777778,120.1419
2023-02-13,32.514156341552734,3686000,-0.03735379498605662,-0.04248649393181658,-0.14772260242431678,-0.16721636963504316,4.604285714285715,301.609,3.5571428571428574,20.34,119.9828,3.72,64.8,80.14,97.91639709472656,394.74139404296875,0.009105071221406469,0.011739013618119243,82.42857142857143,9.0,11.0,0.011265413721528894,37.35074996948242,0.011698224988651251,50.15999984741211,0.00675395031181214,49.189998626708984,0.014127735413733467,16.510000228881836,0.026442340757015792,8.539999961853027,2.807,97.21342857142857,1389.5846111111111,119.9828
2023-02-14,32.92210006713867,5334900,-0.05378774000672748,-0.0523796827723062,-0.1370494943936681,-0.1919746183547305,4.607142857142858,301.62225,3.553571428571429,18.91,119.9229,3.77,64.625,79.08,97.65038299560547,394.5597229003906,-0.002716747215113946,-0.0004602282540410174,82.46428571428571,9.0,11.0,0.012953369198597686,37.83456802368164,0.008373245313401778,50.58000183105469,0.0176865779807045,50.060001373291016,0.016959459888782336,16.790000915527344,0.018735345213911625,8.699999809265137,2.843,97.19103928571428,1390.0535555555557,119.9229
2023-02-15,33.116790771484375,5124600,-0.05823062678600888,-0.050392058025877984,-0.15478804722942285,-0.1590100200797847,4.61,301.6355,3.55,18.23,120.4557,3.81,64.45,78.57,98.2583999633789,395.8410339355469,0.006226467824512305,0.00324744509078978,82.5,9.0,11.0,-0.002045955351349882,37.75716018676758,-0.006128931634412971,50.27000045776367,-0.002996434713622209,49.90999984741211,0.0005954926139377648,16.799999237060547,0.008046051727953696,8.770000457763672,2.693,97.16865,1390.5225,120.4557
2023-02-16,32.829383850097656,5566900,-0.051962659652666665,-0.034736067495032,-0.1459689989316788,-0.1493760302374174,4.612857142857143,301.64875,3.5464285714285713,20.17,120.4651,3.86,64.275,78.45,97.24189758300781,390.3907775878906,-0.010345195736445434,-0.013768800807406167,82.53571428571429,9.0,11.0,-0.01896449245909171,37.041114807128906,-0.022876497223132675,49.119998931884766,-0.0184331430927267,48.9900016784668,-0.024404753930443945,16.389999389648438,-0.01596355028679819,8.630000114440918,2.628,97.14626071428572,1390.9914444444444,120.4651
2023-02-17,32.78303146362305,4250800,-0.051470785879478065,-0.045249087286003076,-0.11746668412095829,-0.16182071533504971,4.615714285714286,301.66200000000003,3.5428571428571427,20.02,120.5526,3.82,64.10000000000001,76.31,97.87838745117188,389.4154357910156,0.006545428297722644,-0.002498373047901792,82.57142857142857,9.0,11.0,0.0020896785266812934,37.1185188293457,-0.0006107243474999802,49.09000015258789,0.013063877683632485,49.630001068115234,-0.0018303099703482761,16.360000610351562,-0.0011587750578475609,8.619999885559082,2.541,97.12387142857143,1391.460388888889,120.5526
2023-02-21,31.29962921142578,6613300,-0.005331864312170254,-0.006253740092943216,-0.10422863591878617,-0.12686121040681242,4.627142857142857,301.71500000000003,3.5285714285714285,22.87,120.6256,3.95,63.4,76.28,95.63639068603516,381.60345458984375,-0.02290594301275317,-0.020060789797157086,82.71428571428571,9.0,11.0,-0.03284675846216756,35.899295806884766,-0.026685707256449365,47.779998779296875,-0.028813223340720118,48.20000076293945,-0.04095360666089021,15.6899995803833,-0.04756378803426364,8.210000038146973,2.6,97.03431428571429,1393.3361666666667,120.6256
2023-02-22,31.151294708251953,5611200,0.0014880987004239898,0.014336848872629204,-0.11372707373448243,-0.11791602504247733,4.630000000000001,301.72825,3.525,22.29,120.8389,3.93,63.225,73.95,95.39889526367188,381.0775451660156,-0.0024833164516104844,-0.0013781568733265415,82.75,9.0,11.0,-0.002425727503072239,35.81221389770508,-0.005441572377056225,47.52000045776367,0.012033153675868435,48.779998779296875,-0.008285478919268785,15.5600004196167,-0.0012180546693508765,8.199999809265137,2.78,97.01192499999999,1393.805111111111,120.8389
2023-02-23,31.188379287719727,6215100,0.008323236009873725,-0.01137558049799492,-0.11448209063122694,-0.13510325811523005,4.6328571428571435,301.74150000000003,3.5214285714285714,21.14,121.0896,3.88,63.050000000000004,75.26,95.84539794921875,383.1046447753906,0.0046803758503994874,0.0053193887571933995,82.78571428571429,9.0,11.0,0.014050128265393536,36.31538009643555,0.003998287560579072,47.709999084472656,0.03690043248877184,50.58000183105469,0.019922844317636468,15.869999885559082,0.008536664649606562,8.270000457763672,2.766,96.98953571428571,1394.2740555555556,121.0896
2023-02-24,31.12348175048828,5343000,0.018170794993500383,-0.01859830706201404,-0.09706258271708923,-0.12431537398603776,4.635714285714286,301.75475,3.517857142857143,21.67,121.5681,3.95,62.875,76.19,95.29438018798828,379.01220703125,-0.005749026797535084,-0.01068229738258586,82.82142857142857,9.0,11.0,-0.004529373806901993,36.15089416503906,-0.008593583216930822,47.29999923706055,-0.007315198362742303,50.209999084472656,-0.01953367789400351,15.5600004196167,-0.014510378789730827,8.149999618530273,2.957,96.96714642857143,1394.743,121.5681
2023-02-27,31.09566307067871,4815300,0.006559311511816546,-0.06897762834182963,-0.08186666288824018,-0.11124221105909848,4.644285714285715,301.7945,3.507142857142857,20.95,121.3941,3.92,62.35,75.57,96.13987731933594,380.3030700683594,0.008872476316858613,0.0034058613763934265,82.92857142857143,9.0,11.0,0.012847772546255465,36.615352630615234,0.013107800039856787,47.91999816894531,0.009759045755854734,50.70000076293945,0.00449869491879773,15.630000114440918,0.01472403004296563,8.270000457763672,3.069,96.89997857142856,1396.1498333333334,121.3941
2023-02-28,31.13274383544922,5244400,-0.0009268174456352751,-0.08595416983304793,-0.0587095476165328,-0.10780985832828305,4.647142857142858,301.80775,3.5035714285714286,20.7,121.3341,3.92,62.175,76.88,95.92138671875,378.8974609375,-0.00227263240476383,-0.0036960236229666155,82.96428571428571,9.0,11.0,0.013213321463416916,37.09916305541992,-0.0018780538674758596,47.83000183105469,0.02485203752608678,51.959999084472656,0.022392797519690255,15.979999542236328,0.003627537038771056,8.300000190734863,2.973,96.87758928571428,1396.6187777777777,121.3341
2023-03-01,31.197650909423828,3639500,0.012829658374251762,-0.11175746431675038,-0.04931466615767599,-0.10757473731936451,4.65,301.821,3.5,20.58,120.6347,4.01,62.0,77.57,96.30138397216797,377.4440612792969,0.003961548789240821,-0.0038358653937848874,83.0,9.0,11.0,0.004434094374037745,37.26366424560547,0.008153865246043557,48.220001220703125,0.008275602631876877,52.38999938964844,0.003128982843649153,16.030000686645508,-0.006024119227211244,8.25,3.016,96.8552,1397.0877222222223,120.6347
2023-03-02,31.447967529296875,3936700,-0.019536212004615305,-0.09659844083428515,-0.03554150852946225,-0.1372039385261532,4.655806451612904,301.85403225806454,3.496774193548387,19.59,121.1302,4.08,62.05483870967742,78.05,97.43189239501953,380.37945556640625,0.01173927493272875,0.007777031322628858,82.90322580645162,9.0,10.96774193548387,-0.002337014505684909,37.176578521728516,-0.004977222571362239,47.97999954223633,0.0032449319645566632,52.560001373291016,0.005614482141779842,16.1200008392334,0.008484811493844724,8.319999694824219,2.911,96.8848322580645,1397.5566666666666,121.1302
2023-03-03,31.68902015686035,3871900,-0.03611290191813943,-0.11670644094051508,-0.06787969524573989,-0.11552997552150202,4.661612903225807,301.88706451612904,3.4935483870967743,18.49,120.7742,3.97,62.10967741935484,79.62,98.48638916015625,386.47998046875,0.010822911669019497,0.0160379978809837,82.80645161290323,9.0,10.935483870967742,0.011192108206181217,37.5926628112793,0.00958730906338845,48.439998626708984,0.009512937346574768,53.060001373291016,0.014888322495247408,16.360000610351562,0.0,8.319999694824219,2.987,96.91446451612903,1398.0256111111112,120.7742
2023-03-06,31.29962921142578,5682200,-0.0750446983001849,-0.10422863591878617,-0.0553900604630585,-0.10661102180253279,4.679032258064517,301.9861612903226,3.4838709677419355,18.61,120.485,3.98,62.274193548387096,80.39,98.30590057373047,386.7477111816406,-0.0018326246699152948,0.0006927414780084629,82.51612903225806,9.0,10.838709677419354,-0.010038569448803658,37.21528625488281,-0.011147752191147497,47.900001525878906,-0.011684936497082798,52.439998626708984,-0.014669912112735939,16.1200008392334,0.009615375798129211,8.399999618530273,2.929,97.00336129032257,1399.4324444444444,120.485
2023-03-07,31.10388946533203,7739300,-0.0851062303264114,-0.06982316490014717,-0.05364081426611578,-0.08930162731070002,4.68483870967742,302.01919354838714,3.4806451612903224,19.59,121.4623,3.97,62.329032258064515,77.45,97.04238891601562,380.8194274902344,-0.012852856749602681,-0.015328555334673921,82.41935483870968,9.0,10.806451612903226,0.015860469769461316,37.805538177490234,0.012734796998382869,48.5099983215332,0.029938972843995826,54.0099983215332,0.014888322495247408,16.360000610351562,-0.028571402621105912,8.15999984741211,2.832,97.0329935483871,1399.901388888889,121.4623
2023-03-08,31.5979061126709,5850400,-0.12300895976030524,-0.1126845097273077,-0.0681417686144663,-0.09174043393728859,4.690645161290323,302.05222580645164,3.47741935483871,19.11,121.4511,3.98,62.383870967741935,76.56,97.27039337158203,381.44091796875,0.00234953465298271,0.0016319820724786105,82.3225806451613,9.0,10.774193548387096,0.01689300080369338,38.44418716430664,0.01443003065676729,49.209999084472656,0.00462877259339467,54.2599983215332,0.014058651201443118,16.59000015258789,-0.012254832066831978,8.0600004196167,2.8,97.0626258064516,1400.3703333333333,121.4511
2023-03-09,30.833593368530273,8594100,-0.07859773076089638,-0.10459514763465294,-0.027509323299238275,-0.07527222945049705,4.696451612903226,302.08525806451615,3.4741935483870967,22.61,121.4458,3.93,62.438709677419354,75.6,95.83589172363281,374.4033508300781,-0.014747567047141308,-0.018449953340476277,82.2258064516129,9.0,10.741935483870968,-0.031210628629161574,37.244319915771484,-0.03434258602216134,47.52000045776367,-0.039439724582504665,52.119998931884766,-0.0427968674874436,15.880000114440918,-0.04838713685095575,7.670000076293945,2.729,97.09225806451613,1400.8392777777779,121.4458
2023-03-10,30.54463768005371,13423400,-0.08361304885474363,-0.09581941312412545,-0.0018310014738806002,-0.06560863814066864,4.702258064516129,302.11829032258066,3.4709677419354836,24.8,121.2421,3.7,62.49354838709677,76.55,94.04988098144531,369.00091552734375,-0.018636136316630858,-0.01442945232930426,82.12903225806451,9.0,10.709677419354838,-0.03221631863981467,36.0444450378418,-0.029882196337617684,46.099998474121094,-0.02206442315328061,50.970001220703125,-0.026448367334204637,15.460000038146973,-0.018252915918254065,7.53000020980835,2.778,97.12189032258064,1401.3082222222222,121.2421
2023-03-13,28.95075798034668,12036000,-0.03155172748885182,-0.02929808443304971,0.03799121588480037,0.012878383849297625,4.719677419354839,302.21738709677425,3.4612903225806453,26.52,120.8897,3.55,62.65806451612903,74.68,93.51790618896484,368.4750671386719,-0.005656304791979649,-0.0014250598482130616,81.83870967741936,9.0,10.612903225806452,-0.0421476298400808,34.5252571105957,-0.0438177160504758,44.08000183105469,-0.0419854686756258,48.83000183105469,-0.03945664004994143,14.850000381469727,-0.05843294089784068,7.090000152587891,2.773,97.21078709677418,1402.7150555555556,120.8897
2023-03-14,28.456754684448242,15141200,0.016704743143804324,0.003275504229857118,0.055027653341742866,0.06288902435632204,4.725483870967742,302.25041935483875,3.458064516129032,23.73,121.0141,3.64,62.71290322580645,71.18,94.50590515136719,374.5659484863281,0.010564810555167448,0.01652996875732704,81.74193548387096,9.0,10.580645161290322,-0.005885473310079603,34.322059631347656,-0.04128864414518418,42.2599983215332,-0.05365559386311092,46.209999084472656,-0.012794648429417244,14.65999984741211,0.01128348688072367,7.170000076293945,2.644,97.2404193548387,1403.184,121.0141
2023-03-15,27.71108055114746,12768800,0.011772583252590119,0.05751756863898749,0.06525383370041427,0.12916252626631897,4.731290322580645,302.28345161290326,3.454838709677419,26.14,122.1079,3.51,62.76774193548387,67.38,92.17839813232422,372.2232971191406,-0.024628164931229102,-0.006254309492505827,81.64516129032258,9.0,10.548387096774194,-0.06315212459885289,32.15454864501953,-0.04448644884256969,40.380001068115234,-0.06643583111118889,43.13999938964844,-0.05457027278728688,13.859999656677246,-0.034867503115735055,6.920000076293945,2.529,97.27005161290322,1403.6529444444445,122.1079
2023-03-16,28.41014289855957,9480400,-0.02821505626985843,0.04396339278623018,0.06003962243414729,0.11450157055036292,4.737096774193549,302.3164838709678,3.4516129032258065,22.99,121.7221,3.56,62.82258064516129,68.15,93.36590576171875,378.7540283203125,0.012882710629119831,0.017545197336429785,81.54838709677419,9.0,10.516129032258064,0.014444802198853024,32.619014739990234,0.002476435648241182,40.47999954223633,0.010431172213865025,43.59000015258789,0.018759035737535346,14.119999885559082,0.026011535600303448,7.099999904632568,2.566,97.29968387096774,1404.1218888888889,121.7221
2023-03-17,27.990707397460938,7742700,-0.01332009829922498,0.08358316538550237,0.06759918371085027,0.14052599788813658,4.742903225806452,302.3495161290323,3.4483870967741934,25.51,121.5643,3.39,62.877419354838715,66.61,91.83638000488281,374.32537841796875,-0.016382058786421183,-0.01169268066133522,81.45161290322581,9.0,10.483870967741936,-0.022248765302374185,31.893281936645508,-0.029397199608842794,39.290000915527344,-0.01261755529101305,43.040000915527344,-0.009915038559308753,13.979999542236328,-0.0253520888389277,6.920000076293945,2.5,97.32931612903225,1404.5908333333334,121.5643
2023-03-20,28.037311553955078,5734100,0.0023270660083460903,0.05352394679973482,0.07879003180080901,0.15199842499394212,4.760322580645162,302.4486129032258,3.4387096774193546,24.15,121.0141,3.47,63.04193548387097,67.56,93.0526351928711,377.9247131347656,0.013243718752019795,0.00961552415176592,81.16129032258064,9.0,10.387096774193548,0.005461369100962177,32.06746292114258,-0.0005090470169922812,39.27000045776367,0.0011616922861752421,43.09000015258789,-0.0014305797384994712,13.960000038146973,-0.01589597287595923,6.809999942779541,2.497,97.41821290322581,1405.9976666666666,121.0141
2023-03-21,28.932117462158203,6676800,-0.013208592764524907,0.021907259142176505,0.037693254070437554,0.11248327318999407,4.766129032258065,302.4816451612904,3.435483870967742,21.38,120.8958,3.59,63.09677419354839,69.4,94.13052368164062,382.8870849609375,0.011583642811784811,0.01313058303335235,81.06451612903226,9.0,10.35483870967742,0.022631259700322204,32.793190002441406,0.03284952636847538,40.560001373291016,0.027152428981252807,44.2599983215332,0.02936961649654357,14.369999885559082,0.02055798350395488,6.949999809265137,2.502,97.44784516129032,1406.4666111111112,120.8958
2023-03-22,28.037311553955078,5687100,0.04521271493574064,0.049867119068199406,0.06881644471770909,0.14564846751883342,4.771935483870968,302.5146774193549,3.432258064516129,22.26,120.6217,3.48,63.15161290322581,70.71,92.32765197753906,376.36016845703125,-0.019152891470136324,-0.017046583079635913,80.96774193548387,9.0,10.32258064516129,-0.03304818753782046,31.709434509277344,-0.028599600792320823,39.400001525878906,-0.0325349905403951,42.81999969482422,-0.03827419590222669,13.819999694824219,-0.03165464693946696,6.730000019073486,2.507,97.47747741935483,1406.9355555555555,120.6217
2023-03-23,27.608549118041992,4993300,0.07427409687892039,0.06650910121161346,0.08575278011881449,0.15156170044403283,4.7777419354838715,302.5477096774194,3.4290322580645163,22.61,119.7587,3.38,63.20645161290323,69.77,92.06057739257812,377.3776550292969,-0.0028926825197060912,0.002703491648537115,80.87096774193549,9.0,10.290322580645162,-0.01922480504516244,31.09982681274414,-0.02284267743715096,38.5,-0.027090141421750702,41.65999984741211,-0.013748160968082956,13.630000114440918,-0.01485882679779471,6.630000114440918,2.477,97.50710967741935,1407.4045,119.7587
2023-03-24,27.617868423461914,6308100,0.09821144985084995,0.08572398203638931,0.05602450655630897,0.15354816672176663,4.783548387096775,302.5807419354839,3.425806451612903,21.74,120.4598,3.38,63.26129032258065,69.22,92.44212341308594,379.8540344238281,0.004144510400806656,0.006562072135243513,80.7741935483871,9.0,10.258064516129032,-0.017112569644678,30.567628860473633,-0.009610361867136819,38.130001068115234,-0.00720113389724808,41.36000061035156,0.006603092577566194,13.720000267028809,0.010558023169826347,6.699999809265137,2.528,97.53674193548386,1407.8734444444444,120.4598
2023-03-27,28.102556228637695,5115900,0.05107801886990293,0.08490879460897927,0.02487567220288156,0.17533095427374534,4.800967741935484,302.6798387096774,3.4161290322580644,20.6,120.2541,3.53,63.42580645161291,72.87,93.21477508544922,380.564208984375,0.008358220731371713,0.0018695985725782904,80.48387096774194,9.0,10.161290322580646,0.017093902431643215,31.09014892578125,0.022554434467894735,38.9900016784668,0.014023162664370536,41.939998626708984,0.01603493506360798,13.9399995803833,0.01791050236005942,6.820000171661377,2.726,97.62563870967742,1409.2802777777779,120.2541
2023-03-28,28.549964904785156,4056300,0.03558589145509439,0.05256285172420516,-0.02448604406989552,0.16413306321769516,4.806774193548387,302.71287096774194,3.4129032258064513,19.97,119.7138,3.55,63.480645161290326,73.12,93.69172668457031,379.71002197265625,0.00511669527372538,-0.002244527970715726,80.38709677419355,9.0,10.129032258064516,0.010582022592126483,31.419145584106445,0.021031024865974413,39.810001373291016,0.011206514928300715,42.40999984741211,0.0028694378089735295,13.979999542236328,0.014662742245680649,6.920000076293945,2.695,97.65527096774193,1409.7492222222222,119.7138
2023-03-29,29.304954528808594,4730900,0.004453068802119375,0.02449103229083427,-0.036577542807855856,0.1494889820749954,4.81258064516129,302.7459032258065,3.4096774193548387,19.12,119.7258,3.57,63.535483870967745,72.95,95.05579376220703,385.2290344238281,0.014559098502145096,0.014534808490172857,80.29032258064517,9.0,10.096774193548388,0.026177948811125562,32.241634368896484,0.02059783136240645,40.630001068115234,0.024994137635105274,43.470001220703125,0.026466441441256983,14.350000381469727,0.026011535600303448,7.099999904632568,2.577,97.68490322580645,1410.2181666666668,119.7258
2023-03-30,29.659149169921875,5097100,-0.007228132643118279,-0.004714038694435763,-0.03865482147322019,0.14397576941795776,4.8183870967741935,302.778935483871,3.4064516129032256,19.02,119.4078,3.55,63.590322580645164,74.32,95.25611877441406,387.4846496582031,0.0021074466297990035,0.005855257607331188,80.19354838709677,9.0,10.064516129032258,0.02370967365996335,33.006072998046875,0.008614286608910726,40.97999954223633,0.0055209997016338885,43.709999084472656,0.008362361140703545,14.470000267028809,0.0,7.099999904632568,2.566,97.71453548387096,1410.687111111111,119.4078
2023-03-31,30.330259323120117,5193400,-0.011370731762227249,-0.00706826042425035,-0.07928710671646988,0.14430519178625856,4.824193548387097,302.8119677419355,3.403225806451613,18.7,119.3602,3.48,63.645161290322584,75.68,96.5152587890625,392.94610595703125,0.013218468596545963,0.014094639113176877,80.09677419354838,9.0,10.03225806451613,0.02374639750800478,33.78984832763672,0.023914093537904524,41.959999084472656,0.012354173572132865,44.25,0.019350361285700668,14.75,0.025352155999091686,7.28000020980835,2.541,97.74416774193548,1411.1560555555557,119.3602
2023-04-03,29.537979125976562,6081300,0.032186740785855594,0.011675722349559603,-0.02840000082653127,0.18070827011660806,4.8453333333333335,302.87760000000003,3.413333333333333,18.55,119.3204,3.43,63.38666666666667,80.4,96.68695831298828,394.44342041015625,0.0017789883804906204,0.0038104829909899607,79.73333333333333,9.0,9.933333333333334,-0.015177234633497294,33.27701187133789,0.0030982142743500862,42.09000015258789,-0.020339017533986592,43.349998474121094,-0.022372876183461288,14.420000076293945,-0.015109908014315887,7.170000076293945,2.573,97.76191999999999,1411.6165604395605,119.3204
2023-04-04,29.565940856933594,4715500,0.016393580106867534,0.023014027162515438,-0.07660781824839424,0.17578840374095517,4.853,302.89390000000003,3.42,19.0,119.142,3.35,63.230000000000004,80.7,94.5216064453125,392.2550048828125,-0.02239549061690671,-0.005548110106813664,79.6,9.0,9.9,-0.01366685279506119,32.82221984863281,-0.0028510081123719333,41.970001220703125,-0.018685065446479743,42.540000915527344,-0.018030528953274283,14.15999984741211,-0.018131117581258516,7.039999961853027,2.581,97.75598,1411.6123406593406,119.142
2023-04-05,29.43545150756836,4196400,0.01994912864631071,0.01994912864631071,-0.060798032535427815,0.1965989777260606,4.860666666666667,302.91020000000003,3.4266666666666667,19.08,119.2953,3.3,63.07333333333334,80.69,93.29109954833984,391.2279968261719,-0.013018260514696123,-0.0026182153034540745,79.46666666666667,9.0,9.866666666666667,-0.013561249759999505,32.37710952758789,-0.00047654174843836383,41.95000076293945,-0.011988766461081934,42.029998779296875,-0.019067761793705174,13.890000343322754,-0.019886344779005638,6.900000095367432,2.588,97.75004,1411.6081208791209,119.2953
2023-04-06,29.44476890563965,2979700,0.0025323984606613337,0.017727113110451054,-0.06331112750549162,0.22231477439506397,4.868333333333333,302.92650000000003,3.433333333333333,18.4,119.3072,3.3,62.91666666666667,80.7,93.26248168945312,392.754150390625,-0.00030675872645158364,0.003900931366962457,79.33333333333333,9.0,9.833333333333334,0.006873783868328154,32.59966278076172,0.0021454148021708974,42.040000915527344,0.01498931921039115,42.65999984741211,0.008639300402664807,14.010000228881836,0.002898547920302308,6.920000076293945,2.517,97.7441,1411.6039010989011,119.3072
2023-04-10,29.985382080078125,4487400,0.004351956265310708,-0.000310922171753214,-0.07895559410560771,0.22433937943801951,4.899,302.99170000000004,3.46,18.97,119.7948,3.41,62.29,79.79,94.1114501953125,393.1572570800781,0.009103001447959391,0.001026358827913576,78.8,9.0,9.7,0.008311211370817473,32.87060546875,0.009276864442322008,42.43000030517578,0.011017375114492411,43.130001068115234,0.00999281851258127,14.149999618530273,0.02167631412047122,7.070000171661377,2.53,97.72034,1411.587021978022,119.7948
2023-04-11,30.488710403442383,6179500,-0.01987142212336479,-0.04341162718609137,-0.10608372357226659,0.1847653389628252,4.906666666666666,303.00800000000004,3.466666666666667,19.1,119.5248,3.43,62.13333333333333,81.54,94.67424011230469,393.2628479003906,0.005980036603667305,0.0002685714644992121,78.66666666666667,9.0,9.666666666666666,0.017956947518531274,33.46086120605469,0.017676172392308676,43.18000030517578,0.02759097141754352,44.31999969482422,0.012014139991305628,14.319999694824219,0.021216352883768774,7.21999979019165,2.506,97.7144,1411.5828021978023,119.5248
2023-04-12,30.05063247680664,12377200,0.006513664770444461,-0.04156339379300256,-0.10142698410542406,0.15495316907080636,4.914333333333333,303.02430000000004,3.473333333333333,19.09,119.003,3.41,61.97666666666667,83.26,94.98902130126953,391.659912109375,0.0033248874096210024,-0.0040759909042351605,78.53333333333333,9.0,9.633333333333333,-0.02429167706010016,32.648040771484375,-0.027790661288985996,41.97999954223633,-0.06498197400600536,41.439998626708984,-0.09217875160299871,13.0,-0.03739612032860551,6.949999809265137,2.533,97.70846,1411.5785824175823,119.003
2023-04-13,30.022663116455078,8621400,0.0,-0.07233781700505226,-0.11114561512000687,0.13480620274219612,4.922,303.04060000000004,3.48,17.8,118.3915,3.45,61.82,82.16,95.34197235107422,396.8622131347656,0.0037157036146868716,0.013282699772290796,78.4,9.0,9.6,-0.010966072511873648,32.29001998901367,0.009528383283483821,42.380001068115234,0.012789638309798068,41.970001220703125,-0.0038461685180664062,12.949999809265137,0.0,6.949999809265137,2.506,97.70251999999999,1411.5743626373626,118.3915
2023-04-14,29.51933479309082,6606200,0.015156332775998482,-0.04357427096707667,-0.08272807140933047,0.15129886455277441,4.929666666666667,303.05690000000004,3.486666666666667,17.07,118.8567,3.52,61.663333333333334,82.58,95.22750091552734,395.8927917480469,-0.0012006405229940675,-0.0024427152664936447,78.26666666666667,9.0,9.566666666666666,0.01198669523257645,32.67707061767578,-0.01109016538125418,41.90999984741211,-0.007148035335529768,41.66999816894531,-0.012355200754337936,12.789999961853027,-0.023021561410521363,6.789999961853027,2.413,97.69658,1411.5701428571429,118.8567
2023-04-17,30.115877151489258,4447600,-0.004642673724062685,-0.05323428202718117,-0.11668212957901547,0.14311690132736588,4.9526666666666666,303.1058,3.506666666666667,16.95,119.2787,3.6,61.193333333333335,80.93,95.9810791015625,397.3133850097656,0.007913451248748204,0.003588328182097422,77.86666666666666,9.0,9.466666666666667,0.024282000976407314,33.47053527832031,0.017418266401673765,42.63999938964844,0.017038707232270855,42.380001068115234,0.024237718572423406,13.100000381469727,0.001472787767013095,6.800000190734863,2.363,97.67876,1411.5574835164834,119.2787
2023-04-18,29.882856369018555,21631400,-0.02401746627337853,-0.06550229099311344,-0.06799775556906285,0.17115777314205594,4.960333333333333,303.1221,3.513333333333333,16.83,119.1049,3.58,61.03666666666667,80.85,96.43895721435547,397.572509765625,0.004770503906384116,0.0006521923641031879,77.73333333333333,9.0,9.433333333333334,0.022260744691763312,34.215614318847656,-0.002110697792592875,42.54999923706055,0.015573379678573529,43.040000915527344,0.014503784339736425,13.289999961853027,0.014705867915830284,6.900000095367432,2.31,97.67282,1411.5532637362637,119.1049
2023-04-19,30.24637222290039,6395200,-0.04776592732539986,-0.05115561354310594,-0.0767335464354788,0.14871813951611235,4.968,303.1384,3.52,16.46,119.303,3.6,60.88,79.18,96.36264038085938,397.50531005859375,-0.0007913485970868495,-0.00016902503412741243,77.6,9.0,9.4,0.01611999797534236,34.76716995239258,0.02585199315022013,43.650001525878906,0.07504645616935979,46.27000045776367,0.025583156776810334,13.630000114440918,0.014492739601511984,7.0,2.288,97.66688,1411.549043956044,119.303
2023-04-20,30.022663116455078,5003100,-0.07233781700505226,-0.09065499860805126,-0.08475614722307179,0.1625831722734481,4.975666666666666,303.1547,3.526666666666667,17.17,119.1199,3.54,60.723333333333336,77.27,96.19093322753906,395.3360900878906,-0.0017818851023764237,-0.005457084259788525,77.46666666666667,9.0,9.366666666666667,-0.03590331583096562,33.51891326904297,-0.002061859093739793,43.560001373291016,-0.02982496335557483,44.88999938964844,-0.02274397777064252,13.319999694824219,-0.03142854145595009,6.78000020980835,2.233,97.66094,1411.5448241758243,119.1199
2023-04-21,29.966739654541016,4329500,-0.05785375301011342,-0.07744938929561218,-0.0880249009592009,0.16318929640138302,4.983333333333333,303.171,3.533333333333333,16.77,119.3117,3.57,60.56666666666667,77.86,95.97154998779297,395.64324951171875,-0.0022807060123550826,0.0007769577115002146,77.33333333333333,9.0,9.333333333333334,-0.008949010001613744,33.21895217895508,0.019513279323316812,44.40999984741211,-0.009801707121663394,44.45000076293945,0.006006000415836432,13.399999618530273,0.020648947220246905,6.920000076293945,2.246,97.655,1411.5406043956043,119.3117
2023-04-24,29.976058959960938,4586500,-0.04881825553534691,-0.07991282563447089,-0.08333320607520145,0.11062562133782916,5.006333333333333,303.2199,3.5533333333333332,16.89,119.2039,3.52,60.096666666666664,78.64,96.20047760009766,396.0559387207031,0.0023853695426800936,0.0010430841660857837,76.93333333333334,9.0,9.233333333333333,-0.0061172586734563605,33.015743255615234,-0.008106296140249603,44.04999923706055,-0.011698547780391144,43.93000030517578,-0.005970143730110733,13.319999694824219,-0.014450853111279693,6.820000171661377,2.274,97.63718,1411.5279450549451,119.2039
2023-04-25,29.165145874023438,4956000,-0.04250570403276821,-0.05305227881406349,-0.07510397009051639,0.16495903193892114,5.013999999999999,303.2362,3.56,18.76,119.613,3.4,59.94,77.05,94.42622375488281,389.76910400390625,-0.018443295599740783,-0.015873602948876187,76.8,9.0,9.2,-0.029601338158511514,32.03843307495117,-0.035187270463253206,42.5,-0.03277939031881416,42.4900016784668,-0.03603600249501826,12.84000015258789,-0.005865096898272193,6.78000020980835,2.201,97.63124,1411.5237252747252,119.613
2023-04-26,28.801626205444336,6638100,-0.003559719521677218,-0.05372167937597727,-0.05372167937597727,0.07425418766866754,5.0216666666666665,303.2525,3.566666666666667,18.84,119.3228,3.43,59.78333333333333,74.33,92.64244079589844,388.11810302734375,-0.01889075818190955,-0.004235843630504776,76.66666666666667,9.0,9.166666666666666,-0.010872895190829346,31.690082550048828,-0.006117607565487182,42.2400016784668,-0.009178705317475888,42.099998474121094,-0.007788191610696438,12.739999771118164,0.014749248014462202,6.880000114440918,2.142,97.62530000000001,1411.5195054945054,119.3228
2023-04-27,27.850889205932617,23081000,-0.019745530149630652,-0.030455104877883277,-0.0076972928224962045,0.13380339130141183,5.029333333333333,303.2688,3.5733333333333333,17.03,119.4298,3.53,59.626666666666665,74.77,94.47393035888672,395.8448486328125,0.01976944419052229,0.019908232945589743,76.53333333333333,9.0,9.133333333333333,0.01771018848937067,32.251319885253906,0.017282185445756548,42.970001220703125,0.01733974782403669,42.83000183105469,0.01098903813484653,12.880000114440918,0.010174374078467219,6.949999809265137,2.142,97.61936,1411.5152857142857,119.4298
2023-04-28,28.233051300048828,10931200,-0.020798932594706887,-0.054803695384147644,-0.016176932560928226,0.13372318397540917,5.037,303.2851,3.58,15.78,119.2248,3.44,59.47,76.78,95.38966369628906,399.223388671875,0.009692973859811493,0.008535010751640426,76.4,9.0,9.1,0.029402719738269356,33.1995964050293,0.011403254592728507,43.459999084472656,0.02264761532890125,43.79999923706055,0.05900622842617298,13.640000343322754,0.02733813847982658,7.139999866485596,2.159,97.61342,1411.511065934066,119.2248
2023-05-01,28.512680053710938,7183300,-0.03269046139717979,-0.05034331724113206,-0.023537185721770326,0.09861443578023632,5.06,303.334,3.6,16.08,119.4435,3.59,59.0,75.65,95.9047622680664,398.8203430175781,0.005399941165715516,-0.0010095742527453933,76.0,9.0,9.0,0.011949914254444582,33.59632873535156,0.0006903496232437689,43.4900016784668,0.013926954816826154,44.40999984741211,0.018328445286468265,13.890000343322754,-0.012604996839451155,7.050000190734863,2.169,97.5956,1411.4984065934066,119.4435
2023-05-02,27.925460815429688,6812100,-0.011014765127808301,-0.04739647280537973,-0.02837118051628229,0.11970288335811308,5.0606451612903225,303.35593548387095,3.6,17.78,119.6105,3.44,59.16774193548387,71.71,94.90316009521484,394.3377990722656,-0.010443716757797206,-0.011239506769881391,76.38709677419355,9.096774193548388,9.064516129032258,-0.005472417860365897,33.4124755859375,-0.0027593180489907665,43.369998931884766,0.0027020700809967657,44.529998779296875,-0.008639300402664807,13.770000457763672,0.007092157807799149,7.099999904632568,2.102,97.57386129032258,1411.4941868131868,119.6105
2023-05-03,28.699100494384766,8755300,-0.05034116026524005,-0.029555326607470067,-0.023384428396220458,0.053277904620806504,5.0612903225806445,303.37787096774196,3.6,18.34,119.1233,3.38,59.33548387096774,68.62,94.54070281982422,391.631103515625,-0.003819232942580353,-0.0068639008560896775,76.7741935483871,9.193548387096774,9.129032258064516,-0.011584129477741456,33.025421142578125,0.002305794126843841,43.470001220703125,-0.0011228214334421116,44.47999954223633,0.0014523967628541357,13.789999961853027,-0.0042253145597392905,7.070000171661377,2.044,97.55212258064516,1411.4899670329671,119.1233
2023-05-04,27.30095863342285,8760200,-0.01092530058025376,0.02287473456123612,0.024240362201869425,0.12334991317676613,5.061935483870967,303.3998064516129,3.6,20.09,119.0465,3.37,59.50322580645161,68.52,93.51048278808594,388.8572082519531,-0.010897105701675125,-0.0070829289062358525,77.16129032258064,9.290322580645162,9.193548387096774,-0.03076449139096471,32.0094108581543,-0.03174605542587361,42.09000015258789,-0.03507197368133297,42.91999816894531,-0.020304549220141244,13.510000228881836,-0.038189529613981144,6.800000190734863,2.05,97.53038387096774,1411.4857472527472,119.0465
2023-05-05,27.64583396911621,5809000,-0.03472704832680307,-0.006068766381781554,0.02461229970597567,0.1174709175191293,5.06258064516129,303.42174193548385,3.6,17.19,118.5548,3.44,59.670967741935485,71.32,94.92224884033203,396.0559387207031,0.015097409511246385,0.018512529319208992,77.54838709677419,9.387096774193548,9.258064516129032,0.025997384125395095,32.84157180786133,0.02542170802910837,43.15999984741211,0.0440354912622809,44.810001373291016,0.026646902337398526,13.869999885559082,0.032352909414826936,7.019999980926514,2.15,97.50864516129033,1411.4815274725274,118.5548
2023-05-08,27.58058738708496,6960100,-0.018249438405673057,-0.009124788358311986,0.04055436135575441,0.14627441127770902,5.064516129032258,303.48754838709675,3.6,16.98,118.5759,3.52,60.174193548387095,73.13,94.57886505126953,396.16156005859375,-0.003617526904994617,0.0002666828787665221,78.70967741935483,9.67741935483871,9.451612903225806,0.007660623417612422,33.09315872192383,0.0069508627924272925,43.459999084472656,0.023432251838456652,45.86000061035156,0.03532802993230977,14.359999656677246,0.007122534312067552,7.070000171661377,2.213,97.44342903225807,1411.468868131868,118.5759
2023-05-09,27.617868423461914,4653900,-0.036786906815927445,-0.005062322695947752,0.03239973543681818,0.14099488270385385,5.06516129032258,303.50948387096776,3.6,17.71,118.8239,3.53,60.34193548387097,73.68,94.7887191772461,394.42425537109375,0.002218826858017442,-0.0043853439168682895,79.09677419354838,9.774193548387096,9.516129032258064,0.0,33.09315872192383,0.010124308575134133,43.900001525878906,0.010902747347263153,46.36000061035156,0.007660209817652364,14.470000267028809,-0.00848655464253567,7.010000228881836,2.233,97.42169032258064,1411.4646483516483,118.8239
2023-05-10,27.25435447692871,7088200,0.021887685122349287,-0.010259896140640046,0.04719580217999253,0.16343338163811372,5.065806451612903,303.5314193548387,3.6,16.94,118.5864,3.43,60.50967741935484,72.53,94.44530487060547,396.2671203613281,-0.003622944899154823,0.0046722912324459465,79.48387096774194,9.870967741935484,9.580645161290322,-0.01169613562749705,32.70609664916992,-0.01799546442069344,43.11000061035156,-0.01811907121503209,45.52000045776367,-0.00898411278796829,14.34000015258789,-0.009985758826792868,6.940000057220459,2.254,97.39995161290322,1411.4604285714286,118.5864
2023-05-11,27.002687454223633,5568900,0.034173389695762335,0.009320073164262421,0.08595105594791619,0.16941814350804907,5.066451612903226,303.5533548387097,3.6,16.93,119.0303,3.39,60.67741935483871,70.81,93.87298583984375,395.5760803222656,-0.006059793353897502,-0.0017438742796334061,79.87096774193549,9.96774193548387,9.64516129032258,-0.017159672006519466,32.14487075805664,-0.0013918202839600102,43.04999923706055,-0.009666050577421315,45.08000183105469,-0.018828483604649504,14.069999694824219,-0.012968321591619203,6.849999904632568,2.215,97.37821290322582,1411.4562087912088,119.0303
2023-05-12,26.685775756835938,5101500,0.02968930383405599,0.03562710742138253,0.1334267550813979,0.17733666823147853,5.067096774193548,303.57529032258066,3.6,17.03,119.3671,3.46,60.84516129032258,70.02,93.93975830078125,395.05780029296875,0.0007113064566990346,-0.0013101905172695494,80.25806451612904,10.064516129032258,9.709677419354838,0.00030107095579046117,32.15454864501953,-0.0076654592846853165,42.720001220703125,0.0,45.08000183105469,-0.0035536061226028037,14.020000457763672,-0.016058413875307154,6.739999771118164,2.153,97.3564741935484,1411.451989010989,119.3671
2023-05-15,27.07725715637207,5574500,0.00929426516705334,0.02581760673799005,0.15559391928069055,0.14612672149839812,5.0690322580645155,303.64109677419356,3.6,17.12,119.1608,3.5,61.348387096774196,71.07,94.39762115478516,396.4206848144531,0.00487400502498514,0.0034498357467531715,81.41935483870968,10.35483870967742,9.903225806451612,0.014745663901886807,32.62868881225586,0.014513083196830534,43.34000015258789,0.002661910537059997,45.20000076293945,0.018544883503448295,14.279999732971191,0.028189920426204607,6.929999828338623,2.218,97.29125806451613,1411.4393296703297,119.1608
2023-05-16,26.601892471313477,5016900,0.032936205232747096,0.04660117087100768,0.19025926122170755,0.15956274060190356,5.069677419354838,303.6630322580645,3.6,17.99,119.1743,3.54,61.516129032258064,70.85,93.11940002441406,393.7715148925781,-0.013540819299621698,-0.0066827237411059,81.80645161290323,10.451612903225806,9.96774193548387,0.0029655991203514365,32.7254524230957,-0.01615137887574869,42.63999938964844,0.0033185333772078884,45.349998474121094,-0.005602235658404231,14.199999809265137,-0.01731600123110688,6.809999942779541,2.183,97.2695193548387,1411.43510989011,119.1743
2023-05-17,27.850889205932617,8269400,-0.03145901622167058,-0.025769614571048205,0.14625171390519598,0.08434676970175148,5.070322580645161,303.6849677419355,3.6,16.87,119.607,3.57,61.68387096774194,72.78,94.72193145751953,398.5515441894531,0.01720942609902254,0.012139093652264288,82.19354838709677,10.548387096774194,10.032258064516128,0.062389283512424454,34.76716995239258,0.06121014652230938,45.25,0.05292175538326571,47.75,0.05000000335800814,14.90999984741211,0.06020555812879569,7.21999979019165,2.251,97.2477806451613,1411.43089010989,119.607
2023-05-18,27.925460815429688,7223200,-0.02403205959380872,0.003671474540235753,0.1566125610136586,0.07876690528450814,5.070967741935484,303.70690322580646,3.6,16.05,120.0886,3.65,61.851612903225806,71.82,95.40873718261719,402.390869140625,0.007250757185052414,0.009633195523003346,82.58064516129032,10.64516129032258,10.096774193548388,-0.0011132317790037982,34.72846603393555,-0.0028729517815521133,45.119998931884766,0.007958137552151578,48.130001068115234,0.00938969448393756,15.050000190734863,0.0,7.21999979019165,2.238,97.22604193548388,1411.4266703296703,120.0886
2023-05-19,27.478057861328125,4717700,0.005766597327190981,0.017639015838498695,0.1713526806389598,0.08848842071477048,5.071612903225806,303.7288387096774,3.6,16.81,119.7751,3.7,62.01935483870968,71.57,95.17981719970703,401.8053894042969,-0.002399360788855165,-0.0014550025391444343,82.96774193548387,10.741935483870968,10.161290322580646,-0.008359092556244563,34.438167572021484,-0.013297838836983988,44.52000045776367,-0.012258469551099771,47.540000915527344,-0.015282424783770954,14.819999694824219,-0.018005490496047383,7.090000152587891,2.194,97.20430322580646,1411.4224505494506,119.7751
2023-05-22,27.328920364379883,4655900,0.016371183450846205,0.0364939830299984,0.1753447478665362,0.08002798671852229,5.073548387096774,303.7946451612903,3.6,17.21,120.0875,3.72,62.52258064516129,71.81,95.1607437133789,401.9685974121094,-0.0002003942315638163,0.0004061867065905389,84.12903225806451,11.032258064516128,10.35483870967742,-0.003652733751532411,34.312374114990234,0.00898467446246154,44.91999816894531,-0.0027345617503505837,47.40999984741211,-0.02968958093413243,14.380000114440918,-0.02115657152880046,6.940000057220459,2.201,97.13908709677419,1411.4097912087911,120.0875
2023-05-23,27.478057861328125,5819400,0.013229244525494677,0.04443700640048154,0.15703038146337023,0.0765532523842154,5.074193548387097,303.8165806451613,3.6,18.53,120.3204,3.7,62.690322580645166,72.87,94.01605224609375,397.4573669433594,-0.012029030276738184,-0.011222843022548279,84.51612903225806,11.129032258064516,10.419354838709678,0.01269057852757527,34.74781799316406,-0.0020034804443256338,44.83000183105469,0.009702575109747924,47.869998931884766,-0.021557748063255278,14.069999694824219,-0.008645524824904882,6.880000114440918,2.169,97.11734838709678,1411.4055714285714,120.3204
2023-05-24,26.974727630615234,6072400,0.005874198145366716,0.05701456727037302,0.18105146138674244,0.08448313971634214,5.07483870967742,303.83851612903226,3.6,20.03,120.4752,3.73,62.85806451612903,74.37,92.80460357666016,394.577880859375,-0.012885551355236058,-0.007244767171203814,84.90322580645162,11.225806451612904,10.483870967741936,-0.02729057588749151,33.799530029296875,-0.01784526029627853,44.029998779296875,-0.025276772748509813,46.65999984741211,-0.019189730628684898,13.800000190734863,-0.01744184354113687,6.760000228881836,2.225,97.09560967741936,1411.4013516483517,120.4752
2023-05-25,27.25435447692871,5832700,0.028385700991893748,0.04719580217999253,0.211909247665236,0.07335645533657709,5.075483870967742,303.86045161290326,3.6,19.14,120.8413,3.83,63.02580645161291,71.68,93.10984802246094,397.9948425292969,0.003289108880774938,0.008659790210439278,85.29032258064517,11.32258064516129,10.548387096774194,0.023475612233565757,34.592994689941406,0.02475585243714362,45.119998931884766,0.017573932651216984,47.47999954223633,0.0420289793978017,14.380000114440918,0.010354984090850783,6.829999923706055,2.151,97.07387096774194,1411.397131868132,120.8413
2023-05-26,27.636512756347656,4414400,0.011804347592034192,0.06104548040745672,0.2026104158793145,0.05410652078071476,5.0761290322580646,303.8823870967742,3.6,17.95,120.6304,3.8,63.193548387096776,72.35,93.80619049072266,403.149169921875,0.007478719845979587,0.012950739159889313,85.6774193548387,11.419354838709678,10.612903225806452,0.0039161496484585445,34.72846603393555,-0.00044327256731246933,45.099998474121094,-0.00463355566184076,47.2599983215332,-0.002086212290156042,14.350000381469727,0.0,6.829999923706055,2.184,97.05213225806452,1411.392912087912,120.6304
2023-05-30,27.77632713317871,5567600,0.019798671889565078,0.08892626724471508,0.2127493382966663,0.0730891975063852,5.078709677419355,303.97012903225806,3.6,17.46,120.5546,3.69,63.86451612903226,69.45,93.66310119628906,403.3027038574219,-0.0015253715526135636,0.0003808365414137427,87.2258064516129,11.806451612903226,10.870967741935484,0.010866271105473002,35.1058349609375,0.0024390380060586025,45.209999084472656,0.015869657779024493,48.0099983215332,0.018815295952048006,14.619999885559082,-0.002928254926782059,6.809999942779541,2.11,96.96517741935484,1411.3760329670329,120.5546
2023-05-31,27.841571807861328,7024100,0.030800297211715177,0.12387023033907929,0.21865777643929896,0.06451653565574622,5.079354838709677,303.99206451612906,3.6,17.94,120.9662,3.64,64.03225806451613,68.11,92.38489532470703,401.0663757324219,-0.013646845505396077,-0.005545036280715343,87.61290322580645,11.903225806451612,10.935483870967742,0.0013781699103228018,35.15421676635742,-0.0061932931866180985,44.93000030517578,-0.011247596744611399,47.470001220703125,0.010943902097437785,14.779999732971191,0.0029368547862793637,6.829999923706055,2.091,96.94343870967742,1411.3718131868131,120.9662
2023-06-01,27.133182525634766,8699100,0.050841714818114614,0.16695300487107678,0.27913757182297094,0.09127290360014295,5.08,304.014,3.6,15.65,120.0491,3.61,64.2,70.09,93.56773376464844,404.8768615722656,0.012803374791777955,0.009500885814436755,88.0,12.0,11.0,0.0013765987117093648,35.20261001586914,-0.002003119340676318,44.84000015258789,-0.0012639850800097996,47.40999984741211,-0.005412714827564669,14.699999809265137,0.0,6.829999923706055,2.165,96.9217,1411.3675934065934,120.0491
2023-06-02,28.02798843383789,9546100,0.018290901137536508,0.13900894320130108,0.24431820424426753,0.050415733849763056,5.081333333333333,304.03383333333335,3.5966666666666667,14.6,120.0049,3.69,64.44333333333334,71.76,96.28633117675781,410.7318115234375,0.02905486007545588,0.014461063367353866,87.8,12.033333333333333,11.0,0.017317008073013174,35.81221389770508,0.028099873265956754,46.099998474121094,0.02299093347597614,48.5,0.011564631190457364,14.869999885559082,0.05124449612623905,7.179999828338623,2.219,96.93456,1411.3633736263737,120.0049
2023-06-05,27.962743759155273,4999500,0.04866665470711795,0.15507044049086627,0.24320026334653222,0.0370264896953596,5.085333333333334,304.09333333333336,3.586666666666667,14.73,120.0048,3.69,65.17333333333333,72.14,95.61859893798828,409.9447937011719,-0.0069348601261350895,-0.001916135541940367,87.2,12.133333333333333,11.0,0.002431625965052975,35.899295806884766,0.003904562063637096,46.279998779296875,-0.004948488215810287,48.2599983215332,-0.004034933853674816,14.8100004196167,-0.027855127304566296,6.980000019073486,2.225,96.97314,1411.3507142857143,120.0048
2023-06-06,28.326261520385742,4460900,0.06778553185116887,0.1362776097881917,0.24345498813927757,-0.0028979634463908166,5.086666666666667,304.1131666666667,3.5833333333333335,13.96,119.9718,3.7,65.41666666666667,71.71,96.21955871582031,410.83740234375,0.006284967407039321,0.002177387434340261,87.0,12.166666666666666,11.0,0.014555321367983654,36.42182159423828,0.02549698220181562,47.459999084472656,0.010982233991451595,48.790000915527344,0.008102625398992869,14.930000305175781,0.06017193053671299,7.400000095367432,2.238,96.986,1411.3464945054945,119.9718
2023-06-07,28.699100494384766,5088700,0.09028900494025427,0.11923030554290226,0.25407331386757703,-0.03358394597475012,5.088,304.133,3.58,13.94,119.859,3.79,65.66,72.52,97.76486206054688,409.41680908203125,0.01606017908781454,-0.0034577992500549604,86.8,12.2,11.0,0.01567477278968621,36.99272537231445,0.018963370064062124,48.36000061035156,0.012297570462437735,49.38999938964844,0.015405193404891993,15.15999984741211,0.0027027000903734333,7.420000076293945,2.309,96.99886000000001,1411.3422747252748,119.859
2023-06-08,28.512680053710938,4483800,0.11049360566454047,0.11504592726025331,0.2875774574321941,-0.02396016123240463,5.089333333333333,304.1528333333333,3.5766666666666667,13.65,119.5712,3.73,65.90333333333334,71.28,97.93656158447266,411.8932189941406,0.0017562498458745246,0.006048627846183985,86.6,12.233333333333333,11.0,0.023018594325233455,37.84424591064453,0.005996710336378053,48.650001525878906,0.00971855736319216,49.869998931884766,0.009234851235612185,15.300000190734863,0.0,7.420000076293945,2.282,97.01172,1411.3380549450549,119.5712
2023-06-09,28.540645599365234,5313700,0.11854966191773886,0.11625160607285001,0.26563245354468124,-0.028878970840947926,5.0906666666666665,304.17266666666666,3.5733333333333333,13.83,119.4322,3.75,66.14666666666668,70.16,97.67901611328125,412.6322937011719,-0.002629717309089563,0.0017943356990339776,86.4,12.266666666666667,11.0,0.004346896098055053,38.008750915527344,0.0,48.650001525878906,0.011028659491486348,50.41999816894531,0.017647026191075277,15.569999694824219,0.006738505846846099,7.46999979019165,2.248,97.02458,1411.3338351648351,119.4322
2023-06-12,29.323596954345703,8837200,0.10146578543919249,0.12638992689610573,0.18358853675781406,-0.05898630220742673,5.094666666666667,304.23216666666667,3.5633333333333335,15.01,119.6376,3.73,66.87666666666667,67.08,98.3753662109375,416.3756103515625,0.007128963060486493,0.009071797596873266,85.8,12.366666666666667,11.0,0.023421465337504,38.89897155761719,0.019116141336215087,49.58000183105469,0.01765178969986314,51.310001373291016,0.028901783671135384,16.020000457763672,0.03346720308188744,7.71999979019165,2.171,97.06316,1411.3211758241757,119.6376
2023-06-13,30.24637222290039,8559500,0.064144040066062,0.09884113884578016,0.1264129157809306,-0.10296264112131503,5.096,304.252,3.56,14.61,119.1899,3.84,67.12,69.39,99.5200424194336,419.12078857421875,0.011635801243592425,0.006593033199851384,85.6,12.4,11.0,0.03383098306464993,40.214962005615234,0.025010040701387126,50.81999969482422,0.03663997667317509,53.189998626708984,0.018102309606250477,16.309999465942383,0.015544088815740986,7.840000152587891,2.253,97.07602,1411.316956043956,119.1899
2023-06-14,31.290313720703125,14745200,0.026544613833131336,0.07655431811110858,0.08613729261372782,-0.12837278520580386,5.097333333333333,304.27183333333335,3.5566666666666666,13.88,118.776,3.83,67.36333333333333,68.22,99.25296020507812,419.6198425292969,-0.002683702778479846,0.001190716301083139,85.4,12.433333333333334,11.0,0.015158633787862863,40.82456588745117,-0.00747739217625254,50.439998626708984,0.0030080814352901886,53.349998474121094,0.01716742463604537,16.59000015258789,0.024234639883340403,8.029999732971191,2.187,97.08888,1411.3127362637363,118.776
2023-06-15,31.663148880004883,11142500,0.004099367679824217,0.07157213328739931,0.08725661811563667,-0.11631350392024775,5.0986666666666665,304.2916666666667,3.5533333333333332,14.5,118.5521,3.72,67.60666666666667,70.61,100.75055694580078,424.8221740722656,0.015088685895396026,0.012397725311585006,85.2,12.466666666666667,11.0,0.01635473651211017,41.49224090576172,-0.0019825233315557966,50.34000015258789,0.004311215810908875,53.58000183105469,0.0036166043032268558,16.649999618530273,-0.003735956907696125,8.0,2.295,97.10174,1411.3085164835165,118.5521
2023-06-16,31.924129486083984,8743400,-0.0020544960345783014,0.08717367616238514,0.09627232076976178,-0.14154513970417693,5.1000000000000005,304.3115,3.5500000000000003,13.54,118.4184,3.77,67.85,71.81,100.58839416503906,423.3751220703125,-0.0016095472390187382,-0.0034062534638480413,85.0,12.5,11.0,-0.0020990274656240704,41.405147552490234,0.0015891540745915922,50.41999816894531,-0.001493128561416368,53.5,-0.010210215026356328,16.479999542236328,0.007500052452087402,8.0600004196167,2.366,97.11460000000001,1411.3042967032966,118.4184
2023-06-20,32.2989387512207,8930900,0.022628157666263915,0.07977963316996517,0.07571820531375262,-0.1564671931751761,5.105333333333333,304.3908333333333,3.5366666666666666,13.88,118.938,3.74,68.82333333333334,70.94,99.84138488769531,421.1786193847656,-0.007426396290988624,-0.005188076887479687,84.2,12.633333333333333,11.0,-0.007244628325617786,41.10518264770508,-0.018048391123754448,49.5099983215332,-0.014953256767486822,52.70000076293945,-0.009708728874782357,16.31999969482422,0.006203378964951156,8.109999656677246,2.264,97.16604000000001,1411.2874175824177,118.938
2023-06-21,32.18649673461914,7216500,0.03260564122274645,0.08005822105773786,0.08442503742519847,-0.16493943642291076,5.1066666666666665,304.41066666666666,3.533333333333333,13.2,118.727,3.72,69.06666666666666,72.55,100.3968505859375,419.0205993652344,0.005563481504858858,-0.005123764408277776,84.0,12.666666666666666,11.0,0.007297495971640089,41.405147552490234,0.0014139267197477157,49.58000183105469,0.0028462563379529904,52.849998474121094,-0.0012255182682395782,16.299999237060547,0.0036992216911879705,8.140000343322754,2.392,97.1789,1411.2831978021977,118.727
2023-06-22,32.12090301513672,4663200,0.04871654247080448,0.0965579381832149,0.08518091156350449,-0.17027572170214322,5.1080000000000005,304.4305,3.5300000000000002,12.91,118.7552,3.8,69.31,69.22,99.66899108886719,420.53314208984375,-0.007249824001673066,0.0036097097061593697,83.8,12.7,11.0,0.0035053999355636467,41.550289154052734,0.001815174154234489,49.66999816894531,0.003784309720224144,53.04999923706055,0.0036810660183710375,16.360000610351562,-0.004914000020385667,8.100000381469727,2.296,97.19176,1411.278978021978,118.7552
2023-06-23,31.79294776916504,6016400,0.06719729917118111,0.13203646051713447,0.047156097301396915,-0.1685344131721198,5.109333333333334,304.45033333333333,3.526666666666667,13.44,119.152,3.74,69.55333333333333,68.91,98.91239929199219,417.3539123535156,-0.007591045004161856,-0.007559998055156614,83.6,12.733333333333333,11.0,-0.0018629915336344505,41.47288131713867,-0.008455771782329258,49.25,-0.007540013514311328,52.650001525878906,-0.006112492526831104,16.260000228881836,-0.01975312552025288,7.940000057220459,2.209,97.20462,1411.2747582417583,119.152
2023-06-26,31.85854148864746,5842200,0.08941186852629501,0.15235294438123903,0.0664706705379754,-0.186516164022968,5.113333333333333,304.50983333333335,3.5166666666666666,14.25,119.0761,3.72,70.28333333333333,69.09,99.73603820800781,415.64874267578125,0.008326953161698292,-0.004085668367450279,83.0,12.833333333333334,11.0,0.006532916563456892,41.74382019042969,0.014416225065434718,49.959999084472656,0.012725510912207527,53.31999969482422,0.011070129313778043,16.440000534057617,0.013853920997692226,8.050000190734863,2.253,97.2432,1411.2620989010989,119.0761
2023-06-27,33.02980422973633,7819400,0.05588685885016753,0.09361736038246526,-0.06326215718193484,-0.24218331790544967,5.1146666666666665,304.5296666666666,3.513333333333333,13.74,118.8949,3.77,70.52666666666667,67.68,100.93318176269531,420.20556640625,0.012003119195398204,0.01096316014607357,82.8,12.866666666666667,11.0,0.06838219732041595,44.59835433959961,0.03943157039238998,51.93000030517578,0.05082518942204195,56.029998779296875,0.05535278697387658,17.350000381469727,0.08819876041296815,8.760000228881836,2.209,97.25606,1411.2578791208791,118.8949
2023-06-28,33.235958099365234,7692200,0.04595421324524329,0.044262756256537195,-0.04990153922930296,-0.2397949890314116,5.1160000000000005,304.54949999999997,3.5100000000000002,13.43,119.3382,3.71,70.77,69.54,100.93318176269531,420.4175109863281,0.0,0.0005043830853805886,82.6,12.9,11.0,0.013451837370546782,45.19828414916992,0.00982088038775486,52.439998626708984,0.0048188553211863105,56.29999923706055,0.01152731130798279,17.549999237060547,-0.0034247358289551943,8.729999542236328,2.204,97.26892000000001,1411.2536593406594,119.3382
2023-06-29,33.68572235107422,8144800,0.045618995958330855,0.011404890544260748,-0.04979134840456556,-0.23847461811378956,5.117333333333334,304.5693333333333,3.506666666666667,13.54,119.527,3.85,71.01333333333334,69.85,101.91004180908203,422.0745544433594,0.009678284478175092,0.003941423498616148,82.4,12.933333333333334,11.0,-0.008563560881630239,44.81122589111328,-0.0032417653203127283,52.27000045776367,-0.04582589789200364,53.720001220703125,0.0028490681813586605,17.600000381469727,0.0034365049505860057,8.760000228881836,2.216,97.28178,1411.2494395604394,119.527
2023-06-30,33.92934799194336,7172200,0.06075648935422673,0.0016572271800998628,-0.07677442203639939,-0.24810900147565174,5.118666666666667,304.58916666666664,3.5033333333333334,13.59,119.3606,3.81,71.25666666666666,70.66,102.78155517578125,427.0553283691406,0.008551790885650945,0.011800696993804705,82.2,12.966666666666667,11.0,0.026560156581334704,46.00141906738281,0.01740960090764543,53.18000030517578,0.021407254003159792,54.869998931884766,0.01931819006923785,17.940000534057617,0.01141545949573275,8.859999656677246,2.246,97.29464,1411.2452197802197,119.3606
2023-07-03,34.70707321166992,4233200,0.05777528010603361,-0.008099358876777485,-0.09908223020006812,-0.2616991441541896,5.133548387096774,304.7040322580645,3.5129032258064514,13.57,119.2119,3.86,71.36451612903225,69.71,102.80071258544922,427.546630859375,0.00018638956800365314,0.0011504422438903816,81.54838709677419,12.67741935483871,10.870967741935484,0.008834649252723814,46.4078254699707,0.00018800905370119914,53.189998626708984,0.0034627746510824675,55.060001373291016,0.00891860884331419,18.100000381469727,0.015801393763852367,9.0,2.207,97.30478387096774,1411.5694782608696,119.2119
2023-07-05,34.875736236572266,8215400,0.03573347013086736,0.003492493545230957,-0.13326192662482161,-0.2755381070641233,5.147096774193549,304.799064516129,3.5258064516129033,14.18,119.3483,3.95,71.22903225806452,71.78,102.24524688720703,426.9108581542969,-0.0054033253687855165,-0.0014870254124098592,81.09677419354838,12.35483870967742,10.741935483870968,0.011676594852029876,46.949710845947266,0.008648296879987694,53.650001525878906,0.010352337097846886,55.630001068115234,0.012154657940213198,18.31999969482422,0.03666665818956161,9.329999923706055,2.314,97.30206774193549,1411.8979565217392,119.3483
2023-07-06,34.76329040527344,7281900,-0.0016171424784054977,-0.0005389011814785905,-0.11778979627757658,-0.26262198523689484,5.153870967741936,304.8465806451613,3.532258064516129,15.44,119.8193,4.05,71.16129032258064,71.76,101.47906494140625,423.5678405761719,-0.007493570304016206,-0.007830715743746053,80.87096774193549,12.193548387096774,10.67741935483871,-0.024526176337599903,45.798213958740234,-0.016029833847007957,52.790000915527344,-0.02175090555343251,54.41999816894531,-0.02401749680061005,17.8799991607666,-0.07181136996492155,8.65999984741211,2.314,97.30070967741936,1412.0621956521738,119.8193
2023-07-07,35.22243118286133,5735000,-0.032721388523275774,-0.009045038804446848,-0.12290508026935842,-0.26902351465324226,5.160645161290323,304.89409677419354,3.5387096774193547,14.83,119.0761,4.06,71.09354838709677,73.91,101.70890808105469,422.49847412109375,0.0022649315874279097,-0.002524663944324712,80.64516129032258,12.03225806451613,10.612903225806452,0.01162053743184388,46.330413818359375,0.018185244702094483,53.75,0.01782435232158197,55.38999938964844,0.02628642297335393,18.350000381469727,0.031177882508203192,8.930000305175781,2.372,97.29935161290322,1412.2264347826087,119.0761
2023-07-10,35.99077606201172,7516700,-0.05571425936795893,-0.03150210614656479,-0.12158266564321785,-0.2909128323903317,5.180967741935484,305.0366451612903,3.5580645161290323,15.07,118.9548,4.01,70.89032258064516,73.05,103.15506744384766,423.5678405761719,0.014218610641660634,0.002531054005112443,79.96774193548387,11.548387096774194,10.419354838709678,0.012113799315616625,46.89165115356445,0.03348835789880078,55.54999923706055,0.016970616569133234,56.33000183105469,0.011989063148829748,18.56999969482422,0.03919366358728471,9.279999732971191,2.371,97.29527741935485,1412.719152173913,118.9548
2023-07-11,36.712284088134766,8125100,-0.06227659146676945,-0.09315968933608554,-0.14165388166238135,-0.31973746623641863,5.187741935483871,305.0841612903226,3.564516129032258,14.84,118.7344,3.99,70.8225806451613,74.87,104.3713607788086,426.265380859375,0.011790921814122557,0.0063686144810561895,79.74193548387096,11.387096774193548,10.35483870967742,0.004127033325157514,47.085174560546875,0.01422143881867588,56.34000015258789,-0.0026629064619737575,56.18000030517578,0.012385543673457011,18.799999237060547,-0.02586204504569778,9.039999961853027,2.394,97.2939193548387,1412.883391304348,118.7344
2023-07-12,36.12196731567383,9541100,-0.031128642180080046,-0.05940338722866245,-0.1221788803374999,-0.3047069026313536,5.194516129032258,305.13167741935484,3.5709677419354837,13.54,117.6385,3.86,70.75483870967741,75.77,104.18939208984375,429.6949768066406,-0.0017434733782046852,0.008045682575374524,79.51612903225806,11.225806451612904,10.290322580645162,-0.014590990785456115,46.398155212402344,-0.006212255469882466,55.9900016784668,-0.013883922660374526,55.400001525878906,-0.012234018700539528,18.56999969482422,-0.022123872799678757,8.84000015258789,2.423,97.29256129032258,1413.0476304347826,117.6385
2023-07-13,34.70707321166992,14500600,0.0010799877910601108,-0.10853135399320157,-0.09017299039123017,-0.28858095913159576,5.201290322580645,305.1791935483871,3.57741935483871,13.61,117.1831,3.76,70.68709677419355,76.86,104.32347106933594,433.10540771484375,0.001286877452711943,0.007936864734953142,79.29032258064517,11.064516129032258,10.225806451612904,-0.005005427115913341,46.16591262817383,-0.02946957450286125,54.34000015258789,-0.0030686277790653582,55.22999954223633,-0.0064619781290686795,18.450000762939453,-0.05316745010363122,8.369999885559082,2.416,97.29120322580646,1413.2118695652173,117.1831
2023-07-14,34.06990432739258,9121000,0.024477280318111028,-0.07315757834231174,-0.07783297490902985,-0.2960220108762285,5.208064516129032,305.22670967741936,3.5838709677419356,13.34,117.0463,3.83,70.61935483870968,75.44,104.01700592041016,432.83575439453125,-0.002937643329774753,-0.0006226043718439156,79.06451612903226,10.903225806451612,10.161290322580646,-0.023524396599371777,45.07988739013672,-0.03643723843718161,52.36000061035156,-0.03422052155193467,53.34000015258789,-0.016802241759995784,18.139999389648438,-0.03823174422933029,8.050000190734863,2.393,97.28984516129033,1413.3761086956522,117.0463
2023-07-17,33.98557662963867,4790900,0.025640706175641403,-0.05817502636344907,-0.08684886209236276,-0.2964938156034578,5.228387096774194,305.3692580645161,3.603225806451613,13.48,117.1267,3.81,70.41612903225807,74.17,104.40966796875,434.3386535644531,0.0037749793398234033,0.0034722158570845707,78.38709677419355,10.419354838709678,9.967741935483872,0.006668205637405444,45.380489349365234,-0.003819724228572907,52.15999984741211,-0.00018744509757406824,53.33000183105469,0.0022051222091092892,18.18000030517578,-0.011180142913720159,7.960000038146973,2.383,97.28577096774194,1413.8688260869565,117.1267
2023-07-18,34.425968170166016,5258500,-0.03293412277893626,-0.09009263719310001,-0.10397397723833879,-0.29892323848218216,5.235161290322581,305.41677419354835,3.609677419354839,13.3,117.0264,3.8,70.3483870967742,75.76,104.99385833740234,437.56597900390625,0.0055951750447782445,0.007430435704876004,78.16129032258064,10.258064516129032,9.903225806451612,0.03354686609354918,46.902862548828125,0.024156409609263463,53.41999816894531,0.027376692937266744,54.790000915527344,0.027502749813356875,18.68000030517578,0.04773870761555665,8.34000015258789,2.412,97.28441290322581,1414.0330652173914,117.0264
2023-07-19,34.99753952026367,6488700,-0.029183177746325506,-0.10655950610367226,-0.1370815732263544,-0.30552597746227406,5.241935483870968,305.4642903225806,3.6161290322580646,13.76,117.3462,3.75,70.28064516129032,75.4,104.94598388671875,438.5390319824219,-0.00045597382019957333,0.0022237857265108296,77.93548387096774,10.096774193548388,9.838709677419354,0.003721339464237694,47.0774040222168,0.018906817125606157,54.43000030517578,0.00018248441989654474,54.79999923706055,-0.004282651092028522,18.600000381469727,0.03717019907322072,8.649999618530273,2.448,97.28305483870967,1414.197304347826,117.3462
2023-07-20,34.74455642700195,6318800,-0.10949309058322632,-0.12998951370305722,-0.13295589178703693,-0.3300347592581837,5.248709677419355,305.51180645161287,3.6225806451612903,13.99,117.5947,3.85,70.21290322580646,75.65,105.41526794433594,435.6296081542969,0.004471672380752967,-0.006634355475664044,77.70967741935483,9.935483870967742,9.774193548387096,0.0028837071437710637,47.21316146850586,-0.006430249350702466,54.08000183105469,0.03229927887602302,56.56999969482422,-0.06236558191513586,17.440000534057617,-0.0393062675037833,8.3100004196167,2.481,97.28169677419355,1414.361543478261,117.5947
2023-07-21,34.90384292602539,4648700,-0.09530212190758014,-0.12134232395279787,-0.14308725634664587,-0.342002252937294,5.255483870967742,305.55932258064513,3.6290322580645165,13.6,117.9418,3.84,70.14516129032259,77.06,104.9172592163086,435.6296081542969,-0.004724256151303563,0.0,77.48387096774194,9.774193548387096,9.709677419354838,-0.0028754152881632633,47.0774040222168,0.0012943730113563756,54.150001525878906,0.018384318917054943,57.61000061035156,-0.0011468152036242518,17.420000076293945,-0.003610190749772757,8.279999732971191,2.553,97.28033870967742,1414.5257826086956,117.9418
2023-07-24,34.856990814208984,6093400,-0.08172036467977029,-0.11370962525954709,-0.15322584793233984,-0.3457140759050209,5.275806451612904,305.7018709677419,3.6483870967741936,13.91,117.8124,3.86,69.94193548387098,78.81,105.15667724609375,437.57562255859375,0.0022819699215697042,0.004467130718093015,76.80645161290323,9.290322580645162,9.516129032258064,-0.02203903246876948,46.03986358642578,-0.015143114897833043,53.33000183105469,-0.026905037678163768,56.060001373291016,-0.03099890431471386,16.8799991607666,0.00845418487391858,8.350000381469727,2.588,97.27626451612903,1415.0185000000001,117.8124
2023-07-25,33.292179107666016,13980300,-0.05910508866098452,-0.050379926541233355,-0.1114552020116083,-0.31241333991036224,5.28258064516129,305.74938709677417,3.6548387096774193,13.86,117.8565,3.91,69.8741935483871,79.76,105.02261352539062,438.7702941894531,-0.0012748949873090387,0.002730206093003673,76.58064516129032,9.129032258064516,9.451612903225806,-0.02190416596998246,45.03139877319336,-0.09656856082986298,48.18000030517578,-0.032821978371633254,54.220001220703125,-0.013625565975791343,16.649999618530273,-0.05628745455770645,7.880000114440918,2.603,97.2749064516129,1415.1827391304348,117.8565
2023-07-26,33.976200103759766,10660900,-0.07970229458707123,-0.07253175911006793,-0.13899620250336353,-0.3370736629916252,5.289354838709677,305.79690322580643,3.6612903225806455,13.19,117.76,3.86,69.80645161290323,79.11,105.7600326538086,438.83770751953125,0.0070215271136790935,0.00015364150894181527,76.35483870967742,8.967741935483872,9.387096774193548,-0.00021508362212341314,45.02171325683594,-0.006641753690272201,47.86000061035156,0.006455154301757027,54.56999969482422,0.006606643415723479,16.760000228881836,-0.010152274434545583,7.800000190734863,2.668,97.27354838709678,1415.3469782608695,117.76
2023-07-27,30.94026756286621,33284400,-0.023016579549343108,0.024833600065986117,-0.05451246488403649,-0.2811635046605421,5.296129032258064,305.8444193548387,3.667741935483871,14.41,117.8938,4.01,69.73870967741937,80.17,104.85020446777344,435.9281921386719,-0.008602760071125926,-0.006630048719616699,76.12903225806451,8.806451612903226,9.32258064516129,-0.014645694029878586,44.36233901977539,-0.015043903291288241,47.13999938964844,-0.02400588932778136,53.2599983215332,-0.011336547223322668,16.56999969482422,-0.01282056141338439,7.699999809265137,2.74,97.27219032258064,1415.5112173913044,117.8938
2023-07-28,31.57743263244629,12511200,-0.028783312833809416,0.0,-0.07744785185062586,-0.30193560888418347,5.3029032258064515,305.89193548387095,3.674193548387097,13.33,117.788,3.96,69.67096774193548,80.55,105.50147247314453,440.196044921875,0.006211413784808162,0.009790265599168846,75.90322580645162,8.64516129032258,9.258064516129032,-0.0006556702665615477,44.333251953125,0.02078912929412402,48.119998931884766,0.0170859909142016,54.16999816894531,0.013277080552502651,16.790000915527344,0.019480532348447932,7.849999904632568,2.818,97.27083225806452,1415.675456521739,117.788
2023-07-31,32.00846481323242,10006400,-0.0348360775403902,-0.018442699390656014,-0.06879393413783885,-0.3422507102100901,5.323225806451613,306.03448387096773,3.6935483870967745,13.63,117.8241,3.97,69.46774193548387,81.8,105.75045776367188,441.03424072265625,0.0023600172082027804,0.0019041420531844544,75.2258064516129,8.161290322580646,9.064516129032258,0.011810754643728494,44.85686111450195,0.010598548369720184,48.630001068115234,0.0025845155820212184,54.310001373291016,-0.0023824248568296014,16.75,-0.010191073207382328,7.769999980926514,2.86,97.26675806451613,1416.1681739130436,117.8241
2023-08-01,31.32444190979004,8903200,0.009273258909790583,-0.00927307623946838,-0.05384384330076997,-0.3227730402229698,5.33,306.082,3.7,13.93,118.5738,4.05,69.4,81.37,106.06649780273438,439.7721862792969,0.0029885453523876837,-0.002861579276229098,75.0,8.0,9.0,-0.01859042430378821,44.022953033447266,-0.015011300148108808,47.900001525878906,-0.019333511788018343,53.2599983215332,-0.031044803448577407,16.229999542236328,-0.08236806538695518,7.130000114440918,2.901,97.2654,1416.3324130434783,118.5738
2023-08-02,31.268218994140625,7348000,0.007791539014851745,-0.013485119027285886,-0.053041464107351444,-0.32999443927710115,5.33,306.12051612903224,3.7,16.09,119.1268,4.08,69.3483870967742,79.5,104.95555877685547,433.6546630859375,-0.010473986120905665,-0.013910664167092524,75.03225806451613,8.0,8.96774193548387,-0.013215886897047224,43.4411506652832,0.00041746643902729197,47.91999816894531,-0.011077735095409325,52.66999816894531,-0.017251986498368677,15.949999809265137,-0.03225806667347031,6.900000095367432,2.861,97.26663548387097,1416.4966521739132,119.1268
2023-08-03,30.22812843322754,10735000,0.04897747353098092,-0.0009298190430548914,-0.026038277424408784,-0.30694086316812996,5.33,306.1590322580645,3.7,15.92,119.3963,4.2,69.29677419354839,81.56,104.29475402832031,432.4118347167969,-0.0062960433562179174,-0.002865940285978974,75.06451612903226,8.0,8.935483870967742,-0.013616018564368226,42.84965515136719,-0.023163540026460927,46.810001373291016,-0.009682899929051136,52.15999984741211,0.001880861023820568,15.979999542236328,-0.036231883557196864,6.650000095367432,2.936,97.26787096774194,1416.6608913043478,119.3963
2023-08-04,30.668529510498047,8305700,0.02963634502388257,-0.01772065947299928,-0.054467023178226825,-0.28831519741538447,5.33,306.1975483870968,3.7,17.1,118.821,4.05,69.24516129032259,82.76,103.66266632080078,430.4561462402344,-0.006060589656771143,-0.004522745030425379,75.09677419354838,8.0,8.903225806451612,0.009052077936183123,43.23753356933594,-0.0014954004009954946,46.7400016784668,0.004026056079121654,52.369998931884766,-0.008760913245235646,15.84000015258789,0.004511237976085214,6.679999828338623,2.897,97.2691064516129,1416.8251304347827,118.821
2023-08-07,30.893415451049805,8037200,0.01698507141456096,-0.03184716325142478,-0.0857542736030833,-0.2770228424971539,5.33,306.3130967741935,3.7,15.77,119.0809,4.09,69.09032258064516,81.94,104.93640899658203,434.21337890625,0.012287380992491936,0.008728491157189211,75.19354838709677,8.0,8.806451612903226,0.014577050869648778,43.8678092956543,0.0010697311781138197,46.790000915527344,0.025014347909284362,53.68000030517578,0.00946967279579014,15.989999771118164,-0.03143713226699307,6.46999979019165,2.874,97.27281290322581,1417.317847826087,119.0809
2023-08-08,31.61492156982422,8051300,-0.018375930389053052,-0.06639025578021884,-0.1227157912569311,-0.2985898797513702,5.33,306.3516129032258,3.7,15.99,119.6407,4.02,69.03870967741936,82.94,104.45753479003906,432.3250732421875,-0.004563470497247257,-0.004348796595855742,75.2258064516129,8.0,8.774193548387096,0.012157291640126022,44.401123046875,0.008762552669154822,47.20000076293945,0.02198212180453374,54.86000061035156,0.011882460086134916,16.18000030517578,0.013910379521855365,6.559999942779541,2.919,97.27404838709677,1417.4820869565217,119.6407
2023-08-09,31.5118465423584,8101500,-0.021112161809709318,-0.06125486743372166,-0.11685557350479381,-0.2953986079652531,5.33,306.3901290322581,3.7,15.96,119.476,4.0,68.98709677419355,84.35,104.40010070800781,429.4349365234375,-0.0005498318732745089,-0.0066851008595815165,75.25806451612904,8.0,8.741935483870968,-0.016597465455525207,43.66417694091797,-0.01250000303074461,46.61000061035156,-0.0315348071999455,53.130001068115234,-0.025957977031656365,15.760000228881836,-0.012195110427418387,6.480000019073486,3.063,97.27528387096774,1417.6463260869566,119.476
2023-08-10,31.70862579345703,8003700,-0.04757708705225294,-0.07742336409043737,-0.12590279667564386,-0.2869911140529625,5.33,306.4286451612903,3.7,15.85,119.1581,4.09,68.93548387096774,82.81,104.11277770996094,429.5890197753906,-0.0027521333418104588,0.0003588046496647568,75.29032258064517,8.0,8.709677419354838,-0.003775367800010865,43.49932861328125,0.0021454295818843505,46.709999084472656,-0.0033879221072292687,52.95000076293945,0.0,15.760000228881836,0.007716078794396619,6.53000020980835,3.007,97.27651935483871,1417.8105652173913,119.1581
2023-08-11,31.57743263244629,5061400,-0.04599391302157585,-0.07359038163906273,-0.12615104832066892,-0.30312927855709126,5.33,306.46716129032257,3.7,14.84,119.6268,4.16,68.88387096774194,83.17,104.28516387939453,429.3385925292969,0.001655763809451205,-0.0005829461056167107,75.3225806451613,8.0,8.67741935483871,-0.015381272160663872,42.83025360107422,-0.01348741737884962,46.08000183105469,-0.013031207393092159,52.2599983215332,-0.006979734057996678,15.649999618530273,-0.004594212686745092,6.5,2.969,97.27775483870968,1417.9748043478262,119.6268
2023-08-14,31.418142318725586,4164300,-0.048016668128729956,-0.0727705027059301,-0.13641851961689289,-0.30529545162730676,5.33,306.58270967741936,3.7,14.82,120.0725,4.19,68.72903225806452,82.5,104.32347106933594,431.70855712890625,0.000367331157341777,0.005520036262399719,75.41935483870968,8.0,8.580645161290322,0.0013585158270255082,42.8884391784668,0.0034722187728795095,46.2400016784668,0.0009568131145003544,52.310001373291016,0.014696517668812747,15.880000114440918,0.01846152085524344,6.619999885559082,2.935,97.28146129032258,1418.4675217391305,120.0725
2023-08-15,31.033967971801758,4498900,-0.0489131500312493,-0.03955315607399956,-0.12117299910876811,-0.29882131337996554,5.33,306.6212258064516,3.7,16.46,120.2127,4.21,68.6774193548387,81.06,102.99225616455078,426.6796569824219,-0.012760454489674666,-0.011648831285460903,75.45161290322581,8.0,8.548387096774194,-0.02735688427598204,41.715145111083984,-0.017949865936990328,45.40999984741211,-0.0185433224094389,51.34000015258789,-0.020780851469009765,15.550000190734863,-0.02416916165831573,6.460000038146973,2.9,97.28269677419355,1418.6317608695654,120.2127
2023-08-16,30.8465633392334,5381300,-0.04100848336028551,-0.03918588135167622,-0.0929201162245773,-0.2575937164379768,5.33,306.65974193548385,3.7,16.78,120.3551,4.28,68.6258064516129,79.4,102.41761779785156,423.5486145019531,-0.0055794327466826,-0.007338157395672895,75.48387096774194,8.0,8.516129032258064,-0.008135889258484519,41.375755310058594,-0.018057689882836403,44.59000015258789,-0.012076332879666252,50.720001220703125,-0.007073994148058205,15.4399995803833,-0.007739967560310701,6.409999847412109,2.882,97.28393225806452,1418.796,120.3551
2023-08-17,30.200021743774414,5945700,-0.03133721021663616,-0.01954683576458005,-0.09253627859749847,-0.22172817156323343,5.33,306.69825806451615,3.7,17.89,120.5242,4.3,68.5741935483871,80.43,101.5556869506836,420.3211975097656,-0.008415845493196517,-0.007619944633705411,75.51612903225806,8.0,8.483870967741936,-0.02085741581128353,40.51276397705078,-0.025342028801263683,43.459999084472656,-0.023462192680715255,49.529998779296875,-0.025259028513442194,15.050000190734863,0.007800341953993817,6.460000038146973,2.967,97.28516774193548,1418.9602391304347,120.5242
2023-08-18,30.125062942504883,5452800,-0.028926931383521648,-0.022706107029481504,-0.09559643031189469,-0.2401257954735182,5.33,306.7367741935484,3.7,17.3,120.4321,4.26,68.5225806451613,81.25,101.74723052978516,420.52349853515625,0.0018860940716651786,0.00048130103023402704,75.54838709677419,8.0,8.451612903225806,-0.006941503240341151,40.231544494628906,-0.015876636936136168,42.77000045776367,-0.008681613482201755,49.099998474121094,-0.0006644670269169151,15.039999961853027,-0.017027884344402833,6.349999904632568,3.106,97.28640322580645,1419.1244782608696,120.4321
2023-08-21,29.909547805786133,7323500,-0.026002382340605368,-0.030473272578269928,-0.10136808896911509,-0.21826596749474225,5.33,306.8523225806452,3.7,17.13,120.4627,4.34,68.36774193548388,80.71,101.62271881103516,423.2594909667969,-0.0012237357036813945,0.0065061582555341335,75.64516129032258,8.0,8.35483870967742,0.006025719725048839,40.473968505859375,0.004208564490279398,42.95000076293945,0.010794350518635643,49.630001068115234,0.007978715815388782,15.15999984741211,-0.006299206685632552,6.309999942779541,3.084,97.29010967741935,1419.617195652174,120.4627
2023-08-22,29.51599884033203,6980100,0.009841366177607558,-0.04308936984600342,-0.09704925736438474,-0.1976255847862899,5.33,306.89083870967744,3.7,16.97,120.3554,4.34,68.31612903225806,80.25,101.38330078125,422.11309814453125,-0.0023559498563539005,-0.0027084869843014836,75.6774193548387,8.0,8.32258064516129,-0.003114418009863895,40.34791564941406,-0.0051222634876635365,42.72999954223633,-0.0040298359587975785,49.43000030517578,-0.02176780521289956,14.829999923706055,-0.01743266790996978,6.199999809265137,3.055,97.29134516129032,1419.7814347826088,120.3554
2023-08-23,29.581592559814453,4300900,0.0019005402831879792,-0.0624145269469093,-0.10637867381800081,-0.2153336771276334,5.33,306.9293548387097,3.7,15.98,120.0307,4.19,68.26451612903226,78.91,102.42718505859375,426.81451416015625,0.01029641241999113,0.011137811255540031,75.70967741935483,8.0,8.290322580645162,0.014179210593890712,40.92001724243164,-0.0018721745194111294,42.650001525878906,0.01942138536406479,50.38999938964844,-0.0033715570459941224,14.779999732971191,0.014516154089778688,6.289999961853027,3.017,97.2925806451613,1419.9456739130435,120.0307
2023-08-24,29.253637313842773,4420600,0.012171804859659074,-0.04868200340724216,-0.11407910541931965,-0.20395980239325862,5.33,306.96787096774193,3.7,17.2,120.2354,4.23,68.21290322580646,79.52,101.18217468261719,420.8992614746094,-0.012155077533999914,-0.013859071070219664,75.74193548387096,8.0,8.258064516129032,-0.00710892587511236,40.629119873046875,-0.01242678956699561,42.119998931884766,-0.019646713152628115,49.400001525878906,-0.0142083925535198,14.569999694824219,-0.02384739209493436,6.139999866485596,3.047,97.29381612903227,1420.1099130434784,120.2354
2023-08-25,29.253637313842773,3982900,0.00640613415724034,-0.05254786507509035,-0.14436155808334583,-0.19880532016946106,5.33,307.0063870967742,3.7,15.68,120.5137,4.25,68.16129032258064,80.47,102.03453826904297,423.8664855957031,0.008424048891017,0.007049725178177146,75.7741935483871,8.0,8.225806451612904,-0.004773498030172685,40.435176849365234,-0.007122489189653081,41.81999969482422,-0.009311799290713463,48.939998626708984,0.0006863575217086471,14.579999923706055,-0.01302930381851053,6.059999942779541,3.188,97.29505161290324,1420.274152173913,120.5137
2023-08-28,29.13182830810547,5515500,-0.004590247611086062,-0.05279180864489974,-0.1326963201808522,-0.20936581004392718,5.33,307.12193548387097,3.7,15.08,120.3155,4.2,68.00645161290322,80.65,102.86774444580078,426.5544128417969,0.008165922940336356,0.006341447926264232,75.87096774193549,8.0,8.129032258064516,0.017026485024913995,41.1236457824707,0.004065088112939819,41.9900016784668,0.0051082960158392865,49.189998626708984,0.010288039733552079,14.729999542236328,0.0016502028013631875,6.070000171661377,3.075,97.29875806451614,1420.7668695652173,120.3155
2023-08-29,29.806476593017578,4814200,-0.0524149017820108,-0.08972381321822787,-0.13936380580038188,-0.21524647636316674,5.33,307.1604516129032,3.7,14.45,120.2669,4.12,67.95483870967742,81.14,103.65306854248047,432.7201843261719,0.007634308508567056,0.014454829908562727,75.90322580645162,8.0,8.096774193548388,0.03206798093228613,42.44239807128906,0.007382651731417278,42.29999923706055,0.022158979122151257,50.279998779296875,0.01154107817902461,14.899999618530273,0.0032948896805451433,6.090000152587891,3.09,97.2999935483871,1420.9311086956523,120.2669
2023-08-30,29.637813568115234,3231700,-0.06419306572278982,-0.07977392003861317,-0.13923571715871608,-0.19456371973292574,5.33,307.1989677419355,3.7,13.88,119.7937,4.12,67.90322580645162,81.64,104.12235260009766,434.50244140625,0.004527449734156752,0.004118728787411374,75.93548387096774,8.0,8.064516129032258,-0.012337385695873282,41.91876983642578,-0.005200884396544203,42.08000183105469,-0.003579958423744034,50.099998474121094,-0.008724776113747668,14.770000457763672,-0.018062418843727057,5.980000019073486,2.957,97.30122903225806,1421.095347826087,119.7937
2023-08-31,29.60970687866211,5202800,-0.06012201483456536,-0.055029581910967074,-0.13459927310037212,-0.18616061541815154,5.33,307.23748387096776,3.7,13.57,120.225,4.09,67.8516129032258,83.55,103.65306854248047,433.8665466308594,-0.004507044317559439,-0.0014635010411738758,75.96774193548387,8.0,8.03225806451613,-0.008096186337413713,41.57938766479492,-0.0026140828318687026,41.970001220703125,-0.005788365462323863,49.810001373291016,-0.002708254183317771,14.729999542236328,-0.010033435215412778,5.920000076293945,3.006,97.30246451612904,1421.2595869565218,120.225
2023-09-01,29.4410400390625,4208400,-0.05857873599081187,-0.06914211992238195,-0.14180538941707677,-0.14564664349596357,5.33,307.276,3.7,13.09,120.759,4.18,67.8,85.52,104.19895935058594,434.6758117675781,0.00526651854866933,0.0018652397678571297,76.0,8.0,8.0,-0.00046633938809992337,41.55999755859375,-0.0045271011646415005,41.779998779296875,-0.0018068691047286034,49.720001220703125,-0.0033943814402153105,14.680000305175781,0.001689147283075343,5.929999828338623,2.982,97.3037,1421.4238260869565,120.759
2023-09-05,28.998106002807617,5519500,-0.048423838442544165,-0.06044848378572132,-0.1160220580202046,-0.11277231564419421,5.33,307.332,3.726666666666667,14.01,121.4345,4.27,67.26666666666667,86.74,102.44635772705078,432.79718017578125,-0.016819761295680302,-0.004321914265616789,75.46666666666667,8.266666666666667,8.0,-0.02566503871973025,40.49335861206055,-0.03446621993255161,40.34000015258789,-0.025140787797879316,48.470001220703125,-0.02588556584068602,14.300000190734863,-0.006745356325623009,5.889999866485596,3.087,97.23467333333333,1422.0807826086957,121.4345
2023-09-06,28.244173049926758,8878300,-0.039372623637053294,-0.04838162352029274,-0.08842192313777864,-0.0934267579978797,5.33,307.346,3.7333333333333334,14.45,121.8671,4.3,67.13333333333333,87.55,102.00581359863281,429.8876647949219,-0.004300241982167052,-0.006722583958790329,75.33333333333333,8.333333333333334,8.0,-0.0011972577531365047,40.44487762451172,0.0049578770992300125,40.540000915527344,-0.0026820933534391633,48.34000015258789,0.002097883396577016,14.329999923706055,-0.05093373865841988,5.590000152587891,2.994,97.21741666666668,1422.2450217391306,121.8671
2023-09-07,27.735271453857422,7910900,-0.01664964614507536,-0.03907581662399506,-0.07985045322726281,-0.04892977023327394,5.33,307.36,3.74,14.4,121.9528,4.27,67.0,86.87,101.67060852050781,428.5678405761719,-0.003286136998465028,-0.003070160711356129,75.2,8.4,8.0,-0.013905648749497956,39.88246536254883,-0.012826848693150983,40.02000045776367,-0.013653286001836684,47.68000030517578,-0.023028606103489002,14.0,-0.035778225517526074,5.389999866485596,3.026,97.20016000000001,1422.4092608695653,121.9528
2023-09-08,27.829511642456055,8608200,0.005418185130383613,-0.05011836666408742,-0.1026076305290522,-0.012529711605607896,5.33,307.374,3.7466666666666666,13.84,121.9475,4.26,66.86666666666666,87.51,101.16302490234375,429.21337890625,-0.004992432184190987,0.0015062687139806297,75.06666666666666,8.466666666666667,8.0,-0.007537100372273509,39.58186721801758,-0.005247353375077646,39.810001373291016,-0.005033592217505545,47.439998626708984,-0.0014286041259765625,13.979999542236328,-0.03896104700349423,5.179999828338623,3.082,97.18290333333334,1422.5735000000002,121.9475
2023-09-11,27.716421127319336,4906400,-0.011220677007638735,-0.06494390384070015,-0.0938456872699075,-0.011560699608371916,5.33,307.416,3.7666666666666666,13.8,121.3386,4.29,66.46666666666667,87.3,101.19173431396484,432.0361022949219,0.00028379352682272874,0.006576503733096484,74.66666666666667,8.666666666666666,8.0,0.0004900662085711716,39.60126495361328,0.015573949020276423,40.43000030517578,0.0052698146550798075,47.689998626708984,0.007868427321419347,14.09000015258789,-0.003861000306814355,5.159999847412109,3.145,97.13113333333334,1423.0662173913045,121.3386
2023-09-12,27.59390640258789,4291900,-0.012636555883762668,-0.09289622547738141,-0.10519111084322463,0.0020491936423707724,5.33,307.43,3.7733333333333334,14.23,121.2913,4.27,66.33333333333333,88.87,100.82781982421875,429.66607666015625,-0.00359628671465384,-0.005485712009196342,74.53333333333333,8.733333333333333,8.0,-0.003672973752446018,39.455810546875,-0.007914907059331733,40.11000061035156,-0.0018871913436685483,47.599998474121094,0.0014194112045968765,14.109999656677246,-0.007751930820906638,5.119999885559082,3.111,97.11387666666667,1423.2304565217391,121.2913
2023-09-13,27.132125854492188,8279200,-0.009378246034741022,-0.06877396828467641,-0.1160124029106967,0.05279616631170603,5.33,307.444,3.7800000000000002,13.48,121.0549,4.25,66.2,88.59,100.15742492675781,430.1671142578125,-0.006648907996123388,0.0011661092761869885,74.4,8.8,8.0,-0.028016734628212192,38.35038757324219,-0.02443279798862452,39.130001068115234,-0.03802516001293155,45.790000915527344,-0.05669732505499847,13.3100004196167,-0.03906246362021115,4.920000076293945,3.24,97.09662,1423.394695652174,121.0549
2023-09-14,27.273488998413086,8286200,-0.022805880316211558,-0.05943340879462666,-0.12335882876501236,0.007256228913538498,5.33,307.458,3.7866666666666666,12.82,121.2395,4.29,66.06666666666666,90.13,101.14386749267578,433.87615966796875,0.009848921002505007,0.008622336034579625,74.26666666666667,8.866666666666667,8.0,-0.005562637790247238,38.13705825805664,0.005877831228165764,39.36000061035156,-0.008080426712910649,45.41999816894531,-0.003756588216268675,13.260000228881836,0.042682933920838106,5.130000114440918,3.269,97.07936333333333,1423.5589347826087,121.2395
2023-09-15,27.980297088623047,8547500,-0.05523726606085699,-0.08824515836483471,-0.13741994231115573,0.002357643294691014,5.33,307.47200000000004,3.7933333333333334,13.79,121.199,4.33,65.93333333333334,90.83,100.55966186523438,428.64874267578125,-0.0057759866408481075,-0.012048177517261727,74.13333333333334,8.933333333333334,8.0,0.014493066748047845,38.689781188964844,0.0027947309107163587,39.470001220703125,0.006164742520522237,45.70000076293945,0.0037707533839974605,13.3100004196167,-0.031189146331374817,4.96999979019165,3.144,97.06210666666666,1423.7231739130436,121.199
2023-09-18,27.405424118041992,5292000,-0.054332878513759564,-0.06499305591079274,-0.11313607317758112,-0.0024071682627110347,5.33,307.514,3.8133333333333335,14.0,121.1938,4.32,65.53333333333333,91.47,100.67121887207031,428.90008544921875,0.0011093613956800752,0.0005863606921334696,73.73333333333333,9.133333333333333,8.0,-0.02531340542879157,37.710411071777344,-0.01494806522271952,38.880001068115234,-0.02341355967092107,44.630001068115234,-0.0150263528650747,13.109999656677246,-0.05633797681918895,4.690000057220459,3.055,97.01033666666667,1424.215891304348,121.1938
2023-09-19,27.245214462280273,6510300,-0.08128685548557757,-0.07263927298281003,-0.14562444926573082,0.002075279787185025,5.33,307.528,3.82,14.11,121.1645,4.37,65.39999999999999,91.16,100.24811553955078,428.0106201171875,-0.0042028231828323825,-0.0020738287592076965,73.6,9.2,8.0,0.014399490650907065,38.253421783447266,0.005144052403421195,39.08000183105469,0.013667949714376348,45.2400016784668,0.006102206392149645,13.1899995803833,-0.008528776410449246,4.650000095367432,3.137,96.99308,1424.3801304347828,121.1645
2023-09-20,26.877674102783203,4993100,-0.05995802334461808,-0.04628332170232541,-0.1455119992404008,0.03506298272408559,5.33,307.54200000000003,3.8266666666666667,15.14,120.9648,4.35,65.26666666666667,89.2,99.85385131835938,424.0758056640625,-0.003932884115271595,-0.009193263597168877,73.46666666666667,9.266666666666667,8.0,-0.014448581234066338,37.700714111328125,-0.012026642750298966,38.61000061035156,-0.019451835443545007,44.36000061035156,-0.00985588816545091,13.0600004196167,-0.015053800048545063,4.579999923706055,3.215,96.97582333333334,1424.5443695652175,120.9648
2023-09-21,26.651493072509766,4960300,-0.03748234638401993,-0.03394647041470811,-0.1442716404669615,0.03424132355279719,5.33,307.55600000000004,3.8333333333333335,17.54,121.5528,4.49,65.13333333333333,89.56,98.21910095214844,417.06646728515625,-0.01637143029164634,-0.016528503360219493,73.33333333333333,9.333333333333334,8.0,-0.014917612194496055,37.138309478759766,-0.011913988013492194,38.150001525878906,-0.015103741533453285,43.689998626708984,0.0,13.0600004196167,-0.010916968281791228,4.53000020980835,3.206,96.95856666666667,1424.7086086956522,121.5528
2023-09-22,26.434741973876953,5311700,-0.03493775856965997,-0.034581177939795205,-0.13404646573182222,0.0617322458995031,5.33,307.57000000000005,3.84,17.2,121.5306,4.44,65.0,90.0,97.88253021240234,416.12872314453125,-0.003426734071920179,-0.0022484285220270017,73.2,9.4,8.0,-0.016449242649517193,36.52741241455078,-0.017038047179053994,37.5,-0.014190866362393084,43.06999969482422,-0.012251209490475756,12.899999618530273,-0.002207555942311812,4.519999980926514,3.15,96.94131,1424.872847826087,121.5306
2023-09-25,25.91640853881836,6223400,-0.011272653087779139,-0.03636372467905069,-0.1309089819867465,0.07930834605688597,5.33,307.612,3.86,16.9,122.1143,4.55,64.6,89.68,98.37296295166016,417.8786315917969,0.005010421555241562,0.004205209469902105,72.8,9.6,8.0,-0.0029199696473541925,36.420753479003906,-0.0037333170572916297,37.36000061035156,-0.00325050825726525,42.93000030517578,0.0007752115641515012,12.90999984741211,-0.015486763707248552,4.449999809265137,3.073,96.88954,1425.3655652173913,122.1143
2023-09-26,25.030536651611328,10208600,0.009412712286094527,0.0033885764229941717,-0.11144559905693807,0.10424842702357129,5.33,307.62600000000003,3.8666666666666667,18.94,122.4742,4.56,64.46666666666667,91.43,96.87286376953125,411.73944091796875,-0.015249100333249554,-0.014691324728528299,72.66666666666667,9.666666666666666,8.0,-0.02103308495370826,35.65471267700195,-0.01391864157570688,36.84000015258789,-0.006522217034858002,42.650001525878906,-0.016266463255541264,12.699999809265137,-0.013483133786796553,4.389999866485596,3.052,96.87228333333334,1425.5298043478263,122.4742
2023-09-27,25.266141891479492,11127800,0.014546905331766613,-0.022752549967973268,-0.12756441492941473,0.09620302663260039,5.33,307.64000000000004,3.873333333333333,18.22,122.9895,4.61,64.33333333333333,93.67,97.59406280517578,411.9038391113281,0.007444799374986211,0.00039927725406352366,72.53333333333333,9.733333333333333,8.0,-0.0029915470420531776,35.54804992675781,-0.011672103783788246,36.40999984741211,-0.01453699236577588,42.029998779296875,-0.007086626294453335,12.609999656677246,0.011389565434062554,4.440000057220459,3.13,96.85502666666667,1425.694043478261,122.9895
2023-09-28,25.65253257751465,6501500,0.0036735699922263443,-0.06502554219304102,-0.1792800599881853,0.08597508497644668,5.33,307.65400000000005,3.88,17.34,122.5342,4.59,64.2,91.65,98.00755310058594,414.29180908203125,0.00423683863059976,0.005797396731856308,72.4,9.8,8.0,0.007910645982254216,35.82925796508789,0.011535347031110366,36.83000183105469,0.006661970072006307,42.310001373291016,0.024583697704745555,12.920000076293945,0.02702700090373522,4.559999942779541,3.145,96.83777,1425.8582826086958,122.5342
2023-09-29,25.511171340942383,5941600,0.00036948977439665853,-0.06280025249714005,-0.16845227223127335,0.07340884073443088,5.33,307.668,3.8866666666666667,17.52,122.3077,4.59,64.06666666666666,90.77,97.48828125,413.286376953125,-0.005298284001162723,-0.002426869435661838,72.26666666666667,9.866666666666667,8.0,0.001353005214308256,35.87773513793945,0.006787944272899971,37.08000183105469,-0.00023640122679791098,42.29999923706055,-0.008513905265300825,12.8100004196167,0.008771921569070251,4.599999904632568,3.162,96.82051333333334,1426.0225217391305,122.3077
2023-10-02,25.6242618560791,6411100,-0.025377139278720873,-0.058109598925690786,-0.18242013301134619,0.05386976642884855,5.33,307.7105806451613,3.893548387096774,17.61,123.0545,4.69,63.71935483870968,88.81,96.5362777709961,413.1219482421875,-0.00976531196157393,-0.0003978565955881086,71.93548387096774,10.0,8.0,-0.01486475523525288,35.34442138671875,-0.006742178739339355,36.83000183105469,-0.016075657622707684,41.619998931884766,-0.004683873352948287,12.75,0.008695644061371466,4.639999866485596,2.999,96.80091290322581,1426.5059021739132,123.0545
2023-10-03,25.266141891479492,6603100,-0.005967961161750468,-0.03804537495465865,-0.17083183139090496,0.024899116650253905,5.33,307.7251612903226,3.8870967741935485,19.78,123.7848,4.81,63.63870967741935,89.26,95.86315155029297,407.5919494628906,-0.006972779935641604,-0.01338587504930866,71.87096774193549,10.0,8.0,-0.033196234391270285,34.171119689941406,-0.027966400835898186,35.79999923706055,-0.026189336390223916,40.529998779296875,-0.03607843436446845,12.289999961853027,-0.028017164082856594,4.510000228881836,2.978,96.81582580645161,1426.6608043478261,123.7848
2023-10-04,25.633686065673828,11733700,-0.036764643511028816,-0.09191190640915381,-0.14852954372929694,0.03313792827882489,5.33,307.7397419354839,3.8806451612903223,18.58,123.5946,4.73,63.55806451612903,84.32,96.1708755493164,410.55999755859375,0.0032100342420100514,0.007281910498022182,71.80645161290323,10.0,8.0,0.02326911411052368,34.966251373291016,0.009217928438195688,36.130001068115234,0.021712338875389925,41.40999984741211,0.035801430573557225,12.729999542236328,0.04878043880857952,4.730000019073486,2.799,96.83073870967742,1426.8157065217392,123.5946
2023-10-05,25.746768951416016,6775600,-0.06844766489746212,-0.1079793331546498,-0.13250343254717,0.07353007195792305,5.33,307.7543225806452,3.8741935483870966,18.49,123.8993,4.72,63.47741935483871,82.3,95.603515625,410.4052734375,-0.005899498378024726,-0.00037686117014279485,71.74193548387096,10.0,8.0,0.010537744513998248,35.334716796875,-0.012455044274454208,35.68000030517578,-0.0021733917633306454,41.31999969482422,0.009426617717876118,12.850000381469727,-0.008456651520450165,4.690000057220459,2.656,96.84565161290323,1426.9706086956523,123.8993
2023-10-06,25.520597457885742,6796800,-0.0631464103186341,-0.10635170341602473,-0.13109299355021842,0.08192939343024963,5.33,307.76890322580647,3.867741935483871,17.45,123.3563,4.78,63.39677419354838,82.83,96.91130828857422,415.2779235839844,0.013679336528836128,0.01187277664751174,71.6774193548387,10.0,8.0,0.015367841892890866,35.87773513793945,-0.017096429516091582,35.06999969482422,0.012100677727319376,41.81999969482422,-0.0070039027172073,12.760000228881836,0.002132143267095099,4.699999809265137,2.684,96.86056451612903,1427.1255108695652,123.3563
2023-10-09,24.97399139404297,7451500,-0.03358474438281278,-0.08339608681028332,-0.11094343755451153,0.1132030973385092,5.33,307.81264516129033,3.8483870967741933,17.7,123.035225,4.69,63.15483870967741,85.125,98.4306640625,417.9366455078125,0.01567779654157153,0.006402271281079619,71.48387096774194,10.0,8.0,-0.04648653028085836,34.209903717041016,-0.01767889755574381,34.45000076293945,-0.048780510052940596,39.779998779296875,-0.040752386241080796,12.239999771118164,-0.03617012901184935,4.53000020980835,2.8175,96.90530322580645,1427.5902173913043,123.035225
2023-10-10,25.115354537963867,7005600,-0.03226999989899515,-0.10318933199996749,-0.09981235113644549,0.12166122822404768,5.33,307.8272258064516,3.8419354838709676,17.03,122.9282,4.66,63.07419354838709,85.89,99.02687072753906,420.11187744140625,0.0060571232625281635,0.0052046930006597325,71.41935483870968,10.0,8.0,0.01558967791977639,34.74322509765625,0.013933222978407045,34.93000030517578,0.015334354677482676,40.38999938964844,0.001634024357652919,12.260000228881836,0.017660026490250225,4.610000133514404,2.862,96.92021612903226,1427.7451195652175,122.9282
2023-10-11,24.691272735595703,7150100,-0.05725211655346507,-0.0992366518355875,-0.10877869701046039,0.1459183993496347,5.33,307.8418064516129,3.835483870967742,16.09,122.7697,4.58,62.99354838709677,83.7,99.62306213378906,421.83282470703125,0.006020501323225291,0.004096402310989289,71.35483870967742,10.0,8.0,0.006996915147224447,34.98632049560547,-0.010878931142148551,34.54999923706055,0.015102763544678321,41.0,0.01794447873142957,12.479999542236328,0.019522705671186635,4.699999809265137,2.85,96.93512903225806,1427.9000217391306,122.7697
2023-10-12,23.98446273803711,8747800,-0.04243633638987798,-0.08094329548557799,-0.08998060083185644,0.12948018277238726,5.33,307.8563870967742,3.829032258064516,16.69,123.2101,4.7,62.912903225806446,82.87,98.7191390991211,419.2611389160156,-0.00907343154594109,-0.006096457270250877,71.29032258064517,10.0,8.0,-0.02306842513738827,34.17924118041992,-0.026338635817855116,33.63999938964844,-0.02878049524818982,39.81999969482422,-0.033653777085345005,12.0600004196167,-0.03617012901184935,4.53000020980835,2.85,96.95004193548387,1428.0549239130437,123.2101
2023-10-13,23.9090633392334,8373500,-0.04611744414843444,-0.11943246377112193,-0.08986995457205227,0.1389908525847341,5.33,307.8709677419355,3.8225806451612905,19.32,123.5954,4.63,62.832258064516125,87.67,97.84407043457031,417.1728210449219,-0.008864225038187845,-0.004980947856252582,71.2258064516129,10.0,8.0,-0.029872153464503892,33.158233642578125,-0.016944105385436337,33.06999969482422,-0.02762427128456435,38.720001220703125,-0.028192383147420896,11.720000267028809,-0.011037569187436924,4.480000019073486,3.065,96.96495483870967,1428.2098260869566,123.5954
2023-10-16,24.13524627685547,5992100,-0.05154238008759415,-0.12104660885013374,-0.051151905116399665,0.10435180838671632,5.33,307.91470967741935,3.803225806451613,17.21,123.3185,4.71,62.59032258064516,86.65,98.88262176513672,421.5621032714844,0.010614351242274722,0.010521496140540432,71.03225806451613,10.0,8.0,0.009384241009673833,33.469398498535156,0.03719381776797648,34.29999923706055,0.02091935777524334,39.529998779296875,0.018771272042834575,11.9399995803833,0.026785688626827175,4.599999904632568,3.019,97.00969354838709,1428.6745326086957,123.3185
2023-10-17,24.304882049560547,4496000,-0.0732842136686579,-0.138038170386662,-0.03295864207732735,0.17154826294276315,5.33,307.9292903225807,3.796774193548387,17.88,123.1202,4.83,62.50967741935484,86.66,99.1903305053711,421.54278564453125,0.0031118586334131226,-4.58239172904662e-05,70.96774193548387,10.0,8.0,0.00755396577219325,33.722225189208984,0.004373222426105272,34.45000076293945,0.014925377455283106,40.119998931884766,0.0,11.9399995803833,-0.021739110153428554,4.5,3.029,97.02460645161291,1428.8294347826088,123.1202
2023-10-18,23.277645111083984,7448300,-0.04453421324971174,-0.09999999999999998,-0.016599053275965003,0.2216190505064244,5.33,307.943870967742,3.7903225806451615,19.22,123.8148,4.91,62.42903225806452,88.35,96.79592895507812,415.9256591796875,-0.024139465390361936,-0.013325163319436895,70.90322580645162,10.0,8.0,-0.04440616424355481,32.22475051879883,-0.05195938681815615,32.65999984741211,-0.0967098045043665,36.2400016784668,-0.04857620972273391,11.359999656677246,-0.0222222010294596,4.400000095367432,2.855,97.03951935483872,1428.984336956522,123.8148
2023-10-19,22.966650009155273,7268500,-0.04021347149966459,-0.049651282989092604,0.0180549364972864,0.24517971265010718,5.33,307.9584516129033,3.7838709677419358,21.4,123.798,4.98,62.34838709677419,89.35,95.901611328125,412.27117919921875,-0.009239207026652596,-0.008786377805294121,70.83870967741936,10.0,8.0,-0.01297510217489739,31.806631088256836,-0.015309246856583192,32.15999984741211,-0.005794781717537889,36.029998779296875,0.007922548882736136,11.449999809265137,0.00227267086998606,4.409999847412109,2.905,97.05443225806452,1429.1392391304348,123.798
2023-10-20,22.806438446044922,7522000,-0.07685958734955223,-0.020661040907601458,0.038429668226738434,0.2934240473183307,5.33,307.97303225806456,3.7774193548387096,21.71,123.612,4.93,62.26774193548387,89.12,94.91116333007812,407.20513916015625,-0.010327751372790628,-0.012288125618925339,70.7741935483871,10.0,8.0,-0.014674467575386818,31.339885711669922,-0.004353214872906852,32.02000045776367,-0.026089332738171378,35.09000015258789,-0.032314401023804784,11.079999923706055,0.01587305534771266,4.480000019073486,2.952,97.06934516129033,1429.294141304348,123.612
2023-10-23,22.891258239746094,6910400,-0.07328132254233843,-0.0312884635830587,0.013997536330952798,0.28863147717156656,5.33,308.01677419354843,3.7580645161290325,20.37,123.2846,4.86,62.0258064516129,85.49,94.46881103515625,406.4993591308594,-0.004660698271956476,-0.0017332296708054695,70.58064516129032,10.0,8.0,-0.00589515289457343,31.155132293701172,0.01686448806394103,32.560001373291016,0.008264488864812902,35.380001068115234,0.018953072165431184,11.289999961853027,-0.004464281437804529,4.460000038146973,2.894,97.11408387096775,1429.758847826087,123.2846
2023-10-24,22.523717880249023,6445100,-0.06987466672425025,-0.014226201137022332,0.03389108990961498,0.27934894950128775,5.33,308.0313548387097,3.7516129032258068,18.97,123.6416,4.83,61.94516129032258,84.58,95.18040466308594,409.56414794921875,0.00753257736741153,0.007539467774099862,70.51612903225806,10.0,8.0,-0.0006242706282046928,31.135683059692383,-0.02149879402381305,31.860000610351562,-0.006783540735477489,35.13999938964844,-0.007085910006763618,11.210000038146973,-0.03363230809068629,4.309999942779541,2.825,97.12899677419355,1429.9137500000002,123.6416
2023-10-25,22.24099349975586,10493300,-0.05805104433821473,0.016525271326232494,0.053813472037580024,0.282822039801089,5.33,308.045935483871,3.7451612903225806,20.19,123.7871,4.95,61.86451612903225,86.07,93.95915985107422,403.68603515625,-0.01283084282247604,-0.014352117543495413,70.45161290322581,10.0,8.0,-0.01905052448639477,30.542531967163086,-0.0075329493572007244,31.6200008392334,-0.008252729668879022,34.849998474121094,-0.01516503797640012,11.039999961853027,-0.02552207307999743,4.199999809265137,2.837,97.14390967741936,1430.068652173913,123.7871
2023-10-26,22.043081283569336,12871600,-0.009833240214545014,-0.0017099707249066398,0.044891101204014294,0.29950143303715016,5.33,308.0605161290323,3.738709677419355,20.68,124.0064,4.86,61.78387096774193,83.8,93.56489562988281,398.8520202636719,-0.004196123313749522,-0.011974689416013762,70.38709677419355,10.0,8.0,0.006049053764350054,30.727285385131836,0.004743820826979883,31.770000457763672,0.0020085996524847882,34.91999816894531,0.009963737052294697,11.149999618530273,0.016666708295309363,4.269999980926514,2.863,97.15882258064516,1430.2235543478262,124.0064
2023-10-27,21.053544998168945,11576700,0.06087757146347639,0.03670552261566984,0.1110118289154467,0.35967851774772175,5.33,308.0750967741936,3.732258064516129,21.27,123.62,4.84,61.70322580645161,86.04,92.73789978027344,397.0440979003906,-0.008838740684120938,-0.004532814857214684,70.3225806451613,10.0,8.0,-0.030063351542993888,29.80352020263672,-0.016367656602806258,31.25,-0.029209527392630275,33.900001525878906,-0.02062776234127306,10.920000076293945,-0.032786854124345455,4.130000114440918,2.859,97.17373548387097,1430.3784565217393,123.62
2023-10-30,21.213756561279297,13309200,0.04531349154900166,0.025766315372665494,0.12527784725894842,0.3360007509361076,5.33,308.11883870967745,3.7129032258064516,19.75,123.4076,4.88,61.461290322580645,83.03,93.891845703125,401.7911376953125,0.012443088808196334,0.011955951039254176,70.12903225806451,10.0,8.0,0.01892333543330227,30.367502212524414,0.01759997558593751,31.799999237060547,0.0265486038546221,34.79999923706055,0.023809544603050625,11.180000305175781,0.016949078180278576,4.199999809265137,2.854,97.21847419354839,1430.8431630434784,123.4076
2023-10-31,20.949880599975586,12171000,0.05982899679900466,0.09311756408614125,0.15024739681845145,0.36595391509892194,5.33,308.13341935483874,3.706451612903226,18.14,123.8364,4.88,61.38064516129032,81.64,94.58421325683594,404.3144226074219,0.007374096744248826,0.006280091010924194,70.06451612903226,10.0,8.0,0.0006404620924260751,30.386951446533203,-0.005345914477124403,31.6299991607666,0.006034456582660441,35.0099983215332,-0.0026834244925395545,11.149999618530273,-0.10476186637705243,3.759999990463257,2.869,97.2333870967742,1430.9980652173915,123.8364
2023-11-01,20.949880599975586,8540300,0.07917235346585438,0.12190740320423643,0.20062982012279762,0.37455351172197604,5.33,308.148,3.7,16.87,123.7922,4.77,61.3,81.05,94.89192962646484,408.6263427734375,0.003253358663494188,0.010664769607297453,70.0,10.0,8.0,-0.00447998853090803,30.250818252563477,-0.017388531509756056,31.079999923706055,-0.005712566633263139,34.810001373291016,-0.0008967960134188546,11.140000343322754,-0.01861700356924023,3.690000057220459,2.875,97.2483,1431.1529673913044,123.7922
2023-11-02,21.826326370239258,6854700,0.008203940810332266,0.04879116400270167,0.17875642484004373,0.29242303846248285,5.33,308.1677666666667,3.7033333333333336,15.66,122.8818,4.67,61.58,83.04,96.84398651123047,416.45745849609375,0.0205713688450615,0.019164490643223564,69.96666666666667,10.066666666666666,8.066666666666666,0.02925093793302347,31.135683059692383,0.03346200163229285,32.119998931884766,0.02901460159976188,35.81999969482422,0.023339251992336107,11.399999618530273,0.06233062750864482,3.9200000762939453,3.105,97.24817333333334,1431.3078695652175,122.8818
2023-11-03,22.335233688354492,10929200,-0.02278495605714559,0.046835316024336215,0.14641341509185013,0.31731501751266755,5.33,308.18753333333336,3.706666666666667,14.91,121.7564,4.57,61.86,81.19,97.69983673095703,420.2569274902344,0.008837412115695109,0.009123306394514419,69.93333333333334,10.133333333333333,8.133333333333333,0.041536284007690494,32.4289436340332,0.044831957948068046,33.560001373291016,0.0471803082386173,37.5099983215332,0.05087718799247032,11.979999542236328,0.11989790332759354,4.389999866485596,2.837,97.24804666666667,1431.4627717391306,121.7564
2023-11-06,22.175025939941406,6043000,-0.01869982195233144,0.06799795288187793,0.1895449892913359,0.31443183870773517,5.33,308.24683333333337,3.716666666666667,14.89,121.6484,4.67,62.699999999999996,81.54,97.44020080566406,421.2237243652344,-0.0026574857643615335,0.002300490037781655,69.83333333333333,10.333333333333334,8.333333333333334,-0.012893343918688682,32.010826110839844,-0.021454147533979007,32.84000015258789,-0.01999466898321478,36.7599983215332,-0.026711160855727667,11.65999984741211,-0.020501065714788158,4.300000190734863,2.889,97.24766666666667,1431.9274782608697,121.6484
2023-11-07,22.203290939331055,4873700,0.03140937584051562,0.04541617375741547,0.23769111356242578,0.3806600664432078,5.33,308.26660000000004,3.72,14.81,122.0777,4.58,62.98,77.96,97.19979858398438,422.4225158691406,-0.002467176993601994,0.0028459733736811987,69.8,10.4,8.4,0.01579584734263917,32.51646423339844,0.00974420503463369,33.15999984741211,0.00734495294047699,37.029998779296875,0.007718709585392114,11.75,-0.004651158148691992,4.28000020980835,2.808,97.24754,1432.0823804347826,122.0777
2023-11-08,22.608531951904297,7208400,0.039599837413490935,0.030012531444612245,0.21175492361589288,0.3626231737068797,5.33,308.2863666666667,3.7233333333333336,14.45,122.0926,4.49,63.26,75.85,97.42095947265625,422.7319641113281,0.002275322499570631,0.0007325562217033177,69.76666666666667,10.466666666666667,8.466666666666667,0.02183013694516056,33.22630310058594,0.022919129222870538,33.91999816894531,0.027275240872952855,38.040000915527344,0.02212767905377322,12.010000228881836,-0.016355179492972827,4.210000038146973,2.724,97.24741333333333,1432.2372826086958,122.0926
2023-11-09,22.005388259887695,6642300,0.04025695749586933,0.06509634389257468,0.2565309611263984,0.4128978524266065,5.33,308.3061333333333,3.7266666666666666,15.29,122.1281,4.62,63.54,76.34,97.20941925048828,419.4351806640625,-0.002171403600550126,-0.007798756013627117,69.73333333333333,10.533333333333333,8.533333333333333,-0.02019316478983646,32.55535888671875,-0.012382022158534012,33.5,-0.01892747642940329,37.31999969482422,-0.021648644789912908,11.75,-0.054631833014120446,3.9800000190734863,2.665,97.24728666666667,1432.3921847826089,122.1281
2023-11-10,21.826326370239258,6778100,0.07124355331307508,0.055267803001604277,0.3087222100025333,0.4131938208980448,5.33,308.3259,3.73,14.17,122.202675,4.61,63.82,76.97,98.61336517333984,425.9803161621094,0.014442488533275677,0.015604641193150304,69.7,10.6,8.6,0.017323959901534902,33.119346618652344,0.02268651706069269,34.2599983215332,0.017952893599179065,37.9900016784668,0.004255335381690539,11.800000190734863,-0.02763822436865504,3.869999885559082,2.669,97.24716000000001,1432.5470869565218,122.202675
2023-11-13,21.760356903076172,5050400,0.08834990227628148,0.07492435155154475,0.2624513375501174,0.47063914590048617,5.33,308.3852,3.74,14.76,122.4264,4.63,64.66,78.86,98.69991302490234,425.57427978515625,0.0008776482925043627,-0.0009531810779693783,69.6,10.8,8.8,0.0032294260863636737,33.22630310058594,0.0026269748101921397,34.349998474121094,0.0031586977252697768,38.11000061035156,-0.001694954020371564,11.779999732971191,0.025839831009891956,3.9700000286102295,2.789,97.24678,1433.0117934782609,122.4264
2023-11-14,22.90068244934082,8732200,0.013580250718087106,0.04238685324588998,0.2246912165381687,0.41645549726053765,5.33,308.40496666666667,3.743333333333333,14.16,121.35,4.44,64.94,78.9,100.68083190917969,433.8307800292969,0.02007011783057555,0.019400844074291212,69.56666666666666,10.866666666666667,8.866666666666667,0.03131442251479788,34.26676559448242,0.05065507294789828,36.09000015258789,0.033324598200576094,39.380001068115234,0.03989815600023472,12.25,0.10327458006951606,4.380000114440918,2.862,97.24665333333334,1433.166695652174,121.35
2023-11-15,23.503826141357422,9043600,-0.009222111839428337,0.025260546042636278,0.16319166447424904,0.36881160037504546,5.33,308.42473333333334,3.7466666666666666,14.18,121.0749,4.53,65.22,77.15,100.89237976074219,434.7491455078125,0.0021011730589723943,0.0021168748756221767,69.53333333333333,10.933333333333334,8.933333333333334,0.014755599768313532,34.77239227294922,0.02549177514700962,37.0099983215332,0.014220354073254837,39.939998626708984,0.013877557248485273,12.420000076293945,0.03881280179273339,4.550000190734863,2.825,97.24652666666667,1433.321597826087,121.0749
2023-11-16,22.891258239746094,6907700,0.023878125705113717,0.09880597706374772,0.19267170110148535,0.40254125862425805,5.33,308.4445,3.75,14.32,121.1754,4.45,65.5,73.5,100.91162109375,435.28094482421875,0.000190711459611137,0.001223232574235622,69.5,11.0,9.0,-0.006991155820924133,34.529293060302734,-0.02188591178947652,36.20000076293945,-0.016524783928528963,39.279998779296875,-0.01851855833315541,12.1899995803833,-0.04615385260303817,4.340000152587891,2.709,97.2464,1433.4765000000002,121.1754
2023-11-17,23.381311416625977,6824400,-0.014913275568438356,0.10036267774443952,0.18984282060972846,0.40072134196067877,5.33,308.4642666666667,3.7533333333333334,13.8,120.8477,4.44,65.78,76.47,101.55590057373047,435.8222961425781,0.006384591516787941,0.0012436825567403442,69.46666666666667,11.066666666666666,9.066666666666666,0.015488893899640477,35.06411361694336,0.015469545491475722,36.7599983215332,0.012219947992700098,39.7599983215332,0.008203477023137173,12.289999961853027,-0.0345622327404731,4.190000057220459,2.611,97.24627333333333,1433.631402173913,120.8477
2023-11-20,23.68288230895996,6246000,-0.012335693416848037,0.08117800846621193,0.16388179066964192,0.37087399814974265,5.33,308.5235666666667,3.763333333333333,13.41,120.2533,4.42,66.62,78.1,101.86361694335938,439.1771545410156,0.0030300196038879346,0.007697766791949556,69.36666666666666,11.266666666666667,9.266666666666667,0.0122019002274516,35.49196243286133,0.014961998826741763,37.310001373291016,0.006539289416661154,40.02000045776367,0.00895033824399305,12.399999618530273,0.050119340162081416,4.400000095367432,2.695,97.24589333333333,1434.0961086956522,120.2533
2023-11-21,23.211679458618164,5898600,0.02842064306935188,0.13641888952024317,0.2091592948168819,0.37991216641789105,5.33,308.54333333333335,3.7666666666666666,13.35,120.2241,4.41,66.9,78.35,101.78669738769531,438.2200012207031,-0.0007551229572658746,-0.002179424203685665,69.33333333333333,11.333333333333334,9.333333333333334,-0.016986448309088353,34.88908004760742,-0.017421643043525115,36.65999984741211,-0.01449279921090485,39.439998626708984,-0.021774154225446485,12.130000114440918,-0.04318183025052702,4.210000038146973,2.702,97.24576666666667,1434.2510108695653,120.2241
2023-11-22,23.287071228027344,7513900,0.03480362076517807,0.18008896946973785,0.2011727778846195,0.3905101525644903,5.33,308.5631,3.77,12.85,120.6802,4.42,67.18,76.8,102.00785827636719,439.911865234375,0.00217278774484142,0.0038607640202614757,69.3,11.4,9.4,0.0019510247308018869,34.957149505615234,0.007364987967470871,36.93000030517578,0.009127804839926368,39.79999923706055,0.014839266568636544,12.3100004196167,0.0,4.210000038146973,2.654,97.24564000000001,1434.4059130434784,120.6802
2023-11-24,23.43785858154297,2240300,0.07318043962218024,0.16887811286741372,0.1792856684809836,0.39653315850961923,5.33,308.6026333333333,3.7766666666666664,12.46,120.2105,4.47,67.74,74.83,102.25787353515625,440.1825866699219,0.0024509411629023425,0.0006153992582187406,69.23333333333333,11.533333333333333,9.533333333333333,0.0041723925438412746,35.103004455566406,0.007311141498307361,37.20000076293945,-0.0022613104098777592,39.709999084472656,0.0,12.3100004196167,0.007125827244504279,4.239999771118164,2.601,97.24538666666666,1434.7157173913045,120.2105
2023-11-27,23.03261947631836,7367300,0.11702112154581834,0.20049096841051206,0.2025041807010195,0.4190456126613009,5.33,308.6619333333333,3.7866666666666666,12.69,120.173,4.39,68.58,74.46,101.68092346191406,439.38983154296875,-0.005642109045459809,-0.0018009688501093857,69.13333333333334,11.733333333333333,9.733333333333333,-0.007202097099752391,34.850189208984375,-0.009677435563663073,36.84000015258789,-0.01259128711981028,39.209999084472656,-0.010560528839118066,12.180000305175781,-0.01886790755296608,4.159999847412109,2.618,97.24500666666667,1435.1804239130436,120.173
2023-11-28,23.390737533569336,4760400,0.09468166588562155,0.22119270683540715,0.1909847308468564,0.38921218384695444,5.33,308.6817,3.79,12.69,119.5904,4.34,68.86,76.09,101.44050598144531,439.8248596191406,-0.0023644305370496,0.0009900731535916751,69.1,11.8,9.8,0.005580373757302137,35.0446662902832,0.00027139852040702905,36.849998474121094,-0.0063759246579273565,38.959999084472656,-0.000821036833438038,12.170000076293945,0.0504807802523386,4.369999885559082,2.662,97.24488,1435.3353260869567,119.5904
2023-11-29,23.871370315551758,9195800,0.10501368985415094,0.1508091623864316,0.1471447383570721,0.34892784315862446,5.33,308.70146666666665,3.793333333333333,12.98,119.8159,4.27,69.14,77.56,101.82515716552734,439.5155334472656,0.003791889446533192,-0.0007032939705655661,69.06666666666666,11.866666666666667,9.866666666666667,0.016648000288241205,35.628089904785156,0.018724626050956816,37.540000915527344,0.00744355550159459,39.25,0.004930112207579773,12.229999542236328,0.018306619176448713,4.449999809265137,2.646,97.24475333333334,1435.4902282608696,119.8159
2023-11-30,24.097545623779297,6874300,0.14039895666110014,0.16386395055775438,0.12063839524510511,0.34216918813232877,5.33,308.7212333333333,3.7966666666666664,12.92,120.2434,4.37,69.42,75.66,102.94062805175781,441.24609375,0.010954767144794708,0.003937426941798883,69.03333333333333,11.933333333333334,9.933333333333334,0.007914930795347663,35.91008377075195,0.007192340201888303,37.810001373291016,0.003821694926851027,39.400001525878906,0.016353292757595783,12.430000305175781,-0.00674151331618722,4.420000076293945,2.476,97.24462666666668,1435.6451304347827,120.2434
2023-12-01,25.153051376342773,7864100,0.08917202523643142,0.08692397760505965,0.02950716071341497,0.30403809138739035,5.33,308.741,3.8,12.63,119.9424,4.22,69.7,73.7,104.56573486328125,443.8564453125,0.015786835987695147,0.00591586327782645,69.0,12.0,10.0,0.030327569234044338,36.999149322509766,0.050780166601675836,39.72999954223633,0.021319800001432965,40.2400016784668,0.047465819638171425,13.020000457763672,0.04751132002763492,4.630000114440918,2.401,97.2445,1435.8000326086958,119.9424
2023-12-04,25.727922439575195,12285200,0.07472539708934223,0.061172194112155465,0.029353745069720993,0.28045767608944305,5.33,308.8336129032258,3.790322580645161,13.08,120.4727,4.28,70.60000000000001,72.73,104.73883056640625,441.5264892578125,0.0016553769105274174,-0.005249345997549004,70.06451612903226,11.903225806451612,10.0,0.0028909883953209814,37.10611343383789,-0.14220986096854138,34.08000183105469,0.0069582198712161425,40.52000045776367,0.025345615368951746,13.350000381469727,0.04535637860828223,4.840000152587891,2.401,97.09945483870968,1436.264739130435,120.4727
2023-12-05,25.605411529541016,8641100,0.11556879492216154,0.08649241951907727,0.0794566099126901,0.29663550747470513,5.33,308.8644838709677,3.7870967741935484,12.85,120.7913,4.18,70.9,71.95,103.89261627197266,441.439453125,-0.008079279574322529,-0.0001971255064646682,70.41935483870968,11.870967741935484,10.0,-0.014413067760375764,36.5713005065918,0.04372059224515068,35.56999969482422,-0.022951636097466865,39.59000015258789,-0.016479420280330226,13.130000114440918,-0.0392562089319084,4.650000095367432,2.357,97.05110645161291,1436.419641304348,120.7913
2023-12-06,26.378190994262695,11001200,0.04144335310300562,0.04495700542792869,0.0467542877975764,0.23805119232287963,5.33,308.89535483870964,3.7838709677419353,12.97,120.5334,4.12,71.2,68.98,104.35417938232422,439.6604919433594,0.0044426940711865814,-0.004029909807669374,70.7741935483871,11.838709677419354,10.0,0.03536287412457795,37.864566802978516,0.002811315012061888,35.66999816894531,0.03384693476694256,40.93000030517578,0.02665646799275101,13.479999542236328,0.017204284315123886,4.730000019073486,2.303,97.00275806451613,1436.574543478261,120.5334
2023-12-07,27.480815887451172,15404500,0.020576127117264198,0.021316764416538625,0.011655719634183104,0.17172665868121162,5.33,308.9262258064516,3.7806451612903227,13.06,120.6013,4.14,71.5,69.0,104.45034790039062,443.0152893066406,0.0009215588550035569,0.007630427169956988,71.12903225806451,11.806451612903226,10.0,0.03595286263739084,39.22590637207031,0.008410514918921308,35.970001220703125,0.008062497285534986,41.2599983215332,0.03189913351469187,13.90999984741211,0.15221982817934188,5.449999809265137,2.29,96.95440967741936,1436.729445652174,120.6013
2023-12-08,27.395999908447266,8752800,-0.0020639968519975405,0.021017525523563618,0.028285863355137275,0.000686258414967833,5.33,308.95709677419353,3.7774193548387096,12.35,120.7607,4.23,71.8,70.87,104.77730560302734,444.919921875,0.00313026915859127,0.0042992479364318825,71.48387096774194,11.774193548387096,10.0,0.0002478888119969991,39.23563003540039,-0.010008356912269423,35.61000061035156,-0.007028529147533491,40.970001220703125,-0.010783581608606596,13.760000228881836,-0.007339442798700024,5.409999847412109,2.299,96.90606129032258,1436.8843478260872,120.7607
2023-12-11,27.65045166015625,8349700,-0.01261085205010759,-0.00038049776502402377,0.023281068925556037,-0.025070015451685856,5.33,309.04970967741934,3.767741935483871,12.63,120.9279,4.23,72.7,70.95,105.77737426757812,446.65045166015625,0.009544706831265293,0.003889530902242866,72.54838709677419,11.67741935483871,10.0,0.0039653352791364505,39.391212463378906,0.003931462714093392,35.75,-0.010007318408497556,40.560001373291016,-0.002906973923522793,13.720000267028809,-0.005545237304496742,5.380000114440918,2.322,96.76101612903226,1437.3490543478263,120.9279
2023-12-12,28.564598083496094,12983000,-0.026064170614518822,-0.03037945320256119,-0.051624137056996755,-0.06194359590589682,5.33,309.08058064516126,3.764516129032258,12.07,120.6817,4.2,73.0,68.27,106.25818634033203,448.6904296875,0.004545509624181321,0.00456728078917501,72.90322580645162,11.64516129032258,10.0,0.018020137185422946,40.10104751586914,0.04363640205009833,37.310001373291016,0.013313537538134135,41.099998474121094,0.023323592463275977,14.039999961853027,0.02973974795700096,5.539999961853027,2.152,96.71266774193549,1437.5039565217392,120.6817
2023-12-13,27.471391677856445,22269800,0.0033738295169432053,0.014073534111587405,-0.008706775521437615,-0.016286557428177195,5.33,309.1114516129032,3.761290322580645,12.19,121.1571,4.04,73.3,69.09,107.44097137451172,454.87786865234375,0.011131236800818067,0.013789995407642364,73.25806451612904,11.612903225806452,10.0,-0.0012123000511118365,40.052433013916016,0.035379245409761895,38.630001068115234,0.011678914227596149,41.58000183105469,0.003561267156033887,14.09000015258789,0.012635410134184122,5.610000133514404,2.196,96.66431935483871,1437.6588586956523,121.1571
2023-12-14,28.0462646484375,11860200,0.0007257050989097902,-0.02361625699114278,-0.049648742682422586,-0.04800568812430628,5.33,309.14232258064516,3.758064516129032,12.48,119.5683,3.92,73.60000000000001,71.21,108.82568359375,456.3377685546875,0.012888120812045933,0.003209432691612335,73.61290322580645,11.580645161290322,10.0,0.03034714493683266,41.26791000366211,0.013719874828953316,39.15999984741211,0.048340505844615134,43.59000015258789,0.03548616001314708,14.59000015258789,0.021390353423023534,5.730000019073486,2.351,96.61597096774193,1437.8137608695654,119.5683
2023-12-15,27.339454650878906,14737200,0.023129261097655673,-0.012246761977397713,0.041510985124058264,-0.017815228787334658,5.33,309.1731935483871,3.7548387096774194,12.28,119.7382,3.91,73.9,71.05,108.68145751953125,455.5863952636719,-0.0013252944475602435,-0.0016465288275291368,73.96774193548387,11.548387096774194,10.0,-0.002356413559268744,41.1706657409668,-0.005362591554926577,38.95000076293945,-0.00022937190865346402,43.58000183105469,-0.006854035669902947,14.489999771118164,-0.01570683286008845,5.639999866485596,2.384,96.56762258064516,1437.9686630434783,119.7382
2023-12-18,27.301755905151367,7778200,0.01238655935248767,-0.05151717729439809,0.041559920813095896,0.00693377936804862,5.33,309.2658064516129,3.7451612903225806,12.56,119.9102,3.95,74.8,72.16,108.6766128540039,458.1491394042969,-4.4576744165136795e-05,0.0056251551127679544,75.03225806451613,11.451612903225806,10.0,-0.02739708892437187,40.04270935058594,0.008215653107989107,39.27000045776367,-0.0286828808508508,42.33000183105469,-0.017253278395373495,14.239999771118164,-0.0035460959929022318,5.619999885559082,2.453,96.42257741935484,1438.4333695652174,119.9102
2023-12-19,27.820085525512695,7858500,-0.004430766851205359,-0.04805708480826165,0.027948193498895435,-0.017309169910303512,5.33,309.2966774193548,3.741935483870968,12.53,119.4632,3.93,75.10000000000001,73.23,109.51778411865234,460.9350891113281,0.007740131409675666,0.0060808794940740984,75.38709677419355,11.419354838709678,10.0,-0.0007284016432954621,40.01354217529297,0.02368220764794815,40.20000076293945,0.0021260650601861997,42.41999816894531,0.0042135126812568036,14.300000190734863,0.016014262352415987,5.710000038146973,2.543,96.37422903225807,1438.5882717391305,119.4632
2023-12-20,27.564075469970703,7398600,0.010663726997738765,0.0027519607980173166,0.07017541553085715,-0.01613588721569237,5.33,309.3275483870968,3.738709677419355,13.67,119.5435,3.86,75.4,73.87,107.74842071533203,454.5478210449219,-0.016155945973152397,-0.013857196419393314,75.74193548387098,11.387096774193548,10.0,-0.019684230897933253,39.22590637207031,-0.002736333538903124,40.09000015258789,-0.02923144548076162,41.18000030517578,-0.022377667428694625,13.979999542236328,-0.01576184798364688,5.619999885559082,2.537,96.32588064516129,1438.7431739130436,119.5435
2023-12-21,28.066617965698242,7282900,-0.02432430981439271,-0.016216183890292557,0.051013554816309536,-0.031714596359590064,5.33,309.3584193548387,3.735483870967742,13.65,119.3168,3.89,75.7,73.59,108.86031341552734,458.85772705078125,0.010319341042899444,0.009481743848098745,76.09677419354838,11.35483870967742,10.0,0.019335619084073663,39.9843635559082,0.012471938091716872,40.59000015258789,0.03399712276599831,42.58000183105469,0.026466441441256983,14.350000381469727,0.019572977892233778,5.730000019073486,2.541,96.27753225806451,1438.8980760869565,119.3168
2023-12-22,27.9717960357666,6409600,-0.03457629883158697,-0.006101555395100933,0.030169631299838295,-0.031840039571022105,5.33,309.3892903225806,3.732258064516129,13.03,119.0625,3.9,76.0,73.29,109.38243103027344,459.7798767089844,0.004796216347027649,0.0020096635707325117,76.45161290322581,11.32258064516129,10.0,0.00024337745706515257,39.99409484863281,0.002217298651134625,40.68000030517578,-0.000704617019820275,42.54999923706055,-0.0027874537135678112,14.3100004196167,0.005235638692580702,5.760000228881836,2.498,96.22918387096774,1439.0529782608696,119.0625
2023-12-26,27.639930725097656,5185200,-0.06312187381049184,0.01921092706484817,0.032247038978740594,0.009443538612589508,5.33,309.51277419354835,3.7193548387096773,12.99,118.8875,3.89,77.2,75.84,110.15592956542969,461.72137451171875,0.007071506163015995,0.004222668065925861,77.87096774193549,11.193548387096774,10.0,-0.008996098133078556,39.63430404663086,-0.012782705355523616,40.15999984741211,-0.01104576767175347,42.08000183105469,-0.013976293296629416,14.109999656677246,-0.005208369551432002,5.730000019073486,2.503,96.03579032258064,1439.6725869565219,118.8875
2023-12-27,27.696821212768555,4668500,-0.04382047627072061,0.021567908956828363,0.034234777215049084,0.004616795505522964,5.33,309.5436451612903,3.7161290322580647,12.43,118.4729,3.79,77.5,74.31,110.32027435302734,462.55621337890625,0.0014919286528287667,0.001808100974468374,78.2258064516129,11.161290322580646,10.0,-0.004170783246606469,39.468997955322266,-0.012201237059974002,39.66999816894531,-0.008317544524441112,41.72999954223633,-0.008504598758249826,13.989999771118164,-0.0034903980558358416,5.710000038146973,2.451,95.98744193548387,1439.827489130435,118.4729
2023-12-28,27.85801124572754,4285300,-0.007828287479183516,-0.027569659653636114,0.027569865054009046,-0.0015382433927321193,5.33,309.57451612903225,3.7129032258064516,12.47,118.4104,3.84,77.8,72.02,110.34931182861328,462.73089599609375,0.0002632106904758569,0.0003776462452238505,78.58064516129032,11.129032258064516,10.0,0.0009856415092899251,39.50790023803711,0.00630199172017365,39.91999816894531,0.005751298372862035,41.970001220703125,-0.0007148126551425049,13.979999542236328,0.01225922437718463,5.78000020980835,2.385,95.93909354838709,1439.9823913043479,118.4104
2023-12-29,27.3839168548584,5699600,0.008310267444049613,-0.005540201513415832,0.03497227391765967,-0.013840439048136477,5.33,309.60538709677417,3.709677419354839,12.45,118.4208,3.88,78.1,71.89,110.21393585205078,461.39129638671875,-0.0012267949325570626,-0.002894986310545189,78.93548387096774,11.096774193548388,10.0,-0.009844875216271753,39.11894989013672,-0.021292547923569938,39.06999969482422,-0.01691691395090289,41.2599983215332,-0.017167366164289044,13.739999771118164,-0.03979238939873886,5.550000190734863,2.365,95.89074516129033,1440.137293478261,118.4208
2024-01-02,27.004634857177734,6689600,0.029494556019314944,-0.012991547092901512,0.0596911077575788,-0.01057916518519364,5.33,309.73893548387093,3.706451612903226,13.2,119.2686,3.95,78.93225806451613,70.62,109.10203552246094,458.8091735839844,-0.010088563855322641,-0.005596383856730003,79.87096774193549,10.935483870967742,9.870967741935484,0.005468464615295154,39.33287048339844,-0.018684401022225572,38.34000015258789,-0.013087666572886403,40.720001220703125,-0.02183407538080684,13.4399995803833,-0.05045048651994288,5.269999980926514,2.333,95.78471935483871,1441.0187032967033,119.2686
2024-01-03,25.895246505737305,8192900,0.08787994785426978,0.09959726932441759,0.11204702926741339,0.02960026640018798,5.33,309.77987096774194,3.7129032258064516,14.04,119.6958,3.91,78.86451612903225,72.97,107.4776840209961,455.0622253417969,-0.014888370264461659,-0.00816668117796826,79.74193548387096,10.870967741935484,9.741935483870968,-0.04227448763810171,37.67009353637695,-0.05007829880024095,36.41999816894531,-0.029224027645687323,39.529998779296875,-0.03645831744171746,12.949999809265137,-0.0645161582198176,4.929999828338623,2.435,95.82373870967741,1441.4354065934067,119.6958
2024-01-04,26.48313331604004,6785500,0.0683850507198922,0.07375567608553513,0.06516274752176643,0.020062386255923714,5.33,309.8208064516129,3.7193548387096778,14.13,119.6208,3.99,78.79677419354839,72.38,107.61305236816406,453.5964660644531,0.0012595018994037144,-0.003221008459321828,79.61290322580645,10.806451612903226,9.612903225806452,0.011874038543232768,38.11738967895508,0.010708490498449574,36.810001373291016,0.02377947053968943,40.470001220703125,0.010810837481448399,13.09000015258789,0.07910757746500408,5.320000171661377,2.431,95.86275806451613,1441.85210989011,119.6208
2024-01-05,27.639930725097656,10576500,-0.019897132648839078,0.034648275473726065,0.06449393994348607,-0.011938693631288966,5.33,309.86174193548385,3.7258064516129035,13.35,119.388,4.05,78.72903225806452,74.0,107.7387466430664,454.2177429199219,0.0011680207199431525,0.0013696686415112236,79.48387096774194,10.741935483870968,9.483870967741936,0.03418370946669147,39.42038345336914,0.030969827414231155,37.95000076293945,0.03187539070718293,41.7599983215332,0.038961055992120075,13.600000381469727,0.04887213226601883,5.579999923706055,2.466,95.90177741935484,1442.2688131868133,119.388
2024-01-08,27.61148452758789,10686400,-0.013736316493706657,0.06833791896725483,0.05563176404029457,0.002888431284914672,5.33,309.98454838709677,3.7451612903225806,13.08,119.2506,4.01,78.52580645161291,71.06,108.44456481933594,460.7021789550781,0.006551200921316447,0.014276051819269053,79.09677419354838,10.548387096774194,9.096774193548388,0.02688706409258068,40.480281829833984,-0.0021080850974004584,37.869998931884766,0.027777775240330094,42.91999816894531,0.07205878784912367,14.579999923706055,0.03225811964818637,5.760000228881836,2.473,96.01883548387097,1443.518923076923,119.2506
2024-01-09,27.801124572753906,5474900,-0.04126889536598888,0.06105045652395247,0.10266032812204551,-0.04132583908281917,5.33,310.0254838709677,3.7516129032258068,12.76,119.6666,4.02,78.45806451612903,72.43,108.10616302490234,460.0032043457031,-0.003120504886504505,-0.0015171940600766654,78.96774193548387,10.483870967741936,8.967741935483872,0.01657431073715787,41.151214599609375,-0.013203063483031241,37.369998931884766,0.014445544572055269,43.540000915527344,-0.013717408114656493,14.380000114440918,-0.1024305779762833,5.170000076293945,2.537,96.05785483870967,1443.9356263736265,119.6666
2024-01-10,28.17091941833496,7210400,0.010770785409970118,0.022887978239196194,0.09357132096677812,-0.03496129738806031,5.33,310.0664193548387,3.7580645161290325,12.69,119.7614,4.04,78.39032258064516,71.57,108.65727233886719,462.604736328125,0.005097852874843989,0.005655464913819852,78.83870967741936,10.419354838709678,8.838709677419354,-0.004961926458886268,40.947025299072266,-0.008295359043461348,37.060001373291016,0.016536458219253092,44.2599983215332,-0.002086212290156042,14.350000381469727,-0.011605404621686466,5.110000133514404,2.558,96.09687419354839,1444.3523296703297,119.7614
2024-01-11,28.2941837310791,6221300,0.005026863079022004,0.008378150072591906,0.09886067432499845,-0.0721816282411959,5.33,310.1073548387097,3.764516129032258,12.44,119.8916,3.98,78.3225806451613,72.15,108.40589141845703,462.4008483886719,-0.002313521359400439,-0.0004407389796123873,78.70967741935483,10.35483870967742,8.709677419354838,0.003562040194272198,41.09288024902344,-0.0018888206214333625,36.9900016784668,0.0056484412444808285,44.5099983215332,0.016724722281406867,14.59000015258789,0.01369857005778119,5.179999828338623,2.637,96.13589354838709,1444.7690329670331,119.8916
2024-01-12,27.089975357055664,9885900,0.05565273803348858,0.05740279712332974,0.13860677807123012,-0.020381823521298248,5.33,310.14829032258064,3.770967741935484,12.7,119.534,3.96,78.25483870967741,72.94,108.3962173461914,462.72119140625,-8.923935903337732e-05,0.0006927820714308641,78.58064516129032,10.290322580645162,8.580645161290322,-0.08968301150028801,37.40754699707031,-0.04920257980363851,35.16999816894531,-0.10626824804772084,39.779998779296875,-0.09458533927404666,13.210000038146973,-0.05598455047556228,4.889999866485596,2.596,96.1749129032258,1445.1857362637363,119.534
2024-01-16,27.23220443725586,9115900,0.08321733511384832,0.051183826208448746,0.1751392644015577,-0.01814741189610125,5.33,310.3120322580645,3.796774193548387,13.84,120.5759,4.07,77.98387096774194,72.63,107.30364990234375,461.02239990234375,-0.010079387183394628,-0.003671306902421012,78.06451612903226,10.03225806451613,8.064516129032258,-0.025994160407678324,36.4351692199707,-0.021324994001911568,34.41999816894531,-0.021367483665270193,38.93000030517578,-0.0015140391904554518,13.1899995803833,0.049079806647890356,5.130000114440918,2.579,96.33099032258065,1446.8525494505495,120.5759
2024-01-17,26.6538028717041,7425900,0.10672372200649627,0.06332273981558534,0.21700448159399244,0.0292665755897501,5.33,310.35296774193546,3.803225806451613,14.79,121.0402,4.1,77.91612903225807,72.79,106.5784912109375,458.4598083496094,-0.006758005828005009,-0.0055584968393666,77.93548387096774,9.967741935483872,7.935483870967742,-0.008807109343991315,36.114280700683594,-0.023532760072153436,33.61000061035156,-0.026971467475712996,37.880001068115234,-0.01971184863373321,12.930000305175781,-0.08771935205918358,4.679999828338623,2.585,96.37000967741935,1447.2692527472527,121.0402
2024-01-18,28.474342346191406,14095200,0.011988071879532436,0.004994990875328176,0.12987016466743784,-0.027167300477012324,5.33,310.3939032258064,3.8096774193548386,14.13,120.8895,4.14,77.8483870967742,74.32,108.01913452148438,462.5367736816406,0.013517204964889062,0.008892743175694662,77.80645161290323,9.903225806451612,7.806451612903226,0.02557889170776151,37.03804397583008,0.040166570949282,34.959999084472656,0.049894385859437174,39.77000045776367,0.06883212441164277,13.819999694824219,0.07905990939482321,5.050000190734863,2.584,96.40902903225806,1447.6859560439561,120.8895
2024-01-19,28.43641471862793,8813800,0.0033345247939968736,0.012670979579875619,0.12904297045698487,-0.015142997749460707,5.33,310.4348387096774,3.8161290322580643,13.3,120.6442,4.15,77.78064516129032,73.69,108.7249526977539,468.3028564453125,0.006534195810735222,0.012466214778504625,77.6774193548387,9.838709677419354,7.67741935483871,-0.02126558853206839,36.25040817260742,-0.0034324638165698085,34.84000015258789,-0.02388737118442752,38.81999969482422,-0.011577413237717438,13.65999984741211,-0.011881270762480578,4.989999771118164,2.568,96.44804838709678,1448.1026593406593,120.6442
2024-01-22,28.597606658935547,8595400,0.0016577980871828046,-0.013594131063958792,0.14522527339061986,-0.009027849753978079,5.33,310.5576451612903,3.835483870967742,13.19,120.6178,4.11,77.57741935483871,75.26,109.56612396240234,469.2929382324219,0.00773669009529776,0.002114191219384498,77.29032258064517,9.64516129032258,7.290322580645161,-0.008047079042899585,35.95869827270508,-0.00028697822874323986,34.83000183105469,-0.009531142060624442,38.45000076293945,-0.002928254926782059,13.619999885559082,0.0020040539760575182,5.0,2.594,96.5651064516129,1449.3527692307694,120.6178
2024-01-23,29.498395919799805,10575500,-0.029572559325809378,-0.0025715690670715663,0.10061061106044322,-0.04801406729944513,5.33,310.5985806451613,3.8419354838709676,12.55,121.1001,4.14,77.50967741935484,74.72,109.4791259765625,470.66162109375,-0.0007940226658897931,0.0029164787062068154,77.16129032258064,9.580645161290322,7.161290322580645,0.027852859805755248,36.96025085449219,0.028710879914694454,35.83000183105469,0.0530559395331307,40.4900016784668,0.0279001554797238,14.0,0.02799997329711923,5.139999866485596,2.624,96.6041258064516,1449.7694725274725,121.1001
2024-01-24,29.498395919799805,9713000,-0.03921573318427185,-0.011893385698827474,0.08582442838664117,-0.053184362382323935,5.33,310.63951612903224,3.8483870967741933,13.14,120.4916,4.18,77.44193548387098,75.48,108.80230712890625,471.1761779785156,-0.006182172552246623,0.0010932628914375186,77.03225806451613,9.516129032258064,7.032258064516129,0.00473572460384597,37.135284423828125,-0.00027915533684952365,35.81999969482422,0.00864407161304781,40.84000015258789,-0.004999978201729927,13.930000305175781,-0.013618618023832796,5.070000171661377,2.602,96.64314516129032,1450.186175824176,120.4916
2024-01-25,28.81569480895996,19606100,-0.00691024054385958,0.06383682041297689,0.12372473336981349,-0.0982357169243836,5.33,310.6804516129032,3.8548387096774195,13.45,120.8311,4.14,77.3741935483871,77.91,109.84652709960938,473.73883056640625,0.009597406509642914,0.005438841579141762,76.90322580645162,9.451612903225806,6.903225806451613,0.05210784164674509,39.0703239440918,0.04466774114328875,37.41999816894531,0.051909865914886,42.959999084472656,0.10265608902895274,15.359999656677246,0.05325443230469129,5.340000152587891,2.701,96.68216451612902,1450.6028791208792,120.8311
2024-01-26,28.53123664855957,9929000,0.009305425613452156,0.07976075277173611,0.14722495476677766,-0.09692942213451339,5.33,310.72138709677415,3.861290322580645,13.26,120.6173,4.15,77.30645161290323,78.45,109.6724853515625,473.13702392578125,-0.0015844082889306943,-0.001270334204830692,76.7741935483871,9.387096774193548,6.774193548387097,-0.013688371596665583,38.53551483154297,-0.01737032985001774,36.77000045776367,-0.00954375829026255,42.54999923706055,-0.014973928865704367,15.130000114440918,0.03558053404331463,5.53000020980835,2.749,96.72118387096774,1451.0195824175826,120.6173
2024-01-29,28.645015716552734,8250800,-0.01522668637958724,0.08540229552894285,0.1410130802295182,-0.10683916448787134,5.33,310.84419354838707,3.8806451612903223,13.6,120.8538,4.08,77.10322580645162,77.25,110.38798522949219,476.8839111328125,0.006523968848121786,0.00791924330068694,76.38709677419355,9.193548387096774,6.387096774193548,0.011607374250310887,38.982810974121094,0.012238258290378612,37.220001220703125,-0.01081078948814651,42.09000015258789,-0.012557867324552774,14.9399995803833,-0.005424992526246064,5.5,2.786,96.83824193548386,1452.2696923076924,120.8538
2024-01-30,28.626052856445312,5357800,0.02782381157727709,0.07750899902294028,0.13514418958687924,-0.13621686299364033,5.33,310.885129032258,3.8870967741935485,13.31,120.6025,4.06,77.03548387096775,78.3,110.4266586303711,476.5151062011719,0.000350340671573246,-0.0007733641731895169,76.25806451612904,9.129032258064516,6.258064516129032,-0.01421806791393776,38.428550720214844,-0.014239725325407404,36.689998626708984,-0.010216210587239538,41.65999984741211,-0.027443096313767845,14.529999732971191,-0.047272768887606564,5.239999771118164,2.753,96.87726129032258,1452.6863956043956,120.6025
2024-01-31,28.341594696044922,5956700,0.02843754673044052,0.1291401572013704,0.13616599271641094,-0.13662840115166686,5.33,310.92606451612903,3.893548387096774,14.35,120.4331,3.99,76.96774193548387,76.28,109.15038299560547,468.73968505859375,-0.011557676838141795,-0.01631726054723548,76.12903225806451,9.064516129032258,6.129032258064516,-0.00961542470408927,38.059043884277344,-0.023439542868454954,35.83000183105469,-0.00672104609511337,41.380001068115234,-0.020646950877370562,14.229999542236328,0.01335881196926847,5.309999942779541,2.7,96.91628064516128,1453.103098901099,120.4331
2024-02-01,28.6165714263916,5977300,0.07123934194586856,0.1335319337546843,0.13021866819521666,-0.1202747390994996,5.33,310.967,3.9,13.88,120.3335,3.87,76.9,74.36,111.00676727294922,474.8746032714844,0.017007583724360176,0.01308811352749828,76.0,9.0,6.0,0.01584071284310329,38.66192626953125,0.012001017820373772,36.2599983215332,0.002899925780263768,41.5,0.007730190716104257,14.34000015258789,0.05084745458305617,5.579999923706055,2.65,96.9553,1453.5198021978022,120.3335
2024-02-02,28.79673194885254,4983000,0.06980575489868346,0.11722086841768342,0.13903678957854804,-0.13438511262019237,5.33,311.0145172413793,3.9,13.85,120.902,4.03,76.98620689655174,72.72,111.75127410888672,479.8736877441406,0.0067068598989723505,0.010527167463193043,76.24137931034483,9.068965517241379,6.068965517241379,0.0055331074755657905,38.87584686279297,-0.0035851422900030627,36.130001068115234,-0.0031325558581983826,41.369998931884766,0.015341719992179037,14.5600004196167,0.028673808171997717,5.739999771118164,2.586,96.95993103448275,1453.9365054945056,120.902
2024-02-05,28.208847045898438,4994000,0.10218491963249754,0.13815123641271265,0.16784339763995693,-0.07342970311489994,5.33,311.1570689655172,3.9,13.67,121.349,4.17,77.2448275862069,73.21,111.14215087890625,478.12652587890625,-0.0054507050128749235,-0.0036408786517295733,76.96551724137932,9.275862068965518,6.275862068965517,-0.018509342002360873,38.156280517578125,-0.023526218203422267,35.279998779296875,-0.032874078933160966,40.0099983215332,-0.020604408110502015,14.260000228881836,-0.027874538988168163,5.579999923706055,2.639,96.97382413793103,1455.1866153846154,121.349
2024-02-06,29.42253875732422,7176800,0.04834017940236035,0.11311611055807247,0.12841675718552015,-0.12525823479549048,5.33,311.2045862068965,3.9,13.06,120.9588,4.09,77.33103448275862,73.83,112.13803100585938,479.5146179199219,0.008960417978937318,0.0029031897748488245,77.20689655172414,9.344827586206897,6.344827586206897,0.02395525491780015,39.0703239440918,0.020124799425632833,35.9900016784668,0.03049240869491676,41.22999954223633,0.04488074189172875,14.899999618530273,0.07347667616808873,5.989999771118164,2.663,96.97845517241379,1455.6033186813188,120.9588
2024-02-07,29.147560119628906,5441000,0.09791806103450695,0.1138581557202083,0.1204214238767427,-0.11111926173735986,5.33,311.2521034482759,3.9,12.83,120.9049,4.09,77.41724137931035,74.26,112.88252258300781,483.51397705078125,0.006639064111171544,0.008340432139916976,77.44827586206897,9.413793103448276,6.413793103448276,0.0007467254361455122,39.0994987487793,-0.0108364319576858,35.599998474121094,0.0012126907013261246,41.279998779296875,0.0006711563179773172,14.90999984741211,-0.053422321711455445,5.670000076293945,2.754,96.98308620689654,1456.020021978022,120.9049
2024-02-08,30.655197143554688,10891100,0.05815002247365508,0.04484987449098288,0.05039300275408043,-0.1517252947831753,5.33,311.29962068965517,3.9,12.79,121.0798,4.15,77.50344827586207,76.67,112.90185546875,483.72747802734375,0.00017126553606172656,0.00044156112686710713,77.6896551724138,9.482758620689655,6.482758620689655,0.0034816632176222218,39.23563003540039,0.025561794562255935,36.5099983215332,0.008236438048501382,41.619998931884766,0.0026827607151163058,14.949999809265137,0.02292770946943068,5.800000190734863,2.816,96.9877172413793,1456.4367252747254,121.0798
2024-02-09,30.806909561157227,8162100,0.044321236170103084,0.05109241489421579,-0.11010870501315251,-0.15342744565538735,5.33,311.34713793103447,3.9,12.93,121.039,4.17,77.5896551724138,77.26,113.07588958740234,486.523193359375,0.0015414637600930092,0.005779525577980893,77.93103448275862,9.551724137931034,6.551724137931035,0.0039653352791364505,39.391212463378906,0.018625043452130896,37.189998626708984,0.01705917629483622,42.33000183105469,-0.004682253894133015,14.880000114440918,0.024137907220975086,5.940000057220459,2.869,96.99234827586207,1456.8534285714286,121.039
2024-02-12,31.091365814208984,8819000,0.03263183531145342,0.05276001283370224,-0.13296654219447723,-0.14216423335498862,5.33,311.4896896551724,3.9,13.93,120.9378,4.17,77.84827586206897,77.34,113.2402572631836,486.30963134765625,0.0014536049761006975,-0.00043895545913064105,78.65517241379311,9.758620689655173,6.758620689655173,0.0017279397879368386,39.45927810668945,0.0037645391103928727,37.33000183105469,0.016300462954451866,43.02000045776367,0.0033602278461233315,14.930000305175781,0.021885540940844717,6.070000171661377,2.86,97.00624137931034,1458.1035384615384,120.9378
2024-02-13,30.844829559326172,6266900,0.06178903797490576,0.05963748488551568,-0.13129025041099895,-0.1306721905981446,5.33,311.5372068965517,3.9,15.85,121.5202,4.31,77.93448275862069,78.28,112.08000946044922,479.6116638183594,-0.010245895150501338,-0.013773051359759259,78.89655172413794,9.827586206896552,6.827586206896552,-0.014046386059259564,38.9050178527832,-0.020359016848432776,36.56999969482422,-0.032543038377077727,41.619998931884766,-0.0214333986575741,14.609999656677246,0.2158154704666162,7.380000114440918,2.789,97.0108724137931,1458.5202417582418,121.5202
2024-02-14,32.00163269042969,9684200,0.014518473874709725,0.015407491397104511,-0.15554379549688424,-0.17281997597816956,5.33,311.58472413793106,3.9,14.38,121.4002,4.27,78.02068965517242,77.09,113.95574188232422,483.97021484375,0.016735655456354248,0.009087666865085442,79.13793103448276,9.89655172413793,6.896551724137931,0.020744766228928624,39.712093353271484,0.019961704903695754,37.29999923706055,0.029072631672821814,42.83000183105469,0.017111567821683105,14.859999656677246,-0.024390284875953183,7.199999809265137,2.701,97.01550344827587,1458.936945054945,121.4002
2024-02-15,32.43779754638672,7801600,-0.01256924604280607,-0.007307569912836986,-0.17688972636038358,-0.17777137639718066,5.33,311.63224137931036,3.9,14.01,121.2121,4.24,78.10689655172415,78.47,114.80659484863281,487.3094787597656,0.00746652123231506,0.0068997302180955344,79.37931034482759,9.96551724137931,6.9655172413793105,0.003917855482754806,39.867679595947266,0.012064363864445982,37.75,0.0,42.83000183105469,0.0026917875354763865,14.899999618530273,-0.005555550404536702,7.159999847412109,2.712,97.02013448275862,1459.3536483516484,121.2121
2024-02-16,32.17230987548828,7230600,0.006483808324098561,0.005304977200016436,-0.1653569135919869,-0.1745417652681871,5.33,311.67975862068965,3.9,14.24,121.1505,4.3,78.19310344827586,79.65,114.12010955810547,484.8826599121094,-0.0059794935250230274,-0.0049800362058063374,79.62068965517241,10.03448275862069,7.0344827586206895,-0.021463537763060314,39.01197814941406,-0.006092703105598063,37.52000045776367,-0.01961242392426965,41.9900016784668,-0.017449616232484533,14.640000343322754,-0.02793293485019055,6.960000038146973,2.707,97.02476551724138,1459.7703516483516,121.1505
2024-02-20,32.105934143066406,8855400,0.019492114066169464,0.02163472220472995,-0.14373896942366415,-0.16274061122254724,5.33,311.8698275862069,3.9,15.42,121.0199,4.27,78.53793103448277,78.72,113.76237487792969,482.2131652832031,-0.0031347207916377906,-0.0055054446149716,80.58620689655173,10.310344827586206,7.310344827586207,0.011964204484784746,39.47872543334961,0.03731337137795676,38.91999816894531,0.035008272142072805,43.459999084472656,0.004098324080282545,14.699999809265137,0.007183935411037012,7.010000228881836,2.631,97.04328965517242,1461.4371648351648,121.0199
2024-02-21,32.750701904296875,7133500,-0.0020263470543014916,0.005887320334521329,-0.16525322058378178,-0.1859181284506255,5.33,311.91734482758625,3.9,15.34,121.0379,4.32,78.62413793103448,78.89,114.21678924560547,482.6499938964844,0.0039944170307923965,0.0009058828019030685,80.82758620689656,10.379310344827585,7.379310344827586,0.003940821583612308,39.63430404663086,0.006680425191744499,39.18000030517578,0.013575705591735376,44.04999923706055,0.006122459439160455,14.789999961853027,-0.042796031517778776,6.710000038146973,2.664,97.04792068965517,1461.8538681318682,121.0379
2024-02-22,32.46624755859375,8326400,0.0008762950555245563,0.02262775249235327,-0.16469235910190683,-0.18142809069665577,5.33,311.96486206896554,3.9,14.54,121.102,4.33,78.71034482758621,79.64,115.62843322753906,492.6387023925781,0.012359338686172228,0.02069555293154335,81.06896551724138,10.448275862068966,7.448275862068965,0.0333660734781247,40.95674514770508,0.005104664660072311,39.380001068115234,0.027468765162988795,45.2599983215332,0.03042595067111531,15.239999771118164,-0.025335331643439485,6.539999961853027,2.696,97.05255172413793,1462.2705714285714,121.102
2024-02-23,32.03007888793945,5477600,0.005328653284174756,0.0195900836218168,-0.15153201461610222,-0.20688631551291714,5.33,312.01237931034484,3.9,13.75,121.0369,4.26,78.79655172413794,77.6,116.2375717163086,492.97845458984375,0.005268068344148835,0.0006896579493562704,81.3103448275862,10.517241379310345,7.517241379310345,-0.007139341120740217,40.66434097290039,-0.018537316466133547,38.650001525878906,0.005523641389112877,45.5099983215332,-0.007217825349689955,15.130000114440918,-0.019877693455533918,6.409999847412109,2.576,97.0571827586207,1462.6872747252746,121.0369
2024-02-26,32.38090896606445,7350800,-0.0011712370475637224,-0.0055867606625040755,-0.16366853779501378,-0.20988610302857025,5.33,312.1549310344828,3.9,13.74,121.0592,4.28,79.05517241379312,78.53,116.06352996826172,491.17291259765625,-0.0014972933921197917,-0.0036625170438527865,82.03448275862068,10.724137931034482,7.724137931034483,0.001677687238160308,40.73256301879883,-0.02432089014994865,37.709999084472656,-0.011865460794240001,44.970001220703125,0.009914052702954423,15.279999732971191,-0.0031201219036827155,6.389999866485596,2.642,97.07107586206897,1463.9373846153846,121.0592
2024-02-27,32.731746673583984,4822100,0.0021016426797209053,-0.16244003360670345,-0.14758751629143108,-0.22767411100910895,5.33,312.2024482758621,3.9,13.43,120.9647,4.31,79.14137931034483,79.8,116.2375717163086,492.0853576660156,0.0014995386414187184,0.0018576860509953441,82.27586206896552,10.793103448275861,7.793103448275862,0.004546724385189105,40.917762756347656,0.02094937509167516,38.5,-0.0015565864559503595,44.900001525878906,0.017015722082822204,15.539999961853027,0.021909287362747998,6.53000020980835,2.623,97.07570689655172,1464.3540879120878,120.9647
2024-02-28,32.6843376159668,3604700,0.007929735785573433,-0.1752240866395588,-0.1486842383225122,-0.2560101811355575,5.33,312.2499655172414,3.9,13.84,121.128,4.27,79.22758620689656,79.44,116.63397216796875,491.4350280761719,0.00341026094925323,-0.0013215788271536688,82.51724137931035,10.862068965517242,7.862068965517241,0.0007145956321006341,40.94700241088867,-0.01090904334922893,38.08000183105469,-0.003118111349395214,44.7599983215332,-0.0051480002511219425,15.460000038146973,-0.016845349154687494,6.420000076293945,2.533,97.08033793103449,1464.7707912087913,121.128
2024-02-29,32.49469757080078,5300800,0.021732413430395114,-0.1753976443628944,-0.14400930233650178,-0.2340672834571258,5.33,312.29748275862073,3.9,13.4,121.1824,4.25,79.31379310344828,79.22,116.99172973632812,493.20166015625,0.003067353033678444,0.003594843629673772,82.75862068965517,10.931034482758621,7.931034482758621,0.006189019183975075,41.20042419433594,-0.018119811140438147,37.38999938964844,0.016309280257108538,45.4900016784668,0.014230288905948685,15.680000305175781,0.009345785368615855,6.480000019073486,2.552,97.08496896551725,1465.1874945054944,121.1824
2024-03-01,32.20075607299805,6373300,0.014185838920489635,-0.16076575287857764,-0.1613578463340969,-0.20546566941922595,5.33,312.345,3.9,13.11,121.0111,4.19,79.4,80.9,117.49449157714844,497.83197021484375,0.004297413517634352,0.009388269409163819,83.0,11.0,8.0,-0.0026024856015178788,41.09320068359375,-0.01043058026249688,37.0,-0.014288887709287379,44.84000015258789,-0.0012755393733678844,15.65999984741211,-0.0015432451932717584,6.46999979019165,2.609,97.0896,1465.6041978021979,121.0111
2024-03-04,32.34298324584961,6115600,-0.004420701304083896,-0.17447675708458044,-0.17388732631253168,-0.18390800327274137,5.33,312.41061290322585,3.9,13.49,120.872,4.22,79.18709677419355,79.67,117.919921875,497.298095703125,0.0036208531322696746,-0.001072399009425462,82.51612903225806,10.903225806451612,8.096774193548388,-0.01399417916411072,40.51813507080078,-0.003513542381492818,36.869998931884766,-0.01561107851376875,44.13999938964844,-0.0542783803370136,14.8100004196167,0.04327669534592915,6.75,2.552,97.03873548387097,1466.8543076923077,120.872
2024-03-05,32.800537109375,4151700,-0.1641965937172034,-0.18134279564350098,-0.18715499652030876,-0.19209547193545262,5.33,312.43248387096776,3.9,14.46,120.8846,4.13,79.11612903225807,79.11,116.95305633544922,492.32806396484375,-0.00819934006211176,-0.0099940695152958,82.35483870967742,10.870967741935484,8.129032258064516,0.005532789547624928,40.742313385009766,0.009221593773735215,37.209999084472656,-0.009062023486920312,43.7400016784668,-0.009453095162463065,14.670000076293945,0.010370395801685417,6.820000171661377,2.511,97.0217806451613,1467.271010989011,120.8846
2024-03-06,32.94351577758789,5647100,-0.1817128872404815,-0.16550921757838888,-0.1799767715056082,-0.17650459793340512,5.33,312.4543548387097,3.9,14.5,120.4649,4.11,79.04516129032258,80.08,117.56217956542969,494.82275390625,0.005208271156534439,0.005067129266034254,82.19354838709677,10.838709677419354,8.161290322580646,0.005263215551021494,40.956748962402344,-0.006718624191106803,36.959999084472656,0.007544535978376121,44.06999969482422,0.014314930951249583,14.880000114440918,0.061583517431858636,7.239999771118164,2.585,97.00482580645162,1467.6877142857143,120.4649
2024-03-07,33.20088577270508,4066700,-0.19293706963004054,-0.17657188047953143,-0.17743320924791228,-0.2004018998064323,5.33,312.4762258064516,3.9,14.44,120.1909,4.09,78.9741935483871,79.81,118.50971984863281,499.734619140625,0.008059907418403789,0.009926514485438576,82.03225806451613,10.806451612903226,8.193548387096774,0.01808641608499406,41.697509765625,0.00865800061555344,37.279998779296875,0.0011345413525478687,44.119998931884766,0.0013440526838401912,14.899999618530273,0.02486192139036225,7.420000076293945,2.617,96.98787096774194,1468.1044175824175,120.1909
2024-03-08,32.65755081176758,5874400,-0.17250447115815348,-0.1695854715715407,-0.15207240852421,-0.19001753420548417,5.33,312.4980967741936,3.9,14.74,119.975,4.09,78.90322580645162,78.96,118.24866485595703,496.7351379394531,-0.0022028150349964193,-0.006002148112792316,81.87096774193549,10.774193548387096,8.225806451612904,-0.012622553324785013,41.171180725097656,-0.018508547459828995,36.59000015258789,-0.018585668963641333,43.29999923706055,-0.014765054965564683,14.680000305175781,-0.03099730683404034,7.190000057220459,2.556,96.97091612903226,1468.5211208791209,119.975
2024-03-11,32.20000457763672,5322100,-0.17081116090224924,-0.15600954527156496,-0.1722914290872758,-0.12078170954804368,5.33,312.56370967741935,3.9,15.22,120.0394,4.1,78.69032258064517,78.87,117.6395263671875,496.3079528808594,-0.005151335023626191,-0.0008599855858109073,81.38709677419355,10.67741935483871,8.32258064516129,0.010416687900001387,41.60004806518555,0.021044013516059223,37.36000061035156,-0.009468818813770041,42.88999938964844,-0.002043643461978051,14.649999618530273,-0.02086232186003889,7.039999961853027,2.588,96.92005161290322,1469.7712307692307,120.0394
2024-03-12,27.4148006439209,41071100,-0.020514635137172554,-0.012169619802785081,-0.008344876187022732,-0.02468703844384268,5.33,312.5855806451613,3.9,13.84,120.1668,4.16,78.61935483870968,78.51,118.1616439819336,501.64691162109375,0.0044382838903687105,0.010757350772325758,81.2258064516129,10.64516129032258,8.35483870967742,0.0018743346639213954,41.67802047729492,0.033458243564740586,38.61000061035156,-0.01678715856724633,42.16999816894531,-0.04709894869284126,13.960000038146973,-0.012784112652779234,6.949999809265137,2.572,96.90309677419354,1470.187934065934,120.1668
2024-03-13,26.95725440979004,19863300,0.01980193676452857,0.035007091375620636,-0.026167016842768898,0.005657676002848611,5.33,312.6074516129033,3.9,13.75,119.9642,4.19,78.54838709677419,80.67,118.48070526123047,500.8606262207031,0.002700210225118793,-0.0015674080357630515,81.06451612903226,10.612903225806452,8.387096774193548,0.02689443541217673,42.798927307128906,0.0196839759005194,39.369998931884766,0.020630846202471798,43.040000915527344,0.002865326772472976,14.0,0.0071942722456204145,7.0,2.644,96.88614193548388,1470.6046373626373,119.9642
2024-03-14,26.795204162597656,10585800,0.020277463546748864,0.03842059211850679,-0.009605148029626753,0.010672386699585257,5.33,312.6293225806452,3.9,14.4,120.241,4.29,78.47741935483872,82.16,117.97794342041016,499.8705139160156,-0.004243406888166379,-0.001976821999681855,80.90322580645162,10.580645161290322,8.419354838709678,-0.01935793470678948,41.970428466796875,-0.030734039047501938,38.15999984741211,-0.0044145547714824485,42.849998474121094,-0.0007143020629882812,13.989999771118164,0.02714286531720833,7.190000057220459,2.628,96.8691870967742,1471.0213406593407,120.241
2024-03-15,27.023977279663086,11567600,0.003527511007459072,0.029277021518459456,-0.0105819683834677,0.0010583450560606167,5.33,312.65119354838714,3.9,14.41,120.4003,4.31,78.40645161290323,81.94,117.99727630615234,496.4381408691406,0.00016386864511863664,-0.006866524332442836,80.74193548387096,10.548387096774194,8.451612903225806,0.00139361820478201,42.0289192199707,0.0005241210126740725,38.18000030517578,0.017969672933097147,43.619998931884766,-0.0021443697971407216,13.960000038146973,-0.02086232186003889,7.039999961853027,2.655,96.85223225806452,1471.4380439560439,120.4003
2024-03-18,26.69988441467285,6885000,0.01785071739121591,0.011424281967640892,0.027490156216815498,0.02713297327864428,5.33,312.7168064516129,3.9,14.33,120.5752,4.34,78.19354838709678,83.68,118.2067642211914,499.3885498046875,0.001775362293071403,0.005943155234570563,80.25806451612904,10.451612903225806,8.548387096774194,0.007420925137341161,42.34081268310547,0.0007857197238629876,38.209999084472656,-0.0016047614978974556,43.54999923706055,0.0107449583180792,14.109999656677246,-0.014204531985004043,6.940000057220459,2.718,96.80136774193548,1472.688153846154,120.5752
2024-03-19,26.85239601135254,6300400,0.008519795837435673,-0.004969673731845314,0.03159402684497503,0.015583885343699588,5.33,312.7386774193549,3.9,13.82,120.9332,4.3,78.12258064516129,84.39,119.2251205444336,502.1636657714844,0.008615042717323718,0.005557027624846889,80.09677419354838,10.419354838709678,8.580645161290322,0.006906415577792924,42.633235931396484,-0.010206736430070196,37.81999969482422,0.008266374664943843,43.90999984741211,-0.012756864343103191,13.930000305175781,-0.033141212849730706,6.710000038146973,2.671,96.7844129032258,1473.104857142857,120.9332
2024-03-20,27.491060256958008,7483700,0.014909909525503418,-0.030166444960682992,0.01872397400361181,-0.02092021963427637,5.33,312.7605483870968,3.9,13.04,120.9289,4.27,78.05161290322582,82.79,120.66051483154297,506.808349609375,0.012039361172836216,0.009249342703349317,79.93548387096774,10.387096774193548,8.612903225806452,0.03749411576382955,44.23173141479492,0.025383371026415746,38.779998779296875,0.04714187433426331,45.97999954223633,0.04594396092085096,14.569999694824219,0.0685544017186035,7.170000076293945,2.606,96.76745806451612,1473.5215604395603,120.9289
2024-03-21,27.338542938232422,9416200,0.017782543690309405,-0.01185486633545585,0.03661090595516581,-0.004931812489403997,5.33,312.78241935483874,3.9,12.92,120.8086,4.27,77.98064516129033,81.99,121.85343933105469,508.483154296875,0.00988661867701457,0.003304611474516772,79.7741935483871,10.35483870967742,8.64516129032258,0.013662342908627778,44.83604049682617,0.025270747114090053,39.7599983215332,0.01413661444867631,46.630001068115234,0.01441318068260311,14.779999732971191,0.015341719992179037,7.28000020980835,2.608,96.75050322580645,1473.9382637362637,120.8086
2024-03-22,27.119304656982422,4534300,0.025658998112717324,0.007029730504139575,0.03550066301757315,0.007710682678115477,5.33,312.8042903225807,3.9,13.06,121.1842,4.22,77.90967741935484,81.1,121.43640899658203,507.5192565917969,-0.0034223928086236644,-0.0018956335070942076,79.61290322580645,10.32258064516129,8.67741935483871,-0.008913090476291408,44.4364128112793,-0.005030104544392677,39.560001373291016,-0.003431264073496143,46.470001220703125,0.0027063574137822233,14.819999694824219,-0.0274725659805386,7.079999923706055,2.582,96.73354838709677,1474.354967032967,121.1842
2024-03-25,27.176496505737305,5693600,-0.006313730799390904,0.01894070111187207,0.027709459738771924,0.006295904125057428,5.33,312.86990322580647,3.9,13.19,121.0295,4.25,77.69677419354839,82.41,120.65081024169922,506.1170349121094,-0.00646921925124555,-0.0027628935483237083,79.12903225806451,10.225806451612904,8.774193548387096,-0.0037289014716528346,44.270713806152344,0.003033339932232204,39.68000030517578,-0.03400046889499053,44.88999938964844,0.006747664205732029,14.920000076293945,0.04378530312430717,7.389999866485596,2.583,96.68268387096774,1475.605076923077,121.0295
2024-03-26,27.081172943115234,5471400,-0.013375512929897249,-0.015839534412981138,-0.040478622351044824,0.007712735874504606,5.33,312.89177419354843,3.9,13.24,121.0742,4.24,77.6258064516129,82.41,120.2143783569336,505.18218994140625,-0.0036173141638362605,-0.0018470924829974145,78.96774193548387,10.193548387096774,8.806451612903226,0.011228402328521847,44.76780319213867,0.004788271805638011,39.869998931884766,0.011806611416864676,45.41999816894531,0.0,14.920000076293945,-0.008119072241347003,7.329999923706055,2.53,96.66572903225806,1476.02178021978,121.0742
2024-03-27,27.900949478149414,9338600,-0.044414143623113134,-0.02562357069080523,-0.07652890495321585,-0.021208037963559634,5.33,312.91364516129033,3.9,12.78,121.0089,4.2,77.55483870967743,82.15,122.14441680908203,509.4277038574219,0.016054971780645744,0.008403926346865154,78.80645161290323,10.161290322580646,8.838709677419354,0.03004590046483302,46.112892150878906,0.05367442806568623,42.0099983215332,0.04007053242828751,47.2400016784668,0.025469176440869656,15.300000190734863,0.010914041546893571,7.409999847412109,2.524,96.64877419354838,1476.4384835164835,121.0089
2024-03-28,27.824691772460938,10002800,-0.029119589650560274,-0.056526350973036155,-0.0805071128954511,-0.013699130636971701,5.33,312.9355161290323,3.9,13.01,121.0635,4.2,77.48387096774194,83.96,122.1637954711914,509.3304138183594,0.00015865368729595097,-0.00019097908952692144,78.64516129032258,10.129032258064516,8.870967741935484,0.01183689771312868,46.65872573852539,0.023327859940219797,42.9900016784668,0.013547827411279911,47.880001068115234,0.0032679862818003613,15.350000381469727,0.0013495585813443345,7.420000076293945,2.526,96.6318193548387,1476.8551868131867,121.0635
2024-04-01,27.81515884399414,7055700,-0.01816321764139639,-0.04592195899460427,-0.11103503398510361,-0.030603942055333122,5.33,313.023,3.9,13.65,121.5151,4.33,77.2,84.54,121.22303009033203,508.4442138671875,-0.007700852590825313,-0.0017399313434439678,78.0,10.0,9.0,0.007311321236777246,46.99986267089844,0.0018608516686215992,43.06999969482422,-0.011069393946757544,47.349998474121094,0.003908759899108105,15.40999984741211,-0.044474382791499845,7.090000152587891,2.583,96.564,1478.522,121.5151
2024-04-02,27.004911422729492,10511900,0.025414894714786973,-0.009883424983601508,-0.09389342021539093,0.004875214634811664,5.33,313.0280666666667,3.9,14.61,121.3035,4.36,76.93,85.95,120.66051483154297,505.2115783691406,-0.0046403332631587135,-0.006357896126813367,77.96666666666667,9.933333333333334,8.933333333333334,-0.027374428727124367,45.7132682800293,-0.02345015854863297,42.060001373291016,-0.035902787814688364,45.650001525878906,-0.06554187143950241,14.399999618530273,-0.028208784456696168,6.889999866485596,2.693,96.58202,1478.9308021978022,121.3035
2024-04-03,26.718948364257812,7846800,-0.00249742583462631,0.026757042762269423,-0.05779522378820057,0.026041259173765763,5.33,313.03313333333335,3.9,14.33,121.0198,4.36,76.66,86.22,121.28123474121094,505.7665100097656,0.00514434991873336,0.0010984143364576315,77.93333333333334,9.866666666666667,8.866666666666667,-0.007036532607154533,45.391605377197266,-0.004279607686605624,41.880001068115234,-0.022563035258831965,44.619998931884766,-0.016666651213610217,14.15999984741211,-0.0058055098154058404,6.849999904632568,2.725,96.60003999999999,1479.3396043956043,121.0198
2024-04-04,26.661752700805664,9651200,0.019663929522306445,0.03897037987866603,-0.06506972131433575,-0.03076116449929278,5.33,313.0382,3.9,16.35,120.7613,4.31,76.39,87.37,120.2143783569336,499.5930480957031,-0.008796549495507677,-0.012206150055177223,77.9,9.8,8.8,-0.01481620053622379,44.71907424926758,-0.002865395022002337,41.7599983215332,-0.03137601400033252,43.220001220703125,-0.023305079608907264,13.829999923706055,-0.008759115856186162,6.789999961853027,2.744,96.61806,1479.7484065934066,120.7613
2024-04-05,27.014448165893555,6639200,-0.02822877156684178,0.03669717710166198,-0.03246293903187181,-0.028857012722483533,5.33,313.0432666666667,3.9,16.03,120.9646,4.39,76.12,87.69,121.88253784179688,504.812255859375,0.013876538793972548,0.010446918313947506,77.86666666666666,9.733333333333333,8.733333333333333,0.003923367696744506,44.89452362060547,0.01724140923472839,42.47999954223633,-0.0006941830899294121,43.189998626708984,-0.0050614385546186025,13.760000228881836,0.001472787767013095,6.800000190734863,2.724,96.63607999999999,1480.1572087912086,120.9646
2024-04-08,27.309946060180664,6855900,-0.028272256501253645,0.03769636528193998,-0.057591566359555646,-0.03515003935180194,5.33,313.0584666666667,3.9,15.19,120.7359,4.42,75.31,87.24,121.66915893554688,505.0946044921875,-0.0017506930035126045,0.0005593141401287749,77.76666666666667,9.533333333333333,8.533333333333333,0.020625159850214514,45.82048034667969,0.002354102869491115,42.58000183105469,0.002778484612125487,43.310001373291016,0.010174374078467219,13.899999618530273,0.03382353126796467,7.03000020980835,2.717,96.69014,1481.3836153846153,120.7359
2024-04-09,27.691238403320312,7798900,-0.034423451307684205,0.014113473145126232,-0.06437175613699342,-0.04289310563910753,5.33,313.06353333333334,3.9,14.98,120.7048,4.36,75.04,86.04,121.38792419433594,505.6788024902344,-0.002311471071809734,0.001156611044448308,77.73333333333333,9.466666666666667,8.466666666666667,0.006594395201157788,46.12263870239258,0.010098555002055143,43.0099983215332,0.003001552742922353,43.439998626708984,0.0035971361228102072,13.949999809265137,0.008534842245925933,7.090000152587891,2.668,96.70815999999999,1481.7924175824176,120.7048
2024-04-10,26.652219772338867,10963500,0.02932771238347276,0.047925567929269164,-0.024320355211054356,-0.029334725689216468,5.33,313.0686,3.9,15.8,121.5727,4.55,74.77,86.98,120.35015869140625,500.6154479980469,-0.008549165906060585,-0.010012985450947975,77.7,9.4,8.4,-0.02282335463580365,45.06996536254883,-0.024412910440288482,41.959999084472656,-0.024631669628238262,42.369998931884766,-0.038709675214072536,13.40999984741211,-0.036671399617238976,6.829999923706055,2.681,96.72618,1482.2012197802196,121.5727
2024-04-11,27.18602752685547,6407100,0.018934130939989524,-0.04417942838252009,-0.04067322476999724,-0.028635107022173423,5.33,313.07366666666667,3.9,14.91,121.6081,4.56,74.5,85.79,120.48595428466797,504.3935852050781,0.0011283374674222468,0.0075469848606148915,77.66666666666667,9.333333333333334,8.333333333333334,0.030060633165750028,46.42479705810547,0.01692085557588574,42.66999816894531,0.015813122504904742,43.040000915527344,0.01565995828012623,13.619999885559082,0.005856509853564118,6.869999885559082,2.635,96.74419999999999,1482.610021978022,121.6081
2024-04-12,26.251863479614258,11545800,0.066811968464211,-0.01851842298967188,0.015976852461689228,0.012507758725101015,5.33,313.07873333333333,3.9,17.31,122.2885,4.5,74.23,86.46,119.19603729248047,497.43133544921875,-0.010705953236174404,-0.013803208367585862,77.63333333333334,9.266666666666667,8.266666666666667,-0.016166334510601565,45.674278259277344,-0.03210684299681632,41.29999923706055,-0.028810447306924836,41.79999923706055,-0.0345080962538874,13.149999618530273,-0.01746723254120064,6.75,2.672,96.76222,1483.0188241758242,122.2885
2024-04-15,26.537832260131836,7041500,0.06788796782282946,-0.03591951596248444,0.01041667041004235,0.03774249796977269,5.33,313.0939333333333,3.9,19.23,122.425,4.63,73.42,86.21,118.3425521850586,491.199462890625,-0.007160348001566619,-0.012528106121352134,77.53333333333333,9.066666666666666,8.066666666666666,-0.004481410960009313,45.4695930480957,-0.007748176773259341,40.97999954223633,-0.018181778358966505,41.040000915527344,-0.015969585113223217,12.9399995803833,0.005925920274522545,6.789999961853027,2.69,96.81627999999999,1484.2452307692306,122.425
2024-04-16,26.73801040649414,7169700,0.050267298349927936,-0.07522282471531383,-0.009982010808922914,0.015982117240333382,5.33,313.09900000000005,3.9,18.4,123.1234,4.67,73.14999999999999,86.15,118.07097625732422,490.30364990234375,-0.0022948290595398158,-0.0018237255045222556,77.5,9.0,8.0,-0.002143699514269848,45.37211990356445,-0.004392394026023871,40.79999923706055,0.01120855443983726,41.5,0.0069551897609276825,13.029999732971191,-0.0382915689993204,6.53000020980835,2.684,96.8343,1484.654032967033,123.1234
2024-04-17,27.433868408203125,7970500,0.01806796350865958,-0.10806133635462589,-0.027797128993395703,-0.04160638820939466,5.33,313.1040666666667,3.9,18.21,123.0207,4.59,72.88,83.58,117.45997619628906,487.40185546875,-0.0051748539768446955,-0.005918361884868162,77.46666666666667,8.933333333333334,7.933333333333334,0.028571647168507797,46.66847610473633,0.04705887302807965,42.720001220703125,0.17445787177028427,48.7400016784668,0.0660015831140357,13.890000343322754,0.04594176175478415,6.829999923706055,2.609,96.85232,1485.0628351648352,123.0207
2024-04-18,27.70077133178711,7554600,-0.06194076477179722,-0.09119062200005479,-0.04129391203663224,-0.05880515716183965,5.33,313.1091333333334,3.9,18.0,123.0017,4.64,72.61,83.5,117.0526351928711,486.39892578125,-0.0034679132127292123,-0.0020577059283769517,77.43333333333334,8.866666666666667,7.866666666666666,-0.0006267849536626402,46.639225006103516,0.04026211041333738,44.439998626708984,0.05498556418110523,51.41999816894531,0.009359259267651021,14.020000457763672,0.04099563879005408,7.110000133514404,2.49,96.87034,1485.4716373626372,123.0017
2024-04-19,28.005802154541016,6911100,-0.07998634621312417,-0.10993872822276163,-0.040163368704142055,-0.05261597920766903,5.33,313.11420000000004,3.9,18.71,123.1075,4.62,72.34,83.79,116.83924865722656,482.1534729003906,-0.0018229964262908016,-0.008728335232320639,77.4,8.8,7.8,-0.00585161709781612,46.366310119628906,0.012826276157480443,45.0099983215332,-0.0007778510745695133,51.380001068115234,0.006419343507491515,14.109999656677246,0.0,7.110000133514404,2.496,96.88836,1485.8804395604395,123.1075
2024-04-22,28.339431762695312,6526100,-0.09720821557429171,-0.07769922837653243,-0.059199460170477614,-0.080016023665058,5.33,313.12940000000003,3.9,16.94,123.0609,4.62,71.53,83.82,117.72183227539062,486.5937194824219,0.007553828258116457,0.00920919755139571,77.3,8.6,7.6,0.03048133841780709,47.77961730957031,0.01155299882592753,45.529998779296875,0.04982478601352924,53.939998626708984,0.029766129448145717,14.529999732971191,0.05625880279269646,7.510000228881836,2.525,96.94242,1487.1068461538462,123.0609
2024-04-23,28.08205795288086,7002700,-0.11948398589806508,-0.08350294225001476,-0.0536320985967208,-0.09105441617334842,5.33,313.1344666666667,3.9,15.69,122.7227,4.61,71.25999999999999,84.17,119.36090087890625,492.367919921875,0.013923233879687746,0.011866574121826012,77.26666666666667,8.533333333333333,7.533333333333333,0.004284023970989592,47.98430633544922,-0.00988352647280999,45.08000183105469,0.0016685234497453294,54.029998779296875,-0.020646950877370562,14.229999542236328,-0.18774970456415052,6.099999904632568,2.519,96.96044,1487.5156483516482,122.7227
2024-04-24,27.929542541503906,9632800,-0.12389084460392463,-0.07235484723068653,-0.09044361025693692,-0.03560442430180877,5.33,313.13953333333336,3.9,15.97,122.89,4.65,70.99,84.09,118.41043853759766,492.1342468261719,-0.007962928683596826,-0.0004745904155173397,77.23333333333333,8.466666666666667,7.466666666666667,-0.026203537094720786,46.72694778442383,-0.0188554182407511,44.22999954223633,-0.025171213049752783,52.66999816894531,-0.021784924519657745,13.920000076293945,-0.03114755085097065,5.909999847412109,2.495,96.97846,1487.9244505494505,122.89
2024-04-25,25.98496437072754,36945300,-0.03118124754791407,0.0007336530969592747,-0.015407302252230637,0.005188347724409237,5.33,313.1446,3.9,15.37,122.8384,4.7,70.72,84.92,118.76929473876953,490.2646484375,0.003030612888558215,-0.0037989601429470055,77.2,8.4,7.4,0.04046725052572864,48.61785888671875,0.007234901608322186,44.54999923706055,0.015948361150374346,53.5099983215332,0.015086209554309393,14.130000114440918,-0.03214891068121717,5.71999979019165,2.498,96.99648,1488.3332527472528,122.8384
2024-04-26,25.76572036743164,16106000,-0.032556453794299944,0.012208614652913674,-0.01886789938719302,-0.020508995045992018,5.33,313.1496666666667,3.9,15.03,122.9471,4.67,70.44999999999999,85.38,118.9632568359375,494.909423828125,0.0016330996794633457,0.009474016544795072,77.16666666666667,8.333333333333334,7.333333333333333,0.0008019691044560684,48.6568489074707,-0.01324355022877477,43.959999084472656,-0.01252099028146847,52.84000015258789,-0.017692851944459576,13.880000114440918,0.010489584233828841,5.78000020980835,2.494,97.0145,1488.7420549450549,122.9471
2024-04-29,25.584606170654297,15687800,0.021609619775361022,0.04247395685396915,-0.049552912387646586,0.013794327621114544,5.33,313.1648666666667,3.9,14.67,122.5449,4.63,69.64,84.26,119.758544921875,496.662109375,0.0066851573089856675,0.0035414269005387133,77.06666666666666,8.133333333333333,7.133333333333334,0.010617007266347844,49.173439025878906,0.00295725820797732,44.09000015258789,0.002460277587808868,52.970001220703125,0.007204569666492189,13.979999542236328,0.020761225121661564,5.900000095367432,2.498,97.06856,1489.9684615384615,122.5449
2024-04-30,24.726701736450195,13924400,0.04086358802315315,0.08442558971199521,0.00655365397777663,0.04508908691380453,5.33,313.16993333333335,3.9,15.65,122.9853,4.69,69.36999999999999,83.49,117.85761260986328,488.7944030761719,-0.01587304115336241,-0.015841164748260805,77.03333333333333,8.066666666666666,7.066666666666666,-0.007532123214250008,48.80305862426758,-0.02426853461377032,43.02000045776367,-0.028506741578859685,51.459999084472656,-0.03361940835080368,13.510000228881836,-0.03728818024961533,5.679999828338623,2.47,97.08658,1490.3772637362638,122.9853
2024-05-01,24.469327926635742,12615200,0.05882371740532655,0.08180786072153068,0.04557862183066064,0.033344752795916976,5.33,313.175,3.9,15.39,123.0168,4.63,69.1,80.7,117.56666564941406,487.2071533203125,-0.0024686310371170306,-0.003247274817121837,77.0,8.0,7.0,-0.000998637660004964,48.75432205200195,-0.019525805291717435,42.18000030517578,-0.015351747562811657,50.66999816894531,0.00518132447359787,13.579999923706055,-0.015845013815265707,5.590000152587891,2.402,97.1046,1490.7860659340658,123.0168
2024-05-02,25.174720764160156,14758900,0.03294207566079477,0.05944712869438784,0.048466436807456104,-0.045524048997166666,5.33,313.1707741935484,3.9064516129032256,14.68,122.4384,4.58,69.07096774193548,80.59,118.24555969238281,491.7641906738281,0.005774545354490401,0.00935338761440474,77.16129032258064,8.064516129032258,7.0,0.02019176954416957,49.7387580871582,0.012328128354704315,42.70000076293945,0.019932942031355427,51.68000030517578,0.020618537153480165,13.859999656677246,0.03220032619414015,5.769999980926514,2.395,97.09885161290323,1491.1948681318681,122.4384
2024-05-03,24.9268798828125,10950400,0.04627150454699036,0.06539198816362313,0.06309745055117255,-0.08798423489600937,5.33,313.1665483870968,3.9129032258064513,13.49,122.1375,4.5,69.04193548387096,79.65,119.06993865966797,497.8597717285156,0.006971754114317497,0.012395333312771761,77.3225806451613,8.129032258064516,7.0,0.010190036335630204,50.24559783935547,-0.00046839478703308846,42.68000030517578,-0.0005804717321928887,51.650001525878906,-0.0007214484455417836,13.850000381469727,0.005199343138218238,5.800000190734863,2.386,97.09310322580646,1491.6036703296702,122.1375
2024-05-06,26.137479782104492,10802900,0.020423003733261558,0.028446316203657007,0.03792844592944311,-0.10673797559423759,5.33,313.15387096774197,3.932258064516129,13.49,121.8913,4.49,68.95483870967742,80.1,120.2725830078125,503.0011291503906,0.01010031886874474,0.010326918770771076,77.80645161290323,8.32258064516129,7.0,0.026770360614237543,51.59069061279297,0.02741326524319221,43.849998474121094,0.04491770815653884,53.970001220703125,0.05776167617517802,14.649999618530273,0.022413729884255273,5.929999828338623,2.427,97.07585806451614,1492.8300769230768,121.8913
2024-05-07,25.737123489379883,7958800,0.04185178748694285,0.03592589559619275,0.031481439623704865,-0.09358828754085713,5.33,313.1496451612903,3.9387096774193546,13.23,122.093,4.47,68.9258064516129,79.97,120.60233306884766,503.55615234375,0.0027416893591927227,0.001103423354728461,77.96774193548387,8.387096774193548,7.0,-0.01379180564603133,50.8791618347168,-0.01550741912972009,43.16999816894531,-0.023716927275205024,52.689998626708984,-0.027303728938281147,14.25,-0.04553119540345052,5.659999847412109,2.43,97.07010967741935,1493.2388791208791,122.093
2024-05-08,25.90870475769043,6458600,0.02170724261119439,0.025754027478530617,0.02097128284552663,-0.06627002236443102,5.33,313.14541935483874,3.9451612903225803,13.0,122.1926,4.48,68.89677419354838,80.57,120.60233306884766,503.60479736328125,0.0,9.660296931102152e-05,78.12903225806451,8.451612903225806,7.0,0.0015323519473082747,50.95712661743164,0.002779771871020298,43.290000915527344,0.006263082931404984,53.02000045776367,0.01192982991536451,14.420000076293945,0.005300390568396596,5.690000057220459,2.435,97.06436129032258,1493.6476813186812,122.1926
2024-05-09,26.0040283203125,7637000,0.025659767046121384,-0.023093900363807096,0.08870951179439035,-0.06563519539960094,5.33,313.1411935483871,3.9516129032258065,12.69,122.1634,4.45,68.86774193548386,80.86,121.80494689941406,506.5065612792969,0.00997172940161839,0.005761986246374917,78.29032258064517,8.516129032258064,7.0,0.008990197337122252,51.41524124145508,0.013167005838980561,43.86000061035156,-0.007355703249363743,52.630001068115234,0.004160850598122989,14.479999542236328,0.010544805303367655,5.75,2.426,97.05861290322581,1494.0564835164835,122.1634
2024-05-10,26.080284118652344,6445900,0.018274877537557854,-0.01900584923626436,0.025219291509611885,-0.06652815136928292,5.33,313.1369677419355,3.958064516129032,12.55,122.014,4.5,68.83870967741935,79.81,121.8922348022461,507.158935546875,0.0007166203430482021,0.0012879877921627703,78.45161290322581,8.580645161290322,7.0,-0.0028437037980673097,51.2690315246582,-0.0022800339130583103,43.7599983215332,0.0017100541660908242,52.720001220703125,-0.005524856784194343,14.399999618530273,0.003478257552437247,5.769999980926514,2.361,97.05286451612903,1494.4652857142858,122.014
2024-05-13,26.67128562927246,9547200,0.007862731868099715,-0.052180097379506574,0.016440309551980503,-0.08577406052232517,5.33,313.12429032258063,3.9774193548387093,13.6,122.0261,4.48,68.7516129032258,80.71,121.37821960449219,507.22711181640625,-0.004216964260174816,0.00013442781888040045,78.93548387096774,8.774193548387096,7.0,0.00933342430644224,51.7475471496582,0.0025137251958584628,43.869998931884766,0.03186646939067295,54.400001525878906,0.036805604214287024,14.930000305175781,0.045060698395372745,6.03000020980835,2.368,97.03561935483872,1495.6916923076922,122.0261
2024-05-14,26.814268112182617,7181600,-0.005687845394059421,-0.09313898403367271,0.00995383613738654,-0.09207997297558568,5.33,313.12006451612905,3.9838709677419355,13.42,121.9256,4.45,68.72258064516129,79.62,121.34911346435547,509.55438232421875,-0.00023979705940291307,0.00458822183119989,79.09677419354838,8.838709677419354,7.0,0.0013210167199286804,51.8159065246582,-0.0020515193703931622,43.779998779296875,0.012683797929320617,55.09000015258789,0.017414552571535236,15.1899995803833,0.054726353602654765,6.360000133514404,2.342,97.02987096774194,1496.1004945054945,121.9256
2024-05-15,26.471111297607422,8913000,0.003960806675886719,-0.059776837329374444,0.021966084773223926,-0.03827557271016446,5.33,313.1158387096774,3.990322580645161,12.45,121.3543,4.36,68.69354838709677,80.23,122.14441680908203,515.8641357421875,0.006553845529000624,0.012382885197038673,79.25806451612904,8.903225806451612,7.0,0.003769206865319008,52.01121139526367,-0.006852426802771205,43.47999954223633,-0.002359794295791584,54.959999084472656,-0.01645819663634851,14.9399995803833,-0.04245282629849845,6.090000152587891,2.345,97.02412258064517,1496.5092967032967,121.3543
2024-05-16,26.67128562927246,6076000,-0.04753395714286224,-0.04074342248524776,0.028234335840943148,-0.053046122072294866,5.33,313.1116129032258,3.996774193548387,12.42,121.2236,4.38,68.66451612903225,80.85,121.41700744628906,514.8026733398438,-0.0059553222471883105,-0.002057639461244154,79.41935483870968,8.96774193548387,7.0,-0.01408185323813016,51.2787971496582,-0.004599833602693004,43.279998779296875,-0.003275114777551602,54.779998779296875,-0.01004013539111659,14.789999961853027,0.003284069035370152,6.110000133514404,2.378,97.0183741935484,1496.9180989010988,121.2236
2024-05-17,26.55689811706543,6887500,-0.036611653293437074,-0.006101930245370757,0.026884260043640085,-0.03451942954134324,5.33,313.1073870967742,4.003225806451613,11.99,121.2354,4.42,68.63548387096775,81.66,121.55278015136719,515.5428466796875,0.001118234652078609,0.0014377806840857321,79.58064516129032,9.032258064516128,7.0,0.0036183936697748997,51.4643440246582,0.00023110296932937757,43.290000915527344,0.0034684637758344294,54.970001220703125,-0.004056823513959085,14.729999542236328,-0.011456656322708425,6.039999961853027,2.453,97.01262580645161,1497.326901098901,121.2354
2024-05-20,26.88099479675293,6545200,-0.05957441162281618,-0.014184458053825733,0.001300042722176764,-0.05365361886496667,5.33,313.09470967741936,4.02258064516129,12.15,121.2289,4.44,68.54838709677419,81.39,121.78555297851562,516.13671875,0.0019149938558260526,0.0011519354291060768,80.06451612903226,9.225806451612904,7.0,0.005502899733149436,51.7475471496582,0.013859978319055388,43.88999938964844,-0.0063671508285603196,54.619998931884766,-0.014256557433726447,14.520000457763672,-0.033112551411966895,5.840000152587891,2.446,96.99538064516129,1498.5533076923077,121.2289
2024-05-21,26.661752700805664,6507900,-0.08795139256270212,0.017518768371599824,0.020327308410804434,-0.04371297019831333,5.33,313.0904838709677,4.0290322580645155,11.86,121.3793,4.41,68.51935483870967,80.66,121.38792419433594,517.402587890625,-0.0032649914087086174,0.002452584934648172,80.2258064516129,9.290322580645162,7.0,-0.014342393527489894,51.00536346435547,-0.0031897788014427775,43.75,-0.029110219400969584,53.029998779296875,-0.033746605326756884,14.029999732971191,-0.029109601344550096,5.670000076293945,2.424,96.98963225806452,1498.9621098901098,121.3793
2024-05-22,26.575958251953125,6317800,-0.063486187490024,-0.001075899618874221,0.028313363174218953,-0.027993054989372324,5.33,313.08625806451613,4.035483870967742,12.29,121.5462,4.43,68.49032258064516,79.15,121.53339385986328,515.9129028320312,0.001198386631066084,-0.0028791604322409015,80.38709677419355,9.35483870967742,7.0,-0.012444851635099008,50.370609283447266,-0.00342860630580355,43.599998474121094,-0.011502934648184637,52.41999816894531,0.004989354941613344,14.100000381469727,0.01587304257087707,5.760000228881836,2.338,96.98388387096774,1499.370912087912,121.5462
2024-05-23,25.403493881225586,11289200,0.007129424412071206,0.04127580469844494,0.07652897078080989,0.06406818899705802,5.33,313.0820322580645,4.041935483870968,12.77,121.7477,4.47,68.46129032258065,77.47,120.09800720214844,512.1444702148438,-0.01181063584359332,-0.007304396917582778,80.54838709677419,9.419354838709678,7.0,-0.007367191713217647,49.99951934814453,-0.028669725774002952,42.349998474121094,-0.012590611798287021,51.7599983215332,-0.019858204189376227,13.819999694824219,-0.02777783296726144,5.599999904632568,2.333,96.97813548387097,1499.7797142857141,121.7477
2024-05-24,25.584606170654297,7250500,0.03166918424160614,0.10655730983139478,0.06665870465886292,0.05728560243846181,5.33,313.0778064516129,4.048387096774193,11.93,121.6172,4.46,68.43225806451613,78.48,120.7090072631836,515.5330200195312,0.005087512068428612,0.0066163943999355546,80.70967741935483,9.483870967741936,7.0,0.012499967574761461,50.62451171875,0.008264517152987372,42.70000076293945,-0.000579574580171438,51.72999954223633,0.001447211158127848,13.84000015258789,-0.026785731771771126,5.449999809265137,2.336,96.9723870967742,1500.1885164835164,121.6172
2024-05-28,25.27957534790039,8239200,0.04826533234523778,0.05769222934019269,0.08028812614788028,0.10457289989314744,5.33,313.06090322580644,4.074193548387097,12.92,121.43,4.54,68.31612903225806,80.9,119.23483276367188,515.893310546875,-0.012212630465078367,0.0006988699333558834,81.35483870967742,9.741935483870968,7.0,-0.030092732134762157,49.10108184814453,-0.022482413754565278,41.7400016784668,-0.021070948429023906,50.63999938964844,-0.02890177512966252,13.4399995803833,-0.014678885597399938,5.369999885559082,2.401,96.94939354838709,1501.8237252747251,121.43
2024-05-29,24.316814422607422,15761900,0.11564094289958415,0.11485696070300033,0.1285819436703104,0.1313431768135167,5.33,313.0566774193548,4.080645161290322,14.28,122.1641,4.61,68.28709677419356,80.24,117.54724884033203,512.28076171875,-0.014153447312537426,-0.007002511477218976,81.51612903225806,9.806451612903226,7.0,-0.007557440228273871,48.730003356933594,-0.02611404189641442,40.650001525878906,0.023499258604839257,51.83000183105469,-0.13541664818804355,11.619999885559082,-0.03538176187515463,5.179999828338623,2.353,96.94364516129032,1502.2325274725274,122.1641
2024-05-30,24.888751983642578,10579400,0.06664107569741273,0.08808882666810947,0.08337715576071925,0.10765756493625434,5.33,313.0524516129032,4.087096774193548,14.47,121.9601,4.55,68.25806451612904,78.96,118.35223388671875,508.8824157714844,0.006848182788864454,-0.00663375672329336,81.6774193548387,9.870967741935484,7.0,0.004208300461286285,48.93507385253906,0.013038099862295427,41.18000030517578,-0.009454016229133222,51.34000015258789,-0.015490559978359353,11.4399995803833,0.027027094201208968,5.320000171661377,2.294,96.93789677419355,1502.6413296703297,121.9601
2024-05-31,25.584606170654297,8230300,0.03390465957869049,0.05737715061807691,0.06065991327375553,0.08428008912081086,5.33,313.04822580645157,4.0935483870967735,12.92,122.098,4.51,68.22903225806452,77.97,119.78763580322266,513.5174560546875,0.01212821988537871,0.009108273619901519,81.83870967741936,9.935483870967742,7.0,0.01815998957283882,49.823734283447266,0.020398255132657583,42.02000045776367,0.032138712913418965,52.9900016784668,0.005244792116914532,11.5,0.05075187447638663,5.590000152587891,2.291,96.93214838709677,1503.0501318681318,122.098
2024-06-03,26.39484977722168,10037000,0.0725892822366696,0.039003134948917495,0.03863987311344297,0.07498123171270765,5.33,313.079,4.1066666666666665,13.11,122.3509,4.41,68.08,75.26,118.32315063476562,513.9360961914062,-0.01222567887442716,0.0008152403229582106,81.66666666666667,9.933333333333334,7.133333333333334,-0.004507926770958348,49.5991325378418,-0.0021418408283540025,41.93000030517578,-0.005095309477474275,52.720001220703125,0.002608672432277581,11.529999732971191,0.0071556280431421815,5.630000114440918,2.21,96.87572666666667,1504.2765384615384,122.3509
2024-06-04,26.49970245361328,7389100,0.008992853912152654,0.029100636874458186,-0.024834101991467072,0.0747340694294214,5.33,313.0965,4.109999999999999,13.16,122.7256,4.33,68.02,74.27,118.03218841552734,514.5106201171875,-0.002459047258946079,0.0011178898116688263,81.5,9.9,7.2,-0.018310790206054972,48.69093322753906,-0.004054423620445169,41.7599983215332,-0.00720791083680794,52.34000015258789,-0.002601884966692891,11.5,-0.03019539482031197,5.460000038146973,2.224,96.85039,1504.6853406593407,122.7256
2024-06-05,27.128833770751953,8974400,-0.0007027190975498199,-0.007847463482862915,-0.03295172534236379,0.06048284641239232,5.33,313.114,4.113333333333333,12.63,122.5339,4.29,67.96000000000001,75.08,119.2251205444336,520.6256713867188,0.010106837337511498,0.011885179878577512,81.33333333333333,9.866666666666667,7.266666666666667,0.019253941308219336,49.62842559814453,-0.007423313483082783,41.45000076293945,0.010890326579336751,52.90999984741211,0.01043477265731152,11.619999885559082,0.007326000288198298,5.5,2.242,96.82505333333333,1505.0941428571427,122.5339
2024-06-06,26.547365188598633,10698900,0.020107748950764393,0.02472370336815155,-0.007434440507627871,0.07971173545358634,5.33,313.13149999999996,4.116666666666666,12.58,122.3713,4.28,67.9,76.52,118.51712036132812,520.6158447265625,-0.005938347387466902,-1.8874713054506387e-05,81.16666666666667,9.833333333333334,7.333333333333333,-0.007674141496783138,49.2475700378418,-0.011338991846855495,40.97999954223633,0.007370995856608609,53.29999923706055,-0.016351082810200812,11.430000305175781,-0.0018182234330610392,5.489999771118164,2.298,96.79971666666667,1505.502945054945,122.3713
2024-06-07,26.452043533325195,7158900,0.02270276163466689,0.03313050181602328,0.0019443358249049414,0.08469704233821007,5.33,313.149,4.12,12.22,123.549,4.43,67.84,76.53,118.6432113647461,519.98291015625,0.0010639053921792652,-0.001215742042282475,81.0,9.8,7.4,0.0001982965858517982,49.2573356628418,-0.0058564633101612085,40.7400016784668,-0.0056285035901454394,53.0,0.006124207607634213,11.5,0.012750487172993097,5.559999942779541,2.293,96.77438000000001,1505.9117472527473,123.549
2024-06-10,28.310832977294922,34733100,-0.03131314832618404,-0.03402357874369322,-0.08620194124784497,-0.0028833061713140484,5.33,313.2015,4.13,12.74,123.9125,4.47,67.66,78.75,119.01174926757812,521.589599609375,0.0031062704607600633,0.003089888959316278,80.5,9.7,7.6,0.001189543632669654,49.3159294128418,0.014972920238653487,41.349998474121094,0.0005660147037145347,53.029998779296875,-0.000869585120159666,11.489999771118164,0.00539572124408183,5.590000152587891,2.358,96.69837,1507.1381538461537,123.9125
2024-06-11,26.73801040649414,12599400,0.019928568259271584,0.020645981593643503,-0.012359097866820656,0.039888809136665815,5.33,313.219,4.133333333333333,12.85,124.0349,4.39,67.60000000000001,78.88,118.3328628540039,522.8457641601562,-0.00570436463418289,0.002408338954078104,80.33333333333333,9.666666666666666,7.666666666666667,-0.023960395656672073,48.134300231933594,-0.02684393800761542,40.2400016784668,-0.018480097393834494,52.04999923706055,-0.018276766086178675,11.279999732971191,-0.0214669694312416,5.46999979019165,2.371,96.67303333333334,1507.546956043956,124.0349
2024-06-12,27.109769821166992,9499700,-0.0071497686642965075,0.007357320351526475,-0.019533709454514048,0.027764857587530445,5.33,313.2365,4.136666666666667,12.04,123.8295,4.31,67.54,79.56,119.4578857421875,527.1399536132812,0.009507273474585132,0.008213109386135509,80.16666666666667,9.633333333333333,7.733333333333333,0.02698326327270051,49.43312072753906,0.031560551443664764,41.5099983215332,0.016906841133796924,52.93000030517578,0.019503570233760925,11.5,0.047532036353648,5.730000019073486,2.375,96.64769666666668,1507.9557582417583,123.8295
2024-06-13,27.081172943115234,7345800,0.004524967506751132,0.013379950070198321,0.01692184449245948,0.0220789284151226,5.33,313.254,4.14,11.94,124.0235,4.24,67.48,79.61,118.69170379638672,528.201416015625,-0.0064138247637693935,0.002013625404539976,80.0,9.6,7.8,-0.008889851956184192,48.99366760253906,-0.01204529077855021,41.0099983215332,-0.016247885988911803,52.06999969482422,-0.005217427792756468,11.4399995803833,-0.03664922119510372,5.519999980926514,2.429,96.62236,1508.3645604395604,124.0235
2024-06-14,27.05257797241211,9994300,0.010196256989361219,-0.0032777888314333703,0.004168270073442448,0.018164900768803394,5.33,313.2715,4.1433333333333335,12.66,124.1694,4.2,67.42,79.41,117.49877166748047,528.5225830078125,-0.010050678276155689,0.0006080388701155126,79.83333333333333,9.566666666666666,7.866666666666666,-0.028901623838430313,47.57767105102539,-0.01658123673029921,40.33000183105469,-0.045707721952450986,49.689998626708984,-0.013986001160915085,11.279999732971191,-0.012681190562183198,5.449999809265137,2.423,96.59702333333334,1508.7733626373627,124.1694
2024-06-17,27.424331665039062,5924300,-0.0027980460484475778,-0.01049307259131993,-0.04127310921330607,0.0008439136673674685,5.33,313.324,4.153333333333333,12.75,124.239,4.28,67.24000000000001,81.33,118.79837036132812,532.7291259765625,0.011060530041330896,0.00795906003639546,79.33333333333333,9.466666666666667,8.066666666666666,0.020320070210542607,48.54445266723633,0.020332250374281102,41.150001525878906,0.013483638602526327,50.36000061035156,0.014184383971608927,11.4399995803833,0.020183511442954716,5.559999942779541,2.434,96.52101333333334,1509.9997692307693,124.239
2024-06-18,27.27086067199707,6030000,0.0007033956658322182,0.005276061991420278,-0.04396771947542921,0.022755412813942888,5.33,313.3415,4.156666666666666,12.3,123.9776,4.22,67.18,82.67,119.43849182128906,534.0826416015625,0.005388301691462649,0.002540720150261855,79.16666666666667,9.433333333333334,8.133333333333333,-0.0026151932512298304,48.41749954223633,0.008748402972182046,41.5099983215332,-0.015488458495700352,49.58000183105469,-0.013986001160915085,11.279999732971191,0.017985594543473482,5.659999847412109,2.474,96.49567666666667,1510.4085714285713,123.9776
2024-06-20,26.91594123840332,5464900,0.014611558277330738,-0.03991445399404259,-0.014255187449000672,0.03767595765359322,5.33,313.3765,4.163333333333333,13.28,124.192,4.25,67.06,83.34,119.51608276367188,532.6317749023438,0.000649630962344272,-0.002716558424119553,78.83333333333333,9.366666666666667,8.266666666666667,0.0006051673459861462,48.446800231933594,-0.004095354753534841,41.34000015258789,-0.01371521339375703,48.900001525878906,-0.0035460959929022318,11.239999771118164,0.0035335656299810836,5.679999828338623,2.489,96.44500333333333,1511.2261758241757,124.192
2024-06-21,27.20371437072754,9054300,0.00881509454705287,-0.03561361018738474,-0.041607967029249515,0.030246629274182535,5.33,313.394,4.166666666666667,13.2,124.1086,4.25,67.0,81.71,119.263916015625,531.9176025390625,-0.0021098980339365747,-0.0013408369476496373,78.66666666666667,9.333333333333334,8.333333333333334,-0.004636127860404793,48.22219467163086,-0.003870339787652166,41.18000030517578,-0.014723950884174997,48.18000030517578,-0.0035587155398179027,11.199999809265137,0.010563370526912585,5.739999771118164,2.459,96.41966666666667,1511.634978021978,124.1086
2024-06-24,27.328413009643555,8090900,-0.013338047659125718,-0.03580202874673222,-0.06598811456677112,0.04638141412883723,5.33,313.4465,4.176666666666667,13.33,123.7125,4.25,66.82000000000001,82.63,119.77095031738281,530.1885986328125,0.004251363855027002,-0.0032505107896350083,78.16666666666667,9.233333333333333,8.533333333333333,0.00040494704639026935,48.241722106933594,0.015298714508169997,41.810001373291016,0.020755500076088174,49.18000030517578,-0.003571425226269853,11.15999984741211,0.02787462206084701,5.900000095367432,2.491,96.34365666666667,1512.8613846153846,123.7125
2024-06-25,27.347597122192383,7059200,-0.007716617995361608,-0.03086640223679471,-0.015082490137931948,0.049882142000529095,5.33,313.464,4.18,12.84,123.9417,4.23,66.76,81.97,118.74909973144531,532.2302856445312,-0.008531706421546104,0.003850869326469164,78.0,9.2,8.6,-0.011943276907244949,47.665557861328125,-0.02367858516979693,40.81999969482422,-0.01342008628134661,48.52000045776367,-0.002688148152452552,11.130000114440918,-0.03728818024961533,5.679999828338623,2.477,96.31832,1513.2701868131867,123.9417
2024-06-26,27.290042877197266,11383300,0.004569452192720647,-0.052021122402665654,-0.04288228790896631,0.004000533413774043,5.33,313.4815,4.183333333333334,12.55,124.26,4.32,66.7,82.19,118.42794036865234,532.8945922851562,-0.0027045204007379864,0.0012481564062454265,77.83333333333333,9.166666666666666,8.666666666666666,-0.012907315105592176,47.050323486328125,-0.0034296764011536585,40.68000030517578,-0.009274541605397868,48.06999969482422,-0.0008984931517530548,11.119999885559082,0.010563370526912585,5.739999771118164,2.475,96.29298333333334,1513.678989010989,124.26
2024-06-27,27.30922508239746,14298800,-0.05374077579399039,-0.0330171347067052,-0.07586937161660379,0.057718524205262245,5.33,313.499,4.1866666666666665,12.24,124.3379,4.29,66.64,83.04,118.55445098876953,533.7346801757812,0.0010682497704797012,0.001576461654494432,77.66666666666667,9.133333333333333,8.733333333333333,0.008717475976896205,47.46048355102539,0.001966519561388491,40.7599983215332,0.0027044116692438447,48.20000076293945,0.014388475634778741,11.279999732971191,0.02787462206084701,5.900000095367432,2.49,96.26764666666668,1514.0877912087913,124.3379
2024-06-28,27.443517684936523,10740000,-0.04404048370666547,-0.03145741886102371,-0.05487594892157921,0.03847596524038588,5.33,313.5165,4.19,12.44,124.2103,4.36,66.58,82.83,118.6031265258789,531.6343383789062,0.000410575366031507,-0.003935179546855183,77.5,9.1,8.8,-0.023868460676023995,46.327674865722656,-0.008832110168761065,40.400001525878906,0.009543549319325884,48.65999984741211,0.004432641127527059,11.329999923706055,0.03220339900835656,6.090000152587891,2.467,96.24231,1514.4965934065933,124.2103
2024-07-01,26.963905334472656,7971300,-0.02276765718421614,0.02134449734636812,-0.041622279132581985,0.060526770740756186,5.33,313.569,4.2,12.22,124.4667,4.48,66.4,84.7,117.32821655273438,532.728515625,-0.010749379130965409,0.0020581387752909297,77.0,9.0,9.0,-0.010961155984566484,45.81986999511719,-0.0076733010292694415,40.09000015258789,-0.006781710180686962,48.33000183105469,-0.025595760265298195,11.039999961853027,-0.04761904016205887,5.800000190734863,2.542,96.1663,1515.723,124.4667
2024-07-02,27.136566162109375,7006000,-0.023329811484563256,0.0010603501306214458,-0.06822213737796767,0.06267009461196493,5.33,313.58490322580644,4.2,12.03,124.2917,4.43,66.4483870967742,84.09,117.97055053710938,536.3136596679688,0.005474676111575372,0.006729776870987747,76.70967741935483,8.96774193548387,8.96774193548387,-0.004475746548863069,45.61479187011719,-0.008979810650570075,39.72999954223633,-0.0026898626772180467,48.20000076293945,0.0009058178366294634,11.050000190734863,0.006896544920278691,5.840000152587891,2.561,96.18107741935485,1515.5756847826087,124.2917
2024-07-03,27.414743423461914,8222100,-0.05633316290064694,-0.04093779675411657,-0.12351302467275771,0.04097411429212694,5.33,313.6008064516129,4.2,12.09,123.7768,4.36,66.49677419354839,85.19,118.39874267578125,538.7069702148438,0.0036296527965866687,0.004462520213184051,76.41935483870968,8.935483870967742,8.935483870967742,0.014557884479584837,46.278846740722656,0.014095176937912735,40.290000915527344,0.006431484516326025,48.5099983215332,0.0063348139018957195,11.119999885559082,0.02054792507255443,5.960000038146973,2.625,96.19585483870968,1515.4283695652173,123.7768
2024-07-05,25.84160614013672,16610100,0.021900596112734316,0.008908772106966723,-0.12026724249662912,0.13945062621213178,5.33,313.63261290322583,4.2,12.48,123.4762,4.28,66.59354838709677,84.44,117.97055053710938,541.8134765625,-0.0036165260626492834,0.005766597648471761,75.83870967741936,8.870967741935484,8.870967741935484,-0.028909086442963305,44.94096755981445,-0.048647283195203284,38.33000183105469,-0.031127569032772473,47.0,-0.007194237817389371,11.039999961853027,-0.020134208857554126,5.840000152587891,2.55,96.22540967741936,1515.1337391304348,123.4762
2024-07-08,26.234891891479492,8227900,0.013162759124394352,0.011334430514679417,-0.11005472408254413,0.1495914214833265,5.33,313.68032258064517,4.2,12.37,123.3576,4.28,66.73870967741937,83.63,118.11652374267578,542.4386596679688,0.0012373698766496855,0.001153871456714528,74.96774193548387,8.774193548387096,8.774193548387096,0.007170950186338176,45.26323699951172,-0.004174371366185037,38.16999816894531,-0.003829793727144315,46.81999969482422,-0.009963737052294586,10.930000305175781,0.005136940443040583,5.869999885559082,2.508,96.26974193548388,1514.691793478261,123.3576
2024-07-09,26.350000381469727,7611400,0.04513988393331325,-0.010557011663201443,-0.11467059438121885,0.13687799534259493,5.33,313.69622580645165,4.2,12.51,123.4071,4.3,66.78709677419356,82.78,117.60071563720703,542.9661254882812,-0.004366942821585784,0.0009723971750748017,74.6774193548387,8.741935483870968,8.741935483870968,0.011650513093184767,45.79057693481445,-0.020434865515175038,37.38999938964844,0.008116212528665123,47.20000076293945,0.004574495486232566,10.979999542236328,-0.02896083127908844,5.699999809265137,2.467,96.28451935483871,1514.5444782608695,123.4071
2024-07-10,26.503475189208984,12553300,0.0249727716705046,-0.03691639006541281,-0.08722406623058165,0.11682144390532323,5.33,313.7121290322581,4.2,12.85,123.1895,4.28,66.83548387096775,83.39,118.65177917480469,548.3389282226562,0.008937560727437566,0.009895281643110376,74.38709677419355,8.709677419354838,8.709677419354838,-0.0006398847024569054,45.76127624511719,-0.008558430062794109,37.06999969482422,-0.0010593058528042265,47.150001525878906,0.015482703404495757,11.149999618530273,0.0035087687010102453,5.71999979019165,2.469,96.29929677419355,1514.3971630434783,123.1895
2024-07-11,25.870384216308594,18376300,0.016314408370917022,0.04115683142119608,-0.06080834991947526,0.14303265550595534,5.33,313.72803225806456,4.2,12.92,122.769,4.2,66.88387096774194,83.92,120.16022491455078,543.61083984375,0.012713216356610824,-0.008622565598673693,74.09677419354838,8.67741935483871,8.67741935483871,-0.039906155729338755,43.93511962890625,0.022659837051608456,37.90999984741211,-0.03202549495998819,45.63999938964844,-0.03766816956620733,10.729999542236328,0.031468585975201524,5.900000095367432,2.47,96.3140741935484,1514.249847826087,122.769
2024-07-12,26.40755271911621,16401500,-0.012713393117870786,-0.010897235373826919,-0.07809666090605072,0.1095488727723899,5.33,313.743935483871,4.2,12.46,122.4404,4.18,66.93225806451613,83.49,120.8511962890625,547.0396728515625,0.0057504167872779455,0.006307514045889917,73.80645161290323,8.64516129032258,8.64516129032258,-0.030451160199657434,42.59724426269531,0.013189132208190513,38.40999984741211,-0.02015771650413245,44.720001220703125,-0.004659761341436752,10.680000305175781,0.03389827220887209,6.099999904632568,2.442,96.32885161290322,1514.1025326086956,122.4404
2024-07-15,26.580215454101562,6907400,-0.0018045754181638118,-0.05052344742505721,-0.08264170380393132,0.11178156399597916,5.33,313.7916451612903,4.2,13.12,122.6347,4.23,67.07741935483871,83.22,121.71733093261719,548.5440673828125,0.0071669513430632215,0.0027500647684435275,72.93548387096774,8.548387096774194,8.548387096774194,-0.014213621821909772,41.991783142089844,0.0010414193097174618,38.45000076293945,-0.008944577704835255,44.31999969482422,-0.0046816656653682065,10.630000114440918,0.02131149450382641,6.230000019073486,2.443,96.37318387096774,1513.6605869565217,122.6347
2024-07-16,27.53943634033203,9487900,-0.05329133109618134,-0.05816777476147961,-0.11598731621828051,0.06429634848152821,5.33,313.8075483870968,4.2,13.19,122.7264,4.17,67.1258064516129,81.92,124.75370025634766,551.7969970703125,0.02494607218598488,0.005930115520199175,72.64516129032258,8.516129032258064,8.516129032258064,0.07023241684558368,44.94096755981445,0.05331597389814524,40.5,0.06204873688934498,47.06999969482422,0.05268104044341637,11.1899995803833,0.04975922019750545,6.539999961853027,2.402,96.38796129032258,1513.5132717391305,122.7264
2024-07-17,27.165340423583984,8420800,-0.060381273967941795,-0.04872879422111154,-0.06285310784048437,0.08321594960197198,5.33,313.8234516129032,4.2,14.48,122.518,4.16,67.17419354838711,84.16,123.15765380859375,544.0602416992188,-0.012793580025877382,-0.014021017533931812,72.35483870967742,8.483870967741936,8.483870967741936,-0.00564968778130559,44.68706512451172,-0.011604968412422867,40.029998779296875,-0.002761866772001076,46.939998626708984,-0.016085733534522584,11.010000228881836,-0.036697212923249456,6.300000190734863,2.424,96.40273870967742,1513.365956521739,122.518
2024-07-18,26.292444229125977,8297100,0.024443639532868433,-0.038307302391407116,-0.039401695184403285,0.134594861751117,5.33,313.8393548387097,4.2,15.93,122.7909,4.2,67.2225806451613,84.17,122.19419860839844,539.8792114257812,-0.007822942142862499,-0.007684866404461421,72.06451612903226,8.451612903225806,8.451612903225806,-0.018356565901622712,43.866764068603516,-0.06944788568753746,37.25,-0.011717069730538876,46.38999938964844,-0.03542237377068269,10.619999885559082,-0.04444447640178384,6.019999980926514,2.411,96.41751612903226,1513.2186413043478,122.7909
2024-07-19,26.071823120117188,6706900,0.0018395445976719937,-0.07836650195506023,-0.0165563403238711,0.11384194943004489,5.33,313.85525806451614,4.2,16.52,123.147,4.25,67.2709677419355,81.43,121.52268981933594,536.2941284179688,-0.005495422832752617,-0.006640527977257338,71.7741935483871,8.419354838709678,8.419354838709678,0.011576073170368906,44.374568939208984,0.018255041749685397,37.93000030517578,0.033196829829469365,47.93000030517578,-0.0037664747913432883,10.579999923706055,-0.00664451195677096,5.980000019073486,2.362,96.4322935483871,1513.0713260869566,123.147
2024-07-22,26.532249450683594,6579300,-0.04880694782517425,-0.1431669798584383,-0.04121464731060043,0.12688630347923224,5.33,313.90296774193547,4.2,14.91,123.2172,4.26,67.41612903225807,81.25,122.7586441040039,541.8231811523438,0.010170563921070519,0.010309739453395306,70.90322580645162,8.32258064516129,8.32258064516129,-0.03543125238394029,42.80232238769531,0.021091464029104667,38.72999954223633,0.005424542455200632,48.189998626708984,0.01039694305013894,10.6899995803833,0.015050192692446673,6.070000171661377,2.371,96.47662580645161,1512.6293804347827,123.2172
2024-07-23,26.071823120117188,10145000,-0.005150944345893249,-0.1044884741868255,-0.02207497411688686,0.12679791799691342,5.33,313.91887096774195,4.2,14.72,123.3843,4.25,67.46451612903226,78.24,122.52508544921875,540.973388671875,-0.0019025841845180524,-0.0015683944689509621,70.61290322580645,8.290322580645162,8.290322580645162,-0.005019441423154247,42.58747863769531,-0.01729920415347952,38.060001373291016,0.0006225896420239962,48.220001220703125,-0.019644531935467335,10.479999542236328,-0.02471171188227106,5.920000076293945,2.364,96.49140322580645,1512.4820652173912,123.3843
2024-07-24,25.525062561035156,9815300,0.012401285142578988,-0.08605786489264622,0.012025570140790087,0.1528249912348112,5.33,313.9347741935484,4.2,18.04,123.5575,4.28,67.51290322580645,78.78,119.88773345947266,528.7135009765625,-0.021524996126929152,-0.022662644692026945,70.3225806451613,8.258064516129032,8.258064516129032,-0.015363507801647636,41.93318557739258,-0.00578037868536474,37.84000015258789,-0.0456242369814559,46.02000045776367,-0.029580103004110625,10.170000076293945,-0.04054058190241916,5.679999828338623,2.361,96.5061806451613,1512.33475,123.5575
2024-07-25,26.93512725830078,21025300,-0.061253679072954315,-0.10185186496531173,0.0035612406495393323,0.10107349195185522,5.33,313.95067741935486,4.2,18.46,123.5286,4.27,67.56129032258065,79.43,120.8511962890625,525.958740234375,0.00803637538043489,-0.0052103090560375875,70.03225806451613,8.225806451612904,8.225806451612904,0.012343015026654802,42.450767517089844,0.022198735443991424,38.68000030517578,0.015210794349771906,46.720001220703125,0.04228124896263297,10.600000381469727,0.06161978733230011,6.03000020980835,2.384,96.52095806451612,1512.1874347826088,123.5286
2024-07-26,26.119783401489258,13132900,-0.08005877486593138,-0.06977602123045601,0.03562251388151649,0.07226129081984478,5.33,313.9665806451613,4.2,16.39,123.672,4.2,67.60967741935484,78.58,122.91436767578125,531.8492431640625,0.017071998044470016,0.011199553271160845,69.74193548387096,8.193548387096774,8.193548387096774,0.015182759785173028,43.09528732299805,0.02016542846801639,39.459999084472656,0.0139126218792478,47.369998931884766,0.0018867456009075134,10.619999885559082,0.02985071676213824,6.210000038146973,2.308,96.53573548387097,1512.0401195652173,123.672
2024-07-29,25.23729133605957,15569500,-0.09920176752502285,-0.03534770412275634,0.1064235649647749,0.12543470714710514,5.33,314.0142903225807,4.2,16.6,124.1392,4.17,67.75483870967743,77.27,122.70027160644531,532.161865234375,-0.0017418311087982197,0.0005878020403915496,68.87096774193549,8.096774193548388,8.096774193548388,-0.021527159321568234,42.16756820678711,-0.017486027438365914,38.77000045776367,-0.012877361707960056,46.7599983215332,-0.017890732808920173,10.430000305175781,-0.04508860033628925,5.929999828338623,2.268,96.58006774193548,1511.5981739130434,124.1392
2024-07-30,25.937528610229492,15559700,-0.09985186122091505,-0.05991116085430004,0.06065086201032677,0.12742280807736894,5.33,314.0301935483871,4.2,17.69,124.2855,4.15,67.80322580645162,76.17,123.06033325195312,529.4656982421875,0.002934481242736764,-0.005066441562850521,68.58064516129032,8.064516129032258,8.064516129032258,0.004647739840193177,42.36355209350586,-0.006190396585841085,38.529998779296875,-0.003207821141271605,46.61000061035156,0.031639493197550106,10.760000228881836,0.12310287355910532,6.659999847412109,2.211,96.59484516129032,1511.4508586956522,124.2855
2024-07-31,25.84160614013672,10619300,-0.09725308677513078,-0.05790642822157288,0.0668150527101119,0.15887101131318104,5.33,314.0460967741936,4.2,16.36,123.6373,4.09,67.85161290322581,79.36,124.43254089355469,538.072021484375,0.011150690115490747,0.01625473240430919,68.29032258064517,8.03225806451613,8.03225806451613,-0.004857658258617836,42.15776443481445,-0.025953803054292512,37.529998779296875,-0.025531053976042273,45.41999816894531,-0.011152405483875416,10.640000343322754,-0.037537538397563686,6.409999847412109,2.28,96.60962258064515,1511.303543478261,123.6373
2024-08-01,25.28525161743164,12554800,-0.043247238351107664,0.006828594692184886,0.09711698655643763,0.20116379922264538,5.33,314.062,4.2,18.59,123.8693,3.99,67.9,77.74,122.12606811523438,530.4523315429688,-0.018535929281500163,-0.014161096725278322,68.0,8.0,8.0,-0.035332340096123516,40.66823196411133,-0.03170793139927941,36.34000015258789,-0.06693080632725767,42.380001068115234,-0.046992479686692845,10.140000343322754,-0.07644302383501467,5.920000076293945,2.29,96.6244,1511.1562282608695,123.8693
2024-08-02,24.02866554260254,16898900,0.011177620215874873,0.05109779447292229,0.18083828143027492,0.2282325341895155,5.323548387096774,314.0836129032258,4.1967741935483875,23.39,123.4681,3.8,67.9709677419355,74.99,119.44004821777344,520.576171875,-0.021993829318458835,-0.018618373566652413,67.80645161290323,8.03225806451613,7.935483870967742,-0.04024113086537551,39.03169631958008,-0.04980741237454611,34.529998779296875,-0.05167537485160445,40.189998626708984,-0.05029587885740794,9.630000114440918,-0.060810832580220575,5.559999942779541,2.19,96.60704516129032,1511.0089130434783,123.4681
2024-08-05,22.733707427978516,15482900,0.07088608869360802,0.1278481182581439,0.25277116136323396,0.29946874782385446,5.304193548387097,314.1484516129032,4.187096774193549,38.57,123.5787,3.78,68.18387096774194,74.46,117.36714935302734,505.41510009765625,-0.017355140890152776,-0.029123637608569286,67.2258064516129,8.129032258064516,7.741935483870968,-0.04770285161394361,37.16977310180664,-0.04662614153687339,32.91999816894531,-0.0574769255418337,37.880001068115234,-0.036344795151650566,9.279999732971191,-0.037769791422334054,5.349999904632568,2.168,96.55498064516128,1510.5669673913044,123.5787
2024-08-06,23.347618103027344,9371100,0.044371252514934456,0.08956434163698734,0.23223117365129742,0.2363647830433051,5.297741935483871,314.17006451612906,4.183870967741935,27.71,123.6532,3.9,68.25483870967743,74.6,118.7782974243164,510.0747375488281,0.01202336496257983,0.009219426665866504,67.03225806451613,8.161290322580646,7.67741935483871,0.007645861746604199,37.4539680480957,0.020656146506631723,33.599998474121094,0.024287173785739524,38.79999923706055,0.003232832705686084,9.3100004196167,0.04485986023055921,5.590000152587891,2.161,96.5376258064516,1510.419652173913,123.6532
2024-08-07,23.32843017578125,8399700,0.04358548113224825,0.09292773270401589,0.22869398084314252,0.2671681922121958,5.291290322580645,314.19167741935485,4.180645161290323,27.85,123.5698,3.96,68.3258064516129,76.68,118.20410919189453,506.6654968261719,-0.004834117384008962,-0.006683806257568037,66.83870967741936,8.193548387096774,7.612903225806452,-0.02354788740614111,36.57200622558594,-0.0029761451982837084,33.5,-0.001030951451389095,38.7599983215332,-0.0053705895253785,9.260000228881836,0.050089396301995714,5.869999885559082,2.224,96.52027096774194,1510.2723369565217,123.5698
2024-08-08,24.191734313964844,10921500,0.052339366083449246,0.06780339333915508,0.18604367144675948,0.2522674455092453,5.28483870967742,314.21329032258063,4.17741935483871,23.79,123.4466,3.99,68.3967741935484,77.64,120.9290542602539,518.378173828125,0.023052879354098055,0.023117179036905133,66.64516129032258,8.225806451612904,7.548387096774194,0.06136131222559582,38.81611251831055,0.031641832038537876,34.560001373291016,0.062435554397280324,41.18000030517578,0.06803456791242346,9.890000343322754,0.03066444781687383,6.050000190734863,2.224,96.50291612903226,1510.1250217391305,123.4466
2024-08-09,24.29724884033203,17826400,0.03947889417145589,0.11251483268852946,0.16182718312525957,0.24166559120843512,5.2783870967741935,314.2349032258065,4.174193548387096,20.37,122.9276,3.94,68.46774193548387,78.28,120.94852447509766,520.6641235351562,0.00016100526844309293,0.004409810872533448,66.45161290322581,8.258064516129032,7.483870967741936,-0.007826416053366314,38.51232147216797,0.0034721911781376846,34.68000030517578,0.006799387499316856,41.459999084472656,-0.003033436360370123,9.859999656677246,0.0,6.050000190734863,2.193,96.48556129032258,1509.977706521739,122.9276
2024-08-12,24.345211029052734,18995900,0.05319149269557233,0.11111116334174298,0.14209557547527396,0.2598333957750538,5.259032258064516,314.2997419354839,4.164516129032258,20.71,123.2204,3.9,68.68064516129033,81.45,120.33539581298828,520.9376220703125,-0.005069335610089376,0.0005252878444923503,65.87096774193549,8.35483870967742,7.290322580645161,-0.006106812612881374,38.27713394165039,-0.0025951600863872715,34.59000015258789,-0.025084441352938636,40.41999816894531,-0.02535497045689028,9.609999656677246,-0.2066115637342102,4.800000190734863,2.253,96.43349677419354,1509.5357608695651,123.2204
2024-08-13,24.383581161499023,10654100,0.04327301140588102,0.14516131429404155,0.14267336429959943,0.29228554807373164,5.252580645161291,314.3213548387097,4.161290322580645,18.12,123.0146,3.85,68.7516129032258,79.81,121.60053253173828,529.5047607421875,0.010513421343759433,0.016445613272904724,65.6774193548387,8.387096774193548,7.225806451612903,0.011264464520609252,38.70830535888672,0.026019124657667092,35.4900016784668,0.012370114365422014,40.91999816894531,0.020811734660207692,9.8100004196167,-0.047916668736272316,4.570000171661377,2.228,96.41614193548386,1509.388445652174,123.0146
2024-08-14,24.345211029052734,8199000,0.04728146612219364,0.1300235617603458,0.13694213571993896,0.26974407982762627,5.2461290322580645,314.3429677419355,4.158064516129032,16.19,122.4297,3.83,68.8225806451613,78.47,122.09687805175781,531.17529296875,0.004081770940353335,0.0031548955749161056,65.48387096774194,8.419354838709678,7.161290322580645,-0.020506151973706865,37.914546966552734,-0.02028743833900626,34.77000045776367,-0.0166177057895025,40.2400016784668,-0.00713564174355763,9.739999771118164,0.008752726553724832,4.610000133514404,2.205,96.39878709677419,1509.2411304347827,122.4297
2024-08-15,25.457914352416992,10219300,0.014694905231245947,0.08289367443356799,0.08194194487131057,0.22751506130949983,5.239677419354838,314.3645806451613,4.154838709677419,15.23,122.5844,3.92,68.89354838709677,79.66,123.74156951904297,540.2796630859375,0.013470381008332977,0.017140048186923273,65.29032258064517,8.451612903225806,7.096774193548387,0.038511144552644705,39.37467956542969,0.015242990288156122,35.29999923706055,0.06013911699810648,42.65999984741211,0.03593433159080517,10.09000015258789,0.015184315140324145,4.679999828338623,2.234,96.3814322580645,1509.0938152173912,122.5844
2024-08-16,25.25647735595703,6910600,0.0702620697030012,0.0983669126880391,0.08674994721208829,0.23883358199284266,5.233225806451613,314.3861935483871,4.151612903225806,14.8,122.3972,3.89,68.96451612903226,78.05,123.56639099121094,541.4910278320312,-0.0014156805066632971,0.002242106873271421,65.09677419354838,8.483870967741936,7.032258064516129,-0.0007465726058814015,39.34528350830078,-0.014730891473157204,34.779998779296875,-0.013830289608490975,42.06999969482422,-0.003964317269387618,10.050000190734863,0.012820501064172207,4.739999771118164,2.203,96.36407741935483,1508.9465,122.3972
2024-08-19,25.640169143676758,7598000,0.0549944345808655,0.10662172177546214,0.08780173048344797,0.22707043969080032,5.2138709677419355,314.4510322580645,4.141935483870967,14.65,121.8788,3.86,69.1774193548387,75.82,124.31575775146484,546.66845703125,0.006064486906534272,0.00956143118372177,64.51612903225806,8.580645161290322,6.838709677419355,0.007970134175155907,39.658870697021484,0.005175397110218638,34.959999084472656,0.006655545075540337,42.349998474121094,0.025870669049492312,10.3100004196167,0.012658316986067009,4.800000190734863,2.13,96.3120129032258,1508.5045543478261,121.8788
2024-08-20,25.438732147216797,13967100,0.09766216682904427,0.11955788094402275,0.09793306282222791,0.22654372852157678,5.207419354838709,314.47264516129036,4.138709677419355,15.88,121.7728,3.82,69.2483870967742,75.27,123.97513580322266,545.7794189453125,-0.0027399740338884815,-0.0016262838554204073,64.3225806451613,8.612903225806452,6.774193548387097,-0.008648432356210156,39.31588363647461,0.0002861023024143261,34.970001220703125,-0.013931527127407639,41.7599983215332,-0.0019399085305192854,10.289999961853027,-0.006250043461718424,4.769999980926514,2.13,96.29465806451613,1508.357239130435,121.7728
2024-08-21,25.496288299560547,12040000,0.07900655011543756,0.12838631721745708,0.09923980717862957,0.22491048744116093,5.200967741935484,314.49425806451615,4.135483870967742,16.27,121.8535,3.79,69.31935483870967,72.76,124.72450256347656,547.6551513671875,0.006044492352428765,0.003436795813040572,64.12903225806451,8.64516129032258,6.709677419354839,0.0014954752002707128,39.37467956542969,0.0005719318577499521,34.9900016784668,0.005507743442963564,41.9900016784668,0.010689956956757563,10.399999618530273,0.0,4.769999980926514,2.113,96.27730322580645,1508.2099239130434,121.8535
2024-08-22,25.832015991210938,9083500,0.06721110833485433,0.10961148944992893,0.10699619652826131,0.18694803438069085,5.194516129032258,314.51587096774193,4.132258064516129,17.55,122.3626,3.86,69.39032258064516,73.72,124.56879425048828,543.35693359375,-0.0012484179915572824,-0.00784840197833847,63.935483870967744,8.67741935483871,6.645161290322581,-0.0009953655531825811,39.335487365722656,-0.013146695544545062,34.529998779296875,-0.013098428906228476,41.439998626708984,-0.024999931225407335,10.140000343322754,-0.006289352186228392,4.739999771118164,2.14,96.25994838709677,1508.0626086956522,122.3626
2024-08-23,27.031049728393555,15426600,0.026259776722571182,0.06146278715401543,0.06217679793085762,0.1350118948875092,5.188064516129033,314.5374838709678,4.129032258064516,15.86,121.4597,3.81,69.46129032258064,75.82,125.81448364257812,549.1301879882812,0.010000011636822626,0.010625160069914097,63.74193548387097,8.709677419354838,6.580645161290323,0.030891925006124143,40.550636291503906,0.03446285790544934,35.720001220703125,0.04536682264519998,43.31999969482422,0.024654831512370246,10.390000343322754,0.00843891152356524,4.78000020980835,2.136,96.24259354838709,1507.915293478261,121.4597
2024-08-26,27.050235748291016,9143400,0.04893607539750411,0.04358440497657834,0.012901250123923624,0.14062882303724256,5.168709677419355,314.6023225806452,4.119354838709677,16.15,121.6943,3.82,69.6741935483871,78.4,125.6782455444336,547.8211669921875,-0.001082849082237325,-0.0023838081109496256,63.16129032258065,8.806451612903226,6.387096774193548,-0.00966669570369294,40.15864562988281,-0.012318097042819387,35.279998779296875,-0.012465395183090533,42.779998779296875,-0.017324379136470447,10.210000038146973,0.01464428697734843,4.849999904632568,2.171,96.19052903225806,1507.473347826087,121.6943
2024-08-27,27.923133850097656,11681500,0.01994758931906282,-0.004246516542206535,0.034463875237332964,0.1208709375369712,5.162258064516129,314.623935483871,4.116129032258065,15.43,121.8672,3.83,69.74516129032257,76.5,125.756103515625,548.5733642578125,0.0006195023717441295,0.0013730708321384455,62.96774193548387,8.838709677419354,6.32258064516129,-0.004148338213954772,39.9920539855957,0.014172336091275994,35.779998779296875,-0.014960247964246332,42.13999938964844,-0.003917723967049813,10.170000076293945,0.00206190290277819,4.860000133514404,2.117,96.17317419354839,1507.3260326086956,121.8672
2024-08-28,27.510662078857422,7243200,0.04576410318986146,0.012788010685332418,0.0359413901331922,0.12118818512276142,5.155806451612903,314.6455483870968,4.112903225806451,17.11,121.8943,3.84,69.81612903225806,75.49,125.69769287109375,545.3887329101562,-0.0004644756230379743,-0.005805297076289628,62.774193548387096,8.870967741935484,6.258064516129032,-0.009311141501211817,39.61968231201172,-0.0008384231503728579,35.75,-0.01922158448803213,41.33000183105469,-0.001966613334673628,10.149999618530273,0.002057562092585119,4.869999885559082,2.082,96.15581935483871,1507.1787173913044,121.8943
2024-08-29,27.568214416503906,5303200,0.0397300785045529,0.004022088762975606,0.037279492204202125,0.13285069744156575,5.1493548387096775,314.6671612903226,4.109677419354838,15.65,122.2333,3.87,69.88709677419354,76.9,126.58330535888672,545.4376220703125,0.007045574724280579,8.964094270047518e-05,62.58064516129032,8.903225806451612,6.193548387096774,0.02794938062183716,40.727027893066406,0.0013985800576377105,35.79999923706055,0.03169604404927551,42.63999938964844,0.023645392493840678,10.390000343322754,0.02464063416406126,4.989999771118164,2.151,96.13846451612903,1507.031402173913,122.2333
2024-08-30,27.74087905883789,6022900,0.03430224123551562,-0.007097601038488888,0.03952067523777503,0.1257996137294497,5.142903225806451,314.6887741935484,4.106451612903226,15.0,122.3262,3.91,69.95806451612903,74.52,127.93605041503906,550.6443481445312,0.010686599250328221,0.009545960644327556,62.38709677419355,8.935483870967742,6.129032258064516,0.022377318981606553,41.638389587402344,0.008659256421718053,36.11000061035156,0.032833056893025736,44.040000915527344,0.022136625085305228,10.619999885559082,0.01803610355030605,5.079999923706055,2.127,96.12110967741935,1506.8840869565217,122.3262
2024-09-03,28.37396812438965,9814100,-0.005101998631230176,-0.03265291223907618,0.005782417484761382,0.12244917714155656,5.11,314.79193333333336,4.1,20.72,122.7811,3.84,70.12666666666667,71.28,125.10405731201172,539.3126220703125,-0.02213600540144889,-0.020579029118164005,61.86666666666667,9.0,6.066666666666666,-0.0028244876390416396,41.520782470703125,-0.005815538103659201,35.900001525878906,-0.00386017211872125,43.869998931884766,-0.0018831924957504187,10.600000381469727,-0.011811012535560939,5.019999980926514,2.048,96.04363333333333,1506.2948260869566,122.7811
2024-09-04,28.480133056640625,6061100,-0.023720930481753277,-0.02067099514914217,0.03388682349713945,0.11758722596725169,5.1,314.8219,4.1,21.32,122.5144,3.77,70.14,70.11,125.23056030273438,538.208740234375,0.0010111821586022973,-0.002046831078605038,61.8,9.0,6.1,0.0,41.520782470703125,0.006128061188166667,36.119998931884766,0.006838368916451065,44.16999816894531,0.0028301633859970643,10.630000114440918,0.001992077474070042,5.03000020980835,2.004,96.02225,1506.1475108695652,122.5144
2024-09-05,28.769662857055664,7387200,-0.031533012468053845,-0.02918483127589855,0.04830587733463165,0.14558875874965826,5.09,314.8518666666667,4.1,19.9,122.4533,3.73,70.15333333333332,70.09,123.77076721191406,536.8997192382812,-0.011656843882925871,-0.0024321808589056193,61.733333333333334,9.0,6.133333333333334,-0.004720231405906272,41.32479476928711,0.04706536027715069,37.81999969482422,0.021507828895663605,45.119998931884766,0.015992481134877723,10.800000190734863,0.07157050530042874,5.389999866485596,2.025,96.00086666666667,1506.000195652174,122.4533
2024-09-06,28.663501739501953,8500100,-0.034343519034224945,-0.022222222222222254,0.04511779067376542,0.17306388837318254,5.08,314.88183333333336,4.1,22.38,122.4991,3.72,70.16666666666666,68.58,122.5153579711914,527.8637084960938,-0.010143018977762375,-0.016829978520024547,61.666666666666664,9.0,6.166666666666667,-0.0033198415921208424,41.18760299682617,-0.006081426337711027,37.59000015258789,0.019725164244618565,46.0099983215332,0.0,10.800000190734863,-0.016697528382206506,5.300000190734863,1.977,95.97948333333333,1505.8528804347827,122.4991
2024-09-09,28.692453384399414,10258200,-0.040026832219323794,-0.003363599904780301,0.03161793217080322,0.14968042842739493,5.05,314.97173333333336,4.1,19.45,122.7156,3.7,70.20666666666666,69.65,124.39360809326172,533.773681640625,0.015330732025547134,0.01119602096035166,61.46666666666667,9.0,6.266666666666667,0.03925782547008305,42.80453872680664,0.058792207382327044,39.79999923706055,0.05955230989835636,48.75,0.03888889526634043,11.220000267028809,0.07169804225064969,5.679999828338623,1.999,95.91533333333334,1505.4109347826088,122.7156
2024-09-10,28.229204177856445,7386900,-0.02769219917010768,0.017093987641951358,0.04752134645447814,0.15897445668591836,5.04,315.0017,4.1,19.08,123.0071,3.65,70.22,66.73,124.60771179199219,536.0986938476562,0.0017211792632458867,0.004355801507269996,61.4,9.0,6.3,-0.006410239843264609,42.5301513671875,0.0,39.79999923706055,-0.006769268329326894,48.41999816894531,-0.020499152445345836,10.989999771118164,0.01584509776547227,5.769999980926514,1.928,95.89395,1505.2636195652174,123.0071
2024-09-11,27.80455780029297,8536700,0.0031240404796510912,-0.014578192453680305,0.05380098337201833,0.16070811675669971,5.03,315.0316666666667,4.1,17.69,122.7754,3.65,70.23333333333333,68.25,124.83155822753906,541.5984497070312,0.0017964091654338876,0.010258849578428375,61.333333333333336,9.0,6.333333333333333,0.020276214312571206,43.39250183105469,-0.00778888353106022,39.4900016784668,0.0010326942100109537,48.470001220703125,-0.02001813629993443,10.770000457763672,-0.020797207271361695,5.650000095367432,1.954,95.87256666666667,1505.1163043478261,122.7754
2024-09-12,27.862468719482422,7681700,0.002424637310704192,0.03671622002199082,0.06061648041430567,0.1631451842892757,5.02,315.06163333333336,4.1,17.07,122.4423,3.68,70.24666666666667,69.89,125.79500579833984,546.1605224609375,0.007717980809345049,0.008423348989226254,61.266666666666666,9.0,6.366666666666666,-0.00022575657463275167,43.38270568847656,0.011648494933427234,39.95000076293945,0.02434496132572339,49.650001525878906,0.010213523862754537,10.880000114440918,0.04778760643701463,5.920000076293945,1.971,95.85118333333334,1504.968989130435,122.4423
2024-09-13,27.679096221923828,6012300,0.012552390058916174,0.02963743067891289,0.05892624893724552,0.15864724874581526,5.01,315.0916,4.1,16.56,121.6551,3.66,70.25999999999999,69.59,127.0699234008789,549.0130004882812,0.010134882497504494,0.005222783247845975,61.2,9.0,6.4,0.02055569761343934,44.27446746826172,0.04230284341513091,41.63999938964844,0.011480356038400474,50.220001220703125,-0.017463284196608697,10.6899995803833,0.0033783751129670136,5.940000057220459,1.921,95.8298,1504.8216739130435,121.6551
2024-09-16,27.54398536682129,4350000,0.03819193446760982,0.03819193446760982,0.06832506738981237,0.1569726461103993,4.98,315.1815,4.1,17.14,121.4976,3.63,70.3,71.1,127.7219467163086,549.8237915039062,0.005131216718945231,0.0014768156945352828,61.0,9.0,6.5,0.003098751831550617,44.41166305541992,-0.007204592734339155,41.34000015258789,0.02230184995342155,51.34000015258789,0.011225523287541117,10.8100004196167,-0.02525254106438879,5.789999961853027,1.929,95.76565,1504.3797282608696,121.4976
2024-09-17,27.44747543334961,7269100,0.046061737624477184,0.05063277680884348,0.08684939704866768,0.14943724218022836,4.97,315.21146666666664,4.1,17.61,121.6031,3.65,70.31333333333333,72.16,128.4226531982422,550.0484619140625,0.005486186986250585,0.00040862256895390914,60.93333333333333,9.0,6.533333333333333,0.03000880156251573,45.74440383911133,-0.008708287591262298,40.97999954223633,0.025321371897094158,52.63999938964844,0.033302464634872964,11.170000076293945,-0.006908456324104306,5.75,1.973,95.74426666666666,1504.2324130434783,121.6031
2024-09-18,27.891420364379883,8617900,-0.017647102670241055,0.02318339765263766,0.04117645892259647,0.13529415747113638,4.96,315.2414333333333,4.1,18.23,121.5618,3.7,70.32666666666667,71.87,128.3155975341797,548.4171142578125,-0.0008336197812175428,-0.0029658253212330177,60.86666666666667,9.0,6.566666666666666,0.005141506723736589,45.97959899902344,-0.029770649934871773,39.7599983215332,0.006079021628696113,52.959999084472656,-0.012533602718577952,11.029999732971191,-0.005217427792756468,5.71999979019165,1.96,95.72288333333333,1504.0850978260871,121.5618
2024-09-19,27.930025100708008,5736300,0.03420863916841044,0.054250191059070696,0.07049057058354768,0.1219764402705743,4.95,315.27139999999997,4.1,16.33,121.3059,3.73,70.34,72.86,130.52474975585938,557.7754516601562,0.017216552501275073,0.017064269438433977,60.8,9.0,6.6,0.004475629696026218,46.185386657714844,-0.005030104544392677,39.560001373291016,-0.006986384786272559,52.59000015258789,0.007252939768159328,11.109999656677246,-0.005244708753771921,5.690000057220459,2.007,95.7015,1503.9377826086957,121.3059
2024-09-20,28.026535034179688,6532600,0.01687324111595112,0.07610186650638329,0.04820934783070285,0.1287878787878789,4.94,315.30136666666664,4.1,16.15,121.4052,3.73,70.35333333333332,72.72,129.6099395751953,556.8114013671875,-0.00700871047349394,-0.0017283842272000083,60.733333333333334,9.0,6.633333333333334,-0.0040313954761876936,45.99919509887695,0.011627883430338493,40.02000045776367,-0.007986346880090478,52.16999816894531,-0.009000848864591071,11.010000228881836,0.005272360750352201,5.71999979019165,2.007,95.68011666666666,1503.7904673913044,121.4052
2024-09-23,28.595943450927734,6696700,0.0,0.04758689505626479,0.02902462629673086,0.12318591083147523,4.91,315.39126666666664,4.1,15.89,121.4303,3.75,70.39333333333333,71.33,130.4798583984375,558.2026977539062,0.006711821840928334,0.0024986851621617845,60.53333333333333,9.0,6.733333333333333,0.004686852241667205,46.214786529541016,0.04172908920148055,41.689998626708984,0.0036419867371080272,52.36000061035156,-0.0027248579493039937,10.979999542236328,0.0017482918266857883,5.730000019073486,1.999,95.61596666666667,1503.3485217391305,121.4303
2024-09-24,28.711753845214844,9022800,0.004369760426135905,0.030924463510417777,0.03294124024428524,0.13815136527527527,4.9,315.4212333333333,4.1,15.39,121.1291,3.74,70.40666666666667,72.34,131.4171600341797,559.7999877929688,0.0071834967269814864,0.002861487494578041,60.46666666666667,9.0,6.766666666666667,0.013570777014046076,46.841957092285156,-0.0016790524617424918,41.619998931884766,0.0242551650679812,53.630001068115234,0.005464519318593597,11.039999961853027,0.04712041536261147,6.0,2.018,95.59458333333333,1503.201206521739,121.1291
2024-09-25,27.39921760559082,10392600,0.041563984219789685,0.07925322523416334,0.022190964325227158,0.20993317058219163,4.89,315.4512,4.1,15.41,121.4447,3.79,70.42,70.42,130.8020782470703,558.5653076171875,-0.004680376496870031,-0.002205573781180359,60.4,9.0,6.8,0.019874361305145305,47.772911071777344,0.019942379922043507,42.45000076293945,0.008950205718375459,54.11000061035156,-0.003623184962974757,11.0,-0.0033333301544189453,5.980000019073486,2.002,95.5732,1503.0538913043479,121.4447
2024-09-26,28.885473251342773,27608000,0.01937863515313043,0.014366982919720162,-0.01670561749705679,0.14834980563983557,4.88,315.48116666666664,4.1,15.37,121.0785,3.79,70.43333333333334,68.28,131.4562225341797,560.77978515625,0.005001023652497105,0.0039645812385114,60.333333333333336,9.0,6.833333333333333,0.06276938609714211,50.77158737182617,0.047114251214479985,44.45000076293945,0.0875992942210897,58.849998474121094,0.07181817835027515,11.789999961853027,0.07525080398492334,6.429999828338623,1.967,95.55181666666667,1502.9065760869566,121.0785
2024-09-27,28.499433517456055,11657600,0.0582458294658561,0.03691161056975911,0.026075178737177573,0.15879836253876767,4.87,315.5111333333333,4.1,16.96,121.1111,3.75,70.44666666666667,68.72,131.64170837402344,559.9664306640625,0.0014110084427194636,-0.0014503990937563271,60.266666666666666,9.0,6.866666666666666,-0.005211328147100125,50.50699996948242,0.012373435941965383,45.0,-0.014613369888743066,57.9900016784668,-0.01950801891268028,11.5600004196167,-0.0015551714326035304,6.420000076293945,1.977,95.53043333333333,1502.7592608695652,121.1111
2024-09-30,28.595943450927734,9592600,0.04758689505626479,0.024974804085506674,0.04724952659694748,0.1386024088027955,4.84,315.6010333333333,4.1,16.73,121.2864,3.81,70.48666666666666,68.75,132.23731994628906,562.2103881835938,0.004524489841573276,0.004007307218167,60.06666666666667,9.0,6.966666666666667,-0.014551921672536383,49.77202606201172,0.004666646321614509,45.209999084472656,-0.016037252599720442,57.060001373291016,-0.02768171599332392,11.239999771118164,0.021806832526770403,6.559999942779541,1.968,95.46628333333334,1502.3173152173913,121.2864
2024-10-01,28.837217330932617,9465900,0.026439170244447974,0.02041503122526489,0.053212886269581094,0.13109438999532186,4.83,315.631,4.1,19.26,121.6881,3.74,70.5,70.41,132.30564880371094,557.1739501953125,0.0005167138705595153,-0.008958279843517492,60.0,9.0,7.0,-0.01634175230416879,48.95866394042969,-0.0022118663159946816,45.11000061035156,-0.016298637973939822,56.130001068115234,-0.030249124511687375,10.899999618530273,0.030487848757137836,6.760000228881836,2.025,95.4449,1502.17,121.6881
2024-10-02,28.53803825378418,7088700,0.03618523833905973,0.04531614471742729,0.03415618516348351,0.13445319459748806,4.823870967741936,315.6599354838709,4.103225806451612,18.9,121.5724,3.79,70.54193548387097,70.74,132.06155395507812,557.4091186523438,-0.0018449314208417444,0.0004220736754632082,59.87096774193548,8.935483870967742,7.0,-0.03122503743897176,47.429927825927734,-0.020838005512918256,44.16999816894531,-0.006948145060164279,55.7400016784668,-0.014678885597399938,10.739999771118164,-0.028106516388666902,6.570000171661377,2.033,95.45392258064517,1503.0062826086958,121.5724
2024-10-03,29.445234298706055,10322100,-0.004916379508637991,-0.013766031042151572,0.003277543154998286,0.10740914028912063,4.817741935483871,315.68887096774193,4.106451612903226,20.49,122.1197,3.85,70.58387096774193,74.33,131.3878936767578,556.3899536132812,-0.0051011082191980694,-0.0018283967824683778,59.74193548387097,8.870967741935484,7.0,-0.019421447156630633,46.50876998901367,-0.03373325618150258,42.68000030517578,-0.002152901739656543,55.619998931884766,0.007448782626717554,10.819999694824219,-0.027397306008024702,6.389999866485596,2.204,95.46294516129032,1503.8425652173914,122.1197
2024-10-04,30.159406661987305,9565300,-0.020159983911172463,-0.00864002924321483,-0.04287995072164141,0.08826271335167157,4.811612903225806,315.7178064516129,4.109677419354838,19.21,122.2197,3.98,70.6258064516129,74.93,132.30564880371094,561.4461669921875,0.006985081359253575,0.009087535362690247,59.61290322580645,8.806451612903226,7.0,0.038348194860644114,48.29229736328125,-0.004686053456171124,42.47999954223633,0.0647249614878116,59.220001220703125,0.06377084598141725,11.510000228881836,0.14241006936824152,7.300000190734863,2.14,95.47196774193549,1504.6788478260871,122.2197
2024-10-07,29.956735610961914,5292500,-0.021584931118810546,-0.01932986318503227,-0.013208746210116362,0.06485844829449117,4.793225806451613,315.8046129032258,4.119354838709677,22.64,122.4241,4.03,70.7516129032258,77.76,131.9834442138672,556.370361328125,-0.0024353048623174667,-0.009040591890144833,59.225806451612904,8.612903225806452,7.0,0.003855433564073696,48.478485107421875,0.0014124617216946245,42.540000915527344,-0.0006754629298008075,59.18000030517578,0.0017375763415861112,11.529999732971191,-0.009589064360603805,7.230000019073486,2.219,95.49903548387097,1507.187695652174,122.4241
2024-10-08,29.59964942932129,7657700,-0.005868968365410621,-0.005868968365410621,0.023475680146991307,0.07770475710626279,4.787096774193548,315.83354838709676,4.12258064516129,21.42,122.6625,4.04,70.79354838709678,74.26,132.27635192871094,561.6322631835938,0.002219276187164221,0.009457552416897164,59.096774193548384,8.548387096774194,7.0,0.02324638048828387,49.60543441772461,0.004701475285263879,42.7400016784668,0.014024974857677286,60.0099983215332,0.03382483541673542,11.920000076293945,-0.0221299926680516,7.070000171661377,2.132,95.50805806451613,1508.0239782608696,122.6625
2024-10-09,29.570693969726562,6665800,0.008812040589387227,0.0029373898640054907,0.020235029889909217,0.08663429560694458,4.780967741935484,315.8624838709677,4.125806451612903,20.86,122.8821,4.06,70.83548387096774,73.85,133.4577178955078,565.5223999023438,0.008931044359566043,0.006926483704299491,58.96774193548387,8.483870967741936,7.0,0.007111939178854776,49.95822525024414,0.001403779977481312,42.79999923706055,-0.009665023039157505,59.43000030517578,0.0008389453706232342,11.930000305175781,-0.01555871723388591,6.960000038146973,2.102,95.51708064516129,1508.8602608695653,122.8821
2024-10-10,29.30047035217285,4603600,-0.008893374738842219,-0.044137096456587144,0.04677192935632579,0.08142444758569667,4.774838709677419,315.8914193548387,4.129032258064516,20.93,123.0951,4.09,70.87741935483871,76.46,132.77430725097656,564.5327758789062,-0.005120802717954009,-0.0017499289570287457,58.83870967741935,8.419354838709678,7.0,-0.010623728977663727,49.42748260498047,0.0037383142585096785,42.959999084472656,0.013965976982926787,60.2599983215332,-0.014249796474874454,11.760000228881836,-0.022988483697581663,6.800000190734863,2.155,95.52610322580645,1509.696543478261,123.0951
2024-10-11,29.551393508911133,4451400,0.011756975096752331,-0.03886347777746724,0.06629657027125213,0.08767226079732704,4.768709677419355,315.92035483870967,4.132258064516129,20.46,122.9805,4.08,70.91935483870968,76.11,135.14683532714844,567.913330078125,0.017868879343404975,0.005988233710532809,58.70967741935484,8.35483870967742,7.0,0.020680061723602483,50.44964599609375,0.038873417579894154,44.630001068115234,0.02555594023269392,61.79999923706055,0.002550997651982412,11.789999961853027,-0.01176476445577379,6.71999979019165,2.175,95.53512580645162,1510.5328260869567,122.9805
2024-10-14,29.310121536254883,5805600,0.0023048172554791524,-0.0023050124797089344,0.05465914012186546,0.08570233055431653,4.750322580645161,316.0071612903226,4.141935483870967,19.7,123.379425,4.0425,71.04516129032258,72.4425,135.95721435546875,572.557861328125,0.00599628564263921,0.008178239537643961,58.32258064516129,8.161290322580646,7.0,0.03604124045600665,52.267913818359375,0.0013443324480808538,44.689998626708984,0.02799352044649983,63.529998779296875,0.0067854049164459695,11.869999885559082,0.017857197342682873,6.840000152587891,2.0595,95.5621935483871,1513.0416739130435,123.379425
2024-10-15,29.42593002319336,5410000,0.0,0.017710849511740623,0.0619876167885971,0.06032838935672813,4.744193548387097,316.03609677419354,4.145161290322581,20.64,123.5124,4.03,71.08709677419354,71.22,134.91250610351562,568.1092529296875,-0.007684095742221286,-0.007769709751462295,58.193548387096776,8.096774193548388,7.0,-0.008461711376381964,51.82563781738281,0.01588728845351972,45.400001525878906,0.008185176805487249,64.05000305175781,0.013479347005450615,12.029999732971191,0.01315784703845102,6.929999828338623,2.021,95.57121612903225,1513.8779565217392,123.5124
2024-10-16,29.83127212524414,6313300,-0.005823335258716367,0.018117121173429007,0.04885142611548288,0.043969448429551194,4.7380645161290325,316.0650322580645,4.148387096774194,19.58,123.9235,4.02,71.12903225806451,70.97,135.95721435546875,570.57861328125,0.007743598292893283,0.004346629347838027,58.064516129032256,8.03225806451613,7.0,0.06789289978197788,55.34423065185547,0.021806119614450115,46.38999938964844,0.1244339299229722,72.0199966430664,0.07148799912227077,12.890000343322754,0.027417036353088786,7.119999885559082,2.007,95.58023870967742,1514.7142391304349,123.9235
2024-10-17,29.03989028930664,7515000,-0.03555996985537069,0.016284444554203414,0.0834164079629216,0.11150754279104214,4.731935483870967,316.0939677419355,4.151612903225806,19.11,124.1122,4.09,71.17096774193548,71.26,135.56668090820312,570.6275024414062,-0.002872473146180776,8.568347817150546e-05,57.935483870967744,7.967741935483871,7.0,-0.018646750331778872,54.31224060058594,-0.01595166789190894,45.650001525878906,0.018189464718815662,73.33000183105469,-0.006206355436405908,12.8100004196167,0.04073033237559609,7.409999847412109,2.027,95.58926129032258,1515.5505217391305,124.1122
2024-10-18,29.898828506469727,8078900,-0.05003222524794426,-0.01194314959742837,0.043576585950761526,0.033822954238999614,4.725806451612903,316.12290322580645,4.154838709677419,18.03,123.9185,4.08,71.21290322580646,69.78,135.9767303466797,572.8224487304688,0.0030247066294573077,0.003846548369420555,57.806451612903224,7.903225806451613,7.0,0.00977199291904518,54.842979431152344,-0.015553184565994416,44.939998626708984,0.01118232202848457,74.1500015258789,0.02185790193592907,13.09000015258789,0.0863698186911932,8.050000190734863,1.995,95.59828387096775,1516.3868043478262,123.9185
2024-10-21,29.377676010131836,7617900,-0.004599229352015621,-0.017411289423577392,0.06307493207373449,0.05447436864070787,4.707419354838709,316.20970967741937,4.164516129032258,18.37,124.4757,4.19,71.33870967741936,71.16,135.49832153320312,571.8817749023438,-0.0035183138486771792,-0.001642173469649788,57.41935483870968,7.709677419354839,7.0,-0.012544831039097981,54.15498352050781,0.024477132230364518,46.040000915527344,-0.0020229470369809155,74.0,-0.009167294435467044,12.970000267028809,-0.06086959457706442,7.559999942779541,2.017,95.62535161290323,1518.895652173913,124.4757
2024-10-22,29.42593002319336,9247100,0.017710849511740623,0.004591687321124915,0.04198102084424726,0.06065812175558416,4.701290322580645,316.2386451612903,4.167741935483871,18.2,124.4107,4.2,71.38064516129032,72.84,133.85804748535156,571.5780029296875,-0.012105493479855567,-0.00053117967032279,57.29032258064516,7.645161290322581,7.0,-0.005444618228672593,53.860130310058594,-0.0013032443983027608,45.97999954223633,0.00662159275364238,74.48999786376953,-0.0007710276542751693,12.960000038146973,-0.025132282891341284,7.369999885559082,2.069,95.63437419354838,1519.7319347826087,124.4107
2024-10-23,29.657554626464844,6683000,0.02408068634197469,0.02147738454315684,0.03449402216205444,0.06578689441832641,4.695161290322581,316.2675806451613,4.170967741935484,19.24,124.6931,4.24,71.42258064516129,71.37,133.46751403808594,566.3552856445312,-0.0029175193766991514,-0.009137365781024864,57.16129032258065,7.580645161290323,7.0,-0.002737141363726159,53.71270751953125,-0.003262238205197332,45.83000183105469,-0.01396161827564213,73.44999694824219,-0.010030872998323392,12.829999923706055,-0.02578019812357779,7.179999828338623,2.052,95.64339677419355,1520.5682173913044,124.6931
2024-10-24,28.007232666015625,16801800,0.05375597526971121,0.07718810372425344,0.1016539524767881,0.103300454594488,4.689032258064516,316.2965161290323,4.174193548387096,19.08,124.5127,4.21,71.46451612903226,70.58,132.5497283935547,567.5801391601562,-0.006876472159879743,0.0021626945959039023,57.03225806451613,7.516129032258065,7.0,0.002195737299566236,53.83064651489258,-0.004800375559968928,45.61000061035156,0.014431657345543858,74.51000213623047,-0.0038971310235534906,12.779999732971191,-0.026462404145269014,6.989999771118164,2.029,95.65241935483871,1521.4045,124.5127
2024-10-25,28.402923583984375,9321800,0.04009512392192183,0.07985045239801569,0.10193688776381826,0.08109842839905568,4.682903225806451,316.32545161290324,4.17741935483871,20.33,124.6105,4.25,71.50645161290322,72.02,132.1982421875,567.3840942382812,-0.002651730865951607,-0.0003454048306994473,56.903225806451616,7.451612903225806,7.0,-0.01186779663875559,53.191795349121094,-0.001534744439541491,45.540000915527344,0.0017446953387585395,74.63999938964844,0.028951478348197224,13.149999618530273,0.02718169720198227,7.179999828338623,2.051,95.66144193548386,1522.2407826086958,124.6105
2024-10-28,29.24256134033203,13045900,-0.012871257938871561,0.0775577822530884,0.054785486426528696,0.03711790165152529,4.664516129032258,316.41225806451615,4.187096774193549,19.8,124.8076,4.28,71.63225806451612,67.65,132.58877563476562,569.1381225585938,0.0029541500764564965,0.0030914301936280086,56.516129032258064,7.258064516129032,7.0,0.023281561627979563,54.43018341064453,0.03425554517417351,47.099998474121094,0.01942654019425527,76.08999633789062,0.034220591330309746,13.600000381469727,0.019498655525058473,7.320000171661377,1.958,95.68850967741935,1524.7496304347826,124.8076
2024-10-29,29.94708824157715,9444700,-0.012890854211596414,0.03222681707588837,0.04286168581811789,-0.005099325841150915,4.658387096774193,316.4411935483871,4.190322580645161,19.34,124.8612,4.28,71.6741935483871,67.48,132.4130401611328,570.0592041015625,-0.00132541742535508,0.0016183796278272933,56.38709677419355,7.193548387096774,7.0,0.03539190328152575,56.356571197509766,-0.003609303066935743,46.93000030517578,0.01103961108836149,76.93000030517578,0.016176419645858697,13.819999694824219,-0.17076502331779253,6.070000171661377,1.977,95.69753225806451,1525.5859130434783,124.8612
2024-10-30,30.371728897094727,7542700,-0.0025420866085434923,0.02891650992276662,0.02828097257059725,-0.026356399675875997,4.652258064516129,316.47012903225806,4.193548387096774,20.35,124.8153,4.29,71.71612903225807,68.91,132.1884765625,568.3345947265625,-0.0016959326540614272,-0.0030253162524023214,56.25806451612903,7.129032258064516,7.0,0.01953249245593658,57.45735549926758,0.007244835933879035,47.27000045776367,0.045365889119003855,80.41999816894531,0.008683059928288106,13.9399995803833,-0.07248765152835734,5.630000114440918,2.024,95.70655483870968,1526.422195652174,124.8153
2024-10-31,29.512788772583008,6561000,0.022236769237341303,0.06016996741656744,0.07913682501765473,0.012171301852796912,4.646129032258064,316.49906451612907,4.1967741935483875,23.16,124.7988,4.28,71.75806451612902,69.58,130.6653594970703,557.1935424804688,-0.011522313480249124,-0.019602980971893724,56.12903225806452,7.064516129032258,7.0,-0.02121091871578873,56.23863220214844,0.013539229605472158,47.90999984741211,-0.026858941580390927,78.26000213623047,-0.03873744462753992,13.399999618530273,0.01243333808194258,5.699999809265137,2.076,95.71557741935483,1527.2584782608697,124.7988
2024-11-01,29.5417423248291,6158200,0.038222781322334365,0.06501144309402007,0.07742571673566134,0.014463358048849573,4.64,316.528,4.2,21.88,124.8076,4.37,71.8,69.81,130.8411102294922,559.5452270507812,0.0013450445710962988,0.004220588343223586,56.0,7.0,7.0,0.020447247504175037,57.38855743408203,0.027551653079279204,49.22999954223633,0.02811138369779953,80.45999908447266,0.01044778711255745,13.539999961853027,0.012280732281358064,5.769999980926514,2.042,95.7246,1528.0947608695653,124.8076
2024-11-04,28.866172790527344,5578300,0.0916081523501624,0.0809093953372324,0.1417586460535576,0.04492735256096991,4.624,316.6356,4.19,21.98,124.5903,4.31,72.02,71.83,130.69467163085938,558.3399047851562,-0.0011192093859182517,-0.0021541105300423302,56.3,7.0,6.9,-0.025689265122873062,55.91428756713867,-0.040625635153299644,47.22999954223633,-0.039895589373578955,77.25,-0.040620398248479184,12.989999771118164,-0.010398603635680903,5.710000038146973,2.114,95.76738,1530.6036086956522,124.5903
2024-11-05,29.561044692993164,5793400,0.04570687190974154,0.05648062351320293,0.1374469053491043,0.017411103177010556,4.618666666666666,316.6714666666667,4.1866666666666665,20.49,124.5532,4.26,72.09333333333333,72.26,132.88169860839844,565.09130859375,0.01673386489478479,0.012091924203754711,56.4,7.0,6.866666666666666,0.024608948466648073,57.290279388427734,0.028160106795370732,48.560001373291016,0.03598703921419899,80.02999877929688,0.015396444402548282,13.1899995803833,0.03327496601595792,5.900000095367432,2.133,95.78164,1531.4398913043478,124.5532
2024-11-06,30.29452133178711,8178400,0.03153877081825707,0.012105795270859199,0.08888177298899813,-0.03508380693032964,4.613333333333333,316.70733333333334,4.183333333333334,16.27,125.7035,4.42,72.16666666666667,71.98,138.08563232421875,579.142578125,0.039162155287887135,0.02486548513056608,56.5,7.0,6.833333333333333,0.06913697239961136,61.251155853271484,0.06301477495996965,51.619998931884766,0.09433966221315182,87.58000183105469,0.061410192978426315,14.0,0.04406775387153372,6.159999847412109,2.099,95.79589999999999,1532.2761739130435,125.7035
2024-11-07,30.169057846069336,5654500,0.03710803536007301,0.016954627140262746,0.0844530426385075,-0.042647990883385445,4.608,316.7432,4.18,15.2,124.775,4.31,72.24,72.69,137.25576782226562,583.6205444335938,-0.006009781669425562,0.007732061978746874,56.6,7.0,6.8,-0.03032723630616474,59.393577575683594,-0.012204518916191454,50.9900016784668,-0.024549000695687884,85.43000030517578,-0.027142865317208442,13.619999885559082,-0.017857087565263163,6.050000190734863,2.095,95.81016,1533.1124565217392,124.775
2024-11-08,30.670909881591797,4071200,0.02580242145868361,0.005978586340256609,0.052234056512310945,-0.05483318501603507,4.602666666666667,316.77906666666667,4.176666666666667,14.94,125.5811,4.3,72.31333333333333,70.69,138.7300567626953,586.148681640625,0.010741180234689729,0.00433181667633864,56.7,7.0,6.766666666666667,0.010259690796272425,60.00293731689453,0.00019608396164105812,51.0,0.02434744028590008,87.51000213623047,0.013950112749932408,13.8100004196167,0.047933876481052184,6.340000152587891,2.056,95.82442,1533.948739130435,125.5811
2024-11-11,31.510549545288086,7113700,-0.009800913441234571,-0.006738071243525434,0.028484008725347287,-0.07847885455512726,4.586666666666667,316.88666666666666,4.166666666666667,14.97,126.47742500000001,4.3975,72.53333333333333,68.995,139.80404663085938,586.7072143554688,0.0077415802546751955,0.0009528857307679051,57.0,7.0,6.666666666666667,0.041113938793635674,62.46989440917969,0.016666636747472374,51.849998474121094,0.021940328214783644,89.43000030517578,0.02534391145261994,14.15999984741211,0.004731818966746459,6.369999885559082,2.02825,95.8672,1536.4575869565217,126.47742500000001
2024-11-12,30.912187576293945,6546300,0.010302840970898286,-0.002185490380047672,0.03746487064852477,-0.049656352924981495,4.581333333333333,316.9225333333333,4.163333333333333,14.71,126.7762,4.43,72.60666666666667,68.43,138.60313415527344,584.8846435546875,-0.00858996935014944,-0.00310644007127725,57.1,7.0,6.633333333333334,0.007709279885061759,62.95149230957031,-0.007714517318284653,51.45000076293945,-0.003354613113430216,89.12999725341797,-0.017655367421892332,13.90999984741211,-0.0078492487905778,6.320000171661377,2.019,95.88146,1537.2938695652174,126.7762
2024-11-13,31.24997329711914,7172300,-0.018838822249970133,-0.0006176763090496307,0.01976527567833619,-0.06862157963269744,4.576,316.9584,4.16,14.02,126.9572,4.44,72.67999999999999,68.76,138.89601135253906,585.1688232421875,0.002113063308781582,0.0004858730531422939,57.2,7.0,6.6,0.006401086002507661,63.35445022583008,0.0042759456315561994,51.66999816894531,0.0072927358454952795,89.77999877929688,0.007189100112630964,14.010000228881836,0.09810124505045681,6.940000057220459,2.037,95.89572,1538.130152173913,126.9572
2024-11-14,31.288572311401367,6263500,-0.01943231325250816,-0.0018505600661488097,0.008328221336664443,-0.06356899683697304,4.570666666666667,316.99426666666665,4.156666666666666,14.31,127.0015,4.43,72.75333333333333,68.99,136.5527801513672,581.4061279296875,-0.016870399505025335,-0.006430102156933848,57.3,7.0,6.566666666666666,0.006050280982242917,63.737762451171875,0.023417900949281645,52.880001068115234,0.015370961256135907,91.16000366210938,0.01784439656786163,14.260000228881836,0.024495688024825713,7.110000133514404,2.035,95.90997999999999,1538.9664347826088,127.0015
2024-11-15,31.46229362487793,6251400,-0.019325198209453887,0.012270038325455479,0.006441773152030095,-0.056096756755544264,4.565333333333333,317.0301333333333,4.153333333333333,16.14,126.8848,4.43,72.82666666666667,67.33,135.82054138183594,573.9591064453125,-0.005362313156272447,-0.012808639480448747,57.4,7.0,6.533333333333333,-0.012027610903019736,62.97114944458008,0.02042356268045964,53.959999084472656,0.0001096369727340285,91.16999816894531,0.009116417416152656,14.390000343322754,-0.007032375498725707,7.059999942779541,1.997,95.92424,1539.8027173913044,126.8848
2024-11-18,31.201717376708984,6988100,0.0030931579712454305,0.020105160035469805,0.004330298900535157,-0.07308899993556939,4.549333333333333,317.13773333333336,4.1433333333333335,15.58,126.6045,4.42,73.04666666666667,69.46,135.63502502441406,576.3109130859375,-0.0013658932259762446,0.0040975160324407955,57.7,7.0,6.433333333333334,-0.012954649911140481,62.15538024902344,-0.020941387557271707,52.83000183105469,-0.00866514128982876,90.37999725341797,-0.006949296670178962,14.289999961853027,-0.09490086143402499,6.389999866485596,2.079,95.96701999999999,1542.3115652173913,126.6045
2024-11-19,31.230670928955078,4246300,-0.012360978158731717,0.05531521999752531,0.012978975154676275,-0.05965829939001577,4.5440000000000005,317.1736,4.14,16.35,126.3994,4.39,73.12,69.75,135.51785278320312,578.41748046875,-0.0008638789368000666,0.003655262003512183,57.8,7.0,6.4,0.02387720131634019,63.63947677612305,0.00473215959369977,53.08000183105469,0.04292990706708366,94.26000213623047,0.002799157589909562,14.329999923706055,-0.06729261929939856,5.960000038146973,2.066,95.98128,1543.147847826087,126.3994
2024-11-20,30.6612606048584,6452700,0.018571001741737092,0.09663197603831608,0.04752903688266197,-0.04282810724083996,4.538666666666667,317.2094666666667,4.136666666666667,17.16,126.88,4.41,73.19333333333333,69.25,135.66432189941406,578.6134033203125,0.0010808104851340872,0.00033872221739161823,57.9,7.0,6.366666666666666,-0.017142781444282384,62.548519134521484,0.0011303232201218538,53.13999938964844,0.003925261073649988,94.62999725341797,0.009071885215146347,14.460000038146973,0.013422805905036084,6.039999961853027,2.06,95.99554,1543.9841304347826,126.88
2024-11-21,30.68056297302246,5153300,0.017930178022363297,0.07518079536594913,0.0651148046765988,-0.029516548836585277,4.533333333333333,317.24533333333335,4.133333333333333,16.87,127.1047,4.43,73.26666666666667,70.39,137.3631591796875,581.7196044921875,0.012522358542675693,0.005368353297815709,58.0,7.0,6.333333333333333,-0.004713991866299616,62.253665924072266,-0.01580730452081114,52.29999923706055,-0.002430473784366005,94.4000015258789,-0.017980652019082166,14.199999809265137,0.018211942749856824,6.150000095367432,2.095,96.0098,1544.8204130434783,127.1047
2024-11-22,30.854278564453125,5942600,0.032217852928638324,0.060369196653323964,0.07444489942464783,-0.03655277572542137,4.5280000000000005,317.2812,4.13,15.24,127.4712,4.41,73.34,71.68,139.27682495117188,583.5225830078125,0.01393143389328344,0.003099394453447868,58.1,7.0,6.3,0.0,62.253665924072266,0.00229443467753887,52.41999816894531,0.008898266147382872,95.23999786376953,0.012676077999545843,14.380000114440918,-0.009756088105549288,6.090000152587891,2.09,96.02405999999999,1545.656695652174,127.4712
2024-11-25,31.298229217529297,7658900,0.016959543517006237,0.031143829170873216,0.05982441892962309,-0.03719966852914869,4.5120000000000005,317.3888,4.12,14.6,126.9948,4.27,73.56,69.41,140.145751953125,585.5020751953125,0.0062388484391264765,0.003392314616679437,58.4,7.0,6.2,0.018155909292147276,63.38393783569336,0.019458231464951403,53.439998626708984,0.01669470813680074,96.83000183105469,0.03755215282027291,14.920000076293945,0.004926064403864228,6.119999885559082,2.058,96.06684,1548.1655434782608,126.9948
2024-11-26,30.844629287719727,5992900,0.06852321208419587,0.050688468685188726,0.07069196991318472,-0.03719507485683582,4.506666666666667,317.42466666666667,4.116666666666666,14.1,127.4301,4.3,73.63333333333334,69.05,140.31173706054688,588.5591430664062,0.0011843748747903948,0.005221275893982025,58.5,7.0,6.166666666666667,-0.005427210221838785,63.039939880371094,-0.009543382010461121,52.93000030517578,-0.0033047577070435263,96.51000213623047,-0.018766738038833997,14.640000343322754,-0.03431373236501101,5.909999847412109,2.064,96.08109999999999,1549.0018260869565,127.4301
2024-11-27,31.230670928955078,4108200,0.07663773479030556,0.026885037412667234,0.04254596929033139,-0.0851317581321357,4.501333333333334,317.46053333333333,4.113333333333333,14.1,126.8205,4.25,73.70666666666666,69.03,139.7942657470703,586.7758178710938,-0.0036880115970145955,-0.003029984694522536,58.6,7.0,6.133333333333334,-0.008107207618364365,62.52886199951172,-0.004723219319074046,52.68000030517578,-0.0016578971978833401,96.3499984741211,0.0,14.640000343322754,0.008460269378307572,5.960000038146973,2.055,96.09536,1549.8381086956522,126.8205
2024-11-29,31.230670928955078,2665100,0.05624218495497635,0.020395549835328985,0.044409670874306695,-0.06959920155692001,4.490666666666667,317.53226666666666,4.1066666666666665,13.51,126.5798,4.18,73.85333333333334,68.26,140.5851287841797,590.4208984375,0.005657335319749768,0.006212049739253267,58.8,7.0,6.066666666666666,0.003143689870754196,62.725433349609375,-0.0015186376346096875,52.599998474121094,0.004981871972343788,96.83000183105469,-0.00819671330225158,14.520000457763672,0.001677810735012386,5.96999979019165,2.04,96.12388,1551.5106739130435,126.5798
2024-12-02,31.848337173461914,10732800,0.027272676639736204,-0.009394107607987423,0.016538743866595818,-0.1004376590525845,4.475161290322581,317.6477741935484,4.096774193548387,13.34,127.1272,4.19,73.9258064516129,68.35,139.55020141601562,591.4791259765625,-0.007361570723122823,0.0017923273750353186,59.12903225806452,6.967741935483871,6.032258064516129,-0.0064243984222922546,62.32246017456055,0.010646414249736669,53.15999984741211,0.006299706690245266,97.44000244140625,0.006198291740786566,14.609999656677246,0.03685096729655757,6.190000057220459,2.042,96.13997741935484,1554.0195217391304,127.1272
2024-12-03,31.82903289794922,7750100,0.013947738377883434,-0.005154611992871372,0.02447101377191907,-0.10995087364375178,4.470322580645162,317.69154838709676,4.0935483870967735,13.3,126.9565,4.23,73.85161290322581,70.15,138.67147827148438,591.7534790039062,-0.00629682462379022,0.00046384228165408103,59.25806451612903,6.935483870967742,6.064516129032258,-0.013247102869546556,61.49686813354492,-0.011474804591845023,52.54999923706055,-0.016933512772345227,95.79000091552734,-0.009582436203853906,14.470000267028809,-0.021001633802777864,6.059999942779541,2.075,96.12755483870968,1554.855804347826,126.9565
2024-12-04,32.95820236206055,8240500,-0.016691021025383113,-0.049194801497026264,-0.004152066108049968,-0.1704701905542898,4.465483870967742,317.7353225806452,4.090322580645161,13.45,126.7574,4.19,73.77741935483871,68.81,139.27682495117188,595.4280395507812,0.00436532939024703,0.006209613761900323,59.38709677419355,6.903225806451613,6.096774193548387,0.02700980427125188,63.15788650512695,0.035394874164713874,54.40999984741211,0.03612067075272152,99.25,0.028334474073668847,14.880000114440918,0.08250825160415176,6.559999942779541,2.021,96.11513225806452,1555.6920869565217,126.7574
2024-12-05,33.62411880493164,15580600,-0.04621117741830638,-0.05912737179700267,-0.05128568026655589,-0.11909224049253253,4.460645161290323,317.77909677419353,4.087096774193548,13.54,126.4286,4.17,73.70322580645161,68.58,137.58770751953125,594.4481201171875,-0.01212777094992512,-0.0016457394823613525,59.516129032258064,6.870967741935484,6.129032258064516,0.023498198075059706,64.64198303222656,0.027017114957279986,55.880001068115234,0.03214108253306036,102.44000244140625,0.16801068730499913,17.3799991607666,-0.02134144324798215,6.420000076293945,2.011,96.10270967741936,1556.5283695652174,126.4286
2024-12-06,32.987152099609375,6768100,-0.033937893818523635,-0.02633120027976088,-0.03296644395576742,-0.10947860069588677,4.4558064516129035,317.82287096774195,4.083870967741936,12.77,126.688,4.15,73.62903225806451,68.58,137.23622131347656,595.5750732421875,-0.002554633785178728,0.0018957972729021222,59.645161290322584,6.838709677419355,6.161290322580645,-0.018853551041373318,63.42325210571289,-0.02755907097514465,54.34000015258789,-0.021085548717600378,100.27999877929688,0.0011507743802900983,17.399999618530273,0.02647976234792826,6.590000152587891,1.984,96.09028709677419,1557.364652173913,126.688
2024-12-09,32.71692657470703,6917700,-0.03569333155794885,-0.0011799621899072354,-0.01786220233646507,-0.07527657404274402,4.441290322580645,317.9541935483871,4.074193548387097,14.19,126.5981,4.2,73.40645161290323,68.65,136.04507446289062,592.5079956054688,-0.008679536926808118,-0.005149775023360559,60.03225806451613,6.741935483870968,6.258064516129032,-0.0351773800412305,61.19218826293945,-0.00331248260342909,54.15999984741211,-0.04248107487123309,96.0199966430664,-0.01379309059654088,17.15999984741211,0.03490136779179975,6.820000171661377,2.035,96.05301935483871,1559.8735,126.5981
2024-12-10,32.27297592163086,6559200,-0.018839580826241376,0.027213056196172092,-0.018180255779820853,-0.040480642994399574,4.436451612903226,317.9979677419355,4.070967741935483,14.18,126.957,4.22,73.33225806451613,68.85,135.713134765625,590.6658935546875,-0.002439924404291194,-0.003108991042220177,60.16129032258065,6.709677419354839,6.290322580645161,0.008191424999368868,61.69343948364258,0.13164699202738128,61.290000915527344,0.005311415893152871,96.52999877929688,0.01923076495573639,17.489999771118164,-0.005865096898272193,6.78000020980835,2.045,96.04059677419355,1560.7097826086956,126.957
2024-12-11,32.40809631347656,8156600,-0.033055510695669366,0.02352903648340754,-0.008203669951979742,-0.03243554183653918,4.4316129032258065,318.04174193548386,4.067741935483871,13.58,126.8483,4.26,73.25806451612904,70.57,135.4006805419922,595.2319946289062,-0.0023023138045732416,0.0077304295440854265,60.29032258064516,6.67741935483871,6.32258064516129,0.011311130918317591,62.39126205444336,0.04568437560022809,64.08999633789062,0.02517352466492473,98.95999908447266,0.005145806390261409,17.579999923706055,0.11061946560340896,7.53000020980835,2.107,96.0281741935484,1561.5460652173913,126.8483
2024-12-12,32.070308685302734,5285900,-0.01354198547193608,0.02977171867526729,-0.00774053742346148,-0.014332454030485664,4.426774193548387,318.08551612903227,4.064516129032258,13.92,126.9556,4.32,73.18387096774194,70.25,134.53172302246094,592.1650390625,-0.006417674682674512,-0.0051525381600469045,60.41935483870968,6.645161290322581,6.354838709677419,-0.029143049476643812,60.57299041748047,-0.010454021020893767,63.41999816894531,-0.030214206663616294,95.97000122070312,-0.019340168035462346,17.239999771118164,-0.03851267338776965,7.239999771118164,2.132,96.01575161290323,1562.382347826087,126.9556
2024-12-13,31.867637634277344,5863800,0.007873917722359902,0.02170767939803042,-0.020914278463617597,0.028992172527594784,4.421935483870968,318.12929032258063,4.061290322580645,13.81,127.3096,4.4,73.10967741935484,71.54,134.18023681640625,592.0475463867188,-0.0026126641223200853,-0.00019841204399240198,60.54838709677419,6.612903225806452,6.387096774193548,-0.001784890413320972,60.464874267578125,-0.013402688405268814,62.56999969482422,-0.008961139933444495,95.11000061035156,-0.018561467463607983,16.920000076293945,-0.027624283920971493,7.039999961853027,2.158,96.00332903225807,1563.2186304347827,127.3096
2024-12-16,31.549150466918945,4297000,0.03579086456365799,0.03386665768687336,-0.01287558474203332,0.056393565478321195,4.4074193548387095,318.2606129032258,4.051612903225807,14.69,127.2687,4.39,72.88709677419355,71.03,134.29742431640625,594.5755004882812,0.0008733588699827433,0.004269849806811443,60.935483870967744,6.516129032258065,6.483870967741935,-0.007639757070185271,60.00293731689453,0.01326517236859348,63.400001525878906,0.003890261215514723,95.4800033569336,-0.02364063928644422,16.520000457763672,0.0014204870647760437,7.050000190734863,2.13,95.96606129032259,1565.7274782608695,127.2687
2024-12-17,31.664966583251953,5417500,0.046936908707746916,0.022425480204814496,0.019361792583131532,0.07348790433092978,4.402580645161291,318.3043870967742,4.048387096774193,15.87,127.5043,4.4,72.81290322580645,70.31,133.06719970703125,592.1257934570312,-0.009160448278416555,-0.004120094133105434,61.064516129032256,6.483870967741936,6.516129032258064,-0.003931170972083509,59.76705551147461,-0.003154586090314493,63.20000076293945,-0.005132022161041139,94.98999786376953,0.012106467920636854,16.719999313354492,0.035460991948418785,7.300000190734863,2.103,95.95363870967742,1566.5637608695652,127.5043
2024-12-18,31.336830139160156,8729500,0.05851891996384073,0.040562222009596915,-0.01361767997660801,0.08503995611802262,4.397741935483872,318.3481612903226,4.04516129032258,27.62,127.6418,4.5,72.73870967741935,70.8,129.30824279785156,574.4783935546875,-0.028248561008690554,-0.029803464225586662,61.193548387096776,6.451612903225806,6.548387096774194,-0.03173815986200801,57.87015914916992,-0.012025350111643296,62.439998626708984,-0.03705649776005504,91.47000122070312,-0.014952153724092643,16.469999313354492,-0.0410959154652657,7.0,2.121,95.94121612903226,1567.4000434782608,127.6418
2024-12-19,31.63601303100586,7319300,0.04390830984116967,0.03746820735227252,-0.020799291852798274,0.0695342721516965,4.392903225806452,318.39193548387095,4.041935483870968,24.09,128.6366,4.57,72.66451612903226,70.1,129.1422882080078,574.302001953125,-0.0012834030240684857,-0.0003070465374180875,61.32258064516129,6.419354838709677,6.580645161290323,0.025475476283781884,59.34442901611328,0.040518940577169094,64.97000122070312,0.04471407328422461,95.55999755859375,0.010321802269663838,16.639999389648438,0.041428565979003906,7.289999961853027,2.119,95.9287935483871,1568.2363260869565,128.6366
2024-12-20,32.118560791015625,15017800,0.013725686747537491,-0.0068146824442900655,-0.02826120160271972,0.04495784166824235,4.388064516129033,318.43570967741937,4.038709677419354,18.36,127.893,4.52,72.59032258064516,69.71,130.6556396484375,581.1998901367188,0.01171848092076666,0.012010907432213225,61.45161290322581,6.387096774193548,6.612903225806452,0.009109015191184122,59.8849983215332,0.016161234456444795,66.0199966430664,0.01925496038399266,97.4000015258789,0.014423063697193816,16.8799991607666,0.020576144876865543,7.440000057220459,2.121,95.91637096774194,1569.0726086956522,127.893
2024-12-23,32.678321838378906,4774100,-0.001857717559224814,-0.0238273814540626,-0.03273389625965373,0.013320374214403907,4.373548387096775,318.5670322580645,4.029032258064516,16.78,128.3021,4.59,72.36774193548388,69.5,130.6261444091797,584.6803588867188,-0.00022574792283880374,0.0059884194905495125,61.83870967741935,6.290322580645161,6.709677419354839,0.009683158759251631,60.464874267578125,0.02196311195645917,67.47000122070312,0.021355254604406015,99.4800033569336,0.021919482087023656,17.25,0.032258033504347416,7.679999828338623,2.107,95.87910322580646,1571.581456521739,128.3021
2024-12-24,33.151222229003906,2272300,-0.023412517315095305,-0.03072864130210895,-0.0678958284284924,-0.011143798543541306,4.368709677419355,318.6108064516129,4.025806451612903,14.27,128.3377,4.59,72.29354838709678,70.87,131.64669799804688,591.1790771484375,0.007812781993092877,0.011114993282984376,61.96774193548387,6.258064516129032,6.741935483870968,0.016905077592485496,61.487037658691406,0.0019267415305468383,67.5999984741211,0.016887819144395744,101.16000366210938,0.005797123563462403,17.350000381469727,0.022135427095539395,7.849999904632568,2.095,95.8666806451613,1572.4177391304347,128.3377
2024-12-26,33.17062759399414,2954500,-0.01696398393602383,-0.04474991090199609,-0.07429077241385496,-0.01201658654650617,4.359032258064516,318.6983548387097,4.019354838709678,14.73,128.3329,4.58,72.14516129032258,70.38,131.74481201171875,591.2184448242188,0.0007452827542497875,6.659179477574995e-05,62.225806451612904,6.193548387096774,6.806451612903226,-0.00255750270900601,61.32978439331055,-0.008579908937079717,67.0199966430664,-0.0028667546958182077,100.87000274658203,0.0,17.350000381469727,-0.003821622080974474,7.820000171661377,2.089,95.84183548387097,1574.090304347826,128.3329
2024-12-27,33.02509689331055,2827100,-0.006169222361949611,-0.026733181392741057,-0.0816685881595609,-0.06647013958459025,4.354193548387097,318.74212903225805,4.016129032258064,15.95,128.45,4.62,72.07096774193549,71.28,130.7635498046875,584.9949951171875,-0.007448203781595386,-0.01052648096742248,62.354838709677416,6.161290322580645,6.838709677419355,-0.018269248412429162,60.20933532714844,-0.017755817242865124,65.83000183105469,-0.012094787225972015,99.6500015258789,0.0,17.350000381469727,-0.002557542261826362,7.800000190734863,2.122,95.82941290322582,1574.9265869565218,128.45
2024-12-30,32.559410095214844,5015800,-0.020262255815702734,-0.022646074738959188,-0.08492266310996721,-0.045025197844141496,4.339677419354839,318.87345161290324,4.006451612903226,17.4,128.8205,4.55,71.84838709677419,71.73,129.4486541748047,578.3192138671875,-0.010055521067199424,-0.011411689511399481,62.74193548387097,6.064516129032258,6.935483870967742,-0.008814892701980992,59.67859649658203,-0.014583002548539947,64.87000274658203,-0.014450601298107157,98.20999908447266,0.015561985696094904,17.6200008392334,0.026923081155359352,8.010000228881836,2.189,95.79214516129032,1577.4354347826086,128.8205
2024-12-31,32.61761474609375,3324600,-0.022010553286165746,-0.043426405342744334,-0.09339662934804371,-0.13649112474200376,4.3348387096774195,318.9172258064516,4.003225806451613,17.35,129.2775,4.58,71.7741935483871,72.44,129.29164123535156,576.2152709960938,-0.0012129360513944976,-0.0036380303829519622,62.87096774193548,6.032258064516129,6.967741935483871,-0.0036230888192096966,59.46237564086914,-0.0018498958147239453,64.75,-0.011302317693708819,97.0999984741211,-0.010783230704198066,17.43000030517578,-0.018726603131242525,7.860000133514404,2.228,95.77972258064517,1578.2717173913043,129.2775
2025-01-02,32.37506866455078,3418600,-0.0074915193126372515,-0.03805804925927281,-0.07731476517421498,-0.22015475560656206,4.33,318.9841612903226,4.006451612903226,17.93,129.4598,4.57,71.4741935483871,73.79,128.8402557373047,574.799560546875,-0.0034912194921031814,-0.002456912408398071,63.096774193548384,6.032258064516129,7.032258064516129,-0.023636449368268142,58.0568962097168,-0.006949759818412171,64.30000305175781,-0.017198745573517193,95.43000030517578,-0.02467012608416841,17.0,-0.04834606971832334,7.480000019073486,2.266,95.80562580645162,1579.6182999999999,129.4598
2025-01-03,32.6079216003418,5561700,-0.028265421115724387,-0.010116084858032393,-0.08092838639719302,-0.2230300617538361,4.33,319.00732258064517,4.012903225806451,16.13,129.4535,4.6,71.2483870967742,74.64,130.23367309570312,581.9865112304688,0.010815077558053776,0.01250340323286947,63.193548387096776,6.064516129032258,7.064516129032258,-0.00118501107839164,57.98809814453125,-0.004976726194925729,63.97999954223633,0.0025149100178354367,95.66999816894531,-0.001764746273265172,16.969999313354492,0.004010723226183233,7.510000228881836,2.272,95.84395161290323,1580.1286,129.4535
2025-01-06,32.82135772705078,5035200,-0.020691610174987662,-0.05823228058087926,-0.08099312150900484,-0.26406190107255734,4.33,319.0768064516129,4.032258064516129,16.04,128.538,4.62,70.57096774193549,74.31,129.94908142089844,585.3390502929688,-0.00218523879454402,0.00576050990496646,63.483870967741936,6.161290322580645,7.161290322580645,0.017627123906799103,59.01026153564453,0.006564582473391756,64.4000015258789,0.030312549193925342,98.56999969482422,0.032410204281879906,17.520000457763672,0.02396801902167489,7.690000057220459,2.283,95.95892903225807,1581.6595,128.538
2025-01-07,31.899682998657227,8371200,-0.002433119411196172,-0.028892971625485542,-0.057177618554106524,-0.12654122326598616,4.33,319.0999677419355,4.038709677419355,17.82,128.613,4.67,70.34516129032258,74.99,129.821533203125,578.722412109375,-0.0009815245816191531,-0.01130394116073763,63.58064516129032,6.193548387096774,7.193548387096774,0.018987295129814896,60.130706787109375,0.017391228115692492,65.5199966430664,0.026782990745885638,101.20999908447266,0.009703200448183402,17.690000534057617,-0.03771130815281787,7.400000095367432,2.293,95.99725483870968,1582.1698,128.613
2025-01-08,31.899682998657227,5679400,-0.021897835532416532,-0.021593673183984308,-0.0836374707683959,-0.21098062551013863,4.33,319.1231290322581,4.04516129032258,17.7,129.0785,4.67,70.11935483870968,73.99,130.33181762695312,579.56787109375,0.003930660894519766,0.0014609058966514876,63.67741935483871,6.225806451612903,7.225806451612903,0.003922817775201759,60.3665885925293,0.011752202562764102,66.29000091552734,0.024799942287674126,103.72000122070312,-0.005087628596427529,17.600000381469727,0.04054050135560283,7.699999809265137,2.286,96.03558064516129,1582.6801,129.0785
2025-01-10,32.132530212402344,9648900,-0.03079724812574569,-0.01630426136869534,-0.1011474057233761,-0.20454925890530484,4.33,319.16945161290323,4.058064516129033,19.54,129.8664,4.77,69.66774193548387,77.27,128.8696746826172,570.7192993164062,-0.011218618530442148,-0.015267533310024395,63.87096774193548,6.290322580645161,7.290322580645161,0.09003579774680648,65.80174255371094,0.028511078044135774,68.18000030517578,0.0326841433643541,107.11000061035156,0.04431811149948062,18.3799991607666,0.0,7.699999809265137,2.406,96.11223225806452,1583.7006999999999,129.8664
2025-01-13,31.68624496459961,7559900,0.018677256786035823,-0.02480105904404084,-0.08511954515811315,-0.21274983419329696,4.33,319.238935483871,4.077419354838709,19.19,130.0413,4.79,68.99032258064517,79.57,130.380859375,571.6041870117188,0.011726456950439168,0.0015504779606583252,64.16129032258064,6.387096774193548,7.387096774193548,-0.02763240185298943,63.983482360839844,-0.025080655277480934,66.47000122070312,-0.022406885558797773,104.70999908447266,-0.04243736751423999,17.600000381469727,-0.022077870606208694,7.53000020980835,2.385,96.22720967741935,1585.2316,130.0413
2025-01-14,32.14223098754883,6697800,-0.03833385968703851,-0.044672535006081815,-0.09658922799043379,-0.21632745633014805,4.33,319.26209677419354,4.083870967741936,18.71,129.3812,4.78,68.76451612903226,78.2,131.9214324951172,572.3906860351562,0.011815945434798802,0.0013759504239274634,64.25806451612904,6.419354838709677,7.419354838709677,0.018279382570179026,65.15306091308594,0.014593067592738374,67.44000244140625,0.028268542740457203,107.66999816894531,0.03465901646486169,18.209999084472656,0.02124831911740177,7.690000057220459,2.365,96.26553548387098,1585.7419,129.3812
2025-01-15,31.822067260742188,5951800,-0.026524389220571987,-0.04695117360851708,-0.07682926946220336,-0.2375779852322547,4.33,319.28525806451614,4.090322580645162,16.12,129.2092,4.66,68.53870967741936,80.73,132.75550842285156,582.8025512695312,0.006322520245262142,0.018190137415575514,64.35483870967742,6.451612903225806,7.451612903225806,-0.011917338954736567,64.3766098022461,-0.011565817779656262,66.66000366210938,-0.025169491321253568,104.95999908447266,-0.0076880503397614985,18.06999969482422,0.005201555468841601,7.730000019073486,2.463,96.30386129032259,1586.2522,129.2092
2025-01-16,31.201148986816406,9664400,0.00031097196129592497,-0.045087144283409875,-0.06716413622173534,-0.22615895893898597,4.33,319.3084193548387,4.096774193548387,16.6,129.436,4.61,68.31290322580645,79.35,134.36480712890625,581.6817626953125,0.012122274436468405,-0.0019231016950377322,64.45161290322581,6.483870967741935,7.483870967741935,0.010381761207759466,65.04495239257812,0.01140105708196848,67.41999816894531,0.010956569511337166,106.11000061035156,0.012174943243974612,18.290000915527344,-0.01552391788654417,7.610000133514404,2.43,96.3421870967742,1586.7625,129.436
2025-01-17,31.14293670654297,10466500,0.014953513832914433,-0.05046721347820793,-0.05918990770871002,-0.24664855203386016,4.33,319.3315806451613,4.103225806451613,15.97,129.4859,4.61,68.08709677419355,78.56,135.16943359375,587.5216674804688,0.00598837211943315,0.010039690359374687,64.54838709677419,6.516129032258064,7.516129032258064,-0.005439635018037459,64.69113159179688,-0.016019013058237608,66.33999633789062,0.011968680009059485,107.37999725341797,-0.0010935186857586876,18.270000457763672,0.003942146181978634,7.639999866485596,2.419,96.3805129032258,1587.2728,129.4859
2025-01-21,32.27805709838867,8090600,-0.04268114904935871,-0.07454163854418705,-0.07995202741263696,-0.2516746737191602,4.33,319.4242258064516,4.129032258064516,15.06,128.4151,4.57,67.18387096774194,76.79,137.9464111328125,592.8995971679688,0.02054441943885532,0.009153585280629262,64.93548387096774,6.645161290322581,7.645161290322581,0.038286295068541865,67.16791534423828,0.03828762519959028,68.87999725341797,0.02924193956010268,110.5199966430664,0.02025171990225849,18.639999389648438,0.041884839954660524,7.960000038146973,2.411,96.53381612903226,1589.314,128.4151
2025-01-22,30.91009521484375,12015500,-0.0065913470936810326,-0.03044571965381271,-0.06434403205964878,-0.19424505756954058,4.33,319.4473870967742,4.135483870967742,15.1,128.3402,4.6,66.95806451612904,76.12,137.6226043701172,596.2326049804688,-0.002347337346700229,0.005621538331987974,65.03225806451613,6.67741935483871,7.67741935483871,-0.008194498918823179,66.61750793457031,-0.021486582267040144,67.4000015258789,-0.023072706295845347,107.97000122070312,0.0010729859666616104,18.65999984741211,-0.011306551778464846,7.869999885559082,2.369,96.57214193548387,1589.8243,128.3402
2025-01-23,30.97800636291504,13108900,-0.020983355064838283,-0.02630746603878964,-0.05198863127352904,-0.16639744721466998,4.33,319.47054838709676,4.141935483870967,15.02,128.2162,4.65,66.73225806451613,75.03,139.01597595214844,599.4868774414062,0.010124583736869086,0.00545805853915704,65.12903225806451,6.709677419354839,7.709677419354839,-0.004868702393236557,66.29316711425781,0.021513307350378152,68.8499984741211,-0.046031315777647075,103.0,-0.08735258167714621,17.030000686645508,0.005082587348752554,7.909999847412109,2.362,96.61046774193548,1590.3346,128.2162
2025-01-24,31.210851669311523,6471400,-0.04538400309225277,-0.036369291974962525,-0.05968292187325741,-0.1716782651606703,4.33,319.49370967741936,4.148387096774194,14.85,127.4611,4.63,66.50645161290323,74.97,138.42726135253906,597.7367553710938,-0.004234870097319043,-0.0029193667721001404,65.2258064516129,6.741935483870968,7.741935483870968,-0.004002795201111131,66.0278091430664,0.015976739266516438,69.94999694824219,0.01941747572815533,105.0,-0.004110487337075974,16.959999084472656,0.020227541150263928,8.069999694824219,2.384,96.64879354838709,1590.8449,127.4611
2025-01-27,31.608633041381836,7026800,-0.06445687060490546,-0.07519967231528168,-0.05801118957867979,-0.17716233506015888,4.33,319.56319354838706,4.167741935483871,17.9,128.0912,4.53,65.82903225806452,73.51,136.57264709472656,589.2816772460938,-0.013397753012604041,-0.01414515344593592,65.51612903225806,6.838709677419355,7.838709677419355,0.008782125432886811,66.60767364501953,0.0072909529446847365,70.45999908447266,0.016571408226376594,106.73999786376953,0.014151043126324536,17.200000762939453,0.002478371563817916,8.09000015258789,2.324,96.76377096774193,1592.3758,128.0912
2025-01-28,30.900392532348633,7684400,-0.03328095906937378,-0.06530610859218777,-0.03799056892894481,-0.13903685055681214,4.33,319.58635483870967,4.174193548387097,16.41,128.2817,4.55,65.60322580645162,74.15,135.66989135742188,594.3449096679688,-0.006610077175106199,0.008592210851586568,65.61290322580645,6.870967741935484,7.870967741935484,-0.0017704799584806752,66.48974609375,0.013482892279033099,71.41000366210938,-0.003747438016528881,106.33999633789062,-0.0029070431506559302,17.149999618530273,-0.25710752589302344,6.010000228881836,2.31,96.80209677419354,1592.8861,128.2817
2025-01-29,30.706356048583984,9683700,-0.024012648259448044,-0.055924247097982716,-0.018641436404580825,-0.11134833809906142,4.33,319.6095161290322,4.180645161290323,16.56,128.3418,4.55,65.37741935483871,72.94,135.2086639404297,591.680419921875,-0.0033996298838118166,-0.004483069851784038,65.70967741935483,6.903225806451613,7.903225806451613,0.011529850335240344,67.25636291503906,0.01106278176193376,72.19999694824219,0.01805534948712162,108.26000213623047,0.010495644850119668,17.329999923706055,0.01497498707541256,6.099999904632568,2.317,96.84042258064515,1593.3964,128.3418
2025-01-30,30.327983856201172,17452000,-0.005438223141041587,-0.04254638724908333,-0.020793431794200457,-0.08031024996669933,4.33,319.6326774193548,4.187096774193549,15.84,128.1004,4.52,65.15161290322581,73.1,136.7198486328125,594.8560791015625,0.011176685342062287,0.00536718652969248,65.80645161290323,6.935483870967742,7.935483870967742,0.002045958981449214,67.39396667480469,0.030886474393235996,74.43000030517578,0.010530199216270963,109.4000015258789,-0.02481248165428873,16.899999618530273,0.03606561810955644,6.320000171661377,2.285,96.87874838709678,1593.9067,128.1004
2025-01-31,29.79437828063965,11303400,0.00944328520210358,-0.01400187634015726,-0.041028856652029155,-0.02223908004917796,4.33,319.65583870967737,4.193548387096774,16.43,128.4828,4.58,64.9258064516129,72.84,135.75819396972656,591.6903686523438,-0.007033760442996417,-0.0053218090231170745,65.90322580645162,6.967741935483871,7.967741935483871,-0.018958818184761528,66.11625671386719,-0.01585382641861588,73.25,-0.032541180423531824,105.83999633789062,0.0011834590659838273,16.920000076293945,0.04113920015548511,6.579999923706055,2.302,96.91707419354839,1594.417,128.4828
2025-02-03,29.571239471435547,10246900,-0.011482957196556232,-0.015748027940937992,-0.017388459611892393,-0.0072703895536629926,4.33,319.6865714285714,4.2,18.62,129.109,4.54,64.15,73.52,134.4138641357422,587.7085571289062,-0.009902384487260885,-0.00672955270931086,66.14285714285714,7.214285714285714,8.214285714285714,-0.011743609212565453,65.33981323242188,0.0032764213483895688,73.48999786376953,-0.009542654400814254,104.83000183105469,-0.013002323425679307,16.700000762939453,-0.08206686445505051,6.039999961853027,2.358,96.98642857142858,1595.9479,129.109
2025-02-04,29.871997833251953,9775000,-0.0331276701573856,-0.01916204866318938,-0.040922374761597324,-0.02510642319109313,4.33,319.6903571428571,4.2,17.21,128.1083,4.52,63.875,73.04,134.45310974121094,591.651123046875,0.00029197587407447934,0.0067083690889735426,66.21428571428571,7.321428571428571,8.321428571428571,0.03880855466113675,67.87555694580078,0.028031096038497294,75.55000305175781,0.0366306999028696,108.66999816894531,0.008383196601950083,16.84000015258789,0.02317878598837675,6.179999828338623,2.301,97.00194285714285,1596.4582,128.1083
2025-02-05,29.96901512145996,7703400,-0.03269673401158768,-0.009064499715033869,-0.05471024627372212,-0.013933776486652727,4.33,319.6941428571428,4.2,15.77,127.9751,4.43,63.6,71.39,134.55123901367188,594.0498657226562,0.0007298401104280927,0.004054319483800306,66.28571428571429,7.428571428571429,8.428571428571429,0.0,67.87555694580078,-0.008471202697503344,74.91000366210938,-0.007821832046041144,107.81999969482422,0.007125827244504279,16.959999084472656,-0.009708728874782357,6.119999885559082,2.271,97.01745714285714,1596.9685,127.9751
2025-02-06,30.163053512573242,7366300,-0.03731107003250955,-0.041170846800458905,-0.09359934949301973,0.00528369349759239,4.33,319.6979285714286,4.2,15.5,128.2017,4.45,63.325,70.97,135.1596221923828,596.1146850585938,0.0045215724743279395,0.0034758350352048772,66.35714285714286,7.535714285714286,8.535714285714286,-0.016507345234154425,66.75511169433594,-0.00667467595189708,74.41000366210938,0.012335390788528633,109.1500015258789,0.005896249225701977,17.059999465942383,0.062091523128550374,6.5,2.294,97.03297142857143,1597.4788,128.2017
2025-02-07,30.075735092163086,5575700,-0.02322583337365669,-0.023548314861411956,-0.015161322870431482,0.011771620703171948,4.33,319.7017142857143,4.2,16.54,128.4292,4.49,63.050000000000004,71.32,134.75729370117188,590.6580200195312,-0.002976691445898516,-0.009153716853202765,66.42857142857143,7.642857142857143,8.642857142857142,0.0032391871471175726,66.97134399414062,0.020292896553166573,75.91999816894531,-0.0013742695719829445,109.0,0.006447867162666876,17.170000076293945,0.026153857891376253,6.670000076293945,2.301,97.0484857142857,1597.9891,128.4292
2025-02-10,29.231674194335938,6131800,-0.004314615287042467,0.003982756937705556,0.0049292644515632755,0.043991328096331106,4.33,319.7130714285714,4.2,15.81,128.6382,4.51,62.225,72.73,135.96426391601562,594.6693115234375,0.008956622544826764,0.006791224986284927,66.64285714285714,7.964285714285714,8.964285714285714,-0.028617572796200696,65.0547866821289,-0.011327721695116422,75.05999755859375,-0.026788974027021184,106.08000183105469,-0.032032570449426645,16.6200008392334,-0.02848576537438796,6.480000019073486,2.293,97.09502857142857,1599.52,128.6382
2025-02-11,28.882408142089844,7409700,0.014444121589941128,0.03090360371664236,0.0474925871872256,0.05729176434849803,4.33,319.7168571428571,4.2,16.02,128.4322,4.54,61.95,73.67,136.01332092285156,595.1215209960938,0.00036080809341365594,0.0007604385561745808,66.71428571428571,8.071428571428571,9.071428571428571,-0.021755661315459474,63.63947677612305,-0.029443100937319833,72.8499984741211,-0.026112407849242958,103.30999755859375,-0.012635438099711682,16.40999984741211,-0.020061745996646674,6.349999904632568,2.357,97.11054285714286,1600.0303,128.4322
2025-02-12,28.989126205444336,7807400,0.0244310498346203,0.02543515210659164,0.06821243543259192,0.05642935021009432,4.33,319.7206428571429,4.2,15.89,128.3288,4.62,61.675000000000004,71.72,135.16943359375,593.2044067382812,-0.0062044461775933035,-0.0032213828439672243,66.78571428571429,8.178571428571429,9.178571428571429,0.024401735281929904,65.19239044189453,0.01276596190329582,73.77999877929688,0.008421283197578289,104.18000030517578,-0.00914074466331749,16.260000228881836,0.040944918549078446,6.610000133514404,2.277,97.12605714285714,1600.5406,128.3288
2025-02-13,29.03763771057129,10098900,-0.004009370678106472,0.03775471563644062,0.07987166387996392,0.07046098336944384,4.33,319.7244285714286,4.2,15.1,127.8931,4.52,61.4,71.66,135.3068084716797,599.4672241210938,0.0010163161469076698,0.010557604278849553,66.85714285714286,8.285714285714286,9.285714285714286,-0.03422294031162698,62.9613151550293,-0.016806694013086432,72.54000091552734,-0.03157996646083605,100.88999938964844,-0.03198034750577805,15.739999771118164,0.010589968745885914,6.679999828338623,2.27,97.14157142857142,1601.0509,127.8931
2025-02-14,29.377201080322266,7018600,-0.0003301494846746911,0.010898244228032539,0.07602703109456277,0.08532887108873499,4.33,319.7282142857143,4.2,14.77,127.1491,4.47,61.125,71.05,134.9731903076172,599.4376831054688,-0.002465642105011545,-4.927878362037674e-05,66.92857142857143,8.392857142857142,9.392857142857142,0.020761855956865194,64.26850891113281,0.04411354987393201,75.73999786376953,0.033402743254727474,104.26000213623047,0.014612484069579157,15.970000267028809,0.014970117371185365,6.78000020980835,2.276,97.15708571428571,1601.5612,127.1491
2025-02-18,29.10555076599121,9750500,0.008333327326221829,-0.018333333224113124,0.12664247264246709,0.0927760594890159,4.33,319.7433571428571,4.2,15.35,127.2906,4.55,60.025,72.21,136.032958984375,601.197509765625,0.007851697617448972,0.0029357958462659095,67.21428571428571,8.821428571428571,9.821428571428571,-0.01605759489598635,63.23651123046875,-0.00528124553948861,75.33999633789062,-0.00968734045210129,103.25,0.006887893227174757,16.079999923706055,0.14159285126879828,7.739999771118164,2.262,97.21914285714286,1603.6024,127.2906
2025-02-19,29.299589157104492,7730600,0.016225124456243467,-0.008278204434576164,0.13750125883520026,0.08254137653783777,4.33,319.7471428571429,4.2,15.27,127.7317,4.53,59.75,72.58,136.17034912109375,602.61328125,0.0010099768302072043,0.002354919076306361,67.28571428571429,8.928571428571429,9.928571428571429,0.010879786249344825,63.92451095581055,0.016724212868016508,76.5999984741211,0.031573870568818,106.51000213623047,-0.004975119657066318,16.0,-0.052971558079630054,7.329999923706055,2.33,97.23465714285715,1604.1127000000001,127.7317
2025-02-20,29.69736099243164,7798500,0.000980156031129109,-0.03528247003687224,0.1446120962339683,0.043723077179981695,4.33,319.7509285714286,4.2,15.66,127.1126,4.5,59.475,72.88,135.27737426757812,600.1062622070312,-0.006557777513822138,-0.004160245253420958,67.35714285714286,9.035714285714286,10.035714285714286,-0.019834011510239558,62.65663146972656,-0.01618796199047523,75.36000061035156,-0.037742974291927966,102.48999786376953,-0.00875002145767212,15.859999656677246,-0.012278329266664723,7.239999771118164,2.358,97.25017142857142,1604.623,127.1126
2025-02-21,28.921215057373047,10258700,0.04193220808009146,-0.020462906991115082,0.17566681522960503,0.05317341911381135,4.33,319.7547142857143,4.2,18.21,127.1408,4.42,59.2,70.72,132.31394958496094,589.842041015625,-0.02190628476241374,-0.01710400613660845,67.42857142857143,9.142857142857142,10.142857142857142,-0.05882359029434292,58.970943450927734,-0.06873673385379786,70.18000030517578,-0.06439651294454962,95.88999938964844,-0.03972258058503053,15.229999542236328,-0.031767893578373174,7.010000228881836,2.266,97.26568571428571,1605.1333,127.1408
2025-02-24,29.367502212524414,17429400,0.011232101985389598,-0.06904539830378964,0.1521511065543879,0.028528490788710004,4.33,319.7660714285714,4.2,18.98,127.1921,4.4,58.375,71.06,131.71539306640625,587.157958984375,-0.004523759742885991,-0.004550509873166075,67.64285714285714,9.464285714285714,10.464285714285714,0.024833430677606128,60.435394287109375,0.030493009124290538,72.31999969482422,0.019605769792307548,97.7699966430664,0.0052528483115519276,15.3100004196167,-0.027104144224937565,6.820000171661377,2.209,97.31222857142856,1606.6642,127.1921
2025-02-25,29.34809684753418,9553300,-0.026446275083504722,0.009256147536322423,0.1436019901402854,0.08607281994923599,4.33,319.7698571428572,4.2,19.43,127.3752,4.3,58.1,69.15,132.3924560546875,584.2378540039062,0.005140348235076031,-0.004973286891179596,67.71428571428571,9.571428571428571,10.571428571428571,0.004878816692226229,60.730247497558594,-0.012721213672946874,71.4000015258789,-0.012171370081519917,96.58000183105469,-0.011757041165403659,15.130000114440918,-0.05278594200192033,6.460000038146973,2.163,97.32774285714285,1607.1745,127.3752
2025-02-26,29.774978637695312,8528800,-0.024112106954579215,-0.013407693612520255,0.11212873456247596,0.07804049846950778,4.33,319.7736428571429,4.2,19.1,127.2822,4.25,57.825,68.87,132.47096252441406,584.5328979492188,0.0005929829543620535,0.0005050065539069504,67.78571428571429,9.678571428571429,10.678571428571429,-0.0014565262589926187,60.64179229736328,0.010644287394798058,72.16000366210938,0.008490367356366768,97.4000015258789,0.0033047052449881598,15.180000305175781,0.035603717912586985,6.690000057220459,2.119,97.34325714285714,1607.6848,127.2822
2025-02-27,29.726469039916992,6893400,-0.03622711783996013,0.017749817118527078,0.10278121639647186,0.10672084359866085,4.33,319.7774285714286,4.2,21.13,127.9704,4.29,57.550000000000004,70.62,132.00975036621094,575.2026977539062,-0.0034816094743640447,-0.01596180510634504,67.85714285714286,9.785714285714285,10.785714285714285,-0.029244539904114575,58.868350982666016,-0.01510537572017212,71.06999969482422,-0.053696132186856205,92.16999816894531,-0.04281953617503986,14.529999732971191,-0.028400606217543034,6.5,2.166,97.35877142857143,1608.1951000000001,127.9704
2025-02-28,30.13394546508789,6484800,-0.059884044842205775,0.02762995774506849,0.08754527065423567,0.0810679703214141,4.33,319.7812142857143,4.2,19.63,128.2805,4.24,57.275,69.97,133.77601623535156,584.178955078125,0.013379813720128864,0.015605381127852702,67.92857142857143,9.892857142857142,10.892857142857142,0.006192398450361347,59.232887268066406,0.01702545503965691,72.27999877929688,0.017793201933695935,93.80999755859375,-0.012388118018544336,14.350000381469727,0.0030769201425404624,6.519999980926514,2.145,97.3742857142857,1608.7054,128.2805
2025-03-03,29.69736099243164,8206800,-0.07938583054431059,0.05588244550246402,0.03813648966568328,0.0880880309981329,4.33,319.8183548387097,4.2,22.78,127.75,4.16,56.69032258064516,68.63,131.87237548828125,573.9441528320312,-0.014230060070866801,-0.01751997766630431,67.61290322580645,9.935483870967742,10.806451612903226,-0.027777795667132454,57.587528228759766,-0.0329274667074243,69.9000015258789,-0.022812061031254105,91.66999816894531,-0.033449511020952505,13.869999885559082,-0.009202445238506662,6.460000038146973,2.088,97.38603225806452,1610.2363,127.75
2025-03-04,28.571949005126953,11171600,0.03667226749390684,0.10635303369241389,0.08824974482524284,0.11352609791901558,4.33,319.83503225806453,4.2,23.51,127.9966,4.22,56.535483870967745,68.47,129.30148315429688,567.1505126953125,-0.019495306158436754,-0.01183676164866676,67.41935483870968,9.903225806451612,10.709677419354838,-0.06432853246424186,53.88300704956055,-0.06580827430194047,65.30000305175781,-0.05956146169447962,86.20999908447266,-0.03749095229847543,13.350000381469727,-0.05727552374213529,6.090000152587891,2.076,97.38414838709677,1610.7466,127.9966
2025-03-05,29.05704116821289,10285200,0.01096889654881772,0.12852335834144335,-0.03067901305071763,0.08385259065456285,4.33,319.85170967741936,4.2,21.93,126.504,4.28,56.380645161290325,66.58,131.34249877929688,573.2461547851562,0.015784935912640963,0.010747838454513436,67.2258064516129,9.870967741935484,10.612903225806452,0.03803270304430262,55.93232345581055,0.015313934965782261,66.30000305175781,0.05869385932408755,91.2699966430664,0.05543069288187508,14.09000015258789,0.06403938533890985,6.480000019073486,2.089,97.38226451612903,1611.2569,126.504
2025-03-06,28.649564743041992,7332100,0.056005866068271626,0.1633098041272989,-0.11874600674019975,0.10574035444468577,4.33,319.8683870967742,4.2,24.87,126.1099,4.29,56.225806451612904,66.62,130.21401977539062,563.0703735351562,-0.008591880117969297,-0.017751154831232574,67.03225806451613,9.838709677419354,10.516129032258064,-0.031883078827277256,54.14902877807617,-0.06184015233932416,62.20000076293945,-0.054782515436630486,86.2699966430664,-0.059616759651603624,13.25,-0.058641992796668374,6.099999904632568,2.063,97.38038064516128,1611.7672,126.1099
2025-03-07,28.329402923583984,27553900,0.09308851967370924,0.19988263465539013,-0.10568624052920517,0.15337533763071476,4.33,319.88506451612903,4.2,23.37,125.9814,4.32,56.07096774193548,67.29,131.73501586914062,566.2262573242188,0.01168073988018814,0.005604776840324233,66.83870967741936,9.806451612903226,10.419354838709678,-0.03056772096739635,52.49381637573242,-0.025080407623089718,60.63999938964844,-0.03929523034148508,82.87999725341797,-0.016603793738023342,13.029999732971191,0.00163938180953771,6.110000133514404,2.071,97.37849677419355,1612.2775000000001,125.9814
2025-03-10,27.339811325073242,14082400,0.14693264619938629,0.24367035290727923,-0.11650862097532888,0.19833569776896565,4.33,319.9350967741936,4.2,27.86,126.268,4.22,55.60645161290323,66.31,129.67434692382812,551.1444702148438,-0.01564253005715255,-0.026635619444153158,66.25806451612904,9.709677419354838,10.129032258064516,-0.055367805932429515,49.58734893798828,-0.08525722659931056,55.470001220703125,-0.06346518678991653,77.62000274658203,-0.040675344883551845,12.5,-0.096563034320022,5.519999980926514,2.006,97.37284516129031,1613.8084000000001,126.268
2025-03-11,29.619747161865234,41161500,0.06721581003315147,0.14233926393744767,-0.05930803737301893,0.13212526686688197,4.33,319.95177419354843,4.2,26.92,126.0457,4.28,55.45161290322581,66.52,127.682373046875,546.5628662109375,-0.015361356538184268,-0.008312891177371884,66.06451612903226,9.67741935483871,10.03225806451613,-0.07252135660010217,45.991207122802734,-0.03299083812480019,53.63999938964844,-0.020097979036170277,76.05999755859375,-0.0831999969482422,11.460000038146973,0.04166667026598092,5.75,2.039,97.37096129032258,1614.3187,126.0457
2025-03-12,29.375764846801758,21634500,0.11627900936806812,0.1425248716655625,-0.14318935839501457,0.11262452714406224,4.33,319.96845161290327,4.2,24.23,125.8664,4.32,55.29677419354839,67.65,127.67256927490234,549.4631958007812,-7.678250128584363e-05,0.005306488547146326,65.87096774193549,9.64516129032258,9.935483870967742,-0.029562920490076583,44.63157272338867,-0.005592827003619294,53.34000015258789,-0.047331035888448336,72.45999908447266,-0.046247795044238926,10.930000305175781,-0.036521745764690916,5.539999961853027,2.04,97.36907741935484,1614.829,125.8664
2025-03-13,30.254108428955078,19473900,0.10161301324825223,0.09451611809102411,-0.15516118973644089,0.0509678999936074,4.33,319.9851290322581,4.2,24.66,126.0031,4.27,55.14193548387097,66.82,126.36748504638672,542.1386108398438,-0.010222119253396889,-0.013330437810785023,65.6774193548387,9.612903225806452,9.838709677419354,-0.03046368178050085,43.27193069458008,-0.013873297269401896,52.599998474121094,-0.03532980390476337,69.9000015258789,-0.023787760441206562,10.670000076293945,-0.0072202097704795465,5.5,1.999,97.36719354838709,1615.3393,126.0031
2025-03-14,30.96654510498047,16207300,0.09769942054972747,0.05861960305475922,-0.19445319077067946,0.0,4.33,320.00180645161294,4.2,21.77,125.6942,4.31,54.98709677419355,67.43,128.6734619140625,553.3369750976562,0.018248182013191894,0.020655906135268243,65.48387096774194,9.580645161290322,9.741935483870968,0.06443535787131238,46.06017303466797,0.02547528881102834,53.939998626708984,0.05393414250027795,73.66999816894531,0.01874412444564877,10.869999885559082,0.018181800842285156,5.599999904632568,1.997,97.36530967741935,1615.8496,125.6942
2025-03-17,31.356922149658203,15046000,0.08434471459893866,0.045129037865924815,-0.19670100920568523,0.0021785202947581794,4.33,320.05183870967744,4.2,20.51,125.3688,4.31,54.52258064516129,67.84,130.4495391845703,557.6038818359375,0.013802980382186414,0.007711226486406764,64.90322580645162,9.483870967741936,9.451612903225806,0.0029946006417875815,46.19810485839844,0.02243238654015789,55.150001525878906,0.0033935116901548934,73.91999816894531,0.04139832695517942,11.319999694824219,0.012500030866691603,5.670000076293945,2.035,97.35965806451613,1617.3805,125.3688
2025-03-18,31.61066246032715,10328600,0.07039199869233803,-0.02469889292226779,-0.23247908311129162,-0.029329954201059993,4.33,320.0685161290323,4.2,21.7,125.488,4.29,54.36774193548387,67.49,129.40940856933594,551.5770874023438,-0.007973432652473522,-0.010808379622018083,64.70967741935483,9.451612903225806,9.35483870967742,-0.020686746339309225,45.24241638183594,-0.05095197272066143,52.34000015258789,-0.034902623037923464,71.33999633789062,-0.02208480624909437,11.069999694824219,-0.02292770946943079,5.539999961853027,2.03,97.35777419354838,1617.8908000000001,125.488
2025-03-19,32.79154968261719,13433600,0.023511919580349705,-0.051785703483483436,-0.26369049807191813,-0.06727905233391673,4.33,320.0851935483871,4.2,19.9,125.8006,4.25,54.21290322580646,67.4,131.12661743164062,557.5841674804688,0.013269582801505697,0.010890735339307511,64.51612903225806,9.419354838709678,9.258064516129032,0.039852098156935245,47.0454216003418,0.03400838315069943,54.119998931884766,0.04331376683354238,74.43000030517578,0.03703702427415645,11.479999542236328,0.02166062931143853,5.659999847412109,2.066,97.35589032258065,1618.4011,125.8006
2025-03-20,33.32831954956055,14059000,-0.00644227607324821,-0.15490489158582776,-0.2960468220756318,-0.07552725997871768,4.33,320.10187096774195,4.2,19.8,125.985,4.24,54.058064516129036,68.55,130.46917724609375,555.9718627929688,-0.005013781323914723,-0.0028915897931346413,64.3225806451613,9.387096774193548,9.161290322580646,-0.01675394835264854,46.257225036621094,-0.023466379948789196,52.849998474121094,-0.005239814430328837,74.04000091552734,-0.01916370401802614,11.260000228881836,-0.030035349978264292,5.489999771118164,2.084,97.3540064516129,1618.9114,125.985
2025-03-21,33.99195861816406,21663000,-0.035601565203885466,-0.257249527202308,-0.2894058303261171,-0.07942670165646404,4.33,320.1185483870968,4.2,19.28,126.2679,4.25,53.903225806451616,68.52,129.7724609375,556.1552734375,-0.005340083560729347,0.0003298919546212975,64.12903225806451,9.35483870967742,9.064516129032258,-0.003833893532059096,46.07987976074219,-0.00037836601028851113,52.83000183105469,0.011210181264066144,74.87000274658203,0.01154530300163481,11.390000343322754,-0.010928951781599139,5.429999828338623,2.082,97.35212258064516,1619.4217,126.2679
2025-03-24,34.001712799072266,16493500,-0.036165322895052254,-0.2548794532243507,-0.2675086064771418,-0.08026812605144307,4.33,320.1685806451613,4.2,17.48,126.1956,4.34,53.438709677419354,69.46,132.1790008544922,566.1151123046875,0.018544303618864166,0.01790837800678835,63.54838709677419,9.258064516129032,8.774193548387096,0.04511445942916481,48.158748626708984,0.024796470058490616,54.13999938964844,0.0714571694651811,80.22000122070312,0.038630339518931134,11.829999923706055,0.04419894208887176,5.670000076293945,2.091,97.34647096774194,1620.9526,126.1956
2025-03-25,33.83580017089844,9624800,-0.08883744621668999,-0.28612630740625666,-0.23680406392350173,-0.09084322940224931,4.33,320.1852580645162,4.2,17.15,126.0535,4.31,53.28387096774194,69.48,132.3759002685547,567.4760131835938,0.001489642173035044,0.002403929606058286,63.354838709677416,9.225806451612904,8.67741935483871,-0.004296398589824446,47.951839447021484,-0.0057258507958724,53.83000183105469,-0.016454745384416047,78.9000015258789,-0.027049847581399722,11.510000228881836,-0.019400376020153987,5.559999942779541,2.121,97.34458709677419,1621.4629,126.0535
2025-03-26,33.56254196166992,8862400,-0.0735679005034996,-0.16981681178884045,-0.2297178553977799,-0.07817684465458297,4.33,320.201935483871,4.2,18.33,126.2364,4.35,53.12903225806452,70.05,131.4998779296875,560.7012939453125,-0.006617687487601387,-0.011938335860707916,63.16129032258065,9.193548387096774,8.580645161290322,-0.0123278808192685,47.360694885253906,-0.0003715485246766903,53.810001373291016,-0.013054483642297998,77.87000274658203,-0.006081724335928684,11.4399995803833,-0.025179832360862853,5.420000076293945,2.124,97.34270322580645,1621.9732000000001,126.2364
2025-03-27,33.113609313964844,8042400,-0.1494252542527914,-0.2399056325336667,-0.2145593807938544,-0.046708359186197534,4.33,320.21861290322585,4.2,18.69,126.3626,4.38,52.9741935483871,70.3,130.80104064941406,559.2122802734375,-0.005314356874514425,-0.002655627315210407,62.96774193548387,9.161290322580646,8.483870967741936,-0.039941694625399204,45.46902847290039,-0.024344942201418474,52.5,-0.055733964481921805,73.52999877929688,-0.026223710495144603,11.140000343322754,-0.016605193970666954,5.329999923706055,2.111,97.34081935483871,1622.4835,126.3626
2025-03-28,32.78179168701172,10683700,-0.22983027968650904,-0.22030359979286795,-0.18844889481064286,-0.02867534371709013,4.33,320.2352903225807,4.2,21.65,126.4187,4.27,52.81935483870968,69.74,128.10411071777344,547.9506225585938,-0.02061856632218395,-0.02013843063199028,62.774193548387096,9.129032258064516,8.387096774193548,-0.05005422657269021,43.193111419677734,-0.04133329845610123,50.33000183105469,-0.044879579452576146,70.2300033569336,-0.039497353725069795,10.699999809265137,-0.022514050145735043,5.210000038146973,2.093,97.33893548387097,1622.9938000000002,126.4187
2025-03-31,32.772029876708984,10676700,-0.22692079412025923,-0.23883257472857322,-0.16736148367516623,0.0006665121637305926,4.33,320.2853225806452,4.2,22.28,126.7075,4.23,52.35483870967742,71.87,129.00965881347656,551.62890625,0.0070688449467335435,0.006712801372924737,62.193548387096776,9.03225806451613,8.096774193548388,-0.0054744336986871645,42.9566535949707,-0.02205445201606704,49.220001220703125,-0.01680194003663371,69.05000305175781,-0.014018656187300915,10.550000190734863,-0.07485601989060753,4.820000171661377,2.135,97.33328387096775,1624.5247000000002,126.7075
2025-04-01,30.829914093017578,17825800,-0.21652432968232505,-0.182969377039517,-0.0952833729095357,0.08216903078331916,4.33,320.302,4.2,21.77,126.4338,4.17,52.2,71.61,129.73802185058594,553.1870727539062,0.005645802367111541,0.002824664346360528,62.0,9.0,8.0,-0.02706425965619408,41.794063568115234,-0.0036570560892239534,49.040000915527344,-0.012310008196212308,68.19999694824219,-0.023696682036039474,10.300000190734863,-0.008298746976857507,4.78000020980835,2.123,97.3314,1625.035,126.4338
2025-04-02,31.093416213989258,10174700,-0.10389202979651768,-0.21971119326238253,-0.06308851634210844,0.07583917339721946,4.33,320.31260000000003,4.203333333333333,21.51,126.3811,4.2,52.2,72.12,130.9585418701172,556.6878051757812,0.00940757383318891,0.006328297594604848,62.0,8.933333333333334,8.0,0.02239508845467575,42.730045318603516,0.04282215405620393,51.13999938964844,0.04648102551596289,71.37000274658203,0.02815533558085659,10.59000015258789,0.054393251178351365,5.039999961853027,2.135,97.32862666666666,1625.5228351648352,126.3811
2025-04-03,28.165599822998047,18933600,-0.1063755757307262,-0.1427581956006161,0.04227302899202989,0.17826358245062646,4.33,320.32320000000004,4.206666666666667,30.02,124.7316,4.06,52.2,67.43,123.8717041015625,529.2537841796875,-0.054115124277905546,-0.04928080108999533,62.0,8.866666666666667,8.0,-0.10744757921425174,38.1388053894043,-0.10168167432540132,45.939998626708984,-0.15608803104437607,60.22999954223633,-0.10198299415908263,9.510000228881836,-0.17261902621904268,4.170000076293945,2.011,97.32585333333334,1626.0106703296703,124.7316
2025-04-04,25.247543334960938,23120200,0.012369585095819424,-0.07073824369660042,0.15345950406829845,0.32105379896205966,4.33,320.3338,4.21,45.31,125.8129,4.01,52.2,62.42,116.08604431152344,498.2696838378906,-0.06285260904827461,-0.05854299254528794,62.0,8.8,8.0,-0.03771617503307456,36.700355529785156,-0.03243356352438509,44.45000076293945,-0.04250375880371393,57.66999816894531,-0.005257643483857488,9.460000038146973,-0.05515587886461071,3.940000057220459,1.927,97.32308,1626.4985054945055,125.8129
2025-04-07,25.33537483215332,19196900,-0.01540822792505292,-0.046610213194531736,0.16640996073712988,0.3381698291346562,4.33,320.36560000000003,4.22,46.98,126.8282,4.15,52.2,61.05,115.5447006225586,497.3821716308594,-0.004663296886162405,-0.0017811884523963872,62.0,8.6,8.0,0.0010738216805334933,36.73976516723633,-0.013048409923499205,43.869998931884766,0.019074082256702818,58.77000045776367,0.02642706120421634,9.710000038146973,0.027918815207329084,4.050000190734863,1.907,97.31476,1627.962010989011,126.8282
2025-04-08,24.15448760986328,18258300,0.042828327558917856,0.03111117042227418,0.25535371861513845,0.5177806092716404,4.33,320.37620000000004,4.223333333333334,52.33,126.8668,4.26,52.2,60.04,114.5899429321289,489.5918273925781,-0.008263102377568332,-0.015662692960500824,62.0,8.533333333333333,8.0,-0.03781174109855889,35.35057067871094,-0.06519263004296338,41.0099983215332,-0.0445805497954298,56.150001525878906,-0.06591146661260872,9.069999694824219,-0.1111111765208691,3.5999999046325684,1.853,97.31198666666667,1628.4498461538462,126.8668
2025-04-09,27.86305809020996,28873500,-0.12924688465784473,-0.07320491883123437,0.09211900357516734,0.3080140169946237,4.33,320.3868,4.226666666666667,33.62,126.628,4.34,52.2,62.63,124.76741027832031,541.0084228515625,0.08881640993764583,0.10501930911064017,62.0,8.466666666666667,8.0,0.23383479336221025,43.616764068603516,0.22579864704281882,50.27000045776367,0.26144256288951184,70.83000183105469,0.22601987427901382,11.119999885559082,0.1916666876386719,4.289999961853027,1.947,97.30921333333333,1628.9376813186814,126.628
2025-04-10,25.16946792602539,13581000,-0.0407135468568246,0.027142364571216326,0.21248547860912925,0.4702240443162917,4.33,320.3974,4.23,40.72,125.089,4.4,52.2,60.57,121.54881286621094,517.3019409179688,-0.025796779823590188,-0.043819062573260736,62.0,8.4,8.0,-0.11091027510975504,38.77921676635742,-0.11458130264132305,44.5099983215332,-0.11407597941797731,62.75,-0.14478414327756084,9.510000228881836,-0.13986011887361505,3.690000057220459,1.884,97.30644,1629.4255164835165,125.089
2025-04-11,25.559844970703125,13413700,-0.08209238011091946,0.01756383239109538,0.1947307308861017,0.4258799527189583,4.33,320.408,4.233333333333333,37.56,124.0163,4.48,52.2,61.91,123.69453430175781,526.5320434570312,0.017653166534079334,0.01784277577362925,62.0,8.333333333333334,8.0,0.03861785158954012,40.27678680419922,0.028083577783359903,45.7599983215332,0.04541830237643185,65.5999984741211,0.016824378923376848,9.670000076293945,0.005420048947527345,3.7100000381469727,1.899,97.30366666666667,1629.9133516483516,124.0163
2025-04-14,24.94500160217285,12196600,-0.031690276269243145,0.06651022509312132,0.22769941043853725,0.4720427209364473,4.33,320.4398,4.243333333333333,30.89,123.6598,4.38,52.2,61.99,124.98394775390625,531.6401977539062,0.010424174838662426,0.009701506983955888,62.0,8.133333333333333,8.0,-0.014187865908187325,39.705345153808594,-0.016389860741036655,45.0099983215332,0.0013720117283335664,65.69000244140625,-0.009307151176609185,9.579999923706055,-0.0026954151914918567,3.700000047683716,1.922,97.29534666666666,1631.3768571428573,123.6598
2025-04-15,25.188983917236328,8975700,-0.011235940592514981,0.08330111381840855,0.23401794691344624,0.42115456871207213,4.33,320.4504,4.246666666666667,30.12,123.776,4.35,52.2,61.74,124.36385345458984,530.151123046875,-0.0049613915263532204,-0.0028009069165995104,62.0,8.066666666666666,8.0,0.013151440003274173,40.2275276184082,0.01821825239058472,45.83000183105469,0.019942114627903074,67.0,0.02818376408287282,9.850000381469727,-0.03783786570268233,3.559999942779541,1.917,97.29257333333334,1631.8646923076924,123.776
2025-04-16,24.261844635009766,11604600,0.06436033915834938,0.14963789074286127,0.31415912367374266,0.4770807740825336,4.33,320.461,4.25,32.64,123.2724,4.29,52.2,62.88,122.66104125976562,518.3668823242188,-0.013692179419689476,-0.022228078391931083,62.0,8.0,8.0,-0.005878010375134912,39.99106979370117,-0.025747332708509818,44.650001525878906,-0.00014928561538007923,66.98999786376953,-0.043654851626677815,9.420000076293945,-0.036516819694339286,3.430000066757202,1.952,97.2898,1632.3525274725275,123.2724
2025-04-17,24.144729614257812,11520700,0.07073581744608815,0.2065481445622932,0.3172998655795909,0.4984742619990912,4.33,320.4716,4.253333333333333,29.65,123.1298,4.34,52.2,65.07,123.33036041259766,519.1065063476562,0.005456656375634195,0.0014268350248789474,62.0,7.933333333333334,8.0,0.006405448451502371,40.247230529785156,0.01187007303884835,45.18000030517578,-0.010299967667037224,66.30000305175781,0.0042462804170979584,9.460000038146973,0.06997084689961675,3.6700000762939453,1.978,97.28702666666666,1632.8403626373627,123.1298
2025-04-21,23.461576461791992,10956100,0.10856889118543012,0.25124776200359933,0.35191331365899114,0.5550758689214359,4.33,320.514,4.266666666666667,33.82,122.3145,4.42,52.2,63.48,120.56451416015625,506.7503356933594,-0.022426321006347116,-0.02380276591259234,62.0,7.666666666666667,8.0,-0.0337821558456084,38.88759231567383,-0.033200530984240806,43.68000030517578,-0.015082955565165479,65.30000305175781,-0.041226251770623334,9.069999694824219,-0.021798408845108197,3.5899999141693115,1.947,97.27593333333333,1634.7917032967034,122.3145
2025-04-22,24.15448760986328,9964200,0.10141435013583489,0.20565665827641832,0.28323239556067525,0.5214379321138467,4.33,320.5246,4.27,30.57,122.4175,4.41,52.2,64.6,122.67089080810547,519.9348754882812,0.01747095040876734,0.026017821531153285,62.0,7.6,8.0,0.022042055692927276,39.744754791259766,0.028846115218179147,44.939998626708984,0.02557424335220393,66.97000122070312,0.026460940779241326,9.3100004196167,0.022284168255515047,3.6700000762939453,2.036,97.27316,1635.2795384615386,122.4175
2025-04-23,24.905961990356445,15331300,0.09561133772153352,0.186520463440629,0.22296239585899635,0.31079606463429754,4.33,320.53520000000003,4.273333333333333,28.45,123.0252,4.4,52.2,62.64,124.20635986328125,527.9915161132812,0.012516979741980627,0.015495480308824972,62.0,7.533333333333333,8.0,0.026276798905522147,40.789119720458984,0.026034757885978532,46.11000061035156,0.015827945935083187,68.02999877929688,0.0010740359566956403,9.319999694824219,0.05722071765160175,3.880000114440918,2.009,97.27038666666667,1635.7673736263737,123.0252
2025-04-24,25.823345184326172,22090000,0.08012094066934683,0.17422532308826355,0.1696901587798687,0.26232913086542675,4.33,320.5458,4.276666666666666,26.47,122.9251,4.32,52.2,63.55,126.99188995361328,539.105224609375,0.022426630112968304,0.02104902854861268,62.0,7.466666666666667,8.0,0.0149758389499004,41.39997100830078,-0.09976148835239163,41.5099983215332,0.01499344834284111,69.05000305175781,0.03111587675416727,9.609999656677246,0.015463902322123246,3.940000057220459,2.026,97.26761333333333,1636.2552087912088,122.9251
2025-04-25,25.85262680053711,10540100,0.1268401830809618,0.1770477125134884,0.23291805313503056,0.2347018515706767,4.33,320.5564,4.28,24.84,122.8858,4.29,52.2,63.85,126.98204040527344,543.0003662109375,-7.756045164331038e-05,0.007225197278295514,62.0,7.4,8.0,-0.010471351327045686,40.96645736694336,0.009636269382150342,41.90999984741211,-0.012310008196212308,68.19999694824219,0.014568194414604108,9.75,-0.015228411651818319,3.880000114440918,2.06,97.26483999999999,1636.743043956044,122.8858
2025-04-28,26.008773803710938,14991400,0.1287054615663965,0.17335844415201773,0.23414633287787523,0.17369908437082549,4.33,320.58820000000003,4.29,25.15,122.7176,4.23,52.2,63.3,127.40528106689453,543.2073974609375,0.003333074978715711,0.000381272763119167,62.0,7.2,8.0,0.009139024636210635,41.340850830078125,0.026485340357740528,43.02000045776367,0.009384155693352048,68.83999633789062,0.01025644938151049,9.850000381469727,0.04896908546814216,4.070000171661377,2.057,97.25652,1638.2065494505496,122.7176
2025-04-29,26.60409927368164,26757500,0.09464404393108516,0.14783560041037513,0.23661028906218085,0.13304588904239334,4.33,320.5988,4.293333333333333,24.17,122.5944,4.19,52.2,61.84,128.23207092285156,546.6292724609375,0.006489447290045414,0.006299389544388578,62.0,7.133333333333334,8.0,0.002860041324113771,41.45908737182617,0.01580660850627824,43.70000076293945,0.0013074371306383004,68.93000030517578,0.005076064479612397,9.899999618530273,0.027026941532620086,4.179999828338623,1.991,97.25374666666666,1638.6943846153847,122.5944
2025-04-30,27.287254333496094,15887100,0.08297570734175941,0.1223175254676585,0.19384833899281295,0.11259298299080545,4.33,320.6094,4.296666666666667,24.7,122.5921,4.17,52.2,59.55,129.1573028564453,546.8462524414062,0.007215292765180292,0.00039694175083582195,62.0,7.066666666666666,8.0,-0.010693992989304402,41.015724182128906,0.013043471049721811,44.27000045776367,-0.0015958306958443469,68.81999969482422,0.00505052451126109,9.949999809265137,0.04306227573395005,4.360000133514404,1.909,97.25097333333333,1639.1822197802198,122.5921
2025-05-01,27.892335891723633,15584000,0.08712393110404903,0.11441574269895072,0.15850257839767012,0.04869116853921973,4.33,320.62,4.3,24.6,123.1405,4.25,52.2,60.59,130.13174438476562,550.7217407226562,0.007544610384155881,0.007086979683865069,62.0,7.0,8.0,-0.0031226673000976923,40.88764572143555,0.002936549960943946,44.400001525878906,0.004940481964441634,69.16000366210938,0.008040193491417158,10.029999732971191,0.0045871514481794495,4.380000114440918,1.886,97.2482,1639.670054945055,123.1405
2025-05-02,29.131778717041016,13782100,0.04455603393131691,0.09447228725522372,0.09212730175686668,0.0023887870199787997,4.33,320.6462903225806,4.293548387096774,22.68,122.4962,4.33,52.4741935483871,59.67,132.4644775390625,558.8966674804688,0.017925934715818492,0.014844024038501491,62.29032258064516,6.967741935483871,8.0,0.06506005392010472,43.54779815673828,0.0583333347652768,46.9900016784668,0.07099473355587582,74.06999969482422,0.04885351324404552,10.520000457763672,0.0867580147288245,4.760000228881836,1.887,97.25888387096774,1640.15789010989,122.4962
2025-05-05,29.356245040893555,11880600,0.03956123550926449,0.08344405188781812,0.07280577958975964,0.00040841713540529234,4.33,320.7251612903226,4.274193548387097,23.64,122.2613,4.36,53.29677419354839,58.5,132.53335571289062,555.6918334960938,0.0005199746762887258,-0.005734215590911473,63.16129032258065,6.870967741935484,8.0,0.029638061093253842,44.838470458984375,0.035326660738826954,48.650001525878906,0.010665599011505655,74.86000061035156,0.01330792619358867,10.65999984741211,-0.0189075941723289,4.670000076293945,1.866,97.29093548387097,1641.6213956043957,122.2613
2025-05-06,29.122018814086914,9472100,0.048592560087632464,0.08914212921194697,0.08780164163390558,0.0013765098660134534,4.33,320.7514516129032,4.267741935483871,24.76,122.0417,4.3,53.57096774193548,60.42,131.37193298339844,551.047119140625,-0.008763248491256759,-0.00835843551316362,63.45161290322581,6.838709677419355,8.0,-0.015381139030550606,44.1488037109375,0.026515869689004656,49.939998626708984,-0.017900132999729923,73.5199966430664,-0.021575942357275335,10.430000305175781,-0.05781584079561353,4.400000095367432,1.864,97.3016193548387,1642.1092307692309,122.0417
2025-05-07,29.551433563232422,8138300,0.03632751672931467,0.04887706827563787,0.10568018948895985,-0.018156819954119996,4.33,320.7777419354839,4.261290322580645,23.55,122.117,4.26,53.84516129032259,59.42,132.04122924804688,553.364501953125,0.005094667098588079,0.004205416800135087,63.74193548387097,6.806451612903226,8.0,0.010935041764938536,44.63157272338867,0.004405310908147664,50.15999984741211,0.02489121211388512,75.3499984741211,0.01246405662868555,10.5600004196167,0.013636350336153846,4.460000038146973,1.819,97.31230322580645,1642.597065934066,122.117
2025-05-08,30.322425842285156,8522500,0.025104600141756528,0.004505876453450686,0.08046341844510185,-0.04117939443254748,4.33,320.8040322580645,4.254838709677419,22.48,122.7568,4.37,54.11935483870968,61.25,133.86215209960938,557.2203369140625,0.013790562704788067,0.006967983937040012,64.03225806451613,6.774193548387097,8.0,0.07152309605407714,47.823760986328125,0.052033505149347015,52.77000045776367,0.05388195448182631,79.41000366210938,0.04450750896575739,11.029999732971191,0.07399101365101379,4.789999961853027,1.901,97.3229870967742,1643.0849010989011,122.7568
2025-05-09,30.42977523803711,7154100,0.047787051821471804,-0.007376410354641649,0.10198855883233038,-0.06262561923474075,4.33,320.83032258064515,4.248387096774193,21.9,122.5191,4.37,54.39354838709678,62.37,133.97042846679688,556.51025390625,0.0008088646827291157,-0.00127433074633454,64.3225806451613,6.741935483870968,8.0,-0.004120298847098081,47.626712799072266,-0.014023150882082724,52.029998779296875,-0.02694883415632021,77.2699966430664,0.007252939768159328,11.109999656677246,0.018789176055248547,4.880000114440918,1.925,97.33367096774194,1643.5727362637363,122.5191
2025-05-12,30.517614364624023,12506900,0.042212824872270405,0.04445157221375795,0.07099447819405724,-0.011931923330841032,4.33,320.9091935483871,4.229032258064516,18.39,123.4863,4.45,55.21612903225807,63.32,138.09457397460938,574.9015502929688,0.03078399878996141,0.03304754271395138,65.19354838709677,6.645161290322581,8.0,0.05792292337952487,50.38539123535156,0.02882952210632883,53.529998779296875,0.01747128461454084,78.62000274658203,0.05040507983095499,11.670000076293945,-0.00819671330225158,4.840000152587891,1.968,97.36572258064515,1645.0362417582419,123.4863
2025-05-13,30.537132263183594,11198900,0.038670471895133174,0.05113448557836575,0.04122733358600472,-0.0045276614009572835,4.33,320.93548387096774,4.22258064516129,18.22,122.9583,4.49,55.49032258064516,65.04,139.05917358398438,578.6981811523438,0.006985065246317035,0.006603966987809073,65.48387096774194,6.612903225806452,8.0,0.03922350522719631,52.3616828918457,0.02521954641516788,54.880001068115234,0.05062319496945178,82.5999984741211,0.05398458528896488,12.300000190734863,0.018594973742430687,4.929999828338623,2.027,97.37640645161291,1645.524076923077,122.9583
2025-05-14,30.624963760375977,14419900,0.012109638452841631,0.07425116158447698,0.011153689757061658,-0.0160363834733791,4.33,320.96177419354837,4.216129032258064,18.62,122.6746,4.53,55.76451612903226,64.48,138.3898468017578,579.437744140625,-0.0048132515459134995,0.0012779770394448775,65.7741935483871,6.580645161290323,8.0,-0.04548027906425778,49.98025894165039,-0.013119555515487047,54.15999984741211,-0.043704608680865675,78.98999786376953,-0.03739837650518685,11.84000015258789,0.020284053742741337,5.03000020980835,2.051,97.38709032258065,1646.0119120879122,122.6746
2025-05-15,31.08365821838379,8258800,-0.020094265195432004,0.04803762262615052,0.010988913214744267,-0.005294171753711718,4.33,320.98806451612904,4.209677419354838,17.83,122.8174,4.45,56.038709677419355,63.03,139.92532348632812,582.267822265625,0.01109529868018333,0.004884179799500954,66.06451612903226,6.548387096774194,8.0,-0.0059312205556011355,49.683815002441406,-0.021787302594170277,52.97999954223633,-0.031016546581854376,76.54000091552734,-0.006756750225933805,11.760000228881836,-0.02186881290778231,4.920000076293945,1.99,97.39777419354839,1646.4997472527473,122.8174
2025-05-16,31.88392448425293,10105500,-0.052647589107173376,0.01346818407046646,-0.03764910767948926,-0.036109837076363394,4.33,321.01435483870966,4.203225806451613,17.24,123.0737,4.43,56.31290322580645,63.84,141.5198516845703,585.9559326171875,0.011395565566785892,0.00633404459345166,66.35483870967742,6.516129032258065,8.0,0.012728731816508798,50.316226959228516,0.01264631916631953,53.650001525878906,0.018160430794644133,77.93000030517578,0.008503352538192788,11.859999656677246,0.03048782378890147,5.070000171661377,1.976,97.40845806451613,1646.9875824175824,123.0737
2025-05-19,31.805849075317383,10637900,0.0021480711885903947,0.00030691871421573147,-0.038372935022645605,-0.02510268853717368,4.33,321.09322580645164,4.183870967741935,18.14,122.4186,4.46,57.13548387096775,63.98,142.0021514892578,586.596923828125,0.0034080010609569555,0.001093923920310047,67.2258064516129,6.419354838709677,8.0,0.0053024629007656365,50.58302688598633,-0.0011183853044640646,53.59000015258789,0.008854131126705855,78.62000274658203,0.0,11.859999656677246,-0.025641047345037582,4.940000057220459,1.968,97.44050967741936,1648.451087912088,122.4186
2025-05-20,31.718017578125,7045000,0.011999969211111683,-0.007076994350239008,-0.02859241381035582,-0.03509109421784673,4.33,321.11951612903226,4.177419354838709,18.09,122.3199,4.48,57.40967741935484,63.97,141.49034118652344,584.6246948242188,-0.003604243297490428,-0.003362153676216839,67.51612903225806,6.387096774193548,8.0,-0.023637566018858025,49.387367248535156,-0.022578822187486525,52.380001068115234,-0.029127459113792775,76.33000183105469,-0.017706580457507948,11.649999618530273,0.03643721179224069,5.119999885559082,1.974,97.4511935483871,1648.9389230769232,122.3199
2025-05-21,30.995820999145508,9982100,0.06139801536385714,0.02204035423131878,0.009558335723481415,-0.016092316305408194,4.33,321.1458064516129,4.170967741935484,20.87,121.7496,4.58,57.68387096774194,62.93,139.0985565185547,574.7733154296875,-0.016904225743690326,-0.016850775346555102,67.80645161290323,6.354838709677419,8.0,-0.03421361064470818,47.69764709472656,-0.04982818933045652,49.77000045776367,-0.039303025390200585,73.33000183105469,-0.03519312110190731,11.239999771118164,-0.052734372453414724,4.849999904632568,1.975,97.46187741935485,1649.4267582417583,121.7496
2025-05-22,30.459054946899414,17704200,0.06952902243721515,0.0727330417449914,0.026704836531205478,0.05603001055085821,4.33,321.17209677419356,4.164516129032258,20.28,122.0429,4.54,57.958064516129035,62.55,139.06898498535156,575.0001831054688,-0.0002125941055267644,0.00039470808698149895,68.09677419354838,6.32258064516129,8.0,0.004764927878670999,47.924922943115234,0.00683142755597177,50.11000061035156,0.036410720063756896,76.0,0.014234862159271389,11.399999618530273,0.0164948299544585,4.929999828338623,1.946,97.47256129032259,1649.9145934065934,122.0429
2025-05-23,30.205312728881836,9083300,0.0697900511123728,0.08465262966063447,0.01843166101540361,0.056777212177882896,4.33,321.1983870967742,4.158064516129032,22.29,121.3837,4.51,58.23225806451613,62.89,138.6162109375,571.0753173828125,-0.0032557514380309183,-0.0068258512570531504,68.38709677419355,6.290322580645161,8.0,-0.011958866313928285,47.3517951965332,0.011973627356075989,50.709999084472656,-0.017763137817382812,74.6500015258789,-0.01842105659421478,11.1899995803833,0.0,4.929999828338623,1.948,97.48324516129033,1650.4024285714286,121.3837
2025-05-27,31.874170303344727,13846200,-0.0018372060250447797,0.05205135823213647,-0.02934796300335496,0.028546227405558344,4.33,321.3035483870968,4.132258064516129,18.96,121.6099,4.43,59.329032258064515,61.61,141.05723571777344,582.9483032226562,0.017609951705966465,0.020790577842265234,69.54838709677419,6.161290322580645,8.0,0.030884986686123606,48.81425476074219,0.034904367772028655,52.47999954223633,0.04728732360538701,78.18000030517578,0.04021454690028148,11.640000343322754,0.09939153448620885,5.420000076293945,1.9,97.5259806451613,1652.3537692307693,121.6099
2025-05-28,32.0986328125,12112800,-0.01885075508077516,0.01824263553804495,-0.016564750886093327,0.01493202656758652,4.33,321.3298387096774,4.1258064516129025,19.31,121.9888,4.47,59.60322580645162,62.54,140.35842895507812,579.5757446289062,-0.004954065341911895,-0.005785347645933303,69.83870967741936,6.129032258064516,8.0,-0.016194365837045588,48.023738861083984,-0.016387206895065343,51.619998931884766,-0.008697880564356608,77.5,-0.018041239858505587,11.430000305175781,-0.03690042127066717,5.21999979019165,1.906,97.53666451612904,1652.8416043956045,121.9888
2025-05-29,32.898902893066406,13344400,-0.03708096356204882,-0.03352105980230169,-0.03213299707220918,-0.01602191494912597,4.33,321.3561290322581,4.119354838709677,19.18,121.5617,4.43,59.877419354838715,61.66,140.48635864257812,581.8636474609375,0.0009114499816818,0.003947547586719891,70.12903225806451,6.096774193548387,8.0,-0.0020576473284303898,47.924922943115234,0.00794265509290537,52.029998779296875,0.013806447675151157,78.56999969482422,-0.0026247319199040886,11.399999618530273,-0.030651312996745395,5.059999942779541,1.871,97.54734838709678,1653.3294395604396,121.5617
2025-05-30,32.57684326171875,19814600,0.0029957291859878943,-0.04943076110233657,0.0066620810920694495,-0.008704511943103288,4.33,321.3824193548387,4.112903225806451,18.57,121.7674,4.41,60.15161290322581,61.46,140.574951171875,581.2127685546875,0.0006306130371154239,-0.0011186107073198892,70.41935483870968,6.064516129032258,8.0,-0.0022680471289591164,47.816226959228516,-0.02114162021773469,50.93000030517578,0.011072963598844687,79.44000244140625,0.0008772130891636643,11.40999984741211,-0.0019762356043001583,5.050000190734863,1.846,97.55803225806453,1653.8172747252747,121.7674
2025-06-02,32.3133430480957,13046200,0.013892986322697087,-0.027484287398906515,0.03248921671507432,-0.02036555445096999,4.33,321.4594666666667,4.1066666666666665,18.36,121.1881,4.46,60.733333333333334,63.27,140.3977813720703,584.4866943359375,-0.0012603226842886617,0.005632921295571913,71.0,6.1,8.266666666666667,0.002273202860179735,47.924922943115234,-0.0005890198138056579,50.900001525878906,0.022532739935999135,81.2300033569336,-0.002629249200033601,11.380000114440918,0.04554455651218836,5.28000020980835,1.901,97.59573,1655.2807802197804,121.1881
2025-06-03,31.815610885620117,11261000,0.05398775087837371,-0.035582774493612135,0.051418290159978675,0.00302670003008898,4.33,321.4839333333333,4.113333333333333,17.69,121.4592,4.46,60.76666666666667,64.1,141.48048400878906,587.81982421875,0.007711679103029834,0.005702661694633404,71.0,6.2,8.533333333333333,0.006804141386877349,48.25101089477539,-0.0029469847029894858,50.75,-0.0018466271042706373,81.08000183105469,0.007908624928191665,11.470000267028809,-0.013257607742390154,5.210000038146973,1.944,97.61206,1655.7686153846155,121.4592
2025-06-04,31.493549346923828,9864300,0.03780606346170501,-0.02883714507721502,0.0537554908068163,-0.024639876354267787,4.33,321.5084,4.119999999999999,17.61,121.0539,4.37,60.800000000000004,63.57,141.55923461914062,587.6619262695312,0.0005566181859164576,-0.00026861623700524806,71.0,6.3,8.8,0.003071774970307306,48.399227142333984,0.007093608085745107,51.11000061035156,0.00666009994243133,81.62000274658203,-0.004359214435120107,11.420000076293945,-0.034548911136408234,5.03000020980835,1.913,97.62839000000001,1656.2564505494506,121.0539
2025-06-05,31.678979873657227,10255100,0.0036969917771239036,-0.02739535751565625,0.05285470586900076,-0.021936419785309247,4.33,321.5328666666667,4.126666666666666,18.48,120.9596,4.4,60.833333333333336,64.06,141.46080017089844,584.8218994140625,-0.0006953587203760714,-0.004832756264298466,71.0,6.4,9.066666666666666,-0.0028582312117051423,48.26089096069336,-0.007826286853886089,50.709999084472656,-0.015559963608480998,80.3499984741211,-0.013134817646949792,11.270000457763672,-0.029821091274496614,4.880000114440918,1.928,97.64472,1656.7442857142858,120.9596
2025-06-06,32.674434661865234,9190600,-0.05226990381192631,-0.04230662944562935,0.03760124883732896,-0.04206700277056308,4.33,321.55733333333336,4.133333333333333,16.77,121.161,4.51,60.86666666666667,65.3,142.6517791748047,590.8274536132812,0.0084191451092277,0.010269030973764526,71.0,6.5,9.333333333333334,0.043202348406326196,50.34587478637695,0.03529877633295886,52.5,0.04828879846291678,84.2300033569336,0.04525281761246003,11.779999732971191,0.026639367088582944,5.010000228881836,1.957,97.66105,1657.2321208791209,121.161
2025-06-09,32.762271881103516,9748100,-0.040810296825975145,-0.04547342920413999,0.1190070412146198,-0.06632758269174366,4.33,321.63073333333335,4.153333333333333,17.16,120.9103,4.49,60.96666666666667,65.99,142.52381896972656,591.3599853515625,-0.0008970109298204187,0.0009013320810069558,71.0,6.8,10.133333333333333,0.004906776995589279,50.59291076660156,-0.014666675385974659,51.72999954223633,-0.009022938453532747,83.47000122070312,-0.0016977508100767258,11.760000228881836,-0.00798411913428454,4.96999979019165,1.976,97.71004,1658.6956263736265,120.9103
2025-06-10,33.53326416015625,10755400,-0.0849825107524631,-0.08264084680083505,0.08683933554055367,-0.08426207752330228,4.33,321.6552,4.159999999999999,16.95,121.0485,4.47,61.0,65.66,141.90371704101562,594.7128295898438,-0.004350865232166212,0.005669717805285801,71.0,6.9,10.4,0.009374989632522368,51.06721878051758,-0.0028996271507633065,51.58000183105469,-0.0032347462383164327,83.19999694824219,0.006802714468455484,11.84000015258789,0.014084542176344472,5.039999961853027,1.965,97.72637,1659.1834615384616,121.0485
2025-06-11,32.68419647216797,11325800,-0.06421547424441232,-0.053404040118740004,0.13219111747175472,-0.04205111224764435,4.33,321.67966666666666,4.166666666666666,17.26,120.587,4.41,61.03333333333334,68.91,141.97264099121094,593.0166625976562,0.00048570926563806793,-0.002852077351950366,71.0,7.0,10.666666666666666,-0.048568140724951525,48.586978912353516,-0.047111287687329195,49.150001525878906,-0.05492788296214923,78.62999725341797,-0.06587835497626282,11.0600004196167,-0.03571425192480426,4.860000133514404,2.018,97.7427,1659.6712967032968,120.587
2025-06-12,31.796096801757812,10415800,-0.0309778245302188,-0.007207483579191543,0.1462183791161198,-0.017157087401843518,4.33,321.70413333333335,4.173333333333333,18.02,120.1723,4.36,61.06666666666667,68.73,141.5985870361328,595.37353515625,-0.002634690405606266,0.003974378305442006,71.0,7.1,10.933333333333334,-0.00589787768263339,48.300418853759766,0.009969437407067794,49.63999938964844,-0.015261312350993705,77.43000030517578,-0.01446661799421256,10.899999618530273,-0.024691431913493544,4.739999771118164,2.02,97.75903000000001,1660.159131868132,120.1723
2025-06-13,30.96654510498047,12160600,0.010512776165250814,0.028263322071514496,0.18579931689960238,0.0018406089216962407,4.33,321.7286,4.18,20.82,120.3245,4.41,61.1,73.84,140.40762329101562,588.7171630859375,-0.008410844839950804,-0.0111801611547373,71.0,7.2,11.2,-0.03764315356629633,46.48223876953125,-0.043916203303386525,47.459999084472656,-0.04429807944797981,74.0,-0.04862383041465235,10.369999885559082,-0.05696202404305617,4.46999979019165,2.202,97.77536,1660.646967032967,120.3245
2025-06-16,31.425233840942383,10310300,-0.004861532982197714,0.043552229372003426,0.13913041208802723,-0.008385048852949994,4.33,321.802,4.199999999999999,19.11,120.1565,4.46,61.2,72.53,141.37222290039062,594.3182983398438,0.0068699945684267405,0.009514136167775744,71.0,7.5,12.0,0.05144537892366374,48.87353515625,0.028023637941658075,48.790000915527344,0.06108103571711365,78.5199966430664,0.05110894299133517,10.899999618530273,0.02237145104327598,4.570000171661377,2.197,97.82435000000001,1662.1104725274727,120.1565
2025-06-17,30.683523178100586,12669000,0.0025591466601952995,0.08733205308658176,0.16794619855544246,0.03327823087992221,4.33,321.82646666666665,4.206666666666666,21.6,120.5048,4.39,61.233333333333334,75.62,140.30918884277344,589.2399291992188,-0.007519398335882332,-0.008544864182729706,71.0,7.6,12.266666666666666,-0.04326718339444313,46.758914947509766,-0.04283664917749064,46.70000076293945,-0.061767685703911224,73.66999816894531,-0.03119258814794512,10.5600004196167,-0.07877464332425399,4.210000038146973,2.304,97.84068,1662.5983076923078,120.5048
2025-06-18,30.585365295410156,8961500,0.011553337149855958,0.09370984700234608,0.1829270482939771,0.041435274396746324,4.33,321.85093333333333,4.213333333333333,20.14,120.7305,4.38,61.26666666666667,75.89,139.97454833984375,589.1510009765625,-0.0023850220052563653,-0.00015092022493634616,71.0,7.7,12.533333333333333,0.00507180502104454,46.99606704711914,0.0036402176909646755,46.869998931884766,0.008551715738715382,74.30000305175781,0.0018938923574476352,10.579999923706055,-0.026128297510139897,4.099999904632568,2.35,97.85701,1663.086142857143,120.7305
2025-06-20,30.81112289428711,17650900,0.02453023424309486,0.07709480966270554,0.1841350777044457,0.041813550682677114,4.33,321.89986666666664,4.226666666666667,20.62,121.0408,4.38,61.333333333333336,75.72,140.13201904296875,587.7673950195312,0.0011249952580141276,-0.002348474253184407,71.0,7.9,13.066666666666666,-0.007569317429422351,46.64033889770508,0.0023469300801868265,46.97999954223633,-0.00040385474372728325,74.2699966430664,0.0037807147581732092,10.619999885559082,-0.02195114093759909,4.010000228881836,2.349,97.88967,1664.0618131868132,121.0408
2025-06-23,31.292089462280273,10929000,0.01756587974436541,0.06587203380310469,0.17440395678013498,0.018860949428037843,4.33,321.97326666666663,4.246666666666666,19.83,121.1694,4.34,61.43333333333334,69.36,142.02955627441406,593.5730590820312,0.01354106823268908,0.009877485739587577,71.0,8.2,13.866666666666667,0.022245723116660177,47.677886962890625,0.015964240257723583,47.72999954223633,0.03635390736063515,76.97000122070312,0.02636532353940324,10.899999618530273,0.022443808133105314,4.099999904632568,2.132,97.93866,1665.5253186813188,121.1694
2025-06-24,31.272459030151367,10884400,0.048650277281799825,0.08411795111850462,0.0439421131358535,0.05232671221701923,4.33,321.9977333333333,4.253333333333333,17.48,120.3645,4.3,61.46666666666667,65.45,143.2143096923828,600.13037109375,0.008341597686045699,0.011047186039507384,71.0,8.3,14.133333333333333,0.027150278850086584,48.972354888916016,0.038340704978120144,49.560001373291016,0.026633693515024648,79.0199966430664,0.043119292062157255,11.369999885559082,0.04146343420687959,4.269999980926514,2.11,97.95499,1666.013153846154,120.3645
2025-06-25,30.762046813964844,7059800,0.08455651390622565,0.19176767212056012,0.05966813845983299,0.06080279897808638,4.33,322.0222,4.26,16.76,120.3336,4.29,61.5,65.98,141.95059204101562,600.4666137695312,-0.008823962173064914,0.0005602827185173798,71.0,8.4,14.4,-0.025221982972328028,47.73717498779297,-0.01815983658071363,48.65999984741211,-0.02897992132898608,76.7300033569336,-0.02726468505387669,11.0600004196167,-0.01405150891043383,4.210000038146973,2.128,97.97132,1666.500989010989,120.3336
2025-06-26,30.93872833251953,6318900,0.08121816896375789,0.17798217646918113,0.031725862663774196,0.018693339738276915,4.33,322.0466666666667,4.266666666666667,16.59,119.6451,4.26,61.53333333333334,66.44,143.49073791503906,605.1646118164062,0.010849872845746455,0.007823912169541813,71.0,8.5,14.666666666666666,0.013661723568472839,48.389347076416016,0.007192734796930056,49.0099983215332,0.01068681948324346,77.55000305175781,0.006329086091177993,11.130000114440918,0.0,4.210000038146973,2.199,97.98765,1666.9888241758242,119.6451
2025-06-27,31.566926956176758,21619300,0.05130602656977179,0.1722635205784402,-0.03296022316640912,0.01718212892309623,4.33,322.0711333333333,4.273333333333333,16.32,119.659,4.29,61.56666666666667,66.66,144.9222869873047,608.1712036132812,0.009976595653952591,0.004968221436231435,71.0,8.6,14.933333333333334,0.012660882238887838,49.00199890136719,0.007345452411358089,49.369998931884766,0.021018661370394653,79.18000030517578,0.013477054536203736,11.279999732971191,0.016627119008812974,4.28000020980835,2.107,98.00398,1667.4766593406594,119.659
2025-06-30,31.84176254272461,9701000,0.04747226201302546,0.14457453444760104,-0.05332924729670463,0.015532290331751186,4.33,322.1445333333333,4.293333333333333,16.73,119.4088,4.24,61.66666666666667,66.3,145.64300537109375,611.0790405273438,0.004973136974109504,0.004781280167141189,71.0,8.9,15.733333333333333,-0.008267902266771876,48.59685516357422,0.002228086139992147,49.47999954223633,0.005683214782872037,79.62999725341797,-0.005319101716554586,11.220000267028809,-0.011682286982201417,4.230000019073486,2.177,98.05297,1668.940164835165,119.4088
2025-07-01,32.79387283325195,15871600,0.03382221375904315,0.11972465768036789,-0.07422926682360254,-0.03953602287943181,4.33,322.169,4.3,16.83,119.3436,4.26,61.7,66.64,146.12677001953125,610.88134765625,0.003321578315449436,-0.0003235144031829007,71.0,9.0,16.0,-0.0036599914564090508,48.41899108886719,0.014753426616610943,50.209999084472656,0.005274467070533806,80.05000305175781,0.026737984277633853,11.520000457763672,0.03546101529339629,4.380000114440918,2.152,98.0693,1669.428,119.3436
2025-07-02,33.36317825317383,9172200,0.09885253266166294,0.07296251285022315,-0.1232715870887543,-0.044978611260037105,4.33,322.20519354838706,4.3,16.64,119.3037,4.3,61.587096774193554,68.66,146.2748565673828,613.6505737304688,0.0010134114908020297,0.004533165212595502,70.87096774193549,8.935483870967742,15.903225806451612,0.02306135755629901,49.53559875488281,0.013343995137609532,50.880001068115234,0.011992492790436904,81.01000213623047,0.009548580929362283,11.630000114440918,0.02054787063909025,4.46999979019165,2.238,98.06977419354838,1669.7744565217392,119.3037
2025-07-03,33.451515197753906,3733400,0.08949535836801759,0.07130287050664408,-0.12705394182354113,-0.046615256683856576,4.33,322.2413870967742,4.3,16.38,119.2382,4.35,61.4741935483871,68.13,147.51882934570312,618.4869995117188,0.00850435138008332,0.007881400243543668,70.74193548387096,8.870967741935484,15.806451612903226,0.014562056330696072,50.25693893432617,0.0033411589107030792,51.04999923706055,0.016664590032362536,82.36000061035156,0.005159025395699013,11.6899995803833,-0.002237081099336957,4.460000038146973,2.192,98.07024838709677,1670.1209130434784,119.2382
2025-07-07,33.186500549316406,8574800,0.11505450454168109,0.09021003393013194,-0.11505479190982804,-0.032755945589485136,4.33,322.38616129032255,4.3,17.79,119.6201,4.4,61.02258064516129,69.16,147.00543212890625,613.8780517578125,-0.003480214824602146,-0.007451971921066947,70.2258064516129,8.612903225806452,15.419354838709678,-0.016909185926963,49.407135009765625,-0.009402537696569957,50.56999969482422,-0.01517727040719441,81.11000061035156,-0.008554271290412752,11.59000015258789,-0.03587440494251337,4.300000190734863,2.24,98.07214516129032,1671.5067391304349,119.6201
2025-07-08,33.353363037109375,7706500,0.0927015215161544,0.09387864012377811,-0.12566221499593289,-0.03581931206498534,4.33,322.4223548387097,4.3,16.81,119.8371,4.42,60.90967741935484,69.55,146.96597290039062,613.541748046875,-0.00026842020695549973,-0.0005478347205516432,70.09677419354838,8.548387096774194,15.32258064516129,0.01039995725685361,49.92096710205078,-0.010084997520484529,50.060001373291016,0.0012328747795413708,81.20999908447266,-0.0008628325064864439,11.579999923706055,0.002325523628167181,4.309999942779541,2.266,98.07261935483871,1671.853195652174,119.8371
2025-07-09,33.90303421020508,9786300,0.0830920856391526,0.08396061109356467,-0.14418062629022832,-0.05698332608905765,4.33,322.45854838709676,4.3,15.94,119.7311,4.34,60.79677419354839,69.61,147.9927215576172,617.2210083007812,0.006986301910323567,0.00599675615492945,69.96774193548387,8.483870967741936,15.225806451612904,0.00356306607077439,50.098838806152344,-0.006592125888968847,49.72999954223633,-0.012683152209194026,80.18000030517578,-0.008635611582778147,11.479999542236328,-0.018561467463607983,4.230000019073486,2.233,98.07309354838709,1672.1996521739131,119.7311
2025-07-10,36.66121292114258,23739200,-0.02356095931155422,-0.10950472279482992,-0.2069611343489638,-0.12631495267112058,4.33,322.49474193548383,4.3,15.78,119.8343,4.35,60.68387096774194,67.78,148.822021484375,618.9617919921875,0.005603653463693847,0.0028203571621754353,69.83870967741936,8.419354838709678,15.129032258064516,0.11992102403771843,56.10674285888672,0.0894832254957092,54.18000030517578,0.14330254203089376,91.66999816894531,0.12717770874253542,12.9399995803833,0.07801416600899591,4.559999942779541,2.215,98.07356774193548,1672.5461086956523,119.8343
2025-07-11,36.44527053833008,10378100,-0.01669808661564598,-0.10557500600016179,-0.21734449218639196,-0.1419927173264891,4.33,322.53093548387096,4.3,16.4,119.9214,4.43,60.57096774193548,69.63,148.2888946533203,616.7858276367188,-0.0035823114464995642,-0.0035155067463294998,69.70967741935483,8.35483870967742,15.03225806451613,-0.0022894951511573947,55.97828674316406,-0.03026946069418479,52.540000915527344,-0.04341655729286742,87.69000244140625,-0.055641370687986136,12.220000267028809,-0.03728071895332574,4.389999866485596,2.284,98.07404193548388,1672.8925652173914,119.9214
2025-07-14,37.004756927490234,10601000,-0.022280947263435436,-0.13740046337459377,-0.18514582898436438,-0.1653680323073632,4.33,322.63951612903224,4.3,17.2,120.2209,4.43,60.23225806451613,68.19,149.08859252929688,617.9627685546875,0.005392837257612193,0.0019081841138897104,69.3225806451613,8.161290322580646,14.741935483870968,0.025772210217922753,57.42097091674805,0.0074229041273803364,52.93000030517578,0.014254760693332535,88.94000244140625,0.01309327691618889,12.380000114440918,-0.0022778479154449416,4.380000114440918,2.206,98.07546451612903,1673.9319347826088,120.2209
2025-07-15,36.44527053833008,9849600,0.0010772553935776141,-0.1624023213953576,-0.16590355842828308,-0.13603431851821068,4.33,322.6757096774193,4.3,17.38,120.5105,4.5,60.11935483870968,67.76,147.97299194335938,615.3220825195312,-0.007482803124043702,-0.004273212189356279,69.19354838709677,8.096774193548388,14.64516129032258,-0.041300939913023416,55.04943084716797,-0.02437182898336765,51.63999938964844,-0.02878350705774735,86.37999725341797,-0.016962846220171968,12.170000076293945,-0.00456620557167875,4.360000133514404,2.225,98.07593870967742,1674.278391304348,120.5105
2025-07-16,36.72010803222656,8705800,0.0008018943780752075,-0.17909649701286812,-0.17936379513889322,-0.10164185250794833,4.33,322.71190322580645,4.3,17.16,120.4175,4.46,60.00645161290323,67.13,148.49623107910156,617.3792114257812,0.0035360448475791895,0.0033431741923299896,69.06451612903226,8.03225806451613,14.548387096774194,-0.0026924903668370526,54.90121078491211,0.00019368970466082658,51.650001525878906,0.02419546230307912,88.47000122070312,0.008216958162927002,12.270000457763672,0.036697211585436484,4.519999980926514,2.217,98.0764129032258,1674.624847826087,120.4175
2025-07-17,35.79743957519531,15297200,-0.0880175411899552,-0.15190560954057952,-0.13627632702350068,-0.07462667640229992,4.33,322.7480967741935,4.3,16.52,120.6384,4.47,59.89354838709678,68.76,149.86854553222656,621.1573486328125,0.009241409314920457,0.006119637877514572,68.93548387096774,7.967741935483871,14.451612903225806,0.01403881858721312,55.671958923339844,0.02846074274110766,53.119998931884766,0.031083982842270652,91.22000122070312,0.014669873250703347,12.449999809265137,0.011061989147312934,4.570000171661377,2.291,98.0768870967742,1674.9713043478262,120.6384
2025-07-18,35.83670425415039,8191300,-0.09038619591272523,-0.18378525792609768,-0.14242668779419865,-0.08307724929497717,4.33,322.78429032258066,4.3,16.41,120.356,4.44,59.78064516129032,68.53,149.5328826904297,620.7025146484375,-0.002239715082339888,-0.0007322363413652111,68.80645161290323,7.903225806451613,14.35483870967742,-0.0008874837519622369,55.62255096435547,0.0005648078802225065,53.150001525878906,0.011291369935468865,92.25,0.004819310886418515,12.510000228881836,-0.03501101055563005,4.409999847412109,2.276,98.07736129032259,1675.3177608695653,120.356
2025-07-21,36.18025588989258,9188800,-0.1177429403558693,-0.19289215585490205,-0.14297353654202138,-0.08550902916008618,4.33,322.89287096774194,4.3,16.65,119.9961,4.38,59.44193548387097,68.39,148.74305725097656,621.87939453125,-0.005281951536293628,0.0018960449732978724,68.41935483870968,7.709677419354839,14.064516129032258,-0.004441223231305025,55.375518798828125,-0.010159941674967143,52.61000061035156,0.001083994299415636,92.3499984741211,-0.01518789213280447,12.319999694824219,-0.011337803997214624,4.360000133514404,2.317,98.07878387096774,1676.3571304347827,119.9961
2025-07-22,36.48453140258789,10725300,-0.16330365704359417,-0.19504969625795188,-0.16115141243894815,-0.06851633502892718,4.33,322.929064516129,4.3,16.5,119.681,4.35,59.32903225806452,67.56,149.0984649658203,621.9683837890625,0.002389407085024997,0.00014309729281114514,68.29032258064517,7.645161290322581,13.967741935483872,-0.006602412726055329,55.00990676879883,0.008553521340406656,53.060001373291016,-0.01700053839485638,90.77999877929688,0.014610414743062128,12.5,0.02064212683364941,4.449999809265137,2.308,98.07925806451613,1676.7035869565218,119.681
2025-07-23,36.74955368041992,12692500,-0.17975424747046165,-0.2064636807864081,-0.1701388618569757,-0.06851902311423208,4.33,322.96525806451615,4.3,15.37,119.5697,4.4,59.21612903225807,66.05,151.7739715576172,627.2597045898438,0.017944561618459476,0.008507379054456532,68.16129032258064,7.580645161290323,13.870967741935484,0.005568524346249104,55.31623077392578,0.015454196637789464,53.880001068115234,-0.003855458017486879,90.43000030517578,0.014400024414062518,12.680000305175781,0.04044950851481177,4.630000114440918,2.305,98.07973225806452,1677.050043478261,119.5697
2025-07-24,32.646636962890625,44107100,-0.07005405392773179,-0.11124464251494492,-0.014732324389001294,0.020730253840796742,4.33,323.0014516129032,4.3,15.39,119.5664,4.43,59.10322580645162,67.16,151.5172882080078,627.4674682617188,-0.0016912211426972634,0.00033122432439824934,68.03225806451613,7.516129032258065,13.774193548387096,-0.02268672015606288,54.06128692626953,-0.056607260144719174,50.83000183105469,-0.007740760210990794,89.7300033569336,-0.09621452978442147,11.460000038146973,-0.05831532921227944,4.360000133514404,2.264,98.08020645161291,1677.3965,119.5664
2025-07-25,32.59756088256836,16999800,-0.10267990832339113,-0.10809993382292282,-0.02077685218287806,-0.04162473793935928,4.33,323.0376451612903,4.3,14.93,119.9857,4.4,58.99032258064516,66.38,153.01795959472656,630.1181030273438,0.009904291480313354,0.004224338152491125,67.90322580645162,7.451612903225806,13.67741935483871,0.0027418454143082194,54.20951461791992,0.02616561023896824,52.15999984741211,0.015379440563804803,91.11000061035156,0.0034903980558358416,11.5,0.0045871514481794495,4.380000114440918,2.253,98.0806806451613,1677.7429565217392,119.9857
2025-07-28,31.920286178588867,15894400,-0.08517836686888647,-0.10639611559265638,0.027060266119356635,-0.004282652431312872,4.33,323.1462258064516,4.3,15.03,120.6149,4.42,58.65161290322581,67.81,152.54405212402344,629.9598388671875,-0.003097070905652366,-0.0002511658677887274,67.51612903225806,7.258064516129032,13.387096774193548,0.013671107944795757,54.950618743896484,0.041602798887857784,54.33000183105469,0.014487978114163802,92.43000030517578,0.006956515104874272,11.579999923706055,-0.00456620557167875,4.360000133514404,2.265,98.08210322580645,1678.7823260869566,120.6149
2025-07-29,30.526473999023438,13281700,-0.03794212736987168,-0.012218688252374488,0.06720253546091315,0.04279771196696158,4.33,323.1824193548387,4.3,15.98,120.9674,4.34,58.538709677419355,70.27,150.80645751953125,628.2982788085938,-0.01139077256895904,-0.0026375650574512743,67.38709677419355,7.193548387096774,13.290322580645162,-0.0199604650476658,53.85377883911133,-0.003313092197852585,54.150001525878906,-0.019257803455802858,90.6500015258789,-0.013816912648208612,11.420000076293945,0.06651375068176235,4.650000095367432,2.311,98.08257741935485,1679.1287826086957,120.9674
2025-07-30,30.143665313720703,11884200,-0.03256272066460297,0.008466294717742295,0.0739171607727227,0.018055978621057234,4.33,323.2186129032258,4.3,15.48,121.4042,4.38,58.42580645161291,71.09,150.0659942626953,627.5070190429688,-0.004910023542858188,-0.0012593696215839056,67.25806451612904,7.129032258064516,13.193548387096774,-0.016513823854103937,52.964447021484375,-0.015143114897833043,53.33000183105469,-0.004522930559381466,90.23999786376953,0.007880923991823385,11.510000228881836,-0.03440867117587121,4.489999771118164,2.167,98.08305161290323,1679.4752391304348,121.4042
2025-07-31,30.359607696533203,13500800,-0.044293529920944485,-0.007436117130813047,0.0636921946842588,-0.0031656365217502813,4.33,323.2548064516129,4.3,16.72,121.721,4.37,58.31290322580645,70.36,150.07586669921875,625.1531982421875,6.578729959394458e-05,-0.003751066887460741,67.12903225806451,7.064516129032258,13.096774193548388,-0.003781894270310282,52.76414108276367,-0.006937984884271553,52.959999084472656,-0.021387415235640805,88.30999755859375,-0.0017376591977370515,11.489999771118164,-0.011135794308794189,4.440000057220459,2.148,98.08352580645162,1679.821695652174,121.721
2025-08-01,29.250446319580078,12572500,-0.006040236421547718,0.057046981616308834,0.08221473118401579,0.015398882786770596,4.33,323.291,4.3,20.38,121.2122,4.23,58.2,68.39,147.83474731445312,614.9066162109375,-0.014933242992740903,-0.016390513653391614,67.0,7.0,13.0,-0.03871454791540918,50.72140121459961,-0.030022662010469436,51.369998931884766,-0.04235078662852454,84.56999969482422,-0.040034816998278044,11.029999732971191,-0.03828830497816915,4.269999980926514,2.039,98.084,1680.168152173913,121.2122
2025-08-04,29.20136833190918,7020300,-0.023193317642860034,0.05243702337705458,0.09282232371192878,0.02420383846376284,4.319354838709677,323.38332258064514,4.309677419354839,17.52,120.9859,4.22,57.900000000000006,67.33,149.19720458984375,624.2530517578125,0.009216082823158,0.015199764160073403,66.41935483870968,6.806451612903226,12.612903225806452,0.026784045589788086,52.079925537109375,0.023554660781176073,52.58000183105469,0.028851867686072286,87.01000213623047,0.02175890576634054,11.270000457763672,0.016393482897905765,4.340000152587891,2.057,98.08044838709678,1681.2075217391305,120.9859
2025-08-05,29.368234634399414,9324500,0.026737933183970553,0.055815480171896414,0.04594479605112878,0.022753822346650132,4.315806451612903,323.4140967741935,4.312903225806451,17.85,120.9082,4.22,57.800000000000004,66.2,148.89112854003906,621.0880737304688,-0.0020514864916277853,-0.005070024116712868,66.2258064516129,6.741935483870968,12.483870967741936,0.006664010242857676,52.42698669433594,0.011411153541777352,53.18000030517578,0.007470423053905995,87.66000366210938,0.03283051202577347,11.640000343322754,0.004608290374042534,4.360000133514404,2.0,98.07926451612903,1681.5539782608696,120.9082
2025-08-06,29.162105560302734,8836000,0.04241000037804121,0.04947832287354159,0.06247665857693541,0.004258849072772408,4.312258064516129,323.4448709677419,4.316129032258065,16.77,120.5082,4.22,57.7,65.38,149.0095977783203,625.8455200195312,0.0007956769449120049,0.007659857740445197,66.03225806451613,6.67741935483871,12.35483870967742,0.02364302335226598,53.66651916503906,0.015419324748375596,54.0,0.013803320031067656,88.87000274658203,0.008591015880233588,11.739999771118164,-0.0045871514481795606,4.340000152587891,2.004,98.0780806451613,1681.9004347826087,120.5082
2025-08-07,29.014873504638672,6313300,0.03856562024434407,0.05108252285179948,0.07875428522595418,0.07569258783275212,4.308709677419355,323.47564516129034,4.319354838709677,16.57,120.5043,4.23,57.6,64.9,148.79241943359375,625.3212890625,-0.0014574789004507815,-0.0008376363499652539,65.83870967741936,6.612903225806452,12.225806451612904,-0.009054007447636403,53.18062210083008,-0.01388888888888884,53.25,-0.010014620931050544,87.9800033569336,-0.0008518082688926398,11.729999542236328,-0.004608290374042534,4.320000171661377,2.011,98.07689677419356,1682.2468913043479,120.5043
2025-08-08,29.073766708374023,7086000,0.06347059544013134,0.10634705298363634,0.05212475186194965,0.06977911933108816,4.30516129032258,323.5064193548387,4.32258064516129,15.15,120.3329,4.27,57.5,64.94,148.910888671875,630.1972045898438,0.0007962047981491249,0.007797456463786601,65.64516129032258,6.548387096774194,12.096774193548388,0.0001864287742734394,53.19053649902344,-0.018215985365316878,52.279998779296875,0.014889719352238595,89.29000091552734,-0.009377635206307522,11.619999885559082,0.0023147573257693566,4.329999923706055,2.021,98.0757129032258,1682.593347826087,120.3329
2025-08-11,28.524091720581055,7961200,0.07742610936834549,0.11906407016484755,0.07655247910057739,0.12292282116845255,4.294516129032258,323.5987419354839,4.332258064516129,16.25,120.6892,4.27,57.2,65.03,148.42710876464844,628.9509887695312,-0.003248787993553437,-0.0019775013459851776,65.06451612903226,6.354838709677419,11.709677419354838,-0.002610018374047396,53.05170822143555,-0.02180565065544493,51.13999938964844,0.0004479887458528342,89.33000183105469,-0.003442337542768681,11.579999923706055,-0.013856799962293498,4.269999980926514,2.04,98.07216129032258,1683.6327173913044,120.6892
2025-08-12,30.153480529785156,12196500,0.02832032015974595,0.08723958366278484,0.038347451355256634,0.06911825765248736,4.290967741935484,323.62951612903225,4.335483870967742,14.73,120.2736,4.29,57.1,64.22,149.96726989746094,635.6467895507812,0.010376548769501559,0.010645981802730908,64.87096774193549,6.290322580645161,11.580645161290322,0.09233643007748449,57.950313568115234,0.09933519537903956,56.220001220703125,0.10231724171386958,98.47000122070312,0.12089806802712122,12.979999542236328,0.1217798555618923,4.789999961853027,1.99,98.07097741935485,1683.9791739130435,120.2736
2025-08-13,30.39887046813965,7877000,0.0067807508494135416,0.0716822680824154,0.028017420010574945,0.03873266279590171,4.287419354838709,323.66029032258064,4.338709677419355,14.49,120.13,4.24,57.0,63.68,150.53988647460938,637.8228149414062,0.0038182769983075016,0.003423324755817303,64.6774193548387,6.225806451612903,11.451612903225806,0.01676930527530618,58.92210006713867,0.027214492103807553,57.75,0.013405094734036505,99.79000091552734,0.010015417490417011,13.109999656677246,0.06889351280462086,5.119999885559082,1.992,98.0697935483871,1684.3256304347826,120.13
2025-08-14,30.13385009765625,5812700,0.012052105676779723,0.07426695772645231,0.029524680836842565,0.09208892615750441,4.283870967741936,323.691064516129,4.341935483870968,14.83,120.6446,4.29,56.900000000000006,64.99,149.2070770263672,637.882080078125,-0.008853530313157165,9.29178689290655e-05,64.48387096774194,6.161290322580645,11.32258064516129,-0.007741384138041596,58.46596145629883,-0.01523811373359718,56.869998931884766,-0.0065136939564629515,99.13999938964844,-0.022120516357551745,12.819999694824219,-0.007812492724042275,5.079999923706055,1.991,98.06860967741936,1684.6720869565218,120.6446
2025-08-15,30.919095993041992,7885000,0.040317482897362034,0.04444443484847582,0.007847439232483211,0.05477600305135355,4.280322580645161,323.7218387096774,4.345161290322581,15.09,120.3377,4.33,56.800000000000004,63.78,148.52584838867188,636.3886108398438,-0.004565659024169055,-0.002341293610408912,64.29032258064517,6.096774193548387,11.193548387096774,0.02170958655207733,59.735233306884766,0.008616171754349589,57.36000061035156,0.01805528471401474,100.93000030517578,0.027301122449404636,13.170000076293945,0.027559029249642375,5.21999979019165,1.98,98.06742580645162,1685.0185434782609,120.3377
2025-08-18,30.732601165771484,8090700,0.03864576924065144,0.03002227927302714,0.03162815199456537,0.054110742472382345,4.269677419354839,323.8141612903226,4.354838709677419,14.99,120.5622,4.34,56.5,64.51,149.1083526611328,636.2501831054688,0.003921905033907658,-0.00021752076014103228,63.70967741935484,5.903225806451613,10.806451612903226,0.014110269640920547,60.5781135559082,0.0006973660233908774,57.400001525878906,0.014267338125950602,102.37000274658203,0.0,13.170000076293945,-0.007662828249186293,5.179999828338623,1.997,98.06387419354839,1686.0579130434783,120.5622
2025-08-19,31.007436752319336,5219600,0.057296605296962344,0.029169468310144442,0.027259316962652047,0.013889364757341705,4.266129032258064,323.844935483871,4.358064516129033,15.57,120.7224,4.3,56.4,63.38,149.43414306640625,632.7984008789062,0.0021849239124371866,-0.005425196437217061,63.516129032258064,5.838709677419355,10.67741935483871,-0.009657882535277107,59.99305725097656,-0.004878093842347719,57.119998931884766,-0.0017583305689790052,102.19000244140625,0.0037965216738959917,13.220000267028809,0.017374547407418728,5.269999980926514,2.007,98.06269032258065,1686.4043695652174,120.7224
2025-08-20,30.604997634887695,5368800,0.0644644001966117,0.0036776526341761873,0.0488301853820865,0.030769109961445995,4.26258064516129,323.87570967741937,4.361290322580645,15.69,120.7757,4.29,56.300000000000004,64.19,149.29591369628906,631.1170043945312,-0.0009250186555810336,-0.002657080804944645,63.32258064516129,5.774193548387097,10.548387096774194,-0.023966955811791535,58.555206298828125,-0.020833309680696077,55.93000030517578,-0.022996438471200475,99.83999633789062,-0.03177005051516091,12.800000190734863,-0.02466795349362838,5.139999866485596,2.024,98.06150645161291,1686.7508260869565,120.7757
2025-08-21,30.497026443481445,4871900,0.061473961370860586,0.015969754631634636,0.045422839443437724,0.03312380681365101,4.259032258064516,323.90648387096775,4.364516129032258,16.6,121.0843,4.33,56.2,64.56,148.76278686523438,628.5850830078125,-0.0035709405425470298,-0.004011809805612443,63.12903225806452,5.709677419354839,10.419354838709678,-0.020491148604524723,57.355342864990234,-0.018058325240827955,54.91999816894531,-0.02654240778931871,97.19000244140625,-0.017968788475263286,12.569999694824219,-0.01167314092180416,5.079999923706055,2.07,98.06032258064516,1687.0972826086957,121.0843
2025-08-22,32.16567611694336,8447700,0.003967012012159765,-0.026915553877300602,0.023104376058981746,-0.04379338141106792,4.255483870967741,323.93725806451613,4.367741935483871,14.22,120.2774,4.26,56.1,64.08,151.1914825439453,638.2381591796875,0.01632596249296614,0.015356833041096918,62.935483870967744,5.645161290322581,10.290322580645162,0.06656296001977746,61.1730842590332,0.08339406379741043,59.5,0.059574038173504595,102.9800033569336,0.07796344627710416,13.550000190734863,0.059055156543388554,5.380000114440918,2.057,98.05913870967743,1687.4437391304348,120.2774
2025-08-25,31.920286178588867,7783200,-0.008302628502428688,-0.04169939415334767,0.022311177912861746,0.01427110626364203,4.24483870967742,324.0295806451613,4.37741935483871,14.79,120.4214,4.28,55.800000000000004,65.18,149.68096923828125,635.4292602539062,-0.009990730167124484,-0.0044010200352035955,62.354838709677416,5.451612903225806,9.903225806451612,-0.020748861463503965,59.903812408447266,0.008571400361902626,60.0099983215332,-0.006214866946786524,102.33999633789062,-0.040590419409066825,13.0,-0.024163589530783347,5.25,2.096,98.0555870967742,1688.4831086956522,120.4214
2025-08-26,32.7840576171875,8181800,-0.026602882148588636,-0.06333492899351001,-0.038646257265412376,0.0019997337722057473,4.241290322580645,324.06035483870966,4.380645161290323,14.62,120.5274,4.26,55.7,63.6,151.2211151123047,638.0897827148438,0.010289523657290411,0.004186968758527643,62.16129032258065,5.387096774193548,9.774193548387096,0.012249557023388258,60.63760757446289,0.005165828727906829,60.31999969482422,0.017490726788941702,104.12999725341797,0.01153843219463635,13.149999618530273,0.013333366030738425,5.320000171661377,2.027,98.05440322580645,1688.8295652173913,120.5274
2025-08-27,32.57793045043945,5190100,-0.05710547722517356,-0.03892637670081256,-0.014384476825764159,0.04106212227502004,4.237741935483871,324.0911290322581,4.383870967741935,14.85,120.7274,4.24,55.6,64.49,151.2013702392578,639.5436401367188,-0.00013056955063595055,0.002278452752666471,61.96774193548387,5.32258064516129,9.64516129032258,0.0017989045523703062,60.74668884277344,0.025198946708451242,61.84000015258789,0.0007682880357711142,104.20999908447266,-0.0015208748798116734,13.130000114440918,-0.005639137000061578,5.289999961853027,2.032,98.05321935483872,1689.1760217391304,120.7274
2025-08-28,32.37179946899414,5208300,-0.04286888646845244,-0.0346360442574557,-0.0010954419081712352,0.06903534768084141,4.234193548387097,324.1219032258065,4.387096774193549,14.43,120.2595,4.22,55.5,64.96,151.46792602539062,641.8085327148438,0.0017629191171417702,0.0035414199062957508,61.774193548387096,5.258064516129032,9.516129032258064,0.011589901773255917,61.45073699951172,0.021668825182430407,63.18000030517578,0.008348553442331541,105.08000183105469,0.00913936668036297,13.25,-0.011342144274519739,5.230000019073486,2.05,98.05203548387098,1689.5224782608695,120.2595
2025-08-29,32.293277740478516,3666000,-0.03076053846387372,-0.03931887455054284,-0.02464736532053846,0.06399334994115513,4.230645161290322,324.15267741935486,4.390322580645162,15.36,120.2082,4.23,55.4,64.36,150.07586669921875,637.9810180664062,-0.00919045610975433,-0.005963639392962183,61.58064516129032,5.193548387096774,9.387096774193548,-0.003066061073408788,61.262325286865234,-0.006331141562943898,62.779998779296875,-0.0007613421170596935,105.0,0.009056595136534451,13.369999885559082,0.02294452870391006,5.349999904632568,2.02,98.05085161290323,1689.8689347826087,120.2082
2025-09-02,31.655263900756836,7200600,-0.03367636802393281,-0.015590840826139263,0.006548197734759897,0.0841909501867113,4.2156666666666665,324.2584098360656,4.401639344262295,17.17,120.6837,4.28,55.050000000000004,65.95,148.64430236816406,633.2533569335938,-0.00953893762228819,-0.007410347641911175,61.1,5.066666666666666,9.0,-0.010521153424525975,60.617774963378906,-0.0030264197260806425,62.59000015258789,-0.003047616141182985,104.68000030517578,0.0014959205635651784,13.390000343322754,0.026168199809568193,5.489999771118164,2.12,98.01948333333334,1691.2547608695652,120.6837
2025-09-03,31.911907196044922,4369700,-0.03773593138019593,-0.006495714848398504,-0.0006186708170388133,0.09588602733961982,4.211333333333333,324.27181967213113,4.4032786885245905,16.35,120.5052,4.22,55.0,64.36,147.89398193359375,636.6853637695312,-0.005047757785642593,0.005419642546478309,61.2,5.133333333333334,9.0,0.0022902868402714383,60.75660705566406,-0.0014379318160805399,62.5,0.014138358355167302,106.16000366210938,0.003734072873678551,13.4399995803833,-0.0072859678543995,5.449999809265137,2.107,97.99166666666667,1691.6012173913043,120.5052
2025-09-04,30.717552185058594,10494900,0.01928009982586598,0.03695366437576175,0.04498708587304545,0.14652957830575697,4.207,324.2852295081967,4.4049180327868855,15.3,120.7629,4.17,54.95,63.81,149.5625,642.0064086914062,0.011281852341736398,0.00835741674721624,61.3,5.2,9.0,-0.011751317575585563,60.04263687133789,0.0049600219726562145,62.810001373291016,-0.0010361775297378362,106.05000305175781,-0.04315475757548448,12.859999656677246,-0.06605498518829989,5.090000152587891,2.075,97.96385000000001,1691.9476739130434,120.7629
2025-09-05,30.98405647277832,8027900,0.0086015824735024,0.03599880058375193,0.037910208636498854,0.14080933756999037,4.2026666666666666,324.2986393442623,4.406557377049181,15.18,120.1282,4.1,54.9,62.22,149.0095977783203,640.1470336914062,-0.0036967971361784313,-0.0028961938305100965,61.4,5.266666666666667,9.0,0.010404568236085598,60.667354583740234,0.005413153083172473,63.150001525878906,0.005091874310171107,106.58999633789062,0.01710733070778736,13.079999923706055,-0.001964681450304373,5.079999923706055,2.041,97.93603333333334,1692.2941304347826,120.1282
2025-09-08,31.29991912841797,9332500,-0.00882995010655585,0.018606081642532413,0.021444382179540922,0.19362965848255587,4.189666666666667,324.33886885245903,4.411475409836066,15.11,120.0971,4.05,54.75,62.6,149.34527587890625,641.7195434570312,0.0022527280496744684,0.002456482156227624,61.7,5.466666666666667,9.0,0.009480253600713695,61.242496490478516,0.008551022767731675,63.689998626708984,0.01107046013431856,107.7699966430664,-0.009938846727766903,12.949999809265137,0.0196850208926016,5.179999828338623,2.07,97.85258333333334,1693.3335,120.0971
2025-09-09,30.589229583740234,6896100,0.018715807623176817,0.07583108309577646,0.047112136592298404,0.22458856911329317,4.185333333333333,324.3522786885246,4.413114754098361,15.04,120.1569,4.08,54.7,62.97,148.3382568359375,643.203125,-0.006742891846041821,0.0023118846201510834,61.8,5.533333333333333,9.0,-0.01748703295610854,60.171546936035156,-0.021981437295785056,62.290000915527344,-0.019671477992236674,105.6500015258789,-0.014671782485074947,12.760000228881836,-0.00772200061362871,5.139999866485596,2.071,97.82476666666668,1693.679956521739,120.1569
2025-09-10,30.70768165588379,7513600,0.03246532583992878,0.06268085387345534,0.018321991588771125,0.22629390703622532,4.181,324.36568852459015,4.414754098360656,15.35,120.1223,4.04,54.65,64.01,149.43414306640625,645.0625610351562,0.007387751843954904,0.002890900188266654,61.9,5.6,9.0,0.011700745739244178,60.8755989074707,0.0057794285609300555,62.650001525878906,0.017605306043426472,107.51000213623047,0.004702152418976979,12.819999694824219,-0.01167314092180416,5.079999923706055,2.085,97.79695000000001,1694.0264130434782,120.1223
2025-09-11,31.309789657592773,11511900,0.017339261850511045,0.006620511890488734,-0.013556033874885465,0.2556748267337876,4.176666666666667,324.37909836065575,4.416393442622951,14.71,119.9534,4.01,54.6,62.71,150.85581970214844,650.423095703125,0.009513733652625866,0.008310100433307488,62.0,5.666666666666667,9.0,-0.015474829104810461,59.93355941772461,0.019313632162847538,63.86000061035156,0.017207687074332734,109.36000061035156,0.01014041478436245,12.949999809265137,0.023622025071121877,5.199999809265137,2.027,97.76913333333334,1694.3728695652173,119.9534
2025-09-12,31.250568389892578,10397700,0.02716356843607204,0.027479358590767777,0.00758048956384938,0.28679727382888176,4.1723333333333334,324.39250819672134,4.418032786885246,14.76,120.0611,4.06,54.550000000000004,63.02,149.65133666992188,650.20556640625,-0.007984332554121565,-0.0003344427624296653,62.1,5.733333333333333,9.0,-0.009430901719108653,59.36833190917969,-0.007673060973747758,63.369998931884766,-0.02542061781072935,106.58000183105469,-0.003088800188584484,12.90999984741211,-0.028846081544659063,5.050000190734863,2.043,97.74131666666668,1694.7193260869565,120.0611
2025-09-15,31.023542404174805,8911000,0.027680448730303953,0.04231611019576609,0.06331532994439493,0.30989480593345164,4.1593333333333335,324.43273770491805,4.422950819672131,15.69,119.5644,4.05,54.4,63.66,150.34243774414062,653.6671142578125,0.004618074850497811,0.005323774557475458,62.4,5.933333333333334,9.0,-0.024219092758926752,57.930484771728516,-0.0669085992620424,59.130001068115234,-0.01904671368381783,104.55000305175781,-0.029434556075311757,12.529999732971191,-0.02772283921485974,4.909999847412109,2.083,97.65786666666668,1695.7586956521739,119.5644
2025-09-16,31.161731719970703,8161900,0.05606595582909302,0.01076967768211512,0.06303449158946384,0.3215077352889222,4.155,324.4461475409836,4.424590163934426,16.36,119.1348,4.04,54.35,64.89,149.89816284179688,652.7671508789062,-0.0029550864613479,-0.0013767915798059693,62.5,6.0,9.0,-0.009585787135088841,57.37517547607422,-0.02587523366068678,57.599998474121094,-0.003347738816825818,104.19999694824219,-0.009577006234351093,12.40999984741211,0.03258662509604715,5.070000171661377,2.146,97.63005,1696.105152173913,119.1348
2025-09-17,31.70461654663086,10892500,0.029265416743119887,0.004981365450733577,0.036426016778614345,0.3128892124158136,4.150666666666666,324.4595573770492,4.426229508196721,15.72,119.1582,4.06,54.300000000000004,64.41,149.21693420410156,651.9561157226562,-0.0045446096521828405,-0.001242457061691904,62.6,6.066666666666666,9.0,0.0165918046391631,58.32713317871094,0.015451444929214242,58.4900016784668,0.01257202712432881,105.51000213623047,0.005640587887582926,12.479999542236328,0.0,5.070000171661377,2.101,97.60223333333333,1696.451608695652,119.1582
2025-09-18,31.852678298950195,9021300,-0.01053606241493621,0.0012396424258549477,0.03873580185170322,0.26991013221155935,4.146333333333333,324.47296721311477,4.427868852459016,15.7,119.6616,4.11,54.25,63.91,150.80645751953125,655.0023803710938,0.010652432472949114,0.004672499536354291,62.7,6.133333333333334,9.0,0.011050674069797317,58.97168731689453,-0.018635666290110153,57.400001525878906,-0.001232156953656749,105.37999725341797,0.008012851373214724,12.579999923706055,0.003944769279950577,5.090000152587891,2.093,97.57441666666666,1696.7980652173912,119.6616
2025-09-19,32.09944534301758,22410900,0.0003074390139989891,0.0,0.058733092191179725,0.25246007660187075,4.1419999999999995,324.4863770491803,4.4295081967213115,15.45,119.7858,4.14,54.2,63.02,151.1717529296875,658.2465209960938,0.002422279630226898,0.004952868450893266,62.8,6.2,9.0,0.0048763593472676,59.259254455566406,-0.0026132669319055557,57.25,0.008825207149505854,106.30999755859375,-0.010333872434763913,12.449999809265137,-0.011787807658323102,5.03000020980835,2.052,97.5466,1697.1445217391304,119.7858
2025-09-22,31.882287979125977,10781200,0.014241451692055263,0.008668779954606132,0.07368424075353763,0.27739946292964834,4.129,324.526606557377,4.434426229508197,16.1,119.8152,4.15,54.050000000000004,62.99,151.67733764648438,661.3607177734375,0.0033444390701220517,0.004731049353107419,63.1,6.4,9.0,-0.014558151948397602,58.396549224853516,-0.04314412612581875,54.779998779296875,-0.020035719145266695,104.18000030517578,-0.009638545172489077,12.329999923706055,0.003976139183357041,5.050000190734863,2.047,97.46315,1698.1838913043478,119.8152
2025-09-23,32.908843994140625,12691400,-0.042891523864545755,-0.028494390076755693,0.012597405126502537,0.26694649823759664,4.124666666666666,324.5400163934426,4.436065573770492,16.64,119.6202,4.12,54.0,63.76,151.71697998046875,657.7605590820312,0.00026135963750073543,-0.005443562937222368,63.2,6.466666666666667,9.0,-0.002377402331610212,58.25771713256836,-0.01168308513891958,54.13999938964844,-0.0004799678595828194,104.12999725341797,-0.011354448028307318,12.1899995803833,0.0,5.050000190734863,2.088,97.43533333333333,1698.5303478260869,119.6202
2025-09-24,32.63246536254883,8455100,-0.023593575473688677,-0.01845131251092269,-0.0426498394686714,0.25710812148828577,4.120333333333333,324.5534262295082,4.437704918032787,16.18,120.1707,4.16,53.95,65.4,150.933837890625,655.6677856445312,-0.005161861842653104,-0.0031816645261014687,63.3,6.533333333333333,9.0,-0.017702106828673903,57.22643280029297,-0.022903544103227702,52.900001525878906,-0.026313242447335128,101.38999938964844,-0.020508614323688,11.9399995803833,0.005940540958044194,5.079999923706055,2.124,97.40751666666667,1698.876804347826,120.1707
2025-09-25,31.51707649230957,9892700,0.01190109552605989,-0.0078296904053341,0.00845593007756884,0.29909171645528243,4.116,324.5668360655738,4.439344262295082,16.74,120.5419,4.18,53.9,65.51,149.9127197265625,652.6429443359375,-0.006765336244894615,-0.004613374905433676,63.4,6.6,9.0,-0.016808111899784373,56.264564514160156,-0.03043479326865317,51.290000915527344,-0.022092887634421188,99.1500015258789,-0.04606358931236165,11.390000343322754,-0.025590574093174,4.949999809265137,2.178,97.3797,1699.2232608695651,120.5419
2025-09-26,32.10931396484375,6824700,-0.0003073445243014783,-0.03811856204106223,-0.0086073693304618,0.2745131909846239,4.111666666666666,324.58024590163933,4.440983606557377,15.29,120.4349,4.2,53.85,66.5,151.26097106933594,656.3819580078125,0.008993575363268835,0.0057290340826092745,63.5,6.666666666666667,9.0,0.008107099547927987,56.720706939697266,-0.00799375784935863,50.880001068115234,-0.012506281842526112,97.91000366210938,-0.007023698094351105,11.3100004196167,0.01616169770218434,5.03000020980835,2.162,97.35188333333333,1699.5697173913043,120.4349
2025-09-29,32.33633804321289,9139200,-0.005494423175223306,-0.02625142787170176,-0.050976686068301635,0.2606599182684646,4.0986666666666665,324.62047540983605,4.445901639344262,16.12,120.115,4.15,53.7,64.27,151.72691345214844,658.2266845703125,0.0030803873564908546,0.0028104467833012237,63.8,6.866666666666666,9.0,0.008041970293482636,57.17685317993164,-0.008647846544209026,50.439998626708984,0.007455782864213667,98.63999938964844,0.006189185873309633,11.380000114440918,0.003976139183357041,5.050000190734863,2.084,97.26843333333333,1700.6090869565217,120.115
2025-09-30,31.497333526611328,10283400,0.0150423218963871,0.04732066286399994,-0.03917262748435024,0.2989618179455402,4.094333333333333,324.63388524590164,4.447540983606557,16.28,120.1368,4.16,53.65,63.17,152.89671325683594,660.7061157226562,0.007709903128402029,0.003766834755358328,63.9,6.933333333333334,9.0,-0.015782160391695776,56.274478912353516,-0.013084850622153366,49.779998779296875,-0.021695046663524398,96.5,-0.012302314755260557,11.239999771118164,-0.025742595946714353,4.920000076293945,2.076,97.24061666666667,1700.9555434782608,120.1368
2025-10-01,31.862548828125,8546700,0.00526651897570285,0.03965303638063267,-0.06784386038510759,0.2859396909408547,4.09,324.64729508196723,4.449180327868852,16.29,120.1502,4.12,53.6,62.59,152.47042846679688,662.9574584960938,-0.0027880572509298984,0.0034074798459751143,64.0,7.0,9.0,-0.011277576483270102,55.63983917236328,-0.0257131139149247,48.5,-0.03471501009451916,93.1500015258789,0.002669100289716786,11.270000457763672,-0.04878053744586641,4.679999828338623,2.051,97.2128,1701.302,120.1502
2025-10-02,31.89216423034668,7438900,-0.019498729686754923,0.030331124710904378,-0.06220997364999348,0.2838129360655748,4.083225806451613,324.66070491803276,4.450819672131148,16.63,120.4296,4.1,53.516129032258064,61.28,152.86695861816406,663.7210693359375,0.002600702020415291,0.001151824796685963,64.06451612903226,6.967741935483871,9.161290322580646,0.017287539465159263,56.601715087890625,0.00989689777806868,48.97999954223633,0.018035429711818596,94.83000183105469,0.014196969025133344,11.430000305175781,0.004273500354724069,4.699999809265137,1.998,97.21012580645161,1702.1908804347825,120.4296
2025-10-03,32.09944534301758,9214100,-0.03782284216019227,0.03075043759849616,-0.06426812342291921,0.3107308812922944,4.0764516129032256,324.67411475409835,4.452459016393443,16.65,120.0881,4.13,53.432258064516134,61.65,153.07516479492188,663.7112426757812,0.001362009021700139,-1.4805406382656372e-05,64.12903225806451,6.935483870967742,9.32258064516129,0.003153432449554572,56.78020477294922,0.004287445619340469,49.189998626708984,0.005272592959459921,95.33000183105469,0.013123325855236345,11.579999923706055,0.027659599939695356,4.829999923706055,2.037,97.20745161290323,1703.0797608695652,120.0881
2025-10-06,32.158668518066406,6908500,-0.020871682552802362,0.056783336864288714,-0.08931855962644786,0.309550115169245,4.056129032258064,324.71434426229507,4.457377049180328,16.37,120.2722,4.18,53.18064516129032,62.49,153.78892517089844,666.0914916992188,0.0046628097832381865,0.003586271966467658,64.3225806451613,6.838709677419355,9.806451612903226,0.017464236502315433,57.771827697753906,-0.014840405826723413,48.459999084472656,0.018252363687700113,97.06999969482422,0.021588946601649894,11.829999923706055,0.010352006526844537,4.880000114440918,2.118,97.19942903225807,1705.7464021739129,120.2722
2025-10-07,31.971126556396484,8065900,0.031799995203458664,0.07070078065499996,-0.023772768507580033,0.3221932268779564,4.049354838709677,324.72775409836066,4.4590163934426235,17.24,120.4884,4.14,53.09677419354839,62.52,152.91653442382812,663.6219482421875,-0.005672650004549196,-0.0037075138893177817,64.38709677419355,6.806451612903226,9.96774193548387,-0.027978007648698178,56.155487060546875,0.01114322999854056,49.0,-0.0043267556429971155,96.6500015258789,-0.014370251681344759,11.65999984741211,-0.028688594270410817,4.739999771118164,2.142,97.19675483870968,1706.6352826086957,120.4884
2025-10-08,32.03035354614258,7688800,0.03420636891395468,0.04036972261871363,-0.028967679044942796,0.3284146552786764,4.04258064516129,324.7411639344262,4.4606557377049185,16.3,120.7766,4.13,53.012903225806454,63.37,154.2449493408203,667.5791625976562,0.008687189531187745,0.005963055269571305,64.45161290322581,6.774193548387097,10.129032258064516,0.008652572709245021,56.64137649536133,0.002857130400988561,49.13999938964844,0.014899066624703083,98.08999633789062,0.012864543239070603,11.8100004196167,0.0,4.739999771118164,2.193,97.19408064516129,1707.5241630434782,120.7766
2025-10-09,31.270307540893555,10590300,0.050820795348628156,-0.0009469554300254313,0.024305677334803155,0.41142788862730617,4.0358064516129035,324.7545737704918,4.462295081967214,16.43,121.0902,4.14,52.92903225806452,62.36,151.96482849121094,665.6452026367188,-0.014782466844805442,-0.002896974724933221,64.51612903225806,6.741935483870968,10.290322580645162,0.042892143739741595,59.07084655761719,0.0002035436783618394,49.150001525878906,0.03313283842732262,101.33999633789062,-0.016088105614460613,11.619999885559082,-0.029535838237513157,4.599999904632568,2.18,97.1914064516129,1708.4130434782608,121.0902
2025-10-10,30.885353088378906,7987400,0.07126887101814261,0.029082704556711025,0.043783973390675524,0.40751394753971204,4.029032258064516,324.7679836065574,4.463934426229509,21.66,121.1163,4.05,52.84516129032258,59.75,148.60414123535156,647.6542358398438,-0.022114901778431895,-0.027027862178845674,64.58064516129032,6.709677419354839,10.451612903225806,-0.03508476682181827,56.99835968017578,-0.03926755331145981,47.220001220703125,-0.04608247816957167,96.66999816894531,-0.008605802821021191,11.520000457763672,-0.04347822030685711,4.400000095367432,2.106,97.18873225806452,1709.3019239130433,121.1163
2025-10-13,31.487462997436523,4892700,0.07931036007574033,0.010971803069437236,0.002821334634965922,0.36013431626945613,4.008709677419355,324.8082131147541,4.468852459016394,19.03,121.165725,4.035,52.593548387096774,59.5775,150.15066528320312,657.5919189453125,0.010407005047068374,0.015344118135168339,64.7741935483871,6.612903225806452,10.935483870967742,0.021572800773776768,58.22797393798828,0.022236323801706925,48.27000045776367,0.026688754318022756,99.25,0.019097161858724343,11.739999771118164,0.03409093002642427,4.550000190734863,2.10525,97.18070967741936,1711.9685652173912,121.165725
2025-10-14,32.98780822753906,11028900,0.03770186628453165,-0.06971877372057489,-0.002393739919117066,0.278738640142949,4.001935483870968,324.8216229508197,4.470491803278689,20.81,121.1822,4.03,52.50967741935484,59.52,151.91526794433594,656.78857421875,0.011752213403813716,-0.0012216462876413203,64.83870967741936,6.580645161290323,11.096774193548388,0.04342643143257452,60.75660705566406,0.023824273881826175,49.41999816894531,0.03929472570155079,103.1500015258789,0.03833047853818461,12.1899995803833,0.07912080034860458,4.909999847412109,2.105,97.17803548387097,1712.8574456521737,121.1822
2025-10-15,33.12599563598633,7429100,0.005959500821128394,-0.08641235885612497,-0.015494633040607497,0.28986428837853007,3.9951612903225806,324.8350327868852,4.472131147540984,20.64,120.8642,4.05,52.42580645161291,59.08,151.28079223632812,659.7044067382812,-0.004176510475828454,0.004439529909605389,64.90322580645162,6.548387096774194,11.258064516129032,0.007018091314235253,61.18300247192383,-0.011736099511267972,48.84000015258789,0.008725172201312192,104.05000305175781,0.025430716184401403,12.5,0.008146631995133324,4.949999809265137,2.095,97.17536129032258,1713.7463260869565,120.8642
2025-10-16,32.85948944091797,11017200,-0.049264109549220225,-0.09612501535306006,-0.014118430196340404,0.3009291474564768,3.9883870967741935,324.8484426229508,4.473770491803279,25.31,120.6698,3.99,52.34193548387097,58.29,150.28945922851562,655.2117309570312,-0.00655293374101229,-0.006810134562330372,64.96774193548387,6.516129032258065,11.419354838709678,-0.01807777248573561,60.07695007324219,-0.021703549753876228,47.779998779296875,-0.05631908158077237,98.19000244140625,-0.04879997253417967,11.890000343322754,-0.03636360308574338,4.769999980926514,2.061,97.1726870967742,1714.635206521739,120.6698
2025-10-17,33.086517333984375,8264400,-0.03937962504346604,-0.09606220467284465,-0.04982110887593283,0.26982998194947516,3.9816129032258063,324.8618524590164,4.475409836065574,20.78,120.7028,4.02,52.25806451612903,58.3,150.41831970214844,658.9308471679688,0.0008574152458482587,0.005676205164253156,65.03225806451613,6.483870967741936,11.580645161290322,-0.012582853868596588,59.32101058959961,-0.009836697739923572,47.310001373291016,0.009675088345262983,99.13999938964844,-0.002523186356538365,11.859999656677246,-0.023060824728355245,4.659999847412109,2.084,97.17001290322581,1715.5240869565216,120.7028
2025-10-20,33.984745025634766,7636000,-0.06331687300908295,-0.11617773782770191,-0.0717398012346534,0.2499784204486819,3.961290322580645,324.9020819672131,4.480327868852459,18.23,120.6209,4.0,52.00645161290323,58.34,152.19285583496094,665.7840576171875,0.011797340485695917,0.010400500262923273,65.2258064516129,6.387096774193548,12.064516129032258,0.03537897812226087,61.41972732543945,0.025153214799541246,48.5,0.02168651945849609,101.29000091552734,0.02613831607003192,12.170000076293945,0.0021459719333229987,4.670000076293945,2.093,97.16199032258065,1718.1907282608695,120.6209
2025-10-21,34.231510162353516,9405000,-0.10351782481583449,-0.1444636118117787,-0.07958474790175829,0.2290937234115462,3.954516129032258,324.91549180327866,4.481967213114754,17.87,120.8895,3.98,51.92258064516129,58.66,153.54110717773438,665.7741088867188,0.008858834636991775,-1.494287878323064e-05,65.29032258064517,6.354838709677419,12.225806451612904,0.009230714001833284,61.98667526245117,0.010515429309962965,49.0099983215332,-0.011649721537270619,100.11000061035156,0.014790493348180389,12.350000381469727,-0.002141376599242406,4.659999847412109,2.097,97.15931612903226,1719.079608695652,120.8895
2025-10-22,33.32341003417969,10576400,-0.09182463071510694,-0.06338864078341189,-0.07701425625823366,0.2480104245511321,3.947741935483871,324.92890163934425,4.483606557377049,18.6,120.8958,3.97,51.83870967741935,59.3,151.5484619140625,662.3128051757812,-0.012977926890713753,-0.005198916065879078,65.35483870967742,6.32258064516129,12.387096774193548,-0.03722714051288556,59.6790885925293,-0.027137279369647938,47.68000030517578,-0.03835784580834467,96.2699966430664,-0.02105264946161034,12.09000015258789,-0.008583683082144522,4.619999885559082,2.163,97.15664193548388,1719.9684891304346,120.8958
2025-10-23,31.24069595336914,27807800,-0.049289088877901954,-0.004423314021349878,0.036334914655376416,0.33374975777089877,3.940967741935484,324.94231147540984,4.4852459016393444,17.3,120.9531,4.01,51.75483870967742,62.44,153.44195556640625,666.2402954101562,0.012494311248222978,0.005929962705964353,65.41935483870968,6.290322580645161,12.548387096774194,-0.020500028284673566,58.455665588378906,-0.022021795938339528,46.630001068115234,-0.0061285588289580195,95.68000030517578,0.05624485497051257,12.770000457763672,-0.010822449163687464,4.570000171661377,2.265,97.15396774193549,1720.8573695652174,120.9531
2025-10-24,31.78358268737793,15189600,-0.059006222548572684,0.0077640982513480505,0.03354040755889831,0.2894465357769689,3.9341935483870967,324.9557213114754,4.4868852459016395,16.37,120.9345,4.02,51.670967741935485,62.27,153.57083129882812,671.6851806640625,0.0008398989177773597,0.008172554694480416,65.48387096774194,6.258064516129032,12.709677419354838,0.03709379695717807,60.62400817871094,-0.061333916895558005,43.77000045776367,0.03793893438377838,99.30999755859375,0.07909156139407014,13.779999732971191,0.0,4.570000171661377,2.277,97.1512935483871,1721.74625,120.9345
2025-10-27,31.832937240600586,9621300,-0.056434095261685635,0.012713226005590217,0.0654263273828708,0.2724987802303791,3.913870967741935,324.99595081967215,4.491803278688525,15.79,120.7988,4.01,51.41935483870968,62.13,154.44320678710938,679.6094970703125,0.005680606667966215,0.011797664492784632,65.6774193548387,6.161290322580645,13.193548387096774,-0.008203510900302136,60.126678466796875,0.023075127049811517,44.779998779296875,-0.005135379310980626,98.80000305175781,-0.026850500198036253,13.40999984741211,0.03282267240610248,4.71999979019165,2.322,97.14327096774194,1724.4128913043478,120.7988
2025-10-28,30.687938690185547,11384700,-0.04567384397523877,0.028948212721011446,0.1276937903769444,0.5667861123759255,3.907096774193548,325.0093606557377,4.49344262295082,16.42,120.6361,3.99,51.33548387096774,60.97,153.34280395507812,681.4144897460938,-0.007124967519925196,0.002655926209922388,65.74193548387096,6.129032258064516,13.35483870967742,-0.04284529326764219,57.550533294677734,-0.03974986216658449,43.0,-0.039068830881811234,94.94000244140625,-0.05219983722820287,12.710000038146973,-0.11864406094746938,4.159999847412109,2.25,97.14059677419355,1725.3017717391303,120.6361
2025-10-29,30.263500213623047,10919900,0.03131112216144549,0.08741037096980553,0.13535554450522125,0.5566571436314465,3.9003225806451614,325.02277049180327,4.495081967213115,16.92,120.5312,4.08,51.251612903225805,61.26,153.73934936523438,681.7418823242188,0.0025860059939455393,0.0004804602529762114,65.80645161290323,6.096774193548387,13.516129032258064,0.01555480595368297,58.44572067260742,-0.028604640517123858,41.77000045776367,0.010427615739535323,95.93000030517578,0.020456351542209816,12.970000267028809,-0.016826850334565435,4.090000152587891,2.256,97.13792258064517,1726.190652173913,120.5312
2025-10-30,29.700870513916016,6580200,0.047191816494036365,0.09803921316789754,0.15553349289517393,0.6569075785024348,3.893548387096774,325.03618032786886,4.49672131147541,16.91,121.2832,4.11,51.16774193548387,61.36,153.3527374267578,674.2440185546875,-0.002514723394321794,-0.010998097614260183,65.87096774193549,6.064516129032258,13.67741935483871,-0.027910225018348722,56.81448745727539,-0.025616463564709924,40.70000076293945,-0.026581914350522817,93.37999725341797,-0.014649231314252109,12.779999732971191,0.0097799414084907,4.130000114440918,2.256,97.13524838709678,1727.0795326086957,121.2832
2025-10-31,29.908153533935547,8462500,0.0709572394631135,0.0831683405731174,0.16930699724485576,0.6968021271789662,3.886774193548387,325.0495901639344,4.498360655737705,17.44,121.3859,4.11,51.08387096774194,61.75,153.71954345703125,676.4556274414062,0.002391910548376286,0.0032801312668069293,65.93548387096774,6.032258064516129,13.838709677419354,0.004551895088735325,57.07310104370117,0.02530709484002691,41.72999954223633,0.0070679340492829645,94.04000091552734,0.02738657189223237,13.130000114440918,0.016949078180278576,4.199999809265137,2.245,97.1325741935484,1727.9684130434782,121.3859
2025-11-03,30.036474227905273,8815200,0.07328297993816646,0.04666446910586597,0.172527171002002,0.7357610728584116,3.869333333333333,325.1275333333333,4.493333333333333,17.17,121.4512,4.13,51.126666666666665,61.79,153.06524658203125,677.7251586914062,-0.004256432593314985,0.0018767398754619968,65.4,6.066666666666666,14.266666666666667,0.019518999963305417,58.187110900878906,-0.015815956258137587,41.06999969482422,0.022011906366139034,96.11000061035156,0.015993909848942556,13.34000015258789,-0.004761900436850985,4.179999828338623,2.254,97.12028666666667,1730.635054347826,121.4512
2025-11-04,29.28630256652832,12954900,0.07819345223344598,0.07718228003764649,0.20694310453310072,0.7775145027922512,3.864,325.15979999999996,4.49,19.0,121.8271,4.1,51.19,61.38,151.2907257080078,669.6917114257812,-0.011593231733843856,-0.01185354736001909,65.1,6.1,14.4,-0.04871791879608234,55.35235595703125,-0.015826674718987688,40.41999816894531,-0.055561376894945225,90.7699966430664,-0.051724177373698166,12.649999618530273,-0.023923423143372258,4.079999923706055,2.286,97.11548,1731.5239347826086,121.8271
2025-11-05,31.211084365844727,9061800,0.054396047519380986,0.009487645045279436,0.19702703507058983,0.7234814570415049,3.8586666666666667,325.1920666666667,4.486666666666666,18.01,121.8482,4.17,51.25333333333333,60.4,151.8756103515625,672.012451171875,0.003865964954676171,0.0034653852011290454,64.8,6.133333333333334,14.533333333333333,0.05193163636724507,58.22689437866211,0.0356259897733644,41.86000061035156,0.0647791682303831,96.6500015258789,0.060869603239808834,13.420000076293945,0.051470598547516566,4.289999961853027,2.278,97.11067333333334,1732.4128152173912,121.8482
2025-11-06,31.102508544921875,7749500,0.048555953047930256,-0.011107661943528413,0.2043794098513787,0.7008111771672356,3.853333333333333,325.22433333333333,4.483333333333333,19.5,121.6948,4.11,51.31666666666666,60.24,151.27088928222656,664.8021850585938,-0.0039816865126409695,-0.010729363869237507,64.5,6.166666666666667,14.666666666666666,-0.012470001797058705,57.50080490112305,-0.01743907146661161,41.130001068115234,-0.009622351686427666,95.72000122070312,-0.0201192590334347,13.149999618530273,-0.009324000514850717,4.25,2.311,97.10586666666667,1733.3016956521737,121.6948
2025-11-07,32.03035354614258,8647100,0.011402043573770948,0.01078572011292711,0.17565492555586726,0.6735178016248311,3.848,325.2566,4.48,19.08,121.388,4.11,51.38,60.54,152.00450134277344,665.4567260742188,0.004849657882146641,0.000984565078659072,64.2,6.2,14.8,0.018508851068408827,58.56507873535156,0.04376365646282321,42.93000030517578,0.017864595305738584,97.43000030517578,0.038022814791220716,13.649999618530273,0.04000001795151653,4.420000076293945,2.293,97.10106,1734.1905760869565,121.388
2025-11-10,32.23763656616211,7819100,-0.024801018305381062,0.018983415145103377,0.21953464617923069,0.581572288783814,3.832,325.35339999999997,4.47,17.6,121.2984,4.13,51.57,60.94,152.86695861816406,675.8407592773438,0.005673892995088137,0.01560437034633999,63.3,6.3,15.2,-0.005434820840718668,58.246788024902344,-0.013277421168699566,42.36000061035156,-0.01324028442457903,96.13999938964844,-0.024908366916876368,13.3100004196167,-0.0022624951830817475,4.409999847412109,2.31,97.08664,1736.8572173913042,121.2984
2025-11-11,31.5762996673584,7650900,-0.0009378393030535781,0.07408562027052135,0.27352307374022766,0.5958592757809917,3.8266666666666667,325.3856666666667,4.466666666666667,17.28,121.1721,4.105,51.63333333333333,60.12,152.9066162109375,677.3878784179688,0.0002594255366359377,0.002289177027853917,63.0,6.333333333333333,15.333333333333334,-0.014002708486175242,57.431175231933594,-0.0075542891929519795,42.040000915527344,-0.012377807873528823,94.94999694824219,-0.02404212159354313,12.989999771118164,-0.015872947221369227,4.340000152587891,2.2995,97.08183333333334,1737.746097826087,121.1721
2025-11-12,32.908843994140625,8948800,-0.04259158840717869,0.05158959416964892,0.23485276675535105,0.539674592922381,3.8213333333333335,325.41793333333334,4.463333333333334,17.51,121.0458,4.08,51.696666666666665,59.3,153.05532836914062,677.7647705078125,0.0009725684989194683,0.0005563903663643455,62.7,6.366666666666666,15.466666666666667,0.04745411530525123,60.15652084350586,0.032825814066723025,43.41999816894531,0.052869978239150184,99.97000122070312,0.036181699408017076,13.460000038146973,0.01382487112212738,4.400000095367432,2.289,97.07702666666667,1738.6349782608695,121.0458
2025-11-13,32.61272048950195,7849200,-0.056900745084732196,0.05357149749994994,0.2627118772932624,0.6494093210042684,3.816,325.4502,4.46,20.0,120.7725,4.11,51.76,59.54,150.6859893798828,666.5180053710938,-0.015480277717241031,-0.01659390636118807,62.4,6.4,15.6,-0.009424610063202943,59.589569091796875,-0.02487328562648017,42.34000015258789,-0.028008432705489916,97.16999816894531,-0.028974765395056057,13.069999694824219,-0.018181800448205276,4.320000171661377,2.281,97.07222,1739.523858695652,120.7725
2025-11-14,32.395565032958984,7673600,-0.0006093753367019117,0.059415096234790576,0.28488726791778385,0.6769909175402715,3.8106666666666666,325.48246666666665,4.456666666666667,19.83,120.9666,4.14,51.82333333333333,60.87,150.69589233398438,666.4088745117188,6.571914311548355e-05,-0.0001637328001578009,62.1,6.433333333333334,15.733333333333333,-0.025037564701164694,58.097591400146484,-0.015824326434293323,41.66999816894531,-0.022023252340992228,95.02999877929688,-0.023718398866156343,12.760000228881836,-0.03009261788777262,4.190000057220459,2.346,97.06741333333333,1740.4127391304346,120.9666
2025-11-17,31.4381103515625,5773700,0.044897948287845324,0.112401884554304,0.2866561780454375,0.6422915428999654,3.7946666666666666,325.5792666666667,4.446666666666667,22.38,121.1146,4.13,52.013333333333335,60.66,149.21878051757812,660.2002563476562,-0.009801938151920875,-0.009316529838549359,61.2,6.533333333333333,16.133333333333333,-0.04536893952600585,55.46176528930664,-0.06143502930368727,39.11000061035156,-0.05345682306965793,89.94999694824219,-0.032915365890299086,12.34000015258789,-0.033412855506848915,4.050000190734863,2.351,97.05299333333333,1743.0793804347825,121.1146
2025-11-18,31.54668617248535,7093400,0.07509388557088226,0.11639561634963558,0.27440560803683334,0.6369533413516899,3.7893333333333334,325.61153333333334,4.443333333333333,24.69,121.2127,4.12,52.07666666666667,61.51,148.55458068847656,654.6561889648438,-0.00445118119044885,-0.008397554120144202,60.9,6.566666666666666,16.266666666666666,0.024569555103941765,56.82443618774414,-0.0015341695820667578,39.04999923706055,0.021901070456252336,91.91999816894531,0.0016207053356609435,12.359999656677246,0.019753066651470697,4.130000114440918,2.503,97.04818666666667,1743.9682608695653,121.2127
2025-11-19,31.507204055786133,5614400,0.098370957928122,0.12186726811292958,0.2926065248250649,0.6015615857981389,3.7840000000000003,325.6438,4.44,23.66,121.4978,4.13,52.14,60.27,149.05026245117188,657.185302734375,0.003336697935520272,0.003863270235832328,60.6,6.6,16.4,-0.004550963887733683,56.56583023071289,-0.011011531717718626,38.619998931884766,-0.00641858517888827,91.33000183105469,-0.0024271629291660046,12.329999923706055,-0.0072639731179307,4.099999904632568,2.462,97.04338,1744.8571413043478,121.4978
2025-11-20,30.75703239440918,7806000,0.1171374508132843,0.21469819651964595,0.3555841189347857,0.632243577782156,3.7786666666666666,325.67606666666666,4.4366666666666665,26.42,121.6889,4.1,52.20333333333333,60.07,146.55203247070312,647.1683349609375,-0.016760990147784205,-0.015242227316648038,60.3,6.633333333333334,16.533333333333335,-0.015825585415762844,55.6706428527832,-0.020714636436721,37.81999969482422,-0.014015096393676374,90.05000305175781,-0.007299282493494097,12.239999771118164,-0.004878044241882984,4.079999923706055,2.265,97.03857333333333,1745.7460217391304,121.6889
2025-11-21,32.375823974609375,7111200,0.06006107130704286,0.15701212471403747,0.26707314889088507,0.5276658959308731,3.7733333333333334,325.7083333333333,4.433333333333334,23.43,121.8653,4.06,52.266666666666666,58.86,148.3364715576172,653.6148681640625,0.01217614697544911,0.009961138168965045,60.0,6.666666666666667,16.666666666666668,0.04645339007004723,58.25673294067383,0.045214148552906286,39.529998779296875,0.023875556064652637,92.19999694824219,0.051470598547516566,12.869999885559082,0.026960817541997972,4.190000057220459,2.127,97.03376666666666,1746.634902173913,121.8653
2025-11-24,32.84961700439453,6136600,0.06460337717867048,0.14633430608280018,0.2463942271402908,0.5370184396603079,3.7573333333333334,325.80513333333334,4.423333333333334,20.52,121.9171,4.04,52.45666666666666,59.11,148.70327758789062,663.2351684570312,0.00247279732638761,0.014718606876234608,59.1,6.766666666666667,17.066666666666666,0.035854533887065054,60.34550094604492,0.018720002563075155,40.27000045776367,0.03709333960455252,95.62000274658203,0.017871056562224208,13.100000381469727,0.004773265072407051,4.210000038146973,2.123,97.01934666666666,1749.3015434782608,121.9171
2025-11-25,33.9156494140625,7179100,0.038416859525549185,0.15919687172694785,0.20663307082929916,0.43989213999575294,3.7520000000000002,325.8374,4.42,18.56,121.6335,4.01,52.519999999999996,58.25,150.606689453125,669.4734497070312,0.012800066656966314,0.009405836039293458,58.8,6.8,17.2,0.02439432661970309,61.817588806152344,0.024584004283979777,41.2599983215332,0.034407036404785485,98.91000366210938,0.027480889022451827,13.460000038146973,0.03800471400530747,4.369999885559082,2.068,97.01454,1750.1904239130433,121.6335
2025-11-26,34.606597900390625,4766200,0.0213919623558958,0.16200807503423764,0.17795818566141297,0.38278314428094107,3.7466666666666666,325.86966666666666,4.416666666666667,17.19,121.2437,4.0,52.58333333333333,58.81,151.4790802001953,674.09521484375,0.005792509949180236,0.006903582418005261,58.5,6.833333333333333,17.333333333333332,0.034110968700613586,63.926246643066406,0.03029568712676456,42.5099983215332,0.027095264144731956,101.58999633789062,0.03491829611417385,13.930000305175781,0.03432496551386999,4.519999980926514,2.048,97.00973333333333,1751.079304347826,121.2437
2025-11-28,34.359832763671875,2546100,0.08733101341767457,0.18270590361691896,0.19074600565057565,0.3777107130898487,3.736,325.9342,4.41,16.35,121.0527,4.02,52.71,58.58,152.36138916015625,677.7747192382812,0.005824625808361628,0.0054584342293309,57.9,6.9,17.6,-0.0026450836686879864,63.75715637207031,0.008233411024179293,42.86000061035156,0.0036421179242038804,101.95999908447266,0.008614492672659457,14.050000190734863,0.011061989147312934,4.570000171661377,2.05,97.00012,1752.8570652173912,121.0527
2025-12-01,34.320350646972656,6694000,0.0914579886302731,0.19988487112301456,0.19384899688491797,0.3619642778147165,3.72,326.031,4.4,17.24,120.9862,4.09,52.9,59.47,150.13082885742188,674.6802978515625,-0.014639931514339843,-0.004565560353440801,57.0,7.0,18.0,0.0007800853391104479,63.80689239501953,-0.007932807926880336,42.52000045776367,-0.008238489068587596,101.12000274658203,-0.00640570472356583,13.960000038146973,-0.021881920725042914,4.46999979019165,2.089,96.9857,1755.523706521739,120.9862
2025-12-02,34.9718132019043,7239000,0.07677124707299621,0.19023422684829527,0.17075922720007553,0.2444632763616328,3.71741935483871,326.0489677419355,4.396774193548388,16.59,121.1467,4.09,53.01290322580645,58.81,151.43942260742188,675.9300537109375,0.008716355994029534,0.001852367504067809,57.064516129032256,7.064516129032258,17.93548387096774,0.015432550105538567,64.79159545898438,0.0032925538132930754,42.65999984741211,0.032238868851752756,104.37999725341797,0.020057287407311275,14.239999771118164,0.020134263268954733,4.559999942779541,2.051,96.99000967741935,1756.4125869565216,121.1467
2025-12-03,35.21858215332031,6539400,0.11631168262867275,0.1485425146820849,0.19464588609171662,0.1698748096365601,3.7148387096774194,326.06693548387096,4.393548387096774,16.08,120.7336,4.06,53.1258064516129,59.09,152.8768768310547,678.2706298828125,0.009491942051041313,0.003462749080359595,57.12903225806452,7.129032258064516,17.870967741935484,0.03607605608991804,67.12902069091797,0.06352552963351821,45.369998931884766,0.03927961497796817,108.4800033569336,0.022471956014182393,14.5600004196167,0.03289475816879062,4.710000038146973,2.03,96.99431935483871,1757.3014673913042,120.7336
2025-12-04,35.346900939941406,10861300,0.1376710585757921,0.1373917572435419,0.19143084518439402,0.20685673978505026,3.712258064516129,326.08490322580644,4.390322580645162,15.78,120.6766,4.11,53.23870967741935,59.82,153.6699676513672,678.7665405273438,0.005187774873167683,0.000731139787988333,57.193548387096776,7.193548387096774,17.806451612903224,-0.003704168837906807,66.88036346435547,0.042979960521203564,47.31999969482422,-0.034568583001065245,104.7300033569336,-0.015109908014315887,14.34000015258789,-0.012738841251293542,4.650000095367432,2.05,96.99862903225807,1758.190347826087,120.6766
2025-12-05,37.360511779785156,15212300,0.08771467843951619,0.09009260316235701,0.13146220366814476,0.13623857623071833,3.709677419354839,326.1028709677419,4.387096774193549,15.41,120.6863,4.14,53.351612903225806,60.23,153.2436981201172,680.0557861328125,-0.002773928684732252,0.001899394752821859,57.25806451612903,7.258064516129032,17.741935483870968,-0.00208210155823374,66.7411117553711,0.04923926132885281,49.650001525878906,0.0021005784804457583,104.94999694824219,0.032775471550046564,14.8100004196167,0.0301074975514668,4.789999961853027,2.098,97.00293870967741,1759.0792282608695,120.6863
2025-12-08,37.45922088623047,12448300,0.09934132474380597,0.11304356238626201,0.1358909784504838,0.1075730342342085,3.701935483870968,326.1567741935484,4.37741935483871,16.66,120.776,4.17,53.69032258064516,59.04,153.05532836914062,678.0127563476562,-0.0012292169484771076,-0.0030042091058060105,57.45161290322581,7.451612903225806,17.548387096774192,0.0017884310629843192,66.8604736328125,-0.009264912085252486,49.189998626708984,-0.004287727120793616,104.5,0.00337604562079008,14.859999656677246,0.03340289116624806,4.949999809265137,2.028,97.01586774193548,1761.7458695652174,120.776
2025-12-09,37.65664291381836,8837400,0.1053733372652057,0.08938381271347517,0.17205838688753627,0.020859218132104562,3.6993548387096777,326.1747419354839,4.374193548387097,16.93,120.6832,4.18,53.803225806451614,58.4,151.93508911132812,677.4276123046875,-0.007319178428801254,-0.000863028073573191,57.516129032258064,7.516129032258064,17.483870967741936,0.0028265987610480714,67.0494613647461,0.007115314059559896,49.540000915527344,0.011483224385092639,105.69999694824219,0.011440113070094071,15.029999732971191,0.002020248336801478,4.960000038146973,1.996,97.02017741935484,1762.63475,120.6832
2025-12-10,39.31491470336914,17176500,0.02887261018133902,0.04142596536113463,0.1057270650229003,-0.01865426425667971,3.696774193548387,326.1927096774194,4.370967741935484,15.77,120.6752,4.13,53.91612903225806,58.67,154.7108917236328,681.92041015625,0.01826966126482321,0.00663214455678518,57.58064516129032,7.580645161290323,17.419354838709676,0.037383081860931755,69.55597686767578,0.04461039652060195,51.75,0.019299914611409674,107.73999786376953,0.007318736680364424,15.140000343322754,0.014112937726413533,5.03000020980835,2.013,97.0244870967742,1763.5236304347825,120.6752
2025-12-11,40.2131462097168,22816800,-0.0002455027137631127,0.01767078826007551,0.06500443242438192,-0.003930509830780471,3.694193548387097,326.21067741935485,4.367741935483871,14.85,119.98,4.14,54.02903225806452,57.76,156.366455078125,683.5072631835938,0.010701013587650854,0.0023270355362734474,57.645161290322584,7.645161290322581,17.35483870967742,0.009008931931575814,70.18260192871094,0.015458922455276358,52.54999923706055,0.006033056791970637,108.38999938964844,-0.01188905555442521,14.960000038146973,-0.027833069082135897,4.889999866485596,1.972,97.02879677419354,1764.4125108695653,119.98
2025-12-12,40.637577056884766,20008600,0.002186165885204705,0.0031386767374170788,0.03802411682005369,0.007471864226228808,3.6916129032258067,326.22864516129033,4.364516129032258,15.74,120.1442,4.19,54.14193548387097,57.61,155.385009765625,676.1581420898438,-0.006276571992436919,-0.010752074615154483,57.70967741935484,7.709677419354839,17.29032258064516,-0.010629228868349938,69.43661499023438,-0.021883876838776684,51.400001525878906,-0.014300240432567501,106.83999633789062,0.0,14.960000038146973,0.010224988159518666,4.940000057220459,1.939,97.0331064516129,1765.3013913043478,120.1442
2025-12-15,41.18046951293945,18835600,0.012464043090210541,-0.0064748143459513186,0.03758017558338134,-0.028295226782463656,3.6838709677419357,326.28254838709677,4.354838709677419,16.5,119.9561,4.18,54.48064516129032,56.97,155.63284301757812,675.1365356445312,0.0015949624247986183,-0.001510898681416406,57.903225806451616,7.903225806451613,17.096774193548388,0.020913844729857578,70.88880157470703,0.009533032086056048,51.88999938964844,0.008049425681668332,107.69999694824219,0.024732612607995197,15.329999923706055,-0.010121495982936546,4.889999866485596,1.916,97.04603548387097,1767.9680326086957,119.9561
2025-12-16,41.62464904785156,12565100,-0.014465270703281186,-0.015647768092310832,0.02698445661573512,-0.022398899818286022,3.6812903225806455,326.30051612903225,4.351612903225806,16.48,119.8902,4.15,54.593548387096774,55.44,154.7108917236328,673.2918701171875,-0.005923886475820428,-0.002732285145230273,57.96774193548387,7.967741935483871,17.032258064516128,-0.0018240254545615064,70.7594985961914,0.010213890644265478,52.41999816894531,0.044382604866632924,112.4800033569336,0.0430528278341018,15.989999771118164,0.010224988159518666,4.940000057220459,1.867,97.05034516129032,1768.8569130434782,119.8902
2025-12-17,40.45003890991211,12332900,0.012201078204991056,0.012201078204991056,0.038670242136379374,-0.02994774954296764,3.678709677419355,326.3184838709678,4.348387096774194,17.62,120.155,4.16,54.70645161290322,56.07,152.2027587890625,665.8832397460938,-0.016211741181420547,-0.011003593983400228,58.03225806451613,8.032258064516128,16.967741935483872,-0.019960561055589632,69.34709930419922,-0.022510426014809903,51.2400016784668,-0.01964799651413729,110.2699966430664,-0.030018733527646724,15.510000228881836,-0.03441297051109704,4.769999980926514,1.915,97.05465483870967,1769.7457934782608,120.155
2025-12-18,40.20327377319336,10585500,0.017920690552001517,0.04652507954466856,0.0566352915970485,-0.0007141063134076253,3.6761290322580646,326.33645161290326,4.345161290322581,16.87,120.0528,4.12,54.81935483870968,56.22,153.19412231445312,670.9114990234375,0.006513439922364084,0.00755126270975226,58.096774193548384,8.096774193548388,16.903225806451612,0.0061675810771220085,69.7748031616211,0.012295027962161864,51.869998931884766,0.023397133486871446,112.8499984741211,0.0064474162681955605,15.609999656677246,-0.006289352186228392,4.739999771118164,1.861,97.05896451612902,1770.6346739130433,120.0528
2025-12-19,40.726417541503906,17197900,0.0009504330479068734,0.03405579483160004,0.033082132514364204,-0.02626274963737052,3.6735483870967744,326.35441935483874,4.341935483870968,14.91,120.1652,4.16,54.93225806451613,56.8,154.5126190185547,676.9923095703125,0.00860670555881482,0.009063506223587092,58.16129032258065,8.161290322580646,16.838709677419356,0.012972139482892331,70.679931640625,0.0025062863079281517,52.0,0.010101899911942436,113.98999786376953,0.010890459963669885,15.779999732971191,0.012658316986067009,4.800000190734863,1.853,97.06327419354838,1771.5235543478261,120.1652
2025-12-22,41.69374465942383,7295900,-0.01870570867717647,0.01386928264239895,-0.0025371085288659057,-0.04025749867449113,3.6658064516129034,326.4083225806452,4.332258064516129,14.08,119.9912,4.17,55.27096774193548,58.18,156.22557067871094,681.2098388671875,0.011086160282808732,0.006229803850433591,58.354838709677416,8.35483870967742,16.64516129032258,0.014072619643874962,71.6745834350586,0.028461529658390994,53.47999954223633,0.01780856932485375,116.0199966430664,0.03041828289183801,16.260000228881836,0.0333333002196432,4.960000038146973,1.949,97.07620322580645,1774.1901956521738,119.9912
2025-12-23,41.02253723144531,8845300,-0.00119985359610153,0.03722475341767173,0.015716566367349527,-0.04057296147635836,3.663225806451613,326.42629032258066,4.329032258064516,14.0,119.7057,4.18,55.383870967741935,58.55,156.1658935546875,684.3233032226562,-0.00038199331750987664,0.004570492347330646,58.41935483870968,8.419354838709678,16.580645161290324,-0.021648659203955978,70.1229248046875,-0.043006717590640564,51.18000030517578,-0.02146179913648827,113.52999877929688,-0.04059039594844438,15.600000381469727,-0.04637097123076095,4.730000019073486,1.995,97.0805129032258,1775.0790760869565,119.7057
2025-12-24,40.943572998046875,2013300,0.0,0.07796611085396288,0.0009685914020090003,-0.09149191772153309,3.6606451612903226,326.44425806451613,4.325806451612904,13.47,119.4372,4.15,55.49677419354838,58.72,156.6732177734375,686.7305297851562,0.003248623673211659,0.003517674396244841,58.483870967741936,8.483870967741936,16.516129032258064,0.006524862171793044,70.5804672241211,0.00390779135886854,51.380001068115234,0.011274542350565797,114.80999755859375,0.0051282001121668586,15.680000305175781,0.002114112474493446,4.739999771118164,1.962,97.08482258064515,1775.967956521739,119.4372
2025-12-26,40.923744201660156,5291000,0.028100803194358148,0.062257769777050775,-0.010174298563541795,-0.11708427192835436,3.655483870967742,326.4801935483871,4.319354838709677,13.6,119.4723,4.14,55.72258064516129,56.6,156.38475036621094,686.660888671875,-0.001841204331704649,-0.00010140966545213459,58.61290322580645,8.612903225806452,16.387096774193548,-0.0015501901769114923,70.47105407714844,0.0021409226949165028,51.4900016784668,-0.006706703766572564,114.04000091552734,-0.015306168375089801,15.4399995803833,-0.010548463356974014,4.690000057220459,1.892,97.09344193548387,1777.7457173913042,119.4723
2025-12-29,40.7651252746582,4953500,0.033073927230229394,0.05058376900663686,0.1794747552785414,-0.08238588484936793,3.647741935483871,326.5340967741936,4.309677419354839,14.2,119.5899,4.12,56.061290322580646,57.89,156.0465087890625,684.2138671875,-0.0021628808202613925,-0.0035636535074947684,58.806451612903224,8.806451612903226,16.193548387096776,-0.018630839181870917,69.15811920166016,-0.02330551027038119,50.290000915527344,-0.022711363964330822,111.44999694824219,-0.01943000292834851,15.140000343322754,-0.03411510564179687,4.53000020980835,1.909,97.10637096774192,1780.412358695652,119.5899
2025-12-30,40.91383361816406,6535800,0.033195944995932924,0.031015216707834137,0.15144169178791556,-0.06965985897291982,3.645161290322581,326.55206451612906,4.306451612903226,14.33,119.4939,4.14,56.174193548387095,57.79,155.59889221191406,683.3782958984375,-0.002868481843150361,-0.0012212136133650242,58.87096774193548,8.870967741935484,16.129032258064516,-0.002732800768873278,68.96912384033203,-0.0031815439351624564,50.130001068115234,0.0006280816217225649,111.5199966430664,0.01254950964826751,15.329999923706055,0.013245019867687668,4.590000152587891,1.933,97.11068064516128,1781.3012391304346,119.4939
2025-12-31,40.97331619262695,6352100,0.038470766301064385,0.04282598428121864,0.20106454677160013,-0.086319509829196,3.6425806451612903,326.57003225806454,4.3032258064516125,14.95,119.7456,4.18,56.28709677419355,57.26,154.3057098388672,678.3152465820312,-0.008310999870652425,-0.0074088529688375315,58.935483870967744,8.935483870967742,16.06451612903226,0.0008654942891646034,69.02881622314453,0.0033911463260158925,50.29999923706055,0.002690127876509907,111.81999969482422,0.0,15.329999923706055,-0.008714588349299945,4.550000190734863,1.911,97.11499032258064,1782.1901195652174,119.7456
2026-01-02,40.943572998046875,6338700,0.07796611085396288,0.04406783419384808,0.23946726727532508,-0.07155147547141971,3.64,326.6161290322581,4.3032258064516125,14.51,119.6059,4.19,56.406451612903226,57.21,157.15069580078125,679.55859375,0.018437334333803568,0.0018329931020035772,59.096774193548384,9.03225806451613,16.06451612903226,-0.004899231797536263,68.69062805175781,0.024254497797372432,51.52000045776367,0.010642125242836364,113.01000213623047,0.009784710976959321,15.479999542236328,0.008791200038733793,4.590000152587891,1.877,97.13947096774193,1783.079,119.6059
2026-01-05,42.073734283447266,7849900,0.03322336338670806,-0.0014137697895356682,0.2391612871697104,-0.10382689792904898,3.64,326.7005161290323,4.312903225806451,14.9,119.6192,4.17,56.4258064516129,58.1,159.01087951660156,684.0845947265625,0.011836942282320129,0.0066602071082446646,59.38709677419355,9.129032258064516,16.258064516129032,0.03996526652433552,71.43586730957031,0.008734486780689554,51.970001220703125,0.01663567133776067,114.88999938964844,0.022609844432796677,15.829999923706055,0.04575164077686855,4.800000190734863,1.88,97.19998387096774,1783.079,119.6192
2026-01-06,42.11338806152344,7993200,0.016949263082607136,0.008710053069936663,0.2361111262080413,-0.04485599883765712,3.64,326.72864516129033,4.316129032258065,14.75,119.7807,4.18,56.43225806451613,56.97,161.16949462890625,688.1529541015625,0.01357526679222798,0.005947158299371091,59.483870967741936,9.161290322580646,16.322580645161292,0.005569545249391128,71.83373260498047,-0.023859950920548045,50.72999954223633,0.022978495984623537,117.52999877929688,-0.010107381439244612,15.670000076293945,0.05624999379118312,5.070000171661377,1.835,97.22015483870968,1783.079,119.7807
2026-01-07,42.27200698852539,10053400,-0.0021106628405394012,-0.0046904019752822546,0.27251410545264654,-0.05291519907361497,3.64,326.7567741935484,4.319354838709677,15.38,119.8719,4.15,56.438709677419354,56.01,158.13551330566406,685.9347534179688,-0.018824786478532696,-0.003223412281198157,59.58064516129032,9.193548387096774,16.387096774193548,-0.007892609027070674,71.26677703857422,-0.01833235390434984,49.79999923706055,-0.007912875987705736,116.5999984741211,0.02042116740690547,15.989999771118164,-0.007889538559901044,5.03000020980835,1.821,97.24032580645161,1783.079,119.8719
2026-01-08,42.549591064453125,8238400,0.004193876343449698,-0.02260016926480979,0.24324330381957515,-0.07430366537207778,3.64,326.7849032258065,4.32258064516129,15.45,120.0904,4.19,56.44516129032258,57.74,159.32920837402344,685.8651123046875,0.007548557837555814,-0.00010152731427326422,59.67741935483871,9.225806451612904,16.451612903225808,-0.005024473082820502,70.90869903564453,-0.024497940254945894,48.58000183105469,-0.009691228715314026,115.47000122070312,-0.016260177148436195,15.729999542236328,0.0019880221923607166,5.039999961853027,1.922,97.26049677419354,1783.079,120.0904
2026-01-09,44.13578414916992,12343400,-0.03144651424455336,-0.055929979184837,0.21451035446970246,-0.11005363817640745,3.64,326.81303225806454,4.325806451612904,14.49,120.2215,4.18,56.45161290322581,58.96,161.0799560546875,690.4010009765625,0.01098824062788406,0.006613382996888628,59.774193548387096,9.258064516129032,16.516129032258064,0.014307717385515284,71.9232406616211,0.028818395603408486,49.97999954223633,0.016021464056150014,117.31999969482422,0.016528940651505675,15.989999771118164,0.029761923909277677,5.190000057220459,1.909,97.28066774193549,1783.079,120.2215
2026-01-12,43.47156524658203,8381800,-0.03352337394182603,-0.05724051208294978,0.17286213090600833,-0.05500047824595178,3.64,326.8974193548387,4.335483870967742,15.12,119.9958,4.19,56.47096774193548,59.39,162.31344604492188,691.4852294921875,0.007657625569599702,0.00157043300066384,60.064516129032256,9.35483870967742,16.70967741935484,-0.017701582974996688,70.65008544921875,-0.026210511910548906,48.66999816894531,-0.017303092265405384,115.29000091552734,0.0006254051923064718,16.0,-0.05780350432125636,4.889999866485596,1.953,97.34118064516129,1783.079,119.9958
2026-01-13,42.827178955078125,7418300,-0.008101888965134418,-0.05416665775947882,0.17662035997865133,-0.03055263399795205,3.64,326.9255483870968,4.338709677419355,15.98,120.1401,4.18,56.47741935483871,60.85,163.14903259277344,690.1026000976562,0.005147981071268237,-0.0019995067653818532,60.16129032258065,9.387096774193548,16.774193548387096,-0.023933376298345355,68.95919036865234,-0.016848155448410007,47.849998474121094,-0.007632901781853052,114.41000366210938,-0.04062497615814209,15.350000381469727,-0.010224890646804763,4.840000152587891,2.021,97.36135161290322,1783.079,120.1401
2026-01-14,42.18278503417969,8868400,-0.002585195611054636,0.13983550678949586,0.20117509877948603,-0.04099859612492862,3.64,326.95367741935485,4.341935483870968,16.75,119.9537,4.15,56.483870967741936,61.84,163.40768432617188,686.7105712890625,0.00158537092919242,-0.004915252903138989,60.25806451612903,9.419354838709678,16.838709677419356,-0.012116120836601296,68.12367248535156,-0.0012538675132079957,47.790000915527344,-0.03199024163060582,110.75,-0.013680783904115201,15.140000343322754,0.0,4.840000152587891,2.037,97.38152258064517,1783.079,119.9537
2026-01-15,42.7280387878418,7874600,-0.026682143995763186,0.10255221478204568,0.25893269817003084,-0.005001116428243857,3.64,326.9818064516129,4.345161290322581,15.84,119.9951,4.17,56.49032258064516,59.13,164.9097442626953,688.5806884765625,0.00919210098789014,0.0027232975079871657,60.354838709677416,9.451612903225806,16.903225806451612,0.04161200460606018,70.95843505859375,0.03912950190543296,49.65999984741211,0.04758461980195405,116.0199966430664,0.03764859193517833,15.710000038146973,0.028925591337169543,4.980000019073486,2.017,97.4016935483871,1783.079,119.9951
2026-01-16,42.747867584228516,6841900,-0.02527838193797538,0.15120590157304536,0.2708720083361762,-0.02595899357287379,3.64,327.00993548387095,4.348387096774194,15.86,120.0838,4.24,56.49677419354839,59.4,166.02386474609375,688.0037231445312,0.006755940883782285,-0.000837905189162047,60.45161290322581,9.483870967741936,16.967741935483872,-0.012755863452329819,70.05329895019531,0.0076520553621193255,50.040000915527344,-0.02180657518100415,113.48999786376953,-0.021642275732800975,15.369999885559082,0.08032130398301685,5.380000114440918,2.047,97.42186451612903,1783.079,120.0838
2026-01-20,42.014251708984375,9655100,-0.024539794860694575,0.20788105159861492,0.2288816450368012,-0.030279420769464882,3.64,327.1224516129032,4.361290322580645,20.09,119.4455,4.3,56.52258064516129,60.3,162.6715545654297,673.9981689453125,-0.02019173680718056,-0.02035680001149731,60.83870967741935,9.612903225806452,17.225806451612904,-0.0421694514914247,67.09918975830078,-0.048761039104000536,47.599998474121094,-0.04335182184822273,108.56999969482422,-0.03773584437375277,14.789999961853027,-0.040892242072316565,5.159999847412109,2.071,97.50254838709678,1783.079,119.4455
2026-01-21,42.48019790649414,11975200,-0.0464410288535424,0.22730461014972358,0.21563589351189294,-0.07771349835294383,3.64,327.1505806451613,4.364516129032258,16.9,119.3431,4.26,56.52903225806452,60.38,165.48670959472656,681.77685546875,0.01730576090464897,0.0115411092816613,60.935483870967744,9.64516129032258,17.29032258064516,0.022087079617843397,68.58121490478516,0.02857144230983444,48.959999084472656,0.022013441985506255,110.95999908447266,0.024340747640687832,15.149999618530273,0.06976746979846427,5.519999980926514,2.124,97.52271935483871,1783.079,119.3431
2026-01-22,42.073734283447266,10195500,0.14278984207358225,0.237276139894393,0.19934036165415336,-0.106666677546701,3.64,327.17870967741936,4.367741935483871,15.64,119.1962,4.26,56.535483870967745,59.24,164.63121032714844,685.3379516601562,-0.00516959500659131,0.005223257672714476,61.03225806451613,9.67741935483871,17.35483870967742,0.0,68.58121490478516,-0.0020424525324962417,48.86000061035156,-0.005046841773740707,110.4000015258789,-0.008580802906925311,15.020000457763672,-0.023550745451107358,5.389999866485596,2.081,97.54289032258065,1783.079,119.1962
2026-01-23,41.58796310424805,7012900,0.13277713747937891,0.29344457250412415,0.20715141714368013,-0.05553247627621816,3.64,327.2068387096774,4.370967741935484,16.09,118.8976,4.24,56.541935483870965,60.7,163.35794067382812,685.5865478515625,-0.007734072116642565,0.00036273518897367296,61.12903225806452,9.709677419354838,17.419354838709676,-0.014358203851185136,67.59651184082031,0.041137910282943446,50.869998931884766,-0.024094235736816016,107.73999786376953,-0.023302288335737997,14.670000076293945,-0.020408100074586488,5.28000020980835,2.105,97.56306129032258,1783.079,118.8976
2026-01-26,41.66727066040039,6183500,0.1810612181372493,0.26956945661951015,0.18700940461831084,-0.08719923646126349,3.64,327.2912258064516,4.380645161290323,16.15,118.0525,4.22,56.561290322580646,60.46,163.51712036132812,689.068115234375,0.0009744227115218163,0.00507823176187272,61.41935483870968,9.806451612903226,17.612903225806452,-0.0067686153853099285,67.13897705078125,-0.020837381184400927,49.810001373291016,0.0001856717361943261,107.76000213623047,-0.006816658551442201,14.569999694824219,-0.03787884055965873,5.079999923706055,2.064,97.6235741935484,1783.079,118.0525
2026-01-27,40.98323059082031,7890600,0.23826789164209683,0.3079341496278496,0.23197869820546502,-0.0765799215675178,3.64,327.31935483870967,4.383870967741935,16.35,117.4523,4.24,56.56774193548387,62.04,164.1935272216797,691.8134765625,0.004136611865821038,0.003984165378470905,61.516129032258064,9.838709677419354,17.677419354838708,-0.020148203871800607,65.78624725341797,0.039951772915159944,51.79999923706055,-0.03452116877280953,104.04000091552734,-0.07000683084788917,13.550000190734863,-0.06889762005689759,4.730000019073486,2.143,97.64374516129033,1783.079,117.4523
2026-01-28,40.50737380981445,10626300,0.287077828730554,0.25868818078185174,0.20557993325965862,-0.08514982674538896,3.64,327.3474838709677,4.387096774193549,16.35,117.5117,4.26,56.5741935483871,62.75,163.27835083007812,691.7438354492188,-0.0055737665612479725,-0.0001006645803248718,61.61290322580645,9.870967741935484,17.741935483870968,-0.004687027955747269,65.4779052734375,0.011003855274507535,52.369998931884766,0.008362194722474126,104.91000366210938,-0.008118126110933765,13.4399995803833,0.06553909968910832,5.039999961853027,2.189,97.66391612903226,1783.079,117.5117
2026-01-29,48.08143615722656,34535300,0.08268037949074358,0.048041297148741835,-0.004742285544728553,-0.21476699147748457,3.64,327.3756129032258,4.390322580645162,16.88,117.4396,4.24,56.58064516129032,64.77,164.98931884765625,690.3711547851562,0.010478841860417365,-0.001984377154833794,61.70967741935484,9.903225806451612,17.806451612903224,0.01078542864866372,66.18411254882812,0.017758264734459628,53.29999923706055,-0.009246031711401592,103.94000244140625,0.005208381747325852,13.510000228881836,0.0019841724122076076,5.050000190734863,2.248,97.68408709677419,1783.079,117.4396
2026-01-30,47.109893798828125,14685000,0.14183499093410168,0.07554712809573383,0.004840085198066779,-0.18082013503945393,3.64,327.4037419354839,4.393548387096774,17.44,117.8996,4.26,56.58709677419355,64.5,164.571533203125,688.3121337890625,-0.002532198129243879,-0.0029824841055743345,61.806451612903224,9.935483870967742,17.870967741935484,-0.009768660883534563,65.53758239746094,-0.04634141541016046,50.83000183105469,-0.015585941009528703,102.31999969482422,-0.015544044011045366,13.300000190734863,-0.03564362344104943,4.869999885559082,2.277,97.70425806451614,1783.079,117.8996
2026-02-02,49.21159744262695,13003200,0.07493958579205118,0.09307008823284324,-0.05016105933673243,-0.22410033700178866,3.64,327.56117857142857,4.396428571428571,16.34,118.3609,4.29,56.48214285714286,61.6,166.6505584716797,691.73388671875,0.01263295800974662,0.00497122273706152,62.32142857142857,9.928571428571429,18.357142857142858,0.04841410072150154,68.71052551269531,0.03560884307283119,52.63999938964844,0.04915948782544133,107.3499984741211,0.029323261959057767,13.6899995803833,0.08213554512671428,5.269999980926514,2.082,97.74928571428572,1783.079,118.3609
2026-02-03,50.74821853637695,10884600,0.056261055023696604,0.07052168323731611,-0.1424105418330628,-0.22091157401738404,3.64,327.6623571428571,4.392857142857143,18.0,117.9764,4.28,56.364285714285714,62.62,168.05316162109375,685.885009765625,0.00841643233768341,-0.008455385901172563,62.642857142857146,9.857142857142858,18.714285714285715,0.019687262728311117,70.06324768066406,0.047492401766471515,55.13999938964844,0.032696806577753534,110.86000061035156,0.023374774164133028,14.010000228881836,0.056926032603537235,5.570000171661377,2.15,97.75397142857143,1783.079,117.9764
2026-02-04,52.13614273071289,12376600,-0.02205744463542103,-0.009697686654676407,-0.20973570474722025,-0.20746793577049594,3.64,327.7635357142857,4.389285714285714,18.64,118.2602,4.29,56.246428571428574,64.56,168.5008087158203,682.5626831054688,0.0026637231362292013,-0.004843853725993386,62.964285714285715,9.785714285714286,19.071428571428573,0.005962542999108145,70.48100280761719,0.018135654897880382,56.13999938964844,-0.012448107936318342,109.4800033569336,0.029978591679685307,14.430000305175781,0.07001792719321753,5.960000038146973,2.167,97.75865714285715,1783.079,118.2602
2026-02-05,52.056827545166016,7803300,-0.03199382107422588,-0.00799845526855647,-0.1805369700473789,-0.20836426643393102,3.64,327.8647142857143,4.385714285714286,21.77,118.5034,4.21,56.128571428571426,62.9,167.4861602783203,674.0379638671875,-0.006021623547286525,-0.012489284060324235,63.285714285714285,9.714285714285714,19.428571428571427,-0.015241360602185394,69.40677642822266,-0.015675117165703023,55.2599983215332,-0.03096462290004376,106.08999633789062,-0.01871105003835849,14.15999984741211,0.013422805905036084,6.039999961853027,2.095,97.76334285714286,1783.079,118.5034
2026-02-06,53.791725158691406,14795400,-0.058053802313537184,-0.06192397542957051,-0.2108367116562886,-0.23537693092023948,3.64,327.9658928571428,4.382142857142857,17.76,118.2407,4.22,56.010714285714286,63.77,172.27090454101562,686.96923828125,0.028567997825875713,0.01918478647681998,63.607142857142854,9.642857142857142,19.785714285714285,0.07982227664627417,74.94698333740234,0.07582342686705301,59.45000076293945,0.09256299050989303,115.91000366210938,0.07627118187458426,15.239999771118164,0.05298016120569704,6.360000133514404,2.106,97.76802857142857,1783.079,118.2407
2026-02-09,52.89949417114258,8403300,0.016866531552499175,-0.050974505824319616,-0.21570473239714916,-0.24732490894937254,3.64,328.26942857142853,4.371428571428572,17.36,117.6392,4.22,55.65714285714286,64.53,172.7881622314453,690.2816162109375,0.0030025830061544134,0.004821726716577324,64.57142857142857,9.428571428571429,20.857142857142858,-0.004645007136494073,74.5988540649414,0.012783823579140874,60.209999084472656,0.002501883159094387,116.19999694824219,-0.016404199721432033,14.989999771118164,-0.03144658520498789,6.159999847412109,2.165,97.78208571428571,1783.079,117.6392
2026-02-10,53.60336685180664,8464700,0.013501045168516024,-0.07730717222653527,-0.28284111054518923,-0.2666813314535268,3.64,328.3706071428571,4.367857142857143,17.79,117.5216,4.16,55.53928571428571,64.2,172.99708557128906,688.4613037109375,0.0012091299377552378,-0.002637057770699447,64.89285714285714,9.357142857142858,21.214285714285715,-0.007199968172867943,74.0617446899414,-0.01777112956475957,59.13999938964844,0.0013769678684298903,116.36000061035156,0.007338266312952424,15.100000381469727,-0.024350588026928244,6.010000228881836,2.143,97.78677142857143,1783.079,117.5216
2026-02-11,50.98615264892578,10556400,0.01263853169385487,-0.009721964722573029,-0.2432940731785822,-0.23040572318096886,3.64,328.4717857142857,4.364285714285715,17.65,117.4601,4.18,55.42142857142857,64.8,173.92218017578125,688.3021850585938,0.0053474577414829305,-0.00023112214366449724,65.21428571428571,9.285714285714286,21.571428571428573,-0.040827321695432794,71.03800201416016,-0.02773079821734825,57.5,-0.020797509077445153,113.94000244140625,-0.04966887291740585,14.350000381469727,-0.03327791655334178,5.809999942779541,2.176,97.79145714285714,1783.079,117.4601
2026-02-12,50.39133071899414,13189800,0.02478844280962944,-0.030887330868746177,-0.20511946258020097,-0.22290196244677718,3.64,328.57296428571425,4.360714285714286,20.82,117.5376,4.09,55.30357142857143,63.08,171.84315490722656,677.668701171875,-0.011953767290942663,-0.01544885969788623,65.53571428571429,9.214285714285714,21.928571428571427,-0.02688320264871158,69.1282730102539,-0.031478284752887276,55.689998626708984,-0.040723181413257925,109.30000305175781,-0.020905936080828025,14.050000190734863,-0.030981037884917795,5.630000114440918,2.11,97.79614285714285,1783.079,117.5376
2026-02-13,50.66891098022461,9161900,-0.004108698698013669,-0.055566434489880745,-0.19198548531829462,-0.24346881860269165,3.64,328.67414285714284,4.357142857142858,20.6,117.5258,4.04,55.18571428571428,63.05,173.25570678710938,678.1461181640625,0.00822000667204592,0.0007044991031190939,65.85714285714286,9.142857142857142,22.285714285714285,-0.0071941922004294945,68.63095092773438,-0.007541716274057864,55.27000045776367,-9.151085042269358e-05,109.29000091552734,-0.012099649394029965,13.880000114440918,0.0497335217192969,5.909999847412109,2.177,97.80082857142857,1783.079,117.5258
2026-02-17,53.791725158691406,12962200,-0.06671577367507875,-0.11997784865916872,-0.2561075393842982,-0.28997967403858027,3.64,329.07885714285715,4.3428571428571425,20.29,117.7375,4.05,54.714285714285715,62.53,174.16091918945312,679.2402954101562,0.005224719111019294,0.0016134830190519533,67.14285714285714,8.857142857142858,23.714285714285715,0.026811564236544294,70.47105407714844,0.03274835097340345,57.08000183105469,0.04327930906684663,114.0199966430664,0.03746394090792138,14.399999618530273,0.027072813600719225,6.070000171661377,2.183,97.81957142857144,1783.079,117.7375
2026-02-18,54.32706832885742,13316600,-0.0895985434133939,-0.13959849075045738,-0.25097554578989667,-0.31548658973430843,3.64,329.18003571428574,4.339285714285714,19.62,117.8426,4.09,54.59642857142857,65.33,174.1211395263672,682.662109375,-0.00022840751685893057,0.005037707550576753,67.46428571428571,8.785714285714286,24.071428571428573,0.003669784563498313,70.72966766357422,-0.021723924994553334,55.84000015258789,0.02552187114352389,116.93000030517578,-0.020833280903320373,14.100000381469727,0.06425038804881145,6.460000038146973,2.311,97.82425714285715,1783.079,117.8426
2026-02-19,51.63054275512695,9750000,-0.022081419693782744,-0.1570660520854752,-0.24001086988886366,-0.2344184036853002,3.64,329.28121428571427,4.335714285714285,20.23,118.2354,4.08,54.47857142857143,66.66,175.41432189941406,680.8616943359375,0.007426911956609716,-0.002637344323549562,67.78571428571429,8.714285714285714,24.428571428571427,-0.051610243435243564,67.07929229736328,-0.06643981150312939,52.130001068115234,-0.05883859775474087,110.05000305175781,-0.05319148792262818,13.350000381469727,-0.08513934790821287,5.909999847412109,2.399,97.82894285714286,1783.079,118.2354
2026-02-20,51.64045333862305,7074600,-0.05432904134411498,-0.20215006978899308,-0.2220330813493302,-0.21374246661153473,3.64,329.38239285714286,4.332142857142857,19.09,117.9917,4.08,54.36071428571429,66.69,176.29965209960938,685.7855834960938,0.005047080481278998,0.00723184928909637,68.10714285714286,8.642857142857142,24.785714285714285,0.029656115175501263,69.068603515625,0.008632279948574295,52.58000183105469,0.027078561062261253,113.02999877929688,0.017977510431482324,13.59000015258789,0.011844360993009007,5.980000019073486,2.376,97.83362857142858,1783.079,117.9917
2026-02-23,50.46072769165039,8914300,-0.05167003238666046,-0.15461691534540767,-0.21410507441916482,-0.19378193657276543,3.64,329.6859285714286,4.321428571428571,21.01,117.9395,4.03,54.00714285714285,66.36,173.91224670410156,678.7827758789062,-0.013541747627266565,-0.010211366038766267,69.07142857142857,8.428571428571429,25.857142857142858,-0.03686650554072923,66.52228546142578,-0.03708635783629333,50.630001068115234,-0.051844648974949004,107.16999816894531,-0.048565109639563064,12.930000305175781,-0.02508362790785945,5.829999923706055,2.485,97.84768571428572,1783.079,117.9395
2026-02-24,50.20296859741211,9321300,-0.057069511604010414,-0.15442341562840722,-0.20293042608788614,-0.16148041622117004,3.64,329.78710714285717,4.317857142857143,19.55,117.9463,4.04,53.88928571428571,65.62,176.0509490966797,683.7164916992188,0.012297595098158753,0.00726847527019836,69.39285714285714,8.357142857142858,26.214285714285715,0.03513770572537034,68.85972595214844,0.03713208006629731,52.5099983215332,0.05057383840205998,112.58999633789062,0.017014641002477626,13.149999618530273,-0.017152642528509676,5.730000019073486,2.52,97.85237142857143,1783.079,117.9463
2026-02-25,49.459442138671875,10176200,-0.05492076816806701,-0.1611546523171964,-0.2042342228943652,-0.12069187326115405,3.64,329.8882857142857,4.314285714285714,17.93,117.769,4.05,53.77142857142857,65.3,174.67820739746094,689.4859008789062,-0.007797411523552178,0.008438306300538434,69.71428571428571,8.285714285714286,26.571428571428573,0.0021666192828340147,69.00891876220703,0.03446965208812003,54.31999969482422,0.0024869563708935782,112.87000274658203,0.012927762830836187,13.319999694824219,-0.027923184446687066,5.570000171661377,2.47,97.85705714285714,1783.079,117.769
2026-02-26,50.4904670715332,11230300,-0.138032587896453,-0.2386259570937036,-0.26327544299830463,-0.14594379942901714,3.64,329.9894642857143,4.310714285714286,18.63,117.9042,4.02,53.653571428571425,65.1,175.77243041992188,685.6561889648438,0.006264221729566755,-0.005554445579207146,70.03571428571429,8.214285714285714,26.928571428571427,0.019048467701484162,70.32343292236328,0.01804122878759351,55.29999923706055,0.03154068815420086,116.43000030517578,0.04654653902131822,13.9399995803833,0.041292641289970344,5.800000190734863,2.444,97.86174285714286,1783.079,117.9042
2026-02-27,48.834877014160156,9146300,-0.15631338478975954,-0.2099596383937533,-0.26011449979182566,-0.12432944819349201,3.64,330.0906428571429,4.307142857142857,19.86,117.8223,3.97,53.535714285714285,66.96,176.21011352539062,682.3637084960938,0.0024900554906313044,-0.004801940858611298,70.35714285714286,8.142857142857142,27.285714285714285,-0.06821736594125505,65.52615356445312,-0.06690779048799356,51.599998474121094,-0.08700504360445016,106.30000305175781,-0.06241032365477017,13.069999694824219,-0.044827624195111215,5.539999961853027,2.428,97.86642857142857,1783.079,117.8223
2026-03-02,47.85342025756836,10033400,-0.10855597363208236,-0.16296290155189286,-0.21830761194140502,-0.11032304469684573,3.64,330.3611935483871,4.3,21.44,118.667,4.05,53.18709677419355,71.13,177.96087646484375,682.7516479492188,0.009935655249440956,0.0005685229860479257,70.6774193548387,8.0,27.677419354838708,-0.02206995656124533,64.07999420166016,-0.016085233350805028,50.77000045776367,-0.02906871005244116,103.20999908447266,-0.042081044368987186,12.520000457763672,-0.057761764235525925,5.21999979019165,2.738,97.89874193548387,1783.079,118.667
2026-03-03,47.33790969848633,12373400,-0.10324610904246467,-0.13512836168923925,-0.19591333920901088,-0.10946819208646641,3.64,330.4293870967742,4.3,23.57,119.4341,4.06,53.07419354838709,74.48,174.51905822753906,676.7337036132812,-0.01934030841876988,-0.008814250912485666,70.35483870967742,8.0,27.35483870967742,0.0054473739009677224,64.42906188964844,-0.020090613523082945,49.75,-0.006491601345688935,102.54000091552734,-0.004792365608860094,12.460000038146973,-0.0191570706229659,5.119999885559082,2.966,97.92168387096774,1783.079,119.4341
2026-03-04,46.74309158325195,7909800,-0.11240738402769312,-0.14393213127990956,-0.19910047977621925,-0.1294477680967625,3.64,330.4975806451613,4.3,21.15,119.0705,4.09,52.961290322580645,74.58,175.04624938964844,681.50830078125,0.003020822868652129,0.007055355958297538,70.03225806451613,8.0,27.032258064516128,-0.011919400306411698,63.66110610961914,-0.0281407341885207,48.349998474121094,-0.020089697095778014,100.4800033569336,0.0,12.460000038146973,-0.013671815700944112,5.050000190734863,3.126,97.94462580645161,1783.079,119.0705
2026-03-05,43.52113723754883,15598900,-0.11670205599973005,-0.06499909499724121,-0.1265393702495573,-0.05493292242263759,3.64,330.5657741935484,4.3,23.75,119.5683,4.13,52.84838709677419,80.88,171.1567840576172,677.7084350585938,-0.022219643926065458,-0.005575670491907769,69.70967741935483,8.0,26.70967741935484,-0.03947987272818676,61.14777374267578,-0.09410546805902986,43.79999923706055,-0.05025878665448247,95.43000030517578,-0.05377207658448657,11.789999961853027,-0.09702974840561718,4.559999942779541,3.263,97.96756774193548,1783.079,119.5683
2026-03-06,41.201332092285156,14084100,-0.06358552172909082,-0.04763634370496228,-0.08485121587692335,0.00383633181682419,3.64,330.63396774193546,4.3,29.49,119.491,4.15,52.73548387096774,90.77,169.04791259765625,668.8256225585938,-0.012321284672251243,-0.013107129910862048,69.38709677419355,8.0,26.387096774193548,-0.03751434384631058,58.85385513305664,-0.03424657593899694,42.29999923706055,-0.035209060039888995,92.06999969482422,-0.051738732710001845,11.180000305175781,-0.015350915030649892,4.489999771118164,3.424,97.99050967741935,1783.079,119.491
2026-03-09,42.65864562988281,14823200,-0.06103235459604239,-0.05823160186244691,-0.05706453213300389,-0.0425937974952042,3.64,330.83854838709675,4.3,25.5,119.5151,4.12,52.39677419354838,94.65,170.04266357421875,674.6845092773438,0.0058844321782904885,0.00875996152231262,68.41935483870968,8.0,25.419354838709676,0.026605721930350157,60.41970443725586,0.02269501422665665,43.2599983215332,0.026610154842651834,94.5199966430664,0.023255748489304784,11.4399995803833,0.006681561545130776,4.519999980926514,3.1,98.05933548387097,1783.079,119.5151
2026-03-10,42.45045471191406,10990700,-0.03555295713602247,-0.06580906840429279,-0.05689643149452217,0.012528697538814138,3.64,330.90674193548386,4.3,24.93,118.7255,4.15,52.28387096774193,83.71,169.1274871826172,673.6002807617188,-0.005382039850264531,-0.0016070155764896787,68.09677419354838,8.0,25.096774193548388,-0.021624299980370854,59.1131706237793,-0.02126671762923693,42.34000015258789,-0.03618280036403476,91.0999984741211,-0.028846148235173064,11.109999656677246,-0.02433631282712001,4.409999847412109,3.199,98.08227741935484,1783.079,118.7255
2026-03-11,41.48882293701172,7960500,-0.035517135547238454,-0.035517135547238454,-0.05063586527677433,-0.00647937678821886,3.64,330.974935483871,4.3,24.23,119.2885,4.21,52.17096774193548,86.8,168.60028076171875,672.7548217773438,-0.003117213113496886,-0.0012551345486657706,67.7741935483871,8.0,24.774193548387096,-0.0021933816777740534,58.98351287841797,-0.02409070510363065,41.31999969482422,-0.004610298309331129,90.68000030517578,-0.006300602789141241,11.039999961853027,0.0,4.409999847412109,3.544,98.10521935483871,1783.079,119.2885
2026-03-12,38.44213104248047,9838200,0.058533999035859985,0.023828032977638802,0.02175606462556612,0.1521213760648359,3.64,331.04312903225804,4.3,27.29,119.8227,4.27,52.05806451612903,95.61,164.37258911132812,662.5390625,-0.025075234936088764,-0.015184966271003186,67.45161290322581,8.0,24.451612903225808,-0.02029087242195049,57.786685943603516,-0.06461757474987972,38.650001525878906,-0.0457653453011958,86.52999877929688,-0.0443840373923261,10.550000190734863,-0.056689344365103755,4.159999847412109,3.753,98.12816129032258,1783.079,119.8227
2026-03-13,38.58152389526367,10373400,0.017032177944940274,-0.0358709757794089,0.06477412554881079,0.17854342260143574,3.64,331.11132258064515,4.3,27.19,120.5518,4.28,51.94516129032258,98.48,163.78567504882812,658.7890014648438,-0.003570632218383385,-0.00566013575260893,67.12903225806451,8.0,24.129032258064516,0.014497803172116797,58.62446594238281,-0.016817632605879318,38.0,0.0008089644725728373,86.5999984741211,-0.023696682036039474,10.300000190734863,-0.0096153757981291,4.119999885559082,3.792,98.15110322580645,1783.079,120.5518
2026-03-16,40.05508804321289,7977800,0.002982800043542122,-0.09793688711292292,0.036539871951022596,0.15041569204246663,3.64,331.31590322580644,4.3,23.51,120.097,4.23,51.60645161290322,93.39,165.1882781982422,665.493408203125,0.008563649714762311,0.01017686501045656,66.16129032258064,8.0,23.161290322580644,0.03504595117195075,60.67901611328125,0.011578911229183753,38.439998626708984,0.04249423060065616,90.27999877929688,0.01844656086066987,10.489999771118164,0.03398066679891576,4.260000228881836,3.639,98.21992903225807,1783.079,120.097
2026-03-17,40.94121551513672,9829800,-0.031371459420336034,-0.08633258961057888,-0.011916242394358623,0.15849028194192338,3.64,331.38409677419355,4.3,22.37,119.8328,4.2,51.49354838709677,96.01,165.6259765625,667.2440185546875,0.0026496938465121467,0.002630544991105488,65.83870967741936,8.0,22.838709677419356,0.06558192050615341,64.65846252441406,0.01326748580776771,38.95000076293945,0.03223309372459471,93.19000244140625,0.03527167718132773,10.859999656677246,-0.01173713334470583,4.210000038146973,3.806,98.24287096774194,1783.079,119.8328
2026-03-18,40.0152587890625,10974100,0.0,-0.048768322630832306,0.06245347843992621,0.16605518143408426,3.64,331.45229032258067,4.3,25.09,119.9276,4.26,51.38064516129032,96.12,164.31289672851562,657.9335327148438,-0.007927982441141235,-0.013953644515257158,65.51612903225806,8.0,22.516129032258064,-0.015733492988837416,63.64115905761719,-0.027471108443271497,37.880001068115234,-0.0072969233540189915,92.51000213623047,-0.005524812876535612,10.800000190734863,-0.03562947601146671,4.059999942779541,4.171,98.26581290322581,1783.079,119.9276
2026-03-19,40.69230270385742,8901500,-0.032786822237011015,-0.08000980197038732,0.02324452531924126,0.17884705542003676,3.64,331.5204838709677,4.3,24.06,120.1802,4.25,51.26774193548387,96.11,163.1987762451172,656.3121337890625,-0.006780481055234655,-0.002464381043311259,65.19354838709677,8.0,22.193548387096776,0.018805803317215597,64.83798217773438,0.0013199375831758342,37.93000030517578,0.017727806202332275,94.1500015258789,0.0,10.800000190734863,0.012315318088559568,4.110000133514404,4.12,98.28875483870968,1783.079,120.1802
2026-03-20,39.238651275634766,14030000,-0.05201718772679098,-0.03121033207964441,0.03831510968555185,0.2378101212919046,3.64,331.58867741935484,4.3,26.78,120.2757,4.39,51.15483870967741,98.71,160.82131958007812,646.9034423828125,-0.01456785841009145,-0.014335696266852715,64.87096774193549,8.0,21.870967741935484,-0.024150185610448238,63.272132873535156,-0.026891654351621108,36.90999984741211,-0.04460971332520125,89.94999694824219,-0.034259248057837866,10.430000305175781,-0.019464700999327622,4.03000020980835,4.454,98.31169677419355,1783.079,120.2757
2026-03-23,40.174564361572266,8467900,-0.10061955913110743,-0.061462157270540496,-0.02478312486866807,0.22988265417692277,3.64,331.7932580645161,4.3,26.15,119.9371,4.34,50.81612903225806,89.33,162.6498260498047,653.6959228515625,0.011369801432428162,0.010499991225476402,63.903225806451616,8.0,20.903225806451612,0.02663939936369597,64.9576644897461,0.046599870707496605,38.630001068115234,0.044580347662911635,93.95999908447266,0.03643337519868983,10.8100004196167,0.0421835212422661,4.199999809265137,3.929,98.38052258064516,1783.079,119.9371
2026-03-24,39.656829833984375,7379800,-0.05674118393966798,0.014310779353200243,-0.05222205121298984,0.2845201908463033,3.64,331.86145161290324,4.3,26.95,120.1295,4.39,50.70322580645161,93.18,163.59750366210938,651.5015869140625,0.005826490167991416,-0.0033568144771775055,63.58064516129032,8.0,20.580645161290324,0.023337907297879212,66.47364044189453,-0.0038830318853579904,38.47999954223633,-0.004257146975057857,93.55999755859375,-0.009250728731541757,10.710000038146973,-0.002380893452094579,4.190000057220459,3.917,98.40346451612903,1783.079,120.1295
2026-03-25,40.0152587890625,6658600,-0.048768322630832306,0.0004977234941505593,-0.018412432696267578,0.3017534242918809,3.64,331.9296451612903,4.3,25.33,120.1282,4.33,50.59032258064516,91.51,164.69480895996094,655.1322021484375,0.006707347442892031,0.0055726882440485515,63.25806451612903,8.0,20.258064516129032,0.020105056529833742,67.81009674072266,0.02079000121043273,39.279998779296875,-0.006519886984494017,92.94999694824219,0.0028010955055404185,10.739999771118164,0.13365153583101175,4.75,3.819,98.4264064516129,1783.079,120.1282
2026-03-26,39.358131408691406,5037200,-0.04882375552677598,0.000758904920553416,-0.03364526942481594,0.3189142367655413,3.64,331.9978387096774,4.3,27.44,120.389,4.42,50.47741935483871,96.18,160.87420654296875,643.432373046875,-0.023198074311625794,-0.017858729983344035,62.935483870967744,8.0,19.935483870967744,-0.016620040155242988,66.68309020996094,-0.008401171756943993,38.95000076293945,-0.0027971437909859453,92.69000244140625,-0.002793271285895793,10.710000038146973,-0.05052626760382406,4.510000228881836,4.032,98.44934838709678,1783.079,120.389
2026-03-27,37.197566986083984,7164800,0.021948557903969768,0.05594219494193431,0.017398208349216127,0.38718746022892336,3.64,332.0660322580645,4.3,31.05,120.8851,4.44,50.36451612903225,101.26,158.8092803955078,632.4606323242188,-0.012835657075389584,-0.01705189415742525,62.61290322580645,8.0,19.612903225806452,-0.030361935524764294,64.65846252441406,-0.0716303173524454,36.15999984741211,-0.04585176273661906,88.44000244140625,-0.0382819650748617,10.300000190734863,-0.06430164611368216,4.21999979019165,4.348,98.47229032258065,1783.079,120.8851
2026-03-30,36.13221740722656,6866200,0.04353819594157171,0.13695231889376558,0.025627005681259085,0.38718746022892336,3.64,332.2706129032258,4.3,30.61,121.2851,4.35,50.0258064516129,104.69,156.2256317138672,630.3460693359375,-0.016268877204192123,-0.0033433906874337227,61.645161290322584,8.0,18.64516129032258,-0.02529701186348321,63.022796630859375,-0.054480122483853255,34.189998626708984,-0.036521972724656515,85.20999908447266,-0.011650474110381559,10.180000305175781,-0.023696661043679068,4.119999885559082,4.237,98.54111612903226,1783.079,121.2851
2026-03-31,37.406654357910156,8644100,0.07532605270484294,0.10992807413473282,0.009315893546048226,0.38718746022892336,3.64,332.33880645161287,4.3,25.25,121.035,4.3,49.912903225806446,102.86,161.33306884765625,648.6688842773438,0.03269269631211036,0.029067865784757174,61.32258064516129,8.0,18.322580645161292,0.05206522007562708,66.30409240722656,0.0757531516998835,36.779998779296875,0.08050699077641021,92.06999969482422,0.05500976907217425,10.739999771118164,0.07281558229804497,4.420000076293945,3.965,98.56405806451613,1783.079,121.035
2026-04-01,38.06378173828125,9651400,0.0517918476613799,0.06277800627608698,0.013863433375505219,0.38718746022892336,3.64,332.407,4.3,24.54,120.1198,4.33,49.8,101.9,164.02642822265625,653.5562744140625,0.0166944036596941,0.00753449141030349,61.0,8.0,18.0,0.016847148819242763,67.42112731933594,0.02365423533052824,37.650001525878906,0.03269253987408982,95.08000183105469,0.0363128819026175,11.130000114440918,0.02941179008981365,4.550000190734863,3.839,98.587,1783.079,120.1198
2026-04-02,37.436519622802734,9750800,0.052127732095316404,0.13563844394385471,0.01994689292859131,0.38718746022892336,3.639666666666667,332.45939999999996,4.3,23.87,120.503,4.31,49.63333333333333,113.23,163.36807250976562,654.144775390625,-0.004013717301683539,0.0009004595313388819,61.06666666666667,7.933333333333334,17.933333333333334,-0.012426018629352775,66.5833511352539,-0.008499327539316703,37.33000183105469,-0.03018513558383884,92.20999908447266,-0.026055701605677384,10.84000015258789,-0.00659345242873588,4.519999980926514,4.252,98.58861,1783.079,120.503
2026-04-06,38.013999938964844,4412100,0.033263550082878846,0.0953379289527434,0.040073387815246386,0.38718746022892336,3.6383333333333336,332.669,4.3,24.17,120.4302,4.34,48.96666666666666,114.01,164.2060089111328,657.23681640625,0.0051291319564115145,0.004726845083763864,61.333333333333336,7.666666666666667,17.666666666666668,0.00029952288319301523,66.6032943725586,0.017412206785398787,37.97999954223633,-0.013447542306486593,90.97000122070312,0.005535006005332743,10.899999618530273,0.011061989147312934,4.570000171661377,4.136,98.59505,1783.079,120.4302
2026-04-07,37.70534896850586,7226700,0.08951672618739881,0.08053858716980611,0.09585419442342058,0.38718746022892336,3.638,332.72139999999996,4.3,25.78,120.32,4.33,48.8,114.58,163.87681579589844,657.5260009765625,-0.00200475681381751,0.0004400005646272298,61.4,7.6,17.6,-0.01737033276833555,65.44637298583984,-0.02764610978714932,36.93000030517578,-0.018467629796991236,89.29000091552734,-0.008256807528742804,10.8100004196167,-0.004376363276862416,4.550000190734863,4.1,98.59666,1783.079,120.32
2026-04-08,40.22434997558594,12178200,0.0321781671176411,-0.025990149244559224,0.024504930119496615,0.38718746022892336,3.6376666666666666,332.7738,4.3,21.04,119.0596,4.29,48.63333333333333,96.17,170.02169799804688,674.27294921875,0.03749695875102699,0.02546963651219092,61.46666666666667,7.533333333333333,17.533333333333335,0.037488457642623096,67.89985656738281,0.0806931902954433,39.90999984741211,0.07850825472453815,96.30000305175781,0.0555041077247882,11.40999984741211,0.10769225287417505,5.039999961853027,3.825,98.59827,1783.079,119.0596
2026-04-09,40.03517532348633,5378000,0.010445183273795289,-0.061178862543915025,0.02735640969716857,0.38718746022892336,3.6373333333333333,332.8262,4.3,19.49,118.8998,4.29,48.46666666666666,99.62,171.76739501953125,678.162841796875,0.010267495514039826,0.005769017699185586,61.53333333333333,7.466666666666667,17.466666666666665,-0.0036721173693252673,67.65052032470703,-0.0002505217131403281,39.900001525878906,0.014226324753605413,97.66999816894531,-0.0035056934608197476,11.369999885559082,-0.02182542348154326,4.929999828338623,3.878,98.59988,1783.079,118.8998
2026-04-10,39.38800048828125,4663600,0.07937316858118204,-0.00278054120895721,0.010869582060734517,0.38718746022892336,3.637,332.8786,4.3,19.23,118.8552,4.31,48.3,98.34,171.0990447998047,677.7140502929688,-0.003891019128808293,-0.0006617754265585418,61.6,7.4,17.4,-0.00014739899419080604,67.64054870605469,-0.01002510051583505,39.5,-0.01300293505554917,96.4000015258789,-0.004397554198603659,11.319999694824219,-0.038539566701057626,4.739999771118164,3.685,98.60149,1783.079,118.8552
2026-04-13,39.278480529785156,4503200,0.06007603661707184,-0.03168564668515428,0.0007604438661314994,0.38718746022892336,3.636,333.0358,4.3,19.12,118.9916,4.3,47.8,100.72,172.30606079101562,684.3369750976562,0.0070544870231346035,0.009772447246481741,61.8,7.2,17.2,-0.011353538807969743,66.87258911132812,0.011898765081091778,39.970001220703125,-0.01244818006890358,95.19999694824219,-0.007950543729169923,11.229999542236328,0.010548563955535384,4.789999961853027,3.748,98.60632,1783.079,118.9916
2026-04-14,41.08060836791992,9146700,-0.008240478371553284,-0.07876880333288916,-0.04483762936976243,0.38718746022892336,3.635666666666667,333.0882,4.3,18.36,118.3581,4.26,47.63333333333333,93.07,172.924560546875,692.675537109375,0.0035895414997011432,0.012184877209840739,61.86666666666667,7.133333333333334,17.133333333333333,0.06935110102264375,71.5102767944336,0.06629966550536492,42.619998931884766,0.021008404034795758,97.19999694824219,0.0801425297320506,12.130000114440918,0.16910228585183318,5.599999904632568,3.659,98.60793,1783.079,118.3581
2026-04-15,41.51869583129883,7219300,-0.05635491838064688,-0.10743395942456901,-0.05683443500877494,0.38718746022892336,3.6353333333333335,333.1406,4.3,18.17,118.3623,4.29,47.46666666666666,93.04,170.75987243652344,698.1414184570312,-0.012518106759998204,0.007890969227043909,61.93333333333333,7.066666666666666,17.066666666666666,0.004044598338097893,71.79950714111328,-0.0018770065312595507,42.540000915527344,-0.030144037007902025,94.2699966430664,0.0032976060573493005,12.170000076293945,0.01071427567880967,5.659999847412109,3.78,98.60954,1783.079,118.3623
2026-04-16,40.45335006713867,6723800,-0.07088365307027522,-0.06669952661122724,-0.05242431046216445,0.38718746022892336,3.6350000000000002,333.193,4.3,17.94,118.3616,4.32,47.3,96.46,169.91195678710938,699.8569946289062,-0.0049655439379018285,0.002457347646937613,62.0,7.0,17.0,-0.029170627054465048,69.70507049560547,-0.032675114239150815,41.150001525878906,0.008061972666744133,95.02999877929688,0.008216958162927002,12.270000457763672,-0.026501700101433157,5.510000228881836,3.864,98.61115000000001,1783.079,118.3616
2026-04-17,42.51435089111328,10387600,-0.07611242541643781,-0.09227177102458328,-0.10163938927303129,0.38718746022892336,3.6346666666666665,333.24539999999996,4.3,17.48,118.0795,4.26,47.13333333333333,85.91,173.0841522216797,708.3152465820312,0.01866964217559386,0.012085686101644066,62.06666666666667,6.933333333333334,16.933333333333334,0.026183994256808285,71.53022766113281,0.10328067660768392,45.400001525878906,0.07124070671813842,101.80000305175781,0.0415647315550689,12.779999732971191,0.0653356881530116,5.869999885559082,3.493,98.61276000000001,1783.079,118.0795
2026-04-20,41.63817596435547,6547200,-0.08656141647636628,-0.08297467439436279,-0.10688674635128015,0.38718746022892336,3.6336666666666666,333.4026,4.3,18.87,118.2374,4.26,46.63333333333333,91.06,173.4731903076172,706.8988037109375,0.002247681725587647,-0.0019997351150194964,62.266666666666666,6.733333333333333,16.733333333333334,-0.007111003977341213,71.02157592773438,-0.04096917506250142,43.540000915527344,-0.028388991188724066,98.91000366210938,-0.042253519024720965,12.239999771118164,-0.020442911055977397,5.75,3.608,98.61759,1783.079,118.2374
2026-04-21,40.74208450317383,4715000,-0.07111434115150217,-0.029569788019860543,-0.02981416333802822,0.38718746022892336,3.6333333333333333,333.455,4.3,19.5,118.4331,4.3,46.46666666666666,93.64,171.0192413330078,702.2708129882812,-0.014145984000512257,-0.006546892848539487,62.333333333333336,6.666666666666667,16.666666666666668,-0.013902549592112567,70.03419494628906,-0.04800183988610229,41.45000076293945,-0.017996222250402094,97.12999725341797,-0.03839863743000349,11.770000457763672,-0.05043477597443957,5.460000038146973,3.862,98.6192,1783.079,118.4331
2026-04-22,39.17891311645508,9518200,-0.05412950487302637,0.0546378531869427,0.03634052696665613,0.38718746022892336,3.633,333.50739999999996,4.3,18.92,118.6004,4.3,46.3,94.76,170.62020874023438,709.3825073242188,-0.002333261390140562,0.01012671209511895,62.4,6.6,16.6,-0.02577606982150049,68.22898864746094,-0.016164100634749046,40.779998779296875,-0.05580148586645395,91.70999908447266,-0.022939715145514294,11.5,-0.06959709007069592,5.079999923706055,3.96,98.62081,1783.079,118.6004
2026-04-23,37.58586883544922,16710900,0.004503339622507374,0.09642389913233762,0.08238418903653844,0.38718746022892336,3.6326666666666667,333.5598,4.3,19.31,118.7155,4.34,46.13333333333333,99.27,173.64279174804688,706.6295776367188,0.01771526966312842,-0.0038807408683984024,62.46666666666667,6.533333333333333,16.533333333333335,-0.0005847090041161129,68.18909454345703,0.009318319752087634,41.15999984741211,-0.005015800774885615,91.25,0.024347802867060064,11.779999732971191,0.033464582450214664,5.25,4.075,98.62242,1783.079,118.7155
2026-04-24,39.278480529785156,9396700,-0.017490597398097107,0.04714829665429954,0.07173627301702368,0.38718746022892336,3.6323333333333334,333.6122,4.3,18.71,118.7294,4.31,45.96666666666666,98.42,172.0467071533203,712.10546875,-0.009191769947136441,0.007749309237231605,62.53333333333333,6.466666666666667,16.466666666666665,0.0011699902916650906,68.26887512207031,0.010447043410346746,41.59000015258789,0.019178082191780854,93.0,0.027164741574898343,12.100000381469727,0.003809520176478731,5.269999980926514,4.024,98.62403,1783.079,118.7294
2026-04-27,38.03391647338867,6089300,0.003926637375188946,0.04685857475801036,0.1434554589436714,0.38718746022892336,3.631333333333333,333.76939999999996,4.3,18.02,118.5458,4.35,45.46666666666666,99.89,172.08660888671875,713.332275390625,0.00023192384241843556,0.001722787837563633,62.733333333333334,6.266666666666667,16.266666666666666,-0.0036522682149068286,68.01953887939453,-0.027650914201964638,40.439998626708984,-0.01182794058194725,91.9000015258789,-0.034710749012631825,11.680000305175781,-0.0626185815750302,4.940000057220459,4.027,98.62886,1783.079,118.5458
2026-04-28,37.8447380065918,4596100,0.04472515291402246,0.03867411111495267,0.13943704576993055,0.38718746022892336,3.631,333.8218,4.3,17.83,118.7717,4.36,45.3,103.45,170.56036376953125,709.8612060546875,-0.008869052200291772,-0.004865992267119479,62.8,6.2,16.2,-0.014369426042882605,67.0421371459961,-0.016073138804518772,39.790000915527344,-0.01621325178487565,90.41000366210938,-0.0034246541787590346,11.640000343322754,0.012145737264080303,5.0,4.047,98.63047,1783.079,118.7717
2026-04-29,37.05817794799805,6829100,0.11499180767380657,0.05883919416374095,0.1539494403205739,0.38718746022892336,3.6306666666666665,333.8742,4.3,18.81,119.0975,4.42,45.13333333333333,110.47,169.512939453125,709.7515258789062,-0.006141076937556167,-0.00015450932498595193,62.86666666666667,6.133333333333334,16.133333333333333,-0.014132820747832064,66.09464263916016,-0.037195262834457066,38.310001373291016,-0.019798704159078917,88.62000274658203,-0.028350508073254344,11.3100004196167,-0.0319999694824219,4.840000152587891,4.344,98.63208,1783.079,119.0975
2026-04-30,37.755130767822266,5079400,0.0915084658099532,0.037183646700543305,0.12763707527350188,0.38718746022892336,3.630333333333333,333.9266,4.3,16.89,118.671,4.4,44.96666666666666,108.64,174.1515350341797,716.8132934570312,0.027364256652144148,0.009949633527564838,62.93333333333333,6.066666666666666,16.066666666666666,0.02595451057853393,67.81009674072266,0.020882255504649727,39.11000061035156,0.015572074144075687,90.0,0.035366896877960574,11.710000038146973,-0.037190144525003244,4.659999847412109,4.287,98.63369,1783.079,118.671
2026-05-01,38.59147644042969,10101400,0.06578959334253542,-0.006707837593228683,0.09236334535459023,0.38718746022892336,3.63,333.979,4.3,16.99,118.3926,4.39,44.8,105.38,172.53550720214844,718.7982177734375,-0.009279434899692851,0.0027690952923506984,63.0,6.0,16.0,0.014560972906743519,68.79747772216797,-0.014318623486362037,38.54999923706055,0.0279999627007379,92.5199966430664,0.011101632281590446,11.84000015258789,0.04291851773629629,4.860000133514404,4.094,98.6353,1783.079,118.3926
2026-05-04,38.18326187133789,8246400,0.04276401858911627,0.0002607519466730768,0.06571048961123283,0.38718746022892336,3.63,333.979,4.3,16.99,118.3926,4.39,44.8,105.38,170.56036376953125,716.1649780273438,-0.011447750463926543,-0.0036633921467564834,63.38709677419355,6.0,16.29032258064516,-0.006958529060907992,68.3187484741211,-0.04124514096123055,36.959999084472656,-0.026480728892523064,90.06999969482422,-0.0025337611980211783,11.8100004196167,-0.014403327106651265,4.789999961853027,4.163,98.6353,1783.079,118.8264
2026-05-05,39.537349700927734,4694100,-0.0057919939825243905,-0.059430966091011395,0.040292136247273014,0.38718746022892336,3.63,333.979,4.3,16.99,118.3926,4.39,44.8,105.38,171.9868621826172,721.9102172851562,0.008363598561583085,0.008022228723942426,63.516129032258064,6.0,16.387096774193548,0.03445250665155353,70.67250061035156,0.04193720983374494,38.5099983215332,0.039968896262003284,93.66999816894531,0.04741739593947947,12.369999885559082,0.010438453263686531,4.840000152587891,4.182,98.6353,1783.079,118.6207
2026-05-06,41.31956481933594,9236200,-0.05036145837449346,-0.04337343546834305,0.0009639320821634989,0.38718746022892336,3.63,333.979,4.3,16.99,118.3926,4.39,44.8,105.38,176.4359130859375,731.9443359375,0.025868550928013656,0.013899399692774095,63.645161290322584,6.0,16.483870967741936,0.034998541538516115,73.14593505859375,0.051934564714890774,40.5099983215332,0.06800472799297963,100.04000091552734,0.04607919968452423,12.9399995803833,0.041322273338813664,5.039999961853027,3.913,98.6353,1783.079,118.0982
2026-05-07,41.210044860839844,7481400,-0.04977040564600499,-0.014737896981254939,-0.008939396828611668,0.38718746022892336,3.63,333.979,4.3,16.99,118.3926,4.39,44.8,105.38,173.5729522705078,729.7001342773438,-0.01622663303267069,-0.0030660824190705815,63.774193548387096,6.0,16.580645161290324,-0.0031359962217013537,72.91654968261719,0.001974866313735779,40.59000015258789,-0.0033986801696678226,99.69999694824219,0.018547197262379855,13.180000305175781,0.01785717326767622,5.130000114440918,3.996,98.6353,1783.079,118.0116
2026-05-08,41.130393981933594,4938800,-0.06802227324100363,-0.0108932538657176,0.04502533183281976,0.38718746022892336,3.63,333.979,4.3,16.99,118.3926,4.39,44.8,105.38,172.77491760253906,735.724609375,-0.004597690236466279,0.00825609701116825,63.903225806451616,6.0,16.677419354838708,0.003009212417123708,73.13597106933594,0.0061591524774622375,40.84000015258789,-0.001203561894287608,99.58000183105469,0.012898336294209889,13.350000381469727,-0.003898631672582975,5.110000133514404,3.992,98.6353,1783.079,118.0392
2026-05-11,39.816131591796875,4781000,-0.040760196827611006,0.0572642456666117,0.03525881527866659,0.38718746022892336,3.63,333.979,4.3,16.99,118.3926,4.39,44.8,105.38,174.6103973388672,737.4002685546875,0.010623531249776441,0.002277563042387465,64.29032258064517,6.0,16.967741935483872,-0.029046915745939095,71.0115966796875,-0.04358469080916694,39.060001373291016,-0.029724834605792894,96.62000274658203,-0.041947595776401614,12.789999961853027,-0.029354225332332673,4.960000038146973,4.111,98.6353,1783.079,118.0562
2026-05-12,39.308349609375,5581700,-0.053951458632233384,0.10638299111218763,0.12673264982267862,0.38718746022892336,3.63,333.979,4.3,16.99,118.3926,4.39,44.8,105.38,173.92210388183594,736.2831420898438,-0.003941881282679138,-0.0015149526145865622,64.41935483870968,6.0,17.06451612903226,-0.006881986739484369,70.52289581298828,-0.008448587287565812,38.72999954223633,-0.008072928860675233,95.83999633789062,-0.007818638136668055,12.6899995803833,-0.04637097123076095,4.730000019073486,4.265,98.6353,1783.079,118.5238
2026-05-13,39.238651275634766,4796600,0.007358613409043979,0.09895970096567464,0.15880642536094802,0.38718746022892336,3.63,333.979,4.3,16.99,118.3926,4.39,44.8,105.38,173.19387817382812,740.4025268554688,-0.0041870796854123205,0.00559483781461112,64.54838709677419,6.0,17.161290322580644,0.004808419943924225,70.86199951171875,-0.00438931502593809,38.560001373291016,-0.0014607616339514795,95.69999694824219,0.0015760802541389118,12.710000038146973,-0.006342539045956719,4.699999809265137,4.117,98.6353,1783.079,118.4737
2026-05-14,39.15900421142578,4482000,0.03686741485731826,0.09204165334508563,0.17674089929001568,0.38718746022892336,3.63,333.979,4.3,16.99,118.3926,4.39,44.8,105.38,174.08169555664062,746.2474975585938,0.005126147599290087,0.0078943149045545,64.6774193548387,6.0,17.258064516129032,0.00970906190595544,71.55000305175781,-0.010373483185505572,38.15999984741211,0.003343779571876926,96.0199966430664,-0.0007868000670198105,12.699999809265137,0.03829793882564547,4.880000114440918,4.075,98.6353,1783.079,118.6696
2026-05-15,38.332611083984375,6383700,0.06129869602566074,0.11064923655522763,0.23732766863336252,0.38718746022892336,3.63,333.979,4.3,16.99,118.3926,4.39,44.8,105.38,170.9793243408203,737.2706298828125,-0.017821352244417388,-0.012029343756796207,64.80645161290323,6.0,17.35483870967742,-0.018448632264478793,70.2300033569336,-0.031970682012092855,36.939998626708984,-0.033013937510632196,92.8499984741211,-0.030708613819341757,12.3100004196167,-0.061475447479417356,4.579999923706055,4.193,98.6353,1783.079,119.2825
2026-05-18,38.19321823120117,7500200,0.10218971540801092,0.10375391912384613,0.22168285387624587,0.38718746022892336,3.63,333.979,4.3,16.99,118.3926,4.39,44.8,105.38,170.3309326171875,736.751953125,-0.0037922229844606914,-0.0007035093177317764,65.19354838709677,6.0,17.64516129032258,0.00014231106874862398,70.23999786376953,0.011369842968507848,37.36000061035156,-0.003230968522276223,92.55000305175781,0.0040616763083833884,12.359999656677246,0.0,4.579999923706055,4.191,98.6353,1783.079,119.0574
2026-05-19,37.18760681152344,4766800,0.16947803704936182,0.09424365246456179,0.2899459076199147,0.38718746022892336,3.63,333.979,4.3,16.99,118.3926,4.39,44.8,105.38,168.32586669921875,731.8446044921875,-0.011771590087368722,-0.0066607880874933745,65.3225806451613,6.0,17.741935483870968,-0.03530745733149099,67.76000213623047,-0.03078162492214387,36.209999084472656,-0.037061050157476294,89.12000274658203,-0.024271783607896613,12.0600004196167,-0.04366808135300149,4.380000114440918,4.328,98.6353,1783.079,119.451
2026-05-20,39.52739334106445,7906900,0.09093195445725089,0.04055417029495345,0.22876809193399383,0.38718746022892336,3.63,333.979,4.3,16.99,118.3926,4.39,44.8,105.38,170.31097412109375,739.3452758789062,0.011793240461504206,0.010248994582563453,65.45161290322581,6.0,17.838709677419356,0.09386069081823334,74.12000274658203,0.10052470261479018,39.849998474121094,0.09986527852554072,98.0199966430664,0.07379762509798682,12.949999809265137,0.07990865193784225,4.730000019073486,4.059,98.6353,1783.079,119.1624
2026-05-21,40.60269546508789,8050700,0.053212433621862454,0.018636659456490623,0.21691427826256393,0.38718746022892336,3.63,333.979,4.3,16.99,118.3926,4.39,44.8,105.38,170.11146545410156,740.8114624023438,-0.0011714375307978475,0.0019830877010671433,65.58064516129032,6.0,17.93548387096774,0.020642184600666802,75.6500015258789,0.03111673088951461,41.09000015258789,0.0165272679255557,99.63999938964844,0.049420876660157376,13.59000015258789,0.05919666145438951,5.010000228881836,3.999,98.6353,1783.079,119.369
2026-05-22,40.682350158691406,7028500,0.0465001424333924,0.003915746194384173,0.2521400171820243,0.38718746022892336,3.63,333.979,4.3,16.99,118.3926,4.39,44.8,105.38,171.3484344482422,743.7239990234375,0.007271520416560984,0.003931549076803931,65.70967741935483,6.0,18.032258064516128,0.006477169251634551,76.13999938964844,0.006084205380180618,41.34000015258789,0.003211558578727347,99.95999908447266,0.019131731123073203,13.850000381469727,0.007984023957211539,5.050000190734863,3.987,98.6353,1783.079,119.2868
2026-05-26,42.09617233276367,7115100,0.0014191782902421846,0.02105016293681916,0.2374046680734907,0.38718746022892336,3.63,333.979,4.3,16.99,118.3926,4.39,44.8,105.38,173.87222290039062,748.6613159179688,0.014728984599569062,0.006638641352187502,66.2258064516129,6.0,18.419354838709676,0.0426845288422979,79.38999938964844,0.05926465297282024,43.790000915527344,0.05962384092696982,105.91999816894531,0.07220216407632196,14.850000381469727,0.04554455651218836,5.28000020980835,3.392,98.6353,1783.079,119.1696
2026-05-27,43.490089416503906,8110800,-0.06433159255783827,-0.05219782774094073,0.19360526832379787,0.38718746022892336,3.63,333.979,4.3,16.99,118.3926,4.39,44.8,105.38,173.87222290039062,748.5316162109375,0.0,-0.0001732421647460125,66.35483870967742,6.0,18.516129032258064,0.03035651443050158,81.80000305175781,0.04978306142037048,45.970001220703125,0.06325533132043692,112.62000274658203,0.0047137840421584976,14.920000076293945,0.022727250149756628,5.400000095367432,3.253,98.6353,1783.079,119.1829
2026-05-28,43.12169647216797,8304100,-0.046178667657929995,0.027093192961771262,0.19661336857248357,0.38718746022892336,3.63,333.979,4.3,16.99,118.3926,4.39,44.8,105.38,173.37344360351562,752.6609497070312,-0.0028686542827530692,0.005516578600909927,66.48387096774194,6.0,18.612903225806452,0.00843514408642676,82.48999786376953,0.013487033182969288,46.59000015258789,0.02166573213021672,115.05999755859375,-0.018096545333982195,14.649999618530273,-0.0037037001061669406,5.380000114440918,3.304,98.6353,1783.079,119.0318
2026-05-29,42.76326370239258,5811200,-0.03282887009458313,0.06329585920167058,0.19661336857248357,0.38718746022892336,3.63,333.979,4.3,16.99,118.3926,4.39,44.8,105.38,172.70509338378906,754.5361328125,-0.0038549745903126986,0.0024914048034492264,66.61290322580645,6.0,18.70967741935484,-0.00012116022663066772,82.4800033569336,-0.01223437847086073,46.02000045776367,-0.0022596429024217546,114.80000305175781,-0.0006825444005384984,14.640000343322754,0.01672856391009292,5.46999979019165,3.237,98.6353,1783.079,118.8783
2026-06-01,42.5740852355957,5605300,-0.04069220300342069,0.08234860657740506,0.19661336857248357,0.38718746022892336,3.63,333.979,4.3,16.99,118.3926,4.39,44.8,105.38,171.9768829345703,756.5908203125,-0.004216496658847824,0.0027231134609038143,67.0,6.0,19.0,-0.01224541822409575,81.47000122070312,-0.032594523795728136,44.52000045776367,-0.026480843507963647,111.76000213623047,-0.020491815826472415,14.34000015258789,-0.058500860529833276,5.150000095367432,3.359,98.6353,1783.079,119.1653
2026-06-02,42.155914306640625,4321600,0.019603164261437156,0.12510904069525441,0.19661336857248357,0.38718746022892336,3.63,333.979,4.3,16.99,118.3926,4.39,44.8,105.38,173.7624969482422,757.6182250976562,0.01038287229773327,0.0013579397972762752,67.0,6.0,19.0,-0.01779801836149042,80.0199966430664,-0.013701720666653427,43.90999984741211,-0.026306392136808632,108.81999969482422,-0.02859134191418522,13.930000305175781,-0.04271849766113689,4.929999828338623,3.369,98.6353,1783.079,119.0359
2026-06-03,40.69230270385742,5819000,0.012968018071773502,0.14665420109019744,0.19661336857248357,0.38718746022892336,3.63,333.979,4.3,16.99,118.3926,4.39,44.8,105.38,173.62283325195312,752.3018798828125,-0.0008037620242684618,-0.00701718232049986,67.0,6.0,19.0,-0.015496099922380768,78.77999877929688,-0.04645868646359319,41.869998931884766,-0.03381731589318149,105.13999938964844,-0.02584354647988074,13.569999694824219,-0.032454331233927936,4.769999980926514,3.538,98.6353,1783.079,119.3848
2026-06-04,41.130393981933594,4558700,0.07681927226327079,0.16629082721098687,0.19661336857248357,0.38718746022892336,3.63,333.979,4.3,16.99,118.3926,4.39,44.8,105.38,175.7276611328125,755.1445922851562,0.012122990055144056,0.0037786857621391334,67.0,6.0,19.0,0.009266354001587374,79.51000213623047,0.019584421202355706,42.689998626708984,-0.0019021965893398773,104.94000244140625,-0.01989679514822218,13.300000190734863,0.01467508845729193,4.840000152587891,3.341,98.6353,1783.079,119.3615
2026-06-05,41.35939407348633,4886000,0.09938750891546366,0.17434021418510803,0.19661336857248357,0.38718746022892336,3.63,333.979,4.3,16.99,118.3926,4.39,44.8,105.38,173.75250244140625,735.65478515625,-0.011239884937144007,-0.025809371248925683,67.0,6.0,19.0,-0.0011319829564454542,79.41999816894531,0.003045234769201821,42.81999969482422,0.007528119850849446,105.7300033569336,0.015037579428341719,13.5,0.002066064406905266,4.849999904632568,3.25,98.6353,1783.079,120.0831
2026-06-08,40.841651916503906,5054900,0.12825999117910292,0.20979435279516156,0.19661336857248357,0.38718746022892336,3.63,333.979,4.3,16.99,118.3926,4.39,44.8,105.38,173.20387268066406,737.3204345703125,-0.00315753588025125,0.002264172608771542,67.0,6.0,19.0,-0.015235445887302856,78.20999908447266,-0.013545026167469332,42.2400016784668,-0.0038778364616639527,105.31999969482422,0.007407435664424256,13.600000381469727,-0.018556634540295103,4.760000228881836,3.29,98.6353,1783.079,120.034
2026-06-09,42.982303619384766,6423400,0.10347739211876794,0.18513886732993412,0.19661336857248357,0.38718746022892336,3.63,333.979,4.3,16.99,118.3926,4.39,44.8,105.38,175.16903686523438,735.1560668945312,0.01134595984579101,-0.0029354505508077944,67.0,6.0,19.0,0.037846811393970725,81.16999816894531,0.06841854343774112,45.130001068115234,0.04092287857085464,109.62999725341797,0.03602939392456195,14.09000015258789,0.0336134117055904,4.920000076293945,3.212,98.6353,1783.079,119.9617
2026-06-10,41.220001220703125,5444200,0.13197473230487677,0.26370690465737323,0.19661336857248357,0.38718746022892336,3.63,333.979,4.3,16.99,118.3926,4.39,44.8,105.38,169.2436065673828,723.56591796875,-0.033826927429019715,-0.015765562508027298,67.0,6.0,19.0,-0.05790312990348634,76.47000122070312,-0.0764458382735761,41.68000030517578,-0.06248288466419283,102.77999877929688,-0.0475514598323753,13.420000076293945,-0.06300811747406565,4.610000133514404,3.28,98.6353,1783.079,119.9134
2026-06-11,44.290000915527344,6346400,0.0830887385212411,0.1720478386626838,0.19661336857248357,0.38718746022892336,3.63,333.979,4.3,16.99,118.3926,4.39,44.8,105.38,174.72012329101562,735.8642578125,0.03235878054544039,0.016996847886747934,67.0,6.0,19.0,0.07009285373073104,81.83000183105469,0.11948175397728855,46.65999984741211,0.09564119427713758,112.61000061035156,0.09165421276033281,14.649999618530273,0.08026027653865064,4.980000019073486,3.171,98.6353,1783.079,120.1174
2026-06-12,45.470001220703125,6520200,0.068176784493017,0.13481409916098475,0.19661336857248357,0.38718746022892336,3.63,333.979,4.3,16.99,118.3926,4.39,44.8,105.38,175.7476043701172,739.843994140625,0.005880725469671111,0.005408247901529384,67.0,6.0,19.0,0.015031109617698712,83.05999755859375,0.014144874615740433,47.31999969482422,0.025841364150097856,115.5199966430664,0.02252559264838805,14.979999542236328,0.006024138492660258,5.010000228881836,2.974,98.6353,1783.079,119.5073
2026-06-15,46.08000183105469,6768900,0.07226557908062481,0.13481409916098475,0.19661336857248357,0.38718746022892336,3.63,333.979,4.3,16.99,118.3926,4.39,44.8,105.38,178.241455078125,752.890380859375,0.014189955629527962,0.01763396989375332,67.0,6.0,19.0,0.012159910497444582,84.06999969482422,0.03719362103932933,49.08000183105469,0.0385215088898101,119.97000122070312,0.03204275771553111,15.460000038146973,0.06986025721413669,5.360000133514404,2.847,98.6353,1783.079,119.3158
2026-06-16,47.43000030517578,11454600,0.07400375920196178,0.13481409916098475,0.19661336857248357,0.38718746022892336,3.63,333.979,4.3,16.99,118.3926,4.39,44.8,105.38,179.40859985351562,748.4019775390625,0.006548110678736618,-0.005961562844234103,67.0,6.0,19.0,-0.011062213733218806,83.13999938964844,0.0006112220492602294,49.11000061035156,-0.012169701338810235,118.51000213623047,0.016170763220125117,15.710000038146973,-0.026119466387206858,5.21999979019165,2.74,98.6353,1783.079,119.256
2026-06-17,46.65999984741211,6484300,0.11637377460207898,0.13481409916098475,0.19661336857248357,0.38718746022892336,3.63,333.979,4.3,16.99,118.3926,4.39,44.8,105.38,179.15921020507812,739.0560302734375,-0.0013900651843954392,-0.012487870885051433,67.0,6.0,19.0,-0.010704827955041463,82.25,-0.01710446227139395,48.27000045776367,-0.022614127557731734,115.83000183105469,-0.018459577412403005,15.420000076293945,-0.017241317886610097,5.130000114440918,2.815,98.6353,1783.079,119.3871
2026-06-18,47.970001220703125,11291400,0.08213463678230104,0.13481409916098475,0.19661336857248357,0.38718746022892336,3.63,333.979,4.3,16.99,118.3926,4.39,44.8,105.38,180.46600341796875,746.739990234375,0.007294033119451537,0.010396992441959574,67.0,6.0,19.0,0.023465049303049046,84.18000030517578,0.020509588862253736,49.2599983215332,0.02149700271438615,118.31999969482422,0.03696496057094789,15.989999771118164,0.10721241747138754,5.679999828338623,2.952,98.6353,1783.079,120.3958
2026-06-22,48.56999969482422,6360500,0.06238416302933936,0.13481409916098475,0.19661336857248357,0.38718746022892336,3.63,333.979,4.3,16.99,118.3926,4.39,44.8,105.38,181.8000030517578,744.3900146484375,0.007391971942213749,-0.003146979693962715,67.0,6.0,19.0,0.020669967420545943,85.91999816894531,-0.00933818717309165,48.79999923706055,0.0030426015152138497,118.68000030517578,0.005628527446914111,16.079999923706055,-0.033450715310326506,5.489999771118164,2.712,98.6353,1783.079,120.5463
2026-06-23,49.40999984741211,6106100,0.06238416302933936,0.13481409916098475,0.19661336857248357,0.38718746022892336,3.63,333.979,4.3,16.99,118.3926,4.39,44.8,105.38,178.14999389648438,733.5800170898438,-0.02007705772278945,-0.014521954010491611,67.0,6.0,19.0,0.009311022681643522,86.72000122070312,0.008401636348812414,49.209999084472656,0.024182699184378542,121.55000305175781,0.003731310088747497,16.139999389648438,0.007286054709987555,5.53000020980835,2.712,98.6353,1783.079,121.0552
2026-06-24,50.939998626708984,11216900,0.06238416302933936,0.13481409916098475,0.19661336857248357,0.38718746022892336,3.63,333.979,4.3,16.99,118.3926,4.39,44.8,105.38,180.2100067138672,733.239990234375,0.011563361706202535,-0.0004635170636431152,67.0,6.0,19.0,0.045318268563833364,90.6500015258789,0.04775456883842666,51.560001373291016,0.07396125058546432,130.5399932861328,0.0805453031951755,17.440000534057617,0.0470162282423654,5.789999961853027,2.712,98.6353,1783.079,121.412
2026-06-25,52.09000015258789,7781500,0.06238416302933936,0.13481409916098475,0.19661336857248357,0.38718746022892336,3.63,333.979,4.3,16.99,118.3926,4.39,44.8,105.38,184.1199951171875,734.2999877929688,0.021696844002278448,0.0014456352254532678,67.0,6.0,19.0,0.016105891449498255,92.11000061035156,0.033553132198566926,53.290000915527344,0.031178240643062072,134.61000061035156,0.007454080090922854,17.56999969482422,0.02245252423098676,5.920000076293945,2.712,98.6353,1783.079,121.0559
2026-06-26,51.90999984741211,10908200,0.06238416302933936,0.13481409916098475,0.19661336857248357,0.38718746022892336,3.63,333.979,4.3,16.99,118.3926,4.39,44.8,105.38,181.1999969482422,728.989990234375,-0.015859212722044713,-0.007231373616869652,67.0,6.0,19.0,0.00499401890592277,92.56999969482422,0.01069618474444689,53.86000061035156,0.011143302824445867,136.11000061035156,0.01707462433807283,17.8700008392334,0.01351350045186761,6.0,2.712,98.6353,1783.079,120.8866
2026-06-29,51.599998474121094,6395400,0.06238416302933936,0.13481409916098475,0.19661336857248357,0.38718746022892336,3.63,333.979,4.3,16.99,118.3926,4.39,44.8,105.38,182.75999450683594,741.0,0.008609258194630875,0.016474862380159383,67.0,6.0,19.0,0.006481565043741089,93.16999816894531,-0.03583364803759115,51.93000030517578,-0.006759225367862776,135.19000244140625,0.002797942625205385,17.920000076293945,-0.0616666475931803,5.630000114440918,2.712,98.6353,1783.079,120.8866
